object={
	name="asian_dynamic_forestry_objects_generator_2_0"
	clamp_to_water_level=no
	render_under_water=no
	generated_content=yes
	layer="forestry_dynamic"
	pdxmesh="generic_forestry_lumberpile_02_mesh"
	count=1220
	transform="6528.354004 0.000000 1347.108521 0.000000 0.349699 0.000000 0.936862 0.000000 0.000000 0.000000
6578.569336 0.000000 1355.114380 0.000000 0.628868 0.000000 0.777512 0.000000 0.000000 0.000000
6644.600586 0.000000 1322.354492 0.000000 0.617528 0.000000 -0.786549 0.000000 0.000000 0.000000
6627.530762 0.000000 1349.729126 0.000000 0.331747 0.000000 -0.943368 0.000000 0.000000 0.000000
6633.605957 0.000000 1336.622070 0.000000 0.404746 0.000000 -0.914429 0.000000 0.000000 0.000000
6654.018555 0.000000 1325.035767 0.000000 0.820543 0.000000 0.571585 0.000000 0.000000 0.000000
6624.344727 0.000000 1337.458252 0.000000 0.586815 0.000000 0.809721 0.000000 0.000000 0.000000
6633.927734 0.000000 1343.873901 0.000000 0.992676 0.000000 -0.120809 0.000000 0.000000 0.000000
6642.616699 0.000000 1345.193848 0.000000 0.062827 0.000000 -0.998024 0.000000 0.000000 0.000000
6628.101074 0.000000 1347.001953 0.000000 0.980477 0.000000 -0.196636 0.000000 0.000000 0.000000
6632.666504 0.000000 1345.463135 0.000000 0.892021 0.000000 -0.451994 0.000000 0.000000 0.000000
6634.718262 0.000000 1345.639648 0.000000 0.582506 0.000000 -0.812827 0.000000 0.000000 0.000000
6663.674805 0.000000 1323.086670 0.000000 0.999547 0.000000 -0.030099 0.000000 0.000000 0.000000
6674.736816 0.000000 1349.261719 0.000000 0.296865 0.000000 -0.954919 0.000000 0.000000 0.000000
6692.049805 0.000000 1335.430176 0.000000 0.790946 0.000000 0.611886 0.000000 0.000000 0.000000
6682.661621 0.000000 1320.578247 0.000000 0.715784 0.000000 0.698321 0.000000 0.000000 0.000000
6660.957031 0.000000 1345.307739 0.000000 0.613461 0.000000 -0.789725 0.000000 0.000000 0.000000
6679.828125 0.000000 1323.317383 0.000000 0.994613 0.000000 0.103657 0.000000 0.000000 0.000000
6847.683594 0.000000 1312.181030 0.000000 0.156764 0.000000 0.987636 0.000000 0.000000 0.000000
6922.048340 0.000000 1288.156616 0.000000 0.780517 0.000000 -0.625134 0.000000 0.000000 0.000000
6925.883301 0.000000 1291.152466 0.000000 0.749703 0.000000 -0.661774 0.000000 0.000000 0.000000
6923.346680 0.000000 1290.620239 0.000000 0.003236 0.000000 0.999995 0.000000 0.000000 0.000000
6957.791016 0.000000 1312.478760 0.000000 0.998673 0.000000 0.051500 0.000000 0.000000 0.000000
6964.612793 0.000000 1314.852661 0.000000 0.301724 0.000000 0.953395 0.000000 0.000000 0.000000
6388.449707 0.000000 1501.354248 0.000000 0.059659 0.000000 -0.998219 0.000000 0.000000 0.000000
6491.221680 0.000000 1401.653564 0.000000 0.932397 0.000000 0.361436 0.000000 0.000000 0.000000
6485.428223 0.000000 1387.972656 0.000000 0.902745 0.000000 -0.430175 0.000000 0.000000 0.000000
6511.844727 0.000000 1362.735474 0.000000 0.579362 0.000000 -0.815070 0.000000 0.000000 0.000000
6521.915527 0.000000 1366.339722 0.000000 0.103917 0.000000 0.994586 0.000000 0.000000 0.000000
6487.427734 0.000000 1404.620361 0.000000 0.617843 0.000000 0.786302 0.000000 0.000000 0.000000
6485.636230 0.000000 1410.127197 0.000000 0.361796 0.000000 -0.932257 0.000000 0.000000 0.000000
6495.949707 0.000000 1389.880981 0.000000 0.651513 0.000000 0.758638 0.000000 0.000000 0.000000
6501.993652 0.000000 1385.188354 0.000000 0.676487 0.000000 -0.736455 0.000000 0.000000 0.000000
6497.638184 0.000000 1402.393677 0.000000 0.393859 0.000000 0.919171 0.000000 0.000000 0.000000
6475.937012 0.000000 1388.394409 0.000000 0.790715 0.000000 -0.612184 0.000000 0.000000 0.000000
6481.114746 0.000000 1410.184814 0.000000 0.180001 0.000000 0.983666 0.000000 0.000000 0.000000
6519.430664 0.000000 1369.502075 0.000000 0.946270 0.000000 -0.323377 0.000000 0.000000 0.000000
6523.875488 0.000000 1369.831177 0.000000 0.949061 0.000000 -0.315091 0.000000 0.000000 0.000000
6490.771973 0.000000 1405.535278 0.000000 0.604588 0.000000 -0.796538 0.000000 0.000000 0.000000
6515.006836 0.000000 1364.070068 0.000000 0.697118 0.000000 -0.716956 0.000000 0.000000 0.000000
6516.612793 0.000000 1371.337036 0.000000 0.999571 0.000000 0.029297 0.000000 0.000000 0.000000
6509.457031 0.000000 1359.838501 0.000000 0.343798 0.000000 -0.939043 0.000000 0.000000 0.000000
6494.662598 0.000000 1401.815430 0.000000 0.804269 0.000000 0.594265 0.000000 0.000000 0.000000
6485.436035 0.000000 1406.922974 0.000000 0.042387 0.000000 0.999101 0.000000 0.000000 0.000000
6489.164062 0.000000 1411.484375 0.000000 0.731121 0.000000 0.682248 0.000000 0.000000 0.000000
6483.100098 0.000000 1408.371948 0.000000 0.292372 0.000000 0.956304 0.000000 0.000000 0.000000
6511.681152 0.000000 1358.526855 0.000000 0.998555 0.000000 0.053748 0.000000 0.000000 0.000000
6487.931152 0.000000 1407.342285 0.000000 0.626601 0.000000 0.779340 1.000000 1.000000 1.000000
6496.505859 0.000000 1400.282837 0.000000 0.926111 0.000000 0.377251 0.000000 0.000000 0.000000
6489.450195 0.000000 1403.321777 0.000000 0.634953 0.000000 -0.772551 0.000000 0.000000 0.000000
6526.188965 0.000000 1370.699585 0.000000 0.934764 0.000000 0.355269 0.000000 0.000000 0.000000
6483.281738 0.000000 1411.279419 0.000000 0.300654 0.000000 0.953733 0.000000 0.000000 0.000000
6487.825684 0.000000 1409.545410 0.000000 0.980727 0.000000 -0.195384 1.000000 1.000000 1.000000
6521.361328 0.000000 1368.414307 0.000000 0.944548 0.000000 0.328372 1.000000 1.000000 1.000000
6487.245605 0.000000 1411.285522 0.000000 0.086281 0.000000 -0.996271 1.000000 1.000000 1.000000
6488.941406 0.000000 1405.852661 0.000000 0.998575 0.000000 0.053366 0.000000 0.000000 0.000000
6486.371582 0.000000 1408.451050 0.000000 0.980296 0.000000 -0.197534 1.000000 1.000000 1.000000
6518.224609 0.000000 1370.803711 0.000000 0.675546 0.000000 0.737318 1.000000 1.000000 1.000000
6410.048340 0.000000 1457.609741 0.000000 0.772087 0.000000 0.635517 0.000000 0.000000 0.000000
6454.872070 0.000000 1458.443726 0.000000 0.220147 0.000000 -0.975467 0.000000 0.000000 0.000000
6458.165039 0.000000 1434.660034 0.000000 0.612751 0.000000 -0.790276 0.000000 0.000000 0.000000
6446.917969 0.000000 1433.424072 0.000000 0.850148 0.000000 0.526544 0.000000 0.000000 0.000000
6441.396484 0.000000 1425.868286 0.000000 0.035695 0.000000 -0.999363 0.000000 0.000000 0.000000
6422.690430 0.000000 1440.126343 0.000000 0.191606 0.000000 -0.981472 0.000000 0.000000 0.000000
6458.308594 0.000000 1456.708984 0.000000 0.224271 0.000000 -0.974527 0.000000 0.000000 0.000000
6450.335449 0.000000 1433.002441 0.000000 0.979317 0.000000 0.202332 0.000000 0.000000 0.000000
6455.879395 0.000000 1455.304199 0.000000 0.921948 0.000000 -0.387314 0.000000 0.000000 0.000000
6460.880859 0.000000 1435.339111 0.000000 0.864979 0.000000 0.501808 0.000000 0.000000 0.000000
6455.542480 0.000000 1435.239136 0.000000 0.946966 0.000000 0.321335 0.000000 0.000000 0.000000
6459.279297 0.000000 1437.310913 0.000000 0.832288 0.000000 -0.554343 0.000000 0.000000 0.000000
6461.359375 0.000000 1433.182983 0.000000 0.173550 0.000000 -0.984825 1.000000 1.000000 1.000000
6456.393555 0.000000 1457.236084 0.000000 0.998276 0.000000 -0.058700 0.000000 0.000000 0.000000
6452.288574 0.000000 1432.939453 0.000000 0.602600 0.000000 0.798044 0.000000 0.000000 0.000000
6492.282227 0.000000 1449.005371 0.000000 0.948140 0.000000 0.317852 0.000000 0.000000 0.000000
6525.733887 0.000000 1446.319580 0.000000 0.999817 0.000000 -0.019122 0.000000 0.000000 0.000000
6467.589355 0.000000 1424.491577 0.000000 0.832731 0.000000 0.553677 0.000000 0.000000 0.000000
6521.729980 0.000000 1452.898926 0.000000 0.776890 0.000000 -0.629637 0.000000 0.000000 0.000000
6502.270996 0.000000 1413.516357 0.000000 0.776069 0.000000 0.630648 0.000000 0.000000 0.000000
6471.650879 0.000000 1429.596802 0.000000 0.855275 0.000000 0.518175 0.000000 0.000000 0.000000
6495.273438 0.000000 1466.985840 0.000000 0.987068 0.000000 -0.160303 0.000000 0.000000 0.000000
6503.675293 0.000000 1466.883301 0.000000 0.986737 0.000000 0.162326 1.000000 1.000000 1.000000
6506.064453 0.000000 1463.433228 0.000000 0.278426 0.000000 0.960458 0.000000 0.000000 0.000000
6474.276367 0.000000 1432.716797 0.000000 0.853143 0.000000 -0.521677 0.000000 0.000000 0.000000
6482.974121 0.000000 1413.512329 0.000000 0.997470 0.000000 -0.071091 0.000000 0.000000 0.000000
6511.152344 0.000000 1457.580078 0.000000 0.907038 0.000000 0.421048 0.000000 0.000000 0.000000
6523.742676 0.000000 1449.786377 0.000000 0.207908 0.000000 0.978148 0.000000 0.000000 0.000000
6468.061523 0.000000 1428.318970 0.000000 0.477638 0.000000 0.878557 0.000000 0.000000 0.000000
6470.798828 0.000000 1426.376343 0.000000 0.981861 0.000000 -0.189600 0.000000 0.000000 0.000000
6496.693359 0.000000 1464.097656 0.000000 0.964703 0.000000 0.263342 0.000000 0.000000 0.000000
6500.314453 0.000000 1465.505249 0.000000 0.418167 0.000000 0.908370 0.000000 0.000000 0.000000
6474.422852 0.000000 1435.856934 0.000000 0.577286 0.000000 0.816542 0.000000 0.000000 0.000000
6506.622559 0.000000 1466.134399 0.000000 0.737671 0.000000 0.675160 1.000000 1.000000 1.000000
6489.025879 0.000000 1412.357300 0.000000 0.924438 0.000000 0.381333 0.000000 0.000000 0.000000
6508.424316 0.000000 1464.655396 0.000000 0.339606 0.000000 -0.940568 0.000000 0.000000 0.000000
6501.505371 0.000000 1467.796997 0.000000 0.906531 0.000000 -0.422139 0.000000 0.000000 0.000000
6484.737793 0.000000 1412.112305 0.000000 0.919603 0.000000 -0.392850 0.000000 0.000000 0.000000
6468.679688 0.000000 1426.345703 0.000000 0.011548 0.000000 -0.999933 0.000000 0.000000 0.000000
6485.078125 0.000000 1414.237061 0.000000 0.902317 0.000000 -0.431074 1.000000 1.000000 1.000000
6470.215332 0.000000 1428.262695 0.000000 0.435602 0.000000 0.900139 0.000000 0.000000 0.000000
6505.461914 0.000000 1467.708984 0.000000 0.878422 0.000000 -0.477885 0.000000 0.000000 0.000000
6498.607422 0.000000 1464.503296 0.000000 0.979264 0.000000 0.202590 0.000000 0.000000 0.000000
6470.483887 0.000000 1431.041748 0.000000 0.692611 0.000000 -0.721312 0.000000 0.000000 0.000000
6553.550293 0.000000 1367.226440 0.000000 0.359896 0.000000 0.932993 0.000000 0.000000 0.000000
6610.736816 0.000000 1462.230469 0.000000 0.597986 0.000000 0.801506 0.000000 0.000000 0.000000
6613.035156 0.000000 1452.826538 0.000000 0.614532 0.000000 0.788892 0.000000 0.000000 0.000000
6631.675293 0.000000 1466.883301 0.000000 0.239823 0.000000 0.970817 0.000000 0.000000 0.000000
6632.552734 0.000000 1464.960571 0.000000 0.993480 0.000000 -0.114010 0.000000 0.000000 0.000000
6630.249512 0.000000 1465.801636 0.000000 0.309244 0.000000 -0.950983 0.000000 0.000000 0.000000
6407.674805 0.000000 1492.539795 0.000000 0.126696 0.000000 -0.991942 0.000000 0.000000 0.000000
6430.802246 0.000000 1468.654907 0.000000 0.433841 0.000000 0.900989 0.000000 0.000000 0.000000
6433.639160 0.000000 1498.631348 0.000000 0.981622 0.000000 -0.190835 0.000000 0.000000 0.000000
6422.797363 0.000000 1469.568359 0.000000 0.704406 0.000000 0.709797 0.000000 0.000000 0.000000
6414.124512 0.000000 1497.602539 0.000000 0.297840 0.000000 -0.954616 0.000000 0.000000 0.000000
6437.443359 0.000000 1488.395752 0.000000 0.284389 0.000000 -0.958709 0.000000 0.000000 0.000000
6430.600098 0.000000 1518.297363 0.000000 0.993037 0.000000 0.117806 0.000000 0.000000 0.000000
6418.853027 0.000000 1505.201172 0.000000 0.383691 0.000000 -0.923462 0.000000 0.000000 0.000000
6423.538086 0.000000 1504.880615 0.000000 0.612133 0.000000 -0.790755 0.000000 0.000000 0.000000
6431.949707 0.000000 1502.849731 0.000000 0.999867 0.000000 0.016311 1.000000 1.000000 1.000000
6416.913574 0.000000 1501.163818 0.000000 0.980730 0.000000 0.195367 1.000000 1.000000 1.000000
6418.409180 0.000000 1497.003296 0.000000 0.732121 0.000000 0.681175 0.000000 0.000000 0.000000
6431.822266 0.000000 1494.654907 0.000000 0.211974 0.000000 -0.977275 0.000000 0.000000 0.000000
6426.844238 0.000000 1470.311279 0.000000 0.959646 0.000000 -0.281212 0.000000 0.000000 0.000000
6422.302246 0.000000 1473.647827 0.000000 0.003233 0.000000 -0.999995 0.000000 0.000000 0.000000
6430.227539 0.000000 1473.151123 0.000000 0.403754 0.000000 -0.914868 0.000000 0.000000 0.000000
6441.764648 0.000000 1496.917969 0.000000 0.593307 0.000000 0.804976 0.000000 0.000000 0.000000
6434.040527 0.000000 1486.898682 0.000000 0.228513 0.000000 -0.973541 0.000000 0.000000 0.000000
6435.650879 0.000000 1491.536133 0.000000 0.021142 0.000000 0.999776 0.000000 0.000000 0.000000
6435.373047 0.000000 1495.537109 0.000000 0.479272 0.000000 0.877667 1.000000 1.000000 1.000000
6430.089844 0.000000 1497.529053 0.000000 0.954702 0.000000 -0.297565 0.000000 0.000000 0.000000
6429.075684 0.000000 1520.993896 0.000000 0.869989 0.000000 -0.493072 0.000000 0.000000 0.000000
6430.841309 0.000000 1500.225952 0.000000 0.898951 0.000000 0.438049 0.000000 0.000000 0.000000
6438.386719 0.000000 1490.941895 0.000000 0.917269 0.000000 0.398268 0.000000 0.000000 0.000000
6419.958008 0.000000 1475.306274 0.000000 0.784340 0.000000 0.620331 0.000000 0.000000 0.000000
6414.569336 0.000000 1502.362549 0.000000 0.894098 0.000000 0.447872 0.000000 0.000000 0.000000
6416.434082 0.000000 1498.654907 0.000000 0.696796 0.000000 -0.717269 1.000000 1.000000 1.000000
6416.687988 0.000000 1503.778931 0.000000 0.768140 0.000000 0.640282 0.000000 0.000000 0.000000
6439.437012 0.000000 1495.975708 0.000000 0.748707 0.000000 0.662901 0.000000 0.000000 0.000000
6429.269531 0.000000 1470.753174 0.000000 0.582391 0.000000 0.812909 0.000000 0.000000 0.000000
6431.881836 0.000000 1471.243164 0.000000 0.310749 0.000000 0.950492 0.000000 0.000000 0.000000
6435.024414 0.000000 1489.165894 0.000000 0.705886 0.000000 -0.708325 0.000000 0.000000 0.000000
6430.667969 0.000000 1504.975098 0.000000 0.811086 0.000000 0.584927 0.000000 0.000000 0.000000
6416.405273 0.000000 1506.148804 0.000000 0.757012 0.000000 0.653401 0.000000 0.000000 0.000000
6433.651855 0.000000 1504.791260 0.000000 0.704719 0.000000 -0.709487 0.000000 0.000000 0.000000
6418.931641 0.000000 1499.919922 0.000000 0.881063 0.000000 -0.472999 0.000000 0.000000 0.000000
6428.442383 0.000000 1468.611206 0.000000 0.072408 0.000000 0.997375 0.000000 0.000000 0.000000
6414.486328 0.000000 1507.275513 0.000000 0.756315 0.000000 -0.654207 0.000000 0.000000 0.000000
6440.507812 0.000000 1493.016113 0.000000 0.535576 0.000000 -0.844487 0.000000 0.000000 0.000000
6432.249023 0.000000 1496.969482 0.000000 0.432089 0.000000 0.901831 0.000000 0.000000 0.000000
6425.637695 0.000000 1505.291138 0.000000 0.548716 0.000000 0.836009 1.000000 1.000000 1.000000
6423.051758 0.000000 1471.641602 0.000000 0.921725 0.000000 0.387844 1.000000 1.000000 1.000000
6436.267090 0.000000 1493.484497 0.000000 0.817404 0.000000 -0.576065 0.000000 0.000000 0.000000
6421.078125 0.000000 1470.721436 0.000000 0.454137 0.000000 -0.890932 0.000000 0.000000 0.000000
6433.556152 0.000000 1495.268066 0.000000 0.962775 0.000000 0.270305 1.000000 1.000000 1.000000
6441.028320 0.000000 1495.300537 0.000000 0.970972 0.000000 0.239192 0.000000 0.000000 0.000000
6509.901367 0.000000 1469.548218 0.000000 0.996176 0.000000 0.087368 0.000000 0.000000 0.000000
6473.453613 0.000000 1474.913086 0.000000 0.903938 0.000000 -0.427663 0.000000 0.000000 0.000000
6505.896973 0.000000 1468.622070 0.000000 0.442167 0.000000 0.896933 0.000000 0.000000 0.000000
6439.866699 0.000000 1566.781738 0.000000 0.019513 0.000000 0.999810 0.000000 0.000000 0.000000
6422.797363 0.000000 1526.052734 0.000000 0.776210 0.000000 0.630474 0.000000 0.000000 0.000000
6457.426758 0.000000 1542.477051 0.000000 0.296556 0.000000 -0.955016 0.000000 0.000000 0.000000
6414.146973 0.000000 1546.931641 0.000000 0.748192 0.000000 0.663483 0.000000 0.000000 0.000000
6445.060059 0.000000 1567.469971 0.000000 0.969183 0.000000 -0.246342 0.000000 0.000000 0.000000
6451.720703 0.000000 1562.949951 0.000000 0.246268 0.000000 0.969202 0.000000 0.000000 0.000000
6448.763672 0.000000 1564.884521 0.000000 0.864001 0.000000 0.503489 0.000000 0.000000 0.000000
6442.699707 0.000000 1565.456909 0.000000 0.752401 0.000000 0.658705 0.000000 0.000000 0.000000
6442.151367 0.000000 1567.589722 0.000000 0.718967 0.000000 0.695044 0.000000 0.000000 0.000000
6591.419434 0.000000 1490.465820 0.000000 0.967682 0.000000 0.252173 0.000000 0.000000 0.000000
6617.268555 0.000000 1485.002930 0.000000 0.563659 0.000000 0.826007 0.000000 0.000000 0.000000
6592.315430 0.000000 1495.019287 0.000000 0.999472 0.000000 0.032502 0.000000 0.000000 0.000000
6614.797363 0.000000 1469.568359 0.000000 0.748034 0.000000 0.663661 0.000000 0.000000 0.000000
6618.840820 0.000000 1495.298096 0.000000 0.944298 0.000000 0.329092 0.000000 0.000000 0.000000
6618.616699 0.000000 1474.803223 0.000000 0.256046 0.000000 -0.966665 0.000000 0.000000 0.000000
6622.773926 0.000000 1485.065430 0.000000 0.112127 0.000000 0.993694 0.000000 0.000000 0.000000
6618.661621 0.000000 1490.031372 0.000000 0.156813 0.000000 -0.987628 0.000000 0.000000 0.000000
6609.626465 0.000000 1473.803223 0.000000 0.994497 0.000000 -0.104765 0.000000 0.000000 0.000000
6617.550293 0.000000 1480.195190 0.000000 0.888387 0.000000 0.459094 1.000000 1.000000 1.000000
6614.003418 0.000000 1482.296143 0.000000 0.983179 0.000000 0.182646 1.000000 1.000000 1.000000
6614.596680 0.000000 1489.124878 0.000000 0.144039 0.000000 0.989572 0.000000 0.000000 0.000000
6593.602051 0.000000 1498.967041 0.000000 0.590205 0.000000 0.807253 0.000000 0.000000 0.000000
6615.828125 0.000000 1492.770508 0.000000 0.319318 0.000000 0.947648 0.000000 0.000000 0.000000
6625.456543 0.000000 1482.518677 0.000000 0.715202 0.000000 -0.698918 0.000000 0.000000 0.000000
6608.310547 0.000000 1493.388306 0.000000 0.856180 0.000000 -0.516678 0.000000 0.000000 0.000000
6620.683105 0.000000 1482.027710 0.000000 0.591285 0.000000 0.806463 1.000000 1.000000 1.000000
6620.263672 0.000000 1477.889771 0.000000 0.232552 0.000000 0.972584 1.000000 1.000000 1.000000
6621.587891 0.000000 1488.261475 0.000000 0.996057 0.000000 0.088720 0.000000 0.000000 0.000000
6616.357910 0.000000 1477.104736 0.000000 0.808279 0.000000 -0.588799 0.000000 0.000000 0.000000
6623.085938 0.000000 1476.222656 0.000000 0.626731 0.000000 0.779236 1.000000 1.000000 1.000000
6614.343750 0.000000 1485.985962 0.000000 0.730195 0.000000 0.683239 0.000000 0.000000 0.000000
6619.116211 0.000000 1487.068970 0.000000 0.999233 0.000000 -0.039150 0.000000 0.000000 0.000000
6614.909180 0.000000 1479.593628 0.000000 0.968516 0.000000 -0.248952 0.000000 0.000000 0.000000
6618.616211 0.000000 1492.676147 0.000000 0.387380 0.000000 -0.921920 0.000000 0.000000 0.000000
6618.002441 0.000000 1482.629150 0.000000 0.625035 0.000000 -0.780597 0.000000 0.000000 0.000000
6612.387207 0.000000 1495.390869 0.000000 0.082277 0.000000 0.996609 0.000000 0.000000 0.000000
6620.903809 0.000000 1475.215088 0.000000 0.869653 0.000000 0.493664 0.000000 0.000000 0.000000
6621.291992 0.000000 1479.884766 0.000000 0.946398 0.000000 0.323003 1.000000 1.000000 1.000000
6622.946777 0.000000 1481.832764 0.000000 0.772738 0.000000 0.634725 1.000000 1.000000 1.000000
6615.342285 0.000000 1484.104492 0.000000 0.826760 0.000000 -0.562555 0.000000 0.000000 0.000000
6615.989746 0.000000 1481.623535 0.000000 0.878005 0.000000 -0.478651 0.000000 0.000000 0.000000
6618.413574 0.000000 1476.865234 0.000000 0.439520 0.000000 -0.898233 1.000000 1.000000 1.000000
6620.897949 0.000000 1490.232666 0.000000 0.991255 0.000000 -0.131963 0.000000 0.000000 0.000000
6623.953125 0.000000 1474.268921 0.000000 0.053983 0.000000 -0.998542 0.000000 0.000000 0.000000
6606.324707 0.000000 1492.481689 0.000000 0.780227 0.000000 -0.625496 1.000000 1.000000 1.000000
6623.909668 0.000000 1483.561157 0.000000 0.483459 0.000000 0.875367 0.000000 0.000000 0.000000
6621.993164 0.000000 1483.391602 0.000000 0.999960 0.000000 -0.008907 1.000000 1.000000 1.000000
6622.270508 0.000000 1477.870483 0.000000 0.613888 0.000000 -0.789393 1.000000 1.000000 1.000000
6618.396484 0.000000 1478.631470 0.000000 0.282985 0.000000 -0.959124 0.000000 0.000000 0.000000
6619.871582 0.000000 1488.661255 0.000000 0.559431 0.000000 0.828877 1.000000 1.000000 1.000000
6591.419434 0.000000 1546.950195 0.000000 0.746636 0.000000 -0.665232 0.000000 0.000000 0.000000
6589.449707 0.000000 1534.564331 0.000000 0.909800 0.000000 -0.415046 0.000000 0.000000 0.000000
6587.596680 0.000000 1541.604492 0.000000 0.220377 0.000000 -0.975415 0.000000 0.000000 0.000000
6642.281250 0.000000 1568.147339 0.000000 0.856650 0.000000 -0.515899 0.000000 0.000000 0.000000
6432.264648 0.000000 1603.431030 0.000000 0.784774 0.000000 0.619783 0.000000 0.000000 0.000000
6415.347656 0.000000 1581.846558 0.000000 0.961381 0.000000 -0.275220 0.000000 0.000000 0.000000
6431.430176 0.000000 1592.334473 0.000000 0.078076 0.000000 0.996947 0.000000 0.000000 0.000000
6433.639160 0.000000 1611.600098 0.000000 0.229866 0.000000 0.973222 0.000000 0.000000 0.000000
6426.840820 0.000000 1608.266846 0.000000 0.823774 0.000000 -0.566919 0.000000 0.000000 0.000000
6437.084961 0.000000 1596.360107 0.000000 0.094936 0.000000 -0.995483 0.000000 0.000000 0.000000
6430.773926 0.000000 1598.034180 0.000000 0.496839 0.000000 -0.867843 0.000000 0.000000 0.000000
6436.590332 0.000000 1591.569214 0.000000 0.941770 0.000000 0.336257 1.000000 1.000000 1.000000
6426.548828 0.000000 1622.875610 0.000000 0.891368 0.000000 0.453281 0.000000 0.000000 0.000000
6431.949707 0.000000 1615.818481 0.000000 0.990156 0.000000 0.139968 0.000000 0.000000 0.000000
6437.993652 0.000000 1611.125854 0.000000 0.900940 0.000000 -0.433944 1.000000 1.000000 1.000000
6432.344727 0.000000 1619.880127 0.000000 0.080807 0.000000 0.996730 0.000000 0.000000 0.000000
6434.040527 0.000000 1599.867432 0.000000 0.284618 0.000000 -0.958641 0.000000 0.000000 0.000000
6436.675781 0.000000 1614.404541 0.000000 0.778750 0.000000 -0.627334 0.000000 0.000000 0.000000
6429.565918 0.000000 1624.861206 0.000000 0.999860 0.000000 0.016733 0.000000 0.000000 0.000000
6435.373047 0.000000 1608.505859 0.000000 0.674126 0.000000 0.738617 0.000000 0.000000 0.000000
6430.089844 0.000000 1610.497803 0.000000 0.869166 0.000000 0.494521 1.000000 1.000000 1.000000
6439.131348 0.000000 1616.541626 0.000000 0.737854 0.000000 0.674960 0.000000 0.000000 0.000000
6429.536621 0.000000 1621.575684 0.000000 0.924092 0.000000 -0.382170 0.000000 0.000000 0.000000
6433.860352 0.000000 1590.303711 0.000000 0.681214 0.000000 -0.732085 1.000000 1.000000 1.000000
6430.841309 0.000000 1613.194702 0.000000 0.123488 0.000000 0.992346 1.000000 1.000000 1.000000
6435.895020 0.000000 1594.076172 0.000000 0.515499 0.000000 -0.856890 0.000000 0.000000 0.000000
6434.441895 0.000000 1615.525879 0.000000 0.944913 0.000000 0.327321 0.000000 0.000000 0.000000
6433.762695 0.000000 1592.931030 0.000000 0.998417 0.000000 0.056246 0.000000 0.000000 0.000000
6426.280762 0.000000 1625.408813 0.000000 0.353786 0.000000 -0.935326 0.000000 0.000000 0.000000
6434.794434 0.000000 1619.822021 0.000000 0.244822 0.000000 -0.969568 0.000000 0.000000 0.000000
6431.885254 0.000000 1600.752563 0.000000 0.727502 0.000000 0.686106 0.000000 0.000000 0.000000
6433.651855 0.000000 1617.760010 0.000000 0.452177 0.000000 0.891928 0.000000 0.000000 0.000000
6435.886719 0.000000 1612.187012 0.000000 0.469785 0.000000 -0.882781 0.000000 0.000000 0.000000
6434.304199 0.000000 1597.662354 0.000000 0.999345 0.000000 0.036185 0.000000 0.000000 0.000000
6435.097656 0.000000 1623.662598 0.000000 0.921373 0.000000 -0.388680 0.000000 0.000000 0.000000
6433.051758 0.000000 1613.754028 0.000000 0.224462 0.000000 -0.974483 1.000000 1.000000 1.000000
6431.716309 0.000000 1622.013062 0.000000 0.643144 0.000000 0.765745 0.000000 0.000000 0.000000
6433.958496 0.000000 1621.791504 0.000000 0.999918 0.000000 -0.012797 0.000000 0.000000 0.000000
6437.000000 0.000000 1616.244019 0.000000 0.570998 0.000000 -0.820952 1.000000 1.000000 1.000000
6435.914551 0.000000 1610.321655 0.000000 0.953749 0.000000 -0.300604 0.000000 0.000000 0.000000
6432.410645 0.000000 1598.932007 0.000000 0.844895 0.000000 0.534932 1.000000 1.000000 1.000000
6430.384766 0.000000 1623.157227 0.000000 0.456158 0.000000 0.889899 0.000000 0.000000 0.000000
6431.589355 0.000000 1611.607544 0.000000 0.554610 0.000000 -0.832111 1.000000 1.000000 1.000000
6432.125000 0.000000 1590.704590 0.000000 0.607844 0.000000 0.794056 1.000000 1.000000 1.000000
6659.834473 0.000000 1355.627563 0.000000 0.134168 0.000000 0.990959 0.000000 0.000000 0.000000
6684.282227 0.000000 1449.005371 0.000000 0.846426 0.000000 0.532507 0.000000 0.000000 0.000000
6717.733887 0.000000 1446.319580 0.000000 0.059616 0.000000 0.998221 0.000000 0.000000 0.000000
6701.255371 0.000000 1466.984863 0.000000 0.475861 0.000000 0.879521 0.000000 0.000000 0.000000
6683.221680 0.000000 1458.137939 0.000000 0.968444 0.000000 -0.249230 0.000000 0.000000 0.000000
6663.693359 0.000000 1443.941895 0.000000 0.492384 0.000000 -0.870378 0.000000 0.000000 0.000000
6701.233887 0.000000 1438.006714 0.000000 0.998898 0.000000 -0.046925 0.000000 0.000000 0.000000
6656.315430 0.000000 1438.534912 0.000000 0.999999 0.000000 -0.001614 0.000000 0.000000 0.000000
6681.924805 0.000000 1465.349854 0.000000 0.999611 0.000000 0.027891 0.000000 0.000000 0.000000
6672.020996 0.000000 1456.337646 0.000000 0.387975 0.000000 0.921670 0.000000 0.000000 0.000000
6687.273438 0.000000 1466.985840 0.000000 0.854038 0.000000 -0.520211 0.000000 0.000000 0.000000
6695.675293 0.000000 1466.883301 0.000000 0.391700 0.000000 0.920093 0.000000 0.000000 0.000000
6719.097656 0.000000 1451.498535 0.000000 0.036894 0.000000 -0.999319 0.000000 0.000000 0.000000
6694.720703 0.000000 1458.843994 0.000000 0.377376 0.000000 0.926060 0.000000 0.000000 0.000000
6682.548828 0.000000 1453.422485 0.000000 0.888798 0.000000 0.458298 1.000000 1.000000 1.000000
6679.538086 0.000000 1448.396240 0.000000 0.793382 0.000000 0.608724 0.000000 0.000000 0.000000
6677.636230 0.000000 1466.611572 0.000000 0.717289 0.000000 -0.696776 0.000000 0.000000 0.000000
6676.194824 0.000000 1458.022217 0.000000 0.991967 0.000000 -0.126495 0.000000 0.000000 0.000000
6698.064453 0.000000 1463.433228 0.000000 0.828178 0.000000 0.560466 0.000000 0.000000 0.000000
6667.937012 0.000000 1444.878784 0.000000 0.826892 0.000000 -0.562361 0.000000 0.000000 0.000000
6718.018555 0.000000 1438.004517 0.000000 0.707528 0.000000 0.706686 0.000000 0.000000 0.000000
6679.759277 0.000000 1456.235229 0.000000 0.042154 0.000000 0.999111 0.000000 0.000000 0.000000
6690.997070 0.000000 1468.072754 0.000000 0.430314 0.000000 -0.902679 0.000000 0.000000 0.000000
6697.927734 0.000000 1456.842651 0.000000 0.855436 0.000000 -0.517909 0.000000 0.000000 0.000000
6685.565918 0.000000 1455.408081 0.000000 0.003548 0.000000 -0.999994 0.000000 0.000000 0.000000
6694.643555 0.000000 1463.811523 0.000000 0.891208 0.000000 -0.453595 0.000000 0.000000 0.000000
6673.116211 0.000000 1459.356934 0.000000 0.904781 0.000000 -0.425878 0.000000 0.000000 0.000000
6685.536621 0.000000 1452.122559 0.000000 0.999505 0.000000 0.031463 0.000000 0.000000 0.000000
6674.867188 0.000000 1455.073242 0.000000 0.999988 0.000000 -0.004830 0.000000 0.000000 0.000000
6679.871582 0.000000 1451.590454 0.000000 0.996919 0.000000 0.078435 0.000000 0.000000 0.000000
6671.660156 0.000000 1463.274658 0.000000 0.152458 0.000000 -0.988310 0.000000 0.000000 0.000000
6697.246582 0.000000 1460.421143 0.000000 0.268931 0.000000 0.963160 1.000000 1.000000 1.000000
6684.116211 0.000000 1467.525024 0.000000 0.451837 0.000000 0.892100 0.000000 0.000000 0.000000
6681.164062 0.000000 1467.968750 0.000000 0.587035 0.000000 0.809561 0.000000 0.000000 0.000000
6692.101074 0.000000 1459.970703 0.000000 0.416090 0.000000 -0.909323 0.000000 0.000000 0.000000
6677.228027 0.000000 1450.014526 0.000000 0.087877 0.000000 0.996131 0.000000 0.000000 0.000000
6682.516602 0.000000 1450.888306 0.000000 0.944711 0.000000 -0.327905 1.000000 1.000000 1.000000
6677.389160 0.000000 1455.335205 0.000000 0.459630 0.000000 -0.888110 1.000000 1.000000 1.000000
6694.352539 0.000000 1461.297852 0.000000 0.849063 0.000000 0.528292 0.000000 0.000000 0.000000
6719.545410 0.000000 1444.068481 0.000000 0.998374 0.000000 -0.057003 1.000000 1.000000 1.000000
6682.280762 0.000000 1455.955688 0.000000 0.718304 0.000000 0.695729 1.000000 1.000000 1.000000
6679.550293 0.000000 1453.898315 0.000000 0.986524 0.000000 0.163619 1.000000 1.000000 1.000000
6689.615234 0.000000 1466.205078 0.000000 0.681969 0.000000 -0.731381 0.000000 0.000000 0.000000
6674.130371 0.000000 1457.202637 0.000000 0.966148 0.000000 0.257990 0.000000 0.000000 0.000000
6679.825684 0.000000 1466.029785 0.000000 0.476075 0.000000 -0.879405 0.000000 0.000000 0.000000
6681.637695 0.000000 1448.806763 0.000000 0.584188 0.000000 -0.811618 0.000000 0.000000 0.000000
6696.272949 0.000000 1462.324951 0.000000 0.872359 0.000000 -0.488866 0.000000 0.000000 0.000000
6681.195312 0.000000 1457.685181 0.000000 0.961696 0.000000 -0.274118 0.000000 0.000000 0.000000
6696.666504 0.000000 1458.431885 0.000000 0.149990 0.000000 -0.988688 1.000000 1.000000 1.000000
6674.928223 0.000000 1453.014160 0.000000 0.556020 0.000000 -0.831169 1.000000 1.000000 1.000000
6701.863281 0.000000 1458.926514 0.000000 0.511560 0.000000 -0.859248 0.000000 0.000000 0.000000
6698.718262 0.000000 1458.608398 0.000000 0.061511 0.000000 -0.998106 1.000000 1.000000 1.000000
6698.572266 0.000000 1461.688232 0.000000 0.913679 0.000000 0.406437 1.000000 1.000000 1.000000
6681.175293 0.000000 1454.478882 0.000000 0.805692 0.000000 -0.592335 1.000000 1.000000 1.000000
6683.705566 0.000000 1452.148193 0.000000 0.157188 0.000000 0.987569 1.000000 1.000000 1.000000
6679.132812 0.000000 1450.058105 0.000000 0.907102 0.000000 -0.420912 0.000000 0.000000 0.000000
6678.173340 0.000000 1451.450928 0.000000 0.908194 0.000000 -0.418549 0.000000 0.000000 0.000000
6741.428223 0.000000 1444.457031 0.000000 0.543965 0.000000 0.839108 0.000000 0.000000 0.000000
6739.298340 0.000000 1430.056519 0.000000 0.906538 0.000000 0.422124 0.000000 0.000000 0.000000
6721.469238 0.000000 1466.657471 0.000000 0.593413 0.000000 -0.804899 0.000000 0.000000 0.000000
6725.002930 0.000000 1448.237427 0.000000 0.824675 0.000000 0.565607 0.000000 0.000000 0.000000
6720.073242 0.000000 1450.670898 0.000000 0.865222 0.000000 0.501389 0.000000 0.000000 0.000000
6723.605469 0.000000 1435.385986 0.000000 0.896251 0.000000 -0.443548 0.000000 0.000000 0.000000
6721.602051 0.000000 1442.482666 0.000000 0.541827 0.000000 -0.840490 1.000000 1.000000 1.000000
6727.290527 0.000000 1454.954468 0.000000 0.497720 0.000000 0.867338 0.000000 0.000000 0.000000
6724.219238 0.000000 1444.743530 0.000000 0.689783 0.000000 -0.724016 0.000000 0.000000 0.000000
6720.205078 0.000000 1434.528076 0.000000 0.379559 0.000000 0.925167 0.000000 0.000000 0.000000
6726.113770 0.000000 1451.067871 0.000000 0.999774 0.000000 0.021277 0.000000 0.000000 0.000000
6722.892090 0.000000 1450.310669 0.000000 0.380120 0.000000 -0.924937 0.000000 0.000000 0.000000
6741.175293 0.000000 1447.327393 0.000000 0.998787 0.000000 0.049238 0.000000 0.000000 0.000000
6720.956543 0.000000 1453.229248 0.000000 0.900564 0.000000 -0.434722 0.000000 0.000000 0.000000
6723.928711 0.000000 1442.241333 0.000000 0.439486 0.000000 0.898249 1.000000 1.000000 1.000000
6721.439453 0.000000 1436.488770 0.000000 0.912928 0.000000 0.408121 1.000000 1.000000 1.000000
6720.010254 0.000000 1440.795654 0.000000 0.095759 0.000000 0.995405 0.000000 0.000000 0.000000
6721.729980 0.000000 1444.701660 0.000000 0.936846 0.000000 0.349742 1.000000 1.000000 1.000000
6727.299805 0.000000 1452.847534 0.000000 0.968419 0.000000 0.249330 0.000000 0.000000 0.000000
6722.331055 0.000000 1452.055176 0.000000 0.833035 0.000000 -0.553221 1.000000 1.000000 1.000000
6724.253418 0.000000 1451.475220 0.000000 0.661684 0.000000 -0.749783 1.000000 1.000000 1.000000
6725.526367 0.000000 1453.175293 0.000000 0.488353 0.000000 0.872646 1.000000 1.000000 1.000000
6830.271484 0.000000 1392.913452 0.000000 0.998496 0.000000 0.054821 0.000000 0.000000 0.000000
6825.605957 0.000000 1393.106445 0.000000 0.328538 0.000000 -0.944491 0.000000 0.000000 0.000000
6836.392090 0.000000 1404.011719 0.000000 0.417565 0.000000 -0.908647 1.000000 1.000000 1.000000
6826.452148 0.000000 1390.559082 0.000000 0.883446 0.000000 -0.468533 0.000000 0.000000 0.000000
6834.714844 0.000000 1406.097900 0.000000 0.964692 0.000000 -0.263382 0.000000 0.000000 0.000000
6836.959961 0.000000 1405.684082 0.000000 0.857446 0.000000 0.514574 1.000000 1.000000 1.000000
6838.803711 0.000000 1414.175537 0.000000 0.999794 0.000000 0.020297 0.000000 0.000000 0.000000
6835.915527 0.000000 1424.150635 0.000000 0.742463 0.000000 -0.669888 0.000000 0.000000 0.000000
6829.791016 0.000000 1425.447510 0.000000 0.906706 0.000000 -0.421764 0.000000 0.000000 0.000000
6878.802246 0.000000 1412.170532 0.000000 0.742846 0.000000 -0.669462 0.000000 0.000000 0.000000
6869.428223 0.000000 1444.457031 0.000000 0.449785 0.000000 -0.893137 0.000000 0.000000 0.000000
6855.650879 0.000000 1429.596802 0.000000 0.987687 0.000000 -0.156441 0.000000 0.000000 0.000000
6688.264648 0.000000 1490.462280 0.000000 0.306041 0.000000 0.952018 0.000000 0.000000 0.000000
6687.430176 0.000000 1479.365723 0.000000 0.270125 0.000000 0.962825 0.000000 0.000000 0.000000
6695.866699 0.000000 1510.297363 0.000000 0.621858 0.000000 -0.783130 0.000000 0.000000 0.000000
6701.901367 0.000000 1469.548218 0.000000 0.710782 0.000000 0.703413 0.000000 0.000000 0.000000
6681.268555 0.000000 1485.002930 0.000000 0.138494 0.000000 -0.990363 0.000000 0.000000 0.000000
6694.270996 0.000000 1470.000732 0.000000 0.999825 0.000000 0.018684 0.000000 0.000000 0.000000
6678.797363 0.000000 1469.568359 0.000000 0.999701 0.000000 -0.024466 0.000000 0.000000 0.000000
6714.133789 0.000000 1496.058228 0.000000 0.973382 0.000000 -0.229190 0.000000 0.000000 0.000000
6693.084961 0.000000 1483.391357 0.000000 0.915705 0.000000 0.401851 0.000000 0.000000 0.000000
6688.909180 0.000000 1510.837036 0.000000 0.407044 0.000000 0.913409 0.000000 0.000000 0.000000
6682.616699 0.000000 1474.803223 0.000000 0.297022 0.000000 0.954871 0.000000 0.000000 0.000000
6675.298340 0.000000 1486.540894 0.000000 0.067461 0.000000 0.997722 0.000000 0.000000 0.000000
6701.791016 0.000000 1481.931885 0.000000 0.194778 0.000000 0.980847 0.000000 0.000000 0.000000
6686.773926 0.000000 1485.065430 0.000000 0.322794 0.000000 -0.946469 0.000000 0.000000 0.000000
6719.291016 0.000000 1468.998779 0.000000 0.788078 0.000000 -0.615575 0.000000 0.000000 0.000000
6681.550293 0.000000 1480.195190 0.000000 0.802976 0.000000 -0.596011 0.000000 0.000000 0.000000
6698.133789 0.000000 1472.731079 0.000000 0.700975 0.000000 0.713186 0.000000 0.000000 0.000000
6718.127441 0.000000 1486.033691 0.000000 0.192486 0.000000 -0.981300 0.000000 0.000000 0.000000
6697.396484 0.000000 1482.352661 0.000000 0.304618 0.000000 -0.952475 1.000000 1.000000 1.000000
6682.844238 0.000000 1470.311279 0.000000 0.282560 0.000000 -0.959249 0.000000 0.000000 0.000000
6678.003418 0.000000 1482.296143 0.000000 0.998064 0.000000 -0.062203 0.000000 0.000000 0.000000
6686.227539 0.000000 1473.151123 0.000000 0.117938 0.000000 -0.993021 0.000000 0.000000 0.000000
6715.875488 0.000000 1482.799927 0.000000 0.979907 0.000000 0.199453 0.000000 0.000000 0.000000
6717.449707 0.000000 1478.079956 0.000000 0.913450 0.000000 -0.406950 0.000000 0.000000 0.000000
6690.139648 0.000000 1470.320068 0.000000 0.986636 0.000000 -0.162941 0.000000 0.000000 0.000000
6684.683105 0.000000 1482.027710 0.000000 0.801389 0.000000 0.598143 0.000000 0.000000 0.000000
6704.763672 0.000000 1508.400146 0.000000 0.474360 0.000000 -0.880331 0.000000 0.000000 0.000000
6673.983398 0.000000 1489.962036 0.000000 0.887366 0.000000 -0.461066 0.000000 0.000000 0.000000
6692.675781 0.000000 1501.435791 0.000000 0.517401 0.000000 0.855743 0.000000 0.000000 0.000000
6684.263672 0.000000 1477.889771 0.000000 0.063526 0.000000 -0.997980 0.000000 0.000000 0.000000
6685.587891 0.000000 1488.261475 0.000000 0.993192 0.000000 0.116489 0.000000 0.000000 0.000000
6695.553711 0.000000 1485.796021 0.000000 0.863497 0.000000 -0.504353 0.000000 0.000000 0.000000
6687.085938 0.000000 1476.222656 0.000000 0.962956 0.000000 0.269657 0.000000 0.000000 0.000000
6678.343750 0.000000 1485.985962 0.000000 0.539468 0.000000 -0.842006 1.000000 1.000000 1.000000
6699.550781 0.000000 1475.393555 0.000000 0.024668 0.000000 -0.999696 1.000000 1.000000 1.000000
6676.109863 0.000000 1480.283447 0.000000 0.435905 0.000000 0.899993 0.000000 0.000000 0.000000
6717.258301 0.000000 1480.608032 0.000000 0.874342 0.000000 -0.485310 0.000000 0.000000 0.000000
6719.450684 0.000000 1476.523071 0.000000 0.423715 0.000000 -0.905796 0.000000 0.000000 0.000000
6682.002441 0.000000 1482.629150 0.000000 0.038470 0.000000 -0.999260 1.000000 1.000000 1.000000
6692.534668 0.000000 1485.771851 0.000000 0.810471 0.000000 0.585779 0.000000 0.000000 0.000000
6692.142090 0.000000 1468.688965 0.000000 0.335884 0.000000 0.941903 0.000000 0.000000 0.000000
6696.628906 0.000000 1474.734009 0.000000 0.970887 0.000000 -0.239540 0.000000 0.000000 0.000000
6681.025879 0.000000 1468.841675 0.000000 0.558618 0.000000 -0.829425 0.000000 0.000000 0.000000
6687.885254 0.000000 1487.783813 0.000000 0.760507 0.000000 0.649330 0.000000 0.000000 0.000000
6718.188965 0.000000 1483.668335 0.000000 0.283550 0.000000 -0.958958 1.000000 1.000000 1.000000
6684.442383 0.000000 1468.611206 0.000000 0.901055 0.000000 -0.433704 0.000000 0.000000 0.000000
6695.451172 0.000000 1483.589233 0.000000 0.739824 0.000000 -0.672800 1.000000 1.000000 1.000000
6699.536621 0.000000 1482.156860 0.000000 0.289233 0.000000 -0.957259 1.000000 1.000000 1.000000
6679.342285 0.000000 1484.104492 0.000000 0.595708 0.000000 0.803201 1.000000 1.000000 1.000000
6683.430664 0.000000 1480.621460 0.000000 0.379555 0.000000 -0.925169 0.000000 0.000000 0.000000
6676.110352 0.000000 1482.231567 0.000000 0.749258 0.000000 -0.662278 1.000000 1.000000 1.000000
6699.779785 0.000000 1473.575195 0.000000 0.559540 0.000000 0.828803 0.000000 0.000000 0.000000
6687.070801 0.000000 1489.250977 0.000000 0.735117 0.000000 0.677940 1.000000 1.000000 1.000000
6761.423340 0.000000 1501.015991 0.000000 0.122340 0.000000 0.992488 0.000000 0.000000 0.000000
6722.164551 0.000000 1487.965332 0.000000 0.830299 0.000000 -0.557319 0.000000 0.000000 0.000000
6734.124512 0.000000 1497.602539 0.000000 0.321813 0.000000 0.946803 0.000000 0.000000 0.000000
6758.465332 0.000000 1493.691528 0.000000 0.771443 0.000000 0.636299 0.000000 0.000000 0.000000
6746.616699 0.000000 1474.803223 0.000000 0.830199 0.000000 -0.557467 0.000000 0.000000 0.000000
6721.476562 0.000000 1475.052490 0.000000 0.997309 0.000000 0.073314 0.000000 0.000000 0.000000
6727.650879 0.000000 1486.081177 0.000000 0.330165 0.000000 0.943923 0.000000 0.000000 0.000000
6767.365234 0.000000 1499.397339 0.000000 0.261166 0.000000 -0.965294 0.000000 0.000000 0.000000
6723.605469 0.000000 1491.870361 0.000000 0.898868 0.000000 -0.438219 0.000000 0.000000 0.000000
6723.856934 0.000000 1518.665649 0.000000 0.091860 0.000000 0.995772 0.000000 0.000000 0.000000
6720.173340 0.000000 1470.418335 0.000000 0.997284 0.000000 0.073646 0.000000 0.000000 0.000000
6720.110840 0.000000 1478.958252 0.000000 0.963272 0.000000 0.268528 0.000000 0.000000 0.000000
6720.522461 0.000000 1484.295776 0.000000 0.609428 0.000000 0.792841 0.000000 0.000000 0.000000
6769.158691 0.000000 1503.222168 0.000000 0.299301 0.000000 -0.954159 0.000000 0.000000 0.000000
6754.040527 0.000000 1486.898682 0.000000 0.953829 0.000000 0.300352 0.000000 0.000000 0.000000
6725.963867 0.000000 1489.292725 0.000000 0.324136 0.000000 -0.946010 0.000000 0.000000 0.000000
6720.226074 0.000000 1519.910767 0.000000 0.203685 0.000000 0.979037 0.000000 0.000000 0.000000
6720.205078 0.000000 1491.012451 0.000000 0.952420 0.000000 0.304790 1.000000 1.000000 1.000000
6764.084473 0.000000 1499.337524 0.000000 0.487949 0.000000 -0.872872 0.000000 0.000000 0.000000
6720.974121 0.000000 1481.301514 0.000000 0.376819 0.000000 0.926287 0.000000 0.000000 0.000000
6724.637695 0.000000 1487.166504 0.000000 0.799815 0.000000 -0.600246 0.000000 0.000000 0.000000
6767.221680 0.000000 1501.892334 0.000000 0.926848 0.000000 0.375436 0.000000 0.000000 0.000000
6723.661133 0.000000 1489.667358 0.000000 0.318701 0.000000 0.947855 1.000000 1.000000 1.000000
6720.060059 0.000000 1476.841919 0.000000 0.861292 0.000000 0.508110 0.000000 0.000000 0.000000
6665.453613 0.000000 1531.397461 0.000000 0.910483 0.000000 0.413546 0.000000 0.000000 0.000000
6695.675293 0.000000 1579.852051 0.000000 0.668183 0.000000 -0.743997 0.000000 0.000000 0.000000
6693.443359 0.000000 1544.880127 0.000000 0.937347 0.000000 0.348398 0.000000 0.000000 0.000000
6698.064453 0.000000 1576.401978 0.000000 0.929156 0.000000 0.369689 0.000000 0.000000 0.000000
6668.652344 0.000000 1550.505005 0.000000 0.781288 0.000000 0.624170 0.000000 0.000000 0.000000
6711.010742 0.000000 1580.031006 0.000000 0.641291 0.000000 0.767298 0.000000 0.000000 0.000000
6687.085938 0.000000 1532.707031 0.000000 0.976534 0.000000 -0.215362 0.000000 0.000000 0.000000
6689.860352 0.000000 1533.819336 0.000000 0.978884 0.000000 0.204419 0.000000 0.000000 0.000000
6698.622559 0.000000 1579.103149 0.000000 0.951049 0.000000 0.309040 0.000000 0.000000 0.000000
6742.797363 0.000000 1526.052734 0.000000 0.444841 0.000000 -0.895610 0.000000 0.000000 0.000000
6746.616699 0.000000 1531.287598 0.000000 0.803914 0.000000 -0.594746 0.000000 0.000000 0.000000
6756.049805 0.000000 1561.367676 0.000000 0.124493 0.000000 0.992220 0.000000 0.000000 0.000000
6750.773926 0.000000 1541.549805 0.000000 0.629021 0.000000 -0.777389 0.000000 0.000000 0.000000
6757.993652 0.000000 1554.641479 0.000000 0.433603 0.000000 -0.901104 1.000000 1.000000 1.000000
6725.348633 0.000000 1533.519897 0.000000 0.194799 0.000000 0.980843 0.000000 0.000000 0.000000
6742.302246 0.000000 1530.132202 0.000000 0.326083 0.000000 -0.945341 0.000000 0.000000 0.000000
6720.110840 0.000000 1535.442627 0.000000 0.130383 0.000000 0.991464 0.000000 0.000000 0.000000
6756.675781 0.000000 1557.920166 0.000000 0.881400 0.000000 -0.472371 0.000000 0.000000 0.000000
6755.373047 0.000000 1552.021484 0.000000 0.456866 0.000000 0.889535 0.000000 0.000000 0.000000
6759.131348 0.000000 1560.057251 0.000000 0.206429 0.000000 0.978462 0.000000 0.000000 0.000000
6744.982910 0.000000 1528.952026 0.000000 0.987481 0.000000 0.157736 1.000000 1.000000 1.000000
6758.985352 0.000000 1556.942505 0.000000 0.396656 0.000000 0.917968 0.000000 0.000000 0.000000
6743.051758 0.000000 1528.125977 0.000000 0.613185 0.000000 -0.789940 1.000000 1.000000 1.000000
6757.382812 0.000000 1552.660156 0.000000 0.469628 0.000000 0.882864 0.000000 0.000000 0.000000
6759.873535 0.000000 1561.865601 0.000000 0.268237 0.000000 -0.963353 0.000000 0.000000 0.000000
6760.804199 0.000000 1559.202393 0.000000 0.865526 0.000000 -0.500865 1.000000 1.000000 1.000000
6758.209961 0.000000 1558.578003 0.000000 0.262855 0.000000 -0.964835 1.000000 1.000000 1.000000
6815.430176 0.000000 1479.365723 0.000000 0.314332 0.000000 -0.949313 0.000000 0.000000 0.000000
6822.270996 0.000000 1470.000732 0.000000 0.759992 0.000000 0.649932 0.000000 0.000000 0.000000
6841.426758 0.000000 1485.992676 0.000000 0.244568 0.000000 -0.969632 0.000000 0.000000 0.000000
6837.757812 0.000000 1487.958496 0.000000 0.384168 0.000000 0.923263 0.000000 0.000000 0.000000
6825.896973 0.000000 1468.622070 0.000000 0.476092 0.000000 0.879395 0.000000 0.000000 0.000000
6836.612793 0.000000 1484.305786 0.000000 0.748412 0.000000 0.663234 0.000000 0.000000 0.000000
6838.928223 0.000000 1485.478760 0.000000 0.491276 0.000000 -0.871004 0.000000 0.000000 0.000000
6880.264648 0.000000 1490.462280 0.000000 0.775574 0.000000 0.631257 0.000000 0.000000 0.000000
6885.084961 0.000000 1483.391357 0.000000 0.648834 0.000000 -0.760930 0.000000 0.000000 0.000000
6874.616699 0.000000 1474.803223 0.000000 0.650701 0.000000 -0.759334 0.000000 0.000000 0.000000
6865.626465 0.000000 1473.803223 0.000000 0.681087 0.000000 0.732202 0.000000 0.000000 0.000000
6857.889160 0.000000 1523.858765 0.000000 0.952994 0.000000 -0.302991 0.000000 0.000000 0.000000
6876.263672 0.000000 1477.889771 0.000000 0.840763 0.000000 0.541404 0.000000 0.000000 0.000000
6872.357910 0.000000 1477.104736 0.000000 0.715940 0.000000 0.698161 0.000000 0.000000 0.000000
6879.085938 0.000000 1476.222656 0.000000 0.934837 0.000000 -0.355078 0.000000 0.000000 0.000000
6883.895020 0.000000 1481.107422 0.000000 0.260729 0.000000 0.965412 0.000000 0.000000 0.000000
6867.922852 0.000000 1472.393188 0.000000 0.018399 0.000000 -0.999831 0.000000 0.000000 0.000000
6881.762695 0.000000 1479.962280 0.000000 0.882136 0.000000 -0.470995 1.000000 1.000000 1.000000
6877.291992 0.000000 1479.884766 0.000000 0.039587 0.000000 0.999216 1.000000 1.000000 1.000000
6878.946777 0.000000 1481.832764 0.000000 0.902055 0.000000 -0.431621 0.000000 0.000000 0.000000
6874.413574 0.000000 1476.865234 0.000000 0.213925 0.000000 -0.976850 0.000000 0.000000 0.000000
6848.173340 0.000000 1526.902710 0.000000 0.920852 0.000000 0.389913 0.000000 0.000000 0.000000
7123.921875 0.000000 1436.434814 0.000000 0.291266 0.000000 0.956642 0.000000 0.000000 0.000000
7161.915527 0.000000 1422.824097 0.000000 0.359124 0.000000 0.933290 0.000000 0.000000 0.000000
7159.430664 0.000000 1425.986450 0.000000 0.916826 0.000000 0.399287 0.000000 0.000000 0.000000
7150.165527 0.000000 1429.651611 0.000000 0.440275 0.000000 0.897863 0.000000 0.000000 0.000000
7153.098145 0.000000 1426.485352 0.000000 0.242094 0.000000 0.970253 0.000000 0.000000 0.000000
7158.469238 0.000000 1422.263428 0.000000 0.886250 0.000000 0.463207 0.000000 0.000000 0.000000
6717.524414 0.000000 1587.075928 0.000000 0.158167 0.000000 0.987412 0.000000 0.000000 0.000000
7271.866699 0.000000 1340.844238 0.000000 0.772901 0.000000 -0.634527 0.000000 0.000000 0.000000
7259.221680 0.000000 1345.169189 0.000000 0.957824 0.000000 -0.287356 0.000000 0.000000 0.000000
7258.840820 0.000000 1325.844971 0.000000 0.986164 0.000000 -0.165772 0.000000 0.000000 0.000000
7295.097656 0.000000 1338.529785 0.000000 0.859493 0.000000 -0.511147 0.000000 0.000000 0.000000
7282.569336 0.000000 1355.114380 0.000000 0.710067 0.000000 -0.704134 1.000000 1.000000 1.000000
7250.853027 0.000000 1335.748047 0.000000 0.917540 0.000000 0.397643 0.000000 0.000000 0.000000
7294.112305 0.000000 1343.059326 0.000000 0.859896 0.000000 -0.510469 0.000000 0.000000 0.000000
7273.605957 0.000000 1336.622070 0.000000 0.907458 0.000000 -0.420142 0.000000 0.000000 0.000000
7254.690430 0.000000 1327.157593 0.000000 0.935899 0.000000 -0.352268 0.000000 0.000000 0.000000
7273.764648 0.000000 1327.464844 0.000000 0.347840 0.000000 0.937554 0.000000 0.000000 0.000000
7290.308594 0.000000 1343.740234 0.000000 0.380135 0.000000 0.924931 0.000000 0.000000 0.000000
7273.246582 0.000000 1347.452393 0.000000 0.779930 0.000000 0.625867 0.000000 0.000000 0.000000
7292.718750 0.000000 1340.372070 0.000000 0.623398 0.000000 0.781905 1.000000 1.000000 1.000000
7260.116211 0.000000 1354.556274 0.000000 0.923029 0.000000 0.384730 0.000000 0.000000 0.000000
7270.352539 0.000000 1348.329102 0.000000 0.738376 0.000000 0.674389 0.000000 0.000000 0.000000
7284.503418 0.000000 1353.558228 0.000000 0.021859 0.000000 0.999761 0.000000 0.000000 0.000000
7248.687988 0.000000 1334.325806 0.000000 0.698207 0.000000 0.715896 0.000000 0.000000 0.000000
7282.714844 0.000000 1349.613525 0.000000 0.858209 0.000000 0.513300 0.000000 0.000000 0.000000
7289.397461 0.000000 1337.290894 0.000000 0.947895 0.000000 -0.318583 0.000000 0.000000 0.000000
7272.632324 0.000000 1338.775757 0.000000 0.939489 0.000000 0.342580 0.000000 0.000000 0.000000
7295.035645 0.000000 1340.748779 0.000000 0.489497 0.000000 0.872005 1.000000 1.000000 1.000000
7291.060547 0.000000 1341.732910 0.000000 0.868201 0.000000 0.496213 0.000000 0.000000 0.000000
7283.450195 0.000000 1351.979858 0.000000 0.653158 0.000000 -0.757222 1.000000 1.000000 1.000000
7346.281250 0.000000 1342.209839 0.000000 0.967517 0.000000 0.252806 0.000000 0.000000 0.000000
7347.915527 0.000000 1311.181885 0.000000 0.228589 0.000000 0.973523 0.000000 0.000000 0.000000
7310.146973 0.000000 1320.994141 0.000000 0.987606 0.000000 0.156955 0.000000 0.000000 0.000000
7353.915527 0.000000 1309.855347 0.000000 0.931958 0.000000 -0.362567 0.000000 0.000000 0.000000
7312.020996 0.000000 1343.368896 0.000000 0.893376 0.000000 -0.449310 0.000000 0.000000 0.000000
7345.916504 0.000000 1316.930664 0.000000 0.740921 0.000000 0.671592 0.000000 0.000000 0.000000
7326.773926 0.000000 1315.612305 0.000000 0.632869 0.000000 0.774259 0.000000 0.000000 0.000000
7297.469238 0.000000 1353.688721 0.000000 0.415855 0.000000 0.909431 0.000000 0.000000 0.000000
7323.974121 0.000000 1330.870117 0.000000 0.904652 0.000000 0.426151 0.000000 0.000000 0.000000
7326.600098 0.000000 1348.844238 0.000000 0.153430 0.000000 0.988160 1.000000 1.000000 1.000000
7350.117188 0.000000 1306.161987 0.000000 0.049689 0.000000 0.998765 0.000000 0.000000 0.000000
7300.957031 0.000000 1345.307739 0.000000 0.226353 0.000000 0.974045 0.000000 0.000000 0.000000
7347.521484 0.000000 1327.149536 0.000000 0.993736 0.000000 0.111751 0.000000 0.000000 0.000000
7322.548828 0.000000 1340.453735 0.000000 0.943384 0.000000 0.331702 1.000000 1.000000 1.000000
7300.861816 0.000000 1327.095215 0.000000 0.581568 0.000000 -0.813498 0.000000 0.000000 0.000000
7309.883301 0.000000 1347.636841 0.000000 0.413556 0.000000 -0.910479 0.000000 0.000000 0.000000
7314.853027 0.000000 1335.748047 0.000000 0.872519 0.000000 -0.488580 1.000000 1.000000 1.000000
7358.112305 0.000000 1343.059326 0.000000 0.993958 0.000000 -0.109764 0.000000 0.000000 0.000000
7346.317383 0.000000 1302.331787 0.000000 0.810777 0.000000 -0.585356 0.000000 0.000000 0.000000
7319.538086 0.000000 1335.427490 0.000000 0.767331 0.000000 -0.641251 1.000000 1.000000 1.000000
7316.194824 0.000000 1345.053467 0.000000 0.999574 0.000000 -0.029194 0.000000 0.000000 0.000000
7333.993652 0.000000 1328.703979 0.000000 0.643342 0.000000 -0.765579 0.000000 0.000000 0.000000
7305.424316 0.000000 1327.014404 0.000000 0.745828 0.000000 -0.666138 1.000000 1.000000 1.000000
7314.409180 0.000000 1327.550171 0.000000 0.552367 0.000000 -0.833601 1.000000 1.000000 1.000000
7338.064453 0.000000 1350.464478 0.000000 0.102755 0.000000 -0.994707 0.000000 0.000000 0.000000
7327.822266 0.000000 1325.201782 0.000000 0.873777 0.000000 -0.486327 0.000000 0.000000 0.000000
7357.935547 0.000000 1329.170654 0.000000 0.973230 0.000000 -0.229834 0.000000 0.000000 0.000000
7309.646484 0.000000 1339.886841 0.000000 0.996731 0.000000 -0.080790 1.000000 1.000000 1.000000
7313.114746 0.000000 1353.700439 0.000000 0.058340 0.000000 -0.998297 0.000000 0.000000 0.000000
7318.596680 0.000000 1319.671753 0.000000 0.899040 0.000000 0.437866 0.000000 0.000000 0.000000
7299.856934 0.000000 1349.212524 0.000000 0.014069 0.000000 0.999901 1.000000 1.000000 1.000000
7319.759277 0.000000 1343.266479 0.000000 0.908820 0.000000 0.417188 0.000000 0.000000 0.000000
7308.652344 0.000000 1324.567505 0.000000 0.618637 0.000000 0.785677 0.000000 0.000000 0.000000
7330.997070 0.000000 1355.104004 0.000000 0.747263 0.000000 -0.664528 0.000000 0.000000 0.000000
7303.290527 0.000000 1341.985718 0.000000 0.613052 0.000000 -0.790042 1.000000 1.000000 1.000000
7337.927734 0.000000 1343.873901 0.000000 0.997919 0.000000 0.064483 0.000000 0.000000 0.000000
7351.010742 0.000000 1354.093506 0.000000 0.655367 0.000000 0.755310 0.000000 0.000000 0.000000
7313.216309 0.000000 1339.021851 0.000000 0.362088 0.000000 0.932144 1.000000 1.000000 1.000000
7355.742676 0.000000 1336.817627 0.000000 0.398779 0.000000 0.917047 0.000000 0.000000 0.000000
7305.808105 0.000000 1334.846191 0.000000 0.964190 0.000000 0.265214 0.000000 0.000000 0.000000
7350.755859 0.000000 1325.236084 0.000000 0.095640 0.000000 -0.995416 0.000000 0.000000 0.000000
7311.712891 0.000000 1317.754761 0.000000 0.219907 0.000000 -0.975521 0.000000 0.000000 0.000000
7325.565918 0.000000 1342.439331 0.000000 0.050393 0.000000 -0.998729 1.000000 1.000000 1.000000
7325.234863 0.000000 1322.849365 0.000000 0.462735 0.000000 -0.886497 0.000000 0.000000 0.000000
7296.226074 0.000000 1350.457642 0.000000 0.739496 0.000000 -0.673160 0.000000 0.000000 0.000000
7300.219238 0.000000 1331.774780 0.000000 0.964556 0.000000 -0.263878 0.000000 0.000000 0.000000
7325.587891 0.000000 1318.808350 0.000000 0.279909 0.000000 -0.960027 1.000000 1.000000 1.000000
7306.749023 0.000000 1341.333496 0.000000 0.784038 0.000000 -0.620713 1.000000 1.000000 1.000000
7334.643555 0.000000 1350.842773 0.000000 0.161016 0.000000 -0.986952 0.000000 0.000000 0.000000
7313.116211 0.000000 1346.388184 0.000000 0.176183 0.000000 -0.984357 0.000000 0.000000 0.000000
7354.815430 0.000000 1306.709717 0.000000 0.297956 0.000000 -0.954580 1.000000 1.000000 1.000000
7325.536621 0.000000 1339.153809 0.000000 0.983536 0.000000 -0.180713 0.000000 0.000000 0.000000
7322.132812 0.000000 1333.592407 0.000000 0.535318 0.000000 0.844650 0.000000 0.000000 0.000000
7311.660156 0.000000 1350.305908 0.000000 0.776755 0.000000 -0.629803 0.000000 0.000000 0.000000
7328.693359 0.000000 1351.128906 0.000000 0.439567 0.000000 0.898210 1.000000 1.000000 1.000000
7325.075684 0.000000 1351.540771 0.000000 0.196862 0.000000 -0.980431 0.000000 0.000000 0.000000
7326.662598 0.000000 1345.331055 0.000000 0.959138 0.000000 0.282940 0.000000 0.000000 0.000000
7318.343750 0.000000 1316.532837 0.000000 0.968663 0.000000 -0.248380 0.000000 0.000000 0.000000
7302.113770 0.000000 1338.099121 0.000000 0.978738 0.000000 -0.205115 0.000000 0.000000 0.000000
7337.246582 0.000000 1347.452393 0.000000 0.319267 0.000000 0.947665 0.000000 0.000000 0.000000
7324.116211 0.000000 1354.556274 0.000000 0.989451 0.000000 0.144868 1.000000 1.000000 1.000000
7307.713867 0.000000 1337.143799 0.000000 0.515405 0.000000 0.856947 1.000000 1.000000 1.000000
7348.969238 0.000000 1303.498535 0.000000 0.999993 0.000000 0.003685 0.000000 0.000000 0.000000
7312.764160 0.000000 1315.092651 0.000000 0.741891 0.000000 -0.670521 0.000000 0.000000 0.000000
7307.443359 0.000000 1329.127686 0.000000 0.960395 0.000000 -0.278643 0.000000 0.000000 0.000000
7323.116211 0.000000 1317.615845 0.000000 0.887843 0.000000 -0.460146 0.000000 0.000000 0.000000
7358.830566 0.000000 1346.375732 0.000000 0.330148 0.000000 -0.943929 0.000000 0.000000 0.000000
7306.422852 0.000000 1322.888184 0.000000 0.258941 0.000000 -0.965893 0.000000 0.000000 0.000000
7321.164062 0.000000 1355.000000 0.000000 0.982674 0.000000 0.185341 0.000000 0.000000 0.000000
7317.228027 0.000000 1337.045776 0.000000 0.311625 0.000000 -0.950205 1.000000 1.000000 1.000000
7299.898438 0.000000 1351.897217 0.000000 0.758735 0.000000 0.651399 0.000000 0.000000 0.000000
7308.244629 0.000000 1349.757202 0.000000 0.437554 0.000000 -0.899192 0.000000 0.000000 0.000000
7315.100098 0.000000 1351.887573 0.000000 0.458673 0.000000 0.888605 0.000000 0.000000 0.000000
7318.697754 0.000000 1345.659302 0.000000 0.999773 0.000000 0.021322 0.000000 0.000000 0.000000
7346.542480 0.000000 1304.939209 0.000000 0.072427 0.000000 -0.997374 0.000000 0.000000 0.000000
7316.724609 0.000000 1328.841064 0.000000 0.988397 0.000000 -0.151892 1.000000 1.000000 1.000000
7317.175293 0.000000 1334.358643 0.000000 0.892076 0.000000 0.451884 1.000000 1.000000 1.000000
7303.173340 0.000000 1328.347290 0.000000 0.812789 0.000000 -0.582558 1.000000 1.000000 1.000000
7315.875488 0.000000 1314.589478 0.000000 0.976234 0.000000 0.216718 0.000000 0.000000 0.000000
7343.560547 0.000000 1341.904297 0.000000 0.558171 0.000000 0.829726 0.000000 0.000000 0.000000
7352.357422 0.000000 1307.487549 0.000000 0.659836 0.000000 -0.751409 1.000000 1.000000 1.000000
7319.654785 0.000000 1332.796143 0.000000 0.880224 0.000000 0.474558 1.000000 1.000000 1.000000
7317.389160 0.000000 1342.366455 0.000000 0.865468 0.000000 -0.500965 0.000000 0.000000 0.000000
7303.626953 0.000000 1345.490845 0.000000 0.548723 0.000000 -0.836004 0.000000 0.000000 0.000000
7329.210938 0.000000 1348.583496 0.000000 0.726474 0.000000 -0.687194 1.000000 1.000000 1.000000
7354.085938 0.000000 1346.299194 0.000000 0.902263 0.000000 0.431185 0.000000 0.000000 0.000000
7334.352539 0.000000 1348.329102 0.000000 0.657160 0.000000 -0.753751 0.000000 0.000000 0.000000
7315.150879 0.000000 1332.902222 0.000000 0.776044 0.000000 -0.630678 1.000000 1.000000 1.000000
7312.687988 0.000000 1334.325806 0.000000 0.380529 0.000000 -0.924769 0.000000 0.000000 0.000000
7298.854492 0.000000 1346.687622 0.000000 0.603622 0.000000 0.797271 0.000000 0.000000 0.000000
7324.691406 0.000000 1347.232910 0.000000 0.657829 0.000000 0.753167 0.000000 0.000000 0.000000
7356.546387 0.000000 1327.080322 0.000000 0.712771 0.000000 0.701396 0.000000 0.000000 0.000000
7312.405273 0.000000 1336.695679 0.000000 0.983854 0.000000 0.178974 0.000000 0.000000 0.000000
7322.280762 0.000000 1342.986938 0.000000 0.872362 0.000000 0.488861 0.000000 0.000000 0.000000
7325.193848 0.000000 1325.351807 0.000000 0.984804 0.000000 -0.173670 0.000000 0.000000 0.000000
7327.885254 0.000000 1318.330688 0.000000 0.688710 0.000000 -0.725037 1.000000 1.000000 1.000000
7311.784668 0.000000 1340.963257 0.000000 0.002741 0.000000 0.999996 0.000000 0.000000 0.000000
7307.910645 0.000000 1326.823608 0.000000 0.992640 0.000000 -0.121099 1.000000 1.000000 1.000000
7315.281738 0.000000 1354.795044 0.000000 0.985409 0.000000 0.170203 1.000000 1.000000 1.000000
7329.615234 0.000000 1353.236328 0.000000 0.651735 0.000000 0.758447 1.000000 1.000000 1.000000
7314.931641 0.000000 1330.466797 0.000000 0.589886 0.000000 0.807487 0.000000 0.000000 0.000000
7305.306152 0.000000 1324.815186 0.000000 0.354943 0.000000 0.934888 0.000000 0.000000 0.000000
7319.825684 0.000000 1353.061035 0.000000 0.563974 0.000000 0.825793 0.000000 0.000000 0.000000
7336.632324 0.000000 1338.775757 0.000000 0.538982 0.000000 0.842317 0.000000 0.000000 0.000000
7338.151367 0.000000 1341.652222 0.000000 0.984036 0.000000 -0.177971 0.000000 0.000000 0.000000
7315.258789 0.000000 1338.034180 0.000000 0.453752 0.000000 -0.891128 1.000000 1.000000 1.000000
7358.808594 0.000000 1327.168091 0.000000 0.138916 0.000000 0.990304 0.000000 0.000000 0.000000
7307.567871 0.000000 1339.293945 0.000000 0.777092 0.000000 -0.629386 1.000000 1.000000 1.000000
7305.114258 0.000000 1329.254395 0.000000 0.459677 0.000000 0.888086 1.000000 1.000000 1.000000
7301.188477 0.000000 1341.880737 0.000000 0.984566 0.000000 0.175016 0.000000 0.000000 0.000000
7321.637695 0.000000 1335.838013 0.000000 0.066458 0.000000 -0.997789 1.000000 1.000000 1.000000
7336.272949 0.000000 1349.356201 0.000000 0.624955 0.000000 -0.780661 1.000000 1.000000 1.000000
7328.929688 0.000000 1355.618164 0.000000 0.026331 0.000000 0.999653 1.000000 1.000000 1.000000
7336.552734 0.000000 1351.991821 0.000000 0.934764 0.000000 0.355269 0.000000 0.000000 0.000000
7303.299805 0.000000 1339.878784 0.000000 0.203065 0.000000 0.979165 0.000000 0.000000 0.000000
7311.977051 0.000000 1348.207764 0.000000 0.813598 0.000000 0.581428 0.000000 0.000000 0.000000
7318.645996 0.000000 1329.806396 0.000000 0.751187 0.000000 -0.660089 0.000000 0.000000 0.000000
7297.798828 0.000000 1349.079712 0.000000 0.955764 0.000000 -0.294134 0.000000 0.000000 0.000000
7301.887695 0.000000 1329.969238 0.000000 0.915474 0.000000 0.402378 0.000000 0.000000 0.000000
7356.194824 0.000000 1334.729736 0.000000 0.204639 0.000000 0.978838 1.000000 1.000000 1.000000
7327.859863 0.000000 1346.974121 0.000000 0.266787 0.000000 0.963756 1.000000 1.000000 1.000000
7302.227051 0.000000 1343.715576 0.000000 0.683237 0.000000 -0.730196 1.000000 1.000000 1.000000
7301.476562 0.000000 1350.418823 0.000000 0.132059 0.000000 0.991242 0.000000 0.000000 0.000000
7307.119141 0.000000 1352.759766 0.000000 0.914208 0.000000 -0.405246 0.000000 0.000000 0.000000
7325.062500 0.000000 1316.816895 0.000000 0.883681 0.000000 0.468089 0.000000 0.000000 0.000000
7310.008789 0.000000 1318.885742 0.000000 0.999820 0.000000 -0.018982 0.000000 0.000000 0.000000
7307.577637 0.000000 1343.161743 0.000000 0.469805 0.000000 -0.882770 1.000000 1.000000 1.000000
7305.185059 0.000000 1342.675781 0.000000 0.667616 0.000000 -0.744506 1.000000 1.000000 1.000000
7311.814941 0.000000 1319.772583 0.000000 0.342111 0.000000 0.939659 0.000000 0.000000 0.000000
7330.607422 0.000000 1351.534546 0.000000 0.858263 0.000000 0.513209 1.000000 1.000000 1.000000
7326.899414 0.000000 1352.002441 0.000000 0.523111 0.000000 0.852265 1.000000 1.000000 1.000000
7324.971191 0.000000 1344.453369 0.000000 0.998065 0.000000 -0.062180 1.000000 1.000000 1.000000
7319.245605 0.000000 1354.801147 0.000000 0.329337 0.000000 0.944212 1.000000 1.000000 1.000000
7352.590820 0.000000 1353.051270 0.000000 0.638447 0.000000 -0.769666 0.000000 0.000000 0.000000
7305.040527 0.000000 1340.665161 0.000000 0.996222 0.000000 -0.086839 1.000000 1.000000 1.000000
7325.530273 0.000000 1353.314087 0.000000 0.946485 0.000000 -0.322746 0.000000 0.000000 0.000000
7345.177734 0.000000 1340.753906 0.000000 0.893272 0.000000 0.449517 1.000000 1.000000 1.000000
7305.975098 0.000000 1336.652710 0.000000 0.096019 0.000000 -0.995380 1.000000 1.000000 1.000000
7343.226074 0.000000 1340.084839 0.000000 0.324178 0.000000 -0.945996 0.000000 0.000000 0.000000
7309.842285 0.000000 1350.618408 0.000000 0.616231 0.000000 0.787566 1.000000 1.000000 1.000000
7323.848633 0.000000 1352.799805 0.000000 0.488048 0.000000 0.872817 0.000000 0.000000 0.000000
7321.175293 0.000000 1341.510132 0.000000 0.458756 0.000000 0.888562 0.000000 0.000000 0.000000
7313.241211 0.000000 1316.771973 0.000000 0.166321 0.000000 -0.986072 1.000000 1.000000 1.000000
7326.555664 0.000000 1321.478149 0.000000 0.909056 0.000000 0.416674 0.000000 0.000000 0.000000
7323.705566 0.000000 1339.179443 0.000000 0.623318 0.000000 0.781969 0.000000 0.000000 0.000000
7307.004883 0.000000 1324.960571 0.000000 0.587976 0.000000 0.808879 1.000000 1.000000 1.000000
7308.623047 0.000000 1322.772217 0.000000 0.934330 0.000000 -0.356409 0.000000 0.000000 0.000000
7308.416504 0.000000 1341.058594 0.000000 0.237321 0.000000 -0.971431 1.000000 1.000000 1.000000
7327.070801 0.000000 1319.797852 0.000000 0.434776 0.000000 0.900539 1.000000 1.000000 1.000000
7421.733887 0.000000 1333.350830 0.000000 0.203390 0.000000 0.979098 0.000000 0.000000 0.000000
7360.290527 0.000000 1333.505737 0.000000 0.965916 0.000000 -0.258857 0.000000 0.000000 0.000000
7412.449707 0.000000 1331.901123 0.000000 0.170102 0.000000 -0.985427 0.000000 0.000000 0.000000
7363.716309 0.000000 1340.246826 0.000000 0.271808 0.000000 0.962352 0.000000 0.000000 0.000000
7373.066406 0.000000 1352.356812 0.000000 0.586486 0.000000 0.809959 0.000000 0.000000 0.000000
7367.650879 0.000000 1316.628052 0.000000 0.907972 0.000000 0.419031 0.000000 0.000000 0.000000
7369.163574 0.000000 1338.441406 0.000000 0.654796 0.000000 0.755805 0.000000 0.000000 0.000000
7390.600098 0.000000 1348.844238 0.000000 0.067451 0.000000 -0.997723 0.000000 0.000000 0.000000
7364.957031 0.000000 1345.307739 0.000000 0.862365 0.000000 0.506287 0.000000 0.000000 0.000000
7373.883301 0.000000 1347.636841 0.000000 0.826987 0.000000 -0.562222 0.000000 0.000000 0.000000
7402.064453 0.000000 1350.464478 0.000000 0.745021 0.000000 0.667041 0.000000 0.000000 0.000000
7377.114746 0.000000 1353.700439 0.000000 0.179677 0.000000 0.983726 0.000000 0.000000 0.000000
7360.390625 0.000000 1342.690796 0.000000 0.825682 0.000000 -0.564136 0.000000 0.000000 0.000000
7394.997070 0.000000 1355.104004 0.000000 0.186786 0.000000 0.982401 1.000000 1.000000 1.000000
7367.290527 0.000000 1341.985718 0.000000 0.064044 0.000000 0.997947 1.000000 1.000000 1.000000
7386.771973 0.000000 1349.050903 0.000000 0.998978 0.000000 -0.045188 0.000000 0.000000 0.000000
7370.749023 0.000000 1341.333496 0.000000 0.973044 0.000000 -0.230619 0.000000 0.000000 0.000000
7375.660156 0.000000 1350.305908 0.000000 0.012151 0.000000 0.999926 1.000000 1.000000 1.000000
7392.693359 0.000000 1351.128906 0.000000 0.351473 0.000000 -0.936198 0.000000 0.000000 0.000000
7373.152832 0.000000 1344.371704 0.000000 0.984753 0.000000 0.173959 0.000000 0.000000 0.000000
7396.314453 0.000000 1352.536499 0.000000 0.837707 0.000000 0.546120 0.000000 0.000000 0.000000
7418.988770 0.000000 1332.774658 0.000000 0.995458 0.000000 0.095197 0.000000 0.000000 0.000000
7413.008789 0.000000 1343.362427 0.000000 0.814630 0.000000 -0.579980 0.000000 0.000000 0.000000
7363.167969 0.000000 1343.093262 0.000000 0.311948 0.000000 0.950099 1.000000 1.000000 1.000000
7402.622559 0.000000 1353.165649 0.000000 0.949377 0.000000 0.314140 1.000000 1.000000 1.000000
7372.244629 0.000000 1349.757202 0.000000 0.595453 0.000000 0.803390 0.000000 0.000000 0.000000
7379.100098 0.000000 1351.887573 0.000000 0.992844 0.000000 0.119418 1.000000 1.000000 1.000000
7420.605469 0.000000 1331.067261 0.000000 0.931819 0.000000 -0.362923 0.000000 0.000000 0.000000
7361.278809 0.000000 1345.015869 0.000000 0.994488 0.000000 -0.104846 1.000000 1.000000 1.000000
7392.929688 0.000000 1355.618164 0.000000 0.694092 0.000000 -0.719886 0.000000 0.000000 0.000000
7375.977051 0.000000 1348.207764 0.000000 0.477179 0.000000 -0.878806 0.000000 0.000000 0.000000
7366.227051 0.000000 1343.715576 0.000000 0.151185 0.000000 -0.988506 0.000000 0.000000 0.000000
7401.461914 0.000000 1354.740234 0.000000 0.946888 0.000000 0.321564 0.000000 0.000000 0.000000
7377.040527 0.000000 1351.676147 0.000000 0.328362 0.000000 -0.944552 1.000000 1.000000 1.000000
7394.607422 0.000000 1351.534546 0.000000 0.922194 0.000000 0.386728 0.000000 0.000000 0.000000
7369.040527 0.000000 1340.665161 0.000000 0.932392 0.000000 0.361449 1.000000 1.000000 1.000000
7363.196289 0.000000 1344.891113 0.000000 0.709521 0.000000 -0.704684 1.000000 1.000000 1.000000
7459.530762 0.000000 1293.244751 0.000000 0.516936 0.000000 -0.856024 0.000000 0.000000 0.000000
7484.270508 0.000000 1290.990112 0.000000 0.544248 0.000000 -0.838924 0.000000 0.000000 0.000000
7462.720703 0.000000 1289.390869 0.000000 0.802724 0.000000 -0.596350 0.000000 0.000000 0.000000
7481.614258 0.000000 1295.037354 0.000000 0.973223 0.000000 -0.229863 0.000000 0.000000 0.000000
7465.927734 0.000000 1287.389526 0.000000 0.412044 0.000000 0.911164 0.000000 0.000000 0.000000
7479.010742 0.000000 1297.609131 0.000000 0.274630 0.000000 0.961550 0.000000 0.000000 0.000000
7480.579102 0.000000 1291.818604 0.000000 0.919167 0.000000 -0.393868 0.000000 0.000000 0.000000
7465.246582 0.000000 1290.968018 0.000000 0.554981 0.000000 0.831863 0.000000 0.000000 0.000000
7481.560059 0.000000 1293.300293 0.000000 0.772951 0.000000 0.634466 1.000000 1.000000 1.000000
7502.189453 0.000000 1279.099976 0.000000 0.640551 0.000000 0.767916 0.000000 0.000000 0.000000
7515.221680 0.000000 1288.684814 0.000000 0.163484 0.000000 -0.986546 0.000000 0.000000 0.000000
7497.163574 0.000000 1281.957031 0.000000 0.160362 0.000000 0.987058 0.000000 0.000000 0.000000
7489.469238 0.000000 1297.204346 0.000000 0.000843 0.000000 -1.000000 0.000000 0.000000 0.000000
7506.853027 0.000000 1279.263672 0.000000 0.663546 0.000000 0.748135 0.000000 0.000000 0.000000
7488.073242 0.000000 1281.217773 0.000000 0.984486 0.000000 -0.175462 0.000000 0.000000 0.000000
7505.116211 0.000000 1289.903809 0.000000 0.783733 0.000000 0.621097 0.000000 0.000000 0.000000
7499.713867 0.000000 1280.659424 0.000000 0.941216 0.000000 -0.337807 0.000000 0.000000 0.000000
7454.802246 0.000000 1299.201782 0.000000 0.394167 0.000000 -0.919039 0.000000 0.000000 0.000000
7437.066406 0.000000 1352.356812 0.000000 0.043262 0.000000 0.999064 0.000000 0.000000 0.000000
7469.791016 0.000000 1312.478760 0.000000 0.848271 0.000000 0.529563 0.000000 0.000000 0.000000
7438.716309 0.000000 1308.874268 0.000000 0.671820 0.000000 0.740714 0.000000 0.000000 0.000000
7428.861816 0.000000 1327.095215 0.000000 0.179966 0.000000 0.983673 0.000000 0.000000 0.000000
7441.653320 0.000000 1307.609985 0.000000 0.627000 0.000000 -0.779020 0.000000 0.000000 0.000000
7464.221680 0.000000 1319.583862 0.000000 0.999202 0.000000 0.039933 0.000000 0.000000 0.000000
7212.186523 0.000000 1403.333252 0.000000 0.579319 0.000000 -0.815101 0.000000 0.000000 0.000000
7207.675293 0.000000 1410.398926 0.000000 0.787727 0.000000 0.616024 0.000000 0.000000 0.000000
7231.097656 0.000000 1395.014160 0.000000 0.754197 0.000000 0.656648 0.000000 0.000000 0.000000
7230.612305 0.000000 1407.265259 0.000000 0.380833 0.000000 0.924644 0.000000 0.000000 0.000000
7215.152344 0.000000 1401.095703 0.000000 0.413865 0.000000 0.910338 0.000000 0.000000 0.000000
7250.736816 0.000000 1405.746094 0.000000 0.353753 0.000000 -0.935339 0.000000 0.000000 0.000000
7262.802246 0.000000 1355.686157 0.000000 0.991028 0.000000 -0.133655 0.000000 0.000000 0.000000
7251.921875 0.000000 1379.950439 0.000000 0.391971 0.000000 -0.919977 0.000000 0.000000 0.000000
7283.915527 0.000000 1367.666260 0.000000 0.576676 0.000000 -0.816973 0.000000 0.000000 0.000000
7263.430176 0.000000 1366.396973 0.000000 0.720160 0.000000 0.693807 0.000000 0.000000 0.000000
7284.449707 0.000000 1388.385498 0.000000 0.446688 0.000000 -0.894690 0.000000 0.000000 0.000000
7295.419434 0.000000 1377.497070 0.000000 0.411072 0.000000 -0.911603 0.000000 0.000000 0.000000
7238.599121 0.000000 1408.725952 0.000000 0.910933 0.000000 0.412554 0.000000 0.000000 0.000000
7239.693359 0.000000 1387.457520 0.000000 0.994231 0.000000 0.107257 0.000000 0.000000 0.000000
7277.233887 0.000000 1381.522339 0.000000 0.206273 0.000000 -0.978494 0.000000 0.000000 0.000000
7269.084961 0.000000 1370.422607 0.000000 0.583231 0.000000 0.812306 0.000000 0.000000 0.000000
7270.465332 0.000000 1380.722778 0.000000 0.576617 0.000000 -0.817014 0.000000 0.000000 0.000000
7268.049805 0.000000 1391.914551 0.000000 0.886325 0.000000 -0.463064 0.000000 0.000000 0.000000
7277.791016 0.000000 1368.963135 0.000000 0.979539 0.000000 0.201252 0.000000 0.000000 0.000000
7277.060059 0.000000 1398.016846 0.000000 0.819210 0.000000 -0.573494 0.000000 0.000000 0.000000
7283.720703 0.000000 1393.496826 0.000000 0.916449 0.000000 -0.400150 0.000000 0.000000 0.000000
7288.634766 0.000000 1391.413574 0.000000 0.390765 0.000000 -0.920491 0.000000 0.000000 0.000000
7286.117188 0.000000 1362.646362 0.000000 0.076596 0.000000 -0.997062 1.000000 1.000000 1.000000
7236.957031 0.000000 1401.792114 0.000000 0.705153 0.000000 -0.709055 0.000000 0.000000 0.000000
7290.165039 0.000000 1378.175659 0.000000 0.813765 0.000000 0.581194 0.000000 0.000000 0.000000
7268.590332 0.000000 1365.631714 0.000000 0.927228 0.000000 0.374497 0.000000 0.000000 0.000000
7283.521484 0.000000 1383.633911 0.000000 0.655363 0.000000 -0.755314 0.000000 0.000000 0.000000
7245.883301 0.000000 1404.121216 0.000000 0.189807 0.000000 0.981821 0.000000 0.000000 0.000000
7273.605957 0.000000 1393.106445 0.000000 0.857688 0.000000 0.514170 1.000000 1.000000 1.000000
7274.133789 0.000000 1359.762329 0.000000 0.887974 0.000000 -0.459894 0.000000 0.000000 0.000000
7273.396484 0.000000 1369.383911 0.000000 0.500803 0.000000 0.865561 0.000000 0.000000 0.000000
7269.993652 0.000000 1385.188354 0.000000 0.813456 0.000000 -0.581626 0.000000 0.000000 0.000000
7241.597656 0.000000 1405.500488 0.000000 0.986648 0.000000 -0.162867 1.000000 1.000000 1.000000
7288.851562 0.000000 1387.237427 0.000000 0.942385 0.000000 0.334529 0.000000 0.000000 0.000000
7293.935547 0.000000 1385.655029 0.000000 0.917309 0.000000 -0.398177 1.000000 1.000000 1.000000
7254.003418 0.000000 1369.327393 0.000000 0.997560 0.000000 0.069816 0.000000 0.000000 0.000000
7274.157715 0.000000 1378.461304 0.000000 0.870964 0.000000 -0.491348 0.000000 0.000000 0.000000
7235.856934 0.000000 1405.696899 0.000000 0.290804 0.000000 -0.956783 1.000000 1.000000 1.000000
7287.430664 0.000000 1369.502075 0.000000 0.935346 0.000000 -0.353734 0.000000 0.000000 0.000000
7273.764648 0.000000 1383.949219 0.000000 0.756159 0.000000 0.654388 1.000000 1.000000 1.000000
7291.875488 0.000000 1369.831177 0.000000 0.746152 0.000000 0.665776 0.000000 0.000000 0.000000
7289.786621 0.000000 1360.149780 0.000000 0.789712 0.000000 0.613478 0.000000 0.000000 0.000000
7281.158691 0.000000 1390.253418 0.000000 0.962213 0.000000 0.272299 0.000000 0.000000 0.000000
7280.887695 0.000000 1380.500488 0.000000 0.388414 0.000000 0.921485 0.000000 0.000000 0.000000
7293.449707 0.000000 1365.111206 0.000000 0.045295 0.000000 -0.998974 1.000000 1.000000 1.000000
7276.877441 0.000000 1389.411987 0.000000 0.870641 0.000000 -0.491920 1.000000 1.000000 1.000000
7286.755859 0.000000 1381.720459 0.000000 0.865385 0.000000 0.501108 0.000000 0.000000 0.000000
7268.675781 0.000000 1388.467041 0.000000 0.685765 0.000000 -0.727823 0.000000 0.000000 0.000000
7232.226074 0.000000 1406.942017 0.000000 0.758519 0.000000 -0.651651 0.000000 0.000000 0.000000
7286.496094 0.000000 1384.933838 0.000000 0.107315 0.000000 -0.994225 1.000000 1.000000 1.000000
7271.131348 0.000000 1390.604126 0.000000 0.937169 0.000000 -0.348876 0.000000 0.000000 0.000000
7286.469238 0.000000 1365.779053 0.000000 0.760425 0.000000 -0.649426 1.000000 1.000000 1.000000
7276.084473 0.000000 1386.368774 0.000000 0.347472 0.000000 -0.937690 0.000000 0.000000 0.000000
7271.443848 0.000000 1366.914429 0.000000 0.206800 0.000000 -0.978383 1.000000 1.000000 1.000000
7274.699707 0.000000 1396.003784 0.000000 0.527511 0.000000 -0.849548 0.000000 0.000000 0.000000
7270.737793 0.000000 1394.102905 0.000000 0.999972 0.000000 0.007509 0.000000 0.000000 0.000000
7238.656738 0.000000 1404.442749 0.000000 0.929183 0.000000 0.369621 0.000000 0.000000 0.000000
7280.015137 0.000000 1383.406494 0.000000 0.955214 0.000000 -0.295916 0.000000 0.000000 0.000000
7292.365723 0.000000 1358.352661 0.000000 0.089114 0.000000 0.996021 0.000000 0.000000 0.000000
7275.534668 0.000000 1371.614746 0.000000 0.547932 0.000000 -0.836523 0.000000 0.000000 0.000000
7282.278320 0.000000 1386.333862 0.000000 0.058500 0.000000 -0.998287 1.000000 1.000000 1.000000
7284.340820 0.000000 1355.961060 0.000000 0.799794 0.000000 -0.600275 0.000000 0.000000 0.000000
7281.495117 0.000000 1355.725098 0.000000 0.472309 0.000000 0.881433 0.000000 0.000000 0.000000
7292.880859 0.000000 1378.854736 0.000000 0.460070 0.000000 -0.887883 1.000000 1.000000 1.000000
7291.206543 0.000000 1385.605713 0.000000 0.275246 0.000000 -0.961374 1.000000 1.000000 1.000000
7274.478516 0.000000 1381.362061 0.000000 0.985714 0.000000 0.168429 0.000000 0.000000 0.000000
7274.452148 0.000000 1390.559082 0.000000 0.049167 0.000000 0.998791 1.000000 1.000000 1.000000
7287.542480 0.000000 1378.754761 0.000000 0.977823 0.000000 -0.209433 0.000000 0.000000 0.000000
7276.193359 0.000000 1376.569580 0.000000 0.970635 0.000000 0.240557 0.000000 0.000000 0.000000
7277.602051 0.000000 1395.549927 0.000000 0.271645 0.000000 -0.962398 0.000000 0.000000 0.000000
7283.409180 0.000000 1381.111206 0.000000 0.852457 0.000000 -0.522797 1.000000 1.000000 1.000000
7293.258301 0.000000 1367.639282 0.000000 0.460051 0.000000 0.887892 1.000000 1.000000 1.000000
7277.452148 0.000000 1384.194824 0.000000 0.142592 0.000000 0.989782 0.000000 0.000000 0.000000
7291.279297 0.000000 1380.826538 0.000000 0.199682 0.000000 0.979861 1.000000 1.000000 1.000000
7239.626953 0.000000 1401.975220 0.000000 0.796400 0.000000 0.604771 0.000000 0.000000 0.000000
7243.346680 0.000000 1403.588989 0.000000 0.963439 0.000000 -0.267928 1.000000 1.000000 1.000000
7295.450684 0.000000 1363.554321 0.000000 0.455448 0.000000 -0.890262 1.000000 1.000000 1.000000
7266.441895 0.000000 1389.588379 0.000000 0.837090 0.000000 -0.547065 0.000000 0.000000 0.000000
7234.854492 0.000000 1403.171997 0.000000 0.104472 0.000000 0.994528 0.000000 0.000000 0.000000
7270.985352 0.000000 1387.489380 0.000000 0.733507 0.000000 0.679682 0.000000 0.000000 0.000000
7295.835938 0.000000 1360.109131 0.000000 0.482558 0.000000 -0.875864 1.000000 1.000000 1.000000
7292.546387 0.000000 1383.564697 0.000000 0.808400 0.000000 0.588634 0.000000 0.000000 0.000000
7261.269531 0.000000 1357.784424 0.000000 0.062173 0.000000 0.998065 0.000000 0.000000 0.000000
7287.474609 0.000000 1360.695679 0.000000 0.481689 0.000000 -0.876342 1.000000 1.000000 1.000000
7275.827148 0.000000 1393.811768 0.000000 0.889697 0.000000 0.456551 0.000000 0.000000 0.000000
7279.221680 0.000000 1388.923584 0.000000 0.326766 0.000000 -0.945105 0.000000 0.000000 0.000000
7292.605469 0.000000 1387.551636 0.000000 0.896162 0.000000 -0.443727 0.000000 0.000000 0.000000
7288.956055 0.000000 1381.040771 0.000000 0.874138 0.000000 -0.485677 0.000000 0.000000 0.000000
7267.886719 0.000000 1386.249512 0.000000 0.584079 0.000000 -0.811697 0.000000 0.000000 0.000000
7272.581055 0.000000 1385.889404 0.000000 0.783713 0.000000 -0.621123 1.000000 1.000000 1.000000
7239.561523 0.000000 1406.598877 0.000000 0.013945 0.000000 -0.999903 0.000000 0.000000 0.000000
7276.435059 0.000000 1391.600098 0.000000 0.464405 0.000000 -0.885623 1.000000 1.000000 1.000000
7294.677246 0.000000 1358.171021 0.000000 0.693498 0.000000 -0.720458 0.000000 0.000000 0.000000
7288.713379 0.000000 1385.047974 0.000000 0.041469 0.000000 -0.999140 0.000000 0.000000 0.000000
7272.632324 0.000000 1395.260132 0.000000 0.782565 0.000000 0.622569 0.000000 0.000000 0.000000
7274.151367 0.000000 1398.136597 0.000000 0.638320 0.000000 0.769771 0.000000 0.000000 0.000000
7284.417969 0.000000 1385.950073 0.000000 0.422967 0.000000 0.906145 0.000000 0.000000 0.000000
7272.507812 0.000000 1380.047363 0.000000 0.553312 0.000000 -0.832974 0.000000 0.000000 0.000000
7295.211914 0.000000 1366.456787 0.000000 0.061646 0.000000 0.998098 1.000000 1.000000 1.000000
7270.302734 0.000000 1368.691650 0.000000 0.330848 0.000000 -0.943684 0.000000 0.000000 0.000000
7281.077637 0.000000 1388.012939 0.000000 0.726701 0.000000 -0.686953 1.000000 1.000000 1.000000
7278.922852 0.000000 1390.946289 0.000000 0.615387 0.000000 0.788225 0.000000 0.000000 0.000000
7240.816895 0.000000 1403.633301 0.000000 0.938335 0.000000 0.345726 1.000000 1.000000 1.000000
7282.491699 0.000000 1379.265259 0.000000 0.039844 0.000000 -0.999206 0.000000 0.000000 0.000000
7275.705078 0.000000 1383.012695 0.000000 0.990036 0.000000 0.140816 0.000000 0.000000 0.000000
7238.227051 0.000000 1400.199951 0.000000 0.998985 0.000000 0.045048 0.000000 0.000000 0.000000
7277.660156 0.000000 1387.575317 0.000000 0.890680 0.000000 0.454631 0.000000 0.000000 0.000000
7292.870605 0.000000 1363.017456 0.000000 0.952696 0.000000 0.303924 1.000000 1.000000 1.000000
7287.476074 0.000000 1367.520264 0.000000 0.042663 0.000000 0.999090 1.000000 1.000000 1.000000
7282.737793 0.000000 1389.122681 0.000000 0.306878 0.000000 -0.951749 0.000000 0.000000 0.000000
7236.837402 0.000000 1403.864746 0.000000 0.111049 0.000000 -0.993815 1.000000 1.000000 1.000000
7275.248535 0.000000 1388.451050 0.000000 0.466301 0.000000 -0.884626 1.000000 1.000000 1.000000
7275.631348 0.000000 1399.174927 0.000000 0.978648 0.000000 0.205542 0.000000 0.000000 0.000000
7272.804199 0.000000 1389.749268 0.000000 0.718732 0.000000 -0.695287 0.000000 0.000000 0.000000
7275.434082 0.000000 1384.715088 0.000000 0.232111 0.000000 0.972689 1.000000 1.000000 1.000000
7273.028320 0.000000 1382.331787 0.000000 0.484658 0.000000 0.874704 1.000000 1.000000 1.000000
7274.288086 0.000000 1386.307251 0.000000 0.930066 0.000000 0.367391 1.000000 1.000000 1.000000
7269.573730 0.000000 1367.129272 0.000000 0.744211 0.000000 0.667944 1.000000 1.000000 1.000000
7295.180664 0.000000 1361.726440 0.000000 0.668956 0.000000 0.743302 1.000000 1.000000 1.000000
7183.347656 0.000000 1412.393433 0.000000 0.019593 0.000000 0.999808 0.000000 0.000000 0.000000
7231.419434 0.000000 1433.981445 0.000000 0.787572 0.000000 0.616223 0.000000 0.000000 0.000000
7190.797363 0.000000 1413.083984 0.000000 0.724983 0.000000 0.688766 0.000000 0.000000 0.000000
7226.133789 0.000000 1439.573853 0.000000 0.990022 0.000000 0.140913 0.000000 0.000000 0.000000
7169.476562 0.000000 1418.568115 0.000000 0.904141 0.000000 -0.427234 0.000000 0.000000 0.000000
7214.917969 0.000000 1433.424072 0.000000 0.711989 0.000000 0.702190 0.000000 0.000000 0.000000
7230.127441 0.000000 1429.549316 0.000000 0.231794 0.000000 -0.972765 0.000000 0.000000 0.000000
7230.018555 0.000000 1438.004517 0.000000 0.634298 0.000000 -0.773089 0.000000 0.000000 0.000000
7218.335449 0.000000 1433.002441 0.000000 0.920791 0.000000 0.390057 0.000000 0.000000 0.000000
7224.270996 0.000000 1432.619141 0.000000 0.342272 0.000000 0.939601 0.000000 0.000000 0.000000
7223.542480 0.000000 1435.239136 0.000000 0.996139 0.000000 0.087795 0.000000 0.000000 0.000000
7212.193359 0.000000 1433.053955 0.000000 0.997830 0.000000 0.065842 0.000000 0.000000 0.000000
7231.940430 0.000000 1431.558838 0.000000 0.870211 0.000000 0.492679 0.000000 0.000000 0.000000
7222.075195 0.000000 1433.654419 0.000000 0.493961 0.000000 0.869484 1.000000 1.000000 1.000000
7220.288574 0.000000 1432.939453 0.000000 0.986101 0.000000 0.166147 0.000000 0.000000 0.000000
7264.264648 0.000000 1433.977905 0.000000 0.772400 0.000000 0.635136 0.000000 0.000000 0.000000
7246.189453 0.000000 1448.553101 0.000000 0.335088 0.000000 0.942187 0.000000 0.000000 0.000000
7290.133789 0.000000 1439.573853 0.000000 0.932609 0.000000 0.360889 0.000000 0.000000 0.000000
7269.084961 0.000000 1426.906982 0.000000 0.966924 0.000000 -0.255065 0.000000 0.000000 0.000000
7277.791016 0.000000 1425.447510 0.000000 0.555580 0.000000 -0.831463 0.000000 0.000000 0.000000
7239.650879 0.000000 1429.596802 0.000000 0.152576 0.000000 0.988292 0.000000 0.000000 0.000000
7269.443359 0.000000 1431.911377 0.000000 0.999523 0.000000 0.030876 0.000000 0.000000 0.000000
7286.117188 0.000000 1419.130737 0.000000 0.948400 0.000000 -0.317075 0.000000 0.000000 0.000000
7283.521484 0.000000 1440.118286 0.000000 0.847157 0.000000 0.531343 0.000000 0.000000 0.000000
7236.861816 0.000000 1440.063965 0.000000 0.203587 0.000000 -0.979057 0.000000 0.000000 0.000000
7254.690430 0.000000 1440.126343 0.000000 0.574328 0.000000 0.818625 0.000000 0.000000 0.000000
7248.913574 0.000000 1444.679443 0.000000 0.009343 0.000000 0.999956 0.000000 0.000000 0.000000
7241.424316 0.000000 1439.983154 0.000000 0.985554 0.000000 -0.169362 0.000000 0.000000 0.000000
7250.409180 0.000000 1440.518921 0.000000 0.567010 0.000000 0.823711 0.000000 0.000000 0.000000
7281.158691 0.000000 1446.737793 0.000000 0.823991 0.000000 0.566603 0.000000 0.000000 0.000000
7293.449707 0.000000 1421.595581 0.000000 0.976572 0.000000 0.215191 1.000000 1.000000 1.000000
7276.877441 0.000000 1445.896362 0.000000 0.082481 0.000000 0.996593 1.000000 1.000000 1.000000
7248.310547 0.000000 1436.903931 0.000000 0.983615 0.000000 0.180280 0.000000 0.000000 0.000000
7286.755859 0.000000 1438.204834 0.000000 0.072254 0.000000 0.997386 0.000000 0.000000 0.000000
7267.650879 0.000000 1435.051758 0.000000 0.854280 0.000000 0.519813 1.000000 1.000000 1.000000
7236.061523 0.000000 1428.318970 0.000000 0.667606 0.000000 -0.744515 0.000000 0.000000 0.000000
7236.219238 0.000000 1444.743530 0.000000 0.983494 0.000000 0.180942 0.000000 0.000000 0.000000
7271.553711 0.000000 1429.311646 0.000000 0.828752 0.000000 0.559616 0.000000 0.000000 0.000000
7286.496094 0.000000 1441.418213 0.000000 0.517953 0.000000 0.855409 0.000000 0.000000 0.000000
7238.798828 0.000000 1426.376343 0.000000 0.040468 0.000000 -0.999181 0.000000 0.000000 0.000000
7271.131348 0.000000 1447.088501 0.000000 0.994104 0.000000 -0.108433 0.000000 0.000000 0.000000
7241.939941 0.000000 1427.397827 0.000000 0.389465 0.000000 -0.921041 0.000000 0.000000 0.000000
7290.815430 0.000000 1419.678467 0.000000 0.727001 0.000000 0.686636 0.000000 0.000000 0.000000
7276.084473 0.000000 1442.853149 0.000000 0.723241 0.000000 0.690596 1.000000 1.000000 1.000000
7275.534668 0.000000 1428.099121 0.000000 0.669119 0.000000 -0.743155 0.000000 0.000000 0.000000
7274.452148 0.000000 1447.043457 0.000000 0.585886 0.000000 0.810393 0.000000 0.000000 0.000000
7270.386719 0.000000 1434.457520 0.000000 0.844647 0.000000 0.535324 1.000000 1.000000 1.000000
7246.569336 0.000000 1445.878174 0.000000 0.959767 0.000000 -0.280798 0.000000 0.000000 0.000000
7252.724609 0.000000 1441.809814 0.000000 0.094957 0.000000 0.995481 0.000000 0.000000 0.000000
7239.173340 0.000000 1441.316040 0.000000 0.859726 0.000000 0.510756 1.000000 1.000000 1.000000
7277.452148 0.000000 1440.679199 0.000000 0.792582 0.000000 -0.609765 0.000000 0.000000 0.000000
7255.654785 0.000000 1445.764893 0.000000 0.997602 0.000000 0.069206 0.000000 0.000000 0.000000
7234.786133 0.000000 1447.010010 0.000000 0.847849 0.000000 -0.530238 1.000000 1.000000 1.000000
7234.873047 0.000000 1438.399658 0.000000 0.864771 0.000000 0.502166 1.000000 1.000000 1.000000
7248.434082 0.000000 1442.170532 0.000000 0.551192 0.000000 0.834378 0.000000 0.000000 0.000000
7295.450684 0.000000 1420.038696 0.000000 0.093828 0.000000 0.995588 0.000000 0.000000 0.000000
7251.150879 0.000000 1445.870972 0.000000 0.998417 0.000000 -0.056240 1.000000 1.000000 1.000000
7248.687988 0.000000 1447.294556 0.000000 0.581890 0.000000 0.813268 1.000000 1.000000 1.000000
7248.003418 0.000000 1439.412109 0.000000 0.523803 0.000000 0.851839 1.000000 1.000000 1.000000
7245.917480 0.000000 1443.555542 0.000000 0.402303 0.000000 -0.915507 0.000000 0.000000 0.000000
7243.910645 0.000000 1439.792358 0.000000 0.933205 0.000000 -0.359344 0.000000 0.000000 0.000000
7279.221680 0.000000 1445.407959 0.000000 0.187682 0.000000 0.982230 1.000000 1.000000 1.000000
7250.931641 0.000000 1443.435547 0.000000 0.999720 0.000000 -0.023682 1.000000 1.000000 1.000000
7244.076660 0.000000 1447.419800 0.000000 0.980835 0.000000 -0.194839 0.000000 0.000000 0.000000
7273.380859 0.000000 1428.057007 0.000000 0.980114 0.000000 -0.198434 1.000000 1.000000 1.000000
7295.211914 0.000000 1422.941162 0.000000 0.749785 0.000000 0.661681 0.000000 0.000000 0.000000
7232.668457 0.000000 1429.879761 0.000000 0.991543 0.000000 -0.129780 0.000000 0.000000 0.000000
7254.645996 0.000000 1442.775146 0.000000 0.992999 0.000000 -0.118126 1.000000 1.000000 1.000000
7237.887695 0.000000 1442.937988 0.000000 0.625407 0.000000 0.780299 0.000000 0.000000 0.000000
7278.922852 0.000000 1447.430664 0.000000 0.245895 0.000000 -0.969297 1.000000 1.000000 1.000000
7268.267090 0.000000 1437.000122 0.000000 0.615507 0.000000 -0.788131 1.000000 1.000000 1.000000
7277.660156 0.000000 1444.059692 0.000000 0.467635 0.000000 -0.883922 1.000000 1.000000 1.000000
7245.989746 0.000000 1439.023804 0.000000 0.747314 0.000000 0.664471 0.000000 0.000000 0.000000
7287.775879 0.000000 1439.834351 0.000000 0.007779 0.000000 -0.999970 0.000000 0.000000 0.000000
7291.459473 0.000000 1421.469482 0.000000 0.999689 0.000000 -0.024925 1.000000 1.000000 1.000000
7275.248535 0.000000 1444.935425 0.000000 0.519617 0.000000 0.854399 0.000000 0.000000 0.000000
7268.762207 0.000000 1433.614502 0.000000 0.991486 0.000000 0.130213 1.000000 1.000000 1.000000
7266.022949 0.000000 1434.145142 0.000000 0.911248 0.000000 -0.411858 1.000000 1.000000 1.000000
7270.058105 0.000000 1428.411865 0.000000 0.999241 0.000000 -0.038944 0.000000 0.000000 0.000000
7328.264648 0.000000 1377.493530 0.000000 0.886639 0.000000 -0.462462 0.000000 0.000000 0.000000
7296.290527 0.000000 1389.990112 0.000000 0.628929 0.000000 0.777463 0.000000 0.000000 0.000000
7341.901367 0.000000 1356.579468 0.000000 0.541495 0.000000 0.840704 0.000000 0.000000 0.000000
7305.453613 0.000000 1361.944336 0.000000 0.610563 0.000000 -0.791968 0.000000 0.000000 0.000000
7334.270996 0.000000 1357.031982 0.000000 0.978109 0.000000 -0.208095 0.000000 0.000000 0.000000
7321.924805 0.000000 1408.865479 0.000000 0.892232 0.000000 0.451577 0.000000 0.000000 0.000000
7334.465332 0.000000 1380.722778 0.000000 0.986902 0.000000 -0.161320 0.000000 0.000000 0.000000
7357.041992 0.000000 1411.283081 0.000000 0.237161 0.000000 0.971470 0.000000 0.000000 0.000000
7310.146973 0.000000 1377.478516 0.000000 0.859921 0.000000 0.510427 0.000000 0.000000 0.000000
7315.298340 0.000000 1373.572144 0.000000 0.613563 0.000000 -0.789646 0.000000 0.000000 0.000000
7305.095215 0.000000 1367.612427 0.000000 0.936822 0.000000 -0.349808 0.000000 0.000000 0.000000
7350.872070 0.000000 1401.959351 0.000000 0.113601 0.000000 0.993526 0.000000 0.000000 0.000000
7305.437988 0.000000 1356.442627 0.000000 0.687529 0.000000 0.726157 0.000000 0.000000 0.000000
7313.626465 0.000000 1360.834473 0.000000 0.921749 0.000000 -0.387786 0.000000 0.000000 0.000000
7333.443359 0.000000 1375.427002 0.000000 0.923354 0.000000 0.383950 0.000000 0.000000 0.000000
7345.044434 0.000000 1404.308960 0.000000 0.649894 0.000000 0.760025 1.000000 1.000000 1.000000
7326.600098 0.000000 1405.328613 0.000000 0.111212 0.000000 -0.993797 0.000000 0.000000 0.000000
7321.550293 0.000000 1367.226440 0.000000 0.153788 0.000000 -0.988104 1.000000 1.000000 1.000000
7332.590332 0.000000 1365.631714 0.000000 0.971464 0.000000 -0.237188 0.000000 0.000000 0.000000
7319.427734 0.000000 1404.620361 0.000000 0.516787 0.000000 0.856114 0.000000 0.000000 0.000000
7353.614258 0.000000 1408.006104 0.000000 0.246457 0.000000 -0.969154 0.000000 0.000000 0.000000
7313.893555 0.000000 1368.939819 0.000000 0.354274 0.000000 0.935142 0.000000 0.000000 0.000000
7346.569336 0.000000 1411.598755 0.000000 0.556701 0.000000 0.830713 0.000000 0.000000 0.000000
7301.568848 0.000000 1359.642822 0.000000 0.841615 0.000000 0.540078 1.000000 1.000000 1.000000
7301.348633 0.000000 1364.066772 0.000000 0.996945 0.000000 -0.078107 1.000000 1.000000 1.000000
7338.064453 0.000000 1406.948853 0.000000 0.301033 0.000000 -0.953614 0.000000 0.000000 0.000000
7322.844238 0.000000 1357.342529 0.000000 0.938146 0.000000 0.346241 0.000000 0.000000 0.000000
7318.003418 0.000000 1369.327393 0.000000 0.913706 0.000000 -0.406376 0.000000 0.000000 0.000000
7318.596680 0.000000 1376.156128 0.000000 0.550423 0.000000 0.834886 0.000000 0.000000 0.000000
7334.192871 0.000000 1361.331909 0.000000 0.999947 0.000000 0.010274 0.000000 0.000000 0.000000
7318.302246 0.000000 1360.679077 0.000000 0.973691 0.000000 0.227872 1.000000 1.000000 1.000000
7358.612305 0.000000 1407.265259 0.000000 0.773715 0.000000 0.633534 0.000000 0.000000 0.000000
7306.276367 0.000000 1376.232422 0.000000 0.793602 0.000000 -0.608437 0.000000 0.000000 0.000000
7326.227539 0.000000 1360.182373 0.000000 0.911158 0.000000 -0.412056 0.000000 0.000000 0.000000
7296.173340 0.000000 1357.449585 0.000000 0.775786 0.000000 0.630997 0.000000 0.000000 0.000000
7296.110840 0.000000 1365.989502 0.000000 0.332777 0.000000 -0.943006 1.000000 1.000000 1.000000
7296.522461 0.000000 1371.327026 0.000000 0.987611 0.000000 -0.156922 0.000000 0.000000 0.000000
7355.875488 0.000000 1369.831177 0.000000 0.839054 0.000000 -0.544048 0.000000 0.000000 0.000000
7314.974121 0.000000 1357.027954 0.000000 0.694009 0.000000 -0.719966 1.000000 1.000000 1.000000
7354.308594 0.000000 1400.224609 0.000000 0.948245 0.000000 0.317540 0.000000 0.000000 0.000000
7330.040527 0.000000 1373.929932 0.000000 0.412842 0.000000 0.910803 1.000000 1.000000 1.000000
7342.444824 0.000000 1406.987183 0.000000 0.193406 0.000000 0.981119 0.000000 0.000000 0.000000
7357.449707 0.000000 1365.111206 0.000000 0.383480 0.000000 0.923549 1.000000 1.000000 1.000000
7330.139648 0.000000 1357.351318 0.000000 0.063500 0.000000 -0.997982 1.000000 1.000000 1.000000
7343.152344 0.000000 1401.095703 0.000000 0.876586 0.000000 0.481245 0.000000 0.000000 0.000000
7351.010742 0.000000 1410.577881 0.000000 0.950229 0.000000 -0.311553 1.000000 1.000000 1.000000
7329.456543 0.000000 1369.549927 0.000000 0.570020 0.000000 -0.821630 0.000000 0.000000 0.000000
7324.683105 0.000000 1369.058960 0.000000 0.952974 0.000000 -0.303053 1.000000 1.000000 1.000000
7311.712891 0.000000 1374.239136 0.000000 0.986541 0.000000 -0.163513 1.000000 1.000000 1.000000
7313.983398 0.000000 1376.993286 0.000000 0.216241 0.000000 -0.976340 0.000000 0.000000 0.000000
7300.061523 0.000000 1371.834595 0.000000 0.091570 0.000000 0.995799 1.000000 1.000000 1.000000
7324.263672 0.000000 1364.921021 0.000000 0.891564 0.000000 0.452896 0.000000 0.000000 0.000000
7325.587891 0.000000 1375.292725 0.000000 0.324911 0.000000 0.945745 0.000000 0.000000 0.000000
7352.579102 0.000000 1404.787354 0.000000 0.708089 0.000000 0.706124 1.000000 1.000000 1.000000
7335.553711 0.000000 1372.827271 0.000000 0.896491 0.000000 -0.443063 0.000000 0.000000 0.000000
7307.269531 0.000000 1364.955078 0.000000 0.461240 0.000000 -0.887275 0.000000 0.000000 0.000000
7320.357910 0.000000 1364.135986 0.000000 0.509865 0.000000 0.860254 1.000000 1.000000 1.000000
7302.798828 0.000000 1369.891968 0.000000 0.455040 0.000000 0.890471 1.000000 1.000000 1.000000
7345.605957 0.000000 1408.478882 0.000000 0.164735 0.000000 -0.986338 0.000000 0.000000 0.000000
7327.085938 0.000000 1363.253906 0.000000 0.968698 0.000000 -0.248242 0.000000 0.000000 0.000000
7305.939941 0.000000 1370.913452 0.000000 0.964595 0.000000 -0.263736 0.000000 0.000000 0.000000
7348.392090 0.000000 1404.011719 0.000000 0.184276 0.000000 0.982875 1.000000 1.000000 1.000000
7313.653320 0.000000 1364.094360 0.000000 0.980998 0.000000 0.194016 1.000000 1.000000 1.000000
7308.424805 0.000000 1374.044800 0.000000 0.986709 0.000000 0.162500 1.000000 1.000000 1.000000
7318.343750 0.000000 1373.017212 0.000000 0.925739 0.000000 -0.378163 1.000000 1.000000 1.000000
7329.860352 0.000000 1364.366211 0.000000 0.804626 0.000000 -0.593782 0.000000 0.000000 0.000000
7298.492188 0.000000 1359.214600 0.000000 0.495270 0.000000 -0.868739 1.000000 1.000000 1.000000
7354.107422 0.000000 1410.825439 0.000000 0.996354 0.000000 -0.085321 0.000000 0.000000 0.000000
7309.243652 0.000000 1362.866089 0.000000 0.903570 0.000000 -0.428441 0.000000 0.000000 0.000000
7306.448242 0.000000 1359.229980 0.000000 0.913631 0.000000 0.406544 0.000000 0.000000 0.000000
7332.294922 0.000000 1359.281738 0.000000 0.824233 0.000000 -0.566251 1.000000 1.000000 1.000000
7320.982910 0.000000 1359.498901 0.000000 0.861602 0.000000 -0.507584 1.000000 1.000000 1.000000
7323.116211 0.000000 1374.100220 0.000000 0.738466 0.000000 0.674290 0.000000 0.000000 0.000000
7302.202148 0.000000 1367.137817 0.000000 0.351063 0.000000 -0.936352 0.000000 0.000000 0.000000
7358.830566 0.000000 1402.860107 0.000000 0.759807 0.000000 0.650149 0.000000 0.000000 0.000000
7334.386719 0.000000 1377.973145 0.000000 0.226455 0.000000 -0.974022 0.000000 0.000000 0.000000
7298.759766 0.000000 1364.739624 0.000000 0.999997 0.000000 -0.002324 1.000000 1.000000 1.000000
7331.895020 0.000000 1368.138672 0.000000 0.894276 0.000000 0.447517 0.000000 0.000000 0.000000
7332.193359 0.000000 1363.083984 0.000000 0.835024 0.000000 0.550214 0.000000 0.000000 0.000000
7356.341309 0.000000 1408.792847 0.000000 0.595097 0.000000 -0.803654 0.000000 0.000000 0.000000
7315.922852 0.000000 1359.424438 0.000000 0.818329 0.000000 -0.574750 0.000000 0.000000 0.000000
7323.921387 0.000000 1371.580688 0.000000 0.667798 0.000000 -0.744342 0.000000 0.000000 0.000000
7310.452148 0.000000 1411.219727 0.000000 0.746510 0.000000 -0.665374 0.000000 0.000000 0.000000
7315.875488 0.000000 1371.073853 0.000000 0.793608 0.000000 -0.608429 1.000000 1.000000 1.000000
7357.258301 0.000000 1367.639282 0.000000 0.728657 0.000000 -0.684878 0.000000 0.000000 0.000000
7300.015137 0.000000 1361.712036 0.000000 0.853554 0.000000 0.521004 1.000000 1.000000 1.000000
7354.085938 0.000000 1402.783569 0.000000 0.973069 0.000000 -0.230513 1.000000 1.000000 1.000000
7335.590820 0.000000 1359.240112 0.000000 0.736705 0.000000 0.676214 0.000000 0.000000 0.000000
7296.974121 0.000000 1368.332764 0.000000 0.601975 0.000000 0.798515 1.000000 1.000000 1.000000
7359.022949 0.000000 1409.790527 0.000000 0.080984 0.000000 0.996715 0.000000 0.000000 0.000000
7359.450684 0.000000 1363.554321 0.000000 0.978999 0.000000 -0.203866 1.000000 1.000000 1.000000
7319.931152 0.000000 1407.342285 0.000000 0.495196 0.000000 0.868781 0.000000 0.000000 0.000000
7348.503418 0.000000 1410.042603 0.000000 0.139590 0.000000 0.990209 1.000000 1.000000 1.000000
7335.437012 0.000000 1383.006958 0.000000 0.575259 0.000000 -0.817971 0.000000 0.000000 0.000000
7322.002441 0.000000 1369.660400 0.000000 0.886687 0.000000 -0.462371 1.000000 1.000000 1.000000
7346.714844 0.000000 1406.097900 0.000000 0.050285 0.000000 0.998735 1.000000 1.000000 1.000000
7332.534668 0.000000 1372.803101 0.000000 0.215489 0.000000 0.976506 0.000000 0.000000 0.000000
7313.307129 0.000000 1366.570923 0.000000 0.280400 0.000000 -0.959883 1.000000 1.000000 1.000000
7325.269531 0.000000 1357.784424 0.000000 0.231306 0.000000 -0.972881 1.000000 1.000000 1.000000
7327.881836 0.000000 1358.274414 0.000000 0.326545 0.000000 0.945182 0.000000 0.000000 0.000000
7320.755859 0.000000 1374.974243 0.000000 0.863742 0.000000 -0.503934 1.000000 1.000000 1.000000
7342.583984 0.000000 1404.405518 0.000000 0.154314 0.000000 -0.988022 1.000000 1.000000 1.000000
7352.373535 0.000000 1355.763428 0.000000 0.704042 0.000000 -0.710159 0.000000 0.000000 0.000000
7329.762695 0.000000 1366.993530 0.000000 0.261067 0.000000 -0.965321 0.000000 0.000000 0.000000
7311.571289 0.000000 1362.237549 0.000000 0.112575 0.000000 -0.993643 1.000000 1.000000 1.000000
7340.263184 0.000000 1405.800049 0.000000 0.596238 0.000000 -0.802808 1.000000 1.000000 1.000000
7321.025879 0.000000 1355.872925 0.000000 0.898328 0.000000 0.439326 0.000000 0.000000 0.000000
7355.596680 0.000000 1372.151367 0.000000 0.974602 0.000000 0.223946 0.000000 0.000000 0.000000
7327.885254 0.000000 1374.815063 0.000000 0.926727 0.000000 0.375736 1.000000 1.000000 1.000000
7351.341309 0.000000 1406.916992 0.000000 0.071584 0.000000 -0.997435 1.000000 1.000000 1.000000
7323.828125 0.000000 1359.664185 0.000000 0.005053 0.000000 -0.999987 1.000000 1.000000 1.000000
7306.112305 0.000000 1373.778931 0.000000 0.536911 0.000000 -0.843639 0.000000 0.000000 0.000000
7324.903809 0.000000 1362.246338 0.000000 0.569997 0.000000 -0.821647 0.000000 0.000000 0.000000
7298.523438 0.000000 1370.039917 0.000000 0.425106 0.000000 -0.905143 0.000000 0.000000 0.000000
7316.737793 0.000000 1355.627930 0.000000 0.822738 0.000000 0.568421 0.000000 0.000000 0.000000
7330.304199 0.000000 1371.724854 0.000000 0.122325 0.000000 -0.992490 1.000000 1.000000 1.000000
7324.442383 0.000000 1355.642456 0.000000 0.570877 0.000000 0.821035 1.000000 1.000000 1.000000
7307.600586 0.000000 1361.346802 0.000000 0.873118 0.000000 0.487509 0.000000 0.000000 0.000000
7358.298340 0.000000 1405.095703 0.000000 0.853178 0.000000 -0.521620 1.000000 1.000000 1.000000
7325.291992 0.000000 1366.916016 0.000000 0.196477 0.000000 0.980508 0.000000 0.000000 0.000000
7326.946777 0.000000 1368.864014 0.000000 0.833993 0.000000 -0.551776 0.000000 0.000000 0.000000
7344.587402 0.000000 1406.551025 0.000000 0.882180 0.000000 -0.470912 0.000000 0.000000 0.000000
7318.294922 0.000000 1363.098145 0.000000 0.672000 0.000000 0.740551 0.000000 0.000000 0.000000
7320.196777 0.000000 1361.893066 0.000000 0.982794 0.000000 -0.184706 1.000000 1.000000 1.000000
7319.342285 0.000000 1371.135742 0.000000 0.980065 0.000000 -0.198679 0.000000 0.000000 0.000000
7296.013672 0.000000 1360.147705 0.000000 0.823871 0.000000 -0.566777 1.000000 1.000000 1.000000
7350.447266 0.000000 1404.834473 0.000000 0.983854 0.000000 0.178974 1.000000 1.000000 1.000000
7296.060059 0.000000 1363.873169 0.000000 0.822204 0.000000 -0.569193 1.000000 1.000000 1.000000
7300.386230 0.000000 1366.041992 0.000000 0.613237 0.000000 0.789899 1.000000 1.000000 1.000000
7319.051758 0.000000 1358.672852 0.000000 0.420504 0.000000 -0.907291 1.000000 1.000000 1.000000
7322.413574 0.000000 1363.896484 0.000000 0.999989 0.000000 -0.004675 0.000000 0.000000 0.000000
7300.679688 0.000000 1369.861328 0.000000 0.984882 0.000000 -0.173227 1.000000 1.000000 1.000000
7327.953125 0.000000 1361.300171 0.000000 0.035715 0.000000 -0.999362 0.000000 0.000000 0.000000
7348.752441 0.000000 1402.022339 0.000000 0.240927 0.000000 -0.970543 1.000000 1.000000 1.000000
7313.373535 0.000000 1355.731445 0.000000 0.941431 0.000000 -0.337205 0.000000 0.000000 0.000000
7325.062500 0.000000 1373.301270 0.000000 0.444218 0.000000 -0.895919 1.000000 1.000000 1.000000
7310.008789 0.000000 1375.370117 0.000000 0.292427 0.000000 0.956288 1.000000 1.000000 1.000000
7317.078125 0.000000 1357.752686 0.000000 0.989902 0.000000 0.141751 1.000000 1.000000 1.000000
7298.093750 0.000000 1366.691406 0.000000 0.890441 0.000000 -0.455100 1.000000 1.000000 1.000000
7302.215332 0.000000 1371.778320 0.000000 0.980236 0.000000 -0.197833 0.000000 0.000000 0.000000
7352.393555 0.000000 1400.751709 0.000000 0.681584 0.000000 0.731740 1.000000 1.000000 1.000000
7330.286621 0.000000 1359.252686 0.000000 0.267673 0.000000 -0.963510 1.000000 1.000000 1.000000
7350.407227 0.000000 1408.660645 0.000000 0.837002 0.000000 -0.547200 1.000000 1.000000 1.000000
7310.853027 0.000000 1372.526733 0.000000 0.999074 0.000000 0.043025 0.000000 0.000000 0.000000
7344.736816 0.000000 1402.311890 0.000000 0.562361 0.000000 0.826892 0.000000 0.000000 0.000000
7341.863281 0.000000 1402.442139 0.000000 0.012870 0.000000 -0.999917 1.000000 1.000000 1.000000
7323.430664 0.000000 1367.652710 0.000000 0.397030 0.000000 0.917806 1.000000 1.000000 1.000000
7327.909668 0.000000 1370.592407 0.000000 0.819658 0.000000 -0.572854 0.000000 0.000000 0.000000
7331.805176 0.000000 1374.539307 0.000000 0.692145 0.000000 0.721759 0.000000 0.000000 0.000000
7325.993164 0.000000 1370.422852 0.000000 0.517361 0.000000 -0.855767 0.000000 0.000000 0.000000
7306.858887 0.000000 1363.153687 0.000000 0.696722 0.000000 0.717341 1.000000 1.000000 1.000000
7328.666016 0.000000 1356.263916 0.000000 0.973413 0.000000 0.229058 1.000000 1.000000 1.000000
7304.607910 0.000000 1369.460449 0.000000 0.913357 0.000000 0.407160 0.000000 0.000000 0.000000
7326.270508 0.000000 1364.901733 0.000000 0.639901 0.000000 0.768458 0.000000 0.000000 0.000000
7338.572266 0.000000 1405.203857 0.000000 0.484694 0.000000 -0.874684 1.000000 1.000000 1.000000
7331.859863 0.000000 1361.307373 0.000000 0.862958 0.000000 0.505276 0.000000 0.000000 0.000000
7322.396484 0.000000 1365.662720 0.000000 0.845312 0.000000 -0.534273 0.000000 0.000000 0.000000
7347.450195 0.000000 1408.464233 0.000000 0.572200 0.000000 -0.820114 1.000000 1.000000 1.000000
7346.704590 0.000000 1403.549072 0.000000 0.071985 0.000000 0.997406 1.000000 1.000000 1.000000
7320.050781 0.000000 1373.338013 0.000000 0.999918 0.000000 0.012779 1.000000 1.000000 1.000000
7311.876465 0.000000 1364.073242 0.000000 0.098705 0.000000 -0.995117 1.000000 1.000000 1.000000
7352.254883 0.000000 1403.007324 0.000000 0.935655 0.000000 -0.352916 1.000000 1.000000 1.000000
7348.959961 0.000000 1405.684082 0.000000 0.533450 0.000000 0.845832 1.000000 1.000000 1.000000
7333.911621 0.000000 1358.784790 0.000000 0.979548 0.000000 0.201213 1.000000 1.000000 1.000000
7332.465820 0.000000 1357.410889 0.000000 0.113539 0.000000 0.993533 1.000000 1.000000 1.000000
7299.807617 0.000000 1363.426880 0.000000 0.983059 0.000000 0.183288 1.000000 1.000000 1.000000
7303.353027 0.000000 1368.326294 0.000000 0.807318 0.000000 -0.590117 1.000000 1.000000 1.000000
7390.802246 0.000000 1355.686157 0.000000 0.987323 0.000000 -0.158725 0.000000 0.000000 0.000000
7405.255371 0.000000 1410.500488 0.000000 0.669465 0.000000 0.742843 0.000000 0.000000 0.000000
7399.866699 0.000000 1397.328613 0.000000 0.862590 0.000000 -0.505903 0.000000 0.000000 0.000000
7398.270996 0.000000 1357.031982 0.000000 0.569247 0.000000 0.822167 0.000000 0.000000 0.000000
7385.924805 0.000000 1408.865479 0.000000 0.908556 0.000000 0.417762 0.000000 0.000000 0.000000
7386.616699 0.000000 1361.834473 0.000000 0.999280 0.000000 -0.037942 0.000000 0.000000 0.000000
7396.049805 0.000000 1391.914551 0.000000 0.743869 0.000000 0.668325 0.000000 0.000000 0.000000
7369.437988 0.000000 1356.442627 0.000000 0.993721 0.000000 0.111888 0.000000 0.000000 0.000000
7361.469238 0.000000 1410.173096 0.000000 0.275667 0.000000 -0.961253 0.000000 0.000000 0.000000
7405.060059 0.000000 1398.016846 0.000000 0.930655 0.000000 -0.365899 0.000000 0.000000 0.000000
7390.600098 0.000000 1405.328613 0.000000 0.563255 0.000000 0.826283 1.000000 1.000000 1.000000
7364.957031 0.000000 1401.792114 0.000000 0.175426 0.000000 0.984493 0.000000 0.000000 0.000000
7401.605957 0.000000 1393.106445 0.000000 0.767924 0.000000 -0.640541 0.000000 0.000000 0.000000
7365.568848 0.000000 1359.642822 0.000000 0.723042 0.000000 0.690804 0.000000 0.000000 0.000000
7398.192871 0.000000 1361.331909 0.000000 0.724195 0.000000 -0.689595 0.000000 0.000000 0.000000
7363.856934 0.000000 1405.696899 0.000000 0.870690 0.000000 -0.491832 1.000000 1.000000 1.000000
7401.896973 0.000000 1355.653320 0.000000 0.955782 0.000000 0.294075 0.000000 0.000000 0.000000
7394.139648 0.000000 1357.351318 0.000000 0.944628 0.000000 -0.328142 0.000000 0.000000 0.000000
7401.927734 0.000000 1400.358276 0.000000 0.635311 0.000000 0.772257 1.000000 1.000000 1.000000
7396.675781 0.000000 1388.467041 0.000000 0.447102 0.000000 -0.894483 0.000000 0.000000 0.000000
7388.263672 0.000000 1364.921021 0.000000 0.963389 0.000000 -0.268106 0.000000 0.000000 0.000000
7386.771973 0.000000 1405.535278 0.000000 0.944126 0.000000 -0.329585 0.000000 0.000000 0.000000
7360.226074 0.000000 1406.942017 0.000000 0.992262 0.000000 -0.124161 0.000000 0.000000 0.000000
7399.131348 0.000000 1390.604126 0.000000 0.987947 0.000000 0.154793 0.000000 0.000000 0.000000
7370.749023 0.000000 1397.817871 0.000000 0.998221 0.000000 0.059624 0.000000 0.000000 0.000000
7402.699707 0.000000 1396.003784 0.000000 0.057218 0.000000 -0.998362 1.000000 1.000000 1.000000
7366.656738 0.000000 1404.442749 0.000000 0.987544 0.000000 -0.157345 0.000000 0.000000 0.000000
7362.492188 0.000000 1359.214600 0.000000 0.610808 0.000000 -0.791779 0.000000 0.000000 0.000000
7398.885742 0.000000 1399.786743 0.000000 0.965722 0.000000 -0.259578 0.000000 0.000000 0.000000
7367.626953 0.000000 1401.975220 0.000000 0.863144 0.000000 0.504957 0.000000 0.000000 0.000000
7399.590820 0.000000 1359.240112 0.000000 0.603839 0.000000 -0.797107 0.000000 0.000000 0.000000
7362.854492 0.000000 1403.171997 0.000000 0.662313 0.000000 0.749228 1.000000 1.000000 1.000000
7402.151367 0.000000 1398.136597 0.000000 0.691687 0.000000 0.722197 1.000000 1.000000 1.000000
7401.191406 0.000000 1357.755493 0.000000 0.982049 0.000000 -0.188627 1.000000 1.000000 1.000000
7384.196777 0.000000 1361.893066 0.000000 0.011677 0.000000 -0.999932 0.000000 0.000000 0.000000
7360.013672 0.000000 1360.147705 0.000000 0.715357 0.000000 0.698760 0.000000 0.000000 0.000000
7360.060059 0.000000 1363.873169 0.000000 0.414365 0.000000 0.910111 1.000000 1.000000 1.000000
7386.413574 0.000000 1363.896484 0.000000 0.015767 0.000000 0.999876 1.000000 1.000000 1.000000
7361.798828 0.000000 1405.564087 0.000000 0.325899 0.000000 0.945405 1.000000 1.000000 1.000000
7366.227051 0.000000 1400.199951 0.000000 0.361382 0.000000 0.932418 0.000000 0.000000 0.000000
7400.666504 0.000000 1401.947510 0.000000 0.504163 0.000000 -0.863608 1.000000 1.000000 1.000000
7387.270508 0.000000 1407.371216 0.000000 0.519884 0.000000 -0.854237 0.000000 0.000000 0.000000
7388.806641 0.000000 1405.988037 0.000000 0.608633 0.000000 0.793452 1.000000 1.000000 1.000000
7364.837402 0.000000 1403.864746 0.000000 0.690985 0.000000 0.722870 1.000000 1.000000 1.000000
7399.873535 0.000000 1392.412476 0.000000 0.312246 0.000000 -0.950001 0.000000 0.000000 0.000000
7400.504883 0.000000 1399.018677 0.000000 0.786259 0.000000 -0.617897 1.000000 1.000000 1.000000
7403.631348 0.000000 1399.174927 0.000000 0.934390 0.000000 0.356253 1.000000 1.000000 1.000000
7363.196289 0.000000 1401.375488 0.000000 0.825661 0.000000 -0.564166 0.000000 0.000000 0.000000
7402.288086 0.000000 1386.307251 0.000000 0.568824 0.000000 0.822459 1.000000 1.000000 1.000000
7348.600586 0.000000 1435.323242 0.000000 0.960487 0.000000 0.278325 0.000000 0.000000 0.000000
7299.589355 0.000000 1424.491577 0.000000 0.520088 0.000000 0.854113 0.000000 0.000000 0.000000
7327.430176 0.000000 1422.881348 0.000000 0.965238 0.000000 -0.261373 0.000000 0.000000 0.000000
7359.419434 0.000000 1433.981445 0.000000 0.050415 0.000000 0.998728 0.000000 0.000000 0.000000
7333.084961 0.000000 1426.906982 0.000000 0.747871 0.000000 -0.663844 0.000000 0.000000 0.000000
7322.616699 0.000000 1418.318848 0.000000 0.441388 0.000000 0.897317 0.000000 0.000000 0.000000
7310.146973 0.000000 1433.962891 0.000000 0.347724 0.000000 -0.937597 0.000000 0.000000 0.000000
7353.915527 0.000000 1422.824097 0.000000 0.581104 0.000000 -0.813829 0.000000 0.000000 0.000000
7359.291016 0.000000 1412.514404 0.000000 0.628472 0.000000 0.777832 0.000000 0.000000 0.000000
7313.626465 0.000000 1417.318848 0.000000 0.157624 0.000000 -0.987499 0.000000 0.000000 0.000000
7333.443359 0.000000 1431.911377 0.000000 0.993206 0.000000 -0.116372 0.000000 0.000000 0.000000
7350.117188 0.000000 1419.130737 0.000000 0.928006 0.000000 0.372565 0.000000 0.000000 0.000000
7321.550293 0.000000 1423.710815 0.000000 0.694200 0.000000 -0.719782 0.000000 0.000000 0.000000
7313.893555 0.000000 1425.424194 0.000000 0.182783 0.000000 0.983153 0.000000 0.000000 0.000000
7346.317383 0.000000 1415.300537 0.000000 0.810809 0.000000 -0.585310 0.000000 0.000000 0.000000
7338.133789 0.000000 1416.246704 0.000000 0.263086 0.000000 0.964772 0.000000 0.000000 0.000000
7358.127441 0.000000 1429.549316 0.000000 0.157047 0.000000 0.987591 0.000000 0.000000 0.000000
7301.568848 0.000000 1416.127197 0.000000 0.924310 0.000000 0.381643 1.000000 1.000000 1.000000
7301.348633 0.000000 1420.551147 0.000000 0.554592 0.000000 0.832123 0.000000 0.000000 0.000000
7354.875000 0.000000 1412.263916 0.000000 0.735033 0.000000 0.678031 0.000000 0.000000 0.000000
7318.596680 0.000000 1432.640503 0.000000 0.956774 0.000000 0.290832 0.000000 0.000000 0.000000
7318.302246 0.000000 1417.163452 0.000000 0.081862 0.000000 0.996644 0.000000 0.000000 0.000000
7299.605469 0.000000 1435.385986 0.000000 0.868744 0.000000 -0.495262 0.000000 0.000000 0.000000
7306.276367 0.000000 1432.716797 0.000000 0.995403 0.000000 -0.095773 0.000000 0.000000 0.000000
7308.652344 0.000000 1437.536255 0.000000 0.964712 0.000000 0.263308 0.000000 0.000000 0.000000
7353.786621 0.000000 1416.634155 0.000000 0.853535 0.000000 0.521035 0.000000 0.000000 0.000000
7330.040527 0.000000 1430.414307 0.000000 0.987107 0.000000 0.160059 0.000000 0.000000 0.000000
7357.449707 0.000000 1421.595581 0.000000 0.600251 0.000000 0.799812 0.000000 0.000000 0.000000
7329.456543 0.000000 1426.034302 0.000000 0.947049 0.000000 0.321088 0.000000 0.000000 0.000000
7324.683105 0.000000 1425.543335 0.000000 0.955981 0.000000 0.293427 0.000000 0.000000 0.000000
7311.712891 0.000000 1430.723511 0.000000 0.985591 0.000000 0.169146 0.000000 0.000000 0.000000
7301.963867 0.000000 1432.808350 0.000000 0.536103 0.000000 -0.844153 0.000000 0.000000 0.000000
7324.263672 0.000000 1421.405396 0.000000 0.966922 0.000000 -0.255074 0.000000 0.000000 0.000000
7341.457031 0.000000 1416.322876 0.000000 0.855189 0.000000 0.518316 0.000000 0.000000 0.000000
7325.587891 0.000000 1431.777100 0.000000 0.927619 0.000000 0.373527 0.000000 0.000000 0.000000
7335.553711 0.000000 1429.311646 0.000000 0.918602 0.000000 0.395183 0.000000 0.000000 0.000000
7307.269531 0.000000 1421.439453 0.000000 0.954976 0.000000 0.296685 1.000000 1.000000 1.000000
7320.357910 0.000000 1420.620361 0.000000 0.953728 0.000000 -0.300670 0.000000 0.000000 0.000000
7296.205078 0.000000 1434.528076 0.000000 0.930030 0.000000 -0.367485 0.000000 0.000000 0.000000
7354.815430 0.000000 1419.678467 0.000000 0.956041 0.000000 0.293233 0.000000 0.000000 0.000000
7308.396484 0.000000 1424.617188 0.000000 0.942793 0.000000 0.333378 0.000000 0.000000 0.000000
7313.653320 0.000000 1420.578735 0.000000 0.467478 0.000000 0.884005 0.000000 0.000000 0.000000
7356.365723 0.000000 1414.837036 0.000000 0.996943 0.000000 0.078135 1.000000 1.000000 1.000000
7339.550781 0.000000 1418.909180 0.000000 0.064210 0.000000 -0.997936 0.000000 0.000000 0.000000
7304.260254 0.000000 1421.114990 0.000000 0.875907 0.000000 -0.482480 0.000000 0.000000 0.000000
7309.243652 0.000000 1419.350464 0.000000 0.930695 0.000000 0.365797 0.000000 0.000000 0.000000
7348.340820 0.000000 1412.445435 0.000000 0.993100 0.000000 0.117267 0.000000 0.000000 0.000000
7352.270996 0.000000 1432.619141 0.000000 0.882577 0.000000 -0.470168 0.000000 0.000000 0.000000
7306.422852 0.000000 1435.856934 0.000000 0.497072 0.000000 0.867709 1.000000 1.000000 1.000000
7338.478516 0.000000 1437.846436 0.000000 0.895734 0.000000 0.444591 0.000000 0.000000 0.000000
7315.958008 0.000000 1418.821899 0.000000 0.874817 0.000000 -0.484454 1.000000 1.000000 1.000000
7298.759766 0.000000 1421.223999 0.000000 0.981243 0.000000 0.192776 0.000000 0.000000 0.000000
7331.895020 0.000000 1424.623047 0.000000 0.926161 0.000000 0.377128 1.000000 1.000000 1.000000
7346.542480 0.000000 1417.907959 0.000000 0.900312 0.000000 -0.435245 1.000000 1.000000 1.000000
7315.875488 0.000000 1427.558228 0.000000 0.169868 0.000000 -0.985467 0.000000 0.000000 0.000000
7352.357422 0.000000 1420.456299 0.000000 0.934255 0.000000 -0.356607 0.000000 0.000000 0.000000
7300.015137 0.000000 1418.196411 0.000000 0.911592 0.000000 0.411096 1.000000 1.000000 1.000000
7359.450684 0.000000 1420.038696 0.000000 0.294756 0.000000 -0.955573 1.000000 1.000000 1.000000
7302.927734 0.000000 1418.456787 0.000000 0.970141 0.000000 0.242544 0.000000 0.000000 0.000000
7322.002441 0.000000 1426.144775 0.000000 0.587740 0.000000 -0.809050 0.000000 0.000000 0.000000
7332.534668 0.000000 1429.287476 0.000000 0.381593 0.000000 -0.924331 0.000000 0.000000 0.000000
7359.835938 0.000000 1416.593506 0.000000 0.199050 0.000000 -0.979989 0.000000 0.000000 0.000000
7359.940430 0.000000 1431.558838 0.000000 0.980401 0.000000 0.197011 0.000000 0.000000 0.000000
7311.571289 0.000000 1418.721924 0.000000 0.042341 0.000000 0.999103 1.000000 1.000000 1.000000
7351.474609 0.000000 1417.180054 0.000000 0.976574 0.000000 -0.215181 0.000000 0.000000 0.000000
7327.885254 0.000000 1431.299438 0.000000 0.655057 0.000000 0.755579 1.000000 1.000000 1.000000
7330.304199 0.000000 1428.209229 0.000000 0.983992 0.000000 0.178212 0.000000 0.000000 0.000000
7358.677246 0.000000 1414.655396 0.000000 0.404601 0.000000 0.914493 1.000000 1.000000 1.000000
7320.281738 0.000000 1434.124512 0.000000 0.974341 0.000000 0.225079 0.000000 0.000000 0.000000
7326.946777 0.000000 1425.348389 0.000000 0.962171 0.000000 0.272447 1.000000 1.000000 1.000000
7357.061035 0.000000 1412.665649 0.000000 0.652273 0.000000 0.757985 0.000000 0.000000 0.000000
7318.294922 0.000000 1419.582520 0.000000 0.744208 0.000000 0.667948 1.000000 1.000000 1.000000
7344.601562 0.000000 1416.951660 0.000000 0.730888 0.000000 -0.682497 1.000000 1.000000 1.000000
7307.945801 0.000000 1434.177856 0.000000 0.662893 0.000000 -0.748714 1.000000 1.000000 1.000000
7296.013672 0.000000 1416.632080 0.000000 0.764372 0.000000 -0.644776 1.000000 1.000000 1.000000
7300.386230 0.000000 1422.526367 0.000000 0.923318 0.000000 0.384037 1.000000 1.000000 1.000000
7353.029297 0.000000 1418.546143 0.000000 0.907787 0.000000 0.419432 1.000000 1.000000 1.000000
7308.800293 0.000000 1422.672119 0.000000 0.823520 0.000000 -0.567287 0.000000 0.000000 0.000000
7355.533691 0.000000 1417.684204 0.000000 0.990469 0.000000 0.137735 0.000000 0.000000 0.000000
7355.459473 0.000000 1421.469482 0.000000 0.318135 0.000000 -0.948046 0.000000 0.000000 0.000000
7323.430664 0.000000 1424.137085 0.000000 0.638907 0.000000 -0.769284 0.000000 0.000000 0.000000
7307.020996 0.000000 1423.351685 0.000000 0.966352 0.000000 -0.257224 0.000000 0.000000 0.000000
7328.410645 0.000000 1429.478882 0.000000 0.691481 0.000000 -0.722395 0.000000 0.000000 0.000000
7327.909668 0.000000 1427.076782 0.000000 0.521654 0.000000 -0.853157 1.000000 1.000000 1.000000
7325.993164 0.000000 1426.907227 0.000000 0.869197 0.000000 0.494467 1.000000 1.000000 1.000000
7311.876465 0.000000 1420.557617 0.000000 0.371013 0.000000 -0.928628 1.000000 1.000000 1.000000
7308.623047 0.000000 1435.740967 0.000000 0.648482 0.000000 0.761230 1.000000 1.000000 1.000000
7299.807617 0.000000 1419.911255 0.000000 0.959906 0.000000 0.280322 1.000000 1.000000 1.000000
7361.476562 0.000000 1418.568115 0.000000 0.930079 0.000000 -0.367359 0.000000 0.000000 0.000000
7360.173340 0.000000 1413.933960 0.000000 0.873771 0.000000 0.486337 0.000000 0.000000 0.000000
7394.139648 0.000000 1413.835693 0.000000 0.379763 0.000000 0.925084 0.000000 0.000000 0.000000
7384.357910 0.000000 1420.620361 0.000000 0.651262 0.000000 0.758853 0.000000 0.000000 0.000000
7366.297363 0.000000 1413.457520 0.000000 0.356883 0.000000 -0.934149 0.000000 0.000000 0.000000
7362.305176 0.000000 1413.459229 0.000000 0.926966 0.000000 0.375145 0.000000 0.000000 0.000000
7515.115234 0.000000 1384.908691 0.000000 0.822706 0.000000 0.568467 0.000000 0.000000 0.000000
7508.387207 0.000000 1382.422119 0.000000 0.687154 0.000000 0.726511 0.000000 0.000000 0.000000
7555.716309 0.000000 1396.731201 0.000000 0.646843 0.000000 -0.762623 0.000000 0.000000 0.000000
7635.921875 0.000000 1379.950439 0.000000 0.713820 0.000000 -0.700329 0.000000 0.000000 0.000000
"}
