object={
	name="bush_02_generator_2_0"
	clamp_to_water_level=no
	render_under_water=no
	generated_content=yes
	layer="semidynamic_high"
	pdxmesh="tree_bush_03_mesh"
	count=823
	transform="569.915649 0.000000 1140.402222 0.000000 0.840599 0.000000 -0.541658 0.101822 0.101822 0.101822
573.258179 0.000000 1141.701782 0.000000 0.717814 0.000000 0.696235 0.157389 0.157389 0.157389
571.325317 0.000000 1141.802856 0.000000 0.894941 0.000000 0.446184 0.154001 0.154001 0.154001
572.241577 0.000000 1140.429932 0.000000 0.870298 0.000000 0.492525 0.158700 0.158700 0.158700
573.779541 0.000000 1140.466553 0.000000 0.221659 0.000000 0.975124 0.154425 0.154425 0.154425
572.908752 0.000000 1144.623291 0.000000 0.964125 0.000000 0.265448 0.189958 0.189958 0.189958
571.085327 0.000000 1140.204590 0.000000 0.653806 0.000000 0.756662 0.152033 0.152033 0.152033
570.229919 0.000000 1141.508667 0.000000 0.585702 0.000000 0.810527 0.151601 0.151601 0.151601
571.330261 0.000000 1142.877563 0.000000 0.490714 0.000000 0.871321 0.193265 0.193265 0.193265
570.467651 0.000000 1142.432861 0.000000 0.355198 0.000000 0.934791 0.192312 0.192312 0.192312
573.770813 0.000000 1142.406128 0.000000 0.876301 0.000000 -0.481765 0.203200 0.203200 0.203200
3918.189453 0.000000 2295.818848 0.000000 0.999965 0.000000 -0.008366 0.103109 0.103109 0.103109
3913.163818 0.000000 2298.675781 0.000000 0.720825 0.000000 0.693117 0.097562 0.097562 0.097562
3921.216553 0.000000 2299.256348 0.000000 0.534148 0.000000 0.845391 0.118213 0.118213 0.118213
3915.714111 0.000000 2297.378174 0.000000 0.934746 0.000000 -0.355316 0.101156 0.101156 0.101156
3920.405029 0.000000 2296.930176 0.000000 0.361033 0.000000 0.932553 0.129312 0.129312 0.129312
3921.954346 0.000000 2297.399170 0.000000 0.489949 0.000000 0.871751 0.129922 0.129922 0.129922
4095.097656 0.000000 2355.248535 0.000000 0.579292 0.000000 0.815120 0.096967 0.096967 0.096967
4094.888184 0.000000 2352.484375 0.000000 0.952014 0.000000 0.306054 0.111490 0.111490 0.111490
3053.255371 0.000000 3105.031738 0.000000 0.794999 0.000000 0.606611 0.142636 0.142636 0.142636
3009.469238 0.000000 3104.704346 0.000000 0.940511 0.000000 -0.339763 0.133105 0.133105 0.133105
3057.044678 0.000000 3098.840088 0.000000 0.854385 0.000000 0.519641 0.098261 0.098261 0.098261
3065.614258 0.000000 3102.537354 0.000000 0.593518 0.000000 0.804820 0.110339 0.110339 0.110339
3067.743408 0.000000 3100.883789 0.000000 0.547767 0.000000 0.836631 0.112308 0.112308 0.112308
3052.424072 0.000000 3102.702393 0.000000 0.427547 0.000000 0.903993 0.125301 0.125301 0.125301
3068.200928 0.000000 3094.229004 0.000000 0.738181 0.000000 0.674602 0.173405 0.173405 0.173405
3058.704590 0.000000 3098.080322 0.000000 0.986144 0.000000 -0.165892 0.166706 0.166706 0.166706
3069.962402 0.000000 3095.944336 0.000000 0.934222 0.000000 0.356693 0.175529 0.175529 0.175529
3069.135498 0.000000 3092.882812 0.000000 0.947434 0.000000 0.319950 0.131397 0.131397 0.131397
3059.251709 0.000000 3099.320312 0.000000 0.871822 0.000000 0.489822 0.163124 0.163124 0.163124
3010.944824 0.000000 3105.623047 0.000000 0.999856 0.000000 0.016959 0.194853 0.194853 0.194853
3069.235596 0.000000 3094.937744 0.000000 0.915276 0.000000 -0.402827 0.179935 0.179935 0.179935
3058.142090 0.000000 3099.068604 0.000000 0.406066 0.000000 0.913844 0.159742 0.159742 0.159742
3010.057129 0.000000 3105.458252 0.000000 0.995390 0.000000 0.095905 0.194362 0.194362 0.194362
2926.271240 0.000000 3200.413574 0.000000 0.951320 0.000000 -0.308204 0.108070 0.108070 0.108070
2931.339844 0.000000 3198.414307 0.000000 0.882248 0.000000 -0.470784 0.128017 0.128017 0.128017
2936.713623 0.000000 3192.548096 0.000000 0.998051 0.000000 0.062408 0.121886 0.121886 0.121886
2930.737793 0.000000 3196.622559 0.000000 0.978830 0.000000 -0.204673 0.132516 0.132516 0.132516
2933.526611 0.000000 3197.060547 0.000000 0.932497 0.000000 0.361179 0.162769 0.162769 0.162769
2937.029053 0.000000 3191.273193 0.000000 0.295655 0.000000 0.955295 0.171483 0.171483 0.171483
2939.392334 0.000000 3190.192871 0.000000 0.320128 0.000000 0.947374 0.189384 0.189384 0.189384
2942.612305 0.000000 3271.249756 0.000000 0.940977 0.000000 0.338469 0.145720 0.145720 0.145720
2936.579102 0.000000 3268.771729 0.000000 0.668803 0.000000 0.743440 0.148315 0.148315 0.148315
2943.022949 0.000000 3273.774902 0.000000 0.935746 0.000000 -0.352676 0.110497 0.110497 0.110497
2930.714844 0.000000 3270.082275 0.000000 0.393112 0.000000 0.919490 0.120830 0.120830 0.120830
2934.447266 0.000000 3268.818848 0.000000 0.976989 0.000000 -0.213288 0.120144 0.120144 0.120144
2943.189697 0.000000 3270.104004 0.000000 0.977861 0.000000 0.209256 0.146350 0.146350 0.146350
2934.354980 0.000000 3271.461426 0.000000 0.989185 0.000000 -0.146674 0.170543 0.170543 0.170543
2933.628662 0.000000 3270.924805 0.000000 0.827366 0.000000 -0.561663 0.203797 0.203797 0.203797
2958.189453 0.000000 3256.053223 0.000000 0.948877 0.000000 0.315647 0.145833 0.145833 0.145833
2955.937012 0.000000 3252.378662 0.000000 0.608371 0.000000 0.793653 0.113126 0.113126 0.113126
2944.226318 0.000000 3270.926270 0.000000 0.863258 0.000000 -0.504763 0.127604 0.127604 0.127604
2955.443359 0.000000 3249.596436 0.000000 0.740007 0.000000 0.672599 0.149897 0.149897 0.149897
2956.076904 0.000000 3254.919922 0.000000 0.991810 0.000000 -0.127723 0.171002 0.171002 0.171002
2945.941895 0.000000 3272.237305 0.000000 0.994266 0.000000 0.106939 0.171961 0.171961 0.171961
2959.572021 0.000000 3251.209229 0.000000 0.985479 0.000000 0.169798 0.145982 0.145982 0.145982
2958.941895 0.000000 3245.250000 0.000000 0.361220 0.000000 0.932481 0.143322 0.143322 0.143322
2957.010498 0.000000 3253.633545 0.000000 0.811871 0.000000 0.583838 0.171870 0.171870 0.171870
2956.710449 0.000000 3256.343262 0.000000 0.993960 0.000000 0.109744 0.131750 0.131750 0.131750
2957.583252 0.000000 3252.378418 0.000000 0.532419 0.000000 0.846481 0.169716 0.169716 0.169716
2957.189453 0.000000 3247.650146 0.000000 0.871852 0.000000 0.489770 0.135570 0.135570 0.135570
2957.373291 0.000000 3254.878174 0.000000 0.684676 0.000000 0.728847 0.165881 0.165881 0.165881
2956.303711 0.000000 3248.563721 0.000000 0.526598 0.000000 0.850115 0.155041 0.155041 0.155041
2952.697510 0.000000 3248.530762 0.000000 0.993237 0.000000 0.116104 0.152933 0.152933 0.152933
2959.281494 0.000000 3252.415527 0.000000 0.508053 0.000000 0.861326 0.161431 0.161431 0.161431
2954.195801 0.000000 3249.944092 0.000000 0.820493 0.000000 0.571656 0.150528 0.150528 0.150528
2959.094727 0.000000 3246.365723 0.000000 0.655219 0.000000 0.755439 0.194548 0.194548 0.194548
2957.947754 0.000000 3250.053711 0.000000 0.216856 0.000000 0.976204 0.191392 0.191392 0.191392
2955.204346 0.000000 3250.560303 0.000000 0.774600 0.000000 0.632451 0.195641 0.195641 0.195641
2957.069824 0.000000 3250.606934 0.000000 0.838992 0.000000 -0.544143 0.203663 0.203663 0.203663
2958.058105 0.000000 3247.753906 0.000000 0.434646 0.000000 0.900601 0.192863 0.192863 0.192863
2956.131836 0.000000 3250.086914 0.000000 0.890644 0.000000 -0.454701 0.203005 0.203005 0.203005
2942.018555 0.000000 3301.988770 0.000000 0.902188 0.000000 0.431343 0.155188 0.155188 0.155188
2942.998535 0.000000 3300.075439 0.000000 0.832736 0.000000 -0.553670 0.160363 0.160363 0.160363
2940.956787 0.000000 3300.859619 0.000000 0.211376 0.000000 0.977405 0.150083 0.150083 0.150083
2940.552490 0.000000 3305.512939 0.000000 0.928195 0.000000 0.372094 0.168795 0.168795 0.168795
2938.259521 0.000000 3302.225830 0.000000 0.985245 0.000000 -0.171152 0.196025 0.196025 0.196025
2938.078369 0.000000 3305.366455 0.000000 0.560872 0.000000 0.827903 0.193791 0.193791 0.193791
2941.635010 0.000000 3304.715820 0.000000 0.810388 0.000000 0.585894 0.167464 0.167464 0.167464
2942.953369 0.000000 3301.251465 0.000000 0.649947 0.000000 0.759980 0.153097 0.153097 0.153097
2940.866699 0.000000 3303.188232 0.000000 0.489049 0.000000 0.872256 0.193253 0.193253 0.193253
2941.448730 0.000000 3302.557617 0.000000 0.478737 0.000000 0.877959 0.193178 0.193178 0.193178
2941.357666 0.000000 3303.980713 0.000000 0.942995 0.000000 0.332806 0.197840 0.197840 0.197840
2962.736816 0.000000 3326.214844 0.000000 0.951225 0.000000 0.308498 0.099002 0.099002 0.099002
2960.020752 0.000000 3320.322021 0.000000 0.548970 0.000000 0.835842 0.096850 0.096850 0.096850
2957.646240 0.000000 3316.840088 0.000000 0.952715 0.000000 -0.303867 0.100983 0.100983 0.100983
2950.114014 0.000000 3315.052246 0.000000 0.572096 0.000000 0.820187 0.117304 0.117304 0.117304
2969.163818 0.000000 3331.953125 0.000000 0.818186 0.000000 0.574954 0.124142 0.124142 0.124142
2964.862061 0.000000 3324.760742 0.000000 0.918929 0.000000 -0.394423 0.109519 0.109519 0.109519
2951.173340 0.000000 3305.300537 0.000000 0.999746 0.000000 0.022549 0.115883 0.115883 0.115883
2947.928711 0.000000 3306.225586 0.000000 0.266958 0.000000 0.963708 0.151980 0.151980 0.151980
2962.130127 0.000000 3321.187012 0.000000 0.857275 0.000000 0.514858 0.126633 0.126633 0.126633
2957.897461 0.000000 3319.201660 0.000000 0.968189 0.000000 -0.250219 0.140619 0.140619 0.140619
2955.567871 0.000000 3316.247070 0.000000 0.902563 0.000000 -0.430559 0.173289 0.173289 0.173289
2951.299561 0.000000 3316.831787 0.000000 0.733966 0.000000 0.679186 0.115945 0.115945 0.115945
2959.977051 0.000000 3325.160889 0.000000 0.590693 0.000000 0.806896 0.113588 0.113588 0.113588
2949.887695 0.000000 3306.922363 0.000000 0.974473 0.000000 -0.224504 0.139937 0.139937 0.139937
2971.270508 0.000000 3327.840088 0.000000 0.974785 0.000000 -0.223145 0.135417 0.135417 0.135417
2968.941406 0.000000 3326.321533 0.000000 0.928707 0.000000 -0.370813 0.158760 0.158760 0.158760
2971.848389 0.000000 3329.752930 0.000000 0.835093 0.000000 0.550109 0.112717 0.112717 0.112717
2956.416504 0.000000 3318.011719 0.000000 0.652992 0.000000 0.757365 0.135680 0.135680 0.135680
2961.633057 0.000000 3324.922607 0.000000 0.661925 0.000000 0.749570 0.149361 0.149361 0.149361
2946.930908 0.000000 3307.568359 0.000000 0.963647 0.000000 -0.267179 0.159908 0.159908 0.159908
2944.129395 0.000000 3308.138428 0.000000 0.967291 0.000000 -0.253670 0.147977 0.147977 0.147977
2966.839355 0.000000 3326.658691 0.000000 0.992676 0.000000 0.120803 0.186394 0.186394 0.186394
2969.614014 0.000000 3327.829346 0.000000 0.953292 0.000000 0.302051 0.155331 0.155331 0.155331
2946.917725 0.000000 3309.523193 0.000000 0.926110 0.000000 -0.377252 0.195657 0.195657 0.195657
2964.429443 0.000000 3326.116455 0.000000 0.709681 0.000000 0.704523 0.181912 0.181912 0.181912
2944.022461 0.000000 3311.800537 0.000000 0.998406 0.000000 0.056447 0.138686 0.138686 0.138686
2945.603271 0.000000 3310.047119 0.000000 0.999996 0.000000 0.002933 0.138923 0.138923 0.138923
2945.633545 0.000000 3301.824219 0.000000 0.994764 0.000000 0.102199 0.182038 0.182038 0.182038
2959.887695 0.000000 3323.831055 0.000000 0.994671 0.000000 0.103096 0.152997 0.152997 0.152997
2963.485352 0.000000 3325.063232 0.000000 0.987249 0.000000 -0.159187 0.148652 0.148652 0.148652
2948.623047 0.000000 3307.480957 0.000000 0.792457 0.000000 0.609928 0.136035 0.136035 0.136035
2968.647461 0.000000 3329.041016 0.000000 0.943892 0.000000 0.330253 0.194532 0.194532 0.194532
2956.848145 0.000000 3319.996826 0.000000 0.935234 0.000000 0.354030 0.137889 0.137889 0.137889
2944.655273 0.000000 3309.239014 0.000000 0.999924 0.000000 -0.012327 0.146836 0.146836 0.146836
2961.553955 0.000000 3322.274414 0.000000 0.965668 0.000000 0.259779 0.150551 0.150551 0.150551
2967.847900 0.000000 3326.145020 0.000000 0.914356 0.000000 0.404911 0.184632 0.184632 0.184632
2955.498535 0.000000 3317.372070 0.000000 0.964582 0.000000 0.263785 0.169416 0.169416 0.169416
2954.770020 0.000000 3319.432861 0.000000 0.998978 0.000000 -0.045189 0.200288 0.200288 0.200288
2963.690918 0.000000 3322.896973 0.000000 0.538250 0.000000 0.842785 0.181144 0.181144 0.181144
2947.896484 0.000000 3309.677734 0.000000 0.538344 0.000000 0.842725 0.187111 0.187111 0.187111
2947.255371 0.000000 3308.566650 0.000000 0.926177 0.000000 -0.377088 0.195656 0.195656 0.195656
2944.727051 0.000000 3301.575195 0.000000 0.768182 0.000000 0.640232 0.178594 0.178594 0.178594
2965.328369 0.000000 3326.434570 0.000000 0.958152 0.000000 0.286259 0.184831 0.184831 0.184831
2955.565674 0.000000 3318.219238 0.000000 0.993011 0.000000 0.118024 0.199247 0.199247 0.199247
2958.189453 0.000000 3369.021973 0.000000 0.895199 0.000000 -0.445667 0.101470 0.101470 0.101470
2977.639404 0.000000 3362.615723 0.000000 0.999733 0.000000 -0.023087 0.129507 0.129507 0.129507
2965.034912 0.000000 3373.295166 0.000000 0.615432 0.000000 0.788190 0.097110 0.097110 0.097110
2960.020752 0.000000 3376.806396 0.000000 0.560622 0.000000 0.828072 0.120507 0.120507 0.120507
2978.996826 0.000000 3388.541504 0.000000 0.998998 0.000000 0.044750 0.112445 0.112445 0.112445
2967.827881 0.000000 3356.754883 0.000000 0.472227 0.000000 0.881477 0.098459 0.098459 0.098459
2967.871582 0.000000 3372.059082 0.000000 0.323055 0.000000 0.946380 0.109230 0.109230 0.109230
2972.116211 0.000000 3387.993652 0.000000 0.955289 0.000000 0.295672 0.119297 0.119297 0.119297
2974.841064 0.000000 3364.210205 0.000000 0.078592 0.000000 0.996907 0.098185 0.098185 0.098185
2958.569336 0.000000 3366.346924 0.000000 0.743463 0.000000 0.668777 0.126394 0.126394 0.126394
2957.917725 0.000000 3364.024414 0.000000 0.951546 0.000000 -0.307508 0.121647 0.121647 0.121647
2960.405029 0.000000 3370.133301 0.000000 0.455686 0.000000 0.890141 0.104886 0.104886 0.104886
2963.281494 0.000000 3388.232666 0.000000 0.882709 0.000000 -0.469921 0.173529 0.173529 0.173529
2962.112793 0.000000 3358.769775 0.000000 0.262420 0.000000 0.964954 0.146587 0.146587 0.146587
2958.486328 0.000000 3371.260010 0.000000 0.090447 0.000000 0.995901 0.147870 0.147870 0.147870
2977.051514 0.000000 3364.769531 0.000000 0.998854 0.000000 0.047870 0.125299 0.125299 0.125299
2975.716309 0.000000 3373.028809 0.000000 0.846291 0.000000 0.532720 0.127648 0.127648 0.127648
2968.739258 0.000000 3361.147217 0.000000 0.951325 0.000000 -0.308189 0.153901 0.153901 0.153901
2967.245850 0.000000 3388.238525 0.000000 0.354341 0.000000 0.935116 0.147057 0.147057 0.147057
2971.848389 0.000000 3386.237305 0.000000 0.993040 0.000000 0.117777 0.123902 0.123902 0.123902
2975.589600 0.000000 3362.623291 0.000000 0.995660 0.000000 -0.093066 0.139348 0.139348 0.139348
2967.132568 0.000000 3370.526855 0.000000 0.220009 0.000000 0.975498 0.160314 0.160314 0.160314
2961.260742 0.000000 3375.142334 0.000000 0.989830 0.000000 0.142254 0.131612 0.131612 0.131612
2969.702148 0.000000 3358.020264 0.000000 0.994939 0.000000 -0.100483 0.132074 0.132074 0.132074
2963.982178 0.000000 3386.760254 0.000000 0.785516 0.000000 0.618842 0.169432 0.169432 0.169432
2968.838135 0.000000 3370.689697 0.000000 0.998396 0.000000 0.056609 0.119113 0.119113 0.119113
2959.107910 0.000000 3367.773193 0.000000 0.887400 0.000000 0.461001 0.127438 0.127438 0.127438
2956.710449 0.000000 3369.312012 0.000000 0.830208 0.000000 0.557453 0.180845 0.180845 0.180845
2966.790283 0.000000 3359.106934 0.000000 0.293870 0.000000 0.955845 0.128470 0.128470 0.128470
2963.482422 0.000000 3358.268066 0.000000 0.467308 0.000000 0.884094 0.147661 0.147661 0.147661
2962.552246 0.000000 3386.729004 0.000000 0.995155 0.000000 -0.098315 0.173652 0.173652 0.173652
2963.060547 0.000000 3359.788818 0.000000 0.648064 0.000000 0.761586 0.148726 0.148726 0.148726
2969.114990 0.000000 3386.904541 0.000000 0.079717 0.000000 0.996818 0.129140 0.129140 0.129140
2966.003174 0.000000 3361.794434 0.000000 0.901265 0.000000 -0.433268 0.144895 0.144895 0.144895
2957.373291 0.000000 3367.846924 0.000000 0.974458 0.000000 -0.224569 0.195799 0.195799 0.195799
2963.671875 0.000000 3361.312988 0.000000 0.994644 0.000000 0.103356 0.173097 0.173097 0.173097
2961.638672 0.000000 3373.876465 0.000000 0.917622 0.000000 0.397455 0.172516 0.172516 0.172516
2957.509277 0.000000 3370.354492 0.000000 0.454465 0.000000 0.890765 0.135697 0.135697 0.135697
2968.281250 0.000000 3373.288330 0.000000 0.995536 0.000000 -0.094379 0.156211 0.156211 0.156211
2955.079834 0.000000 3388.377197 0.000000 0.049998 0.000000 0.998749 0.184987 0.184987 0.184987
2959.086670 0.000000 3370.113525 0.000000 0.364192 0.000000 0.931324 0.149264 0.149264 0.149264
2966.251709 0.000000 3388.952881 0.000000 0.850797 0.000000 0.525494 0.150248 0.150248 0.150248
2962.405518 0.000000 3372.342285 0.000000 0.992461 0.000000 -0.122562 0.186159 0.186159 0.186159
2960.442383 0.000000 3373.385742 0.000000 0.494223 0.000000 0.869335 0.168927 0.168927 0.168927
2963.857666 0.000000 3372.774658 0.000000 0.761797 0.000000 0.647816 0.181275 0.181275 0.181275
2962.832031 0.000000 3376.755859 0.000000 0.258370 0.000000 0.966046 0.182537 0.182537 0.182537
2974.678955 0.000000 3386.543457 0.000000 0.961525 0.000000 -0.274718 0.189338 0.189338 0.189338
2962.524414 0.000000 3374.496338 0.000000 0.999050 0.000000 0.043586 0.167275 0.167275 0.167275
2972.595215 0.000000 3373.207031 0.000000 0.915965 0.000000 0.401258 0.170281 0.170281 0.170281
2963.938965 0.000000 3360.292480 0.000000 0.743028 0.000000 0.669261 0.169616 0.169616 0.169616
2973.504883 0.000000 3373.636719 0.000000 0.395797 0.000000 0.918338 0.166157 0.166157 0.166157
2965.270752 0.000000 3358.733398 0.000000 0.595654 0.000000 0.803241 0.194062 0.194062 0.194062
2972.635742 0.000000 3372.206299 0.000000 0.107007 0.000000 0.994258 0.164510 0.164510 0.164510
2974.264648 0.000000 3387.398926 0.000000 0.106444 0.000000 0.994319 0.178928 0.178928 0.178928
2959.296143 0.000000 3388.600830 0.000000 0.889376 0.000000 0.457176 0.196977 0.196977 0.196977
2968.071289 0.000000 3388.733154 0.000000 0.999575 0.000000 0.029165 0.199814 0.199814 0.199814
2958.584229 0.000000 3388.983643 0.000000 0.983766 0.000000 0.179455 0.198851 0.198851 0.198851
2964.213135 0.000000 3358.592773 0.000000 0.423542 0.000000 0.905876 0.192784 0.192784 0.192784
2974.802246 0.000000 3389.123535 0.000000 0.352188 0.000000 0.935929 0.102340 0.102340 0.102340
2957.467529 0.000000 3404.617676 0.000000 0.997363 0.000000 -0.072574 0.103320 0.103320 0.103320
2966.797119 0.000000 3390.037109 0.000000 0.974776 0.000000 0.223186 0.137940 0.137940 0.137940
2953.095459 0.000000 3401.049805 0.000000 0.670372 0.000000 0.742025 0.128694 0.128694 0.128694
2956.396729 0.000000 3401.570312 0.000000 0.948445 0.000000 0.316941 0.121984 0.121984 0.121984
2966.343750 0.000000 3406.454834 0.000000 0.805291 0.000000 0.592880 0.124602 0.124602 0.124602
2963.875488 0.000000 3404.511230 0.000000 0.320736 0.000000 0.947169 0.109759 0.109759 0.109759
2967.342529 0.000000 3404.573242 0.000000 0.990722 0.000000 -0.135905 0.139538 0.139538 0.139538
2955.631592 0.000000 3405.578857 0.000000 0.982289 0.000000 0.187370 0.135875 0.135875 0.135875
2961.373535 0.000000 3389.168945 0.000000 0.444251 0.000000 0.895902 0.115110 0.115110 0.115110
2959.288574 0.000000 3403.600586 0.000000 0.989696 0.000000 0.143185 0.165626 0.165626 0.165626
2965.077881 0.000000 3391.190186 0.000000 0.924739 0.000000 0.380602 0.134443 0.134443 0.134443
2952.096436 0.000000 3391.247559 0.000000 0.090864 0.000000 0.995863 0.166557 0.166557 0.166557
2954.859131 0.000000 3396.591064 0.000000 0.765979 0.000000 0.642865 0.127631 0.127631 0.127631
2964.110352 0.000000 3402.700195 0.000000 0.565012 0.000000 0.825083 0.111299 0.111299 0.111299
2952.084717 0.000000 3404.697510 0.000000 0.981630 0.000000 0.190792 0.123053 0.123053 0.123053
2952.607910 0.000000 3402.897949 0.000000 0.998132 0.000000 -0.061100 0.145380 0.145380 0.145380
2955.861084 0.000000 3403.731934 0.000000 0.946239 0.000000 0.323468 0.119740 0.119740 0.119740
2976.706299 0.000000 3393.211670 0.000000 0.932316 0.000000 -0.361644 0.117332 0.117332 0.117332
2970.746094 0.000000 3389.089600 0.000000 0.990042 0.000000 -0.140774 0.153629 0.153629 0.153629
2953.291260 0.000000 3405.855713 0.000000 0.990796 0.000000 -0.135361 0.124345 0.124345 0.124345
2952.235840 0.000000 3396.445068 0.000000 0.956861 0.000000 0.290546 0.132082 0.132082 0.132082
2957.791260 0.000000 3389.115234 0.000000 0.983444 0.000000 0.181210 0.156510 0.156510 0.156510
2953.760254 0.000000 3397.764160 0.000000 0.951611 0.000000 0.307306 0.132008 0.132008 0.132008
2961.973633 0.000000 3403.983887 0.000000 0.930081 0.000000 -0.367354 0.187088 0.187088 0.187088
2952.166748 0.000000 3394.647217 0.000000 0.942710 0.000000 -0.333614 0.127415 0.127415 0.127415
2974.456787 0.000000 3392.113281 0.000000 0.997693 0.000000 0.067893 0.170499 0.170499 0.170499
2960.534668 0.000000 3402.890381 0.000000 0.989629 0.000000 -0.143647 0.185722 0.185722 0.185722
2963.355225 0.000000 3389.096191 0.000000 0.980928 0.000000 -0.194370 0.171932 0.171932 0.171932
2955.303955 0.000000 3406.858887 0.000000 0.121876 0.000000 0.992545 0.166196 0.166196 0.166196
2963.024170 0.000000 3403.316895 0.000000 0.935009 0.000000 -0.354623 0.177940 0.177940 0.177940
2954.391357 0.000000 3394.614990 0.000000 0.990341 0.000000 -0.138654 0.153056 0.153056 0.153056
2963.108887 0.000000 3402.059814 0.000000 0.979977 0.000000 -0.199112 0.177033 0.177033 0.177033
2960.389648 0.000000 3403.999512 0.000000 0.955309 0.000000 -0.295610 0.186640 0.186640 0.186640
2958.162354 0.000000 3403.807617 0.000000 0.927132 0.000000 -0.374734 0.168421 0.168421 0.168421
2956.967773 0.000000 3403.677002 0.000000 0.939973 0.000000 0.341248 0.162326 0.162326 0.162326
2977.670898 0.000000 3389.818115 0.000000 0.947868 0.000000 0.318663 0.197935 0.197935 0.197935
2955.115234 0.000000 3391.924805 0.000000 0.151576 0.000000 0.988446 0.182410 0.182410 0.182410
2952.497803 0.000000 3390.297119 0.000000 0.235568 0.000000 0.971858 0.167373 0.167373 0.167373
2964.694580 0.000000 3405.324707 0.000000 0.860752 0.000000 0.509025 0.196600 0.196600 0.196600
2955.104736 0.000000 3390.158691 0.000000 0.307482 0.000000 0.951554 0.183385 0.183385 0.183385
2961.425049 0.000000 3403.205811 0.000000 0.983530 0.000000 -0.180747 0.185943 0.185943 0.185943
2954.141602 0.000000 3391.794189 0.000000 0.853051 0.000000 -0.521828 0.194375 0.194375 0.194375
2969.915527 0.000000 3389.541748 0.000000 0.748194 0.000000 0.663480 0.195382 0.195382 0.195382
2964.828369 0.000000 3404.470215 0.000000 0.021200 0.000000 0.999775 0.190135 0.190135 0.190135
4110.189453 0.000000 2352.303223 0.000000 0.077046 0.000000 0.997028 0.095245 0.095245 0.095245
4106.048340 0.000000 2361.359619 0.000000 0.747016 0.000000 0.664806 0.101790 0.101790 0.101790
4099.716309 0.000000 2356.965576 0.000000 0.886918 0.000000 0.461927 0.123021 0.123021 0.123021
4109.066406 0.000000 2369.075684 0.000000 0.335148 0.000000 0.942166 0.128117 0.128117 0.128117
4101.002930 0.000000 2351.987305 0.000000 0.054853 0.000000 0.998494 0.108238 0.108238 0.108238
4117.636230 0.000000 2370.361572 0.000000 0.961899 0.000000 0.273405 0.113834 0.113834 0.113834
4116.194824 0.000000 2361.772217 0.000000 0.835191 0.000000 -0.549960 0.122110 0.122110 0.122110
4109.646484 0.000000 2356.605713 0.000000 0.940899 0.000000 -0.338687 0.158022 0.158022 0.158022
4113.114746 0.000000 2370.419189 0.000000 0.489058 0.000000 0.872251 0.129918 0.129918 0.129918
4096.390625 0.000000 2359.409424 0.000000 0.715977 0.000000 0.698124 0.097540 0.097540 0.097540
4103.290527 0.000000 2358.704590 0.000000 0.975465 0.000000 0.220153 0.139623 0.139623 0.139623
4113.216309 0.000000 2355.740723 0.000000 0.830181 0.000000 -0.557495 0.111300 0.111300 0.111300
4100.219238 0.000000 2348.493408 0.000000 0.998046 0.000000 0.062487 0.099801 0.099801 0.099801
4114.867188 0.000000 2358.823242 0.000000 0.977821 0.000000 0.209440 0.126317 0.126317 0.126317
4109.152832 0.000000 2361.090332 0.000000 0.925635 0.000000 0.378417 0.117300 0.117300 0.117300
4102.113770 0.000000 2354.817871 0.000000 0.878318 0.000000 -0.478077 0.125774 0.125774 0.125774
4117.436035 0.000000 2367.157227 0.000000 0.994319 0.000000 -0.106442 0.107366 0.107366 0.107366
4108.244629 0.000000 2366.476074 0.000000 0.870557 0.000000 0.492068 0.158702 0.158702 0.158702
4110.452148 0.000000 2371.454102 0.000000 0.857740 0.000000 -0.514084 0.125937 0.125937 0.125937
4096.956543 0.000000 2356.979248 0.000000 0.921073 0.000000 0.389390 0.106747 0.106747 0.106747
4111.784668 0.000000 2357.682129 0.000000 0.118524 0.000000 0.992951 0.152284 0.152284 0.152284
4115.281738 0.000000 2371.513916 0.000000 0.715191 0.000000 0.698929 0.138245 0.138245 0.138245
4129.615234 0.000000 2369.955078 0.000000 0.674163 0.000000 0.738583 0.101991 0.101991 0.101991
4098.523438 0.000000 2330.274170 0.000000 0.459746 0.000000 0.888051 0.159516 0.159516 0.159516
4109.897461 0.000000 2358.967285 0.000000 0.235672 0.000000 0.971833 0.135723 0.135723 0.135723
4097.729980 0.000000 2348.451660 0.000000 0.999849 0.000000 -0.017348 0.118833 0.118833 0.118833
4110.936035 0.000000 2362.431396 0.000000 0.920757 0.000000 0.390136 0.155415 0.155415 0.155415
4107.567871 0.000000 2356.012695 0.000000 0.861832 0.000000 -0.507194 0.140718 0.140718 0.140718
4101.188477 0.000000 2358.599365 0.000000 0.933278 0.000000 -0.359155 0.116189 0.116189 0.116189
4128.929688 0.000000 2372.336914 0.000000 0.975597 0.000000 -0.219567 0.144428 0.144428 0.144428
4103.299805 0.000000 2356.597412 0.000000 0.892386 0.000000 0.451273 0.147351 0.147351 0.147351
4111.150391 0.000000 2369.470459 0.000000 0.917972 0.000000 0.396645 0.163121 0.163121 0.163121
4111.288574 0.000000 2330.397461 0.000000 0.675206 0.000000 0.737629 0.128176 0.128176 0.128176
4123.270508 0.000000 2367.605713 0.000000 0.907363 0.000000 0.420349 0.110498 0.110498 0.110498
4124.806641 0.000000 2366.222412 0.000000 0.978743 0.000000 -0.205091 0.126879 0.126879 0.126879
4098.200195 0.000000 2332.478516 0.000000 0.889144 0.000000 0.457627 0.146765 0.146765 0.146765
4105.040527 0.000000 2357.384033 0.000000 0.920862 0.000000 0.389888 0.148779 0.148779 0.148779
4098.331055 0.000000 2355.805176 0.000000 0.999589 0.000000 0.028654 0.153921 0.153921 0.153921
4123.848633 0.000000 2369.518555 0.000000 0.423795 0.000000 0.905758 0.162005 0.162005 0.162005
4117.837891 0.000000 2360.806641 0.000000 0.463737 0.000000 0.885973 0.115734 0.115734 0.115734
4100.483398 0.000000 2350.289307 0.000000 0.558892 0.000000 0.829241 0.110186 0.110186 0.110186
4100.253418 0.000000 2355.225342 0.000000 0.992331 0.000000 0.123609 0.130017 0.130017 0.130017
4108.884766 0.000000 2362.841797 0.000000 0.999920 0.000000 -0.012676 0.126101 0.126101 0.126101
4106.837402 0.000000 2367.467529 0.000000 0.982387 0.000000 0.186857 0.115273 0.115273 0.115273
4111.409668 0.000000 2356.019531 0.000000 0.900912 0.000000 -0.434002 0.161945 0.161945 0.161945
4108.416504 0.000000 2357.777344 0.000000 0.836841 0.000000 0.547445 0.153420 0.153420 0.153420
4116.010742 0.000000 2360.068604 0.000000 0.892459 0.000000 -0.451129 0.121674 0.121674 0.121674
4113.260742 0.000000 2358.423584 0.000000 0.588021 0.000000 0.808846 0.152702 0.152702 0.152702
4115.981934 0.000000 2370.041504 0.000000 0.931979 0.000000 -0.362513 0.143410 0.143410 0.143410
4108.826172 0.000000 2355.045410 0.000000 0.180174 0.000000 0.983635 0.128506 0.128506 0.128506
4100.650391 0.000000 2353.635498 0.000000 0.751900 0.000000 0.659277 0.125352 0.125352 0.125352
4116.687500 0.000000 2368.562500 0.000000 0.628358 0.000000 0.777925 0.117575 0.117575 0.117575
4099.098633 0.000000 2333.983398 0.000000 0.417298 0.000000 0.908770 0.143611 0.143611 0.143611
4110.515625 0.000000 2365.806152 0.000000 0.207298 0.000000 0.978278 0.179003 0.179003 0.179003
4115.869141 0.000000 2367.178955 0.000000 0.749373 0.000000 0.662148 0.145040 0.145040 0.145040
4117.261719 0.000000 2363.020264 0.000000 0.964763 0.000000 -0.263121 0.144633 0.144633 0.144633
4112.417480 0.000000 2361.730469 0.000000 0.518332 0.000000 0.855179 0.165831 0.165831 0.165831
4108.418457 0.000000 2364.935303 0.000000 0.835357 0.000000 -0.549708 0.164334 0.164334 0.164334
4103.681641 0.000000 2354.777344 0.000000 0.826108 0.000000 -0.563512 0.126169 0.126169 0.126169
4110.479004 0.000000 2360.340088 0.000000 0.677511 0.000000 0.735512 0.141281 0.141281 0.141281
4097.437988 0.000000 2353.820068 0.000000 0.886072 0.000000 0.463547 0.160524 0.160524 0.160524
4106.169922 0.000000 2356.433105 0.000000 0.974646 0.000000 -0.223753 0.139369 0.139369 0.139369
4114.552246 0.000000 2370.010254 0.000000 0.884362 0.000000 -0.466801 0.143928 0.143928 0.143928
4113.812988 0.000000 2371.724365 0.000000 0.621600 0.000000 0.783335 0.130602 0.130602 0.130602
4096.096680 0.000000 2355.896729 0.000000 0.794778 0.000000 0.606900 0.133857 0.133857 0.133857
4121.114746 0.000000 2370.185791 0.000000 0.193786 0.000000 0.981044 0.133923 0.133923 0.133923
4098.422363 0.000000 2328.925781 0.000000 0.831244 0.000000 0.555908 0.139627 0.139627 0.139627
4113.435547 0.000000 2359.773438 0.000000 0.970950 0.000000 -0.239281 0.158634 0.158634 0.158634
4111.887695 0.000000 2363.596680 0.000000 0.999370 0.000000 0.035479 0.157245 0.157245 0.157245
4115.485352 0.000000 2364.828857 0.000000 0.010360 0.000000 0.999946 0.170367 0.170367 0.170367
4097.161133 0.000000 2355.139404 0.000000 0.845884 0.000000 0.533366 0.134247 0.134247 0.134247
4110.338867 0.000000 2357.680420 0.000000 0.998716 0.000000 0.050649 0.159406 0.159406 0.159406
4096.026367 0.000000 2352.976562 0.000000 0.961919 0.000000 0.273335 0.161589 0.161589 0.161589
4102.391602 0.000000 2357.827393 0.000000 0.715964 0.000000 0.698137 0.145900 0.145900 0.145900
4099.693359 0.000000 2330.871826 0.000000 0.964185 0.000000 0.265230 0.163854 0.163854 0.163854
4097.581055 0.000000 2351.103271 0.000000 0.969575 0.000000 -0.244794 0.159227 0.159227 0.159227
4099.569824 0.000000 2329.503662 0.000000 0.947926 0.000000 -0.318490 0.143765 0.143765 0.143765
4104.482910 0.000000 2356.209473 0.000000 0.425371 0.000000 0.905019 0.145273 0.145273 0.145273
4112.364258 0.000000 2369.430664 0.000000 0.960453 0.000000 0.278442 0.156009 0.156009 0.156009
4109.262207 0.000000 2365.809814 0.000000 0.453223 0.000000 0.891397 0.155693 0.155693 0.155693
4127.818848 0.000000 2371.843994 0.000000 0.908162 0.000000 -0.418620 0.165267 0.165267 0.165267
4106.729004 0.000000 2330.279297 0.000000 0.166028 0.000000 0.986121 0.191062 0.191062 0.191062
4110.024902 0.000000 2363.172363 0.000000 0.828466 0.000000 -0.560040 0.160402 0.160402 0.160402
4099.816406 0.000000 2351.290039 0.000000 0.333332 0.000000 0.942810 0.151793 0.151793 0.151793
4112.322266 0.000000 2366.029541 0.000000 0.923278 0.000000 0.384132 0.178681 0.178681 0.178681
4111.009277 0.000000 2364.347656 0.000000 0.406263 0.000000 0.913756 0.180251 0.180251 0.180251
4107.067383 0.000000 2331.361572 0.000000 0.999969 0.000000 0.007868 0.199950 0.199950 0.199950
4113.929199 0.000000 2369.074951 0.000000 0.896661 0.000000 0.442718 0.155125 0.155125 0.155125
4123.171875 0.000000 2371.819580 0.000000 0.647900 0.000000 0.761726 0.194487 0.194487 0.194487
4098.886719 0.000000 2331.620850 0.000000 0.999432 0.000000 -0.033704 0.165443 0.165443 0.165443
4113.039551 0.000000 2360.779785 0.000000 0.629262 0.000000 0.777194 0.166571 0.166571 0.166571
4098.417969 0.000000 2351.767090 0.000000 0.007148 0.000000 0.999974 0.150120 0.150120 0.150120
4103.020020 0.000000 2331.266113 0.000000 0.578939 0.000000 0.815371 0.160794 0.160794 0.160794
4108.967773 0.000000 2330.473877 0.000000 0.971309 0.000000 0.237820 0.198471 0.198471 0.198471
4124.043457 0.000000 2368.373291 0.000000 0.983429 0.000000 0.181296 0.187700 0.187700 0.187700
4124.533691 0.000000 2370.323730 0.000000 0.492775 0.000000 0.870157 0.193280 0.193280 0.193280
4110.071777 0.000000 2369.481689 0.000000 0.093085 0.000000 0.995658 0.157493 0.157493 0.157493
4124.838379 0.000000 2369.258789 0.000000 0.688248 0.000000 0.725476 0.183917 0.183917 0.183917
4113.692871 0.000000 2365.756836 0.000000 0.656360 0.000000 0.754448 0.188563 0.188563 0.188563
4115.690918 0.000000 2362.662598 0.000000 0.868581 0.000000 -0.495547 0.203301 0.203301 0.203301
4122.143555 0.000000 2371.560791 0.000000 0.992203 0.000000 0.124632 0.199205 0.199205 0.199205
4112.603027 0.000000 2367.397461 0.000000 0.021580 0.000000 0.999767 0.172029 0.172029 0.172029
4110.682129 0.000000 2366.772461 0.000000 0.597079 0.000000 0.802183 0.183201 0.183201 0.183201
4105.038574 0.000000 2331.720215 0.000000 0.851021 0.000000 0.525132 0.196480 0.196480 0.196480
4114.612793 0.000000 2364.444336 0.000000 0.352041 0.000000 0.935985 0.172361 0.172361 0.172361
4124.825684 0.000000 2371.907471 0.000000 0.999536 0.000000 -0.030459 0.200194 0.200194 0.200194
4114.017090 0.000000 2362.798340 0.000000 0.701194 0.000000 0.712970 0.194947 0.194947 0.194947
4125.028809 0.000000 2370.982422 0.000000 0.020827 0.000000 0.999783 0.190133 0.190133 0.190133
4100.341797 0.000000 2331.335693 0.000000 0.961201 0.000000 -0.275849 0.201779 0.201779 0.201779
4221.041992 0.000000 2371.517578 0.000000 0.880712 0.000000 0.473653 0.119108 0.119108 0.119108
4223.022949 0.000000 2370.024902 0.000000 0.997398 0.000000 -0.072085 0.140378 0.140378 0.140378
4222.566406 0.000000 2371.488037 0.000000 0.638106 0.000000 0.769949 0.136138 0.136138 0.136138
4221.858887 0.000000 2372.265137 0.000000 0.304814 0.000000 0.952412 0.175840 0.175840 0.175840
4225.469238 0.000000 2370.407471 0.000000 0.580402 0.000000 0.814330 0.096971 0.096971 0.096971
4224.164062 0.000000 2372.198486 0.000000 0.811052 0.000000 0.584974 0.133976 0.133976 0.133976
4320.693359 0.000000 2367.847656 0.000000 0.686615 0.000000 0.727022 0.153890 0.153890 0.153890
4324.314453 0.000000 2369.255371 0.000000 0.502408 0.000000 0.864631 0.122943 0.122943 0.122943
4325.505371 0.000000 2371.547119 0.000000 0.269139 0.000000 0.963101 0.133194 0.133194 0.133194
4321.938477 0.000000 2366.747803 0.000000 0.989925 0.000000 -0.141594 0.158698 0.158698 0.158698
4324.175781 0.000000 2370.774170 0.000000 0.442234 0.000000 0.896900 0.134015 0.134015 0.134015
4320.238770 0.000000 2369.397705 0.000000 0.898018 0.000000 -0.439960 0.190397 0.190397 0.190397
4323.060059 0.000000 2369.854248 0.000000 0.999818 0.000000 0.019054 0.192600 0.192600 0.192600
4321.257812 0.000000 2368.877441 0.000000 0.972326 0.000000 -0.233630 0.189084 0.189084 0.189084
4322.680176 0.000000 2370.848633 0.000000 0.892056 0.000000 0.451925 0.167766 0.167766 0.167766
4126.802246 0.000000 2372.404785 0.000000 0.743803 0.000000 0.668399 0.145000 0.145000 0.145000
4111.347656 0.000000 2372.627930 0.000000 0.968699 0.000000 0.248240 0.099201 0.099201 0.099201
4134.270996 0.000000 2373.750732 0.000000 0.885099 0.000000 -0.465403 0.101541 0.101541 0.101541
4130.074219 0.000000 2377.863525 0.000000 0.223338 0.000000 0.974741 0.151217 0.151217 0.151217
4122.844238 0.000000 2374.061279 0.000000 0.988050 0.000000 -0.154132 0.114849 0.114849 0.114849
4114.974121 0.000000 2373.746582 0.000000 0.895404 0.000000 0.445255 0.099359 0.099359 0.099359
4132.294922 0.000000 2376.000488 0.000000 0.145509 0.000000 0.989357 0.106963 0.106963 0.106963
4125.269531 0.000000 2374.503174 0.000000 0.957619 0.000000 -0.288037 0.119307 0.119307 0.119307
4121.025879 0.000000 2372.591553 0.000000 0.295969 0.000000 0.955198 0.122029 0.122029 0.122029
4130.286621 0.000000 2375.971436 0.000000 0.978866 0.000000 0.204505 0.166965 0.166965 0.166965
4128.870605 0.000000 2379.589355 0.000000 0.845363 0.000000 -0.534193 0.115766 0.115766 0.115766
4133.911621 0.000000 2375.503418 0.000000 0.780439 0.000000 0.625232 0.118407 0.118407 0.118407
4132.465820 0.000000 2374.129639 0.000000 0.594918 0.000000 0.803787 0.117412 0.117412 0.117412
4128.706543 0.000000 2376.492920 0.000000 0.320675 0.000000 0.947189 0.154416 0.154416 0.154416
4130.589355 0.000000 2372.541992 0.000000 0.829847 0.000000 -0.557991 0.141554 0.141554 0.141554
4126.747070 0.000000 2373.931885 0.000000 0.941111 0.000000 0.338099 0.146830 0.146830 0.146830
4126.457031 0.000000 2375.394531 0.000000 0.422729 0.000000 0.906256 0.124739 0.124739 0.124739
4131.259766 0.000000 2374.908203 0.000000 0.893919 0.000000 0.448228 0.165581 0.165581 0.165581
4129.218262 0.000000 2375.163086 0.000000 0.729715 0.000000 0.683751 0.168961 0.168961 0.168961
4125.531738 0.000000 2373.187500 0.000000 0.965059 0.000000 -0.262032 0.184174 0.184174 0.184174
4131.236328 0.000000 2376.864990 0.000000 0.992391 0.000000 -0.123128 0.158604 0.158604 0.158604
4123.333984 0.000000 2373.150146 0.000000 0.168269 0.000000 0.985741 0.165385 0.165385 0.165385
4218.875000 0.000000 2372.498291 0.000000 0.659225 0.000000 0.751946 0.111735 0.111735 0.111735
4220.365723 0.000000 2375.071533 0.000000 0.988863 0.000000 0.148828 0.128796 0.128796 0.128796
4222.677246 0.000000 2374.889893 0.000000 0.999644 0.000000 0.026674 0.140497 0.140497 0.140497
4223.877441 0.000000 2375.463623 0.000000 0.099218 0.000000 0.995066 0.134030 0.134030 0.134030
4222.218750 0.000000 2373.287598 0.000000 0.836916 0.000000 0.547332 0.196313 0.196313 0.196313
4224.976074 0.000000 2372.864014 0.000000 0.846314 0.000000 -0.532684 0.139139 0.139139 0.139139
4314.616699 0.000000 2378.553223 0.000000 0.253456 0.000000 0.967347 0.115408 0.115408 0.115408
4322.139648 0.000000 2374.070068 0.000000 0.930818 0.000000 0.365484 0.106282 0.106282 0.106282
4316.263672 0.000000 2381.639893 0.000000 0.086194 0.000000 0.996278 0.131837 0.131837 0.131837
4315.921387 0.000000 2388.299561 0.000000 0.896781 0.000000 -0.442474 0.116522 0.116522 0.116522
4314.002441 0.000000 2386.379150 0.000000 0.282577 0.000000 0.959245 0.143465 0.143465 0.143465
4320.666016 0.000000 2372.982666 0.000000 0.992259 0.000000 -0.124185 0.155797 0.155797 0.155797
4318.747070 0.000000 2373.931885 0.000000 0.850671 0.000000 -0.525699 0.177870 0.177870 0.177870
4315.479980 0.000000 2386.702637 0.000000 0.947008 0.000000 0.321211 0.148023 0.148023 0.148023
4314.442871 0.000000 2387.828857 0.000000 0.998642 0.000000 -0.052106 0.149828 0.149828 0.149828
4317.555176 0.000000 2380.316895 0.000000 0.958001 0.000000 -0.286765 0.139656 0.139656 0.139656
4317.269043 0.000000 2382.295654 0.000000 0.999976 0.000000 -0.006869 0.187156 0.187156 0.187156
4318.290527 0.000000 2382.914551 0.000000 0.997416 0.000000 -0.071835 0.153853 0.153853 0.153853
4321.033203 0.000000 2378.461426 0.000000 0.872098 0.000000 0.489330 0.196745 0.196745 0.196745
4325.115234 0.000000 2373.211914 0.000000 0.837242 0.000000 -0.546832 0.203683 0.203683 0.203683
4315.101074 0.000000 2381.497070 0.000000 0.993652 0.000000 0.112499 0.199282 0.199282 0.199282
4319.713379 0.000000 2373.484131 0.000000 0.300137 0.000000 0.953896 0.167746 0.167746 0.167746
4321.595215 0.000000 2376.955078 0.000000 0.204172 0.000000 0.978935 0.187558 0.187558 0.187558
4320.805664 0.000000 2377.489014 0.000000 0.345045 0.000000 0.938586 0.188473 0.188473 0.188473
4315.581055 0.000000 2380.710205 0.000000 0.976215 0.000000 -0.216803 0.201391 0.201391 0.201391
4321.903320 0.000000 2378.754395 0.000000 0.819668 0.000000 0.572839 0.196117 0.196117 0.196117
4317.564453 0.000000 2378.377441 0.000000 0.831489 0.000000 0.555542 0.196250 0.196250 0.196250
4325.010742 0.000000 2372.363281 0.000000 0.610794 0.000000 0.791790 0.194183 0.194183 0.194183
4316.497559 0.000000 2379.713379 0.000000 0.978992 0.000000 0.203898 0.198693 0.198693 0.198693
4314.265137 0.000000 2381.531006 0.000000 0.998341 0.000000 -0.057576 0.200367 0.200367 0.200367
4316.646484 0.000000 2378.191650 0.000000 0.405031 0.000000 0.914303 0.192655 0.192655 0.192655
4655.227539 0.000000 2260.894287 0.000000 0.684388 0.000000 0.729118 0.138596 0.138596 0.138596
4654.835449 0.000000 2263.425537 0.000000 0.999997 0.000000 0.002561 0.159651 0.159651 0.159651
4654.579590 0.000000 2262.041260 0.000000 0.332470 0.000000 0.943114 0.153403 0.153403 0.153403
4657.581055 0.000000 2262.299316 0.000000 0.550519 0.000000 0.834823 0.193711 0.193711 0.193711
6836.449707 0.000000 2518.072998 0.000000 0.556907 0.000000 0.830575 0.130802 0.130802 0.130802
6817.639160 0.000000 2515.350098 0.000000 0.999376 0.000000 0.035331 0.099888 0.099888 0.099888
6841.426758 0.000000 2502.711426 0.000000 0.784907 0.000000 0.619613 0.115693 0.115693 0.115693
6830.271484 0.000000 2522.601074 0.000000 0.935229 0.000000 0.354044 0.098848 0.098848 0.098848
6841.915527 0.000000 2496.027344 0.000000 0.949108 0.000000 -0.314950 0.114885 0.114885 0.114885
6829.791016 0.000000 2498.650635 0.000000 0.821667 0.000000 -0.569968 0.141618 0.141618 0.141618
6847.097656 0.000000 2524.701660 0.000000 0.999777 0.000000 -0.021135 0.100067 0.100067 0.100067
6825.396484 0.000000 2499.071289 0.000000 0.715233 0.000000 0.698887 0.123492 0.123492 0.123492
6815.822266 0.000000 2511.373535 0.000000 0.906389 0.000000 -0.422445 0.101388 0.101388 0.101388
6843.875488 0.000000 2499.518799 0.000000 0.187089 0.000000 0.982343 0.125859 0.125859 0.125859
6828.877441 0.000000 2519.099365 0.000000 0.166553 0.000000 0.986033 0.144503 0.144503 0.144503
6819.650879 0.000000 2508.254883 0.000000 0.899401 0.000000 0.437126 0.113744 0.113744 0.113744
6828.084473 0.000000 2516.056396 0.000000 0.947943 0.000000 -0.318439 0.101315 0.101315 0.101315
6837.610352 0.000000 2520.805420 0.000000 0.963165 0.000000 0.268909 0.099133 0.099133 0.099133
6826.549316 0.000000 2496.423828 0.000000 0.999918 0.000000 0.012780 0.123199 0.123199 0.123199
6817.496582 0.000000 2509.543213 0.000000 0.930578 0.000000 0.366093 0.099084 0.099084 0.099084
6843.596680 0.000000 2501.838867 0.000000 0.671874 0.000000 0.740665 0.133066 0.133066 0.133066
6819.886719 0.000000 2515.937012 0.000000 0.909146 0.000000 -0.416478 0.110737 0.110737 0.110737
6828.435059 0.000000 2521.287598 0.000000 0.195044 0.000000 0.980794 0.164464 0.164464 0.164464
6835.339844 0.000000 2520.601807 0.000000 0.920261 0.000000 0.391305 0.107293 0.107293 0.107293
6847.035645 0.000000 2526.920654 0.000000 0.817090 0.000000 0.576510 0.152696 0.152696 0.152696
6825.380859 0.000000 2501.260010 0.000000 0.267777 0.000000 0.963481 0.111169 0.111169 0.111169
6816.249023 0.000000 2513.688232 0.000000 0.997762 0.000000 -0.066872 0.139232 0.139232 0.139232
6821.382812 0.000000 2512.894531 0.000000 0.567414 0.000000 0.823433 0.109680 0.109680 0.109680
6830.922852 0.000000 2520.633789 0.000000 0.985266 0.000000 0.171029 0.111989 0.111989 0.111989
6834.737793 0.000000 2518.810059 0.000000 0.893900 0.000000 0.448266 0.168340 0.168340 0.168340
6827.248535 0.000000 2518.138428 0.000000 0.999280 0.000000 -0.037935 0.145273 0.145273 0.145273
6847.474121 0.000000 2530.536865 0.000000 0.425662 0.000000 0.904882 0.118812 0.118812 0.118812
6844.200684 0.000000 2529.385254 0.000000 0.872045 0.000000 -0.489425 0.124686 0.124686 0.124686
6818.170410 0.000000 2513.669922 0.000000 0.944805 0.000000 -0.327634 0.172118 0.172118 0.172118
6838.224609 0.000000 2500.491211 0.000000 0.801851 0.000000 0.597524 0.119639 0.119639 0.119639
6839.988281 0.000000 2500.935791 0.000000 0.996541 0.000000 -0.083102 0.122452 0.122452 0.122452
6818.717285 0.000000 2510.675537 0.000000 0.553610 0.000000 0.832776 0.172571 0.172571 0.172571
6826.998047 0.000000 2521.979492 0.000000 0.579903 0.000000 0.814686 0.159714 0.159714 0.159714
6837.526855 0.000000 2519.248047 0.000000 0.959910 0.000000 0.280309 0.133793 0.133793 0.133793
6826.500977 0.000000 2500.098145 0.000000 0.069059 0.000000 0.997613 0.168035 0.168035 0.168035
6835.138184 0.000000 2517.324707 0.000000 0.981383 0.000000 -0.192062 0.183757 0.183757 0.183757
6828.925781 0.000000 2501.879883 0.000000 0.123006 0.000000 0.992406 0.120777 0.120777 0.120777
6842.884277 0.000000 2500.595947 0.000000 0.704033 0.000000 0.710167 0.133258 0.133258 0.133258
6829.534668 0.000000 2520.333984 0.000000 0.714782 0.000000 0.699347 0.167749 0.167749 0.167749
6847.099609 0.000000 2528.273682 0.000000 0.456933 0.000000 0.889501 0.181126 0.181126 0.181126
6837.027344 0.000000 2516.829590 0.000000 0.980966 0.000000 -0.194180 0.146001 0.146001 0.146001
6816.286133 0.000000 2510.190674 0.000000 0.231677 0.000000 0.972793 0.139459 0.139459 0.139459
6837.738770 0.000000 2517.937744 0.000000 0.362293 0.000000 0.932064 0.139555 0.139555 0.139555
6829.685059 0.000000 2521.532227 0.000000 0.028158 0.000000 0.999603 0.163544 0.163544 0.163544
6817.384277 0.000000 2510.735840 0.000000 0.197166 0.000000 0.980370 0.139296 0.139296 0.139296
6827.927246 0.000000 2500.157471 0.000000 0.847577 0.000000 -0.530672 0.179613 0.179613 0.179613
6841.149414 0.000000 2501.418213 0.000000 0.976130 0.000000 0.217188 0.184142 0.184142 0.184142
6834.367676 0.000000 2519.941650 0.000000 0.968192 0.000000 -0.250208 0.172244 0.172244 0.172244
6826.449707 0.000000 2501.698975 0.000000 0.359670 0.000000 0.933079 0.169714 0.169714 0.169714
6847.301758 0.000000 2529.410645 0.000000 0.932460 0.000000 0.361274 0.185467 0.185467 0.185467
6827.296875 0.000000 2520.933838 0.000000 0.884994 0.000000 -0.465602 0.167245 0.167245 0.167245
6834.162109 0.000000 2517.812256 0.000000 0.616311 0.000000 0.787503 0.177362 0.177362 0.177362
6826.582031 0.000000 2499.088867 0.000000 0.779184 0.000000 0.626796 0.187465 0.187465 0.187465
6840.222168 0.000000 2500.017090 0.000000 0.965090 0.000000 0.261918 0.183870 0.183870 0.183870
6855.674805 0.000000 2509.258545 0.000000 0.891058 0.000000 -0.453889 0.102353 0.102353 0.102353
6851.716309 0.000000 2526.418701 0.000000 0.007113 0.000000 0.999975 0.095023 0.095023 0.095023
6873.924805 0.000000 2538.552979 0.000000 0.942745 0.000000 -0.333515 0.118920 0.118920 0.118920
6861.066406 0.000000 2538.528809 0.000000 0.760970 0.000000 0.648787 0.107884 0.107884 0.107884
6864.020996 0.000000 2529.540771 0.000000 0.846166 0.000000 -0.532920 0.104355 0.104355 0.104355
6871.427734 0.000000 2534.307861 0.000000 0.345268 0.000000 0.938504 0.143241 0.143241 0.143241
6848.390625 0.000000 2528.862549 0.000000 0.576737 0.000000 0.816930 0.154262 0.154262 0.154262
6884.219727 0.000000 2525.469971 0.000000 0.890404 0.000000 0.455171 0.102082 0.102082 0.102082
6884.675781 0.000000 2518.154541 0.000000 0.800882 0.000000 0.598822 0.127316 0.127316 0.127316
6874.771973 0.000000 2535.222900 0.000000 0.363265 0.000000 0.931686 0.136327 0.136327 0.136327
6887.131348 0.000000 2520.291748 0.000000 0.173715 0.000000 0.984796 0.146679 0.146679 0.146679
6863.660156 0.000000 2536.477783 0.000000 0.879584 0.000000 0.475744 0.138397 0.138397 0.138397
6880.693359 0.000000 2537.300781 0.000000 0.629718 0.000000 0.776824 0.111049 0.111049 0.111049
6886.737793 0.000000 2523.790283 0.000000 0.983197 0.000000 0.182549 0.124757 0.124757 0.124757
6861.152832 0.000000 2530.543457 0.000000 0.351591 0.000000 0.936154 0.122805 0.122805 0.122805
6854.827637 0.000000 2541.311279 0.000000 0.964776 0.000000 0.263072 0.136092 0.136092 0.136092
6859.713867 0.000000 2523.315674 0.000000 0.101987 0.000000 0.994786 0.122828 0.122828 0.122828
6851.167969 0.000000 2529.265137 0.000000 0.996078 0.000000 0.088479 0.101115 0.101115 0.101115
6851.898438 0.000000 2538.069092 0.000000 0.874698 0.000000 -0.484668 0.106449 0.106449 0.106449
6859.346680 0.000000 2533.276611 0.000000 0.915667 0.000000 0.401937 0.127708 0.127708 0.127708
6871.931152 0.000000 2537.029785 0.000000 0.989716 0.000000 -0.143044 0.109743 0.109743 0.109743
6848.956543 0.000000 2526.432373 0.000000 0.997122 0.000000 -0.075813 0.130848 0.130848 0.130848
6864.687988 0.000000 2520.497559 0.000000 0.609707 0.000000 0.792627 0.118028 0.118028 0.118028
6882.794434 0.000000 2523.572021 0.000000 0.999524 0.000000 0.030850 0.109696 0.109696 0.109696
6873.450195 0.000000 2533.009277 0.000000 0.776121 0.000000 0.630584 0.137014 0.137014 0.137014
6859.910645 0.000000 2512.995361 0.000000 0.932992 0.000000 -0.359898 0.112791 0.112791 0.112791
6855.561523 0.000000 2536.286377 0.000000 0.966278 0.000000 -0.257500 0.139522 0.139522 0.139522
6862.486328 0.000000 2523.994385 0.000000 0.299921 0.000000 0.953964 0.117744 0.117744 0.117744
6867.258789 0.000000 2524.206055 0.000000 0.872943 0.000000 -0.487822 0.134357 0.134357 0.134357
6857.114258 0.000000 2515.426270 0.000000 0.860456 0.000000 -0.509524 0.108824 0.108824 0.108824
6880.929688 0.000000 2541.790039 0.000000 0.999991 0.000000 -0.004150 0.175373 0.175373 0.175373
6863.977051 0.000000 2534.379639 0.000000 0.502271 0.000000 0.864711 0.141357 0.141357 0.141357
6853.476562 0.000000 2536.590820 0.000000 0.928767 0.000000 -0.370663 0.115100 0.115100 0.115100
6857.185059 0.000000 2528.847656 0.000000 0.987685 0.000000 -0.156458 0.132311 0.132311 0.132311
6875.270508 0.000000 2537.058838 0.000000 0.906867 0.000000 0.421417 0.124858 0.124858 0.124858
6885.000000 0.000000 2519.994141 0.000000 0.729141 0.000000 0.684363 0.126854 0.126854 0.126854
6884.653320 0.000000 2523.577393 0.000000 0.956107 0.000000 -0.293017 0.167396 0.167396 0.167396
6857.040527 0.000000 2526.837158 0.000000 0.800613 0.000000 0.599182 0.129509 0.129509 0.129509
6859.004883 0.000000 2511.132568 0.000000 0.993403 0.000000 0.114679 0.121124 0.121124 0.121124
6863.409668 0.000000 2525.472656 0.000000 0.985643 0.000000 0.168841 0.170503 0.170503 0.170503
6853.147461 0.000000 2539.301758 0.000000 0.976243 0.000000 -0.216676 0.175441 0.175441 0.175441
6870.839355 0.000000 2535.877441 0.000000 0.689736 0.000000 0.724061 0.145179 0.145179 0.145179
6865.954102 0.000000 2523.336670 0.000000 0.390665 0.000000 0.920533 0.179610 0.179610 0.179610
6862.515625 0.000000 2535.259277 0.000000 0.960052 0.000000 -0.279820 0.147538 0.147538 0.147538
6873.614258 0.000000 2537.048096 0.000000 0.713736 0.000000 0.700415 0.161184 0.161184 0.161184
6858.104492 0.000000 2532.403320 0.000000 0.847464 0.000000 0.530853 0.127107 0.127107 0.127107
6855.944824 0.000000 2513.250732 0.000000 0.989956 0.000000 -0.141378 0.133935 0.133935 0.133935
6854.455566 0.000000 2513.217773 0.000000 0.471933 0.000000 0.881634 0.128753 0.128753 0.128753
6862.479004 0.000000 2529.793213 0.000000 0.090292 0.000000 0.995915 0.148937 0.148937 0.148937
6849.717285 0.000000 2529.757568 0.000000 0.995077 0.000000 -0.099100 0.159606 0.159606 0.159606
6860.281738 0.000000 2537.314453 0.000000 0.294414 0.000000 0.955678 0.163950 0.163950 0.163950
6875.966309 0.000000 2534.581787 0.000000 0.230268 0.000000 0.973127 0.135698 0.135698 0.135698
6857.361328 0.000000 2539.320801 0.000000 0.995703 0.000000 0.092603 0.133498 0.133498 0.133498
6862.955566 0.000000 2537.604736 0.000000 0.143929 0.000000 0.989588 0.134232 0.134232 0.134232
6856.040039 0.000000 2510.556396 0.000000 0.998049 0.000000 -0.062436 0.184680 0.184680 0.184680
6863.300293 0.000000 2528.400635 0.000000 0.381799 0.000000 0.924245 0.150436 0.150436 0.150436
6867.856934 0.000000 2523.052490 0.000000 0.912488 0.000000 -0.409103 0.153290 0.153290 0.153290
6856.949707 0.000000 2531.520996 0.000000 0.958014 0.000000 -0.286721 0.138525 0.138525 0.138525
6865.638672 0.000000 2526.610840 0.000000 0.988348 0.000000 -0.152210 0.176203 0.176203 0.176203
6885.766602 0.000000 2523.119385 0.000000 0.979008 0.000000 -0.203820 0.166910 0.166910 0.166910
6881.257812 0.000000 2538.330566 0.000000 0.969123 0.000000 0.246580 0.171736 0.171736 0.171736
6849.508301 0.000000 2528.601074 0.000000 0.775787 0.000000 0.630995 0.155645 0.155645 0.155645
6862.093750 0.000000 2525.038086 0.000000 0.665309 0.000000 0.746568 0.166829 0.166829 0.166829
6878.679199 0.000000 2539.277832 0.000000 0.921462 0.000000 -0.388469 0.169067 0.169067 0.169067
6861.927734 0.000000 2537.904785 0.000000 0.287088 0.000000 0.957904 0.163909 0.163909 0.163909
6885.083496 0.000000 2521.342041 0.000000 0.060754 0.000000 0.998153 0.188787 0.188787 0.188787
6878.741699 0.000000 2541.081299 0.000000 0.535901 0.000000 0.844281 0.193601 0.193601 0.193601
6858.770020 0.000000 2528.651611 0.000000 0.260324 0.000000 0.965521 0.191677 0.191677 0.191677
6876.533691 0.000000 2539.776855 0.000000 0.999761 0.000000 0.021880 0.185305 0.185305 0.185305
6857.617676 0.000000 2511.991943 0.000000 0.942215 0.000000 0.335009 0.182310 0.182310 0.182310
6865.233398 0.000000 2524.145508 0.000000 0.977364 0.000000 -0.211567 0.181052 0.181052 0.181052
6876.838379 0.000000 2538.711914 0.000000 0.323429 0.000000 0.946252 0.178106 0.178106 0.178106
6874.143555 0.000000 2541.013916 0.000000 0.962909 0.000000 -0.269827 0.201739 0.201739 0.201739
6874.767578 0.000000 2539.140869 0.000000 0.728858 0.000000 0.684665 0.195199 0.195199 0.195199
6858.654785 0.000000 2531.604980 0.000000 0.984761 0.000000 0.173914 0.192759 0.192759 0.192759
6875.468262 0.000000 2540.015137 0.000000 0.552731 0.000000 0.833360 0.193728 0.193728 0.193728
6858.018555 0.000000 2526.880371 0.000000 0.928048 0.000000 -0.372461 0.202430 0.202430 0.202430
6878.264648 0.000000 2540.133301 0.000000 0.671386 0.000000 0.741108 0.194686 0.194686 0.194686
6859.871094 0.000000 2524.312500 0.000000 0.937425 0.000000 0.348186 0.197736 0.197736 0.197736
6872.071289 0.000000 2541.467529 0.000000 0.458759 0.000000 0.888561 0.187086 0.187086 0.187086
6858.003906 0.000000 2524.959473 0.000000 0.998898 0.000000 0.046943 0.199701 0.199701 0.199701
6873.888184 0.000000 2535.243896 0.000000 0.530755 0.000000 0.847526 0.193562 0.193562 0.193562
6863.046387 0.000000 2527.594238 0.000000 0.994489 0.000000 -0.104837 0.200669 0.200669 0.200669
6863.594238 0.000000 2526.367676 0.000000 0.994699 0.000000 0.102826 0.199344 0.199344 0.199344
6859.565430 0.000000 2527.437988 0.000000 0.999818 0.000000 0.019073 0.199879 0.199879 0.199879
6854.599121 0.000000 2594.897705 0.000000 0.236267 0.000000 0.971688 0.112658 0.112658 0.112658
6861.066406 0.000000 2595.013184 0.000000 0.828761 0.000000 -0.559602 0.103888 0.103888 0.103888
6874.661621 0.000000 2563.234619 0.000000 0.620206 0.000000 0.784439 0.097130 0.097130 0.097130
6875.974121 0.000000 2573.526367 0.000000 0.757394 0.000000 0.652958 0.101842 0.101842 0.101842
6878.227539 0.000000 2546.354248 0.000000 0.612298 0.000000 0.790627 0.104985 0.104985 0.104985
6877.234863 0.000000 2565.505615 0.000000 0.050249 0.000000 0.998737 0.151403 0.151403 0.151403
6854.827637 0.000000 2597.795654 0.000000 0.995728 0.000000 -0.092335 0.140468 0.140468 0.140468
6878.841309 0.000000 2573.428955 0.000000 0.508631 0.000000 0.860985 0.127848 0.127848 0.127848
6874.616211 0.000000 2565.879395 0.000000 0.210683 0.000000 0.977554 0.130784 0.130784 0.130784
6879.881836 0.000000 2544.446289 0.000000 0.566172 0.000000 0.824287 0.164512 0.164512 0.164512
6873.025879 0.000000 2542.044678 0.000000 0.855330 0.000000 0.518084 0.114507 0.114507 0.114507
6860.277832 0.000000 2597.053223 0.000000 0.799948 0.000000 0.600069 0.161332 0.161332 0.161332
6879.953125 0.000000 2547.472168 0.000000 0.971717 0.000000 0.236147 0.107303 0.107303 0.107303
6872.548340 0.000000 2543.853760 0.000000 0.053154 0.000000 0.998586 0.110898 0.110898 0.110898
6880.706543 0.000000 2545.946045 0.000000 0.954815 0.000000 -0.297200 0.135180 0.135180 0.135180
6875.663086 0.000000 2564.592529 0.000000 0.258973 0.000000 0.965885 0.131000 0.131000 0.131000
6863.857910 0.000000 2597.087158 0.000000 0.991875 0.000000 0.127218 0.138371 0.138371 0.138371
6857.361328 0.000000 2595.805176 0.000000 0.999896 0.000000 -0.014448 0.180475 0.180475 0.180475
6877.531738 0.000000 2542.640625 0.000000 0.910241 0.000000 0.414079 0.193966 0.193966 0.193966
6876.146484 0.000000 2543.157471 0.000000 0.473639 0.000000 0.880719 0.189895 0.189895 0.189895
6879.390625 0.000000 2545.739014 0.000000 0.513262 0.000000 0.858232 0.164173 0.164173 0.164173
6860.118164 0.000000 2598.271484 0.000000 0.660613 0.000000 0.750726 0.194594 0.194594 0.194594
6880.610840 0.000000 2543.579590 0.000000 0.537462 0.000000 0.843288 0.170834 0.170834 0.170834
6859.246582 0.000000 2596.524902 0.000000 0.883873 0.000000 -0.467726 0.167258 0.167258 0.167258
6856.532715 0.000000 2595.109863 0.000000 0.855083 0.000000 -0.518492 0.183522 0.183522 0.183522
6856.899414 0.000000 2596.796631 0.000000 0.937783 0.000000 0.347223 0.197743 0.197743 0.197743
6875.333984 0.000000 2542.603271 0.000000 0.930134 0.000000 -0.367219 0.202394 0.202394 0.202394
6879.787109 0.000000 2541.871338 0.000000 0.668401 0.000000 0.743801 0.194660 0.194660 0.194660
6878.988770 0.000000 2571.090576 0.000000 0.969217 0.000000 -0.246208 0.201584 0.201584 0.201584
6879.382812 0.000000 2566.914307 0.000000 0.569043 0.000000 0.822308 0.186795 0.186795 0.186795
6877.976074 0.000000 2568.478271 0.000000 0.295739 0.000000 0.955269 0.191911 0.191911 0.191911
6877.199219 0.000000 2570.446045 0.000000 0.888237 0.000000 -0.459385 0.203039 0.203039 0.203039
6875.556152 0.000000 2569.112061 0.000000 0.758803 0.000000 0.651320 0.195484 0.195484 0.195484
6876.461426 0.000000 2567.575684 0.000000 0.576633 0.000000 0.817003 0.193913 0.193913 0.193913
6875.580078 0.000000 2567.604736 0.000000 0.071873 0.000000 0.997414 0.190458 0.190458 0.190458
6875.438477 0.000000 2566.187744 0.000000 0.930797 0.000000 0.365537 0.197618 0.197618 0.197618
6874.125977 0.000000 2568.011963 0.000000 0.910880 0.000000 0.412671 0.197292 0.197292 0.197292
6877.965332 0.000000 2567.651855 0.000000 0.968699 0.000000 -0.248239 0.201597 0.201597 0.201597
6878.460449 0.000000 2542.615234 0.000000 0.992505 0.000000 0.122200 0.199220 0.199220 0.199220
6878.327637 0.000000 2569.882812 0.000000 0.243084 0.000000 0.970005 0.191563 0.191563 0.191563
6877.207520 0.000000 2541.910156 0.000000 0.913925 0.000000 -0.405883 0.202661 0.202661 0.202661
6874.757812 0.000000 2569.285645 0.000000 0.635313 0.000000 0.772255 0.194383 0.194383 0.194383
6908.270508 0.000000 2646.614990 0.000000 0.875840 0.000000 0.482601 0.144426 0.144426 0.144426
6869.428223 0.000000 2630.628906 0.000000 0.827102 0.000000 0.562051 0.113214 0.113214 0.113214
6905.729980 0.000000 2639.070801 0.000000 0.522191 0.000000 0.852828 0.107860 0.107860 0.107860
6874.840820 0.000000 2624.985596 0.000000 0.682698 0.000000 0.730701 0.097392 0.097392 0.097392
6894.271484 0.000000 2635.569824 0.000000 0.031904 0.000000 0.999491 0.095901 0.095901 0.095901
6909.041992 0.000000 2653.939453 0.000000 0.874178 0.000000 -0.485605 0.140609 0.140609 0.140609
6904.634766 0.000000 2634.069824 0.000000 0.579777 0.000000 0.814775 0.123859 0.123859 0.123859
6897.044434 0.000000 2646.965088 0.000000 0.943868 0.000000 -0.330322 0.126835 0.126835 0.126835
6906.165039 0.000000 2620.832031 0.000000 0.776677 0.000000 0.629899 0.097831 0.097831 0.097831
6910.112305 0.000000 2642.199951 0.000000 0.784597 0.000000 0.620006 0.101435 0.101435 0.101435
6889.396484 0.000000 2612.040039 0.000000 0.897263 0.000000 -0.441497 0.147210 0.147210 0.147210
6864.913574 0.000000 2630.851318 0.000000 0.404368 0.000000 0.914596 0.096325 0.096325 0.096325
6866.409180 0.000000 2626.690674 0.000000 0.148299 0.000000 0.988943 0.151902 0.151902 0.151902
6894.165527 0.000000 2615.823486 0.000000 0.984794 0.000000 -0.173726 0.136328 0.136328 0.136328
6895.152344 0.000000 2643.751953 0.000000 0.917575 0.000000 -0.397563 0.114071 0.114071 0.114071
6907.742676 0.000000 2635.958252 0.000000 0.911763 0.000000 -0.410716 0.101347 0.101347 0.101347
6897.098145 0.000000 2612.657227 0.000000 0.976944 0.000000 -0.213494 0.147784 0.147784 0.147784
6872.763672 0.000000 2629.012451 0.000000 0.595122 0.000000 0.803636 0.136438 0.136438 0.136438
6891.534668 0.000000 2614.270996 0.000000 0.610975 0.000000 0.791650 0.108243 0.108243 0.108243
6858.448242 0.000000 2601.886230 0.000000 0.969871 0.000000 0.243620 0.133401 0.133401 0.133401
6898.616699 0.000000 2644.334473 0.000000 0.734059 0.000000 0.679085 0.147119 0.147119 0.147119
6903.879395 0.000000 2641.476074 0.000000 0.976430 0.000000 0.215832 0.139086 0.139086 0.139086
6863.844238 0.000000 2601.408447 0.000000 0.996314 0.000000 0.085777 0.106152 0.106152 0.106152
6910.830566 0.000000 2645.516357 0.000000 0.956771 0.000000 0.290842 0.165379 0.165379 0.165379
6890.549316 0.000000 2609.392578 0.000000 0.996927 0.000000 -0.078334 0.121310 0.121310 0.121310
6908.341309 0.000000 2651.448975 0.000000 0.908487 0.000000 0.417913 0.113270 0.113270 0.113270
6899.409180 0.000000 2623.767578 0.000000 0.648959 0.000000 0.760823 0.143284 0.143284 0.143284
6875.115234 0.000000 2627.564941 0.000000 0.951319 0.000000 -0.308207 0.103543 0.103543 0.103543
6894.630859 0.000000 2622.057861 0.000000 0.836600 0.000000 -0.547814 0.154622 0.154622 0.154622
6864.434082 0.000000 2628.342529 0.000000 0.477108 0.000000 0.878845 0.123367 0.123367 0.123367
6868.387207 0.000000 2625.078369 0.000000 0.949751 0.000000 0.313005 0.108691 0.108691 0.108691
6856.000977 0.000000 2602.342529 0.000000 0.298158 0.000000 0.954516 0.110748 0.110748 0.110748
6897.258789 0.000000 2635.738281 0.000000 0.991415 0.000000 -0.130755 0.156392 0.156392 0.156392
6905.397461 0.000000 2636.431641 0.000000 0.253330 0.000000 0.967380 0.161034 0.161034 0.161034
6904.956055 0.000000 2623.697021 0.000000 0.988672 0.000000 -0.150095 0.145231 0.145231 0.145231
6872.466797 0.000000 2624.805420 0.000000 0.501275 0.000000 0.865288 0.102358 0.102358 0.102358
6896.749512 0.000000 2620.888916 0.000000 0.983905 0.000000 -0.178693 0.146491 0.146491 0.146491
6866.112793 0.000000 2624.472900 0.000000 0.994873 0.000000 -0.101137 0.106224 0.106224 0.106224
6904.713379 0.000000 2627.704346 0.000000 0.971238 0.000000 0.238110 0.112855 0.112855 0.112855
6872.739258 0.000000 2626.850342 0.000000 0.820178 0.000000 0.572108 0.154371 0.154371 0.154371
6865.646484 0.000000 2617.605957 0.000000 0.814124 0.000000 0.580691 0.113130 0.113130 0.113130
6900.752441 0.000000 2644.678467 0.000000 0.785836 0.000000 0.618435 0.121182 0.121182 0.121182
6892.434570 0.000000 2610.060059 0.000000 0.493936 0.000000 0.869498 0.147809 0.147809 0.147809
6897.818848 0.000000 2625.029053 0.000000 0.814103 0.000000 -0.580720 0.165098 0.165098 0.165098
6897.878906 0.000000 2610.625244 0.000000 0.858015 0.000000 -0.513625 0.120807 0.120807 0.120807
6895.881836 0.000000 2611.013672 0.000000 0.684566 0.000000 0.728951 0.166426 0.166426 0.166426
6901.193359 0.000000 2637.616211 0.000000 0.999808 0.000000 0.019609 0.137729 0.137729 0.137729
6896.863770 0.000000 2642.757324 0.000000 0.528203 0.000000 0.849118 0.172942 0.172942 0.172942
6860.231934 0.000000 2601.117676 0.000000 0.246402 0.000000 0.969168 0.128797 0.128797 0.128797
6903.086426 0.000000 2634.897461 0.000000 0.843889 0.000000 -0.536517 0.149995 0.149995 0.149995
6895.226074 0.000000 2639.225342 0.000000 0.700464 0.000000 0.713687 0.119039 0.119039 0.119039
6893.137695 0.000000 2613.341309 0.000000 0.788790 0.000000 0.614663 0.174946 0.174946 0.174946
6865.241211 0.000000 2615.912598 0.000000 0.241911 0.000000 0.970298 0.167410 0.167410 0.167410
6898.333496 0.000000 2637.217773 0.000000 0.899324 0.000000 0.437283 0.178898 0.178898 0.178898
6902.766602 0.000000 2642.881836 0.000000 0.955732 0.000000 0.294239 0.146493 0.146493 0.146493
6858.685059 0.000000 2600.244629 0.000000 0.203598 0.000000 0.979055 0.128609 0.128609 0.128609
6855.773438 0.000000 2598.828125 0.000000 0.358451 0.000000 0.933548 0.135226 0.135226 0.135226
6901.913086 0.000000 2645.955322 0.000000 0.860367 0.000000 0.509675 0.121702 0.121702 0.121702
6905.095215 0.000000 2622.060791 0.000000 0.459325 0.000000 0.888268 0.139507 0.139507 0.139507
6854.675781 0.000000 2601.166260 0.000000 0.965969 0.000000 -0.258658 0.122016 0.122016 0.122016
6890.500977 0.000000 2613.066895 0.000000 0.625971 0.000000 0.779847 0.175801 0.175801 0.175801
6903.190918 0.000000 2640.171875 0.000000 0.948946 0.000000 0.315438 0.138625 0.138625 0.138625
6868.460938 0.000000 2629.505859 0.000000 0.156987 0.000000 0.987601 0.184583 0.184583 0.184583
6890.374023 0.000000 2610.926025 0.000000 0.717600 0.000000 0.696456 0.185258 0.185258 0.185258
6904.805176 0.000000 2637.795410 0.000000 0.956126 0.000000 0.292957 0.166477 0.166477 0.166477
6864.534668 0.000000 2612.109131 0.000000 0.329183 0.000000 0.944266 0.124861 0.124861 0.124861
6896.418945 0.000000 2624.557861 0.000000 0.558351 0.000000 0.829605 0.156862 0.156862 0.156862
6867.827148 0.000000 2630.782715 0.000000 0.973754 0.000000 0.227603 0.129022 0.129022 0.129022
6867.367188 0.000000 2628.288574 0.000000 0.235035 0.000000 0.971987 0.188828 0.188828 0.188828
6873.687012 0.000000 2627.862305 0.000000 0.586883 0.000000 0.809672 0.152695 0.152695 0.152695
6896.909180 0.000000 2641.328369 0.000000 0.925483 0.000000 0.378789 0.182588 0.182588 0.182588
6857.044434 0.000000 2601.482666 0.000000 0.880594 0.000000 -0.473872 0.187210 0.187210 0.187210
6909.311523 0.000000 2652.572266 0.000000 0.978566 0.000000 -0.205933 0.139289 0.139289 0.139289
6902.485352 0.000000 2637.984131 0.000000 0.159818 0.000000 0.987146 0.186206 0.186206 0.186206
6904.776367 0.000000 2625.124512 0.000000 0.998995 0.000000 -0.044830 0.172234 0.172234 0.172234
6867.671875 0.000000 2627.016113 0.000000 0.542968 0.000000 0.839753 0.154055 0.154055 0.154055
6863.355469 0.000000 2599.884521 0.000000 0.984381 0.000000 0.176051 0.158207 0.158207 0.158207
6898.147461 0.000000 2623.353760 0.000000 0.721895 0.000000 0.692002 0.143755 0.143755 0.143755
6900.551758 0.000000 2639.409668 0.000000 0.973585 0.000000 0.228327 0.166835 0.166835 0.166835
6911.189941 0.000000 2648.775879 0.000000 0.690994 0.000000 0.722861 0.145733 0.145733 0.145733
6906.127441 0.000000 2622.873779 0.000000 0.112796 0.000000 0.993618 0.137831 0.137831 0.137831
6907.392090 0.000000 2625.349121 0.000000 0.595203 0.000000 0.803575 0.166880 0.166880 0.166880
6899.604980 0.000000 2645.240723 0.000000 0.962634 0.000000 0.270807 0.149385 0.149385 0.149385
6899.659180 0.000000 2622.397461 0.000000 0.788495 0.000000 0.615041 0.144232 0.144232 0.144232
6894.689453 0.000000 2610.580811 0.000000 0.731363 0.000000 0.681989 0.166787 0.166787 0.166787
6863.969727 0.000000 2615.685303 0.000000 0.990179 0.000000 -0.139808 0.188513 0.188513 0.188513
6857.470215 0.000000 2600.320312 0.000000 0.994577 0.000000 -0.104002 0.184925 0.184925 0.184925
6899.655762 0.000000 2637.474121 0.000000 0.886710 0.000000 0.462325 0.178736 0.178736 0.178736
6888.788574 0.000000 2613.167480 0.000000 0.735239 0.000000 0.677808 0.141658 0.141658 0.141658
6897.885254 0.000000 2645.302002 0.000000 0.233488 0.000000 0.972360 0.185600 0.185600 0.185600
6892.617676 0.000000 2611.257324 0.000000 0.986147 0.000000 0.165871 0.152130 0.152130 0.152130
6891.927246 0.000000 2613.126221 0.000000 0.270073 0.000000 0.962840 0.173480 0.173480 0.173480
6897.451660 0.000000 2643.976318 0.000000 0.316638 0.000000 0.948546 0.171609 0.171609 0.171609
6896.035645 0.000000 2613.177246 0.000000 0.996714 0.000000 -0.080998 0.147158 0.147158 0.147158
6904.208496 0.000000 2636.684082 0.000000 0.415705 0.000000 0.909499 0.161957 0.161957 0.161957
6894.116699 0.000000 2612.703857 0.000000 0.889902 0.000000 0.456152 0.196985 0.196985 0.196985
6897.188477 0.000000 2625.988037 0.000000 0.919002 0.000000 -0.394254 0.163993 0.163993 0.163993
6896.238770 0.000000 2643.965820 0.000000 0.998452 0.000000 -0.055614 0.179028 0.179028 0.179028
6896.024902 0.000000 2640.012939 0.000000 0.626510 0.000000 0.779414 0.179615 0.179615 0.179615
6892.707520 0.000000 2612.338867 0.000000 0.959016 0.000000 -0.283351 0.180346 0.180346 0.180346
6862.447754 0.000000 2599.263916 0.000000 0.970120 0.000000 -0.242625 0.160345 0.160345 0.160345
6911.464844 0.000000 2644.602295 0.000000 0.795041 0.000000 0.606556 0.163484 0.163484 0.163484
6903.548340 0.000000 2637.607666 0.000000 0.924081 0.000000 -0.382197 0.197392 0.197392 0.197392
6900.449219 0.000000 2638.349365 0.000000 0.874991 0.000000 -0.484140 0.170771 0.170771 0.170771
6901.460449 0.000000 2638.599854 0.000000 0.914070 0.000000 0.405558 0.165833 0.165833 0.165833
6910.449707 0.000000 2646.458496 0.000000 0.853298 0.000000 -0.521424 0.200072 0.200072 0.200072
6869.633301 0.000000 2628.450928 0.000000 0.121671 0.000000 0.992570 0.184364 0.184364 0.184364
6856.674316 0.000000 2598.390137 0.000000 0.937501 0.000000 -0.347984 0.202263 0.202263 0.202263
6861.466797 0.000000 2599.274170 0.000000 0.894120 0.000000 -0.447827 0.202956 0.202956 0.202956
6900.885254 0.000000 2641.444580 0.000000 0.994705 0.000000 -0.102768 0.200655 0.200655 0.200655
6901.963867 0.000000 2642.237793 0.000000 0.913914 0.000000 -0.405907 0.202661 0.202661 0.202661
6899.150391 0.000000 2640.924316 0.000000 0.005419 0.000000 0.999985 0.190034 0.190034 0.190034
6897.540527 0.000000 2642.055420 0.000000 0.847776 0.000000 0.530355 0.175531 0.175531 0.175531
6910.229492 0.000000 2652.990967 0.000000 0.652142 0.000000 0.758097 0.194523 0.194523 0.194523
6859.104492 0.000000 2599.377441 0.000000 0.056343 0.000000 0.998411 0.185027 0.185027 0.185027
6911.527344 0.000000 2653.895996 0.000000 0.999189 0.000000 0.040262 0.199744 0.199744 0.199744
6897.975098 0.000000 2640.421875 0.000000 0.966038 0.000000 -0.258399 0.186412 0.186412 0.186412
6900.807129 0.000000 2643.465332 0.000000 0.772653 0.000000 0.634829 0.195621 0.195621 0.195621
6896.240723 0.000000 2641.966553 0.000000 0.921114 0.000000 0.389294 0.182521 0.182521 0.182521
6863.972168 0.000000 2614.750977 0.000000 0.921331 0.000000 -0.388780 0.190060 0.190060 0.190060
6911.230469 0.000000 2647.658936 0.000000 0.345238 0.000000 0.938515 0.189013 0.189013 0.189013
6898.565430 0.000000 2642.232422 0.000000 0.800574 0.000000 0.599233 0.195909 0.195909 0.195909
6897.989258 0.000000 2639.537354 0.000000 0.978379 0.000000 -0.206818 0.201326 0.201326 0.201326
6899.694824 0.000000 2639.688721 0.000000 0.999568 0.000000 0.029390 0.199813 0.199813 0.199813
6898.939453 0.000000 2643.487793 0.000000 0.516845 0.000000 0.856079 0.193458 0.193458 0.193458
6867.692383 0.000000 2629.090576 0.000000 0.878626 0.000000 0.477511 0.194074 0.194074 0.194074
6910.212402 0.000000 2652.143555 0.000000 0.586886 0.000000 0.809669 0.193993 0.193993 0.193993
6866.357910 0.000000 2628.964600 0.000000 0.943671 0.000000 -0.330886 0.199316 0.199316 0.199316
6860.951660 0.000000 2598.495605 0.000000 0.997635 0.000000 -0.068736 0.200438 0.200438 0.200438
6900.174805 0.000000 2642.717773 0.000000 0.999261 0.000000 0.038448 0.199755 0.199755 0.199755
6897.265137 0.000000 2638.845459 0.000000 0.995021 0.000000 0.099670 0.199364 0.199364 0.199364
6898.812012 0.000000 2639.143066 0.000000 0.679344 0.000000 0.733820 0.194755 0.194755 0.194755
6896.279297 0.000000 2623.771729 0.000000 0.999704 0.000000 0.024334 0.199845 0.199845 0.199845
6880.264648 0.000000 2676.634033 0.000000 0.921362 0.000000 -0.388706 0.101271 0.101271 0.101271
6867.921875 0.000000 2679.091064 0.000000 0.997667 0.000000 0.068272 0.128571 0.128571 0.128571
6893.901367 0.000000 2655.719971 0.000000 0.836254 0.000000 -0.548342 0.101847 0.101847 0.101847
6895.844727 0.000000 2661.875977 0.000000 0.997707 0.000000 0.067674 0.140313 0.140313 0.140313
6905.915527 0.000000 2665.480469 0.000000 0.950064 0.000000 0.312055 0.146960 0.146960 0.146960
6911.291016 0.000000 2655.170654 0.000000 0.823334 0.000000 0.567558 0.138464 0.138464 0.138464
6898.317383 0.000000 2657.956787 0.000000 0.448197 0.000000 0.893935 0.116208 0.116208 0.116208
6882.040527 0.000000 2673.070557 0.000000 0.884701 0.000000 0.466159 0.105351 0.105351 0.105351
6883.650879 0.000000 2677.708008 0.000000 0.814209 0.000000 -0.580572 0.107970 0.107970 0.107970
6891.550781 0.000000 2661.565430 0.000000 0.910166 0.000000 0.414243 0.098640 0.098640 0.098640
6900.969238 0.000000 2659.123535 0.000000 0.967217 0.000000 -0.253952 0.113525 0.113525 0.113525
6898.542480 0.000000 2660.564209 0.000000 0.444623 0.000000 0.895718 0.122137 0.122137 0.122137
6895.681152 0.000000 2657.667480 0.000000 0.765045 0.000000 0.643977 0.136937 0.136937 0.136937
6904.357422 0.000000 2663.112549 0.000000 0.882047 0.000000 -0.471161 0.101562 0.101562 0.101562
6883.024414 0.000000 2675.337646 0.000000 0.884332 0.000000 0.466858 0.162159 0.162159 0.162159
6859.910645 0.000000 2682.448486 0.000000 0.578298 0.000000 0.815825 0.105926 0.105926 0.105926
6858.112305 0.000000 2672.919434 0.000000 0.976426 0.000000 0.215853 0.137973 0.137973 0.137973
6866.112793 0.000000 2680.957275 0.000000 0.671396 0.000000 0.741098 0.102524 0.102524 0.102524
6894.915039 0.000000 2663.851318 0.000000 0.934778 0.000000 0.355234 0.123486 0.123486 0.123486
6868.672363 0.000000 2674.322998 0.000000 0.756271 0.000000 0.654258 0.123736 0.123736 0.123736
6893.664062 0.000000 2661.761230 0.000000 0.589230 0.000000 0.807965 0.141297 0.141297 0.141297
6894.857422 0.000000 2660.269531 0.000000 0.781330 0.000000 0.624119 0.137599 0.137599 0.137599
6884.762207 0.000000 2676.270752 0.000000 0.906308 0.000000 -0.422619 0.151089 0.151089 0.151089
6897.127930 0.000000 2656.593506 0.000000 0.926316 0.000000 -0.376749 0.142345 0.142345 0.142345
6891.779785 0.000000 2659.747070 0.000000 0.582142 0.000000 0.813087 0.120068 0.120068 0.120068
6904.204590 0.000000 2665.026367 0.000000 0.737656 0.000000 0.675176 0.144957 0.144957 0.144957
6859.004883 0.000000 2680.585693 0.000000 0.863554 0.000000 -0.504257 0.132728 0.132728 0.132728
6860.623047 0.000000 2678.397217 0.000000 0.998205 0.000000 0.059893 0.149294 0.149294 0.149294
6897.566406 0.000000 2661.948242 0.000000 0.886317 0.000000 -0.463078 0.146753 0.146753 0.146753
6893.450195 0.000000 2657.285156 0.000000 0.748493 0.000000 0.663142 0.132993 0.132993 0.132993
6887.006836 0.000000 2674.169434 0.000000 0.104476 0.000000 0.994527 0.139395 0.139395 0.139395
6867.123535 0.000000 2677.454834 0.000000 0.613157 0.000000 0.789961 0.151227 0.151227 0.151227
6899.249023 0.000000 2659.175781 0.000000 0.980500 0.000000 -0.196518 0.184347 0.184347 0.184347
6863.615723 0.000000 2683.520020 0.000000 0.682174 0.000000 0.731190 0.173501 0.173501 0.173501
6886.613281 0.000000 2675.636475 0.000000 0.989776 0.000000 -0.142629 0.146885 0.146885 0.146885
6893.066406 0.000000 2660.364014 0.000000 0.926360 0.000000 -0.376639 0.147449 0.147449 0.147449
6869.588379 0.000000 2673.310303 0.000000 0.897260 0.000000 -0.441503 0.168808 0.168808 0.168808
6861.189453 0.000000 2682.806396 0.000000 0.080196 0.000000 0.996779 0.163829 0.163829 0.163829
6864.687012 0.000000 2680.879395 0.000000 0.940983 0.000000 0.338453 0.181180 0.181180 0.181180
6896.730957 0.000000 2660.918701 0.000000 0.945866 0.000000 0.324556 0.143017 0.143017 0.143017
6904.202637 0.000000 2671.722168 0.000000 0.786852 0.000000 0.617142 0.134897 0.134897 0.134897
6860.303711 0.000000 2683.719971 0.000000 0.872774 0.000000 -0.488124 0.174781 0.174781 0.174781
6857.029297 0.000000 2675.367920 0.000000 0.996243 0.000000 -0.086606 0.144375 0.144375 0.144375
6862.840820 0.000000 2682.560059 0.000000 0.997935 0.000000 -0.064227 0.178516 0.178516 0.178516
6861.813477 0.000000 2679.806641 0.000000 0.916170 0.000000 0.400790 0.147616 0.147616 0.147616
6882.155762 0.000000 2674.318604 0.000000 0.979416 0.000000 0.201850 0.163640 0.163640 0.163640
6867.341797 0.000000 2676.205322 0.000000 0.323408 0.000000 0.946260 0.149588 0.149588 0.149588
6864.829590 0.000000 2678.519531 0.000000 0.309307 0.000000 0.950962 0.192002 0.192002 0.192002
6868.359863 0.000000 2673.146729 0.000000 0.975530 0.000000 -0.219865 0.167561 0.167561 0.167561
6863.051270 0.000000 2679.375732 0.000000 0.969793 0.000000 -0.243929 0.201569 0.201569 0.201569
6861.374512 0.000000 2680.884033 0.000000 0.041209 0.000000 0.999151 0.190262 0.190262 0.190262
6866.114258 0.000000 2674.963379 0.000000 0.148406 0.000000 0.988926 0.190948 0.190948 0.190948
6893.917969 0.000000 2658.137451 0.000000 0.021249 0.000000 0.999774 0.185875 0.185875 0.185875
6892.476562 0.000000 2659.119629 0.000000 0.964124 0.000000 0.265453 0.193846 0.193846 0.193846
6895.497559 0.000000 2659.511475 0.000000 0.820351 0.000000 -0.571861 0.203876 0.203876 0.203876
6866.576172 0.000000 2674.169434 0.000000 0.560730 0.000000 0.827999 0.193790 0.193790 0.193790
6885.188477 0.000000 2675.475098 0.000000 0.869201 0.000000 0.494459 0.196707 0.196707 0.196707
6863.771484 0.000000 2680.913330 0.000000 0.317110 0.000000 0.948389 0.192054 0.192054 0.192054
6903.332031 0.000000 2664.608643 0.000000 0.968612 0.000000 0.248576 0.194511 0.194511 0.194511
6862.221680 0.000000 2680.847656 0.000000 0.955208 0.000000 0.295936 0.198087 0.198087 0.198087
6867.894531 0.000000 2674.632080 0.000000 0.946677 0.000000 -0.322185 0.202088 0.202088 0.202088
6861.142090 0.000000 2681.933838 0.000000 0.992468 0.000000 -0.122501 0.200782 0.200782 0.200782
6862.002441 0.000000 2677.422363 0.000000 0.856572 0.000000 -0.516027 0.203452 0.203452 0.203452
6863.654297 0.000000 2680.034668 0.000000 0.999991 0.000000 -0.004189 0.200027 0.200027 0.200027
6864.094727 0.000000 2676.116455 0.000000 0.958588 0.000000 -0.284796 0.201839 0.201839 0.201839
6912.354004 0.000000 2646.249023 0.000000 0.870721 0.000000 -0.491777 0.132099 0.132099 0.132099
6913.278809 0.000000 2644.156494 0.000000 0.972192 0.000000 0.234187 0.109534 0.109534 0.109534
6912.004883 0.000000 2651.595215 0.000000 0.978697 0.000000 0.205310 0.115760 0.115760 0.115760
6912.046387 0.000000 2653.044678 0.000000 0.177732 0.000000 0.984079 0.161155 0.161155 0.161155
6913.707031 0.000000 2646.785156 0.000000 0.160172 0.000000 0.987089 0.124139 0.124139 0.124139
6912.926758 0.000000 2653.792969 0.000000 0.838955 0.000000 0.544201 0.165539 0.165539 0.165539
7649.639160 0.000000 2910.740723 0.000000 0.108350 0.000000 0.994113 0.095346 0.095346 0.095346
7652.049805 0.000000 2916.992676 0.000000 0.967395 0.000000 0.253273 0.099185 0.099185 0.099185
7657.764648 0.000000 2909.027344 0.000000 0.025746 0.000000 0.999669 0.095082 0.095082 0.095082
7644.116211 0.000000 2936.118652 0.000000 0.981963 0.000000 0.189072 0.104684 0.104684 0.104684
7650.441895 0.000000 2914.666504 0.000000 0.151915 0.000000 0.988394 0.121430 0.121430 0.121430
7656.581055 0.000000 2910.967529 0.000000 0.985041 0.000000 -0.172320 0.134632 0.134632 0.134632
7653.382812 0.000000 2908.285156 0.000000 0.320793 0.000000 0.947149 0.105455 0.105455 0.105455
7653.000000 0.000000 2915.384766 0.000000 0.998443 0.000000 0.055778 0.166091 0.166091 0.166091
7656.804199 0.000000 2914.827393 0.000000 0.889754 0.000000 0.456439 0.136288 0.136288 0.136288
7650.989746 0.000000 2912.917480 0.000000 0.982845 0.000000 -0.184435 0.180330 0.180330 0.180330
7655.114258 0.000000 2911.157959 0.000000 0.854680 0.000000 0.519155 0.167899 0.167899 0.167899
7656.307617 0.000000 2912.295654 0.000000 0.995746 0.000000 -0.092138 0.174741 0.174741 0.174741
7650.885254 0.000000 2910.287842 0.000000 0.935038 0.000000 0.354549 0.157268 0.157268 0.157268
7652.714355 0.000000 2910.381348 0.000000 0.690256 0.000000 0.723565 0.176293 0.176293 0.176293
7652.230469 0.000000 2912.466064 0.000000 0.904555 0.000000 -0.426357 0.202804 0.202804 0.202804
7653.796387 0.000000 2913.145996 0.000000 0.054402 0.000000 0.998519 0.190347 0.190347 0.190347
7651.633789 0.000000 2913.776855 0.000000 0.954325 0.000000 -0.298769 0.181003 0.181003 0.181003
7652.104492 0.000000 2915.947754 0.000000 0.098948 0.000000 0.995093 0.158592 0.158592 0.158592
7655.507324 0.000000 2910.185791 0.000000 0.988803 0.000000 -0.149225 0.171683 0.171683 0.171683
7654.106445 0.000000 2911.275391 0.000000 0.820343 0.000000 0.571872 0.167557 0.167557 0.167557
7653.026367 0.000000 2912.796875 0.000000 0.256324 0.000000 0.966591 0.191650 0.191650 0.191650
7646.802246 0.000000 2937.248535 0.000000 0.225507 0.000000 0.974242 0.098674 0.098674 0.098674
7642.844238 0.000000 2938.905029 0.000000 0.507209 0.000000 0.861823 0.096693 0.096693 0.096693
7646.227539 0.000000 2941.744873 0.000000 0.974445 0.000000 0.224628 0.099279 0.099279 0.099279
7645.269531 0.000000 2939.346924 0.000000 0.857392 0.000000 0.514663 0.118375 0.118375 0.118375
7647.881836 0.000000 2939.836914 0.000000 0.883094 0.000000 0.469197 0.113612 0.113612 0.113612
"}
object={
	name="bush_02_generator_2_1"
	clamp_to_water_level=no
	render_under_water=no
	generated_content=yes
	layer="semidynamic_high"
	pdxmesh="tree_bush_04_mesh"
	count=351
	transform="572.781189 0.000000 1143.763306 0.000000 0.263256 0.000000 -0.964726 0.208304 0.208304 0.208304
3918.569336 0.000000 2293.143799 0.000000 0.777386 0.000000 -0.629024 0.109892 0.109892 0.109892
4093.733887 0.000000 2350.069580 0.000000 0.677806 0.000000 -0.735240 0.102629 0.102629 0.102629
3068.718994 0.000000 3091.387695 0.000000 0.593466 0.000000 -0.804859 0.126919 0.126919 0.126919
3058.616699 0.000000 3096.209473 0.000000 0.542184 0.000000 -0.840260 0.129476 0.129476 0.129476
3067.060547 0.000000 3092.748535 0.000000 0.450113 0.000000 -0.892971 0.111343 0.111343 0.111343
3065.560059 0.000000 3100.800293 0.000000 0.004388 0.000000 -0.999990 0.145275 0.145275 0.145275
3008.046631 0.000000 3104.919678 0.000000 0.793037 0.000000 -0.609173 0.134398 0.134398 0.134398
3052.112549 0.000000 3104.210693 0.000000 0.128256 0.000000 -0.991741 0.152345 0.152345 0.152345
3010.168457 0.000000 3106.660156 0.000000 0.068487 0.000000 -0.997652 0.196062 0.196062 0.196062
3010.931152 0.000000 3107.222412 0.000000 0.498266 0.000000 -0.867024 0.193364 0.193364 0.193364
2939.279297 0.000000 3188.326416 0.000000 0.641924 0.000000 -0.766768 0.102781 0.102781 0.102781
2936.956055 0.000000 3188.540771 0.000000 0.309996 0.000000 -0.950738 0.116523 0.116523 0.116523
2930.026855 0.000000 3199.209229 0.000000 0.551079 0.000000 -0.834453 0.130011 0.130011 0.130011
2932.189697 0.000000 3197.199219 0.000000 0.584194 0.000000 -0.811614 0.169670 0.169670 0.169670
2929.139404 0.000000 3198.811035 0.000000 0.414734 0.000000 -0.909943 0.207277 0.207277 0.207277
2938.780762 0.000000 3193.978516 0.000000 0.281528 0.000000 -0.959553 0.208183 0.208183 0.208183
2929.183838 0.000000 3199.686035 0.000000 0.171634 0.000000 -0.985161 0.208902 0.208902 0.208902
2937.560059 0.000000 3270.253418 0.000000 0.647243 0.000000 -0.762284 0.138164 0.138164 0.138164
2932.960205 0.000000 3269.668457 0.000000 0.425108 0.000000 -0.905143 0.151486 0.151486 0.151486
2932.584961 0.000000 3270.492188 0.000000 0.546714 0.000000 -0.837319 0.206318 0.206318 0.206318
2958.124512 0.000000 3248.618164 0.000000 0.123101 0.000000 -0.992394 0.130100 0.130100 0.130100
2947.898438 0.000000 3272.365967 0.000000 0.537646 0.000000 -0.843170 0.118513 0.118513 0.118513
2958.569336 0.000000 3253.378174 0.000000 0.242821 0.000000 -0.970071 0.173991 0.173991 0.173991
2953.114258 0.000000 3249.723145 0.000000 0.533194 0.000000 -0.845993 0.158429 0.158429 0.158429
2957.989746 0.000000 3246.523926 0.000000 0.068194 0.000000 -0.997672 0.144406 0.144406 0.144406
2944.004639 0.000000 3272.923340 0.000000 0.548914 0.000000 -0.835879 0.177985 0.177985 0.177985
2956.962891 0.000000 3249.729980 0.000000 0.688746 0.000000 -0.725003 0.164360 0.164360 0.164360
2959.615479 0.000000 3248.363770 0.000000 0.334565 0.000000 -0.942373 0.129238 0.129238 0.129238
2954.271729 0.000000 3248.711182 0.000000 0.807774 0.000000 -0.589492 0.156582 0.156582 0.156582
2959.678223 0.000000 3256.026611 0.000000 0.165688 0.000000 -0.986178 0.153925 0.153925 0.153925
2959.086670 0.000000 3257.144775 0.000000 0.068672 0.000000 -0.997639 0.154384 0.154384 0.154384
2945.070068 0.000000 3273.119141 0.000000 0.042923 0.000000 -0.999078 0.180941 0.180941 0.180941
2955.257568 0.000000 3251.539551 0.000000 0.756857 0.000000 -0.653581 0.204535 0.204535 0.204535
2957.019775 0.000000 3251.494141 0.000000 0.063446 0.000000 -0.997985 0.209596 0.209596 0.209596
2942.888184 0.000000 3312.718750 0.000000 0.298407 0.000000 -0.954439 0.110738 0.110738 0.110738
2936.713623 0.000000 3305.516846 0.000000 0.511993 0.000000 -0.858990 0.159707 0.159707 0.159707
2943.198730 0.000000 3311.113770 0.000000 0.010484 0.000000 -0.999945 0.159361 0.159361 0.159361
2937.877930 0.000000 3306.675049 0.000000 0.368501 0.000000 -0.929627 0.182593 0.182593 0.182593
2937.029053 0.000000 3304.241943 0.000000 0.284126 0.000000 -0.958787 0.160935 0.160935 0.160935
2939.392334 0.000000 3303.161621 0.000000 0.097613 0.000000 -0.995224 0.204099 0.204099 0.204099
2941.822510 0.000000 3300.060547 0.000000 0.010124 0.000000 -0.999949 0.164655 0.164655 0.164655
2936.862549 0.000000 3306.557617 0.000000 0.573038 0.000000 -0.819528 0.181289 0.181289 0.181289
2939.186523 0.000000 3302.285400 0.000000 0.293185 0.000000 -0.956056 0.202859 0.202859 0.202859
2944.290283 0.000000 3310.458984 0.000000 0.680994 0.000000 -0.732289 0.142569 0.142569 0.142569
2948.861816 0.000000 3304.048340 0.000000 0.736070 0.000000 -0.676905 0.155414 0.155414 0.155414
2945.602295 0.000000 3306.467041 0.000000 0.195041 0.000000 -0.980795 0.104375 0.104375 0.104375
2970.772217 0.000000 3326.004150 0.000000 0.772611 0.000000 -0.634880 0.137398 0.137398 0.137398
2961.116211 0.000000 3323.341309 0.000000 0.132289 0.000000 -0.991211 0.158771 0.158771 0.158771
2955.714111 0.000000 3314.096924 0.000000 0.781554 0.000000 -0.623838 0.112731 0.112731 0.112731
2945.729736 0.000000 3308.686035 0.000000 0.603676 0.000000 -0.797230 0.151090 0.151090 0.151090
2958.936279 0.000000 3322.665771 0.000000 0.728022 0.000000 -0.685554 0.157192 0.157192 0.157192
2953.040527 0.000000 3317.618408 0.000000 0.542073 0.000000 -0.840331 0.154909 0.154909 0.154909
2966.371582 0.000000 3328.919678 0.000000 0.130288 0.000000 -0.991476 0.156437 0.156437 0.156437
2949.528809 0.000000 3305.431885 0.000000 0.793972 0.000000 -0.607955 0.154979 0.154979 0.154979
2944.011719 0.000000 3300.946777 0.000000 0.013190 0.000000 -0.999913 0.191688 0.191688 0.191688
2954.169922 0.000000 3316.667480 0.000000 0.096539 0.000000 -0.995329 0.178886 0.178886 0.178886
2962.752686 0.000000 3322.447998 0.000000 0.678398 0.000000 -0.734695 0.192030 0.192030 0.192030
2952.482910 0.000000 3316.443848 0.000000 0.140840 0.000000 -0.990032 0.156972 0.156972 0.156972
2958.024902 0.000000 3323.406738 0.000000 0.453990 0.000000 -0.891007 0.158874 0.158874 0.158874
2966.560059 0.000000 3327.752441 0.000000 0.174592 0.000000 -0.984641 0.195425 0.195425 0.195425
2962.010010 0.000000 3323.926025 0.000000 0.570922 0.000000 -0.821004 0.192852 0.192852 0.192852
2953.779541 0.000000 3314.603760 0.000000 0.298770 0.000000 -0.954325 0.208068 0.208068 0.208068
2952.339355 0.000000 3315.625244 0.000000 0.375407 0.000000 -0.926860 0.207550 0.207550 0.207550
2966.690430 0.000000 3360.594971 0.000000 0.693805 0.000000 -0.720163 0.146513 0.146513 0.146513
2957.646240 0.000000 3373.324463 0.000000 0.480030 0.000000 -0.877252 0.103406 0.103406 0.103406
2959.784668 0.000000 3374.400879 0.000000 0.188896 0.000000 -0.981997 0.161418 0.161418 0.161418
2968.466797 0.000000 3359.102295 0.000000 0.111291 0.000000 -0.993788 0.137768 0.137768 0.137768
2963.258789 0.000000 3371.471680 0.000000 0.797536 0.000000 -0.603272 0.126362 0.126362 0.126362
2973.530273 0.000000 3386.751465 0.000000 0.338217 0.000000 -0.941068 0.125148 0.125148 0.125148
2971.705566 0.000000 3372.616943 0.000000 0.207493 0.000000 -0.978236 0.173599 0.173599 0.173599
2966.173340 0.000000 3371.919678 0.000000 0.805400 0.000000 -0.592732 0.170890 0.170890 0.170890
2959.409668 0.000000 3372.738281 0.000000 0.058857 0.000000 -0.998266 0.155604 0.155604 0.155604
2969.412842 0.000000 3372.689697 0.000000 0.268001 0.000000 -0.963419 0.162184 0.162184 0.162184
2970.534668 0.000000 3387.373535 0.000000 0.670941 0.000000 -0.741511 0.127677 0.127677 0.127677
2956.826172 0.000000 3371.764160 0.000000 0.123638 0.000000 -0.992327 0.147092 0.147092 0.147092
2967.405273 0.000000 3361.947266 0.000000 0.293882 0.000000 -0.955842 0.148644 0.148644 0.148644
2958.478760 0.000000 3377.058838 0.000000 0.691292 0.000000 -0.722576 0.139059 0.139059 0.139059
2964.957275 0.000000 3360.739014 0.000000 0.240834 0.000000 -0.970566 0.172834 0.172834 0.172834
2976.238770 0.000000 3386.116455 0.000000 0.444614 0.000000 -0.895722 0.194886 0.194886 0.194886
2964.586182 0.000000 3371.882080 0.000000 0.759694 0.000000 -0.650280 0.176437 0.176437 0.176437
2959.300537 0.000000 3375.666260 0.000000 0.676771 0.000000 -0.736194 0.158694 0.158694 0.158694
2969.165527 0.000000 3356.776855 0.000000 0.386323 0.000000 -0.922363 0.202244 0.202244 0.202244
2976.533691 0.000000 3387.649170 0.000000 0.464575 0.000000 -0.885534 0.194752 0.194752 0.194752
2958.338867 0.000000 3374.399170 0.000000 0.520494 0.000000 -0.853865 0.159659 0.159659 0.159659
2967.879395 0.000000 3360.191162 0.000000 0.032769 0.000000 -0.999463 0.149851 0.149851 0.149851
2956.118164 0.000000 3389.052734 0.000000 0.550111 0.000000 -0.835091 0.162375 0.162375 0.162375
2957.223633 0.000000 3388.614746 0.000000 0.471597 0.000000 -0.881814 0.162833 0.162833 0.162833
2963.231201 0.000000 3377.899902 0.000000 0.589736 0.000000 -0.807596 0.196176 0.196176 0.196176
2968.585449 0.000000 3357.796875 0.000000 0.259899 0.000000 -0.965636 0.203074 0.203074 0.203074
2971.599854 0.000000 3373.698975 0.000000 0.501200 0.000000 -0.865332 0.171925 0.171925 0.171925
2965.477051 0.000000 3386.015625 0.000000 0.520389 0.000000 -0.853929 0.206516 0.206516 0.206516
2970.647705 0.000000 3372.545654 0.000000 0.454489 0.000000 -0.890752 0.172207 0.172207 0.172207
2964.261719 0.000000 3387.803467 0.000000 0.773436 0.000000 -0.633875 0.204371 0.204371 0.204371
2966.202637 0.000000 3370.105957 0.000000 0.778113 0.000000 -0.628124 0.171128 0.171128 0.171128
2964.263184 0.000000 3388.753174 0.000000 0.236521 0.000000 -0.971626 0.208480 0.208480 0.208480
2977.852783 0.000000 3388.876221 0.000000 0.088664 0.000000 -0.996062 0.209435 0.209435 0.209435
2953.453857 0.000000 3395.381836 0.000000 0.183043 0.000000 -0.983105 0.131614 0.131614 0.131614
2953.437988 0.000000 3389.880127 0.000000 0.010697 0.000000 -0.999943 0.123489 0.123489 0.123489
2954.276367 0.000000 3409.669922 0.000000 0.571311 0.000000 -0.820734 0.114323 0.114323 0.114323
2953.939697 0.000000 3404.350830 0.000000 0.465077 0.000000 -0.885270 0.128094 0.128094 0.128094
2955.600586 0.000000 3394.784424 0.000000 0.054489 0.000000 -0.998514 0.159736 0.159736 0.159736
2958.121338 0.000000 3391.081055 0.000000 0.462054 0.000000 -0.886852 0.129266 0.129266 0.129266
2954.587402 0.000000 3402.342773 0.000000 0.469382 0.000000 -0.882995 0.125177 0.125177 0.125177
2958.853027 0.000000 3405.964355 0.000000 0.765102 0.000000 -0.643910 0.141457 0.141457 0.141457
2957.681152 0.000000 3402.835205 0.000000 0.035456 0.000000 -0.999371 0.172168 0.172168 0.172168
2960.782227 0.000000 3390.771484 0.000000 0.690562 0.000000 -0.723273 0.117802 0.117802 0.117802
2964.786621 0.000000 3406.398438 0.000000 0.798181 0.000000 -0.602418 0.125214 0.125214 0.125214
2974.746826 0.000000 3390.650635 0.000000 0.621502 0.000000 -0.783412 0.193629 0.193629 0.193629
2975.390869 0.000000 3393.004639 0.000000 0.324590 0.000000 -0.945855 0.177614 0.177614 0.177614
2967.747070 0.000000 3389.170654 0.000000 0.111783 0.000000 -0.993733 0.160043 0.160043 0.160043
2953.470459 0.000000 3391.101562 0.000000 0.272098 0.000000 -0.962270 0.181996 0.181996 0.181996
2958.774170 0.000000 3402.619629 0.000000 0.796374 0.000000 -0.604804 0.169827 0.169827 0.169827
2955.797363 0.000000 3390.919434 0.000000 0.446021 0.000000 -0.895022 0.197777 0.197777 0.197777
2975.713379 0.000000 3390.202881 0.000000 0.679904 0.000000 -0.733301 0.193167 0.193167 0.193167
2954.836426 0.000000 3393.672119 0.000000 0.662220 0.000000 -0.749310 0.205392 0.205392 0.205392
2965.576172 0.000000 3405.847168 0.000000 0.489994 0.000000 -0.871726 0.206740 0.206740 0.206740
4131.530762 0.000000 2366.447998 0.000000 0.418158 0.000000 -0.908374 0.103627 0.103627 0.103627
4099.589355 0.000000 2328.241699 0.000000 0.461753 0.000000 -0.887009 0.147238 0.147238 0.147238
4121.924805 0.000000 2369.099854 0.000000 0.548852 0.000000 -0.835920 0.119042 0.119042 0.119042
4105.163574 0.000000 2355.160156 0.000000 0.410328 0.000000 -0.911938 0.122527 0.122527 0.122527
4135.675293 0.000000 2370.633301 0.000000 0.604094 0.000000 -0.796913 0.102935 0.102935 0.102935
4096.073242 0.000000 2354.420898 0.000000 0.541278 0.000000 -0.840844 0.141041 0.141041 0.141041
4097.602051 0.000000 2346.232666 0.000000 0.084930 0.000000 -0.996387 0.104729 0.104729 0.104729
4130.997070 0.000000 2371.822754 0.000000 0.598206 0.000000 -0.801342 0.114783 0.114783 0.114783
4106.749023 0.000000 2358.052246 0.000000 0.262338 0.000000 -0.964976 0.135956 0.135956 0.135956
4098.892090 0.000000 2354.060547 0.000000 0.134455 0.000000 -0.990920 0.161103 0.161103 0.161103
4099.167969 0.000000 2359.812012 0.000000 0.348028 0.000000 -0.937484 0.104741 0.104741 0.104741
4121.164062 0.000000 2371.718750 0.000000 0.806350 0.000000 -0.591438 0.142877 0.142877 0.142877
4115.100098 0.000000 2368.606201 0.000000 0.460076 0.000000 -0.887879 0.161159 0.161159 0.161159
4116.862305 0.000000 2364.526367 0.000000 0.051739 0.000000 -0.998661 0.131558 0.131558 0.131558
4098.786133 0.000000 2350.760010 0.000000 0.619541 0.000000 -0.784964 0.162522 0.162522 0.162522
4133.505371 0.000000 2371.547119 0.000000 0.342949 0.000000 -0.939354 0.108833 0.108833 0.108833
4097.116211 0.000000 2352.358643 0.000000 0.669295 0.000000 -0.742997 0.167371 0.167371 0.167371
4114.130371 0.000000 2360.952637 0.000000 0.752575 0.000000 -0.658507 0.166182 0.166182 0.166182
4110.486328 0.000000 2354.541260 0.000000 0.400781 0.000000 -0.916174 0.139993 0.139993 0.139993
4107.577637 0.000000 2359.880615 0.000000 0.230364 0.000000 -0.973105 0.136093 0.136093 0.136093
4105.185059 0.000000 2359.394531 0.000000 0.021669 0.000000 -0.999765 0.155192 0.155192 0.155192
4113.040527 0.000000 2368.394775 0.000000 0.249514 0.000000 -0.968371 0.164030 0.164030 0.164030
4126.899414 0.000000 2368.721191 0.000000 0.782625 0.000000 -0.622494 0.147057 0.147057 0.147057
4109.842285 0.000000 2367.337158 0.000000 0.746352 0.000000 -0.665551 0.165085 0.165085 0.165085
4101.526367 0.000000 2356.925293 0.000000 0.344889 0.000000 -0.938644 0.136760 0.136760 0.136760
4113.270508 0.000000 2366.677002 0.000000 0.382126 0.000000 -0.924110 0.187742 0.187742 0.187742
4099.459473 0.000000 2352.375732 0.000000 0.189031 0.000000 -0.981971 0.180132 0.180132 0.180132
4108.281738 0.000000 2367.861328 0.000000 0.646658 0.000000 -0.762780 0.165800 0.165800 0.165800
4096.022461 0.000000 2351.566162 0.000000 0.545244 0.000000 -0.838278 0.162982 0.162982 0.162982
4114.458984 0.000000 2367.296631 0.000000 0.671088 0.000000 -0.741377 0.152406 0.152406 0.152406
4110.955566 0.000000 2368.151611 0.000000 0.590351 0.000000 -0.807147 0.170207 0.170207 0.170207
4111.300293 0.000000 2358.947510 0.000000 0.465705 0.000000 -0.884940 0.165765 0.165765 0.165765
4113.638672 0.000000 2357.157715 0.000000 0.074299 0.000000 -0.997236 0.149075 0.149075 0.149075
4108.848145 0.000000 2359.762451 0.000000 0.524308 0.000000 -0.851528 0.146334 0.146334 0.146334
4098.320312 0.000000 2352.906494 0.000000 0.392610 0.000000 -0.919705 0.178960 0.178960 0.178960
4104.459473 0.000000 2358.420410 0.000000 0.052529 0.000000 -0.998619 0.155047 0.155047 0.155047
4102.284668 0.000000 2356.031738 0.000000 0.713218 0.000000 -0.700943 0.153278 0.153278 0.153278
4114.832031 0.000000 2360.037109 0.000000 0.130460 0.000000 -0.991454 0.169912 0.169912 0.169912
4113.554199 0.000000 2362.040039 0.000000 0.635757 0.000000 -0.771889 0.196399 0.196399 0.196399
4115.230957 0.000000 2361.181152 0.000000 0.553191 0.000000 -0.833054 0.167557 0.167557 0.167557
4108.522461 0.000000 2356.591309 0.000000 0.406482 0.000000 -0.913659 0.162035 0.162035 0.162035
4122.963867 0.000000 2368.691895 0.000000 0.549827 0.000000 -0.835279 0.173356 0.173356 0.173356
4108.386230 0.000000 2331.544678 0.000000 0.646604 0.000000 -0.762826 0.205524 0.205524 0.205524
4126.741699 0.000000 2371.628174 0.000000 0.531422 0.000000 -0.847107 0.168269 0.168269 0.168269
4103.818359 0.000000 2330.470703 0.000000 0.523115 0.000000 -0.852262 0.171212 0.171212 0.171212
4114.010254 0.000000 2363.691650 0.000000 0.685808 0.000000 -0.727783 0.205189 0.205189 0.205189
4105.736816 0.000000 2330.045654 0.000000 0.013730 0.000000 -0.999906 0.209913 0.209913 0.209913
4125.837891 0.000000 2368.950195 0.000000 0.789069 0.000000 -0.614305 0.192771 0.192771 0.192771
4112.779297 0.000000 2364.096191 0.000000 0.039158 0.000000 -0.999233 0.203288 0.203288 0.203288
4123.468262 0.000000 2370.562012 0.000000 0.327150 0.000000 -0.944972 0.207878 0.207878 0.207878
4112.878906 0.000000 2365.214355 0.000000 0.438828 0.000000 -0.898571 0.200726 0.200726 0.200726
4100.987305 0.000000 2333.620117 0.000000 0.736354 0.000000 -0.676596 0.204731 0.204731 0.204731
4225.867188 0.000000 2372.062500 0.000000 0.486347 0.000000 -0.873766 0.141319 0.141319 0.141319
4319.273438 0.000000 2370.735840 0.000000 0.552146 0.000000 -0.833748 0.105160 0.105160 0.105160
4320.929688 0.000000 2372.336914 0.000000 0.223393 0.000000 -0.974728 0.161828 0.161828 0.161828
4320.008789 0.000000 2366.343750 0.000000 0.558956 0.000000 -0.829198 0.162900 0.162900 0.162900
4322.290039 0.000000 2369.196045 0.000000 0.341826 0.000000 -0.939763 0.200213 0.200213 0.200213
4323.382324 0.000000 2368.898926 0.000000 0.705893 0.000000 -0.708318 0.197546 0.197546 0.197546
4118.797363 0.000000 2373.318359 0.000000 0.143821 0.000000 -0.989604 0.106005 0.106005 0.106005
4126.227539 0.000000 2376.901123 0.000000 0.476621 0.000000 -0.879109 0.121669 0.121669 0.121669
4132.142090 0.000000 2372.438965 0.000000 0.366035 0.000000 -0.930601 0.116311 0.116311 0.116311
4127.881836 0.000000 2374.993164 0.000000 0.008615 0.000000 -0.999963 0.135847 0.135847 0.135847
4128.666016 0.000000 2372.982666 0.000000 0.571935 0.000000 -0.820299 0.147809 0.147809 0.147809
4122.746094 0.000000 2372.370850 0.000000 0.664831 0.000000 -0.746994 0.177757 0.177757 0.177757
4124.146484 0.000000 2373.704346 0.000000 0.789466 0.000000 -0.613794 0.186475 0.186475 0.186475
4128.610840 0.000000 2374.126465 0.000000 0.369244 0.000000 -0.929333 0.179681 0.179681 0.179681
4223.208496 0.000000 2373.878174 0.000000 0.299128 0.000000 -0.954213 0.208066 0.208066 0.208066
4224.173340 0.000000 2374.168457 0.000000 0.636930 0.000000 -0.770922 0.102802 0.102802 0.102802
4319.430176 0.000000 2383.115723 0.000000 0.787276 0.000000 -0.616600 0.156748 0.156748 0.156748
4318.072754 0.000000 2379.391846 0.000000 0.532761 0.000000 -0.846266 0.206423 0.206423 0.206423
4324.161133 0.000000 2373.338379 0.000000 0.142190 0.000000 -0.989839 0.209092 0.209092 0.209092
4319.016113 0.000000 2379.078369 0.000000 0.261205 0.000000 -0.965283 0.208318 0.208318 0.208318
4655.681152 0.000000 2262.276855 0.000000 0.714835 0.000000 -0.699293 0.163600 0.163600 0.163600
6825.423340 0.000000 2517.734619 0.000000 0.073588 0.000000 -0.997289 0.104766 0.104766 0.104766
6839.430664 0.000000 2499.189453 0.000000 0.615203 0.000000 -0.788369 0.122201 0.122201 0.122201
6833.158691 0.000000 2519.940918 0.000000 0.537561 0.000000 -0.843225 0.116779 0.116779 0.116779
6844.718750 0.000000 2526.543945 0.000000 0.691665 0.000000 -0.722219 0.107453 0.107453 0.107453
6826.452148 0.000000 2520.246582 0.000000 0.355963 0.000000 -0.934500 0.171033 0.171033 0.171033
6827.827148 0.000000 2523.499268 0.000000 0.309739 0.000000 -0.950822 0.114193 0.114193 0.114193
6831.221680 0.000000 2518.611084 0.000000 0.748510 0.000000 -0.663124 0.105460 0.105460 0.105460
6833.077637 0.000000 2517.700439 0.000000 0.779052 0.000000 -0.626960 0.123046 0.123046 0.123046
6820.267090 0.000000 2510.203125 0.000000 0.417210 0.000000 -0.908810 0.121918 0.121918 0.121918
6817.556152 0.000000 2511.986816 0.000000 0.518578 0.000000 -0.855030 0.150413 0.150413 0.150413
6829.137695 0.000000 2500.372559 0.000000 0.132246 0.000000 -0.991217 0.132407 0.132407 0.132407
6845.135254 0.000000 2528.039062 0.000000 0.462892 0.000000 -0.886415 0.126944 0.126944 0.126944
6842.513184 0.000000 2499.008789 0.000000 0.421205 0.000000 -0.906965 0.136413 0.136413 0.136413
6826.089355 0.000000 2518.925781 0.000000 0.676123 0.000000 -0.736788 0.148924 0.148924 0.148924
6827.793457 0.000000 2519.968750 0.000000 0.229686 0.000000 -0.973265 0.151283 0.151283 0.151283
6836.189941 0.000000 2519.386719 0.000000 0.588166 0.000000 -0.808740 0.139062 0.139062 0.139062
6840.780762 0.000000 2499.260254 0.000000 0.550233 0.000000 -0.835011 0.185488 0.185488 0.185488
6840.164062 0.000000 2498.235596 0.000000 0.589833 0.000000 -0.807525 0.185212 0.185212 0.185212
6835.445801 0.000000 2516.257080 0.000000 0.385910 0.000000 -0.922536 0.189461 0.189461 0.189461
6819.156738 0.000000 2513.275635 0.000000 0.752256 0.000000 -0.658871 0.174208 0.174208 0.174208
6818.365234 0.000000 2512.607422 0.000000 0.236564 0.000000 -0.971616 0.177529 0.177529 0.177529
6862.189453 0.000000 2521.756348 0.000000 0.253503 0.000000 -0.967335 0.104184 0.104184 0.104184
6857.163574 0.000000 2524.613281 0.000000 0.503409 0.000000 -0.864048 0.138919 0.138919 0.138919
6852.861816 0.000000 2513.267090 0.000000 0.732691 0.000000 -0.680561 0.102383 0.102383 0.102383
6861.883301 0.000000 2533.808594 0.000000 0.391797 0.000000 -0.920052 0.126089 0.126089 0.126089
6866.853027 0.000000 2521.919922 0.000000 0.292731 0.000000 -0.956195 0.106678 0.106678 0.106678
6882.997070 0.000000 2541.275879 0.000000 0.103942 0.000000 -0.994583 0.110239 0.110239 0.110239
6857.889160 0.000000 2540.577637 0.000000 0.588631 0.000000 -0.808402 0.102997 0.102997 0.102997
6877.075684 0.000000 2537.712646 0.000000 0.358675 0.000000 -0.933463 0.103832 0.103832 0.103832
6852.256348 0.000000 2540.828125 0.000000 0.624951 0.000000 -0.780664 0.116392 0.116392 0.116392
6855.324707 0.000000 2511.922607 0.000000 0.717268 0.000000 -0.696798 0.150955 0.150955 0.150955
6849.278809 0.000000 2531.187744 0.000000 0.047100 0.000000 -0.998890 0.111605 0.111605 0.111605
6861.897461 0.000000 2528.420410 0.000000 0.781084 0.000000 -0.624426 0.176253 0.176253 0.176253
6856.026367 0.000000 2539.766846 0.000000 0.752645 0.000000 -0.658427 0.136957 0.136957 0.136957
6878.899414 0.000000 2538.174316 0.000000 0.757512 0.000000 -0.652821 0.170727 0.170727 0.170727
6887.873535 0.000000 2522.100098 0.000000 0.564386 0.000000 -0.825511 0.129369 0.129369 0.129369
6861.842285 0.000000 2536.790283 0.000000 0.330912 0.000000 -0.943662 0.177577 0.177577 0.177577
6860.884766 0.000000 2532.294922 0.000000 0.285014 0.000000 -0.958523 0.126529 0.126529 0.126529
6865.260742 0.000000 2527.876709 0.000000 0.661901 0.000000 -0.749591 0.180080 0.180080 0.180080
6860.826172 0.000000 2524.498535 0.000000 0.233629 0.000000 -0.972326 0.162360 0.162360 0.162360
6860.418457 0.000000 2534.388428 0.000000 0.479279 0.000000 -0.877663 0.183066 0.183066 0.183066
6854.676758 0.000000 2510.562744 0.000000 0.249658 0.000000 -0.968334 0.153522 0.153522 0.153522
6880.238770 0.000000 2538.850830 0.000000 0.384318 0.000000 -0.923201 0.179591 0.179591 0.179591
6882.905762 0.000000 2520.693359 0.000000 0.693397 0.000000 -0.720555 0.133875 0.133875 0.133875
6855.945312 0.000000 2537.718506 0.000000 0.161235 0.000000 -0.986916 0.144581 0.144581 0.144581
6864.139160 0.000000 2524.268555 0.000000 0.065517 0.000000 -0.997851 0.188448 0.188448 0.188448
6881.772949 0.000000 2540.737793 0.000000 0.523408 0.000000 -0.852082 0.181043 0.181043 0.181043
6856.591797 0.000000 2512.071533 0.000000 0.275869 0.000000 -0.961195 0.174975 0.174975 0.174975
6880.533691 0.000000 2540.383545 0.000000 0.385714 0.000000 -0.922618 0.181907 0.181907 0.181907
6860.848145 0.000000 2529.215576 0.000000 0.230422 0.000000 -0.973091 0.179899 0.179899 0.179899
6861.262207 0.000000 2535.262939 0.000000 0.420184 0.000000 -0.907439 0.183439 0.183439 0.183439
6864.442383 0.000000 2526.120117 0.000000 0.291772 0.000000 -0.956488 0.182465 0.182465 0.182465
6885.938965 0.000000 2520.713867 0.000000 0.574245 0.000000 -0.818684 0.204374 0.204374 0.204374
6872.192871 0.000000 2540.331543 0.000000 0.097782 0.000000 -0.995208 0.202925 0.202925 0.202925
6884.907227 0.000000 2522.396484 0.000000 0.347614 0.000000 -0.937638 0.172244 0.172244 0.172244
6860.522461 0.000000 2526.044434 0.000000 0.373717 0.000000 -0.927543 0.207562 0.207562 0.207562
6874.963867 0.000000 2538.145020 0.000000 0.042839 0.000000 -0.999082 0.209727 0.209727 0.209727
6859.038574 0.000000 2530.321777 0.000000 0.440644 0.000000 -0.897682 0.200714 0.200714 0.200714
6852.047852 0.000000 2539.761230 0.000000 0.420108 0.000000 -0.907474 0.180537 0.180537 0.180537
6884.104492 0.000000 2520.557129 0.000000 0.630339 0.000000 -0.776320 0.203930 0.203930 0.203930
6862.657227 0.000000 2526.165527 0.000000 0.050139 0.000000 -0.998742 0.209681 0.209681 0.209681
6877.837891 0.000000 2538.403320 0.000000 0.361331 0.000000 -0.932438 0.192524 0.192524 0.192524
6861.376953 0.000000 2527.536621 0.000000 0.193941 0.000000 -0.981013 0.208757 0.208757 0.208757
6855.513672 0.000000 2538.899170 0.000000 0.790756 0.000000 -0.612131 0.204194 0.204194 0.204194
6876.825684 0.000000 2541.360596 0.000000 0.249127 0.000000 -0.968471 0.208397 0.208397 0.208397
6872.591797 0.000000 2534.708008 0.000000 0.098404 0.000000 -0.995147 0.209373 0.209373 0.209373
6877.956543 0.000000 2541.732422 0.000000 0.570167 0.000000 -0.821529 0.206138 0.206138 0.206138
6861.105469 0.000000 2526.696777 0.000000 0.360108 0.000000 -0.932911 0.207655 0.207655 0.207655
6877.028809 0.000000 2540.435547 0.000000 0.154707 0.000000 -0.987960 0.209011 0.209011 0.209011
6858.733887 0.000000 2526.519775 0.000000 0.444182 0.000000 -0.895936 0.207070 0.207070 0.207070
6851.834473 0.000000 2541.799316 0.000000 0.240956 0.000000 -0.970536 0.104225 0.104225 0.104225
6881.639160 0.000000 2571.834473 0.000000 0.319902 0.000000 -0.947451 0.103964 0.103964 0.103964
6865.114746 0.000000 2596.356689 0.000000 0.488948 0.000000 -0.872313 0.103374 0.103374 0.103374
6862.452148 0.000000 2597.391602 0.000000 0.682593 0.000000 -0.730799 0.142560 0.142560 0.142560
6859.119141 0.000000 2595.416016 0.000000 0.299397 0.000000 -0.954129 0.126470 0.126470 0.126470
6880.666016 0.000000 2542.435791 0.000000 0.056908 0.000000 -0.998379 0.184974 0.184974 0.184974
6854.498535 0.000000 2596.339844 0.000000 0.737752 0.000000 -0.675071 0.143360 0.143360 0.143360
6878.457031 0.000000 2544.847656 0.000000 0.621799 0.000000 -0.783177 0.174610 0.174610 0.174610
6861.528320 0.000000 2596.315186 0.000000 0.150431 0.000000 -0.988620 0.172150 0.172150 0.172150
6881.218262 0.000000 2544.616211 0.000000 0.016145 0.000000 -0.999870 0.140519 0.140519 0.140519
6859.079590 0.000000 2597.595947 0.000000 0.545847 0.000000 -0.837885 0.169914 0.169914 0.169914
6861.223633 0.000000 2597.833496 0.000000 0.741903 0.000000 -0.670507 0.168559 0.168559 0.168559
6876.152344 0.000000 2565.721680 0.000000 0.751755 0.000000 -0.659443 0.162750 0.162750 0.162750
6876.754395 0.000000 2564.536133 0.000000 0.540647 0.000000 -0.841249 0.164166 0.164166 0.164166
6877.017578 0.000000 2573.416748 0.000000 0.463152 0.000000 -0.886279 0.191284 0.191284 0.191284
6881.670898 0.000000 2542.552490 0.000000 0.291283 0.000000 -0.956637 0.183634 0.183634 0.183634
6877.502930 0.000000 2571.454102 0.000000 0.767295 0.000000 -0.641294 0.204432 0.204432 0.204432
6876.866211 0.000000 2568.886963 0.000000 0.379026 0.000000 -0.925386 0.207525 0.207525 0.207525
6879.498047 0.000000 2568.803955 0.000000 0.267270 0.000000 -0.963622 0.208278 0.208278 0.208278
6879.811035 0.000000 2570.927734 0.000000 0.173485 0.000000 -0.984837 0.208890 0.208890 0.208890
6876.711914 0.000000 2571.880859 0.000000 0.623430 0.000000 -0.781880 0.205715 0.205715 0.205715
6879.750977 0.000000 2569.559814 0.000000 0.056881 0.000000 -0.998381 0.209638 0.209638 0.209638
6861.467773 0.000000 2613.836426 0.000000 0.783283 0.000000 -0.621665 0.102135 0.102135 0.102135
6867.298340 0.000000 2616.228516 0.000000 0.788921 0.000000 -0.614495 0.102106 0.102106 0.102106
6893.791016 0.000000 2611.619385 0.000000 0.158855 0.000000 -0.987302 0.159812 0.159812 0.159812
6902.872070 0.000000 2644.615723 0.000000 0.594265 0.000000 -0.804269 0.103263 0.103263 0.103263
6865.893555 0.000000 2611.595947 0.000000 0.626176 0.000000 -0.779682 0.102846 0.102846 0.102846
6910.612305 0.000000 2649.921631 0.000000 0.795055 0.000000 -0.606538 0.152683 0.152683 0.152683
6902.755859 0.000000 2624.376709 0.000000 0.360035 0.000000 -0.932939 0.115752 0.115752 0.115752
6863.712891 0.000000 2616.895508 0.000000 0.734978 0.000000 -0.678091 0.126746 0.126746 0.126746
6854.297363 0.000000 2599.629395 0.000000 0.024249 0.000000 -0.999706 0.147539 0.147539 0.147539
6907.279297 0.000000 2623.482666 0.000000 0.487680 0.000000 -0.873022 0.149421 0.149421 0.149421
6871.654785 0.000000 2631.936768 0.000000 0.729368 0.000000 -0.684122 0.108995 0.108995 0.108995
6908.370605 0.000000 2644.177979 0.000000 0.207793 0.000000 -0.978173 0.128006 0.128006 0.128006
6863.288574 0.000000 2612.819336 0.000000 0.507389 0.000000 -0.861717 0.145265 0.145265 0.145265
6903.657227 0.000000 2638.655029 0.000000 0.664027 0.000000 -0.747709 0.148999 0.148999 0.148999
6895.143066 0.000000 2623.958740 0.000000 0.779544 0.000000 -0.626347 0.155092 0.155092 0.155092
6895.125977 0.000000 2637.198486 0.000000 0.504743 0.000000 -0.863270 0.153961 0.153961 0.153961
6889.043945 0.000000 2610.296875 0.000000 0.670717 0.000000 -0.741713 0.152408 0.152408 0.152408
6902.213379 0.000000 2641.286621 0.000000 0.628682 0.000000 -0.777662 0.144028 0.144028 0.144028
6896.299805 0.000000 2634.427734 0.000000 0.310041 0.000000 -0.950723 0.161967 0.161967 0.161967
6909.962402 0.000000 2644.069336 0.000000 0.677153 0.000000 -0.735842 0.125918 0.125918 0.125918
6865.981934 0.000000 2628.193359 0.000000 0.165995 0.000000 -0.986127 0.133440 0.133440 0.133440
6865.973633 0.000000 2613.202637 0.000000 0.185444 0.000000 -0.982655 0.135699 0.135699 0.135699
6895.481934 0.000000 2645.839355 0.000000 0.518038 0.000000 -0.855358 0.131904 0.131904 0.131904
6868.957031 0.000000 2626.442139 0.000000 0.707166 0.000000 -0.707047 0.194663 0.194663 0.194663
6911.399414 0.000000 2646.773682 0.000000 0.779603 0.000000 -0.626274 0.200875 0.200875 0.200875
6911.412109 0.000000 2651.129395 0.000000 0.077805 0.000000 -0.996969 0.184857 0.184857 0.184857
6870.003418 0.000000 2627.497559 0.000000 0.397699 0.000000 -0.917516 0.206815 0.206815 0.206815
6906.259766 0.000000 2624.413330 0.000000 0.415736 0.000000 -0.909485 0.178241 0.178241 0.178241
6897.942383 0.000000 2620.392090 0.000000 0.535106 0.000000 -0.844785 0.150323 0.150323 0.150323
6909.468262 0.000000 2646.767822 0.000000 0.147478 0.000000 -0.989065 0.153426 0.153426 0.153426
6863.304199 0.000000 2614.064697 0.000000 0.194908 0.000000 -0.980821 0.195887 0.195887 0.195887
6905.995117 0.000000 2637.446533 0.000000 0.143840 0.000000 -0.989601 0.175698 0.175698 0.175698
6869.595215 0.000000 2629.448730 0.000000 0.564413 0.000000 -0.825493 0.199252 0.199252 0.199252
6893.578613 0.000000 2610.339600 0.000000 0.205610 0.000000 -0.978634 0.159580 0.159580 0.159580
6891.276855 0.000000 2610.245605 0.000000 0.717673 0.000000 -0.696380 0.194573 0.194573 0.194573
6871.721191 0.000000 2628.804688 0.000000 0.265859 0.000000 -0.964012 0.187867 0.187867 0.187867
6896.431641 0.000000 2639.062744 0.000000 0.090033 0.000000 -0.995939 0.209426 0.209426 0.209426
6856.497559 0.000000 2599.515869 0.000000 0.744536 0.000000 -0.667582 0.204653 0.204653 0.204653
6865.484863 0.000000 2614.937012 0.000000 0.580686 0.000000 -0.814128 0.180082 0.180082 0.180082
6890.582031 0.000000 2612.057617 0.000000 0.572417 0.000000 -0.819963 0.186490 0.186490 0.186490
6897.371582 0.000000 2637.348145 0.000000 0.032508 0.000000 -0.999471 0.209793 0.209793 0.209793
6871.627930 0.000000 2626.771240 0.000000 0.774058 0.000000 -0.633115 0.203792 0.203792 0.203792
6905.426758 0.000000 2672.164551 0.000000 0.725141 0.000000 -0.688601 0.131393 0.131393 0.131393
6890.133789 0.000000 2658.903076 0.000000 0.715118 0.000000 -0.699004 0.126860 0.126860 0.126860
6864.003418 0.000000 2682.068359 0.000000 0.232537 0.000000 -0.972588 0.124987 0.124987 0.124987
6856.162109 0.000000 2674.486328 0.000000 0.381998 0.000000 -0.924163 0.149380 0.149380 0.149380
6866.017090 0.000000 2678.550293 0.000000 0.708008 0.000000 -0.706205 0.132068 0.132068 0.132068
6900.512207 0.000000 2664.620117 0.000000 0.569169 0.000000 -0.822220 0.133388 0.133388 0.133388
6898.757324 0.000000 2656.113770 0.000000 0.659593 0.000000 -0.751623 0.123709 0.123709 0.123709
6868.786621 0.000000 2672.101562 0.000000 0.639755 0.000000 -0.768579 0.171029 0.171029 0.171029
6895.227539 0.000000 2656.284912 0.000000 0.108540 0.000000 -0.994092 0.146574 0.146574 0.146574
6857.788574 0.000000 2674.166504 0.000000 0.075457 0.000000 -0.997149 0.150830 0.150830 0.150830
6863.094727 0.000000 2681.521973 0.000000 0.693999 0.000000 -0.719976 0.205117 0.205117 0.205117
6893.949707 0.000000 2659.831787 0.000000 0.356370 0.000000 -0.934345 0.203026 0.203026 0.203026
6903.523438 0.000000 2665.708008 0.000000 0.344274 0.000000 -0.938869 0.203689 0.203689 0.203689
6884.620117 0.000000 2674.116455 0.000000 0.065541 0.000000 -0.997850 0.209582 0.209582 0.209582
6866.646484 0.000000 2675.615723 0.000000 0.752734 0.000000 -0.658325 0.204575 0.204575 0.204575
6863.599609 0.000000 2677.676758 0.000000 0.747349 0.000000 -0.664432 0.204627 0.204627 0.204627
6912.226074 0.000000 2649.598145 0.000000 0.012083 0.000000 -0.999927 0.104962 0.104962 0.104962
6913.941895 0.000000 2650.909180 0.000000 0.653951 0.000000 -0.756537 0.119709 0.119709 0.119709
7655.437012 0.000000 2908.084961 0.000000 0.085648 0.000000 -0.996325 0.105607 0.105607 0.105607
7651.886719 0.000000 2911.327637 0.000000 0.519105 0.000000 -0.854710 0.164295 0.164295 0.164295
7654.209961 0.000000 2914.203125 0.000000 0.571941 0.000000 -0.820294 0.173213 0.173213 0.173213
7650.075684 0.000000 2911.964355 0.000000 0.251877 0.000000 -0.967759 0.165769 0.165769 0.165769
7655.327637 0.000000 2914.548096 0.000000 0.248792 0.000000 -0.968557 0.175125 0.175125 0.175125
7654.983398 0.000000 2913.567139 0.000000 0.096172 0.000000 -0.995365 0.209387 0.209387 0.209387
7654.255859 0.000000 2912.197266 0.000000 0.396467 0.000000 -0.918049 0.207405 0.207405 0.207405
7655.750000 0.000000 2912.866455 0.000000 0.436263 0.000000 -0.899819 0.207126 0.207126 0.207126
7644.442383 0.000000 2937.204834 0.000000 0.746683 0.000000 -0.665180 0.107762 0.107762 0.107762
"}
