object={
	name="cypress_dense_generator_2_0"
	clamp_to_water_level=no
	render_under_water=no
	generated_content=yes
	layer="semidynamic_medium"
	pdxmesh="tree_cypress_001_mesh"
	count=2014
	transform="2354.569092 0.000000 1637.536255 0.000000 0.451142 0.000000 0.892452 0.190777 0.190777 0.190777
2340.294922 0.000000 1585.219238 0.000000 0.823261 0.000000 0.567663 0.201808 0.201808 0.201808
2354.714844 0.000000 1632.035400 0.000000 0.909231 0.000000 0.416293 0.212008 0.212008 0.212008
2339.024170 0.000000 1602.134644 0.000000 0.931916 0.000000 0.362673 0.216915 0.216915 0.216915
2343.873779 0.000000 1618.349976 0.000000 0.779922 0.000000 0.625876 0.258878 0.258878 0.258878
2336.870605 0.000000 1588.807983 0.000000 0.999460 0.000000 0.032862 0.263699 0.263699 0.263699
2338.170654 0.000000 1609.919800 0.000000 0.940954 0.000000 0.338536 0.256788 0.256788 0.256788
2342.058105 0.000000 1597.864990 0.000000 0.998077 0.000000 0.061991 0.313764 0.313764 0.313764
2348.260742 0.000000 1622.495850 0.000000 0.887952 0.000000 0.459936 0.278567 0.278567 0.278567
2338.527588 0.000000 1588.670044 0.000000 0.488247 0.000000 0.872706 0.277535 0.277535 0.277535
2342.213623 0.000000 1591.575806 0.000000 0.996149 0.000000 0.087682 0.287700 0.287700 0.287700
2338.717041 0.000000 1606.925537 0.000000 0.654096 0.000000 0.756411 0.307849 0.307849 0.307849
2343.139160 0.000000 1605.290161 0.000000 0.993138 0.000000 0.116952 0.299887 0.299887 0.299887
2365.135498 0.000000 1624.289185 0.000000 0.571206 0.000000 0.820807 0.291405 0.291405 0.291405
2347.314453 0.000000 1626.747925 0.000000 0.236106 0.000000 0.971727 0.285335 0.285335 0.285335
2341.429932 0.000000 1586.029785 0.000000 0.989905 0.000000 0.141735 0.302316 0.302316 0.302316
2361.594482 0.000000 1627.380371 0.000000 0.532234 0.000000 0.846598 0.292658 0.292658 0.292658
2357.732422 0.000000 1637.124878 0.000000 0.388388 0.000000 0.921496 0.266867 0.266867 0.266867
2346.089600 0.000000 1615.175781 0.000000 0.857372 0.000000 0.514697 0.364096 0.364096 0.364096
2347.793701 0.000000 1616.218872 0.000000 0.926380 0.000000 0.376589 0.349432 0.349432 0.349432
2363.031250 0.000000 1627.301270 0.000000 0.762008 0.000000 0.647567 0.295415 0.295415 0.295415
2337.218262 0.000000 1584.381836 0.000000 0.987295 0.000000 0.158897 0.388885 0.388885 0.388885
2342.902344 0.000000 1610.168335 0.000000 0.299960 0.000000 0.953952 0.308647 0.308647 0.308647
2342.330078 0.000000 1595.910645 0.000000 0.463921 0.000000 0.885876 0.316854 0.316854 0.316854
2360.262695 0.000000 1631.977417 0.000000 0.918774 0.000000 0.394784 0.340680 0.340680 0.340680
2345.626221 0.000000 1611.150391 0.000000 0.890785 0.000000 0.454426 0.347733 0.347733 0.347733
2361.562256 0.000000 1629.856323 0.000000 0.868558 0.000000 0.495587 0.347961 0.347961 0.347961
2344.295898 0.000000 1616.825195 0.000000 0.866338 0.000000 0.499458 0.361484 0.361484 0.361484
2345.663330 0.000000 1625.156494 0.000000 0.915755 0.000000 0.401736 0.368418 0.368418 0.368418
2359.350098 0.000000 1637.634399 0.000000 0.664313 0.000000 0.747455 0.341197 0.341197 0.341197
2344.979248 0.000000 1623.840820 0.000000 0.519428 0.000000 0.854514 0.322748 0.322748 0.322748
2359.149902 0.000000 1631.660400 0.000000 0.651675 0.000000 0.758498 0.334224 0.334224 0.334224
2340.053711 0.000000 1607.604736 0.000000 0.830240 0.000000 0.557407 0.354831 0.354831 0.354831
2360.844238 0.000000 1633.092896 0.000000 0.581704 0.000000 0.813400 0.327427 0.327427 0.327427
2345.701660 0.000000 1627.466431 0.000000 0.242721 0.000000 0.970096 0.298730 0.298730 0.298730
2358.354980 0.000000 1633.414551 0.000000 0.796455 0.000000 0.604697 0.350391 0.350391 0.350391
2341.259277 0.000000 1604.031372 0.000000 0.960407 0.000000 0.278601 0.378431 0.378431 0.378431
2343.115967 0.000000 1593.894165 0.000000 0.966695 0.000000 0.255931 0.381391 0.381391 0.381391
2340.245605 0.000000 1609.193359 0.000000 0.185486 0.000000 0.982647 0.294253 0.294253 0.294253
2345.350830 0.000000 1620.301636 0.000000 0.942143 0.000000 0.335210 0.373886 0.373886 0.373886
2346.814453 0.000000 1619.416016 0.000000 0.395283 0.000000 0.918560 0.322964 0.322964 0.322964
2342.395752 0.000000 1609.282349 0.000000 0.686874 0.000000 0.726776 0.347188 0.347188 0.347188
2337.595215 0.000000 1586.173950 0.000000 0.794067 0.000000 0.607831 0.350090 0.350090 0.350090
2343.139893 0.000000 1595.348267 0.000000 0.988788 0.000000 0.149325 0.388550 0.388550 0.388550
2342.465576 0.000000 1592.521240 0.000000 0.674899 0.000000 0.737910 0.340325 0.340325 0.340325
2339.382324 0.000000 1634.601929 0.000000 0.122418 0.000000 0.992479 0.289376 0.289376 0.289376
2344.764893 0.000000 1590.985474 0.000000 0.987154 0.000000 0.159773 0.388062 0.388062 0.388062
2344.860352 0.000000 1594.538818 0.000000 0.591132 0.000000 0.806575 0.328317 0.328317 0.328317
2344.987061 0.000000 1625.855469 0.000000 0.220551 0.000000 0.975375 0.296989 0.296989 0.296989
2336.805420 0.000000 1586.707764 0.000000 0.077559 0.000000 0.996988 0.285931 0.285931 0.285931
2338.942871 0.000000 1587.411377 0.000000 0.581121 0.000000 0.813817 0.327373 0.327373 0.327373
2340.628418 0.000000 1608.353882 0.000000 0.422830 0.000000 0.906209 0.313351 0.313351 0.313351
2344.917236 0.000000 1614.760986 0.000000 0.942947 0.000000 0.332943 0.374070 0.374070 0.374070
2368.226318 0.000000 1632.879517 0.000000 0.310216 0.000000 0.950666 0.188247 0.188247 0.188247
2370.892334 0.000000 1619.763794 0.000000 0.576649 0.000000 0.816992 0.208214 0.208214 0.208214
2369.278564 0.000000 1627.437744 0.000000 0.521921 0.000000 0.852994 0.210993 0.210993 0.210993
2368.164307 0.000000 1637.901611 0.000000 0.455650 0.000000 0.890159 0.220506 0.220506 0.220506
2371.614258 0.000000 1624.141479 0.000000 0.850419 0.000000 0.526106 0.328777 0.328777 0.328777
2370.944824 0.000000 1637.029419 0.000000 0.762260 0.000000 0.647271 0.325055 0.325055 0.325055
2373.362305 0.000000 1634.247314 0.000000 0.810175 0.000000 0.586189 0.352151 0.352151 0.352151
2371.138672 0.000000 1620.819092 0.000000 0.551054 0.000000 0.834469 0.332235 0.332235 0.332235
2369.476562 0.000000 1644.505615 0.000000 0.092875 0.000000 0.995678 0.188932 0.188932 0.188932
2406.737793 0.000000 1676.524780 0.000000 0.901763 0.000000 0.432230 0.201446 0.201446 0.201446
2413.602051 0.000000 1677.971802 0.000000 0.750880 0.000000 0.660439 0.229594 0.229594 0.229594
2395.115234 0.000000 1667.330566 0.000000 0.046298 0.000000 0.998928 0.212674 0.212674 0.212674
2368.013672 0.000000 1642.569580 0.000000 0.783979 0.000000 0.620787 0.243914 0.243914 0.243914
2411.631348 0.000000 1681.596802 0.000000 0.019284 0.000000 0.999814 0.261510 0.261510 0.261510
2398.632324 0.000000 1665.357056 0.000000 0.851548 0.000000 0.524277 0.246341 0.246341 0.246341
2395.994141 0.000000 1663.080078 0.000000 0.981795 0.000000 0.189941 0.326088 0.326088 0.326088
2409.330078 0.000000 1679.208618 0.000000 0.311900 0.000000 0.950115 0.301249 0.301249 0.301249
2410.734131 0.000000 1686.061035 0.000000 0.995651 0.000000 0.093164 0.388656 0.388656 0.388656
2408.332520 0.000000 1676.249878 0.000000 0.677875 0.000000 0.735178 0.320675 0.320675 0.320675
2411.314453 0.000000 1683.232300 0.000000 0.253520 0.000000 0.967330 0.297524 0.297524 0.297524
2411.522217 0.000000 1680.150635 0.000000 0.690574 0.000000 0.723262 0.288125 0.288125 0.288125
2373.604004 0.000000 1643.645874 0.000000 0.981963 0.000000 0.189071 0.387748 0.387748 0.387748
2397.621094 0.000000 1675.194336 0.000000 0.275729 0.000000 0.961236 0.286480 0.286480 0.286480
2411.740479 0.000000 1686.978882 0.000000 0.999103 0.000000 0.042342 0.391791 0.391791 0.391791
2392.281250 0.000000 1678.757202 0.000000 0.765205 0.000000 0.643787 0.328696 0.328696 0.328696
2370.168457 0.000000 1638.066528 0.000000 0.383813 0.000000 0.923411 0.310093 0.310093 0.310093
2391.879395 0.000000 1665.659912 0.000000 0.016231 0.000000 0.999868 0.281240 0.281240 0.281240
2397.522949 0.000000 1665.850708 0.000000 0.022514 0.000000 0.999747 0.281720 0.281720 0.281720
2396.055420 0.000000 1664.571655 0.000000 0.791772 0.000000 0.610816 0.349802 0.349802 0.349802
2369.383545 0.000000 1640.123169 0.000000 0.180092 0.000000 0.983650 0.300060 0.300060 0.300060
2397.300537 0.000000 1662.961304 0.000000 0.968677 0.000000 0.248324 0.380829 0.380829 0.380829
2371.441895 0.000000 1639.432495 0.000000 0.879802 0.000000 0.475340 0.362158 0.362158 0.362158
2410.433350 0.000000 1679.489258 0.000000 0.999995 0.000000 0.003290 0.399753 0.399753 0.399753
2372.615234 0.000000 1643.159668 0.000000 0.652312 0.000000 0.757951 0.344596 0.344596 0.344596
2393.297852 0.000000 1677.121582 0.000000 0.145040 0.000000 0.989426 0.295389 0.295389 0.295389
2388.294678 0.000000 1681.240601 0.000000 0.282945 0.000000 0.959136 0.310249 0.310249 0.310249
2388.768066 0.000000 1682.986694 0.000000 0.755108 0.000000 0.655601 0.351217 0.351217 0.351217
2395.540039 0.000000 1677.081055 0.000000 0.990852 0.000000 0.134952 0.390571 0.390571 0.390571
2372.661865 0.000000 1641.461670 0.000000 0.570992 0.000000 0.820956 0.326426 0.326426 0.326426
2395.133057 0.000000 1672.425659 0.000000 0.460228 0.000000 0.887801 0.321173 0.321173 0.321173
2371.097900 0.000000 1642.329102 0.000000 0.287732 0.000000 0.957711 0.302296 0.302296 0.302296
2371.639404 0.000000 1643.191650 0.000000 0.830951 0.000000 0.556345 0.354929 0.354929 0.354929
2488.851562 0.000000 1669.659302 0.000000 0.894253 0.000000 0.447563 0.195945 0.195945 0.195945
2484.417969 0.000000 1668.371948 0.000000 0.603478 0.000000 0.797380 0.213293 0.213293 0.213293
2483.137939 0.000000 1670.059082 0.000000 0.632139 0.000000 0.774855 0.286995 0.286995 0.286995
2490.382568 0.000000 1672.923584 0.000000 0.949385 0.000000 0.314116 0.339953 0.339953 0.339953
2489.621582 0.000000 1670.937622 0.000000 0.473907 0.000000 0.880575 0.287648 0.287648 0.287648
2482.554443 0.000000 1675.290894 0.000000 0.986844 0.000000 0.161673 0.344261 0.344261 0.344261
2485.739014 0.000000 1670.671997 0.000000 0.279920 0.000000 0.960023 0.301674 0.301674 0.301674
2482.367676 0.000000 1672.675903 0.000000 0.990089 0.000000 0.140441 0.389236 0.389236 0.389236
2484.645020 0.000000 1673.115967 0.000000 0.500839 0.000000 0.865541 0.320074 0.320074 0.320074
2486.512939 0.000000 1672.200806 0.000000 0.988608 0.000000 0.150513 0.388458 0.388458 0.388458
2549.610352 0.000000 1673.539673 0.000000 0.998182 0.000000 0.060272 0.207744 0.207744 0.207744
2505.349609 0.000000 1690.601929 0.000000 0.972780 0.000000 0.231731 0.214448 0.214448 0.214448
2533.593018 0.000000 1680.257568 0.000000 0.118219 0.000000 0.992988 0.222456 0.222456 0.222456
2536.632324 0.000000 1677.682007 0.000000 0.242898 0.000000 0.970052 0.242036 0.242036 0.242036
2539.937012 0.000000 1694.474365 0.000000 0.084547 0.000000 0.996419 0.233027 0.233027 0.233027
2534.151855 0.000000 1678.370728 0.000000 0.886541 0.000000 0.462650 0.239779 0.239779 0.239779
2543.226074 0.000000 1678.991089 0.000000 0.977008 0.000000 0.213205 0.258609 0.258609 0.258609
2534.249512 0.000000 1691.739136 0.000000 0.431174 0.000000 0.902269 0.262936 0.262936 0.262936
2538.936768 0.000000 1690.547119 0.000000 0.998233 0.000000 0.059415 0.287402 0.287402 0.287402
2504.996094 0.000000 1689.265747 0.000000 0.943933 0.000000 0.330136 0.378497 0.378497 0.378497
2517.857178 0.000000 1687.634033 0.000000 0.942028 0.000000 0.335534 0.298765 0.298765 0.298765
2529.773193 0.000000 1693.472290 0.000000 0.781513 0.000000 0.623889 0.296554 0.296554 0.296554
2528.533691 0.000000 1693.117920 0.000000 0.392987 0.000000 0.919544 0.278241 0.278241 0.278241
2544.498535 0.000000 1671.599487 0.000000 0.599655 0.000000 0.800258 0.316360 0.316360 0.316360
2506.229004 0.000000 1682.314819 0.000000 0.840706 0.000000 0.541492 0.356286 0.356286 0.356286
2541.685059 0.000000 1674.266602 0.000000 0.156410 0.000000 0.987692 0.291998 0.291998 0.291998
2539.135742 0.000000 1669.669922 0.000000 0.991420 0.000000 0.130713 0.389986 0.389986 0.389986
2531.728271 0.000000 1690.078247 0.000000 0.975815 0.000000 0.218598 0.357118 0.357118 0.357118
2533.203613 0.000000 1692.285278 0.000000 0.197410 0.000000 0.980321 0.309568 0.309568 0.309568
2507.726318 0.000000 1680.925903 0.000000 0.487200 0.000000 0.873291 0.328374 0.328374 0.328374
2546.367676 0.000000 1672.675903 0.000000 0.751109 0.000000 0.660178 0.338489 0.338489 0.338489
2536.979248 0.000000 1680.325195 0.000000 0.576107 0.000000 0.817375 0.330725 0.330725 0.330725
2536.336914 0.000000 1693.752930 0.000000 0.693376 0.000000 0.720576 0.338531 0.338531 0.338531
2519.847900 0.000000 1688.098145 0.000000 0.281912 0.000000 0.959440 0.304078 0.304078 0.304078
2537.701660 0.000000 1683.950806 0.000000 0.099747 0.000000 0.995013 0.303056 0.303056 0.303056
2538.814453 0.000000 1675.900391 0.000000 0.428901 0.000000 0.903352 0.313864 0.313864 0.313864
2517.477051 0.000000 1691.484253 0.000000 0.306349 0.000000 0.951919 0.303786 0.303786 0.303786
2539.118652 0.000000 1668.136353 0.000000 0.882844 0.000000 0.469666 0.362650 0.362650 0.362650
2541.612549 0.000000 1671.030151 0.000000 0.798294 0.000000 0.602267 0.350623 0.350623 0.350623
2504.364258 0.000000 1685.113037 0.000000 0.791037 0.000000 0.611768 0.349874 0.349874 0.349874
2539.986328 0.000000 1674.915283 0.000000 0.645807 0.000000 0.763501 0.333635 0.333635 0.333635
2505.177246 0.000000 1687.010742 0.000000 0.697120 0.000000 0.716954 0.338929 0.338929 0.338929
2537.895508 0.000000 1692.729004 0.000000 0.823343 0.000000 0.567544 0.353894 0.353894 0.353894
2506.654785 0.000000 1684.339478 0.000000 0.282400 0.000000 0.959297 0.306682 0.306682 0.306682
2545.139404 0.000000 1673.732910 0.000000 0.979598 0.000000 0.200965 0.384542 0.384542 0.384542
2540.776123 0.000000 1677.350952 0.000000 0.736869 0.000000 0.676036 0.343287 0.343287 0.343287
2538.975342 0.000000 1672.184082 0.000000 0.736005 0.000000 0.676976 0.343190 0.343190 0.343190
2539.347656 0.000000 1679.162476 0.000000 0.280185 0.000000 0.959946 0.301695 0.301695 0.301695
2535.598145 0.000000 1681.593750 0.000000 0.970591 0.000000 0.240735 0.381427 0.381427 0.381427
2538.336914 0.000000 1670.712036 0.000000 0.661217 0.000000 0.750195 0.335190 0.335190 0.335190
2399.085693 0.000000 1702.160156 0.000000 0.823785 0.000000 0.566902 0.194508 0.194508 0.194508
2430.188965 0.000000 1709.605835 0.000000 0.928329 0.000000 0.371761 0.236490 0.236490 0.236490
2397.169678 0.000000 1698.130859 0.000000 0.967024 0.000000 0.254687 0.360275 0.360275 0.360275
2474.064209 0.000000 1745.855103 0.000000 0.497582 0.000000 0.867417 0.190563 0.190563 0.190563
2442.276367 0.000000 1715.138672 0.000000 0.793804 0.000000 0.608173 0.197265 0.197265 0.197265
2441.939697 0.000000 1709.819702 0.000000 0.123472 0.000000 0.992348 0.190042 0.190042 0.190042
2439.852051 0.000000 1731.708740 0.000000 0.999998 0.000000 0.001781 0.237506 0.237506 0.237506
2476.874023 0.000000 1739.520508 0.000000 0.991728 0.000000 0.128361 0.244162 0.244162 0.244162
2480.587158 0.000000 1745.457275 0.000000 0.999811 0.000000 0.019447 0.239450 0.239450 0.239450
2434.200195 0.000000 1711.150513 0.000000 0.457298 0.000000 0.889314 0.263024 0.263024 0.263024
2442.960205 0.000000 1728.696167 0.000000 0.511944 0.000000 0.859019 0.259991 0.259991 0.259991
2441.291260 0.000000 1711.324585 0.000000 0.509441 0.000000 0.860505 0.246597 0.246597 0.246597
2437.442627 0.000000 1701.471313 0.000000 0.192797 0.000000 0.981239 0.275715 0.275715 0.275715
2491.111816 0.000000 1735.654297 0.000000 0.205223 0.000000 0.978715 0.254285 0.254285 0.254285
2439.009521 0.000000 1716.171143 0.000000 0.689024 0.000000 0.724739 0.279418 0.279418 0.279418
2440.764404 0.000000 1712.996826 0.000000 0.043972 0.000000 0.999033 0.255391 0.255391 0.255391
2451.367432 0.000000 1724.538574 0.000000 0.030210 0.000000 0.999544 0.263754 0.263754 0.263754
2434.422363 0.000000 1707.597534 0.000000 0.906671 0.000000 0.421838 0.322882 0.322882 0.322882
2486.485107 0.000000 1734.234131 0.000000 0.182584 0.000000 0.983190 0.282926 0.282926 0.282926
2436.280762 0.000000 1703.680420 0.000000 0.788740 0.000000 0.614727 0.319246 0.319246 0.319246
2437.138184 0.000000 1709.966553 0.000000 0.638874 0.000000 0.769311 0.308561 0.308561 0.308561
2432.082764 0.000000 1706.311646 0.000000 0.935531 0.000000 0.353244 0.372419 0.372419 0.372419
2435.693115 0.000000 1709.543701 0.000000 0.930082 0.000000 0.367353 0.373893 0.373893 0.373893
2483.779053 0.000000 1740.111938 0.000000 0.862438 0.000000 0.506163 0.359455 0.359455 0.359455
2436.218018 0.000000 1711.962402 0.000000 0.900342 0.000000 0.435182 0.331816 0.331816 0.331816
2495.449219 0.000000 1712.089111 0.000000 0.538399 0.000000 0.842690 0.328503 0.328503 0.328503
2441.007568 0.000000 1731.240356 0.000000 0.006093 0.000000 0.999981 0.292966 0.292966 0.292966
2481.451660 0.000000 1740.226318 0.000000 0.979257 0.000000 0.202620 0.384413 0.384413 0.384413
2489.995117 0.000000 1733.696655 0.000000 0.121853 0.000000 0.992548 0.302713 0.302713 0.302713
2439.842529 0.000000 1715.395996 0.000000 0.996717 0.000000 0.080966 0.393990 0.393990 0.393990
2479.026367 0.000000 1741.131348 0.000000 0.100797 0.000000 0.994907 0.287713 0.287713 0.287713
2439.262695 0.000000 1711.001465 0.000000 0.793956 0.000000 0.607975 0.350076 0.350076 0.350076
2432.017822 0.000000 1709.267212 0.000000 0.971383 0.000000 0.237520 0.381680 0.381680 0.381680
2494.496094 0.000000 1711.025146 0.000000 0.158617 0.000000 0.987340 0.292169 0.292169 0.292169
2438.729492 0.000000 1712.505249 0.000000 0.551111 0.000000 0.834432 0.324591 0.324591 0.324591
2433.544434 0.000000 1708.012207 0.000000 0.333005 0.000000 0.942925 0.305935 0.305935 0.305935
2510.124512 0.000000 1723.540039 0.000000 0.047500 0.000000 0.998871 0.188971 0.188971 0.188971
2541.790771 0.000000 1707.869385 0.000000 0.129273 0.000000 0.991609 0.189566 0.189566 0.189566
2502.798828 0.000000 1708.798218 0.000000 0.911862 0.000000 0.410497 0.197528 0.197528 0.197528
2520.982666 0.000000 1698.405151 0.000000 0.843869 0.000000 0.536550 0.212311 0.212311 0.212311
2506.423096 0.000000 1718.278809 0.000000 0.981822 0.000000 0.189806 0.216066 0.216066 0.216066
2505.639893 0.000000 1727.758301 0.000000 0.894611 0.000000 0.446846 0.238089 0.238089 0.238089
2514.112793 0.000000 1720.722900 0.000000 0.951947 0.000000 0.306262 0.261698 0.261698 0.261698
2511.288574 0.000000 1709.069214 0.000000 0.228481 0.000000 0.973548 0.237865 0.237865 0.237865
2498.200195 0.000000 1711.150513 0.000000 0.590827 0.000000 0.806798 0.247166 0.247166 0.247166
2526.270752 0.000000 1703.807983 0.000000 0.986829 0.000000 0.161765 0.306994 0.306994 0.306994
2506.323975 0.000000 1726.024658 0.000000 0.903373 0.000000 0.428855 0.286491 0.286491 0.286491
2522.396484 0.000000 1704.568970 0.000000 0.230252 0.000000 0.973131 0.224604 0.224604 0.224604
2523.705566 0.000000 1734.570068 0.000000 0.920870 0.000000 0.389869 0.282819 0.282819 0.282819
2496.520752 0.000000 1714.301270 0.000000 0.989105 0.000000 0.147209 0.267648 0.267648 0.267648
2518.760498 0.000000 1703.735718 0.000000 0.659534 0.000000 0.751675 0.243812 0.243812 0.243812
2511.572021 0.000000 1726.131104 0.000000 0.846435 0.000000 0.532492 0.253956 0.253956 0.253956
2539.719727 0.000000 1712.117920 0.000000 0.117398 0.000000 0.993085 0.278214 0.278214 0.278214
2505.291260 0.000000 1711.324585 0.000000 0.105948 0.000000 0.994372 0.287092 0.287092 0.287092
2508.962891 0.000000 1724.651978 0.000000 0.891646 0.000000 0.452734 0.277819 0.277819 0.277819
2538.500732 0.000000 1709.316772 0.000000 0.187868 0.000000 0.982194 0.281277 0.281277 0.281277
2516.957275 0.000000 1722.692261 0.000000 0.393434 0.000000 0.919353 0.270070 0.270070 0.270070
2518.083252 0.000000 1730.973389 0.000000 0.979082 0.000000 0.203465 0.343327 0.343327 0.343327
2516.653076 0.000000 1728.190308 0.000000 0.671058 0.000000 0.741405 0.325805 0.325805 0.325805
2513.383301 0.000000 1731.038696 0.000000 0.994584 0.000000 0.103938 0.307922 0.307922 0.307922
2505.120117 0.000000 1718.806152 0.000000 0.933670 0.000000 0.358133 0.313957 0.313957 0.313957
2513.384521 0.000000 1725.736572 0.000000 0.866908 0.000000 0.498469 0.361383 0.361383 0.361383
2522.960693 0.000000 1730.819580 0.000000 0.133552 0.000000 0.991042 0.261656 0.261656 0.261656
2506.621582 0.000000 1721.747437 0.000000 0.384414 0.000000 0.923161 0.285135 0.285135 0.285135
2518.003174 0.000000 1723.747559 0.000000 0.999131 0.000000 0.041686 0.364241 0.364241 0.364241
2504.040039 0.000000 1719.775146 0.000000 0.847277 0.000000 0.531151 0.306377 0.306377 0.306377
2505.788330 0.000000 1713.932129 0.000000 0.898397 0.000000 0.439184 0.365264 0.365264 0.365264
2519.490234 0.000000 1719.978638 0.000000 0.951279 0.000000 0.308331 0.376759 0.376759 0.376759
2517.697998 0.000000 1716.013794 0.000000 0.309809 0.000000 0.950799 0.311275 0.311275 0.311275
2518.552246 0.000000 1718.779541 0.000000 0.202154 0.000000 0.979354 0.298623 0.298623 0.298623
2516.351074 0.000000 1717.595703 0.000000 0.914002 0.000000 0.405711 0.370485 0.370485 0.370485
2507.303955 0.000000 1712.327515 0.000000 0.860110 0.000000 0.510108 0.360709 0.360709 0.360709
2521.454346 0.000000 1703.639893 0.000000 0.105893 0.000000 0.994378 0.288105 0.288105 0.288105
2497.905029 0.000000 1712.367920 0.000000 0.655132 0.000000 0.755515 0.343125 0.343125 0.343125
2516.673584 0.000000 1719.884521 0.000000 0.877850 0.000000 0.478935 0.362344 0.362344 0.362344
2536.130127 0.000000 1710.603760 0.000000 0.623266 0.000000 0.782010 0.339028 0.339028 0.339028
2511.303955 0.000000 1710.314575 0.000000 0.997327 0.000000 0.073063 0.394413 0.394413 0.394413
2536.788330 0.000000 1709.417480 0.000000 0.760516 0.000000 0.649319 0.353776 0.353776 0.353776
2516.287598 0.000000 1715.196045 0.000000 0.989031 0.000000 0.147705 0.373624 0.373624 0.373624
2535.576904 0.000000 1712.917725 0.000000 0.992625 0.000000 0.121223 0.356913 0.356913 0.356913
2506.195801 0.000000 1724.865845 0.000000 0.926417 0.000000 0.376499 0.370511 0.370511 0.370511
2517.764893 0.000000 1714.235474 0.000000 0.692075 0.000000 0.721826 0.336111 0.336111 0.336111
2496.006348 0.000000 1711.294800 0.000000 0.974477 0.000000 0.224489 0.369169 0.369169 0.369169
2501.485107 0.000000 1713.955811 0.000000 0.939395 0.000000 0.342836 0.377198 0.377198 0.377198
2524.488525 0.000000 1702.733521 0.000000 0.794797 0.000000 0.606876 0.350181 0.350181 0.350181
2521.362793 0.000000 1700.738892 0.000000 1.000000 0.000000 0.000809 0.399942 0.399942 0.399942
2521.297852 0.000000 1733.605957 0.000000 0.730286 0.000000 0.683141 0.344800 0.344800 0.344800
2517.293457 0.000000 1717.060059 0.000000 0.500980 0.000000 0.865459 0.326093 0.326093 0.326093
2523.540039 0.000000 1733.565430 0.000000 0.658667 0.000000 0.752435 0.334931 0.334931 0.334931
2536.028809 0.000000 1713.972656 0.000000 0.619852 0.000000 0.784719 0.331074 0.331074 0.331074
2517.270752 0.000000 1720.686523 0.000000 0.807247 0.000000 0.590213 0.351770 0.351770 0.351770
2511.096924 0.000000 1712.385498 0.000000 0.475448 0.000000 0.879744 0.322952 0.322952 0.322952
2504.711426 0.000000 1725.577148 0.000000 0.399348 0.000000 0.916800 0.316596 0.316596 0.316596
2525.344971 0.000000 1703.492676 0.000000 0.630223 0.000000 0.776414 0.332089 0.332089 0.332089
2537.629883 0.000000 1712.986328 0.000000 0.306130 0.000000 0.951990 0.303768 0.303768 0.303768
2510.741699 0.000000 1713.342163 0.000000 0.924648 0.000000 0.380823 0.372007 0.372007 0.372007
2523.886963 0.000000 1701.034668 0.000000 0.939816 0.000000 0.341681 0.373361 0.373361 0.373361
2523.580811 0.000000 1702.897705 0.000000 0.987307 0.000000 0.158820 0.387815 0.387815 0.387815
2487.430908 0.000000 1764.892700 0.000000 0.806411 0.000000 0.591356 0.195468 0.195468 0.195468
2475.779541 0.000000 1755.997070 0.000000 0.244734 0.000000 0.969590 0.225686 0.225686 0.225686
2487.597168 0.000000 1757.931763 0.000000 0.407274 0.000000 0.913306 0.293306 0.293306 0.293306
2482.878662 0.000000 1757.981934 0.000000 0.389072 0.000000 0.921207 0.314030 0.314030 0.314030
2479.924805 0.000000 1759.334839 0.000000 0.897694 0.000000 0.440620 0.335335 0.335335 0.335335
2485.138184 0.000000 1757.328735 0.000000 0.839657 0.000000 0.543117 0.356139 0.356139 0.356139
2485.175537 0.000000 1758.640381 0.000000 0.927700 0.000000 0.373326 0.370772 0.370772 0.370772
2486.973877 0.000000 1758.862061 0.000000 0.997439 0.000000 0.071529 0.388902 0.388902 0.388902
1707.936890 0.000000 2033.380615 0.000000 0.989930 0.000000 0.141554 0.248266 0.248266 0.248266
1704.984863 0.000000 2031.176514 0.000000 0.524091 0.000000 0.851662 0.332066 0.332066 0.332066
1704.031860 0.000000 2028.503662 0.000000 0.062583 0.000000 0.998040 0.263063 0.263063 0.263063
1790.830811 0.000000 2024.188232 0.000000 0.087785 0.000000 0.996139 0.204575 0.204575 0.204575
1791.022949 0.000000 2031.118652 0.000000 0.088600 0.000000 0.996067 0.208608 0.208608 0.208608
1787.743408 0.000000 2027.680664 0.000000 0.996521 0.000000 0.083338 0.249386 0.249386 0.249386
1786.542236 0.000000 2026.124146 0.000000 0.985563 0.000000 0.169309 0.247729 0.247729 0.247729
1784.590820 0.000000 2030.863770 0.000000 0.473562 0.000000 0.880761 0.229529 0.229529 0.229529
1786.732300 0.000000 2030.626099 0.000000 0.738655 0.000000 0.674084 0.248067 0.248067 0.248067
1789.825317 0.000000 2027.619141 0.000000 0.053591 0.000000 0.998563 0.292808 0.292808 0.292808
2031.365356 0.000000 1838.303589 0.000000 0.953567 0.000000 0.301181 0.197594 0.197594 0.197594
2035.521606 0.000000 1835.508911 0.000000 0.921175 0.000000 0.389147 0.196707 0.196707 0.196707
2024.581299 0.000000 1837.764404 0.000000 0.283126 0.000000 0.959083 0.211579 0.211579 0.211579
2037.040649 0.000000 1836.147461 0.000000 0.984227 0.000000 0.176912 0.332979 0.332979 0.332979
2044.396973 0.000000 1833.787964 0.000000 0.859394 0.000000 0.511314 0.325912 0.325912 0.325912
2044.956909 0.000000 1832.265869 0.000000 0.978833 0.000000 0.204662 0.341181 0.341181 0.341181
2037.815186 0.000000 1837.875122 0.000000 0.947910 0.000000 0.318539 0.326695 0.326695 0.326695
2025.275879 0.000000 1838.601685 0.000000 0.641080 0.000000 0.767474 0.340808 0.340808 0.340808
2034.162109 0.000000 1839.999878 0.000000 0.490224 0.000000 0.871596 0.319140 0.319140 0.319140
2022.106445 0.000000 1838.072266 0.000000 0.512807 0.000000 0.858504 0.322939 0.322939 0.322939
2022.983521 0.000000 1840.363892 0.000000 0.949685 0.000000 0.313205 0.375663 0.375663 0.375663
2036.092041 0.000000 1839.235229 0.000000 0.129494 0.000000 0.991580 0.289920 0.289920 0.289920
2038.690308 0.000000 1838.159424 0.000000 0.937159 0.000000 0.348902 0.372773 0.372773 0.372773
1839.152222 0.000000 2022.423828 0.000000 0.004583 0.000000 0.999990 0.187140 0.187140 0.187140
1844.391968 0.000000 2025.339844 0.000000 0.846358 0.000000 0.532614 0.195146 0.195146 0.195146
1798.827515 0.000000 2032.952026 0.000000 0.735140 0.000000 0.677916 0.209040 0.209040 0.209040
1846.407227 0.000000 2029.988770 0.000000 0.992145 0.000000 0.125093 0.287713 0.287713 0.287713
1821.530396 0.000000 2031.126587 0.000000 0.455092 0.000000 0.890445 0.237621 0.237621 0.237621
1834.572388 0.000000 2026.531982 0.000000 0.140069 0.000000 0.990142 0.263875 0.263875 0.263875
1824.008667 0.000000 2027.437500 0.000000 0.971253 0.000000 0.238050 0.318885 0.318885 0.318885
1834.936646 0.000000 2029.453369 0.000000 0.078084 0.000000 0.996947 0.289588 0.289588 0.289588
1837.060913 0.000000 2025.895874 0.000000 0.597813 0.000000 0.801635 0.260340 0.260340 0.260340
1837.468140 0.000000 2030.462769 0.000000 0.479576 0.000000 0.877501 0.328902 0.328902 0.328902
1837.661743 0.000000 2027.208618 0.000000 0.376897 0.000000 0.926255 0.316485 0.316485 0.316485
1855.412231 0.000000 2029.801270 0.000000 0.340174 0.000000 0.940363 0.280401 0.280401 0.280401
1821.388550 0.000000 2026.144165 0.000000 0.999585 0.000000 0.028821 0.398021 0.398021 0.398021
1847.150269 0.000000 2025.035767 0.000000 0.383135 0.000000 0.923692 0.314153 0.314153 0.314153
1848.262695 0.000000 2027.368042 0.000000 0.489275 0.000000 0.872129 0.319057 0.319057 0.319057
1837.109253 0.000000 2028.360962 0.000000 0.550526 0.000000 0.834818 0.333609 0.333609 0.333609
1837.862305 0.000000 2029.331177 0.000000 0.159158 0.000000 0.987253 0.307568 0.307568 0.307568
1847.149902 0.000000 2027.051025 0.000000 0.827874 0.000000 0.560914 0.354508 0.354508 0.354508
1836.171021 0.000000 2032.217041 0.000000 0.999900 0.000000 0.014147 0.398919 0.398919 0.398919
1792.825439 0.000000 2029.244873 0.000000 0.895696 0.000000 0.444667 0.366178 0.366178 0.366178
1849.544922 0.000000 2026.516479 0.000000 0.383904 0.000000 0.923373 0.310101 0.310101 0.310101
1820.043335 0.000000 2029.467041 0.000000 0.085405 0.000000 0.996346 0.286532 0.286532 0.286532
1794.932251 0.000000 2030.097168 0.000000 0.658666 0.000000 0.752435 0.340460 0.340460 0.340460
1834.481323 0.000000 2033.125977 0.000000 0.394193 0.000000 0.919028 0.310954 0.310954 0.310954
1861.391968 0.000000 2026.692993 0.000000 0.166301 0.000000 0.986075 0.296461 0.296461 0.296461
1856.046631 0.000000 2031.716431 0.000000 0.421650 0.000000 0.906758 0.267273 0.267273 0.267273
1861.362183 0.000000 2029.637939 0.000000 0.995909 0.000000 0.090358 0.370411 0.370411 0.370411
1857.456787 0.000000 2028.070068 0.000000 0.840340 0.000000 0.542059 0.357808 0.357808 0.357808
1856.825439 0.000000 2029.244873 0.000000 0.977292 0.000000 0.211899 0.384275 0.384275 0.384275
1652.105469 0.000000 2075.828369 0.000000 0.945440 0.000000 0.325796 0.275634 0.275634 0.275634
1659.122925 0.000000 2072.863770 0.000000 0.339600 0.000000 0.940570 0.248434 0.248434 0.248434
1659.111816 0.000000 2074.560547 0.000000 0.954342 0.000000 0.298715 0.285695 0.285695 0.285695
1651.251587 0.000000 2082.601562 0.000000 0.811705 0.000000 0.584068 0.359825 0.359825 0.359825
1650.104370 0.000000 2078.151123 0.000000 0.988781 0.000000 0.149375 0.388546 0.388546 0.388546
1651.779053 0.000000 2079.018066 0.000000 0.876669 0.000000 0.481093 0.361658 0.361658 0.361658
1652.822632 0.000000 2080.855225 0.000000 0.943164 0.000000 0.332326 0.374120 0.374120 0.374120
1654.758179 0.000000 2074.291260 0.000000 0.850859 0.000000 0.525394 0.357740 0.357740 0.357740
1653.727783 0.000000 2080.001709 0.000000 0.632156 0.000000 0.774841 0.332279 0.332279 0.332279
1653.963745 0.000000 2077.394043 0.000000 0.910591 0.000000 0.413308 0.367450 0.367450 0.367450
1662.229492 0.000000 2088.147217 0.000000 0.716314 0.000000 0.697778 0.345050 0.345050 0.345050
1652.807007 0.000000 2078.621582 0.000000 0.992611 0.000000 0.121337 0.390708 0.390708 0.390708
1617.116211 0.000000 2137.169434 0.000000 0.670245 0.000000 0.742140 0.192171 0.192171 0.192171
1654.374756 0.000000 2121.471680 0.000000 0.536414 0.000000 0.843955 0.243927 0.243927 0.243927
1631.716431 0.000000 2130.372559 0.000000 0.162574 0.000000 0.986696 0.236308 0.236308 0.236308
1615.150513 0.000000 2143.532959 0.000000 0.989836 0.000000 0.142217 0.234119 0.234119 0.234119
1655.657227 0.000000 2130.295654 0.000000 0.901529 0.000000 0.432718 0.236344 0.236344 0.236344
1617.040649 0.000000 2142.457275 0.000000 0.383072 0.000000 0.923718 0.228474 0.228474 0.228474
1657.788940 0.000000 2109.283691 0.000000 0.840811 0.000000 0.541328 0.278690 0.278690 0.278690
1655.633301 0.000000 2108.639648 0.000000 0.525017 0.000000 0.851092 0.256275 0.256275 0.256275
1645.863159 0.000000 2136.739014 0.000000 0.831765 0.000000 0.555127 0.264884 0.264884 0.264884
1630.385010 0.000000 2131.516602 0.000000 0.354225 0.000000 0.935160 0.240912 0.240912 0.240912
1654.213257 0.000000 2132.927246 0.000000 0.987394 0.000000 0.158280 0.283527 0.283527 0.283527
1646.407837 0.000000 2117.091797 0.000000 0.950094 0.000000 0.311963 0.299609 0.299609 0.299609
1619.869141 0.000000 2141.241455 0.000000 0.482985 0.000000 0.875628 0.311501 0.311501 0.311501
1623.844482 0.000000 2137.442383 0.000000 0.239391 0.000000 0.970923 0.270167 0.270167 0.270167
1656.193359 0.000000 2142.372803 0.000000 0.406929 0.000000 0.913460 0.282487 0.282487 0.282487
1640.984863 0.000000 2144.145264 0.000000 0.591380 0.000000 0.806393 0.327871 0.327871 0.327871
1648.418945 0.000000 2116.198486 0.000000 0.031944 0.000000 0.999490 0.260717 0.260717 0.260717
1652.032959 0.000000 2145.685303 0.000000 0.985842 0.000000 0.167678 0.322761 0.322761 0.322761
1618.752686 0.000000 2136.276123 0.000000 0.589945 0.000000 0.807443 0.281789 0.281789 0.281789
1640.031860 0.000000 2141.472412 0.000000 0.264453 0.000000 0.964399 0.313785 0.313785 0.313785
1661.768066 0.000000 2117.120117 0.000000 0.425943 0.000000 0.904750 0.327447 0.327447 0.327447
1632.756958 0.000000 2129.543945 0.000000 0.676354 0.000000 0.736576 0.327774 0.327774 0.327774
1651.522583 0.000000 2106.608398 0.000000 0.271468 0.000000 0.962447 0.295957 0.295957 0.295957
1643.740479 0.000000 2138.853760 0.000000 0.990505 0.000000 0.137477 0.351815 0.351815 0.351815
1625.036621 0.000000 2134.157227 0.000000 0.996949 0.000000 0.078055 0.394129 0.394129 0.394129
1663.877441 0.000000 2093.041748 0.000000 0.320829 0.000000 0.947137 0.304951 0.304951 0.304951
1624.647583 0.000000 2142.869141 0.000000 0.733133 0.000000 0.680085 0.342866 0.342866 0.342866
1648.071899 0.000000 2113.681641 0.000000 0.541764 0.000000 0.840531 0.313551 0.313551 0.313551
1630.751343 0.000000 2129.513428 0.000000 0.431882 0.000000 0.901930 0.303001 0.303001 0.303001
1656.202881 0.000000 2106.878418 0.000000 0.839290 0.000000 0.543683 0.307646 0.307646 0.307646
1658.127563 0.000000 2114.514404 0.000000 0.873105 0.000000 0.487532 0.361095 0.361095 0.361095
1639.241577 0.000000 2142.821045 0.000000 0.977994 0.000000 0.208635 0.384888 0.384888 0.384888
1626.048218 0.000000 2136.448975 0.000000 0.583465 0.000000 0.812139 0.333035 0.333035 0.333035
1645.009277 0.000000 2117.083252 0.000000 0.999485 0.000000 0.032080 0.397549 0.397549 0.397549
1653.912476 0.000000 2112.700684 0.000000 0.251374 0.000000 0.967890 0.315619 0.315619 0.315619
1641.666016 0.000000 2137.055176 0.000000 0.550205 0.000000 0.835030 0.324508 0.324508 0.324508
1626.950439 0.000000 2134.780762 0.000000 0.531009 0.000000 0.847366 0.330337 0.330337 0.330337
1661.826050 0.000000 2131.641602 0.000000 0.987813 0.000000 0.155645 0.388061 0.388061 0.388061
1624.109253 0.000000 2132.885010 0.000000 0.403952 0.000000 0.914780 0.322436 0.322436 0.322436
1656.164185 0.000000 2102.844971 0.000000 0.268247 0.000000 0.963350 0.300747 0.300747 0.300747
1662.218506 0.000000 2090.865723 0.000000 0.614656 0.000000 0.788795 0.330569 0.330569 0.330569
1635.728149 0.000000 2141.953369 0.000000 0.550943 0.000000 0.834543 0.328766 0.328766 0.328766
1624.739624 0.000000 2136.653809 0.000000 0.773823 0.000000 0.633402 0.342136 0.342136 0.342136
1661.822510 0.000000 2113.888672 0.000000 0.862172 0.000000 0.506616 0.364190 0.364190 0.364190
1624.553345 0.000000 2138.395508 0.000000 0.986709 0.000000 0.162496 0.387531 0.387531 0.387531
1655.950684 0.000000 2115.900391 0.000000 0.796867 0.000000 0.604155 0.350443 0.350443 0.350443
1653.597656 0.000000 2115.593018 0.000000 0.855112 0.000000 0.518444 0.358363 0.358363 0.358363
1658.232056 0.000000 2133.325195 0.000000 0.858517 0.000000 0.512784 0.353189 0.353189 0.353189
1650.361328 0.000000 2117.714355 0.000000 0.753861 0.000000 0.657034 0.345235 0.345235 0.345235
1658.229980 0.000000 2101.743164 0.000000 0.294261 0.000000 0.955725 0.312345 0.312345 0.312345
1624.192993 0.000000 2144.940918 0.000000 0.387714 0.000000 0.921780 0.311880 0.311880 0.311880
1623.848022 0.000000 2139.973145 0.000000 0.745388 0.000000 0.666631 0.346625 0.346625 0.346625
1638.864258 0.000000 2127.299561 0.000000 0.998509 0.000000 0.054596 0.396495 0.396495 0.396495
1651.963013 0.000000 2133.405762 0.000000 0.020644 0.000000 0.999787 0.284286 0.284286 0.284286
1638.974487 0.000000 2126.010742 0.000000 0.883123 0.000000 0.469141 0.368669 0.368669 0.368669
1626.963867 0.000000 2142.754395 0.000000 0.358072 0.000000 0.933694 0.307976 0.307976 0.307976
1622.560059 0.000000 2141.580566 0.000000 0.745682 0.000000 0.666302 0.344290 0.344290 0.344290
1639.874390 0.000000 2137.021484 0.000000 0.793886 0.000000 0.608066 0.357410 0.357410 0.357410
1652.713013 0.000000 2106.826660 0.000000 0.163513 0.000000 0.986541 0.307647 0.307647 0.307647
1641.275879 0.000000 2121.023682 0.000000 0.562521 0.000000 0.826783 0.336819 0.336819 0.336819
1627.171875 0.000000 2145.882080 0.000000 0.661053 0.000000 0.750339 0.344707 0.344707 0.344707
1643.478516 0.000000 2116.249756 0.000000 0.299502 0.000000 0.954096 0.303237 0.303237 0.303237
1663.025879 0.000000 2093.707520 0.000000 0.553574 0.000000 0.832800 0.324817 0.324817 0.324817
1658.394287 0.000000 2099.649414 0.000000 0.662115 0.000000 0.749402 0.335282 0.335282 0.335282
1641.291504 0.000000 2140.484863 0.000000 0.812715 0.000000 0.582661 0.358849 0.358849 0.358849
1643.118652 0.000000 2120.011230 0.000000 0.592275 0.000000 0.805736 0.328425 0.328425 0.328425
1625.893555 0.000000 2134.716553 0.000000 0.538188 0.000000 0.842825 0.324665 0.324665 0.324665
1636.557251 0.000000 2140.680664 0.000000 0.969238 0.000000 0.246125 0.381002 0.381002 0.381002
1626.932373 0.000000 2136.970459 0.000000 0.027840 0.000000 0.999612 0.290987 0.290987 0.290987
1638.685913 0.000000 2137.808350 0.000000 0.992278 0.000000 0.124036 0.391897 0.391897 0.391897
1641.318970 0.000000 2124.938477 0.000000 0.867625 0.000000 0.497219 0.360245 0.360245 0.360245
1660.446411 0.000000 2099.502686 0.000000 0.968683 0.000000 0.248300 0.382898 0.382898 0.382898
1651.315430 0.000000 2111.010254 0.000000 0.419057 0.000000 0.907960 0.316444 0.316444 0.316444
1653.996826 0.000000 2116.665527 0.000000 0.597577 0.000000 0.801812 0.328929 0.328929 0.328929
1636.942749 0.000000 2138.448730 0.000000 0.081322 0.000000 0.996688 0.286219 0.286219 0.286219
1660.557373 0.000000 2095.188721 0.000000 0.967728 0.000000 0.251996 0.381811 0.381811 0.381811
1654.581543 0.000000 2115.052734 0.000000 0.752499 0.000000 0.658593 0.345076 0.345076 0.345076
1638.279175 0.000000 2124.396973 0.000000 0.118523 0.000000 0.992951 0.289076 0.289076 0.289076
1628.635742 0.000000 2129.550049 0.000000 0.559774 0.000000 0.828645 0.330020 0.330020 0.330020
1651.385986 0.000000 2113.090332 0.000000 0.673026 0.000000 0.739619 0.336401 0.336401 0.336401
1624.784302 0.000000 2141.135742 0.000000 0.932392 0.000000 0.361448 0.371748 0.371748 0.371748
1658.035645 0.000000 2113.502197 0.000000 0.092088 0.000000 0.995751 0.287045 0.287045 0.287045
1642.156738 0.000000 2121.576660 0.000000 0.256495 0.000000 0.966546 0.299816 0.299816 0.299816
1640.486938 0.000000 2138.899414 0.000000 0.629243 0.000000 0.777209 0.333993 0.333993 0.333993
1649.540405 0.000000 2133.696045 0.000000 0.155430 0.000000 0.987847 0.291922 0.291922 0.291922
1643.352783 0.000000 2137.147461 0.000000 0.986084 0.000000 0.166249 0.387866 0.387866 0.387866
1618.612549 0.000000 2138.506836 0.000000 0.479952 0.000000 0.877295 0.318243 0.318243 0.318243
1649.975220 0.000000 2132.062500 0.000000 0.769345 0.000000 0.638833 0.347060 0.347060 0.347060
1662.282959 0.000000 2099.893799 0.000000 0.869897 0.000000 0.493233 0.360596 0.360596 0.360596
1656.222168 0.000000 2104.626465 0.000000 0.649256 0.000000 0.760570 0.333981 0.333981 0.333981
1640.987061 0.000000 2134.214844 0.000000 0.907225 0.000000 0.420645 0.366833 0.366833 0.366833
1656.161133 0.000000 2113.785889 0.000000 0.600462 0.000000 0.799653 0.329204 0.329204 0.329204
1640.733887 0.000000 2137.394775 0.000000 0.890363 0.000000 0.455252 0.363892 0.363892 0.363892
1648.240723 0.000000 2133.607178 0.000000 0.963180 0.000000 0.268859 0.379205 0.379205 0.379205
1624.071289 0.000000 2146.076904 0.000000 0.363324 0.000000 0.931663 0.308406 0.308406 0.308406
1640.917358 0.000000 2123.120361 0.000000 0.999728 0.000000 0.023317 0.398219 0.398219 0.398219
1702.192993 0.000000 2039.144409 0.000000 0.206878 0.000000 0.978367 0.188265 0.188265 0.188265
1693.565796 0.000000 2076.736328 0.000000 0.011043 0.000000 0.999939 0.188040 0.188040 0.188040
1691.115967 0.000000 2051.912842 0.000000 0.021304 0.000000 0.999773 0.209162 0.209162 0.209162
1669.178101 0.000000 2058.807617 0.000000 0.699286 0.000000 0.714842 0.201640 0.201640 0.201640
1702.658447 0.000000 2041.658447 0.000000 0.945018 0.000000 0.327018 0.217420 0.217420 0.217420
1707.597290 0.000000 2035.462036 0.000000 0.355163 0.000000 0.934804 0.226240 0.226240 0.226240
1716.127808 0.000000 2051.320068 0.000000 0.485977 0.000000 0.873971 0.210413 0.210413 0.210413
1699.097656 0.000000 2075.537598 0.000000 0.113638 0.000000 0.993522 0.214567 0.214567 0.214567
1703.451416 0.000000 2048.433105 0.000000 0.971640 0.000000 0.236464 0.220818 0.220818 0.220818
1720.713501 0.000000 2062.860596 0.000000 0.837423 0.000000 0.546556 0.223144 0.223144 0.223144
1718.374756 0.000000 2064.987305 0.000000 0.700622 0.000000 0.713533 0.247769 0.247769 0.247769
1684.672607 0.000000 2052.994873 0.000000 0.119202 0.000000 0.992870 0.206642 0.206642 0.206642
1705.380981 0.000000 2049.385010 0.000000 0.203087 0.000000 0.979161 0.227231 0.227231 0.227231
1702.302734 0.000000 2046.504150 0.000000 0.417630 0.000000 0.908617 0.238389 0.238389 0.238389
1695.860107 0.000000 2081.270996 0.000000 0.997838 0.000000 0.065728 0.230933 0.230933 0.230933
1711.881714 0.000000 2046.170044 0.000000 0.084559 0.000000 0.996418 0.235213 0.235213 0.235213
1698.607544 0.000000 2085.831543 0.000000 0.002989 0.000000 0.999996 0.251504 0.251504 0.251504
1668.837402 0.000000 2081.677246 0.000000 0.938507 0.000000 0.345261 0.240099 0.240099 0.240099
1711.125977 0.000000 2072.354736 0.000000 0.345515 0.000000 0.938413 0.224387 0.224387 0.224387
1666.331055 0.000000 2073.383301 0.000000 0.099975 0.000000 0.994990 0.265049 0.265049 0.265049
1691.871582 0.000000 2053.504883 0.000000 0.571894 0.000000 0.820327 0.258621 0.258621 0.258621
1678.942017 0.000000 2059.078125 0.000000 0.754769 0.000000 0.655990 0.279825 0.279825 0.279825
1689.662842 0.000000 2056.232910 0.000000 0.868723 0.000000 0.495298 0.266704 0.266704 0.266704
1717.040649 0.000000 2062.084961 0.000000 0.976416 0.000000 0.215899 0.325005 0.325005 0.325005
1694.198853 0.000000 2084.685547 0.000000 0.947024 0.000000 0.321163 0.266499 0.266499 0.266499
1690.288574 0.000000 2053.270264 0.000000 0.895512 0.000000 0.445038 0.272141 0.272141 0.272141
1677.010498 0.000000 2067.461670 0.000000 0.993663 0.000000 0.112402 0.340100 0.340100 0.340100
1689.591064 0.000000 2051.419189 0.000000 0.354740 0.000000 0.934965 0.293543 0.293543 0.293543
1681.981812 0.000000 2063.349609 0.000000 0.629088 0.000000 0.777334 0.311162 0.311162 0.311162
1693.201782 0.000000 2066.104004 0.000000 0.428424 0.000000 0.903578 0.269825 0.269825 0.269825
1685.329224 0.000000 2044.061890 0.000000 0.996845 0.000000 0.079370 0.328462 0.328462 0.328462
1689.317871 0.000000 2040.697876 0.000000 0.840076 0.000000 0.542468 0.280547 0.280547 0.280547
1664.046631 0.000000 2088.200928 0.000000 0.263784 0.000000 0.964582 0.301755 0.301755 0.301755
1693.245483 0.000000 2069.272217 0.000000 0.999627 0.000000 0.027318 0.371640 0.371640 0.371640
1706.374146 0.000000 2046.082275 0.000000 0.432224 0.000000 0.901766 0.282826 0.282826 0.282826
1682.552246 0.000000 2087.588379 0.000000 0.999713 0.000000 0.023972 0.375152 0.375152 0.375152
1676.281982 0.000000 2085.439453 0.000000 0.235842 0.000000 0.971791 0.312942 0.312942 0.312942
1690.960815 0.000000 2069.725830 0.000000 0.265997 0.000000 0.963974 0.270464 0.270464 0.270464
1707.614258 0.000000 2043.661743 0.000000 0.491036 0.000000 0.871139 0.319023 0.319023 0.319023
1694.551758 0.000000 2068.192383 0.000000 0.999613 0.000000 0.027806 0.393795 0.393795 0.393795
1672.996094 0.000000 2084.656494 0.000000 0.813674 0.000000 0.581321 0.304013 0.304013 0.304013
1697.198730 0.000000 2068.288574 0.000000 0.999104 0.000000 0.042318 0.377454 0.377454 0.377454
1699.360474 0.000000 2082.686279 0.000000 0.467531 0.000000 0.883977 0.310597 0.310597 0.310597
1678.955566 0.000000 2085.729736 0.000000 0.956313 0.000000 0.292344 0.331934 0.331934 0.331934
1710.218384 0.000000 2052.313965 0.000000 0.847923 0.000000 0.530119 0.362756 0.362756 0.362756
1720.776245 0.000000 2060.280762 0.000000 0.544671 0.000000 0.838650 0.279053 0.279053 0.279053
1717.027100 0.000000 2064.954590 0.000000 0.434766 0.000000 0.900544 0.321917 0.321917 0.321917
1691.110962 0.000000 2071.046875 0.000000 0.968128 0.000000 0.250458 0.345168 0.345168 0.345168
1698.794678 0.000000 2070.345459 0.000000 0.050509 0.000000 0.998724 0.290283 0.290283 0.290283
1693.621216 0.000000 2070.584961 0.000000 0.031748 0.000000 0.999496 0.297026 0.297026 0.297026
1672.949829 0.000000 2079.645996 0.000000 0.988918 0.000000 0.148465 0.390179 0.390179 0.390179
1698.885498 0.000000 2063.022217 0.000000 0.479339 0.000000 0.877630 0.311287 0.311287 0.311287
1695.658936 0.000000 2068.971191 0.000000 0.743365 0.000000 0.668886 0.350119 0.350119 0.350119
1687.267456 0.000000 2047.639526 0.000000 0.940910 0.000000 0.338657 0.356492 0.356492 0.356492
1681.638672 0.000000 2058.439209 0.000000 0.405711 0.000000 0.914001 0.311914 0.311914 0.311914
1676.303711 0.000000 2062.391846 0.000000 0.893476 0.000000 0.449112 0.370116 0.370116 0.370116
1685.697998 0.000000 2054.919922 0.000000 0.995702 0.000000 0.092617 0.393980 0.393980 0.393980
1696.142334 0.000000 2047.155396 0.000000 0.419216 0.000000 0.907886 0.299536 0.299536 0.299536
1712.498535 0.000000 2066.990234 0.000000 0.999110 0.000000 0.042191 0.391801 0.391801 0.391801
1717.739014 0.000000 2066.062744 0.000000 0.368058 0.000000 0.929803 0.315352 0.315352 0.315352
1686.991211 0.000000 2045.716309 0.000000 0.028006 0.000000 0.999608 0.282140 0.282140 0.282140
1679.086670 0.000000 2070.972900 0.000000 0.843713 0.000000 0.536795 0.356712 0.356712 0.356712
1686.552368 0.000000 2057.685791 0.000000 0.999996 0.000000 0.002961 0.399785 0.399785 0.399785
1684.351074 0.000000 2056.501953 0.000000 0.084532 0.000000 0.996421 0.286465 0.286465 0.286465
1706.238525 0.000000 2043.276367 0.000000 0.747290 0.000000 0.664498 0.337338 0.337338 0.337338
1672.816772 0.000000 2071.528076 0.000000 0.829895 0.000000 0.557919 0.354784 0.354784 0.354784
1670.391357 0.000000 2075.405518 0.000000 0.340887 0.000000 0.940104 0.306575 0.306575 0.306575
1712.708740 0.000000 2051.669189 0.000000 0.846353 0.000000 0.532622 0.357090 0.357090 0.357090
1699.340820 0.000000 2034.692627 0.000000 0.929187 0.000000 0.369610 0.372060 0.372060 0.372060
1681.695801 0.000000 2056.022949 0.000000 0.250769 0.000000 0.968047 0.303444 0.303444 0.303444
1682.405518 0.000000 2073.201660 0.000000 0.544853 0.000000 0.838532 0.326502 0.326502 0.326502
1680.364136 0.000000 2087.008789 0.000000 0.055386 0.000000 0.998465 0.288417 0.288417 0.288417
1711.274292 0.000000 2051.520264 0.000000 0.999684 0.000000 0.025155 0.398354 0.398354 0.398354
1673.007690 0.000000 2070.146729 0.000000 0.801292 0.000000 0.598274 0.351005 0.351005 0.351005
1707.927246 0.000000 2048.282471 0.000000 0.018099 0.000000 0.999836 0.296113 0.296113 0.296113
1698.137939 0.000000 2048.340576 0.000000 0.946458 0.000000 0.322828 0.375873 0.375873 0.375873
1672.459473 0.000000 2075.998535 0.000000 0.365726 0.000000 0.930723 0.308603 0.308603 0.308603
1719.607178 0.000000 2062.329590 0.000000 0.999916 0.000000 0.012941 0.386911 0.386911 0.386911
1705.102051 0.000000 2040.697632 0.000000 0.691815 0.000000 0.722075 0.333706 0.333706 0.333706
1682.772339 0.000000 2058.116943 0.000000 0.996715 0.000000 0.080984 0.394070 0.394070 0.394070
1712.035400 0.000000 2048.333496 0.000000 0.709542 0.000000 0.704663 0.331857 0.331857 0.331857
1693.269043 0.000000 2043.389282 0.000000 0.853881 0.000000 0.520468 0.358182 0.358182 0.358182
1684.287598 0.000000 2054.102295 0.000000 0.966895 0.000000 0.255173 0.383251 0.383251 0.383251
1708.866455 0.000000 2051.166992 0.000000 0.787555 0.000000 0.616244 0.352426 0.352426 0.352426
1683.857544 0.000000 2073.634033 0.000000 0.988184 0.000000 0.153272 0.388629 0.388629 0.388629
1714.367554 0.000000 2068.066650 0.000000 0.507192 0.000000 0.861833 0.320636 0.320636 0.320636
1696.610718 0.000000 2035.220215 0.000000 0.451993 0.000000 0.892021 0.309001 0.309001 0.309001
1676.208374 0.000000 2087.538330 0.000000 0.756437 0.000000 0.654066 0.325465 0.325465 0.325465
1668.258545 0.000000 2076.959473 0.000000 0.127896 0.000000 0.991788 0.293039 0.293039 0.293039
1673.653320 0.000000 2089.817383 0.000000 0.949598 0.000000 0.313470 0.362909 0.362909 0.362909
1680.829468 0.000000 2057.191406 0.000000 0.237208 0.000000 0.971459 0.302681 0.302681 0.302681
1700.907471 0.000000 2070.521484 0.000000 0.589654 0.000000 0.807656 0.331932 0.331932 0.331932
1690.826904 0.000000 2044.506226 0.000000 0.989273 0.000000 0.146075 0.388801 0.388801 0.388801
1697.994629 0.000000 2066.207031 0.000000 0.830787 0.000000 0.556590 0.354906 0.354906 0.354906
1676.522217 0.000000 2074.169434 0.000000 0.634317 0.000000 0.773073 0.332492 0.332492 0.332492
1696.474365 0.000000 2044.666626 0.000000 0.963796 0.000000 0.266642 0.381537 0.381537 0.381537
1678.093872 0.000000 2073.163086 0.000000 0.568328 0.000000 0.822802 0.326178 0.326178 0.326178
1715.050537 0.000000 2051.700684 0.000000 0.981415 0.000000 0.191896 0.386068 0.386068 0.386068
1695.322021 0.000000 2071.042725 0.000000 0.120247 0.000000 0.992744 0.297536 0.297536 0.297536
1674.462524 0.000000 2086.105713 0.000000 0.748220 0.000000 0.663451 0.348940 0.348940 0.348940
1687.544312 0.000000 2086.228760 0.000000 0.881839 0.000000 0.471551 0.368494 0.368494 0.368494
1713.624756 0.000000 2066.861084 0.000000 0.916236 0.000000 0.400640 0.369030 0.369030 0.369030
1668.567505 0.000000 2073.854004 0.000000 0.396838 0.000000 0.917889 0.324103 0.324103 0.324103
1691.100952 0.000000 2042.590820 0.000000 0.898566 0.000000 0.438838 0.365294 0.365294 0.365294
1692.488525 0.000000 2041.639771 0.000000 0.935150 0.000000 0.354252 0.372336 0.372336 0.372336
1714.162109 0.000000 2065.937256 0.000000 0.996962 0.000000 0.077894 0.384160 0.384160 0.384160
1693.523560 0.000000 2072.291016 0.000000 0.905740 0.000000 0.423833 0.366564 0.366564 0.366564
1696.083130 0.000000 2041.502563 0.000000 0.649019 0.000000 0.760772 0.333957 0.333957 0.333957
1687.498779 0.000000 2043.445801 0.000000 0.001619 0.000000 0.999999 0.280124 0.280124 0.280124
1693.472900 0.000000 2075.613281 0.000000 0.982273 0.000000 0.187456 0.387430 0.387430 0.387430
1692.595215 0.000000 2074.066406 0.000000 0.994710 0.000000 0.102720 0.393141 0.393141 0.393141
1695.259766 0.000000 2043.185425 0.000000 0.971219 0.000000 0.238188 0.383909 0.383909 0.383909
1680.040405 0.000000 2085.791992 0.000000 0.463391 0.000000 0.886154 0.321974 0.321974 0.321974
1691.539917 0.000000 2072.471680 0.000000 0.767011 0.000000 0.641634 0.350434 0.350434 0.350434
1700.266113 0.000000 2047.548828 0.000000 0.374760 0.000000 0.927122 0.309346 0.309346 0.309346
1715.067017 0.000000 2069.770996 0.000000 0.995649 0.000000 0.093179 0.392871 0.392871 0.392871
1686.245972 0.000000 2043.560669 0.000000 0.720536 0.000000 0.693417 0.341465 0.341465 0.341465
1669.291992 0.000000 2077.230469 0.000000 0.454933 0.000000 0.890526 0.318549 0.318549 0.318549
1677.019897 0.000000 2065.322266 0.000000 0.204289 0.000000 0.978911 0.310031 0.310031 0.310031
1673.779541 0.000000 2071.947510 0.000000 0.782547 0.000000 0.622591 0.348659 0.348659 0.348659
1704.114258 0.000000 2043.964600 0.000000 0.430767 0.000000 0.902463 0.317674 0.317674 0.317674
1678.439453 0.000000 2065.720459 0.000000 0.249821 0.000000 0.968292 0.299289 0.299289 0.299289
1680.603149 0.000000 2084.975586 0.000000 0.383913 0.000000 0.923369 0.315684 0.315684 0.315684
1699.124390 0.000000 2046.804932 0.000000 0.996977 0.000000 0.077700 0.394058 0.394058 0.394058
1693.345093 0.000000 2042.398926 0.000000 0.636798 0.000000 0.771030 0.332738 0.332738 0.332738
1697.744507 0.000000 2041.225708 0.000000 0.836252 0.000000 0.548346 0.355662 0.355662 0.355662
1696.908447 0.000000 2042.024658 0.000000 0.620844 0.000000 0.783934 0.331170 0.331170 0.331170
1715.516724 0.000000 2066.355469 0.000000 0.314223 0.000000 0.949349 0.304419 0.304419 0.304419
1676.656982 0.000000 2071.697998 0.000000 0.995869 0.000000 0.090804 0.393054 0.393054 0.393054
1674.018433 0.000000 2075.005371 0.000000 0.885366 0.000000 0.464894 0.363062 0.363062 0.363062
1671.033936 0.000000 2078.577393 0.000000 0.876733 0.000000 0.480977 0.361668 0.361668 0.361668
1686.024780 0.000000 2044.726807 0.000000 0.991893 0.000000 0.127078 0.390266 0.390266 0.390266
1691.580811 0.000000 2041.803955 0.000000 0.928754 0.000000 0.370697 0.370989 0.370989 0.370989
1691.457397 0.000000 2043.438843 0.000000 0.474987 0.000000 0.879993 0.317811 0.317811 0.317811
1696.584473 0.000000 2082.103027 0.000000 0.646789 0.000000 0.762669 0.333733 0.333733 0.333733
1785.786499 0.000000 2037.962280 0.000000 0.418040 0.000000 0.908428 0.189759 0.189759 0.189759
1786.308594 0.000000 2078.037109 0.000000 0.635652 0.000000 0.771976 0.195900 0.195900 0.195900
1783.542480 0.000000 2056.567383 0.000000 0.583273 0.000000 0.812276 0.207393 0.207393 0.207393
1788.370483 0.000000 2079.334229 0.000000 0.987081 0.000000 0.160220 0.252229 0.252229 0.252229
1779.339844 0.000000 2068.726807 0.000000 0.322551 0.000000 0.946552 0.223944 0.223944 0.223944
1789.061157 0.000000 2033.993774 0.000000 0.486976 0.000000 0.873415 0.229817 0.229817 0.229817
1776.587158 0.000000 2084.363525 0.000000 0.664019 0.000000 0.747716 0.235755 0.235755 0.235755
1782.075073 0.000000 2054.982422 0.000000 0.623375 0.000000 0.781923 0.248997 0.248997 0.248997
1789.048584 0.000000 2072.702881 0.000000 0.998074 0.000000 0.062041 0.277403 0.277403 0.277403
1783.633301 0.000000 2052.155273 0.000000 0.957131 0.000000 0.289656 0.283909 0.283909 0.283909
1787.325317 0.000000 2045.552856 0.000000 0.976166 0.000000 0.217024 0.238250 0.238250 0.238250
1787.122925 0.000000 2072.863770 0.000000 0.460485 0.000000 0.887667 0.258333 0.258333 0.258333
1781.498657 0.000000 2070.913818 0.000000 0.957276 0.000000 0.289177 0.295276 0.295276 0.295276
1784.204712 0.000000 2043.698364 0.000000 0.320967 0.000000 0.947091 0.232091 0.232091 0.232091
1786.545166 0.000000 2065.408203 0.000000 0.893785 0.000000 0.448495 0.272037 0.272037 0.272037
1776.528931 0.000000 2054.318604 0.000000 0.906195 0.000000 0.422859 0.284720 0.284720 0.284720
1775.049927 0.000000 2062.647461 0.000000 0.486976 0.000000 0.873415 0.295747 0.295747 0.295747
1781.819214 0.000000 2042.063232 0.000000 0.615177 0.000000 0.788389 0.307178 0.307178 0.307178
1774.407837 0.000000 2060.607422 0.000000 0.971446 0.000000 0.237262 0.329293 0.329293 0.329293
1782.518433 0.000000 2037.126587 0.000000 0.693714 0.000000 0.720250 0.294270 0.294270 0.294270
1784.531372 0.000000 2088.898438 0.000000 0.901295 0.000000 0.433206 0.332873 0.332873 0.332873
1780.736572 0.000000 2058.288574 0.000000 0.955375 0.000000 0.295395 0.289921 0.289921 0.289921
1778.837158 0.000000 2075.113770 0.000000 0.646740 0.000000 0.762711 0.276710 0.276710 0.276710
1788.552368 0.000000 2062.856689 0.000000 0.797504 0.000000 0.603314 0.311912 0.311912 0.311912
1789.805542 0.000000 2069.083984 0.000000 0.944903 0.000000 0.327350 0.337293 0.337293 0.337293
1790.566406 0.000000 2089.066162 0.000000 0.837578 0.000000 0.546318 0.293581 0.293581 0.293581
1782.872070 0.000000 2053.822754 0.000000 0.994134 0.000000 0.108156 0.289292 0.289292 0.289292
1776.418945 0.000000 2059.714111 0.000000 0.094157 0.000000 0.995557 0.256352 0.256352 0.256352
1778.095459 0.000000 2073.774414 0.000000 0.885017 0.000000 0.465559 0.343336 0.343336 0.343336
1786.382690 0.000000 2068.314209 0.000000 0.802463 0.000000 0.596701 0.316729 0.316729 0.316729
1780.128174 0.000000 2038.922852 0.000000 0.987724 0.000000 0.156212 0.387907 0.387907 0.387907
1791.335327 0.000000 2059.666992 0.000000 0.770568 0.000000 0.637357 0.283322 0.283322 0.283322
1789.311279 0.000000 2087.728516 0.000000 0.333986 0.000000 0.942578 0.319836 0.319836 0.319836
1791.412231 0.000000 2086.285645 0.000000 0.710027 0.000000 0.704175 0.296002 0.296002 0.296002
1783.127563 0.000000 2042.372681 0.000000 0.995126 0.000000 0.098616 0.392849 0.392849 0.392849
1784.881714 0.000000 2044.960938 0.000000 0.937210 0.000000 0.348767 0.372784 0.372784 0.372784
1779.522583 0.000000 2050.124023 0.000000 0.623258 0.000000 0.782017 0.331406 0.331406 0.331406
1780.297241 0.000000 2041.691406 0.000000 0.332365 0.000000 0.943151 0.304285 0.304285 0.304285
1788.820068 0.000000 2064.099121 0.000000 0.076381 0.000000 0.997079 0.301883 0.301883 0.301883
1780.518799 0.000000 2052.518799 0.000000 0.991580 0.000000 0.129499 0.390079 0.390079 0.390079
1780.879395 0.000000 2055.436035 0.000000 0.752571 0.000000 0.658511 0.345085 0.345085 0.345085
1779.659180 0.000000 2057.553711 0.000000 0.807555 0.000000 0.589793 0.358991 0.358991 0.358991
1786.465332 0.000000 2070.969482 0.000000 0.841131 0.000000 0.540832 0.335184 0.335184 0.335184
1779.048584 0.000000 2060.127441 0.000000 0.816054 0.000000 0.577976 0.320448 0.320448 0.320448
1779.655518 0.000000 2072.630371 0.000000 0.483793 0.000000 0.875183 0.312963 0.312963 0.312963
1775.274292 0.000000 2051.520264 0.000000 0.997654 0.000000 0.068453 0.394767 0.394767 0.394767
1774.927124 0.000000 2050.025391 0.000000 0.469276 0.000000 0.883051 0.317316 0.317316 0.317316
1776.035400 0.000000 2048.333496 0.000000 0.758229 0.000000 0.651989 0.323043 0.323043 0.323043
1791.012207 0.000000 2062.619629 0.000000 0.078098 0.000000 0.996946 0.301554 0.301554 0.301554
1776.438599 0.000000 2062.342285 0.000000 0.953515 0.000000 0.301346 0.379061 0.379061 0.379061
1787.909912 0.000000 2089.546631 0.000000 0.865983 0.000000 0.500073 0.366531 0.366531 0.366531
1780.036255 0.000000 2036.974487 0.000000 0.999524 0.000000 0.030856 0.354820 0.354820 0.354820
1781.369629 0.000000 2053.868652 0.000000 0.782220 0.000000 0.623002 0.348619 0.348619 0.348619
1791.786377 0.000000 2060.897217 0.000000 0.500075 0.000000 0.865982 0.320007 0.320007 0.320007
1779.050537 0.000000 2051.700684 0.000000 0.939730 0.000000 0.341916 0.373342 0.373342 0.373342
1780.713013 0.000000 2050.342285 0.000000 0.917228 0.000000 0.398363 0.368699 0.368699 0.368699
1786.821777 0.000000 2089.569580 0.000000 0.591103 0.000000 0.806596 0.340027 0.340027 0.340027
1781.057739 0.000000 2046.055054 0.000000 0.293989 0.000000 0.955809 0.302796 0.302796 0.302796
1777.733032 0.000000 2063.242188 0.000000 0.970124 0.000000 0.242611 0.383237 0.383237 0.383237
1776.548828 0.000000 2053.354736 0.000000 0.995928 0.000000 0.090149 0.393104 0.393104 0.393104
1790.682983 0.000000 2060.478516 0.000000 0.991773 0.000000 0.128011 0.390194 0.390194 0.390194
1783.523438 0.000000 2044.379883 0.000000 0.928921 0.000000 0.370277 0.371023 0.371023 0.371023
1678.146729 0.000000 2111.775391 0.000000 0.276059 0.000000 0.961141 0.190652 0.190652 0.190652
1669.963745 0.000000 2110.620850 0.000000 0.937299 0.000000 0.348527 0.196667 0.196667 0.196667
1668.386230 0.000000 2100.338867 0.000000 0.565693 0.000000 0.824616 0.219012 0.219012 0.219012
1674.587402 0.000000 2103.202148 0.000000 0.983742 0.000000 0.179586 0.241065 0.241065 0.241065
1670.483765 0.000000 2108.854248 0.000000 0.603664 0.000000 0.797239 0.249287 0.249287 0.249287
1677.156372 0.000000 2098.858398 0.000000 0.966422 0.000000 0.256959 0.294278 0.294278 0.294278
1665.897461 0.000000 2112.713379 0.000000 0.615423 0.000000 0.788197 0.297617 0.297617 0.297617
1670.675903 0.000000 2092.806885 0.000000 0.410971 0.000000 0.911648 0.291348 0.291348 0.291348
1673.808472 0.000000 2112.280029 0.000000 0.158423 0.000000 0.987371 0.272400 0.272400 0.272400
1671.944946 0.000000 2117.860107 0.000000 0.941387 0.000000 0.337328 0.349670 0.349670 0.349670
1670.455566 0.000000 2117.827148 0.000000 0.944987 0.000000 0.327107 0.350232 0.350232 0.350232
1675.846924 0.000000 2094.168945 0.000000 0.463660 0.000000 0.886013 0.323401 0.323401 0.323401
1665.633667 0.000000 2115.652344 0.000000 0.553118 0.000000 0.833103 0.334854 0.334854 0.334854
1680.687134 0.000000 2116.035645 0.000000 0.994835 0.000000 0.101506 0.331911 0.331911 0.331911
1672.591797 0.000000 2116.680908 0.000000 0.700370 0.000000 0.713780 0.339276 0.339276 0.339276
1669.138184 0.000000 2105.357178 0.000000 0.794091 0.000000 0.607799 0.305418 0.305418 0.305418
1681.638672 0.000000 2114.923584 0.000000 0.688282 0.000000 0.725443 0.336603 0.336603 0.336603
1666.696289 0.000000 2119.564453 0.000000 0.662835 0.000000 0.748766 0.335355 0.335355 0.335355
1689.027344 0.000000 2095.120605 0.000000 0.857540 0.000000 0.514417 0.358722 0.358722 0.358722
1684.351074 0.000000 2112.986328 0.000000 0.613347 0.000000 0.789813 0.332428 0.332428 0.332428
1666.168335 0.000000 2089.941406 0.000000 0.668898 0.000000 0.743354 0.312807 0.312807 0.312807
1673.029297 0.000000 2110.524170 0.000000 0.288136 0.000000 0.957590 0.302328 0.302328 0.302328
1666.946411 0.000000 2092.367188 0.000000 0.348556 0.000000 0.937288 0.307199 0.307199 0.307199
1668.526611 0.000000 2090.992676 0.000000 0.997041 0.000000 0.076876 0.394755 0.394755 0.394755
1672.697632 0.000000 2118.843262 0.000000 0.219673 0.000000 0.975574 0.296920 0.296920 0.296920
1681.695801 0.000000 2112.507324 0.000000 0.793718 0.000000 0.608285 0.353311 0.353311 0.353311
1673.470337 0.000000 2091.960938 0.000000 0.655982 0.000000 0.754777 0.334659 0.334659 0.334659
1674.391357 0.000000 2095.474365 0.000000 0.845909 0.000000 0.533327 0.354464 0.354464 0.354464
1670.658936 0.000000 2089.961914 0.000000 0.976163 0.000000 0.217040 0.362374 0.362374 0.362374
1666.524048 0.000000 2110.423096 0.000000 0.538768 0.000000 0.842454 0.318492 0.318492 0.318492
1665.383423 0.000000 2091.998291 0.000000 0.400018 0.000000 0.916507 0.320411 0.320411 0.320411
1671.842407 0.000000 2110.786621 0.000000 0.622751 0.000000 0.782420 0.330862 0.330862 0.330862
1665.154053 0.000000 2108.730957 0.000000 0.296485 0.000000 0.955038 0.305214 0.305214 0.305214
1680.829468 0.000000 2113.675781 0.000000 0.406087 0.000000 0.913834 0.317701 0.317701 0.317701
1664.006470 0.000000 2106.685547 0.000000 0.980730 0.000000 0.195366 0.384979 0.384979 0.384979
1666.333130 0.000000 2117.211670 0.000000 0.999992 0.000000 0.003884 0.399703 0.399703 0.399703
1666.886597 0.000000 2105.683350 0.000000 0.991242 0.000000 0.132058 0.389882 0.389882 0.389882
1665.134155 0.000000 2106.518311 0.000000 0.923677 0.000000 0.383171 0.369960 0.369960 0.369960
1667.206055 0.000000 2106.980225 0.000000 0.662765 0.000000 0.748827 0.335348 0.335348 0.335348
1668.121216 0.000000 2115.500000 0.000000 0.695465 0.000000 0.718560 0.347960 0.347960 0.347960
1667.662842 0.000000 2093.162598 0.000000 0.991444 0.000000 0.130532 0.390000 0.390000 0.390000
1673.617432 0.000000 2116.601318 0.000000 0.619899 0.000000 0.784681 0.331078 0.331078 0.331078
1668.975708 0.000000 2120.183350 0.000000 0.648277 0.000000 0.761405 0.333882 0.333882 0.333882
1672.674316 0.000000 2090.030762 0.000000 0.677097 0.000000 0.735894 0.336823 0.336823 0.336823
1666.296021 0.000000 2114.895996 0.000000 0.359913 0.000000 0.932986 0.314432 0.314432 0.314432
1673.310669 0.000000 2111.453613 0.000000 0.998039 0.000000 0.062599 0.395215 0.395215 0.395215
1668.534790 0.000000 2119.251465 0.000000 0.855282 0.000000 0.518163 0.358388 0.358388 0.358388
1764.219849 0.000000 2130.079346 0.000000 0.784108 0.000000 0.620625 0.194150 0.194150 0.194150
1757.565796 0.000000 2133.220703 0.000000 0.923847 0.000000 0.382763 0.204112 0.204112 0.204112
1759.085693 0.000000 2097.550781 0.000000 0.692078 0.000000 0.721823 0.204419 0.204419 0.204419
1790.888184 0.000000 2126.546875 0.000000 0.448195 0.000000 0.893936 0.219498 0.219498 0.219498
1787.743408 0.000000 2140.649414 0.000000 0.542394 0.000000 0.840124 0.215868 0.215868 0.215868
1784.373535 0.000000 2090.060303 0.000000 0.915118 0.000000 0.403186 0.244069 0.244069 0.244069
1772.424194 0.000000 2142.468018 0.000000 0.934764 0.000000 0.355270 0.214928 0.214928 0.214928
1782.447144 0.000000 2139.131348 0.000000 0.999860 0.000000 0.016740 0.249544 0.249544 0.249544
1773.664185 0.000000 2096.917480 0.000000 0.716097 0.000000 0.698001 0.258308 0.258308 0.258308
1754.051758 0.000000 2122.216064 0.000000 0.698312 0.000000 0.715794 0.265732 0.265732 0.265732
1760.870728 0.000000 2097.167480 0.000000 0.109006 0.000000 0.994041 0.242294 0.242294 0.242294
1755.568481 0.000000 2123.329346 0.000000 0.703052 0.000000 0.711138 0.265917 0.265917 0.265917
1767.815552 0.000000 2099.475586 0.000000 0.998258 0.000000 0.058993 0.298444 0.298444 0.298444
1755.705688 0.000000 2129.960693 0.000000 0.518218 0.000000 0.855249 0.290450 0.290450 0.290450
1766.213745 0.000000 2099.935059 0.000000 0.735023 0.000000 0.678042 0.277099 0.277099 0.277099
1757.201782 0.000000 2122.588379 0.000000 0.979936 0.000000 0.199314 0.315172 0.315172 0.315172
1772.527954 0.000000 2097.905518 0.000000 0.509042 0.000000 0.860742 0.251621 0.251621 0.251621
1765.195312 0.000000 2098.514160 0.000000 0.594569 0.000000 0.804044 0.311435 0.311435 0.311435
1775.227539 0.000000 2091.441162 0.000000 0.884002 0.000000 0.467483 0.350651 0.350651 0.350651
1773.066284 0.000000 2095.520264 0.000000 0.958584 0.000000 0.284811 0.362601 0.362601 0.362601
1771.314575 0.000000 2135.107178 0.000000 0.745496 0.000000 0.666510 0.349504 0.349504 0.349504
1770.991455 0.000000 2145.300781 0.000000 0.043035 0.000000 0.999074 0.282367 0.282367 0.282367
1766.915771 0.000000 2145.869629 0.000000 0.998073 0.000000 0.062047 0.362096 0.362096 0.362096
1774.835327 0.000000 2093.972412 0.000000 0.077125 0.000000 0.997021 0.298482 0.298482 0.298482
1791.335327 0.000000 2116.151367 0.000000 0.870318 0.000000 0.492490 0.303399 0.303399 0.303399
1759.658936 0.000000 2125.455566 0.000000 0.672988 0.000000 0.739653 0.290656 0.290656 0.290656
1771.740479 0.000000 2138.853760 0.000000 0.983255 0.000000 0.182233 0.386000 0.386000 0.386000
1767.969727 0.000000 2097.846680 0.000000 0.917467 0.000000 0.397812 0.373852 0.373852 0.373852
1773.109253 0.000000 2141.329590 0.000000 0.522161 0.000000 0.852847 0.321970 0.321970 0.321970
1763.054199 0.000000 2130.751221 0.000000 0.379753 0.000000 0.925088 0.306272 0.306272 0.306272
1767.001709 0.000000 2140.241211 0.000000 0.702871 0.000000 0.711317 0.307472 0.307472 0.307472
1761.317017 0.000000 2135.483154 0.000000 0.997936 0.000000 0.064215 0.395685 0.395685 0.395685
1763.081421 0.000000 2133.252686 0.000000 0.882300 0.000000 0.470687 0.365253 0.365253 0.365253
1772.969604 0.000000 2133.740723 0.000000 0.880927 0.000000 0.473251 0.361318 0.361318 0.361318
1783.320923 0.000000 2143.667480 0.000000 0.867848 0.000000 0.496829 0.360279 0.360279 0.360279
1772.792847 0.000000 2091.500732 0.000000 0.912906 0.000000 0.408169 0.352400 0.352400 0.352400
1768.336914 0.000000 2145.627930 0.000000 0.514280 0.000000 0.857622 0.321266 0.321266 0.321266
1759.471680 0.000000 2135.204102 0.000000 0.255192 0.000000 0.966891 0.303694 0.303694 0.303694
1782.354980 0.000000 2141.773926 0.000000 0.916835 0.000000 0.399267 0.368624 0.368624 0.368624
1769.134033 0.000000 2141.861328 0.000000 0.826887 0.000000 0.562368 0.354374 0.354374 0.354374
1769.650879 0.000000 2094.994385 0.000000 0.025564 0.000000 0.999673 0.286197 0.286197 0.286197
1769.895386 0.000000 2144.604004 0.000000 0.848928 0.000000 0.528508 0.357460 0.357460 0.357460
1783.944824 0.000000 2144.566406 0.000000 0.681467 0.000000 0.731848 0.340967 0.340967 0.340967
1762.153198 0.000000 2132.575684 0.000000 0.885615 0.000000 0.464421 0.365756 0.365756 0.365756
1771.332275 0.000000 2095.785400 0.000000 0.998930 0.000000 0.046246 0.396466 0.396466 0.396466
1771.613159 0.000000 2143.133057 0.000000 0.916661 0.000000 0.399666 0.368590 0.368590 0.368590
1771.352783 0.000000 2137.147461 0.000000 0.752739 0.000000 0.658319 0.345104 0.345104 0.345104
1756.167114 0.000000 2124.230225 0.000000 0.537115 0.000000 0.843509 0.323317 0.323317 0.323317
1768.213989 0.000000 2096.928223 0.000000 0.548689 0.000000 0.836027 0.324369 0.324369 0.324369
1768.934326 0.000000 2146.353027 0.000000 0.658485 0.000000 0.752594 0.334913 0.334913 0.334913
1757.191406 0.000000 2127.889404 0.000000 0.897893 0.000000 0.440213 0.365177 0.365177 0.365177
1596.370483 0.000000 2192.302979 0.000000 0.675629 0.000000 0.737242 0.205109 0.205109 0.205109
1580.263306 0.000000 2196.581299 0.000000 0.266373 0.000000 0.963870 0.200265 0.200265 0.200265
1574.249512 0.000000 2200.098389 0.000000 0.935423 0.000000 0.353529 0.255407 0.255407 0.255407
1597.407227 0.000000 2183.789795 0.000000 0.371596 0.000000 0.928394 0.283149 0.283149 0.283149
1583.482178 0.000000 2193.964355 0.000000 0.997505 0.000000 0.070602 0.374770 0.374770 0.374770
1597.805542 0.000000 2182.052734 0.000000 0.997132 0.000000 0.075687 0.327516 0.327516 0.327516
1595.111816 0.000000 2187.529297 0.000000 0.979404 0.000000 0.201912 0.326639 0.326639 0.326639
1581.468140 0.000000 2199.916016 0.000000 0.672237 0.000000 0.740336 0.292306 0.292306 0.292306
1599.399414 0.000000 2194.898682 0.000000 0.730232 0.000000 0.683199 0.348112 0.348112 0.348112
1599.189697 0.000000 2196.900879 0.000000 0.210867 0.000000 0.977515 0.296231 0.296231 0.296231
1587.604858 0.000000 2193.365723 0.000000 0.993204 0.000000 0.116383 0.359309 0.359309 0.359309
1586.104370 0.000000 2191.119873 0.000000 0.617503 0.000000 0.786569 0.332879 0.332879 0.332879
1597.468506 0.000000 2194.892822 0.000000 0.171026 0.000000 0.985266 0.293130 0.293130 0.293130
1585.451660 0.000000 2192.101318 0.000000 0.707070 0.000000 0.707144 0.339996 0.339996 0.339996
1583.754517 0.000000 2195.120361 0.000000 0.998311 0.000000 0.058093 0.396183 0.396183 0.396183
1576.336914 0.000000 2202.112305 0.000000 0.251104 0.000000 0.967960 0.299390 0.299390 0.299390
1583.561646 0.000000 2197.881836 0.000000 0.884985 0.000000 0.465620 0.363000 0.363000 0.363000
1572.441284 0.000000 2202.384277 0.000000 0.326992 0.000000 0.945027 0.305448 0.305448 0.305448
1597.774048 0.000000 2184.835693 0.000000 0.331106 0.000000 0.943594 0.305781 0.305781 0.305781
1584.439697 0.000000 2195.995605 0.000000 0.878147 0.000000 0.478392 0.361893 0.361893 0.361893
1596.064453 0.000000 2198.084717 0.000000 0.975731 0.000000 0.218971 0.384733 0.384733 0.384733
1585.625122 0.000000 2197.322998 0.000000 0.230005 0.000000 0.973190 0.297730 0.297730 0.297730
1596.818848 0.000000 2184.576416 0.000000 0.894133 0.000000 0.447801 0.364530 0.364530 0.364530
1585.540405 0.000000 2190.180420 0.000000 0.069223 0.000000 0.997601 0.285292 0.285292 0.285292
1599.527466 0.000000 2202.020996 0.000000 0.595309 0.000000 0.803497 0.328713 0.328713 0.328713
1598.167480 0.000000 2185.916992 0.000000 0.909756 0.000000 0.415143 0.367296 0.367296 0.367296
1584.240723 0.000000 2190.091553 0.000000 0.970139 0.000000 0.242549 0.381284 0.381284 0.381284
1576.934326 0.000000 2202.837402 0.000000 0.679716 0.000000 0.733475 0.337095 0.337095 0.337095
1597.169556 0.000000 2186.598389 0.000000 0.344999 0.000000 0.938603 0.306909 0.306909 0.306909
1615.660034 0.000000 2197.571533 0.000000 0.634711 0.000000 0.772749 0.193009 0.193009 0.193009
1640.221680 0.000000 2166.849609 0.000000 0.902774 0.000000 0.430115 0.209753 0.209753 0.209753
1603.168213 0.000000 2190.358887 0.000000 0.190736 0.000000 0.981641 0.199311 0.199311 0.199311
1616.687988 0.000000 2181.591309 0.000000 0.982334 0.000000 0.187135 0.239852 0.239852 0.239852
1602.854492 0.000000 2193.953125 0.000000 0.181959 0.000000 0.983306 0.217318 0.217318 0.217318
1639.451416 0.000000 2161.401855 0.000000 0.878499 0.000000 0.477744 0.242461 0.242461 0.242461
1614.936279 0.000000 2192.978271 0.000000 0.241266 0.000000 0.970459 0.224818 0.224818 0.224818
1615.977173 0.000000 2195.473389 0.000000 0.127501 0.000000 0.991838 0.209194 0.209194 0.209194
1623.052002 0.000000 2149.454102 0.000000 0.994439 0.000000 0.105317 0.231426 0.231426 0.231426
1639.709595 0.000000 2146.408447 0.000000 0.547698 0.000000 0.836676 0.256993 0.256993 0.256993
1630.270752 0.000000 2155.683105 0.000000 0.033672 0.000000 0.999433 0.237552 0.237552 0.237552
1629.381714 0.000000 2177.001465 0.000000 0.997121 0.000000 0.075828 0.279247 0.279247 0.279247
1615.876343 0.000000 2154.854492 0.000000 0.835822 0.000000 0.549000 0.250603 0.250603 0.250603
1621.555786 0.000000 2162.172119 0.000000 0.212484 0.000000 0.977165 0.261592 0.261592 0.261592
1606.203369 0.000000 2183.701416 0.000000 0.823072 0.000000 0.567937 0.321005 0.321005 0.321005
1610.960205 0.000000 2180.571045 0.000000 0.220187 0.000000 0.975458 0.263249 0.263249 0.263249
1624.535400 0.000000 2181.449951 0.000000 0.635856 0.000000 0.771808 0.260789 0.260789 0.260789
1614.208130 0.000000 2157.654785 0.000000 0.026784 0.000000 0.999641 0.256754 0.256754 0.256754
1615.744263 0.000000 2157.366699 0.000000 0.482656 0.000000 0.875810 0.272621 0.272621 0.272621
1639.927368 0.000000 2159.580322 0.000000 0.909991 0.000000 0.414628 0.276045 0.276045 0.276045
1605.391968 0.000000 2196.145996 0.000000 0.993217 0.000000 0.116274 0.322650 0.322650 0.322650
1626.472168 0.000000 2149.639893 0.000000 0.999908 0.000000 0.013577 0.314368 0.314368 0.314368
1617.981812 0.000000 2176.318359 0.000000 0.162706 0.000000 0.986675 0.245151 0.245151 0.245151
1611.164307 0.000000 2182.961426 0.000000 0.618671 0.000000 0.785650 0.267917 0.267917 0.267917
1616.417358 0.000000 2192.277344 0.000000 0.483620 0.000000 0.875278 0.274227 0.274227 0.274227
1639.286377 0.000000 2153.228516 0.000000 0.715682 0.000000 0.698426 0.284153 0.284153 0.284153
1638.613281 0.000000 2167.277100 0.000000 0.960349 0.000000 0.278800 0.340700 0.340700 0.340700
1604.396240 0.000000 2172.991943 0.000000 0.627355 0.000000 0.778733 0.326625 0.326625 0.326625
1615.857666 0.000000 2201.696533 0.000000 0.763601 0.000000 0.645688 0.346234 0.346234 0.346234
1616.534668 0.000000 2160.234131 0.000000 0.998471 0.000000 0.055275 0.377823 0.377823 0.377823
1610.652832 0.000000 2185.472168 0.000000 0.969889 0.000000 0.243546 0.286345 0.286345 0.286345
1605.906494 0.000000 2172.994873 0.000000 0.650335 0.000000 0.759648 0.328256 0.328256 0.328256
1613.528442 0.000000 2200.924561 0.000000 0.966561 0.000000 0.256438 0.333591 0.333591 0.333591
1618.493530 0.000000 2152.705566 0.000000 0.788270 0.000000 0.615330 0.351081 0.351081 0.351081
1619.367432 0.000000 2176.413574 0.000000 0.765006 0.000000 0.644023 0.331233 0.331233 0.331233
1621.588501 0.000000 2164.950928 0.000000 0.589031 0.000000 0.808111 0.319485 0.319485 0.319485
1624.171021 0.000000 2157.907227 0.000000 0.697771 0.000000 0.716321 0.319589 0.319589 0.319589
1607.451538 0.000000 2194.124023 0.000000 0.989583 0.000000 0.143966 0.389649 0.389649 0.389649
1649.868164 0.000000 2150.847412 0.000000 0.929522 0.000000 0.368768 0.345004 0.345004 0.345004
1627.789185 0.000000 2176.827148 0.000000 0.131550 0.000000 0.991310 0.294598 0.294598 0.294598
1645.841309 0.000000 2154.730469 0.000000 0.760097 0.000000 0.649810 0.348259 0.348259 0.348259
1655.307251 0.000000 2147.251709 0.000000 0.556169 0.000000 0.831069 0.334607 0.334607 0.334607
1602.696289 0.000000 2176.048828 0.000000 0.077652 0.000000 0.996980 0.285938 0.285938 0.285938
1603.393555 0.000000 2173.904785 0.000000 0.603112 0.000000 0.797656 0.315810 0.315810 0.315810
1616.399780 0.000000 2152.083740 0.000000 0.002278 0.000000 0.999997 0.292192 0.292192 0.292192
1608.816772 0.000000 2184.496826 0.000000 0.783110 0.000000 0.621883 0.348728 0.348728 0.348728
1606.391357 0.000000 2188.374268 0.000000 0.966384 0.000000 0.257102 0.380136 0.380136 0.380136
1601.581055 0.000000 2181.650146 0.000000 0.203046 0.000000 0.979169 0.295620 0.295620 0.295620
1640.130127 0.000000 2162.478760 0.000000 0.388923 0.000000 0.921270 0.322506 0.322506 0.322506
1633.640747 0.000000 2163.558105 0.000000 0.861522 0.000000 0.507720 0.359317 0.359317 0.359317
1615.370850 0.000000 2168.211182 0.000000 0.498678 0.000000 0.866788 0.298566 0.298566 0.298566
1617.163452 0.000000 2166.826904 0.000000 0.965137 0.000000 0.261744 0.379769 0.379769 0.379769
1623.063110 0.000000 2168.080322 0.000000 0.184725 0.000000 0.982790 0.301109 0.301109 0.301109
1622.587158 0.000000 2178.359619 0.000000 0.965890 0.000000 0.258953 0.379989 0.379989 0.379989
1623.490356 0.000000 2169.430664 0.000000 0.576615 0.000000 0.817016 0.331725 0.331725 0.331725
1609.007690 0.000000 2183.115479 0.000000 0.962348 0.000000 0.271819 0.378970 0.378970 0.378970
1608.459473 0.000000 2188.967285 0.000000 0.307320 0.000000 0.951606 0.313603 0.313603 0.313603
1616.823242 0.000000 2168.010986 0.000000 0.964499 0.000000 0.264087 0.379583 0.379583 0.379583
1600.655396 0.000000 2179.551514 0.000000 0.696028 0.000000 0.718014 0.317830 0.317830 0.317830
1619.341675 0.000000 2167.845947 0.000000 0.497654 0.000000 0.867376 0.321104 0.321104 0.321104
1636.921631 0.000000 2164.897461 0.000000 0.805021 0.000000 0.593247 0.331080 0.331080 0.331080
1632.945312 0.000000 2165.061768 0.000000 0.995695 0.000000 0.092693 0.392909 0.392909 0.392909
1652.036255 0.000000 2149.943359 0.000000 0.856151 0.000000 0.516726 0.358516 0.358516 0.358516
1618.831909 0.000000 2190.583984 0.000000 0.433801 0.000000 0.901009 0.317455 0.317455 0.317455
1616.370850 0.000000 2165.935791 0.000000 0.374032 0.000000 0.927416 0.312547 0.312547 0.312547
1625.613892 0.000000 2148.868896 0.000000 0.125322 0.000000 0.992116 0.297013 0.297013 0.297013
1618.167725 0.000000 2164.674316 0.000000 0.714500 0.000000 0.699636 0.340803 0.340803 0.340803
1624.600708 0.000000 2169.512695 0.000000 0.932847 0.000000 0.360274 0.371844 0.371844 0.371844
1609.572998 0.000000 2188.903076 0.000000 0.239688 0.000000 0.970850 0.308774 0.308774 0.308774
1611.067627 0.000000 2161.908447 0.000000 0.729862 0.000000 0.683595 0.351144 0.351144 0.351144
1614.774048 0.000000 2159.963379 0.000000 0.351739 0.000000 0.936098 0.313661 0.313661 0.313661
1636.950806 0.000000 2162.454102 0.000000 0.428202 0.000000 0.903683 0.315213 0.315213 0.315213
1631.786743 0.000000 2162.495117 0.000000 0.965293 0.000000 0.261170 0.379814 0.379814 0.379814
1646.684082 0.000000 2152.988770 0.000000 0.968376 0.000000 0.249495 0.380737 0.380737 0.380737
1626.425659 0.000000 2179.806152 0.000000 0.575151 0.000000 0.818048 0.326814 0.326814 0.326814
1616.308105 0.000000 2153.848145 0.000000 0.802213 0.000000 0.597038 0.344747 0.344747 0.344747
1607.646240 0.000000 2188.227295 0.000000 0.866759 0.000000 0.498727 0.360112 0.360112 0.360112
1617.039551 0.000000 2191.326660 0.000000 0.094388 0.000000 0.995535 0.290538 0.290538 0.290538
1628.488525 0.000000 2154.608643 0.000000 0.238328 0.000000 0.971185 0.313992 0.313992 0.313992
1614.619385 0.000000 2200.932617 0.000000 0.278807 0.000000 0.960347 0.311619 0.311619 0.311619
1627.130859 0.000000 2178.807129 0.000000 0.789603 0.000000 0.613618 0.349531 0.349531 0.349531
1606.753052 0.000000 2176.601807 0.000000 0.879752 0.000000 0.475433 0.362150 0.362150 0.362150
1624.386353 0.000000 2176.124512 0.000000 0.705271 0.000000 0.708938 0.342741 0.342741 0.342741
1624.019165 0.000000 2147.521240 0.000000 0.066893 0.000000 0.997760 0.285114 0.285114 0.285114
1612.967896 0.000000 2161.020752 0.000000 0.364262 0.000000 0.931296 0.308483 0.308483 0.308483
1640.028687 0.000000 2165.847656 0.000000 0.208996 0.000000 0.977916 0.296085 0.296085 0.296085
1631.373779 0.000000 2163.772705 0.000000 0.998760 0.000000 0.049790 0.396195 0.396195 0.396195
1605.837402 0.000000 2194.559326 0.000000 0.227660 0.000000 0.973741 0.310604 0.310604 0.310604
1605.198608 0.000000 2193.578369 0.000000 0.618172 0.000000 0.786043 0.330910 0.330910 0.330910
1638.553833 0.000000 2163.619873 0.000000 0.908896 0.000000 0.417022 0.370252 0.370252 0.370252
1617.484985 0.000000 2163.062012 0.000000 0.452969 0.000000 0.891527 0.315912 0.315912 0.315912
1628.632935 0.000000 2179.882812 0.000000 0.952959 0.000000 0.303099 0.376475 0.376475 0.376475
1603.896606 0.000000 2179.990234 0.000000 0.182590 0.000000 0.983189 0.294028 0.294028 0.294028
1603.255493 0.000000 2178.879150 0.000000 0.168703 0.000000 0.985667 0.292950 0.292950 0.292950
1608.711304 0.000000 2177.452148 0.000000 0.058039 0.000000 0.998314 0.295388 0.295388 0.295388
1625.338013 0.000000 2168.290527 0.000000 0.702641 0.000000 0.711545 0.339519 0.339519 0.339519
1618.114380 0.000000 2166.604004 0.000000 0.163721 0.000000 0.986507 0.294319 0.294319 0.294319
1638.073608 0.000000 2165.472412 0.000000 0.202659 0.000000 0.979249 0.295590 0.295590 0.295590
1634.829468 0.000000 2165.278076 0.000000 0.795870 0.000000 0.605468 0.350317 0.350317 0.350317
1623.111816 0.000000 2164.482666 0.000000 0.171735 0.000000 0.985143 0.293185 0.293185 0.293185
1642.151367 0.000000 2154.930908 0.000000 0.157322 0.000000 0.987547 0.292069 0.292069 0.292069
1604.128662 0.000000 2192.076660 0.000000 0.997983 0.000000 0.063482 0.395147 0.395147 0.395147
1645.915527 0.000000 2152.408691 0.000000 0.064968 0.000000 0.997887 0.284967 0.284967 0.284967
1605.685425 0.000000 2174.832031 0.000000 0.772525 0.000000 0.634984 0.347442 0.347442 0.347442
1572.294800 0.000000 2206.547363 0.000000 0.562607 0.000000 0.826724 0.204293 0.204293 0.204293
1580.378174 0.000000 2203.386963 0.000000 0.912958 0.000000 0.408053 0.307924 0.307924 0.307924
1570.589355 0.000000 2203.088867 0.000000 0.365593 0.000000 0.930775 0.285727 0.285727 0.285727
1578.449707 0.000000 2205.651611 0.000000 0.434818 0.000000 0.900518 0.327798 0.327798 0.327798
1576.875122 0.000000 2203.764160 0.000000 0.580361 0.000000 0.814359 0.327301 0.327301 0.327301
1598.218506 0.000000 2203.834473 0.000000 0.998997 0.000000 0.044776 0.396578 0.396578 0.396578
1580.792847 0.000000 2204.469482 0.000000 0.637975 0.000000 0.770057 0.332743 0.332743 0.332743
1572.613770 0.000000 2205.618896 0.000000 0.579388 0.000000 0.815052 0.327210 0.327210 0.327210
1610.945435 0.000000 2203.036865 0.000000 0.592049 0.000000 0.805902 0.300370 0.300370 0.300370
1613.791260 0.000000 2202.943359 0.000000 0.887259 0.000000 0.461272 0.259789 0.259789 0.259789
1609.044312 0.000000 2206.092041 0.000000 0.547511 0.000000 0.836798 0.328965 0.328965 0.328965
1615.355225 0.000000 2204.493896 0.000000 0.893987 0.000000 0.448093 0.303349 0.303349 0.303349
1609.470337 0.000000 2204.929688 0.000000 0.654818 0.000000 0.755787 0.334541 0.334541 0.334541
1601.383423 0.000000 2204.967041 0.000000 0.894032 0.000000 0.448003 0.368108 0.368108 0.368108
1608.497681 0.000000 2204.125244 0.000000 0.983154 0.000000 0.182780 0.385958 0.385958 0.385958
1610.141724 0.000000 2205.622314 0.000000 0.836871 0.000000 0.547400 0.355748 0.355748 0.355748
1776.015381 0.000000 2174.187744 0.000000 0.205524 0.000000 0.978652 0.196939 0.196939 0.196939
1789.258179 0.000000 2158.420654 0.000000 0.972081 0.000000 0.234646 0.218700 0.218700 0.218700
1787.596436 0.000000 2162.932617 0.000000 0.441260 0.000000 0.897379 0.229695 0.229695 0.229695
1777.878906 0.000000 2158.750244 0.000000 0.442438 0.000000 0.896799 0.220262 0.220262 0.220262
1780.116699 0.000000 2148.737061 0.000000 0.999724 0.000000 0.023499 0.240497 0.240497 0.240497
1776.528931 0.000000 2167.287354 0.000000 0.241240 0.000000 0.970466 0.275680 0.275680 0.275680
1782.518433 0.000000 2150.095215 0.000000 0.265871 0.000000 0.964009 0.253181 0.253181 0.253181
1782.014893 0.000000 2151.926270 0.000000 0.240217 0.000000 0.970719 0.252427 0.252427 0.252427
1781.482910 0.000000 2147.728516 0.000000 0.559095 0.000000 0.829103 0.274787 0.274787 0.274787
1780.736572 0.000000 2171.257324 0.000000 0.509897 0.000000 0.860236 0.289294 0.289294 0.289294
1768.668823 0.000000 2151.059570 0.000000 0.288016 0.000000 0.957626 0.299341 0.299341 0.299341
1790.222290 0.000000 2169.117920 0.000000 0.199803 0.000000 0.979836 0.258373 0.258373 0.258373
1763.450684 0.000000 2155.066895 0.000000 0.997508 0.000000 0.070556 0.370403 0.370403 0.370403
1785.597534 0.000000 2147.123047 0.000000 0.999160 0.000000 0.040975 0.390772 0.390772 0.390772
1786.259521 0.000000 2172.538330 0.000000 0.769656 0.000000 0.638459 0.304727 0.304727 0.304727
1784.776245 0.000000 2173.249512 0.000000 0.110435 0.000000 0.993883 0.289016 0.289016 0.289016
1789.779541 0.000000 2157.185303 0.000000 0.323515 0.000000 0.946223 0.304432 0.304432 0.304432
1775.812744 0.000000 2178.510742 0.000000 0.958964 0.000000 0.283529 0.379402 0.379402 0.379402
1768.875122 0.000000 2147.279785 0.000000 0.999407 0.000000 0.034425 0.397370 0.397370 0.397370
1785.029053 0.000000 2174.554443 0.000000 0.465320 0.000000 0.885143 0.316027 0.316027 0.316027
1765.055908 0.000000 2159.849365 0.000000 0.705469 0.000000 0.708741 0.339823 0.339823 0.339823
1767.969727 0.000000 2154.331055 0.000000 0.289753 0.000000 0.957102 0.302458 0.302458 0.302458
1778.147583 0.000000 2171.478760 0.000000 0.556162 0.000000 0.831074 0.331185 0.331185 0.331185
1776.071899 0.000000 2170.166016 0.000000 0.803819 0.000000 0.594874 0.315045 0.315045 0.315045
1783.307251 0.000000 2147.251709 0.000000 0.915264 0.000000 0.402855 0.370705 0.370705 0.370705
1777.942505 0.000000 2168.517090 0.000000 0.967993 0.000000 0.250977 0.380620 0.380620 0.380620
1787.392212 0.000000 2173.474121 0.000000 0.520285 0.000000 0.853992 0.291316 0.291316 0.291316
1776.498535 0.000000 2179.958984 0.000000 0.999997 0.000000 0.002284 0.399826 0.399826 0.399826
1781.912476 0.000000 2169.185059 0.000000 0.893974 0.000000 0.448120 0.308179 0.308179 0.308179
1780.518799 0.000000 2165.487549 0.000000 0.828291 0.000000 0.560299 0.338455 0.338455 0.338455
1779.659180 0.000000 2170.522461 0.000000 0.999784 0.000000 0.020796 0.388671 0.388671 0.388671
1788.005859 0.000000 2154.673340 0.000000 0.998507 0.000000 0.054621 0.396166 0.396166 0.396166
1784.681396 0.000000 2151.667969 0.000000 0.693954 0.000000 0.720020 0.338592 0.338592 0.338592
1787.795532 0.000000 2153.256836 0.000000 0.907865 0.000000 0.419262 0.366949 0.366949 0.366949
1779.790894 0.000000 2157.221436 0.000000 0.999876 0.000000 0.015758 0.362233 0.362233 0.362233
1766.609985 0.000000 2150.770996 0.000000 0.495924 0.000000 0.868366 0.319641 0.319641 0.319641
1783.607178 0.000000 2175.298340 0.000000 0.882731 0.000000 0.469878 0.362631 0.362631 0.362631
1783.950684 0.000000 2172.384766 0.000000 0.894527 0.000000 0.447015 0.332146 0.332146 0.332146
1781.597656 0.000000 2172.077393 0.000000 0.910822 0.000000 0.412800 0.367492 0.367492 0.367492
1778.361328 0.000000 2174.198730 0.000000 0.549184 0.000000 0.835702 0.324415 0.324415 0.324415
1788.780640 0.000000 2166.497803 0.000000 0.753267 0.000000 0.657715 0.345166 0.345166 0.345166
1779.446045 0.000000 2177.350830 0.000000 0.999407 0.000000 0.034421 0.397370 0.397370 0.397370
1766.707886 0.000000 2148.832031 0.000000 0.731841 0.000000 0.681475 0.342721 0.342721 0.342721
1780.131348 0.000000 2175.681152 0.000000 0.184111 0.000000 0.982905 0.294146 0.294146 0.294146
1778.162109 0.000000 2178.906006 0.000000 0.802347 0.000000 0.596858 0.351140 0.351140 0.351140
1782.925537 0.000000 2152.443359 0.000000 0.951833 0.000000 0.306616 0.379071 0.379071 0.379071
1786.765259 0.000000 2165.543701 0.000000 0.706917 0.000000 0.707297 0.339979 0.339979 0.339979
1786.592285 0.000000 2151.545898 0.000000 0.567771 0.000000 0.823186 0.326127 0.326127 0.326127
1788.446411 0.000000 2155.987061 0.000000 0.888828 0.000000 0.458242 0.366606 0.366606 0.366606
1786.651978 0.000000 2167.988770 0.000000 0.435449 0.000000 0.900213 0.314419 0.314419 0.314419
1785.652954 0.000000 2151.964844 0.000000 0.403015 0.000000 0.915194 0.311689 0.311689 0.311689
1780.439087 0.000000 2172.242676 0.000000 0.007816 0.000000 0.999969 0.280597 0.280597 0.280597
1766.861572 0.000000 2155.621094 0.000000 0.929473 0.000000 0.368891 0.371137 0.371137 0.371137
1768.170410 0.000000 2149.227295 0.000000 0.633848 0.000000 0.773458 0.335537 0.335537 0.335537
1766.465454 0.000000 2157.364990 0.000000 0.764925 0.000000 0.644120 0.346534 0.346534 0.346534
1763.124390 0.000000 2159.773682 0.000000 0.973580 0.000000 0.228345 0.384241 0.384241 0.384241
1779.385986 0.000000 2169.574707 0.000000 0.969374 0.000000 0.245590 0.381044 0.381044 0.381044
1764.752930 0.000000 2157.361816 0.000000 0.295361 0.000000 0.955386 0.302906 0.302906 0.302906
1787.807983 0.000000 2149.944336 0.000000 0.707863 0.000000 0.706350 0.340082 0.340082 0.340082
1779.516724 0.000000 2179.324219 0.000000 0.404296 0.000000 0.914628 0.311796 0.311796 0.311796
1787.972534 0.000000 2167.025391 0.000000 0.204978 0.000000 0.978767 0.295771 0.295771 0.295771
1799.693237 0.000000 2065.270020 0.000000 0.388656 0.000000 0.921383 0.191664 0.191664 0.191664
1797.003174 0.000000 2069.565430 0.000000 0.221970 0.000000 0.975053 0.188735 0.188735 0.188735
1826.996948 0.000000 2089.400879 0.000000 0.894228 0.000000 0.447612 0.197124 0.197124 0.197124
1836.877319 0.000000 2067.224365 0.000000 0.808514 0.000000 0.588478 0.194031 0.194031 0.194031
1820.682983 0.000000 2046.871460 0.000000 0.891399 0.000000 0.453218 0.200166 0.200166 0.200166
1831.131470 0.000000 2068.416748 0.000000 0.997622 0.000000 0.068925 0.206542 0.206542 0.206542
1828.314209 0.000000 2086.833496 0.000000 0.044128 0.000000 0.999026 0.202361 0.202361 0.202361
1851.279419 0.000000 2058.638916 0.000000 0.817527 0.000000 0.575891 0.214685 0.214685 0.214685
1852.546265 0.000000 2061.377197 0.000000 0.318909 0.000000 0.947785 0.215529 0.215529 0.215529
1849.397339 0.000000 2071.587891 0.000000 0.774971 0.000000 0.631997 0.220563 0.220563 0.220563
1803.910645 0.000000 2061.120361 0.000000 0.782612 0.000000 0.622510 0.232375 0.232375 0.232375
1792.010498 0.000000 2062.123779 0.000000 0.977044 0.000000 0.213036 0.227596 0.227596 0.227596
1792.164185 0.000000 2089.776611 0.000000 0.856283 0.000000 0.516506 0.229681 0.229681 0.229681
1796.386230 0.000000 2043.854492 0.000000 0.898648 0.000000 0.438671 0.243312 0.243312 0.243312
1803.631714 0.000000 2049.953857 0.000000 0.847577 0.000000 0.530672 0.266602 0.266602 0.266602
1806.324707 0.000000 2057.325439 0.000000 0.030354 0.000000 0.999539 0.225253 0.225253 0.225253
1811.108398 0.000000 2043.414673 0.000000 0.833076 0.000000 0.553159 0.229951 0.229951 0.229951
1804.800293 0.000000 2044.000244 0.000000 0.836677 0.000000 0.547697 0.259346 0.259346 0.259346
1809.040649 0.000000 2085.972900 0.000000 0.692817 0.000000 0.721114 0.239282 0.239282 0.239282
1828.999878 0.000000 2068.119141 0.000000 0.731952 0.000000 0.681356 0.232890 0.232890 0.232890
1834.718262 0.000000 2079.936523 0.000000 0.816964 0.000000 0.576689 0.232410 0.232410 0.232410
1835.248413 0.000000 2066.263428 0.000000 0.799145 0.000000 0.601139 0.270924 0.270924 0.270924
1851.122925 0.000000 2072.863770 0.000000 0.824644 0.000000 0.565652 0.277817 0.277817 0.277817
1835.042236 0.000000 2042.308228 0.000000 0.421417 0.000000 0.906867 0.262610 0.262610 0.262610
1803.861206 0.000000 2048.106934 0.000000 0.732939 0.000000 0.680294 0.261665 0.261665 0.261665
1819.848511 0.000000 2087.096680 0.000000 0.349287 0.000000 0.937016 0.233525 0.233525 0.233525
1849.096802 0.000000 2067.502441 0.000000 0.306305 0.000000 0.951934 0.246753 0.246753 0.246753
1835.779663 0.000000 2038.418945 0.000000 0.794921 0.000000 0.606713 0.288265 0.288265 0.288265
1833.028320 0.000000 2060.144287 0.000000 0.903687 0.000000 0.428193 0.310974 0.310974 0.310974
1843.232544 0.000000 2052.791504 0.000000 0.904047 0.000000 0.427433 0.246589 0.246589 0.246589
1803.004761 0.000000 2059.257568 0.000000 0.931908 0.000000 0.362694 0.270509 0.270509 0.270509
1797.526245 0.000000 2074.503418 0.000000 0.533056 0.000000 0.846080 0.280164 0.280164 0.280164
1814.760498 0.000000 2042.641968 0.000000 0.984982 0.000000 0.172659 0.299151 0.299151 0.299151
1836.260864 0.000000 2074.370850 0.000000 0.004133 0.000000 0.999991 0.259739 0.259739 0.259739
1825.938477 0.000000 2084.325928 0.000000 0.051713 0.000000 0.998662 0.254335 0.254335 0.254335
1850.833618 0.000000 2036.703003 0.000000 0.379162 0.000000 0.925330 0.298169 0.298169 0.298169
1815.874878 0.000000 2065.513184 0.000000 0.973519 0.000000 0.228607 0.280476 0.280476 0.280476
1812.698120 0.000000 2038.621582 0.000000 0.083005 0.000000 0.996549 0.269451 0.269451 0.269451
1816.535400 0.000000 2068.481201 0.000000 0.816322 0.000000 0.577598 0.271744 0.271744 0.271744
1796.650269 0.000000 2071.213623 0.000000 0.983653 0.000000 0.180073 0.348658 0.348658 0.348658
1795.034790 0.000000 2087.595947 0.000000 0.283125 0.000000 0.959083 0.257404 0.257404 0.257404
1824.008667 0.000000 2083.921875 0.000000 0.398553 0.000000 0.917145 0.303956 0.303956 0.303956
1798.675903 0.000000 2036.322632 0.000000 0.995274 0.000000 0.097109 0.277595 0.277595 0.277595
1847.627441 0.000000 2064.064941 0.000000 0.982527 0.000000 0.186118 0.310381 0.310381 0.310381
1804.962891 0.000000 2063.558105 0.000000 0.988667 0.000000 0.150128 0.361819 0.361819 0.361819
1797.391968 0.000000 2083.177246 0.000000 0.978885 0.000000 0.204412 0.330728 0.330728 0.330728
1800.076660 0.000000 2082.876953 0.000000 0.923618 0.000000 0.383313 0.317826 0.317826 0.317826
1834.833130 0.000000 2057.670410 0.000000 0.361195 0.000000 0.932490 0.266666 0.266666 0.266666
1833.198730 0.000000 2069.445557 0.000000 0.895908 0.000000 0.444240 0.269193 0.269193 0.269193
1801.455688 0.000000 2038.204590 0.000000 0.955584 0.000000 0.294720 0.306371 0.306371 0.306371
1813.329224 0.000000 2044.061890 0.000000 0.613852 0.000000 0.789421 0.295923 0.295923 0.295923
1807.615479 0.000000 2062.191895 0.000000 0.975760 0.000000 0.218844 0.321748 0.321748 0.321748
1797.442505 0.000000 2040.377563 0.000000 0.901220 0.000000 0.433363 0.337629 0.337629 0.337629
1798.925415 0.000000 2041.534668 0.000000 0.170079 0.000000 0.985430 0.264261 0.264261 0.264261
1818.272827 0.000000 2061.520996 0.000000 0.832097 0.000000 0.554630 0.303438 0.303438 0.303438
1835.860962 0.000000 2058.743652 0.000000 0.952471 0.000000 0.304630 0.290650 0.290650 0.290650
1806.923096 0.000000 2063.658203 0.000000 0.663568 0.000000 0.748116 0.296880 0.296880 0.296880
1802.271729 0.000000 2062.539307 0.000000 0.387405 0.000000 0.921909 0.319693 0.319693 0.319693
1804.118530 0.000000 2064.770264 0.000000 0.924567 0.000000 0.381019 0.333624 0.333624 0.333624
1851.155518 0.000000 2061.887695 0.000000 0.322123 0.000000 0.946698 0.319328 0.319328 0.319328
1814.136108 0.000000 2067.016113 0.000000 0.612632 0.000000 0.790368 0.340613 0.340613 0.340613
1809.812744 0.000000 2089.302490 0.000000 0.249940 0.000000 0.968261 0.313842 0.313842 0.313842
1817.687134 0.000000 2063.018555 0.000000 0.775824 0.000000 0.630949 0.279951 0.279951 0.279951
1835.522339 0.000000 2075.541260 0.000000 0.358288 0.000000 0.933611 0.316112 0.316112 0.316112
1797.603882 0.000000 2039.036499 0.000000 0.679300 0.000000 0.733860 0.302740 0.302740 0.302740
1803.571533 0.000000 2057.976562 0.000000 0.328373 0.000000 0.944548 0.302137 0.302137 0.302137
1822.441772 0.000000 2045.401611 0.000000 0.195554 0.000000 0.980693 0.291515 0.291515 0.291515
1832.307739 0.000000 2065.030029 0.000000 0.830783 0.000000 0.556596 0.297799 0.297799 0.297799
1838.218384 0.000000 2052.313965 0.000000 0.255755 0.000000 0.966742 0.295780 0.295780 0.295780
1848.776245 0.000000 2060.280762 0.000000 0.134924 0.000000 0.990856 0.287351 0.287351 0.287351
1837.920898 0.000000 2074.761475 0.000000 0.874349 0.000000 0.485297 0.297023 0.297023 0.297023
1805.189331 0.000000 2061.478271 0.000000 0.931532 0.000000 0.363659 0.365701 0.365701 0.365701
1830.447388 0.000000 2059.928223 0.000000 0.789420 0.000000 0.613853 0.353634 0.353634 0.353634
1836.932007 0.000000 2070.626221 0.000000 0.998615 0.000000 0.052614 0.393355 0.393355 0.393355
1826.794678 0.000000 2070.345459 0.000000 0.790335 0.000000 0.612675 0.291650 0.291650 0.291650
1800.949829 0.000000 2079.645996 0.000000 0.718759 0.000000 0.695259 0.347087 0.347087 0.347087
1834.334229 0.000000 2060.531250 0.000000 0.438359 0.000000 0.898800 0.317072 0.317072 0.317072
1828.453857 0.000000 2074.864014 0.000000 0.999187 0.000000 0.040306 0.396920 0.396920 0.396920
1851.392212 0.000000 2060.505371 0.000000 0.927013 0.000000 0.375029 0.375047 0.375047 0.375047
1802.229004 0.000000 2077.705322 0.000000 0.998421 0.000000 0.056175 0.344805 0.344805 0.344805
1827.054199 0.000000 2074.266846 0.000000 0.621025 0.000000 0.783791 0.314601 0.314601 0.314601
1830.615479 0.000000 2078.814453 0.000000 0.235669 0.000000 0.971833 0.287237 0.287237 0.287237
1825.146729 0.000000 2081.370850 0.000000 0.998061 0.000000 0.062250 0.395848 0.395848 0.395848
1796.237427 0.000000 2084.972168 0.000000 0.549811 0.000000 0.835289 0.326445 0.326445 0.326445
1836.637817 0.000000 2062.990723 0.000000 0.919941 0.000000 0.392056 0.351438 0.351438 0.351438
1798.734985 0.000000 2083.491455 0.000000 0.539505 0.000000 0.841983 0.323533 0.323533 0.323533
1830.659058 0.000000 2074.935547 0.000000 0.884569 0.000000 0.466408 0.356264 0.356264 0.356264
1798.643066 0.000000 2085.320068 0.000000 0.431502 0.000000 0.902112 0.292320 0.292320 0.292320
1806.840942 0.000000 2061.231934 0.000000 0.888525 0.000000 0.458828 0.367155 0.367155 0.367155
1850.465332 0.000000 2070.969482 0.000000 0.038333 0.000000 0.999265 0.294789 0.294789 0.294789
1807.969604 0.000000 2050.841553 0.000000 0.991803 0.000000 0.127776 0.359794 0.359794 0.359794
1805.813599 0.000000 2058.478516 0.000000 0.795266 0.000000 0.606261 0.350240 0.350240 0.350240
1833.289551 0.000000 2058.850342 0.000000 0.999753 0.000000 0.022246 0.398300 0.398300 0.398300
1851.589600 0.000000 2066.002441 0.000000 0.636592 0.000000 0.771201 0.329582 0.329582 0.329582
1805.407227 0.000000 2054.318848 0.000000 0.959766 0.000000 0.280800 0.381098 0.381098 0.381098
1825.317017 0.000000 2078.998779 0.000000 0.209451 0.000000 0.977819 0.299515 0.299515 0.299515
1827.081421 0.000000 2076.768311 0.000000 0.387741 0.000000 0.921768 0.292369 0.292369 0.292369
1833.059570 0.000000 2056.755127 0.000000 0.520425 0.000000 0.853908 0.313728 0.313728 0.313728
1833.102051 0.000000 2040.697632 0.000000 0.897121 0.000000 0.441786 0.369841 0.369841 0.369841
1821.269043 0.000000 2043.389282 0.000000 0.563403 0.000000 0.826183 0.313369 0.313369 0.313369
1805.162109 0.000000 2055.931885 0.000000 0.671710 0.000000 0.740814 0.344597 0.344597 0.344597
1801.139160 0.000000 2078.161133 0.000000 0.449362 0.000000 0.893350 0.326412 0.326412 0.326412
1798.284668 0.000000 2073.609863 0.000000 0.899149 0.000000 0.437644 0.368675 0.368675 0.368675
1805.742432 0.000000 2079.657471 0.000000 0.928058 0.000000 0.372435 0.362253 0.362253 0.362253
1811.857544 0.000000 2073.634033 0.000000 0.944254 0.000000 0.329219 0.374371 0.374371 0.374371
1822.290405 0.000000 2044.008423 0.000000 0.933308 0.000000 0.359077 0.340626 0.340626 0.340626
1833.674561 0.000000 2057.736084 0.000000 0.258834 0.000000 0.965922 0.299037 0.299037 0.299037
1836.792847 0.000000 2035.016357 0.000000 0.605949 0.000000 0.795504 0.331567 0.331567 0.331567
1816.987793 0.000000 2065.313965 0.000000 0.960249 0.000000 0.279146 0.379235 0.379235 0.379235
1806.774048 0.000000 2046.994629 0.000000 0.091264 0.000000 0.995827 0.295658 0.295658 0.295658
1836.375000 0.000000 2061.722168 0.000000 0.199047 0.000000 0.979990 0.305094 0.305094 0.305094
1843.050537 0.000000 2051.700684 0.000000 0.178998 0.000000 0.983849 0.304513 0.304513 0.304513
1804.386230 0.000000 2049.122803 0.000000 0.993988 0.000000 0.109493 0.391619 0.391619 0.391619
1842.217041 0.000000 2048.156982 0.000000 0.020994 0.000000 0.999780 0.296307 0.296307 0.296307
1837.605713 0.000000 2054.653076 0.000000 0.865321 0.000000 0.501218 0.365922 0.365922 0.365922
1834.868286 0.000000 2061.573486 0.000000 0.158279 0.000000 0.987394 0.300507 0.300507 0.300507
1841.943604 0.000000 2041.633423 0.000000 0.480081 0.000000 0.877224 0.322457 0.322457 0.322457
1806.162354 0.000000 2048.182617 0.000000 0.057670 0.000000 0.998336 0.302723 0.302723 0.302723
1834.814575 0.000000 2071.291016 0.000000 0.168878 0.000000 0.985637 0.303457 0.303457 0.303457
1831.511108 0.000000 2058.322266 0.000000 0.992128 0.000000 0.125227 0.391192 0.391192 0.391192
1804.967896 0.000000 2048.052002 0.000000 0.860783 0.000000 0.508972 0.359206 0.359206 0.359206
1797.281494 0.000000 2073.038818 0.000000 0.644304 0.000000 0.764769 0.333485 0.333485 0.333485
1835.491333 0.000000 2041.359497 0.000000 0.422489 0.000000 0.906368 0.325786 0.325786 0.325786
1807.094727 0.000000 2060.193848 0.000000 0.985137 0.000000 0.171771 0.388105 0.388105 0.388105
1826.898071 0.000000 2080.813232 0.000000 0.965591 0.000000 0.260065 0.382726 0.382726 0.382726
1852.814941 0.000000 2068.154541 0.000000 0.065846 0.000000 0.997830 0.301189 0.301189 0.301189
1836.511963 0.000000 2055.392090 0.000000 0.540768 0.000000 0.841172 0.335126 0.335126 0.335126
1814.996216 0.000000 2066.314453 0.000000 0.907088 0.000000 0.420941 0.371689 0.371689 0.371689
1850.592285 0.000000 2038.577148 0.000000 0.334864 0.000000 0.942267 0.313758 0.313758 0.313758
1850.980713 0.000000 2071.875000 0.000000 0.273116 0.000000 0.961981 0.311149 0.311149 0.311149
1805.913208 0.000000 2049.910889 0.000000 0.492448 0.000000 0.870342 0.319336 0.319336 0.319336
1828.247314 0.000000 2072.592285 0.000000 0.845714 0.000000 0.533636 0.356998 0.356998 0.356998
1802.654663 0.000000 2079.729980 0.000000 0.850973 0.000000 0.525210 0.357757 0.357757 0.357757
1834.467285 0.000000 2062.461670 0.000000 0.402708 0.000000 0.915328 0.311952 0.311952 0.311952
1813.962646 0.000000 2073.746338 0.000000 0.800524 0.000000 0.599300 0.350907 0.350907 0.350907
1804.053345 0.000000 2052.888428 0.000000 0.071154 0.000000 0.997465 0.285440 0.285440 0.285440
1817.184937 0.000000 2067.787109 0.000000 0.623471 0.000000 0.781847 0.331427 0.331427 0.331427
1856.022583 0.000000 2069.144287 0.000000 0.166908 0.000000 0.985973 0.278482 0.278482 0.278482
1803.936890 0.000000 2122.691162 0.000000 0.753096 0.000000 0.657910 0.193457 0.193457 0.193457
1818.844482 0.000000 2091.639404 0.000000 0.977350 0.000000 0.211628 0.198243 0.198243 0.198243
1801.888916 0.000000 2145.187012 0.000000 0.865613 0.000000 0.500714 0.195505 0.195505 0.195505
1820.682983 0.000000 2103.355713 0.000000 0.957680 0.000000 0.287835 0.197230 0.197230 0.197230
1797.963745 0.000000 2110.620850 0.000000 0.580731 0.000000 0.814095 0.191214 0.191214 0.191214
1792.205078 0.000000 2112.340576 0.000000 0.960572 0.000000 0.278032 0.199984 0.199984 0.199984
1812.109741 0.000000 2101.611572 0.000000 0.905271 0.000000 0.424834 0.204647 0.204647 0.204647
1807.571045 0.000000 2096.534424 0.000000 0.945006 0.000000 0.327054 0.213208 0.213208 0.213208
1811.281494 0.000000 2145.576416 0.000000 0.814664 0.000000 0.579934 0.229407 0.229407 0.229407
1829.593018 0.000000 2132.132568 0.000000 0.003446 0.000000 0.999994 0.221027 0.221027 0.221027
1820.442627 0.000000 2089.939209 0.000000 0.108961 0.000000 0.994046 0.211316 0.211316 0.211316
1814.295044 0.000000 2097.395020 0.000000 0.174533 0.000000 0.984651 0.238088 0.238088 0.238088
1806.324707 0.000000 2113.809814 0.000000 0.456621 0.000000 0.889661 0.252552 0.252552 0.252552
1823.860107 0.000000 2137.755371 0.000000 0.275304 0.000000 0.961357 0.234280 0.234280 0.234280
1823.909790 0.000000 2104.889404 0.000000 0.632122 0.000000 0.774869 0.277786 0.277786 0.277786
1827.805054 0.000000 2108.836182 0.000000 0.142102 0.000000 0.989852 0.253083 0.253083 0.253083
1828.762085 0.000000 2111.427002 0.000000 0.709087 0.000000 0.705121 0.273279 0.273279 0.273279
1807.104492 0.000000 2094.773926 0.000000 0.997196 0.000000 0.074830 0.255059 0.255059 0.255059
1826.022705 0.000000 2111.957520 0.000000 0.796886 0.000000 0.604130 0.246263 0.246263 0.246263
1813.555786 0.000000 2105.687744 0.000000 0.323225 0.000000 0.946322 0.266081 0.266081 0.266081
1825.168701 0.000000 2110.214111 0.000000 0.946521 0.000000 0.322643 0.315435 0.315435 0.315435
1823.070923 0.000000 2110.579102 0.000000 0.166789 0.000000 0.985993 0.273375 0.273375 0.273375
1811.159302 0.000000 2110.141357 0.000000 0.955532 0.000000 0.294887 0.293026 0.293026 0.293026
1826.589355 0.000000 2090.120117 0.000000 0.869207 0.000000 0.494449 0.303314 0.303314 0.303314
1813.720947 0.000000 2102.094727 0.000000 0.128891 0.000000 0.991659 0.264796 0.264796 0.264796
1828.175659 0.000000 2144.836670 0.000000 0.526862 0.000000 0.849951 0.290084 0.290084 0.290084
1818.808105 0.000000 2106.927734 0.000000 0.886485 0.000000 0.462757 0.345366 0.345366 0.345366
1818.442749 0.000000 2105.406982 0.000000 0.499212 0.000000 0.866480 0.266065 0.266065 0.266065
1832.255371 0.000000 2134.808594 0.000000 0.164312 0.000000 0.986408 0.245918 0.245918 0.245918
1798.676880 0.000000 2115.172119 0.000000 0.365440 0.000000 0.930835 0.281458 0.281458 0.281458
1817.317871 0.000000 2097.182129 0.000000 0.999770 0.000000 0.021435 0.294043 0.294043 0.294043
1819.908447 0.000000 2095.425537 0.000000 0.451908 0.000000 0.892064 0.275320 0.275320 0.275320
1792.011719 0.000000 2114.774902 0.000000 0.896029 0.000000 0.443996 0.343658 0.343658 0.343658
1832.332397 0.000000 2128.124756 0.000000 0.844462 0.000000 0.535616 0.305241 0.305241 0.305241
1800.166748 0.000000 2095.506592 0.000000 0.437132 0.000000 0.899397 0.270144 0.270144 0.270144
1822.456787 0.000000 2092.972656 0.000000 0.583798 0.000000 0.811899 0.331012 0.331012 0.331012
1803.846924 0.000000 2094.168945 0.000000 0.046690 0.000000 0.998909 0.302973 0.302973 0.302973
1807.857666 0.000000 2145.212158 0.000000 0.993608 0.000000 0.112887 0.380996 0.380996 0.380996
1796.866455 0.000000 2113.880371 0.000000 0.483872 0.000000 0.875139 0.272667 0.272667 0.272667
1806.473389 0.000000 2093.445801 0.000000 0.810144 0.000000 0.586231 0.338539 0.338539 0.338539
1821.169556 0.000000 2093.521484 0.000000 0.799278 0.000000 0.600962 0.306662 0.306662 0.306662
1835.522339 0.000000 2132.025635 0.000000 0.932879 0.000000 0.360190 0.304888 0.304888 0.304888
1807.355225 0.000000 2091.525146 0.000000 0.057731 0.000000 0.998332 0.301769 0.301769 0.301769
1793.285400 0.000000 2119.033936 0.000000 0.968798 0.000000 0.247854 0.383930 0.383930 0.383930
1804.303711 0.000000 2118.876221 0.000000 0.801024 0.000000 0.598633 0.345495 0.345495 0.345495
1795.393555 0.000000 2117.420410 0.000000 0.994216 0.000000 0.107399 0.391780 0.391780 0.391780
1823.464233 0.000000 2141.557129 0.000000 0.890372 0.000000 0.455233 0.363893 0.363893 0.363893
1821.126709 0.000000 2095.129150 0.000000 0.739217 0.000000 0.673468 0.320810 0.320810 0.320810
1825.640747 0.000000 2107.073730 0.000000 0.214071 0.000000 0.976818 0.286237 0.286237 0.286237
1802.391357 0.000000 2095.474365 0.000000 0.189605 0.000000 0.981860 0.312144 0.312144 0.312144
1804.818481 0.000000 2095.348389 0.000000 0.794422 0.000000 0.607367 0.324948 0.324948 0.324948
1794.485107 0.000000 2131.059082 0.000000 0.626109 0.000000 0.779736 0.331685 0.331685 0.331685
1829.367920 0.000000 2142.794434 0.000000 0.220246 0.000000 0.975444 0.293969 0.293969 0.293969
1805.379150 0.000000 2092.868164 0.000000 0.192614 0.000000 0.981275 0.299964 0.299964 0.299964
1819.909058 0.000000 2107.417725 0.000000 0.936563 0.000000 0.350499 0.351886 0.351886 0.351886
1811.455444 0.000000 2109.022705 0.000000 0.173557 0.000000 0.984824 0.307933 0.307933 0.307933
1833.663208 0.000000 2133.515869 0.000000 0.261886 0.000000 0.965099 0.300243 0.300243 0.300243
1822.718750 0.000000 2109.343750 0.000000 0.365872 0.000000 0.930665 0.314588 0.314588 0.314588
1794.333130 0.000000 2117.211670 0.000000 0.678118 0.000000 0.734953 0.336929 0.336929 0.336929
1808.709717 0.000000 2145.911621 0.000000 0.979136 0.000000 0.203204 0.386462 0.386462 0.386462
1806.447510 0.000000 2090.904541 0.000000 0.811869 0.000000 0.583840 0.356888 0.356888 0.356888
1795.138672 0.000000 2129.178467 0.000000 0.184397 0.000000 0.982852 0.294168 0.294168 0.294168
1796.121216 0.000000 2115.500000 0.000000 0.879736 0.000000 0.475462 0.362147 0.362147 0.362147
1792.444214 0.000000 2119.646484 0.000000 0.454120 0.000000 0.890941 0.329460 0.329460 0.329460
1802.836304 0.000000 2094.531494 0.000000 0.727633 0.000000 0.685966 0.351876 0.351876 0.351876
1803.257446 0.000000 2121.852051 0.000000 0.762730 0.000000 0.646717 0.346274 0.346274 0.346274
1792.173706 0.000000 2117.597412 0.000000 0.279530 0.000000 0.960137 0.301643 0.301643 0.301643
1825.595215 0.000000 2094.533203 0.000000 0.735092 0.000000 0.677967 0.351084 0.351084 0.351084
1795.876587 0.000000 2128.328857 0.000000 0.905132 0.000000 0.425131 0.366455 0.366455 0.366455
1805.947754 0.000000 2120.366211 0.000000 0.872751 0.000000 0.488166 0.363968 0.363968 0.363968
1812.694580 0.000000 2106.184082 0.000000 0.431772 0.000000 0.901983 0.315791 0.315791 0.315791
1824.005737 0.000000 2108.161621 0.000000 0.973737 0.000000 0.227678 0.383141 0.383141 0.383141
1794.296021 0.000000 2114.895996 0.000000 0.365259 0.000000 0.930906 0.308565 0.308565 0.308565
1795.754272 0.000000 2127.350342 0.000000 0.184093 0.000000 0.982909 0.294144 0.294144 0.294144
1793.388184 0.000000 2130.113037 0.000000 0.717722 0.000000 0.696330 0.341156 0.341156 0.341156
1796.870972 0.000000 2128.597168 0.000000 0.152035 0.000000 0.988375 0.291660 0.291660 0.291660
1818.616821 0.000000 2152.615723 0.000000 0.493925 0.000000 0.869505 0.191841 0.191841 0.191841
1825.860474 0.000000 2155.147461 0.000000 0.812936 0.000000 0.582353 0.201612 0.201612 0.201612
1821.269653 0.000000 2148.565674 0.000000 0.066717 0.000000 0.997772 0.209863 0.209863 0.209863
1820.903564 0.000000 2153.027588 0.000000 0.647795 0.000000 0.761815 0.241677 0.241677 0.241677
1831.451416 0.000000 2161.401855 0.000000 0.918517 0.000000 0.395381 0.253405 0.253405 0.253405
1827.248779 0.000000 2160.767578 0.000000 0.326113 0.000000 0.945331 0.253451 0.253451 0.253451
1829.911865 0.000000 2149.565918 0.000000 0.386926 0.000000 0.922111 0.240917 0.240917 0.240917
1824.706299 0.000000 2150.555420 0.000000 0.893807 0.000000 0.448452 0.309129 0.309129 0.309129
1805.156372 0.000000 2155.342773 0.000000 0.845749 0.000000 0.533581 0.253927 0.253927 0.253927
1800.235718 0.000000 2153.788818 0.000000 0.995206 0.000000 0.097803 0.316843 0.316843 0.316843
1805.933594 0.000000 2152.275146 0.000000 0.685577 0.000000 0.728000 0.326845 0.326845 0.326845
1801.455688 0.000000 2151.173340 0.000000 0.924869 0.000000 0.380285 0.318945 0.318945 0.318945
1813.480591 0.000000 2150.164307 0.000000 0.409706 0.000000 0.912218 0.247175 0.247175 0.247175
1827.868042 0.000000 2162.247070 0.000000 0.442332 0.000000 0.896852 0.260148 0.260148 0.260148
1800.166748 0.000000 2151.990967 0.000000 0.999417 0.000000 0.034137 0.333608 0.333608 0.333608
1829.877441 0.000000 2146.460205 0.000000 0.484518 0.000000 0.874781 0.278163 0.278163 0.278163
1801.044312 0.000000 2149.607666 0.000000 0.978419 0.000000 0.206631 0.319096 0.319096 0.319096
1827.236572 0.000000 2150.927490 0.000000 0.993365 0.000000 0.115007 0.343220 0.343220 0.343220
1804.047363 0.000000 2153.288086 0.000000 0.723902 0.000000 0.689902 0.329688 0.329688 0.329688
1804.818481 0.000000 2151.832764 0.000000 0.999670 0.000000 0.025698 0.398037 0.398037 0.398037
1823.837402 0.000000 2153.214600 0.000000 0.518185 0.000000 0.855268 0.324999 0.324999 0.324999
1806.447510 0.000000 2147.388916 0.000000 0.997604 0.000000 0.069178 0.394953 0.394953 0.394953
1806.957397 0.000000 2148.968262 0.000000 0.563538 0.000000 0.826090 0.325734 0.325734 0.325734
1809.347900 0.000000 2150.500244 0.000000 0.459008 0.000000 0.888432 0.316431 0.316431 0.316431
1804.614746 0.000000 2150.097412 0.000000 0.545191 0.000000 0.838312 0.324050 0.324050 0.324050
1808.009033 0.000000 2148.629639 0.000000 0.826080 0.000000 0.563552 0.354264 0.354264 0.354264
2049.116211 0.000000 1843.999268 0.000000 0.769999 0.000000 0.638045 0.232979 0.232979 0.232979
2049.729736 0.000000 1840.092285 0.000000 0.300777 0.000000 0.953695 0.237236 0.237236 0.237236
2050.422852 0.000000 1835.899658 0.000000 0.525644 0.000000 0.850705 0.227149 0.227149 0.227149
2050.930908 0.000000 1838.974731 0.000000 0.477640 0.000000 0.878556 0.268490 0.268490 0.268490
2055.860840 0.000000 1840.840210 0.000000 0.467589 0.000000 0.883946 0.305650 0.305650 0.305650
2053.003906 0.000000 1840.938843 0.000000 0.682655 0.000000 0.730741 0.337402 0.337402 0.337402
2051.896484 0.000000 1841.083984 0.000000 0.140478 0.000000 0.990084 0.295765 0.295765 0.295765
2238.612305 0.000000 2141.562256 0.000000 0.419274 0.000000 0.907860 0.190506 0.190506 0.190506
2229.008789 0.000000 2134.143799 0.000000 0.999995 0.000000 0.003088 0.229646 0.229646 0.229646
2231.657227 0.000000 2130.295654 0.000000 0.922854 0.000000 0.385149 0.232118 0.232118 0.232118
2227.450439 0.000000 2142.760986 0.000000 0.731358 0.000000 0.681994 0.236638 0.236638 0.236638
2232.254883 0.000000 2137.304199 0.000000 0.956948 0.000000 0.290259 0.272492 0.272492 0.272492
2230.766602 0.000000 2134.522461 0.000000 0.999834 0.000000 0.018214 0.316434 0.316434 0.316434
2233.390381 0.000000 2132.329102 0.000000 0.351433 0.000000 0.936213 0.257273 0.257273 0.257273
2230.213135 0.000000 2132.927246 0.000000 0.940949 0.000000 0.338549 0.290551 0.290551 0.290551
2229.913086 0.000000 2137.595947 0.000000 0.877490 0.000000 0.479595 0.285687 0.285687 0.285687
2232.531494 0.000000 2145.382812 0.000000 0.611401 0.000000 0.791321 0.259083 0.259083 0.259083
2236.552490 0.000000 2119.341064 0.000000 0.026216 0.000000 0.999656 0.259891 0.259891 0.259891
2231.350098 0.000000 2145.993652 0.000000 0.014820 0.000000 0.999890 0.289678 0.289678 0.289678
2231.944824 0.000000 2144.566406 0.000000 0.999317 0.000000 0.036967 0.397378 0.397378 0.397378
2240.073242 0.000000 2128.483398 0.000000 0.537321 0.000000 0.843378 0.191106 0.191106 0.191106
2247.290527 0.000000 2132.767090 0.000000 0.799022 0.000000 0.601302 0.194443 0.194443 0.194443
2263.827881 0.000000 2114.098633 0.000000 0.430032 0.000000 0.902813 0.193367 0.193367 0.193367
2266.772217 0.000000 2139.832275 0.000000 0.519339 0.000000 0.854568 0.194420 0.194420 0.194420
2269.565674 0.000000 2133.220703 0.000000 0.873511 0.000000 0.486804 0.197717 0.197717 0.197717
2250.748779 0.000000 2132.114746 0.000000 0.779819 0.000000 0.626005 0.202996 0.202996 0.202996
2251.714111 0.000000 2127.925049 0.000000 0.516088 0.000000 0.856536 0.194380 0.194380 0.194380
2242.892334 0.000000 2128.123047 0.000000 0.904069 0.000000 0.427387 0.203578 0.203578 0.203578
2256.434082 0.000000 2119.983154 0.000000 0.475111 0.000000 0.879926 0.221746 0.221746 0.221746
2259.150879 0.000000 2123.683350 0.000000 0.402002 0.000000 0.915639 0.221238 0.221238 0.221238
2256.003174 0.000000 2117.224609 0.000000 0.829004 0.000000 0.559242 0.219936 0.219936 0.219936
2260.386963 0.000000 2116.718994 0.000000 0.851482 0.000000 0.524384 0.206431 0.206431 0.206431
2240.010498 0.000000 2118.608154 0.000000 0.484584 0.000000 0.874745 0.207693 0.207693 0.207693
2261.939941 0.000000 2115.255371 0.000000 0.779117 0.000000 0.626878 0.225517 0.225517 0.225517
2248.026367 0.000000 2144.376221 0.000000 0.892759 0.000000 0.450534 0.228898 0.228898 0.228898
2258.928467 0.000000 2130.826660 0.000000 0.878256 0.000000 0.478191 0.272111 0.272111 0.272111
2260.110352 0.000000 2103.559570 0.000000 0.999854 0.000000 0.017107 0.258467 0.258467 0.258467
2251.861084 0.000000 2104.591309 0.000000 0.718853 0.000000 0.695162 0.293029 0.293029 0.293029
2267.981201 0.000000 2133.863525 0.000000 0.996237 0.000000 0.086675 0.336890 0.336890 0.336890
2267.663330 0.000000 2112.717529 0.000000 0.941691 0.000000 0.336478 0.282478 0.282478 0.282478
2240.129395 0.000000 2121.966553 0.000000 0.864607 0.000000 0.502448 0.271351 0.271351 0.271351
2259.159424 0.000000 2110.141357 0.000000 0.738326 0.000000 0.674444 0.314813 0.314813 0.314813
2259.123779 0.000000 2112.611084 0.000000 0.255755 0.000000 0.966742 0.246160 0.246160 0.246160
2257.973633 0.000000 2104.843262 0.000000 0.744704 0.000000 0.667395 0.258450 0.258450 0.258450
2249.808594 0.000000 2112.280029 0.000000 0.877716 0.000000 0.479182 0.341602 0.341602 0.341602
2261.358154 0.000000 2113.814453 0.000000 0.940769 0.000000 0.339049 0.279340 0.279340 0.279340
2247.945068 0.000000 2117.860107 0.000000 0.958170 0.000000 0.286199 0.302581 0.302581 0.302581
2254.478760 0.000000 2134.402588 0.000000 0.854140 0.000000 0.520043 0.306888 0.306888 0.306888
2265.273682 0.000000 2110.850342 0.000000 0.027391 0.000000 0.999625 0.242240 0.242240 0.242240
2251.124756 0.000000 2109.178467 0.000000 0.999340 0.000000 0.036328 0.363411 0.363411 0.363411
2266.272705 0.000000 2118.005371 0.000000 0.396863 0.000000 0.917878 0.282788 0.282788 0.282788
2260.653076 0.000000 2123.581055 0.000000 0.014030 0.000000 0.999902 0.260087 0.260087 0.260087
2246.498535 0.000000 2144.464844 0.000000 0.795851 0.000000 0.605493 0.332923 0.332923 0.332923
2244.396240 0.000000 2116.507568 0.000000 0.905957 0.000000 0.423369 0.323773 0.323773 0.323773
2250.169922 0.000000 2130.495605 0.000000 0.529887 0.000000 0.848068 0.272027 0.272027 0.272027
2260.461182 0.000000 2121.146484 0.000000 0.967785 0.000000 0.251779 0.330717 0.330717 0.330717
2250.271729 0.000000 2119.023682 0.000000 0.051329 0.000000 0.998682 0.292927 0.292927 0.292927
2256.139404 0.000000 2128.877930 0.000000 0.223932 0.000000 0.974605 0.274322 0.274322 0.274322
2265.687256 0.000000 2119.502930 0.000000 0.869781 0.000000 0.493437 0.364829 0.364829 0.364829
2259.060547 0.000000 2117.132568 0.000000 0.869977 0.000000 0.493093 0.366530 0.366530 0.366530
2250.621582 0.000000 2117.137939 0.000000 0.961183 0.000000 0.275911 0.381785 0.381785 0.381785
2251.571533 0.000000 2114.460938 0.000000 0.995143 0.000000 0.098441 0.358066 0.358066 0.358066
2255.300537 0.000000 2133.010010 0.000000 0.293506 0.000000 0.955957 0.317058 0.317058 0.317058
2248.591797 0.000000 2116.680908 0.000000 0.795657 0.000000 0.605748 0.357438 0.357438 0.357438
2265.036621 0.000000 2134.157227 0.000000 0.666816 0.000000 0.745222 0.335762 0.335762 0.335762
2254.338867 0.000000 2131.742920 0.000000 0.158072 0.000000 0.987428 0.292127 0.292127 0.292127
2260.947754 0.000000 2104.551514 0.000000 0.531862 0.000000 0.846831 0.331415 0.331415 0.331415
2242.696289 0.000000 2119.564453 0.000000 0.328996 0.000000 0.944331 0.292298 0.292298 0.292298
2264.281250 0.000000 2130.632080 0.000000 0.906038 0.000000 0.423195 0.318951 0.318951 0.318951
2245.362305 0.000000 2142.606689 0.000000 0.946127 0.000000 0.323797 0.376456 0.376456 0.376456
2252.848145 0.000000 2133.824951 0.000000 0.303467 0.000000 0.952842 0.291074 0.291074 0.291074
2251.303955 0.000000 2107.718262 0.000000 0.106315 0.000000 0.994332 0.274698 0.274698 0.274698
2259.024170 0.000000 2104.176270 0.000000 0.999459 0.000000 0.032876 0.386841 0.386841 0.386841
2248.640381 0.000000 2113.021484 0.000000 0.914464 0.000000 0.404667 0.345910 0.345910 0.345910
2244.237305 0.000000 2141.456543 0.000000 0.938661 0.000000 0.344842 0.341368 0.341368 0.341368
2246.734863 0.000000 2139.975830 0.000000 0.993479 0.000000 0.114019 0.391271 0.391271 0.391271
2246.064209 0.000000 2114.096680 0.000000 0.297433 0.000000 0.954743 0.294060 0.294060 0.294060
2264.109375 0.000000 2132.885010 0.000000 0.348395 0.000000 0.937348 0.311432 0.311432 0.311432
2259.455566 0.000000 2109.022705 0.000000 0.529088 0.000000 0.848567 0.309850 0.309850 0.309850
2257.553955 0.000000 2136.102539 0.000000 0.850560 0.000000 0.525878 0.364333 0.364333 0.364333
2257.039551 0.000000 2134.842285 0.000000 0.984370 0.000000 0.176113 0.387448 0.387448 0.387448
2262.543701 0.000000 2134.008545 0.000000 0.671860 0.000000 0.740678 0.336281 0.336281 0.336281
2264.386230 0.000000 2119.640137 0.000000 0.999798 0.000000 0.020117 0.398629 0.398629 0.398629
2258.010010 0.000000 2137.754150 0.000000 0.508340 0.000000 0.861157 0.326695 0.326695 0.326695
2260.294678 0.000000 2133.115723 0.000000 0.828305 0.000000 0.560278 0.357091 0.357091 0.357091
2265.893555 0.000000 2134.716553 0.000000 0.989529 0.000000 0.144335 0.388935 0.388935 0.388935
2249.617432 0.000000 2116.601318 0.000000 0.918467 0.000000 0.395498 0.373404 0.373404 0.373404
2252.126709 0.000000 2134.862305 0.000000 0.120749 0.000000 0.992683 0.289247 0.289247 0.289247
2259.690918 0.000000 2136.725098 0.000000 0.168252 0.000000 0.985744 0.300964 0.300964 0.300964
2240.795654 0.000000 2138.803467 0.000000 0.618256 0.000000 0.785977 0.335885 0.335885 0.335885
2252.611328 0.000000 2135.971680 0.000000 0.928542 0.000000 0.371227 0.370945 0.370945 0.370945
2261.197266 0.000000 2132.197998 0.000000 0.999660 0.000000 0.026090 0.398117 0.398117 0.398117
2243.805176 0.000000 2137.875732 0.000000 0.737288 0.000000 0.675579 0.343335 0.343335 0.343335
2258.787354 0.000000 2119.181396 0.000000 0.746205 0.000000 0.665716 0.344350 0.344350 0.344350
2246.366211 0.000000 2140.883545 0.000000 0.729271 0.000000 0.684225 0.342434 0.342434 0.342434
2256.800293 0.000000 2131.660400 0.000000 0.676538 0.000000 0.736408 0.336765 0.336765 0.336765
2174.222168 0.000000 2225.602295 0.000000 0.938142 0.000000 0.346250 0.295350 0.295350 0.295350
2169.927490 0.000000 2221.217773 0.000000 0.296170 0.000000 0.955135 0.302970 0.302970 0.302970
2170.765381 0.000000 2222.028076 0.000000 0.584591 0.000000 0.811328 0.327699 0.327699 0.327699
2170.895508 0.000000 2220.046631 0.000000 0.759664 0.000000 0.650316 0.345913 0.345913 0.345913
2171.972656 0.000000 2223.509766 0.000000 0.715831 0.000000 0.698274 0.340948 0.340948 0.340948
2223.152100 0.000000 2191.876953 0.000000 0.891463 0.000000 0.453093 0.200168 0.200168 0.200168
2234.107422 0.000000 2201.606689 0.000000 0.254561 0.000000 0.967057 0.189668 0.189668 0.189668
2226.616699 0.000000 2192.459473 0.000000 0.848987 0.000000 0.528414 0.213442 0.213442 0.213442
2230.374756 0.000000 2177.956055 0.000000 0.188615 0.000000 0.982051 0.233884 0.233884 0.233884
2228.752686 0.000000 2192.803467 0.000000 0.765330 0.000000 0.643638 0.246139 0.246139 0.246139
2231.657227 0.000000 2186.780029 0.000000 0.620194 0.000000 0.784448 0.239137 0.239137 0.239137
2237.048584 0.000000 2185.671631 0.000000 0.386752 0.000000 0.922184 0.235189 0.235189 0.235189
2232.393799 0.000000 2191.532959 0.000000 0.975433 0.000000 0.220295 0.271188 0.271188 0.271188
2228.288330 0.000000 2167.236328 0.000000 0.643698 0.000000 0.765279 0.262808 0.262808 0.262808
2223.569580 0.000000 2146.509521 0.000000 0.342863 0.000000 0.939385 0.264541 0.264541 0.264541
2223.226074 0.000000 2187.350342 0.000000 0.853257 0.000000 0.521490 0.289872 0.289872 0.289872
2229.498779 0.000000 2183.882568 0.000000 0.540711 0.000000 0.841208 0.266727 0.266727 0.266727
2239.180664 0.000000 2152.507568 0.000000 0.478826 0.000000 0.877910 0.274042 0.274042 0.274042
2228.960205 0.000000 2196.465332 0.000000 0.062316 0.000000 0.998056 0.243174 0.243174 0.243174
2230.766602 0.000000 2191.006836 0.000000 0.367847 0.000000 0.929886 0.243657 0.243657 0.243657
2230.224854 0.000000 2161.584961 0.000000 0.105716 0.000000 0.994396 0.269079 0.269079 0.269079
2233.390381 0.000000 2188.813477 0.000000 0.250584 0.000000 0.968095 0.236844 0.236844 0.236844
2227.333496 0.000000 2190.813965 0.000000 0.862684 0.000000 0.505743 0.299988 0.299988 0.299988
2230.213135 0.000000 2189.411621 0.000000 0.796393 0.000000 0.604779 0.258597 0.258597 0.258597
2231.988525 0.000000 2162.029541 0.000000 0.292451 0.000000 0.956281 0.281175 0.281175 0.281175
2229.040771 0.000000 2175.053711 0.000000 0.995526 0.000000 0.094489 0.271096 0.271096 0.271096
2233.095215 0.000000 2170.185791 0.000000 0.424119 0.000000 0.905607 0.248379 0.248379 0.248379
2236.241455 0.000000 2157.148682 0.000000 0.924012 0.000000 0.382363 0.306009 0.306009 0.306009
2237.523682 0.000000 2159.991699 0.000000 0.985925 0.000000 0.167186 0.316397 0.316397 0.316397
2237.091553 0.000000 2198.117920 0.000000 0.043458 0.000000 0.999055 0.239897 0.239897 0.239897
2220.527832 0.000000 2154.389893 0.000000 0.363400 0.000000 0.931633 0.283509 0.283509 0.283509
2228.391602 0.000000 2182.861328 0.000000 0.943146 0.000000 0.332377 0.286684 0.286684 0.286684
2234.513428 0.000000 2160.102539 0.000000 0.812580 0.000000 0.582850 0.292038 0.292038 0.292038
2226.837158 0.000000 2188.082520 0.000000 0.929046 0.000000 0.369965 0.342987 0.342987 0.342987
2236.529053 0.000000 2179.839600 0.000000 0.966135 0.000000 0.258037 0.356016 0.356016 0.356016
2238.222168 0.000000 2169.117920 0.000000 0.387878 0.000000 0.921711 0.272115 0.272115 0.272115
2239.538818 0.000000 2160.891357 0.000000 0.933383 0.000000 0.358881 0.299929 0.299929 0.299929
2231.001709 0.000000 2181.440918 0.000000 0.980270 0.000000 0.197662 0.387085 0.387085 0.387085
2216.984863 0.000000 2200.629639 0.000000 0.869542 0.000000 0.493859 0.329635 0.329635 0.329635
2211.060059 0.000000 2200.401123 0.000000 0.068229 0.000000 0.997670 0.286901 0.286901 0.286901
2226.095459 0.000000 2186.743164 0.000000 0.947982 0.000000 0.318323 0.358658 0.358658 0.358658
2221.468262 0.000000 2199.916016 0.000000 0.871887 0.000000 0.489706 0.285324 0.285324 0.285324
2222.835205 0.000000 2150.456787 0.000000 0.686392 0.000000 0.727232 0.291334 0.291334 0.291334
2234.884277 0.000000 2161.689697 0.000000 0.974764 0.000000 0.223240 0.305879 0.305879 0.305879
2221.661621 0.000000 2196.661621 0.000000 0.985979 0.000000 0.166872 0.380930 0.380930 0.380930
2224.909180 0.000000 2189.453369 0.000000 0.848223 0.000000 0.529640 0.335856 0.335856 0.335856
2239.335205 0.000000 2172.635742 0.000000 0.698361 0.000000 0.715746 0.306361 0.306361 0.306361
2232.429443 0.000000 2183.601562 0.000000 0.961442 0.000000 0.275009 0.297821 0.297821 0.297821
2237.311279 0.000000 2200.697266 0.000000 0.815409 0.000000 0.578885 0.293130 0.293130 0.293130
2218.449707 0.000000 2149.167236 0.000000 0.983634 0.000000 0.180178 0.318023 0.318023 0.318023
2209.773193 0.000000 2201.831543 0.000000 0.079075 0.000000 0.996869 0.291801 0.291801 0.291801
2232.776367 0.000000 2173.249512 0.000000 0.545092 0.000000 0.838377 0.333910 0.333910 0.333910
2229.027100 0.000000 2177.923340 0.000000 0.400650 0.000000 0.916231 0.314673 0.314673 0.314673
2238.576172 0.000000 2158.669678 0.000000 0.826073 0.000000 0.563564 0.326647 0.326647 0.326647
2237.779541 0.000000 2157.185303 0.000000 0.918854 0.000000 0.394599 0.305521 0.305521 0.305521
2221.841309 0.000000 2154.730469 0.000000 0.939954 0.000000 0.341301 0.317666 0.317666 0.317666
2229.852051 0.000000 2200.672607 0.000000 0.743144 0.000000 0.669131 0.289946 0.289946 0.289946
2231.150146 0.000000 2194.489014 0.000000 0.242778 0.000000 0.970082 0.302399 0.302399 0.302399
2208.533691 0.000000 2201.477295 0.000000 0.995602 0.000000 0.093686 0.365895 0.365895 0.365895
2228.552002 0.000000 2187.534668 0.000000 0.978753 0.000000 0.205043 0.314953 0.314953 0.314953
2225.942383 0.000000 2168.517090 0.000000 0.392280 0.000000 0.919846 0.310795 0.310795 0.310795
2236.279541 0.000000 2159.384033 0.000000 0.998522 0.000000 0.054345 0.320652 0.320652 0.320652
2221.109131 0.000000 2197.813965 0.000000 0.137592 0.000000 0.990489 0.304665 0.304665 0.304665
2229.912354 0.000000 2169.185059 0.000000 0.235395 0.000000 0.971900 0.314795 0.314795 0.314795
2236.908691 0.000000 2161.342041 0.000000 0.641330 0.000000 0.767265 0.322171 0.322171 0.322171
2229.815186 0.000000 2176.781250 0.000000 0.275951 0.000000 0.961172 0.304904 0.304904 0.304904
2233.562256 0.000000 2194.700195 0.000000 0.977617 0.000000 0.210391 0.383415 0.383415 0.383415
2228.879395 0.000000 2168.404785 0.000000 0.691004 0.000000 0.722851 0.348365 0.348365 0.348365
2224.565186 0.000000 2184.969238 0.000000 0.958148 0.000000 0.286273 0.322035 0.322035 0.322035
2234.465332 0.000000 2183.938232 0.000000 0.420376 0.000000 0.907350 0.319957 0.319957 0.319957
2235.613770 0.000000 2177.613525 0.000000 0.249355 0.000000 0.968412 0.285287 0.285287 0.285287
2237.235596 0.000000 2191.187744 0.000000 0.597662 0.000000 0.801749 0.339387 0.339387 0.339387
2222.978760 0.000000 2200.997559 0.000000 0.875047 0.000000 0.484038 0.331100 0.331100 0.331100
2214.453369 0.000000 2201.256104 0.000000 0.445555 0.000000 0.895255 0.317523 0.317523 0.317523
2233.995117 0.000000 2185.571533 0.000000 0.179386 0.000000 0.983779 0.306675 0.306675 0.306675
2239.301758 0.000000 2190.504395 0.000000 0.996114 0.000000 0.088074 0.358589 0.358589 0.358589
2216.336914 0.000000 2202.112305 0.000000 0.992130 0.000000 0.125216 0.390409 0.390409 0.390409
2223.561768 0.000000 2197.881836 0.000000 0.109198 0.000000 0.994020 0.298939 0.298939 0.298939
2220.634766 0.000000 2153.121582 0.000000 0.908020 0.000000 0.418928 0.371186 0.371186 0.371186
2206.741699 0.000000 2202.175049 0.000000 0.340099 0.000000 0.940390 0.306511 0.306511 0.306511
2223.829590 0.000000 2171.216064 0.000000 0.843280 0.000000 0.537474 0.356651 0.356651 0.356651
2233.070557 0.000000 2193.125000 0.000000 0.642150 0.000000 0.766579 0.343519 0.343519 0.343519
2224.476318 0.000000 2194.239258 0.000000 0.921719 0.000000 0.387859 0.372256 0.372256 0.372256
2234.652100 0.000000 2167.988770 0.000000 0.396423 0.000000 0.918068 0.318690 0.318690 0.318690
2225.625244 0.000000 2197.322998 0.000000 0.569327 0.000000 0.822111 0.326271 0.326271 0.326271
2251.937012 0.000000 2179.175537 0.000000 0.086804 0.000000 0.996225 0.188145 0.188145 0.188145
2244.679688 0.000000 2160.642578 0.000000 0.982041 0.000000 0.188669 0.282668 0.282668 0.282668
2248.096436 0.000000 2148.591309 0.000000 0.114413 0.000000 0.993433 0.226209 0.226209 0.226209
2243.807373 0.000000 2154.208008 0.000000 0.613366 0.000000 0.789799 0.285297 0.285297 0.285297
2247.856445 0.000000 2191.087891 0.000000 0.913681 0.000000 0.406431 0.267273 0.267273 0.267273
2242.838379 0.000000 2197.704590 0.000000 0.929395 0.000000 0.369086 0.292538 0.292538 0.292538
2245.125244 0.000000 2159.137451 0.000000 0.351310 0.000000 0.936259 0.244820 0.244820 0.244820
2251.164307 0.000000 2182.961426 0.000000 0.831172 0.000000 0.556015 0.276274 0.276274 0.276274
2241.194336 0.000000 2155.680664 0.000000 0.999733 0.000000 0.023110 0.371866 0.371866 0.371866
2243.273438 0.000000 2171.239502 0.000000 0.719888 0.000000 0.694090 0.335917 0.335917 0.335917
2240.314209 0.000000 2196.148193 0.000000 0.597363 0.000000 0.801971 0.325304 0.325304 0.325304
2248.166748 0.000000 2151.990967 0.000000 0.324111 0.000000 0.946019 0.279033 0.279033 0.279033
2242.358887 0.000000 2154.053467 0.000000 0.986604 0.000000 0.163135 0.312284 0.312284 0.312284
2256.743896 0.000000 2156.000977 0.000000 0.690180 0.000000 0.723637 0.306706 0.306706 0.306706
2248.764404 0.000000 2164.871826 0.000000 0.367322 0.000000 0.930094 0.274293 0.274293 0.274293
2258.493408 0.000000 2152.705566 0.000000 0.947139 0.000000 0.320824 0.320553 0.320553 0.320553
2242.422363 0.000000 2159.472656 0.000000 0.987095 0.000000 0.160133 0.388677 0.388677 0.388677
2251.571533 0.000000 2170.945312 0.000000 0.999775 0.000000 0.021214 0.346382 0.346382 0.346382
2246.391357 0.000000 2188.374268 0.000000 0.970449 0.000000 0.241308 0.381382 0.381382 0.381382
2241.905029 0.000000 2164.242920 0.000000 0.356888 0.000000 0.934147 0.304997 0.304997 0.304997
2249.029297 0.000000 2167.008545 0.000000 0.995854 0.000000 0.090963 0.393041 0.393041 0.393041
2246.992920 0.000000 2166.473389 0.000000 0.979685 0.000000 0.200542 0.384575 0.384575 0.384575
2250.391357 0.000000 2151.958740 0.000000 0.083743 0.000000 0.996487 0.304595 0.304595 0.304595
2249.007568 0.000000 2183.115479 0.000000 0.999575 0.000000 0.029151 0.397773 0.397773 0.397773
2241.178223 0.000000 2154.025879 0.000000 0.751384 0.000000 0.659865 0.334344 0.334344 0.334344
2246.215088 0.000000 2189.749268 0.000000 0.870249 0.000000 0.492612 0.360650 0.360650 0.360650
2246.658936 0.000000 2146.446289 0.000000 0.469779 0.000000 0.882784 0.317360 0.317360 0.317360
2251.529297 0.000000 2169.559082 0.000000 0.067019 0.000000 0.997752 0.303144 0.303144 0.303144
2246.284668 0.000000 2186.578613 0.000000 0.377997 0.000000 0.925807 0.309613 0.309613 0.309613
2247.500000 0.000000 2169.128418 0.000000 0.831119 0.000000 0.556094 0.354952 0.354952 0.354952
2245.155029 0.000000 2163.053711 0.000000 0.517844 0.000000 0.855475 0.327990 0.327990 0.327990
2247.842529 0.000000 2167.270996 0.000000 0.467082 0.000000 0.884214 0.317127 0.317127 0.317127
2240.041016 0.000000 2159.965576 0.000000 0.131202 0.000000 0.991356 0.301648 0.301648 0.301648
2249.572998 0.000000 2188.903076 0.000000 0.802582 0.000000 0.596542 0.357393 0.357393 0.357393
2245.485107 0.000000 2165.830811 0.000000 0.680651 0.000000 0.732608 0.343145 0.343145 0.343145
2256.308105 0.000000 2153.848145 0.000000 0.871487 0.000000 0.490419 0.362634 0.362634 0.362634
2242.886475 0.000000 2162.167725 0.000000 0.780180 0.000000 0.625555 0.355793 0.355793 0.355793
2240.949951 0.000000 2157.489014 0.000000 0.485137 0.000000 0.874438 0.318695 0.318695 0.318695
2254.162354 0.000000 2161.151367 0.000000 0.090194 0.000000 0.995924 0.286900 0.286900 0.286900
2258.295166 0.000000 2150.682373 0.000000 0.957865 0.000000 0.287217 0.377745 0.377745 0.377745
2245.828857 0.000000 2168.162598 0.000000 0.485047 0.000000 0.874488 0.327191 0.327191 0.327191
2241.886230 0.000000 2158.528320 0.000000 0.795313 0.000000 0.606199 0.347519 0.347519 0.347519
2250.836426 0.000000 2151.015869 0.000000 0.543299 0.000000 0.839539 0.336067 0.336067 0.336067
2254.198242 0.000000 2155.118652 0.000000 0.881271 0.000000 0.472612 0.362395 0.362395 0.362395
2246.691162 0.000000 2169.797852 0.000000 0.766157 0.000000 0.642654 0.346680 0.346680 0.346680
2249.779541 0.000000 2184.916260 0.000000 0.935290 0.000000 0.353883 0.372367 0.372367 0.372367
2249.565674 0.000000 2169.697754 0.000000 0.263702 0.000000 0.964604 0.300386 0.300386 0.300386
2247.151611 0.000000 2186.217285 0.000000 0.045302 0.000000 0.998973 0.283462 0.283462 0.283462
2231.430908 0.000000 2216.767578 0.000000 0.450501 0.000000 0.892776 0.190358 0.190358 0.190358
2191.712891 0.000000 2221.504883 0.000000 0.818044 0.000000 0.575156 0.194569 0.194569 0.194569
2219.597168 0.000000 2204.915039 0.000000 0.998695 0.000000 0.051078 0.238919 0.238919 0.238919
2212.534668 0.000000 2220.068604 0.000000 0.840637 0.000000 0.541599 0.222237 0.222237 0.222237
2204.442627 0.000000 2202.907959 0.000000 0.042560 0.000000 0.999094 0.220269 0.220269 0.220269
2238.677246 0.000000 2205.436768 0.000000 0.154976 0.000000 0.987918 0.233882 0.233882 0.233882
2221.664307 0.000000 2209.886230 0.000000 0.353825 0.000000 0.935311 0.240101 0.240101 0.240101
2190.324707 0.000000 2226.778564 0.000000 0.354612 0.000000 0.935014 0.240120 0.240120 0.240120
2225.047119 0.000000 2211.715088 0.000000 0.983539 0.000000 0.180698 0.253962 0.253962 0.253962
2190.009033 0.000000 2222.635742 0.000000 0.040910 0.000000 0.999163 0.214904 0.214904 0.214904
2191.814941 0.000000 2223.522705 0.000000 0.312661 0.000000 0.949865 0.219611 0.219611 0.219611
2224.094482 0.000000 2220.000000 0.000000 0.166985 0.000000 0.985959 0.228818 0.228818 0.228818
2235.533691 0.000000 2208.465332 0.000000 0.848213 0.000000 0.529655 0.267598 0.267598 0.267598
2228.288330 0.000000 2223.720703 0.000000 0.863662 0.000000 0.504072 0.256671 0.256671 0.256671
2235.459473 0.000000 2212.250732 0.000000 0.898395 0.000000 0.439189 0.278254 0.278254 0.278254
2177.541504 0.000000 2224.054688 0.000000 0.143329 0.000000 0.989675 0.234367 0.234367 0.234367
2217.043945 0.000000 2214.906250 0.000000 0.002627 0.000000 0.999997 0.257828 0.257828 0.257828
2229.692383 0.000000 2214.625732 0.000000 0.658478 0.000000 0.752600 0.244683 0.244683 0.244683
2219.779541 0.000000 2207.872070 0.000000 0.764188 0.000000 0.644993 0.280284 0.280284 0.280284
2221.137695 0.000000 2217.950684 0.000000 0.060013 0.000000 0.998198 0.235355 0.235355 0.235355
2213.911865 0.000000 2206.050293 0.000000 0.923833 0.000000 0.382796 0.277012 0.277012 0.277012
2225.566406 0.000000 2210.073242 0.000000 0.302849 0.000000 0.953039 0.231698 0.231698 0.231698
2177.897461 0.000000 2225.682129 0.000000 0.790554 0.000000 0.612392 0.251748 0.251748 0.251748
2229.819092 0.000000 2211.516357 0.000000 0.981732 0.000000 0.190269 0.316575 0.316575 0.316575
2217.112793 0.000000 2213.328369 0.000000 0.589734 0.000000 0.807597 0.252342 0.252342 0.252342
2229.482910 0.000000 2204.212891 0.000000 0.040326 0.000000 0.999187 0.240512 0.240512 0.240512
2189.914307 0.000000 2221.133789 0.000000 0.937650 0.000000 0.347581 0.285181 0.285181 0.285181
2185.808594 0.000000 2225.248779 0.000000 0.010046 0.000000 0.999950 0.251076 0.251076 0.251076
2181.821045 0.000000 2220.496826 0.000000 0.551262 0.000000 0.834332 0.262965 0.262965 0.262965
2218.270752 0.000000 2210.382324 0.000000 0.595860 0.000000 0.803089 0.326696 0.326696 0.326696
2218.374268 0.000000 2215.535400 0.000000 0.998347 0.000000 0.057472 0.378796 0.378796 0.378796
2185.120117 0.000000 2227.165527 0.000000 0.571796 0.000000 0.820396 0.273651 0.273651 0.273651
2180.866455 0.000000 2226.849121 0.000000 0.076249 0.000000 0.997089 0.256436 0.256436 0.256436
2213.877441 0.000000 2202.944580 0.000000 0.109396 0.000000 0.993998 0.292866 0.292866 0.292866
2219.614258 0.000000 2213.114990 0.000000 0.650223 0.000000 0.759744 0.341187 0.341187 0.341187
2223.419678 0.000000 2225.544922 0.000000 0.989246 0.000000 0.146260 0.344988 0.344988 0.344988
2184.040039 0.000000 2228.134521 0.000000 0.097547 0.000000 0.995231 0.262383 0.262383 0.262383
2204.146240 0.000000 2204.251221 0.000000 0.018254 0.000000 0.999833 0.297286 0.297286 0.297286
2225.868164 0.000000 2207.331787 0.000000 0.970387 0.000000 0.241558 0.339433 0.339433 0.339433
2211.236572 0.000000 2207.411865 0.000000 0.999461 0.000000 0.032818 0.327007 0.327007 0.327007
2185.788330 0.000000 2222.291504 0.000000 0.954833 0.000000 0.297144 0.336766 0.336766 0.336766
2201.027344 0.000000 2208.089355 0.000000 0.686277 0.000000 0.727340 0.325288 0.325288 0.325288
2207.390869 0.000000 2206.832764 0.000000 0.468215 0.000000 0.883615 0.324799 0.324799 0.324799
2226.898682 0.000000 2202.997559 0.000000 0.458691 0.000000 0.888596 0.296545 0.296545 0.296545
2205.126709 0.000000 2208.097900 0.000000 0.658866 0.000000 0.752260 0.335864 0.335864 0.335864
2218.238525 0.000000 2212.729492 0.000000 0.360501 0.000000 0.932759 0.318077 0.318077 0.318077
2185.029297 0.000000 2223.492920 0.000000 0.619608 0.000000 0.784911 0.309016 0.309016 0.309016
2221.161133 0.000000 2213.608643 0.000000 0.543465 0.000000 0.839432 0.333096 0.333096 0.333096
2222.689453 0.000000 2215.190186 0.000000 0.449970 0.000000 0.893044 0.291741 0.291741 0.291741
2211.340820 0.000000 2204.145752 0.000000 0.736974 0.000000 0.675921 0.343299 0.343299 0.343299
2189.813477 0.000000 2227.931641 0.000000 0.950213 0.000000 0.311603 0.337069 0.337069 0.337069
2182.064209 0.000000 2227.065430 0.000000 0.812601 0.000000 0.582820 0.342261 0.342261 0.342261
2221.988525 0.000000 2212.737793 0.000000 0.857090 0.000000 0.515166 0.363654 0.363654 0.363654
2225.631836 0.000000 2214.069336 0.000000 0.285992 0.000000 0.958232 0.292199 0.292199 0.292199
2227.448730 0.000000 2218.164307 0.000000 0.740577 0.000000 0.671971 0.317518 0.317518 0.317518
2227.404297 0.000000 2212.413086 0.000000 0.903240 0.000000 0.429136 0.359613 0.359613 0.359613
2208.610840 0.000000 2204.673340 0.000000 0.245493 0.000000 0.969398 0.298948 0.298948 0.298948
2221.578613 0.000000 2214.948975 0.000000 0.939325 0.000000 0.343030 0.363095 0.363095 0.363095
2219.276611 0.000000 2214.854980 0.000000 0.994002 0.000000 0.109361 0.375827 0.375827 0.375827
2233.227295 0.000000 2212.657715 0.000000 0.640976 0.000000 0.767561 0.337303 0.337303 0.337303
2213.115234 0.000000 2203.758789 0.000000 0.263688 0.000000 0.964608 0.301139 0.301139 0.301139
2225.219727 0.000000 2212.902588 0.000000 0.690157 0.000000 0.723660 0.338190 0.338190 0.338190
2230.973877 0.000000 2210.737061 0.000000 0.271088 0.000000 0.962555 0.309386 0.309386 0.309386
2227.869873 0.000000 2204.183838 0.000000 0.045948 0.000000 0.998944 0.301403 0.301403 0.301403
2234.833496 0.000000 2211.472900 0.000000 0.255908 0.000000 0.966701 0.305338 0.305338 0.305338
2207.786865 0.000000 2202.965088 0.000000 0.919034 0.000000 0.394178 0.369047 0.369047 0.369047
2227.587158 0.000000 2210.537598 0.000000 0.602292 0.000000 0.798276 0.329379 0.329379 0.329379
2240.173096 0.000000 2204.715332 0.000000 0.597941 0.000000 0.801540 0.192107 0.192107 0.192107
3556.916992 0.000000 1859.241211 0.000000 0.946659 0.000000 0.322236 0.310399 0.310399 0.310399
3559.001709 0.000000 1857.819458 0.000000 0.058108 0.000000 0.998310 0.301435 0.301435 0.301435
3522.331055 0.000000 1903.930176 0.000000 0.427985 0.000000 0.903786 0.243591 0.243591 0.243591
3543.405273 0.000000 1893.353516 0.000000 0.478367 0.000000 0.878160 0.273242 0.273242 0.273242
3542.003174 0.000000 1893.200684 0.000000 0.305651 0.000000 0.952144 0.266922 0.266922 0.266922
3715.273438 0.000000 2171.239502 0.000000 0.995372 0.000000 0.096099 0.291828 0.291828 0.291828
3716.396240 0.000000 2172.991943 0.000000 0.916653 0.000000 0.399684 0.320032 0.320032 0.320032
3717.906494 0.000000 2172.994873 0.000000 0.996405 0.000000 0.084712 0.333702 0.333702 0.333702
7991.430664 0.000000 409.267670 0.000000 0.155894 0.000000 0.987774 0.187819 0.187819 0.187819
7985.158691 0.000000 430.018982 0.000000 0.577893 0.000000 0.816113 0.193255 0.193255 0.193255
7980.877441 0.000000 429.177612 0.000000 0.714431 0.000000 0.699706 0.193131 0.193131 0.193131
7991.370605 0.000000 429.046051 0.000000 0.249171 0.000000 0.968460 0.224972 0.224972 0.224972
7990.224609 0.000000 410.569397 0.000000 0.998439 0.000000 0.055855 0.294127 0.294127 0.294127
7981.740723 0.000000 425.599792 0.000000 0.990175 0.000000 0.139835 0.280806 0.280806 0.280806
7991.988281 0.000000 411.013916 0.000000 0.484926 0.000000 0.874555 0.263960 0.263960 0.263960
7973.460449 0.000000 426.725861 0.000000 0.792292 0.000000 0.610142 0.265006 0.265006 0.265006
7991.635742 0.000000 427.674103 0.000000 0.005566 0.000000 0.999985 0.292378 0.292378 0.292378
7982.218262 0.000000 414.267090 0.000000 0.031905 0.000000 0.999491 0.293963 0.293963 0.293963
7981.841309 0.000000 403.714722 0.000000 0.326371 0.000000 0.945242 0.311272 0.311272 0.311272
7983.812988 0.000000 427.495117 0.000000 0.587019 0.000000 0.809573 0.337062 0.337062 0.337062
7984.071777 0.000000 419.150299 0.000000 0.928473 0.000000 0.371399 0.370931 0.370931 0.370931
7985.942383 0.000000 417.501587 0.000000 0.914361 0.000000 0.404900 0.368153 0.368153 0.368153
7989.735840 0.000000 411.771149 0.000000 0.783660 0.000000 0.621190 0.348796 0.348796 0.348796
7989.738770 0.000000 428.015778 0.000000 0.999750 0.000000 0.022357 0.363012 0.363012 0.363012
7989.912598 0.000000 418.169342 0.000000 0.394143 0.000000 0.919049 0.310950 0.310950 0.310950
7989.814941 0.000000 425.765747 0.000000 0.864036 0.000000 0.503429 0.359697 0.359697 0.359697
7991.306152 0.000000 417.214294 0.000000 0.897732 0.000000 0.440542 0.365149 0.365149 0.365149
7988.879395 0.000000 417.389099 0.000000 0.689912 0.000000 0.723893 0.338164 0.338164 0.338164
7987.659180 0.000000 419.506775 0.000000 0.033944 0.000000 0.999424 0.282594 0.282594 0.282594
7982.689453 0.000000 407.690186 0.000000 0.986548 0.000000 0.163469 0.387456 0.387456 0.387456
7987.048340 0.000000 422.080505 0.000000 0.290070 0.000000 0.957005 0.302483 0.302483 0.302483
7987.791016 0.000000 406.205933 0.000000 0.678728 0.000000 0.734390 0.336992 0.336992 0.336992
7983.924805 0.000000 403.709839 0.000000 0.833424 0.000000 0.552633 0.355270 0.355270 0.355270
7982.927246 0.000000 411.978424 0.000000 0.997400 0.000000 0.072060 0.394490 0.394490 0.394490
7984.035645 0.000000 410.286530 0.000000 0.860832 0.000000 0.508890 0.359213 0.359213 0.359213
7987.448730 0.000000 410.664307 0.000000 0.270578 0.000000 0.962698 0.300932 0.300932 0.300932
7986.041504 0.000000 409.044586 0.000000 0.203604 0.000000 0.979053 0.295664 0.295664 0.295664
7991.950684 0.000000 421.369049 0.000000 0.588144 0.000000 0.808756 0.328034 0.328034 0.328034
7987.404297 0.000000 404.913116 0.000000 0.551658 0.000000 0.834070 0.324641 0.324641 0.324641
7980.866699 0.000000 413.120056 0.000000 0.714892 0.000000 0.699235 0.340846 0.340846 0.340846
7989.597656 0.000000 421.061707 0.000000 0.757662 0.000000 0.652647 0.345678 0.345678 0.345678
7988.205566 0.000000 408.605774 0.000000 0.841387 0.000000 0.540433 0.357950 0.357950 0.357950
7986.361328 0.000000 423.183167 0.000000 0.921357 0.000000 0.388718 0.369500 0.369500 0.369500
7985.021973 0.000000 408.499023 0.000000 0.580364 0.000000 0.814357 0.327302 0.327302 0.327302
7976.704102 0.000000 412.536926 0.000000 0.995623 0.000000 0.093459 0.392850 0.392850 0.392850
7981.578613 0.000000 407.449036 0.000000 0.287339 0.000000 0.957829 0.302265 0.302265 0.302265
7985.188477 0.000000 423.097290 0.000000 0.732507 0.000000 0.680759 0.342796 0.342796 0.342796
7986.747070 0.000000 406.971344 0.000000 0.996381 0.000000 0.085000 0.393499 0.393499 0.393499
7987.445801 0.000000 426.335114 0.000000 0.672093 0.000000 0.740467 0.336305 0.336305 0.336305
7985.219727 0.000000 405.402466 0.000000 0.535939 0.000000 0.844257 0.323210 0.323210 0.323210
7985.593262 0.000000 412.085938 0.000000 0.795267 0.000000 0.606259 0.350241 0.350241 0.350241
7987.050781 0.000000 413.653870 0.000000 0.469448 0.000000 0.882960 0.317331 0.317331 0.317331
7988.712891 0.000000 412.295319 0.000000 0.191209 0.000000 0.981549 0.294698 0.294698 0.294698
7981.368652 0.000000 418.855011 0.000000 0.242101 0.000000 0.970251 0.309938 0.309938 0.309938
7976.736816 0.000000 423.181885 0.000000 0.076519 0.000000 0.997068 0.285851 0.285851 0.285851
7986.217285 0.000000 410.110077 0.000000 0.901906 0.000000 0.431933 0.365880 0.365880 0.365880
7981.605469 0.000000 416.606140 0.000000 0.500503 0.000000 0.865735 0.320044 0.320044 0.320044
7979.478516 0.000000 421.718536 0.000000 0.214230 0.000000 0.976783 0.296494 0.296494 0.296494
7982.713867 0.000000 427.101166 0.000000 0.742507 0.000000 0.669838 0.350039 0.350039 0.350039
7990.526367 0.000000 413.966827 0.000000 0.925434 0.000000 0.378910 0.370312 0.370312 0.370312
7983.867188 0.000000 411.477173 0.000000 0.782179 0.000000 0.623054 0.348614 0.348614 0.348614
7984.181152 0.000000 409.249176 0.000000 0.787539 0.000000 0.616264 0.349275 0.349275 0.349275
7989.057617 0.000000 408.008209 0.000000 0.351228 0.000000 0.936290 0.310745 0.310745 0.310745
7975.507324 0.000000 424.873230 0.000000 0.965316 0.000000 0.261084 0.379821 0.379821 0.379821
7974.106445 0.000000 425.962860 0.000000 0.593776 0.000000 0.804631 0.328567 0.328567 0.328567
7989.308105 0.000000 410.143433 0.000000 0.597389 0.000000 0.801952 0.328911 0.328911 0.328911
7988.455078 0.000000 423.029785 0.000000 0.899731 0.000000 0.436445 0.365497 0.365497 0.365497
7991.509766 0.000000 413.112854 0.000000 0.164288 0.000000 0.986412 0.292608 0.292608 0.292608
7986.337891 0.000000 415.234589 0.000000 0.355007 0.000000 0.934864 0.307725 0.307725 0.307725
7989.997070 0.000000 422.134247 0.000000 0.658910 0.000000 0.752222 0.334956 0.334956 0.334956
7979.641602 0.000000 414.008453 0.000000 0.962045 0.000000 0.272891 0.379851 0.379851 0.379851
7985.442383 0.000000 415.879242 0.000000 0.123050 0.000000 0.992400 0.289424 0.289424 0.289424
7986.195312 0.000000 414.226807 0.000000 0.971119 0.000000 0.238596 0.381595 0.381595 0.381595
7975.140137 0.000000 409.176392 0.000000 0.767958 0.000000 0.640500 0.347762 0.347762 0.347762
7974.465332 0.000000 406.349335 0.000000 0.033423 0.000000 0.999441 0.294836 0.294836 0.294836
7978.582031 0.000000 409.166962 0.000000 0.779032 0.000000 0.626984 0.348229 0.348229 0.348229
7991.007812 0.000000 422.447327 0.000000 0.746624 0.000000 0.665246 0.344398 0.344398 0.344398
7978.778809 0.000000 413.196014 0.000000 0.963397 0.000000 0.268078 0.379267 0.379267 0.379267
7976.083008 0.000000 407.440857 0.000000 0.444983 0.000000 0.895539 0.315784 0.315784 0.315784
7990.652344 0.000000 418.873383 0.000000 0.113453 0.000000 0.993543 0.288686 0.288686 0.288686
7984.653320 0.000000 403.044006 0.000000 0.112751 0.000000 0.993623 0.288632 0.288632 0.288632
7980.544922 0.000000 420.019836 0.000000 0.119040 0.000000 0.992889 0.289116 0.289116 0.289116
7985.086426 0.000000 417.044952 0.000000 0.906478 0.000000 0.422252 0.366698 0.366698 0.366698
7986.397461 0.000000 421.381165 0.000000 0.383135 0.000000 0.923692 0.310037 0.310037 0.310037
8030.899414 0.000000 448.252441 0.000000 0.113217 0.000000 0.993570 0.259638 0.259638 0.259638
8026.534668 0.000000 450.186096 0.000000 0.936867 0.000000 0.349687 0.296238 0.296238 0.296238
8019.869141 0.000000 446.710266 0.000000 0.980139 0.000000 0.198311 0.279204 0.279204 0.279204
8024.647461 0.000000 448.337830 0.000000 0.818687 0.000000 0.574240 0.353271 0.353271 0.353271
8028.400879 0.000000 446.848846 0.000000 0.977889 0.000000 0.209125 0.380401 0.380401 0.380401
8023.544434 0.000000 448.181763 0.000000 0.868506 0.000000 0.495679 0.362323 0.362323 0.362323
8026.086426 0.000000 446.153015 0.000000 0.930927 0.000000 0.365205 0.374800 0.374800 0.374800
8028.043457 0.000000 447.904480 0.000000 0.926360 0.000000 0.376640 0.369675 0.369675 0.369675
8028.838379 0.000000 448.790039 0.000000 0.956140 0.000000 0.292909 0.378626 0.378626 0.378626
8022.936523 0.000000 448.998413 0.000000 0.876900 0.000000 0.480673 0.363572 0.363572 0.363572
8056.579102 0.000000 501.037384 0.000000 0.639696 0.000000 0.768628 0.191902 0.191902 0.191902
8044.874023 0.000000 496.864227 0.000000 0.225590 0.000000 0.974222 0.203148 0.203148 0.203148
8028.442383 0.000000 451.892395 0.000000 0.705953 0.000000 0.708259 0.241500 0.241500 0.241500
8017.040527 0.000000 504.410492 0.000000 0.978481 0.000000 0.206338 0.263028 0.263028 0.263028
8047.143066 0.000000 477.552490 0.000000 0.242808 0.000000 0.970074 0.251030 0.251030 0.251030
8030.555664 0.000000 474.212463 0.000000 0.943482 0.000000 0.331425 0.274448 0.274448 0.274448
8032.356445 0.000000 464.241852 0.000000 0.190097 0.000000 0.981765 0.259458 0.259458 0.259458
8026.746094 0.000000 451.901978 0.000000 0.618658 0.000000 0.785660 0.278055 0.278055 0.278055
8011.621582 0.000000 497.798615 0.000000 0.408667 0.000000 0.912684 0.252755 0.252755 0.252755
8048.308105 0.000000 505.738770 0.000000 0.993254 0.000000 0.115961 0.374376 0.374376 0.374376
8043.041992 0.000000 471.953827 0.000000 0.746375 0.000000 0.665525 0.283896 0.283896 0.283896
8034.804199 0.000000 475.857208 0.000000 0.545496 0.000000 0.838113 0.296398 0.296398 0.296398
8053.066895 0.000000 505.077881 0.000000 0.655249 0.000000 0.755413 0.337121 0.337121 0.337121
8042.333984 0.000000 478.968628 0.000000 0.164465 0.000000 0.986383 0.292622 0.292622 0.292622
8055.150391 0.000000 499.957642 0.000000 0.918476 0.000000 0.395477 0.368939 0.368939 0.368939
8032.533691 0.000000 506.946014 0.000000 0.584232 0.000000 0.811587 0.327665 0.327665 0.327665
8031.464355 0.000000 503.510345 0.000000 0.266967 0.000000 0.963706 0.306814 0.306814 0.306814
8051.604980 0.000000 498.834412 0.000000 0.712082 0.000000 0.702096 0.340539 0.340539 0.340539
8050.104492 0.000000 496.588684 0.000000 0.342839 0.000000 0.939394 0.306733 0.306733 0.306733
8036.226562 0.000000 472.026917 0.000000 0.991492 0.000000 0.130171 0.390027 0.390027 0.390027
8039.001953 0.000000 502.194427 0.000000 0.295858 0.000000 0.955232 0.302945 0.302945 0.302945
8035.433105 0.000000 473.608521 0.000000 0.288394 0.000000 0.957512 0.308731 0.308731 0.308731
8041.750000 0.000000 505.022919 0.000000 0.986273 0.000000 0.165122 0.369458 0.369458 0.369458
8033.640625 0.000000 469.026917 0.000000 0.835428 0.000000 0.549600 0.355547 0.355547 0.355547
8041.059570 0.000000 475.192627 0.000000 0.153576 0.000000 0.988137 0.291779 0.291779 0.291779
8047.754395 0.000000 500.589111 0.000000 0.691542 0.000000 0.722336 0.338336 0.338336 0.338336
8009.139160 0.000000 496.598572 0.000000 0.948316 0.000000 0.317328 0.376783 0.376783 0.376783
8006.215332 0.000000 495.217896 0.000000 0.984222 0.000000 0.176939 0.377174 0.377174 0.377174
8036.921387 0.000000 470.366272 0.000000 0.040443 0.000000 0.999182 0.283091 0.283091 0.283091
8032.945312 0.000000 470.530426 0.000000 0.822145 0.000000 0.569278 0.353734 0.353734 0.353734
8031.818848 0.000000 507.859558 0.000000 0.335315 0.000000 0.942106 0.306122 0.306122 0.306122
8041.674316 0.000000 476.173584 0.000000 0.919724 0.000000 0.392567 0.369181 0.369181 0.369181
8055.149902 0.000000 501.972931 0.000000 0.610136 0.000000 0.792297 0.330589 0.330589 0.330589
8039.576660 0.000000 470.261444 0.000000 0.404896 0.000000 0.914363 0.311846 0.311846 0.311846
8053.240234 0.000000 494.117859 0.000000 0.632094 0.000000 0.774892 0.322326 0.322326 0.322326
8047.561523 0.000000 503.350616 0.000000 0.276784 0.000000 0.960932 0.301424 0.301424 0.301424
8030.679199 0.000000 505.840302 0.000000 0.538918 0.000000 0.842358 0.323480 0.323480 0.323480
8045.368652 0.000000 475.339386 0.000000 0.275163 0.000000 0.961398 0.301296 0.301296 0.301296
8037.259277 0.000000 474.343872 0.000000 0.914803 0.000000 0.403901 0.368237 0.368237 0.368237
8039.593750 0.000000 501.210907 0.000000 0.209059 0.000000 0.977903 0.300844 0.300844 0.300844
8046.998535 0.000000 479.978851 0.000000 0.411613 0.000000 0.911359 0.318033 0.318033 0.318033
8039.511230 0.000000 476.759766 0.000000 0.986780 0.000000 0.162065 0.387564 0.387564 0.387564
8030.741699 0.000000 507.643677 0.000000 0.365024 0.000000 0.930998 0.308545 0.308545 0.308545
8048.439941 0.000000 501.464325 0.000000 0.425562 0.000000 0.904929 0.313582 0.313582 0.313582
8041.291504 0.000000 502.438019 0.000000 0.268723 0.000000 0.963218 0.300784 0.300784 0.300784
8028.533691 0.000000 506.339386 0.000000 0.857611 0.000000 0.514300 0.358732 0.358732 0.358732
8052.822754 0.000000 499.292786 0.000000 0.358371 0.000000 0.933579 0.308000 0.308000 0.308000
8033.091309 0.000000 466.788910 0.000000 0.493235 0.000000 0.869896 0.319405 0.319405 0.319405
8036.557129 0.000000 502.633850 0.000000 0.229837 0.000000 0.973229 0.297717 0.297717 0.297717
8048.476562 0.000000 499.707947 0.000000 0.862686 0.000000 0.505739 0.359493 0.359493 0.359493
8040.028809 0.000000 471.316406 0.000000 0.825794 0.000000 0.563972 0.356021 0.356021 0.356021
8034.028320 0.000000 472.888611 0.000000 0.958197 0.000000 0.286109 0.379282 0.379282 0.379282
8039.352051 0.000000 474.557129 0.000000 0.978427 0.000000 0.206591 0.384103 0.384103 0.384103
8028.838379 0.000000 505.274414 0.000000 0.534556 0.000000 0.845133 0.326855 0.326855 0.326855
8032.888184 0.000000 502.880463 0.000000 0.358514 0.000000 0.933524 0.308012 0.308012 0.308012
8055.591309 0.000000 500.871460 0.000000 0.906897 0.000000 0.421352 0.366991 0.366991 0.366991
8037.773926 0.000000 473.304016 0.000000 0.148844 0.000000 0.988861 0.291413 0.291413 0.291413
8031.860840 0.000000 504.470703 0.000000 0.964781 0.000000 0.263054 0.379665 0.379665 0.379665
8053.727539 0.000000 498.439301 0.000000 0.781299 0.000000 0.624157 0.348506 0.348506 0.348506
8034.290039 0.000000 505.211700 0.000000 0.850438 0.000000 0.526076 0.357679 0.357679 0.357679
8043.196777 0.000000 475.166809 0.000000 0.927466 0.000000 0.373908 0.370724 0.370724 0.370724
8041.629883 0.000000 470.330048 0.000000 0.538347 0.000000 0.842723 0.326431 0.326431 0.326431
8035.887695 0.000000 469.795227 0.000000 0.991033 0.000000 0.133620 0.389762 0.389762 0.389762
8035.382324 0.000000 504.914490 0.000000 0.625356 0.000000 0.780339 0.331611 0.331611 0.331611
8044.544922 0.000000 476.504211 0.000000 0.002645 0.000000 0.999996 0.284509 0.284509 0.284509
8055.344727 0.000000 499.030243 0.000000 0.772409 0.000000 0.635125 0.347428 0.347428 0.347428
8042.110352 0.000000 500.636078 0.000000 0.666784 0.000000 0.745251 0.335759 0.335759 0.335759
8046.665527 0.000000 502.342194 0.000000 0.746445 0.000000 0.665447 0.344378 0.344378 0.344378
8028.825684 0.000000 507.923004 0.000000 0.783205 0.000000 0.621763 0.348740 0.348740 0.348740
8023.051758 0.000000 511.407166 0.000000 0.569319 0.000000 0.822116 0.229869 0.229869 0.229869
8032.870605 0.000000 515.604919 0.000000 0.975527 0.000000 0.219879 0.312290 0.312290 0.312290
8032.706543 0.000000 512.508606 0.000000 0.421387 0.000000 0.906881 0.253928 0.253928 0.253928
8026.746094 0.000000 508.386353 0.000000 0.889065 0.000000 0.457780 0.293275 0.293275 0.293275
8034.589355 0.000000 508.557495 0.000000 0.344354 0.000000 0.938840 0.251675 0.251675 0.251675
8025.591309 0.000000 526.341125 0.000000 0.259190 0.000000 0.965826 0.295331 0.295331 0.295331
8019.355469 0.000000 508.393097 0.000000 0.448306 0.000000 0.893880 0.306698 0.306698 0.306698
8058.349609 0.000000 514.634766 0.000000 0.199606 0.000000 0.979876 0.304001 0.304001 0.304001
8055.127441 0.000000 517.294617 0.000000 0.976414 0.000000 0.215908 0.345849 0.345849 0.345849
8031.390625 0.000000 512.301575 0.000000 0.326813 0.000000 0.945089 0.307597 0.307597 0.307597
8032.142090 0.000000 522.077332 0.000000 0.115018 0.000000 0.993363 0.288806 0.288806 0.288806
8029.126953 0.000000 513.566528 0.000000 0.232590 0.000000 0.972575 0.308226 0.308226 0.308226
8060.005859 0.000000 516.626465 0.000000 0.927619 0.000000 0.373528 0.374865 0.374865 0.374865
8020.239746 0.000000 509.511353 0.000000 0.090266 0.000000 0.995918 0.304646 0.304646 0.304646
8021.606445 0.000000 509.187012 0.000000 0.527225 0.000000 0.849726 0.334593 0.334593 0.334593
8027.909180 0.000000 525.855286 0.000000 0.047055 0.000000 0.998892 0.283596 0.283596 0.283596
8029.687012 0.000000 521.214417 0.000000 0.589853 0.000000 0.807511 0.313456 0.313456 0.313456
8032.610840 0.000000 510.142059 0.000000 0.645871 0.000000 0.763447 0.319333 0.319333 0.319333
8024.133789 0.000000 524.824646 0.000000 0.065866 0.000000 0.997828 0.285035 0.285035 0.285035
8053.175781 0.000000 515.984131 0.000000 0.243863 0.000000 0.969810 0.298820 0.298820 0.298820
8025.368652 0.000000 523.647339 0.000000 0.754272 0.000000 0.656562 0.345282 0.345282 0.345282
8022.499512 0.000000 524.663208 0.000000 0.222421 0.000000 0.974951 0.312087 0.312087 0.312087
8023.499023 0.000000 518.367737 0.000000 0.868965 0.000000 0.494874 0.361615 0.361615 0.361615
8031.077637 0.000000 522.653748 0.000000 0.038645 0.000000 0.999253 0.288308 0.288308 0.288308
8031.713379 0.000000 509.499725 0.000000 0.374618 0.000000 0.927179 0.309334 0.309334 0.309334
8061.047363 0.000000 516.796265 0.000000 0.987117 0.000000 0.159998 0.389449 0.389449 0.389449
8031.259766 0.000000 518.107300 0.000000 0.992860 0.000000 0.119285 0.392030 0.392030 0.392030
8054.925781 0.000000 514.396362 0.000000 0.187545 0.000000 0.982256 0.294413 0.294413 0.294413
8030.072754 0.000000 515.407471 0.000000 0.945405 0.000000 0.325899 0.378286 0.378286 0.378286
8030.879883 0.000000 523.704834 0.000000 0.705818 0.000000 0.708393 0.342612 0.342612 0.342612
8033.214844 0.000000 521.283752 0.000000 0.785618 0.000000 0.618712 0.349037 0.349037 0.349037
8029.677246 0.000000 526.949524 0.000000 0.851511 0.000000 0.524337 0.361418 0.361418 0.361418
8031.095703 0.000000 513.447083 0.000000 0.191119 0.000000 0.981567 0.297100 0.297100 0.297100
8060.446289 0.000000 517.940063 0.000000 0.359436 0.000000 0.933170 0.321003 0.321003 0.321003
8061.858887 0.000000 564.765198 0.000000 0.396210 0.000000 0.918160 0.311122 0.311122 0.311122
8058.833496 0.000000 516.941528 0.000000 0.930615 0.000000 0.365999 0.373994 0.373994 0.373994
8028.559570 0.000000 525.082397 0.000000 0.836684 0.000000 0.547686 0.356446 0.356446 0.356446
8022.024902 0.000000 519.648682 0.000000 0.062521 0.000000 0.998044 0.288168 0.288168 0.288168
8024.942383 0.000000 525.637024 0.000000 0.937956 0.000000 0.346754 0.372948 0.372948 0.372948
8026.977051 0.000000 528.905334 0.000000 0.857876 0.000000 0.513857 0.358772 0.358772 0.358772
8027.215332 0.000000 527.772339 0.000000 0.844306 0.000000 0.535862 0.356797 0.356797 0.356797
8126.112305 0.000000 552.278076 0.000000 0.855953 0.000000 0.517053 0.195591 0.195591 0.195591
8108.193359 0.000000 529.303894 0.000000 0.253667 0.000000 0.967292 0.208606 0.208606 0.208606
8115.409180 0.000000 533.845642 0.000000 0.993410 0.000000 0.114613 0.218128 0.218128 0.218128
8102.352539 0.000000 557.547913 0.000000 0.059528 0.000000 0.998227 0.218299 0.218299 0.218299
8100.845703 0.000000 554.339233 0.000000 0.561362 0.000000 0.827570 0.259119 0.259119 0.259119
8091.430664 0.000000 520.387085 0.000000 0.989428 0.000000 0.145025 0.280664 0.280664 0.280664
8098.170410 0.000000 536.716675 0.000000 0.959433 0.000000 0.281938 0.301705 0.301705 0.301705
8109.137695 0.000000 523.419495 0.000000 0.726806 0.000000 0.686843 0.284698 0.284698 0.284698
8090.746094 0.000000 508.386353 0.000000 0.468651 0.000000 0.883384 0.268954 0.268954 0.268954
8105.112793 0.000000 518.797180 0.000000 0.977987 0.000000 0.208664 0.316915 0.316915 0.316915
8105.330078 0.000000 549.521057 0.000000 0.755017 0.000000 0.655705 0.307300 0.307300 0.307300
8104.255371 0.000000 553.246094 0.000000 0.981742 0.000000 0.190218 0.315520 0.315520 0.315520
8104.332520 0.000000 546.562378 0.000000 0.290967 0.000000 0.956733 0.279059 0.279059 0.279059
8119.001953 0.000000 543.394043 0.000000 0.815654 0.000000 0.578539 0.284813 0.284813 0.284813
8102.914062 0.000000 551.141541 0.000000 0.660942 0.000000 0.750437 0.283295 0.283295 0.283295
8100.342773 0.000000 551.066589 0.000000 0.351618 0.000000 0.936143 0.317388 0.317388 0.317388
8120.508789 0.000000 549.802063 0.000000 0.563177 0.000000 0.826336 0.327368 0.327368 0.327368
8096.511719 0.000000 539.356628 0.000000 0.116510 0.000000 0.993190 0.281180 0.281180 0.281180
8093.621094 0.000000 545.506775 0.000000 0.755449 0.000000 0.655208 0.351306 0.351306 0.351306
8091.964355 0.000000 511.068909 0.000000 0.986651 0.000000 0.162852 0.387503 0.387503 0.387503
8095.658691 0.000000 543.893066 0.000000 0.899417 0.000000 0.437091 0.365442 0.365442 0.365442
8099.236328 0.000000 512.880554 0.000000 0.596435 0.000000 0.802661 0.309999 0.309999 0.309999
8103.969727 0.000000 516.284180 0.000000 0.364597 0.000000 0.931166 0.321314 0.321314 0.321314
8098.075684 0.000000 539.620667 0.000000 0.893640 0.000000 0.448785 0.354616 0.354616 0.354616
8094.751465 0.000000 547.950989 0.000000 0.685973 0.000000 0.727627 0.337750 0.337750 0.337750
8113.942383 0.000000 530.470337 0.000000 0.960414 0.000000 0.278576 0.381111 0.381111 0.381111
8089.027344 0.000000 513.558044 0.000000 0.918562 0.000000 0.395278 0.368956 0.368956 0.368956
8097.111816 0.000000 541.878967 0.000000 0.223623 0.000000 0.974676 0.297229 0.297229 0.297229
8086.916016 0.000000 514.605469 0.000000 0.238632 0.000000 0.971110 0.302761 0.302761 0.302761
8099.054199 0.000000 549.188660 0.000000 0.918730 0.000000 0.394887 0.368988 0.368988 0.368988
8089.454590 0.000000 517.468079 0.000000 0.973318 0.000000 0.229461 0.382313 0.382313 0.382313
8101.650391 0.000000 547.511780 0.000000 0.155971 0.000000 0.987762 0.291964 0.291964 0.291964
8102.659180 0.000000 549.857483 0.000000 0.478851 0.000000 0.877896 0.328312 0.328312 0.328312
8070.643066 0.000000 560.242065 0.000000 0.700813 0.000000 0.713345 0.328767 0.328767 0.328767
8104.788574 0.000000 523.245605 0.000000 0.181299 0.000000 0.983428 0.298418 0.298418 0.298418
8099.081543 0.000000 551.690186 0.000000 0.864017 0.000000 0.503463 0.359694 0.359694 0.359694
8101.009277 0.000000 514.421082 0.000000 0.924235 0.000000 0.381824 0.372516 0.372516 0.372516
8100.714355 0.000000 538.037598 0.000000 0.999933 0.000000 0.011584 0.352398 0.352398 0.352398
8076.118164 0.000000 564.833923 0.000000 0.946843 0.000000 0.321696 0.374979 0.374979 0.374979
8101.938965 0.000000 543.760681 0.000000 0.887032 0.000000 0.461708 0.361185 0.361185 0.361185
8113.295410 0.000000 532.120300 0.000000 0.813508 0.000000 0.581554 0.355841 0.355841 0.355841
8104.295898 0.000000 543.622070 0.000000 0.997725 0.000000 0.067418 0.395250 0.395250 0.395250
8097.033203 0.000000 514.476990 0.000000 0.606076 0.000000 0.795407 0.329742 0.329742 0.329742
8099.812500 0.000000 545.761475 0.000000 0.001187 0.000000 0.999999 0.280091 0.280091 0.280091
8121.517090 0.000000 545.262634 0.000000 0.898221 0.000000 0.439544 0.365234 0.365234 0.365234
8097.994629 0.000000 541.128906 0.000000 0.098438 0.000000 0.995143 0.287532 0.287532 0.287532
8075.246582 0.000000 563.087341 0.000000 0.740546 0.000000 0.672005 0.343704 0.343704 0.343704
8103.116211 0.000000 520.691040 0.000000 0.997568 0.000000 0.069697 0.394671 0.394671 0.394671
8064.926758 0.000000 563.871216 0.000000 0.285054 0.000000 0.958511 0.312003 0.312003 0.312003
8101.083496 0.000000 544.388794 0.000000 0.991057 0.000000 0.133442 0.389775 0.389775 0.389775
8117.956543 0.000000 546.894287 0.000000 0.600668 0.000000 0.799498 0.338707 0.338707 0.338707
8068.047852 0.000000 562.808044 0.000000 0.084763 0.000000 0.996401 0.286483 0.286483 0.286483
8099.462891 0.000000 514.981018 0.000000 0.154007 0.000000 0.988070 0.291812 0.291812 0.291812
8096.608887 0.000000 544.268982 0.000000 0.916207 0.000000 0.400705 0.368504 0.368504 0.368504
8101.458496 0.000000 549.531189 0.000000 0.999830 0.000000 0.018424 0.398680 0.398680 0.398680
8105.318848 0.000000 543.376099 0.000000 0.876165 0.000000 0.482011 0.364591 0.364591 0.364591
8087.303223 0.000000 516.718994 0.000000 0.965188 0.000000 0.261558 0.379783 0.379783 0.379783
8121.621094 0.000000 544.001404 0.000000 0.706729 0.000000 0.707484 0.339959 0.339959 0.339959
8074.321289 0.000000 562.639709 0.000000 0.554503 0.000000 0.832182 0.324902 0.324902 0.324902
8110.414551 0.000000 531.072388 0.000000 0.829087 0.000000 0.559120 0.354673 0.354673 0.354673
8094.477539 0.000000 548.898987 0.000000 0.896125 0.000000 0.443803 0.364871 0.364871 0.364871
8094.146484 0.000000 540.696838 0.000000 0.638281 0.000000 0.769803 0.332885 0.332885 0.332885
8103.163574 0.000000 518.618347 0.000000 0.997552 0.000000 0.069930 0.394653 0.394653 0.394653
8104.083008 0.000000 520.409607 0.000000 0.327355 0.000000 0.944901 0.305478 0.305478 0.305478
8098.693359 0.000000 516.421082 0.000000 0.999446 0.000000 0.033277 0.397457 0.397457 0.397457
8101.217285 0.000000 548.448914 0.000000 0.038017 0.000000 0.999277 0.290176 0.290176 0.290176
8095.766602 0.000000 540.142639 0.000000 0.091421 0.000000 0.995812 0.286994 0.286994 0.286994
8119.679688 0.000000 544.164917 0.000000 0.327974 0.000000 0.944687 0.306763 0.306763 0.306763
8096.805664 0.000000 513.504639 0.000000 0.924880 0.000000 0.380260 0.370200 0.370200 0.370200
8098.942871 0.000000 514.208252 0.000000 0.951014 0.000000 0.309147 0.375990 0.375990 0.375990
8098.677246 0.000000 517.544983 0.000000 0.828491 0.000000 0.560002 0.354592 0.354592 0.354592
8061.398438 0.000000 566.705566 0.000000 0.931571 0.000000 0.363560 0.376219 0.376219 0.376219
8061.491699 0.000000 567.784058 0.000000 0.567205 0.000000 0.823577 0.338153 0.338153 0.338153
8058.592285 0.000000 569.983398 0.000000 0.678872 0.000000 0.734256 0.338860 0.338860 0.338860
8059.808105 0.000000 568.381897 0.000000 0.715042 0.000000 0.699081 0.342602 0.342602 0.342602
8058.289062 0.000000 566.224731 0.000000 0.058938 0.000000 0.998262 0.284505 0.284505 0.284505
8056.579102 0.000000 670.490540 0.000000 0.536150 0.000000 0.844123 0.196492 0.196492 0.196492
8052.392090 0.000000 669.714844 0.000000 0.046362 0.000000 0.998925 0.197524 0.197524 0.197524
8053.008789 0.000000 665.549988 0.000000 0.396003 0.000000 0.918249 0.197488 0.197488 0.197488
8057.397461 0.000000 659.478455 0.000000 0.969539 0.000000 0.244936 0.214278 0.214278 0.214278
8056.393555 0.000000 666.454773 0.000000 0.078170 0.000000 0.996940 0.217090 0.217090 0.217090
8054.213379 0.000000 664.333435 0.000000 0.875623 0.000000 0.482995 0.275862 0.275862 0.275862
8062.039551 0.000000 661.788391 0.000000 0.994687 0.000000 0.102944 0.328596 0.328596 0.328596
8062.782227 0.000000 659.348206 0.000000 0.629429 0.000000 0.777058 0.308802 0.308802 0.308802
8054.159668 0.000000 671.974854 0.000000 0.547196 0.000000 0.837005 0.330423 0.330423 0.330423
8053.066895 0.000000 674.531006 0.000000 0.594261 0.000000 0.804272 0.281156 0.281156 0.281156
8058.231934 0.000000 664.731384 0.000000 0.181876 0.000000 0.983321 0.298449 0.298449 0.298449
8050.142090 0.000000 670.240540 0.000000 0.447132 0.000000 0.894468 0.325365 0.325365 0.325365
8060.028320 0.000000 660.111206 0.000000 0.171834 0.000000 0.985126 0.293193 0.293193 0.293193
8058.283691 0.000000 663.142944 0.000000 0.798169 0.000000 0.602434 0.350607 0.350607 0.350607
8061.773926 0.000000 659.757507 0.000000 0.346861 0.000000 0.937917 0.307061 0.307061 0.307061
8049.185059 0.000000 673.187317 0.000000 0.900396 0.000000 0.435071 0.369488 0.369488 0.369488
8050.547363 0.000000 674.645813 0.000000 0.995984 0.000000 0.089527 0.393151 0.393151 0.393151
8055.591309 0.000000 670.324585 0.000000 0.156462 0.000000 0.987684 0.300825 0.300825 0.300825
8051.836426 0.000000 675.062012 0.000000 0.625777 0.000000 0.780002 0.331652 0.331652 0.331652
8049.234863 0.000000 675.043335 0.000000 0.234213 0.000000 0.972185 0.298060 0.298060 0.298060
8053.564941 0.000000 673.718933 0.000000 0.869831 0.000000 0.493350 0.360585 0.360585 0.360585
8052.206055 0.000000 670.645508 0.000000 0.693424 0.000000 0.720530 0.338536 0.338536 0.338536
8087.427734 0.000000 613.839111 0.000000 0.692223 0.000000 0.721683 0.193458 0.193458 0.193458
8097.762695 0.000000 576.212280 0.000000 0.109381 0.000000 0.994000 0.206500 0.206500 0.206500
8089.195312 0.000000 610.419556 0.000000 0.817560 0.000000 0.575844 0.225562 0.225562 0.225562
8091.430664 0.000000 576.871460 0.000000 0.452000 0.000000 0.892018 0.229070 0.229070 0.229070
8102.249512 0.000000 618.535950 0.000000 0.219091 0.000000 0.975704 0.236877 0.236877 0.236877
8092.480469 0.000000 603.404663 0.000000 0.533418 0.000000 0.845852 0.242989 0.242989 0.242989
8064.976074 0.000000 565.364075 0.000000 0.381245 0.000000 0.924474 0.297591 0.297591 0.297591
8091.274902 0.000000 607.463684 0.000000 0.357442 0.000000 0.933935 0.313381 0.313381 0.313381
8096.099609 0.000000 601.663330 0.000000 0.250703 0.000000 0.968064 0.306990 0.306990 0.306990
8102.613281 0.000000 585.714539 0.000000 0.642655 0.000000 0.766156 0.326932 0.326932 0.326932
8089.273438 0.000000 585.772278 0.000000 0.928439 0.000000 0.371484 0.362312 0.362312 0.362312
8083.069824 0.000000 569.872131 0.000000 0.629691 0.000000 0.776846 0.292655 0.292655 0.292655
8066.358887 0.000000 572.490906 0.000000 0.641561 0.000000 0.767072 0.288275 0.288275 0.288275
8085.351074 0.000000 571.272888 0.000000 0.153842 0.000000 0.988095 0.296920 0.296920 0.296920
8119.001953 0.000000 599.878418 0.000000 0.512886 0.000000 0.858457 0.332996 0.332996 0.332996
8081.812988 0.000000 620.708679 0.000000 0.422215 0.000000 0.906496 0.278683 0.278683 0.278683
8080.411621 0.000000 569.238281 0.000000 0.689495 0.000000 0.724290 0.346884 0.346884 0.346884
8089.114746 0.000000 619.170227 0.000000 0.943649 0.000000 0.330948 0.306015 0.306015 0.306015
8116.189941 0.000000 598.917847 0.000000 0.782147 0.000000 0.623094 0.356503 0.356503 0.356503
8096.531738 0.000000 588.031372 0.000000 0.614816 0.000000 0.788670 0.282056 0.282056 0.282056
8101.055664 0.000000 578.286987 0.000000 0.980305 0.000000 0.197488 0.313132 0.313132 0.313132
8093.388672 0.000000 614.034790 0.000000 0.048939 0.000000 0.998802 0.300457 0.300457 0.300457
8098.075684 0.000000 596.105042 0.000000 0.862131 0.000000 0.506685 0.306556 0.306556 0.306556
8095.835449 0.000000 614.041321 0.000000 0.029320 0.000000 0.999570 0.280062 0.280062 0.280062
8094.751465 0.000000 604.435364 0.000000 0.953074 0.000000 0.302736 0.378731 0.378731 0.378731
8087.267578 0.000000 579.045776 0.000000 0.820217 0.000000 0.572052 0.353475 0.353475 0.353475
8084.947754 0.000000 579.473511 0.000000 0.988927 0.000000 0.148406 0.388621 0.388621 0.388621
8114.554199 0.000000 602.087769 0.000000 0.597409 0.000000 0.801937 0.328913 0.328913 0.328913
8087.642578 0.000000 572.262817 0.000000 0.989209 0.000000 0.146513 0.325748 0.325748 0.325748
8103.241699 0.000000 617.743042 0.000000 0.999752 0.000000 0.022259 0.394139 0.394139 0.394139
8090.048340 0.000000 611.370728 0.000000 0.440657 0.000000 0.897675 0.314861 0.314861 0.314861
8069.392090 0.000000 567.571045 0.000000 0.996335 0.000000 0.085538 0.393906 0.393906 0.393906
8108.297363 0.000000 596.896240 0.000000 0.240161 0.000000 0.970733 0.315440 0.315440 0.315440
8112.498535 0.000000 598.396362 0.000000 0.861602 0.000000 0.507585 0.359329 0.359329 0.359329
8117.738770 0.000000 597.468872 0.000000 0.376060 0.000000 0.926595 0.309453 0.309453 0.309453
8080.399902 0.000000 570.521301 0.000000 0.804242 0.000000 0.594302 0.357102 0.357102 0.357102
8066.810059 0.000000 571.284119 0.000000 0.631293 0.000000 0.775544 0.332194 0.332194 0.332194
8099.174316 0.000000 604.317200 0.000000 0.447109 0.000000 0.894480 0.315411 0.315411 0.315411
8091.975586 0.000000 611.889526 0.000000 0.709351 0.000000 0.704856 0.340243 0.340243 0.340243
8117.814941 0.000000 595.218872 0.000000 0.887372 0.000000 0.461054 0.363393 0.363393 0.363393
8100.226562 0.000000 584.995667 0.000000 0.004319 0.000000 0.999991 0.280330 0.280330 0.280330
8096.915527 0.000000 605.759216 0.000000 0.963155 0.000000 0.268948 0.379198 0.379198 0.379198
8101.444336 0.000000 608.275452 0.000000 0.791436 0.000000 0.611252 0.349760 0.349760 0.349760
8112.564941 0.000000 603.406799 0.000000 0.984833 0.000000 0.173503 0.386678 0.386678 0.386678
8098.155762 0.000000 584.396729 0.000000 0.693777 0.000000 0.720190 0.338573 0.338573 0.338573
8109.685059 0.000000 601.063416 0.000000 0.904710 0.000000 0.426028 0.366379 0.366379 0.366379
8090.950684 0.000000 609.702515 0.000000 0.395123 0.000000 0.918628 0.311032 0.311032 0.311032
8073.470215 0.000000 566.882874 0.000000 0.985379 0.000000 0.170374 0.386921 0.386921 0.386921
8097.316895 0.000000 610.405090 0.000000 0.020334 0.000000 0.999793 0.281553 0.281553 0.281553
8099.081543 0.000000 608.174561 0.000000 0.319759 0.000000 0.947499 0.304864 0.304864 0.304864
8074.391113 0.000000 570.396362 0.000000 0.531604 0.000000 0.846993 0.322819 0.322819 0.322819
8076.047363 0.000000 571.725586 0.000000 0.198809 0.000000 0.980038 0.311670 0.311670 0.311670
8101.367676 0.000000 617.716187 0.000000 0.060472 0.000000 0.998170 0.284623 0.284623 0.284623
8099.728027 0.000000 616.875183 0.000000 0.969526 0.000000 0.244989 0.381092 0.381092 0.381092
8077.854004 0.000000 577.211182 0.000000 0.409466 0.000000 0.912325 0.312228 0.312228 0.312228
8101.203613 0.000000 619.082153 0.000000 0.149680 0.000000 0.988734 0.291478 0.291478 0.291478
8119.606934 0.000000 593.735779 0.000000 0.762482 0.000000 0.647010 0.353974 0.353974 0.353974
8083.108887 0.000000 577.841064 0.000000 0.256435 0.000000 0.966561 0.299812 0.299812 0.299812
8101.938965 0.000000 600.245056 0.000000 0.869268 0.000000 0.494341 0.360498 0.360498 0.360498
8084.287598 0.000000 585.508545 0.000000 0.726130 0.000000 0.687557 0.347951 0.347951 0.347951
8113.034668 0.000000 596.041321 0.000000 0.937617 0.000000 0.347671 0.372873 0.372873 0.372873
8081.984375 0.000000 574.477356 0.000000 0.078416 0.000000 0.996921 0.285997 0.285997 0.285997
8108.969727 0.000000 608.662659 0.000000 0.965341 0.000000 0.260991 0.381147 0.381147 0.381147
8119.950684 0.000000 590.822144 0.000000 0.128812 0.000000 0.991669 0.292387 0.292387 0.292387
8110.466309 0.000000 607.222839 0.000000 0.092488 0.000000 0.995714 0.286995 0.286995 0.286995
8077.379395 0.000000 567.789978 0.000000 0.959673 0.000000 0.281118 0.380578 0.380578 0.380578
8105.663086 0.000000 608.437683 0.000000 0.909262 0.000000 0.416225 0.367205 0.367205 0.367205
8092.400879 0.000000 616.302002 0.000000 0.811226 0.000000 0.584733 0.344742 0.344742 0.344742
8103.327637 0.000000 598.688660 0.000000 0.590545 0.000000 0.807005 0.328261 0.328261 0.328261
8086.857910 0.000000 619.447266 0.000000 0.105385 0.000000 0.994432 0.288066 0.288066 0.288066
8098.307129 0.000000 614.627441 0.000000 0.770162 0.000000 0.637849 0.347158 0.347158 0.347158
8088.133789 0.000000 581.309021 0.000000 0.849950 0.000000 0.526863 0.357608 0.357608 0.357608
8092.483398 0.000000 607.779175 0.000000 0.344335 0.000000 0.938847 0.312943 0.312943 0.312943
8116.749023 0.000000 603.152771 0.000000 0.774099 0.000000 0.633065 0.352765 0.352765 0.352765
8103.639160 0.000000 586.253479 0.000000 0.435084 0.000000 0.900390 0.308726 0.308726 0.308726
8102.974609 0.000000 600.932556 0.000000 0.815797 0.000000 0.578338 0.354274 0.354274 0.354274
8090.963867 0.000000 617.676270 0.000000 0.081347 0.000000 0.996686 0.303236 0.303236 0.303236
8086.560059 0.000000 616.502441 0.000000 0.976639 0.000000 0.214886 0.383455 0.383455 0.383455
8103.874512 0.000000 611.943359 0.000000 0.416019 0.000000 0.909356 0.312778 0.312778 0.312778
8103.603027 0.000000 610.845581 0.000000 0.770327 0.000000 0.637649 0.347178 0.347178 0.347178
8084.728516 0.000000 577.542236 0.000000 0.630834 0.000000 0.775918 0.332149 0.332149 0.332149
8096.156250 0.000000 585.632507 0.000000 0.884170 0.000000 0.467164 0.368084 0.368084 0.368084
8113.625000 0.000000 598.267273 0.000000 0.346784 0.000000 0.937945 0.307054 0.307054 0.307054
8107.296875 0.000000 600.465027 0.000000 0.851336 0.000000 0.524620 0.357810 0.357810 0.357810
8089.368652 0.000000 580.131714 0.000000 0.211004 0.000000 0.977485 0.296242 0.296242 0.296242
8085.880859 0.000000 573.346191 0.000000 0.985240 0.000000 0.171177 0.386858 0.386858 0.386858
8118.006836 0.000000 601.355408 0.000000 0.747345 0.000000 0.664436 0.350469 0.350469 0.350469
8086.499512 0.000000 581.147583 0.000000 0.330449 0.000000 0.943824 0.305728 0.305728 0.305728
8111.634277 0.000000 604.726501 0.000000 0.916913 0.000000 0.399087 0.368638 0.368638 0.368638
8110.713867 0.000000 596.554260 0.000000 0.960738 0.000000 0.277459 0.378522 0.378522 0.378522
8091.654297 0.000000 615.432007 0.000000 0.583102 0.000000 0.812399 0.327559 0.327559 0.327559
8106.433594 0.000000 606.286194 0.000000 0.999866 0.000000 0.016401 0.398747 0.398747 0.398747
8078.162598 0.000000 579.588989 0.000000 0.503687 0.000000 0.863886 0.320326 0.320326 0.320326
8094.839844 0.000000 612.145264 0.000000 0.493021 0.000000 0.870017 0.327553 0.327553 0.327553
8114.162109 0.000000 597.343628 0.000000 0.995266 0.000000 0.097188 0.392564 0.392564 0.392564
8082.396973 0.000000 575.666870 0.000000 0.235595 0.000000 0.971851 0.298169 0.298169 0.298169
8101.083496 0.000000 600.873169 0.000000 0.799691 0.000000 0.600411 0.350801 0.350801 0.350801
8101.622070 0.000000 611.584656 0.000000 0.600794 0.000000 0.799404 0.329236 0.329236 0.329236
8064.250000 0.000000 571.946167 0.000000 0.985253 0.000000 0.171103 0.386864 0.386864 0.386864
8090.086426 0.000000 615.606140 0.000000 0.070878 0.000000 0.997485 0.285419 0.285419 0.285419
8095.778320 0.000000 604.106262 0.000000 0.657190 0.000000 0.753725 0.340962 0.340962 0.340962
8074.836426 0.000000 569.453369 0.000000 0.755273 0.000000 0.655410 0.345399 0.345399 0.345399
8100.104492 0.000000 600.088501 0.000000 0.993050 0.000000 0.117692 0.390988 0.390988 0.390988
8092.533691 0.000000 619.308167 0.000000 0.555890 0.000000 0.831256 0.335564 0.335564 0.335564
8106.775879 0.000000 608.963928 0.000000 0.970985 0.000000 0.239140 0.381552 0.381552 0.381552
8109.612305 0.000000 597.827026 0.000000 0.160693 0.000000 0.987004 0.310275 0.310275 0.310275
8100.557129 0.000000 615.602600 0.000000 0.874817 0.000000 0.484453 0.361364 0.361364 0.361364
8098.028320 0.000000 585.857361 0.000000 0.893482 0.000000 0.449099 0.364419 0.364419 0.364419
8115.066895 0.000000 601.177185 0.000000 0.126499 0.000000 0.991967 0.289690 0.289690 0.289690
8072.580078 0.000000 574.829285 0.000000 0.214230 0.000000 0.976783 0.296494 0.296494 0.296494
8090.932617 0.000000 611.892334 0.000000 0.866021 0.000000 0.500008 0.359999 0.359999 0.359999
8100.157715 0.000000 611.707275 0.000000 0.909378 0.000000 0.415971 0.367226 0.367226 0.367226
8092.838379 0.000000 618.243164 0.000000 0.897907 0.000000 0.440185 0.370072 0.370072 0.370072
8068.662109 0.000000 568.258545 0.000000 0.707782 0.000000 0.706431 0.342227 0.342227 0.342227
8076.431641 0.000000 574.476807 0.000000 0.542668 0.000000 0.839947 0.323821 0.323821 0.323821
8083.829102 0.000000 570.520203 0.000000 0.939460 0.000000 0.342658 0.373281 0.373281 0.373281
8101.557617 0.000000 582.054626 0.000000 0.077476 0.000000 0.996994 0.285925 0.285925 0.285925
8099.929199 0.000000 588.782349 0.000000 0.011965 0.000000 0.999928 0.280914 0.280914 0.280914
8075.115234 0.000000 567.705933 0.000000 0.913432 0.000000 0.406991 0.367979 0.367979 0.367979
8110.635742 0.000000 604.901184 0.000000 0.925449 0.000000 0.378872 0.370315 0.370315 0.370315
8116.455078 0.000000 592.482910 0.000000 0.446160 0.000000 0.894953 0.315330 0.315330 0.315330
8074.650879 0.000000 575.120483 0.000000 0.011981 0.000000 0.999928 0.280915 0.280915 0.280915
8079.711426 0.000000 574.700623 0.000000 0.999070 0.000000 0.043124 0.396705 0.396705 0.396705
8072.674316 0.000000 564.952698 0.000000 0.320623 0.000000 0.947207 0.306487 0.306487 0.306487
8072.497559 0.000000 566.078430 0.000000 0.999528 0.000000 0.030723 0.397653 0.397653 0.397653
8098.604004 0.000000 587.788513 0.000000 0.695626 0.000000 0.718404 0.338770 0.338770 0.338770
8081.484863 0.000000 581.499390 0.000000 0.998767 0.000000 0.049651 0.396205 0.396205 0.396205
8071.321777 0.000000 566.274231 0.000000 0.413892 0.000000 0.910326 0.320026 0.320026 0.320026
8077.466797 0.000000 565.836609 0.000000 0.775424 0.000000 0.631441 0.347791 0.347791 0.347791
8097.564453 0.000000 609.398865 0.000000 0.312026 0.000000 0.950073 0.310813 0.310813 0.310813
8100.942871 0.000000 613.370667 0.000000 0.720227 0.000000 0.693738 0.341431 0.341431 0.341431
8106.238770 0.000000 600.813354 0.000000 0.444903 0.000000 0.895579 0.315223 0.315223 0.315223
8084.694824 0.000000 581.105835 0.000000 0.119098 0.000000 0.992883 0.296729 0.296729 0.296729
8088.346191 0.000000 580.347229 0.000000 0.642459 0.000000 0.766320 0.333301 0.333301 0.333301
8117.153809 0.000000 594.467285 0.000000 0.733328 0.000000 0.679875 0.342888 0.342888 0.342888
8071.632812 0.000000 567.962036 0.000000 0.144114 0.000000 0.989561 0.300305 0.300305 0.300305
8081.590820 0.000000 576.732788 0.000000 0.909375 0.000000 0.415978 0.367225 0.367225 0.367225
8085.576172 0.000000 581.628357 0.000000 0.592200 0.000000 0.805791 0.333330 0.333330 0.333330
8082.430664 0.000000 619.977173 0.000000 0.961937 0.000000 0.273270 0.378993 0.378993 0.378993
8108.064941 0.000000 609.316589 0.000000 0.949906 0.000000 0.312537 0.377304 0.377304 0.377304
8068.483398 0.000000 571.809387 0.000000 0.042963 0.000000 0.999077 0.283283 0.283283 0.283283
8113.139648 0.000000 600.529846 0.000000 0.996438 0.000000 0.084334 0.393550 0.393550 0.393550
8116.092285 0.000000 596.578979 0.000000 0.897703 0.000000 0.440602 0.365144 0.365144 0.365144
8098.829590 0.000000 583.715576 0.000000 0.811646 0.000000 0.584150 0.352343 0.352343 0.352343
8108.776367 0.000000 604.147827 0.000000 0.551829 0.000000 0.833957 0.324657 0.324657 0.324657
8082.540527 0.000000 573.628906 0.000000 0.973227 0.000000 0.229847 0.382283 0.382283 0.382283
8083.322266 0.000000 575.965576 0.000000 0.297878 0.000000 0.954604 0.303107 0.303107 0.303107
8115.516602 0.000000 597.761658 0.000000 0.134419 0.000000 0.990925 0.290300 0.290300 0.290300
8100.599609 0.000000 609.700195 0.000000 0.997403 0.000000 0.072018 0.394493 0.394493 0.394493
8099.053223 0.000000 580.170593 0.000000 0.011072 0.000000 0.999939 0.283572 0.283572 0.283572
8081.425293 0.000000 578.987122 0.000000 0.234461 0.000000 0.972126 0.298080 0.298080 0.298080
8104.986816 0.000000 609.136780 0.000000 0.784894 0.000000 0.619630 0.348948 0.348948 0.348948
8086.024902 0.000000 576.133057 0.000000 0.276956 0.000000 0.960882 0.301438 0.301438 0.301438
8104.903320 0.000000 601.721985 0.000000 0.766020 0.000000 0.642817 0.346664 0.346664 0.346664
8074.141602 0.000000 567.575562 0.000000 0.063864 0.000000 0.997959 0.284882 0.284882 0.284882
8084.263184 0.000000 621.018860 0.000000 0.551413 0.000000 0.834233 0.324619 0.324619 0.324619
8088.985840 0.000000 578.538818 0.000000 0.745917 0.000000 0.666039 0.344317 0.344317 0.344317
8095.670410 0.000000 611.782837 0.000000 0.109194 0.000000 0.994021 0.288358 0.288358 0.288358
8099.366211 0.000000 589.551880 0.000000 0.583571 0.000000 0.812062 0.327603 0.327603 0.327603
8149.035156 0.000000 605.560852 0.000000 0.380911 0.000000 0.924612 0.191751 0.191751 0.191751
8135.353027 0.000000 577.545044 0.000000 0.998837 0.000000 0.048213 0.307624 0.307624 0.307624
8156.480469 0.000000 603.404663 0.000000 0.989178 0.000000 0.146722 0.337497 0.337497 0.337497
8148.698242 0.000000 570.027771 0.000000 0.794315 0.000000 0.607506 0.262279 0.262279 0.262279
8161.783691 0.000000 608.407898 0.000000 0.367848 0.000000 0.929886 0.302296 0.302296 0.302296
8144.534668 0.000000 578.671509 0.000000 0.776932 0.000000 0.629585 0.333060 0.333060 0.333060
8150.808594 0.000000 607.862732 0.000000 0.395152 0.000000 0.918616 0.266343 0.266343 0.266343
8149.588379 0.000000 583.388428 0.000000 0.679902 0.000000 0.733303 0.331211 0.331211 0.331211
8148.915039 0.000000 572.565674 0.000000 0.323866 0.000000 0.946103 0.281818 0.281818 0.281818
8153.036621 0.000000 609.079102 0.000000 0.974190 0.000000 0.225727 0.382606 0.382606 0.382606
8159.716309 0.000000 606.615906 0.000000 0.974755 0.000000 0.223275 0.364090 0.364090 0.364090
8147.023926 0.000000 579.098206 0.000000 0.977976 0.000000 0.208719 0.377328 0.377328 0.377328
8154.950684 0.000000 609.702515 0.000000 0.340986 0.000000 0.940068 0.306583 0.306583 0.306583
8160.504395 0.000000 608.191040 0.000000 0.968900 0.000000 0.247452 0.349423 0.349423 0.349423
8147.455566 0.000000 583.944519 0.000000 0.829931 0.000000 0.557866 0.358483 0.358483 0.358483
8139.736328 0.000000 578.386658 0.000000 0.908030 0.000000 0.418905 0.372159 0.372159 0.372159
8146.167969 0.000000 583.111755 0.000000 0.935421 0.000000 0.353535 0.374650 0.374650 0.374650
8155.600098 0.000000 605.964600 0.000000 0.969146 0.000000 0.246487 0.383150 0.383150 0.383150
8157.473145 0.000000 607.019592 0.000000 0.991336 0.000000 0.131350 0.389937 0.389937 0.389937
8153.893555 0.000000 609.638489 0.000000 0.961981 0.000000 0.273118 0.378867 0.378867 0.378867
8154.208496 0.000000 607.113525 0.000000 0.954951 0.000000 0.296762 0.376982 0.376982 0.376982
8145.484863 0.000000 581.499390 0.000000 0.897368 0.000000 0.441283 0.366113 0.366113 0.366113
8146.842285 0.000000 580.218689 0.000000 0.944977 0.000000 0.327136 0.375289 0.375289 0.375289
8153.449707 0.000000 608.133911 0.000000 0.165522 0.000000 0.986206 0.292703 0.292703 0.292703
8074.422852 0.000000 645.075684 0.000000 0.709042 0.000000 0.705166 0.200824 0.200824 0.200824
8099.895020 0.000000 633.841736 0.000000 0.969199 0.000000 0.246280 0.234541 0.234541 0.234541
8067.661133 0.000000 642.401672 0.000000 0.565950 0.000000 0.824440 0.227118 0.227118 0.227118
8096.125000 0.000000 630.470154 0.000000 0.959213 0.000000 0.282685 0.273737 0.273737 0.273737
8080.782227 0.000000 623.037109 0.000000 0.971331 0.000000 0.237733 0.261233 0.261233 0.261233
8098.940430 0.000000 631.414490 0.000000 0.976412 0.000000 0.215916 0.332314 0.332314 0.332314
8064.011719 0.000000 646.181213 0.000000 0.056409 0.000000 0.998408 0.279625 0.279625 0.279625
8065.273926 0.000000 648.847900 0.000000 0.780944 0.000000 0.624601 0.318669 0.318669 0.318669
8073.120117 0.000000 645.603088 0.000000 0.566787 0.000000 0.823864 0.334102 0.334102 0.334102
8065.633789 0.000000 647.058716 0.000000 0.964154 0.000000 0.265345 0.336252 0.336252 0.336252
8072.640625 0.000000 644.427856 0.000000 0.162836 0.000000 0.986653 0.307268 0.307268 0.307268
8099.340820 0.000000 622.583252 0.000000 0.655012 0.000000 0.755619 0.334561 0.334561 0.334561
8070.064453 0.000000 645.503052 0.000000 0.867698 0.000000 0.497093 0.360256 0.360256 0.360256
8096.610840 0.000000 623.110779 0.000000 0.154876 0.000000 0.987934 0.289500 0.289500 0.289500
8099.462891 0.000000 627.949768 0.000000 0.969571 0.000000 0.244811 0.381106 0.381106 0.381106
8070.690918 0.000000 644.719727 0.000000 0.821146 0.000000 0.570718 0.353600 0.353600 0.353600
8066.295898 0.000000 646.302185 0.000000 0.797750 0.000000 0.602988 0.350554 0.350554 0.350554
8098.693359 0.000000 629.389832 0.000000 0.912777 0.000000 0.408458 0.370167 0.370167 0.370167
8068.174805 0.000000 645.973877 0.000000 0.219150 0.000000 0.975691 0.296879 0.296879 0.296879
6462.830566 0.000000 1402.860107 0.000000 0.337563 0.000000 0.941303 0.203806 0.203806 0.203806
6472.569824 0.000000 1411.562012 0.000000 0.917513 0.000000 0.397707 0.321099 0.321099 0.321099
6464.036621 0.000000 1402.220215 0.000000 0.736373 0.000000 0.676575 0.282512 0.282512 0.282512
6473.653320 0.000000 1412.004761 0.000000 0.116542 0.000000 0.993186 0.298361 0.298361 0.298361
6471.513672 0.000000 1409.211792 0.000000 0.881387 0.000000 0.472396 0.365976 0.365976 0.365976
6471.689453 0.000000 1411.037231 0.000000 0.648589 0.000000 0.761138 0.333914 0.333914 0.333914
6463.877441 0.000000 1415.229370 0.000000 0.752349 0.000000 0.658765 0.349322 0.349322 0.349322
6475.020996 0.000000 1423.351685 0.000000 0.078472 0.000000 0.996916 0.244305 0.244305 0.244305
6471.773438 0.000000 1412.656372 0.000000 0.999444 0.000000 0.033346 0.262576 0.262576 0.262576
6464.942871 0.000000 1415.258789 0.000000 0.560985 0.000000 0.827826 0.294843 0.294843 0.294843
6469.442383 0.000000 1419.049438 0.000000 0.064772 0.000000 0.997900 0.250757 0.250757 0.250757
6465.465820 0.000000 1416.668823 0.000000 0.580475 0.000000 0.814278 0.335626 0.335626 0.335626
6473.356934 0.000000 1419.722778 0.000000 0.992422 0.000000 0.122874 0.390589 0.390589 0.390589
6464.978516 0.000000 1417.635254 0.000000 0.048957 0.000000 0.998801 0.297039 0.297039 0.297039
6472.674316 0.000000 1412.218384 0.000000 0.796775 0.000000 0.604276 0.354643 0.354643 0.354643
6472.497559 0.000000 1413.344116 0.000000 0.030964 0.000000 0.999520 0.292361 0.292361 0.292361
4556.277832 0.000000 2540.568848 0.000000 0.226952 0.000000 0.973906 0.228505 0.228505 0.228505
4559.977051 0.000000 2534.379639 0.000000 0.999380 0.000000 0.035196 0.263647 0.263647 0.263647
4554.837402 0.000000 2536.920654 0.000000 0.808804 0.000000 0.588078 0.277928 0.277928 0.277928
4557.262207 0.000000 2535.262939 0.000000 0.992717 0.000000 0.120468 0.390955 0.390955 0.390955
4557.927734 0.000000 2537.904785 0.000000 0.377862 0.000000 0.925862 0.309602 0.309602 0.309602
4501.939941 0.000000 2567.130371 0.000000 0.996244 0.000000 0.086596 0.240524 0.240524 0.240524
4480.668457 0.000000 2559.567383 0.000000 0.421831 0.000000 0.906674 0.231813 0.231813 0.231813
4554.945312 0.000000 2541.943115 0.000000 0.615381 0.000000 0.788230 0.289496 0.289496 0.289496
4546.917480 0.000000 2575.226318 0.000000 0.870179 0.000000 0.492735 0.277485 0.277485 0.277485
4438.797363 0.000000 2599.255859 0.000000 0.999524 0.000000 0.030841 0.199773 0.199773 0.199773
4443.828125 0.000000 2602.320312 0.000000 0.969872 0.000000 0.243613 0.248399 0.248399 0.248399
4438.294922 0.000000 2605.754395 0.000000 0.958788 0.000000 0.284122 0.269535 0.269535 0.269535
4437.555664 0.000000 2614.047119 0.000000 0.235075 0.000000 0.971977 0.260221 0.260221 0.260221
4441.027344 0.000000 2603.479980 0.000000 0.948477 0.000000 0.316845 0.375370 0.375370 0.375370
4435.921875 0.000000 2848.544189 0.000000 0.687849 0.000000 0.725854 0.194626 0.194626 0.194626
7098.815430 0.000000 2888.272217 0.000000 0.154780 0.000000 0.987949 0.198022 0.198022 0.198022
7079.443848 0.000000 2891.992432 0.000000 0.983875 0.000000 0.178858 0.205352 0.205352 0.205352
7099.596680 0.000000 2897.229492 0.000000 0.955313 0.000000 0.295597 0.248387 0.248387 0.248387
7094.375000 0.000000 2912.252930 0.000000 0.621593 0.000000 0.783340 0.212686 0.212686 0.212686
7103.211914 0.000000 2891.534912 0.000000 0.753662 0.000000 0.657262 0.240111 0.240111 0.240111
7081.112793 0.000000 2891.140869 0.000000 0.642527 0.000000 0.766263 0.305556 0.305556 0.305556
7079.927246 0.000000 2893.877197 0.000000 0.508536 0.000000 0.861041 0.271219 0.271219 0.271219
7095.627441 0.000000 2911.330566 0.000000 0.904881 0.000000 0.425665 0.309139 0.309139 0.309139
7088.418945 0.000000 2906.979736 0.000000 0.569498 0.000000 0.821992 0.315242 0.315242 0.315242
7085.479492 0.000000 2905.242676 0.000000 0.673147 0.000000 0.739509 0.306522 0.306522 0.306522
7101.779785 0.000000 2891.482178 0.000000 0.438826 0.000000 0.898572 0.310316 0.310316 0.310316
7085.841309 0.000000 2889.027344 0.000000 0.880193 0.000000 0.474616 0.322213 0.322213 0.322213
7100.908691 0.000000 2895.638916 0.000000 0.271059 0.000000 0.962563 0.300970 0.300970 0.300970
7093.814941 0.000000 2911.078125 0.000000 0.143930 0.000000 0.989588 0.307058 0.307058 0.307058
7085.161133 0.000000 2891.421143 0.000000 0.879651 0.000000 0.475620 0.362134 0.362134 0.362134
7085.988281 0.000000 2890.550293 0.000000 0.435840 0.000000 0.900024 0.314452 0.314452 0.314452
7102.685059 0.000000 2894.361084 0.000000 0.955693 0.000000 0.294366 0.336901 0.336901 0.336901
7109.178223 0.000000 2906.073242 0.000000 0.987939 0.000000 0.154846 0.216516 0.216516 0.216516
7104.974121 0.000000 2893.410889 0.000000 0.682572 0.000000 0.730818 0.225106 0.225106 0.225106
7107.273438 0.000000 2905.536377 0.000000 0.022355 0.000000 0.999750 0.252107 0.252107 0.252107
7113.808594 0.000000 2903.061279 0.000000 0.362733 0.000000 0.931893 0.261443 0.261443 0.261443
7108.866211 0.000000 2904.661621 0.000000 0.316531 0.000000 0.948582 0.306563 0.306563 0.306563
7111.500000 0.000000 2903.425293 0.000000 0.973792 0.000000 0.227440 0.383560 0.383560 0.383560
7109.828613 0.000000 2902.459473 0.000000 0.911550 0.000000 0.411190 0.367733 0.367733 0.367733
7110.690918 0.000000 2904.094727 0.000000 0.999178 0.000000 0.040536 0.397297 0.397297 0.397297
7108.935547 0.000000 2903.690186 0.000000 0.365887 0.000000 0.930659 0.308915 0.308915 0.308915
"}
object={
	name="cypress_dense_generator_2_1"
	clamp_to_water_level=no
	render_under_water=no
	generated_content=yes
	layer="semidynamic_medium"
	pdxmesh="tree_cypress_002_mesh"
	count=2017
	transform="2343.675293 0.000000 1636.336426 0.000000 0.017581 0.000000 -0.999845 0.211633 0.211633 0.211633
2340.193115 0.000000 1589.021484 0.000000 0.263292 0.000000 -0.964716 0.248952 0.248952 0.248952
2335.881836 0.000000 1584.211914 0.000000 0.768361 0.000000 -0.640016 0.266832 0.266832 0.266832
2347.536621 0.000000 1595.125610 0.000000 0.881884 0.000000 -0.471467 0.287792 0.287792 0.287792
2335.953369 0.000000 1587.237671 0.000000 0.276770 0.000000 -0.960936 0.292962 0.292962 0.292962
2342.151855 0.000000 1621.886353 0.000000 0.338183 0.000000 -0.941080 0.284368 0.284368 0.284368
2340.762207 0.000000 1603.067627 0.000000 0.963053 0.000000 -0.269310 0.294352 0.294352 0.294352
2355.450439 0.000000 1634.401733 0.000000 0.433702 0.000000 -0.901056 0.271035 0.271035 0.271035
2340.916992 0.000000 1633.303711 0.000000 0.537446 0.000000 -0.843298 0.282482 0.282482 0.282482
2343.815674 0.000000 1591.116211 0.000000 0.629619 0.000000 -0.776904 0.315497 0.315497 0.315497
2344.266113 0.000000 1610.325928 0.000000 0.960716 0.000000 -0.277535 0.388237 0.388237 0.388237
2343.754639 0.000000 1607.470947 0.000000 0.463535 0.000000 -0.886078 0.410131 0.410131 0.410131
2343.991211 0.000000 1614.454102 0.000000 0.325944 0.000000 -0.945389 0.398498 0.398498 0.398498
2363.111816 0.000000 1622.685547 0.000000 0.890758 0.000000 -0.454478 0.326357 0.326357 0.326357
2341.564209 0.000000 1626.216187 0.000000 0.945910 0.000000 -0.324428 0.384635 0.384635 0.384635
2339.260010 0.000000 1584.126953 0.000000 0.968922 0.000000 -0.247365 0.365882 0.365882 0.365882
2356.032959 0.000000 1637.325928 0.000000 0.430623 0.000000 -0.902532 0.341160 0.341160 0.341160
2338.804443 0.000000 1605.544678 0.000000 0.998371 0.000000 -0.057062 0.402490 0.402490 0.402490
2342.447266 0.000000 1608.053223 0.000000 0.985180 0.000000 -0.171521 0.411189 0.411189 0.411189
2357.852051 0.000000 1635.828857 0.000000 0.998493 0.000000 -0.054883 0.404195 0.404195 0.404195
2339.236572 0.000000 1586.083618 0.000000 0.853738 0.000000 -0.520704 0.441839 0.441839 0.441839
2342.615479 0.000000 1626.939575 0.000000 0.757721 0.000000 -0.652579 0.454315 0.454315 0.454315
2341.444336 0.000000 1624.994263 0.000000 0.318341 0.000000 -0.947976 0.495250 0.495250 0.495250
2347.135742 0.000000 1613.185547 0.000000 0.319097 0.000000 -0.947722 0.392564 0.392564 0.392564
2339.728271 0.000000 1633.593872 0.000000 0.575921 0.000000 -0.817505 0.467619 0.467619 0.467619
2359.320801 0.000000 1635.308105 0.000000 0.930296 0.000000 -0.366809 0.428692 0.428692 0.428692
2362.232178 0.000000 1624.965698 0.000000 0.636265 0.000000 -0.771471 0.429339 0.429339 0.429339
2337.032959 0.000000 1587.680176 0.000000 0.825117 0.000000 -0.564962 0.445866 0.445866 0.445866
2361.721436 0.000000 1635.682739 0.000000 0.736687 0.000000 -0.676234 0.451727 0.451727 0.451727
2343.603027 0.000000 1627.564331 0.000000 0.238930 0.000000 -0.971037 0.501569 0.501569 0.501569
2345.275879 0.000000 1612.664185 0.000000 0.204401 0.000000 -0.978887 0.504274 0.504274 0.504274
2345.787598 0.000000 1621.352783 0.000000 0.589722 0.000000 -0.807606 0.471817 0.471817 0.471817
2341.345215 0.000000 1606.313721 0.000000 0.328573 0.000000 -0.944479 0.494424 0.494424 0.494424
2346.433350 0.000000 1623.004883 0.000000 0.924609 0.000000 -0.380919 0.429854 0.429854 0.429854
2344.327881 0.000000 1622.309204 0.000000 0.860852 0.000000 -0.508855 0.440250 0.440250 0.440250
2346.775635 0.000000 1625.682739 0.000000 0.297778 0.000000 -0.954635 0.492468 0.492468 0.492468
2338.901367 0.000000 1632.966309 0.000000 0.846921 0.000000 -0.531719 0.439610 0.439610 0.439610
2343.507568 0.000000 1611.045044 0.000000 0.988632 0.000000 -0.150355 0.410889 0.410889 0.410889
2345.319092 0.000000 1616.579224 0.000000 0.179328 0.000000 -0.983789 0.502407 0.502407 0.502407
2342.106445 0.000000 1612.134766 0.000000 0.388714 0.000000 -0.921358 0.489501 0.489501 0.489501
2359.591064 0.000000 1630.558960 0.000000 0.643918 0.000000 -0.765095 0.466554 0.466554 0.466554
2347.986328 0.000000 1618.430908 0.000000 0.393706 0.000000 -0.919236 0.477150 0.477150 0.477150
2347.801758 0.000000 1615.222046 0.000000 0.905406 0.000000 -0.424546 0.429117 0.429117 0.429117
2344.083252 0.000000 1595.739502 0.000000 0.828682 0.000000 -0.559719 0.445382 0.445382 0.445382
2359.944824 0.000000 1636.207031 0.000000 0.683788 0.000000 -0.729681 0.456967 0.456967 0.456967
2338.290283 0.000000 1634.899170 0.000000 0.895946 0.000000 -0.444163 0.435160 0.435160 0.435160
2344.114258 0.000000 1592.089600 0.000000 0.615183 0.000000 -0.788384 0.469380 0.469380 0.469380
2359.210693 0.000000 1633.923828 0.000000 0.622906 0.000000 -0.782297 0.468628 0.468628 0.468628
2344.083252 0.000000 1593.612671 0.000000 0.973424 0.000000 -0.229012 0.417652 0.417652 0.417652
2344.903076 0.000000 1618.440796 0.000000 0.726504 0.000000 -0.687162 0.457875 0.457875 0.457875
2357.564941 0.000000 1633.953247 0.000000 0.475636 0.000000 -0.879642 0.482132 0.482132 0.482132
2347.347656 0.000000 1622.678101 0.000000 0.999821 0.000000 -0.018931 0.401446 0.401446 0.401446
2343.598145 0.000000 1625.109375 0.000000 0.999768 0.000000 -0.021551 0.401646 0.401646 0.401646
2368.073242 0.000000 1620.124023 0.000000 0.097189 0.000000 -0.995266 0.216148 0.216148 0.216148
2375.561523 0.000000 1632.536377 0.000000 0.049633 0.000000 -0.998768 0.302618 0.302618 0.302618
2373.619141 0.000000 1637.010498 0.000000 0.203727 0.000000 -0.979028 0.394459 0.394459 0.394459
2372.237305 0.000000 1633.097168 0.000000 0.527419 0.000000 -0.849605 0.477558 0.477558 0.477558
2370.485107 0.000000 1622.699829 0.000000 0.982314 0.000000 -0.187241 0.414389 0.414389 0.414389
2372.746582 0.000000 1632.129517 0.000000 0.502289 0.000000 -0.864700 0.479798 0.479798 0.479798
2370.095459 0.000000 1635.291138 0.000000 0.992572 0.000000 -0.121661 0.408617 0.408617 0.408617
2370.932373 0.000000 1634.706543 0.000000 0.092940 0.000000 -0.995672 0.504404 0.504404 0.504404
2338.139648 0.000000 1639.773193 0.000000 0.937510 0.000000 -0.347958 0.211099 0.211099 0.211099
2395.974365 0.000000 1669.776367 0.000000 0.939909 0.000000 -0.341426 0.202610 0.202610 0.202610
2406.720947 0.000000 1684.781494 0.000000 0.038599 0.000000 -0.999255 0.212049 0.212049 0.212049
2414.444580 0.000000 1689.409058 0.000000 0.094507 0.000000 -0.995524 0.220344 0.220344 0.220344
2412.874023 0.000000 1683.036133 0.000000 0.653178 0.000000 -0.757204 0.229382 0.229382 0.229382
2394.051758 0.000000 1670.341064 0.000000 0.561127 0.000000 -0.827730 0.276413 0.276413 0.276413
2413.863037 0.000000 1684.864014 0.000000 0.995668 0.000000 -0.092982 0.273355 0.273355 0.273355
2408.504639 0.000000 1681.440552 0.000000 0.832042 0.000000 -0.554712 0.268542 0.268542 0.268542
2395.568604 0.000000 1671.454224 0.000000 0.944742 0.000000 -0.327815 0.263375 0.263375 0.263375
2395.705566 0.000000 1678.085693 0.000000 0.998411 0.000000 -0.056343 0.258864 0.258864 0.258864
2368.976074 0.000000 1638.567139 0.000000 0.997667 0.000000 -0.068263 0.356147 0.356147 0.356147
2389.261719 0.000000 1685.207764 0.000000 0.957913 0.000000 -0.287057 0.279245 0.279245 0.279245
2373.380859 0.000000 1638.204956 0.000000 0.654777 0.000000 -0.755822 0.388843 0.388843 0.388843
2413.060791 0.000000 1686.989624 0.000000 0.659699 0.000000 -0.751530 0.322606 0.322606 0.322606
2397.245361 0.000000 1673.881714 0.000000 0.692047 0.000000 -0.721852 0.373844 0.373844 0.373844
2390.880615 0.000000 1678.610107 0.000000 0.117106 0.000000 -0.993119 0.500873 0.500873 0.500873
2393.687256 0.000000 1667.627930 0.000000 0.027610 0.000000 -0.999619 0.456122 0.456122 0.456122
2391.770020 0.000000 1683.604492 0.000000 0.216466 0.000000 -0.976290 0.357765 0.357765 0.357765
2386.752686 0.000000 1684.401001 0.000000 0.089032 0.000000 -0.996029 0.503942 0.503942 0.503942
2413.661621 0.000000 1688.302368 0.000000 0.200333 0.000000 -0.979728 0.358330 0.358330 0.358330
2373.392334 0.000000 1640.774170 0.000000 0.897193 0.000000 -0.441638 0.434945 0.434945 0.434945
2370.946533 0.000000 1640.492188 0.000000 0.891444 0.000000 -0.453131 0.435926 0.435926 0.435926
2393.625977 0.000000 1665.069214 0.000000 0.953045 0.000000 -0.302829 0.422275 0.422275 0.422275
2372.526611 0.000000 1639.117798 0.000000 0.882930 0.000000 -0.469505 0.371973 0.371973 0.371973
2386.010010 0.000000 1685.879150 0.000000 0.408783 0.000000 -0.912631 0.480653 0.480653 0.480653
2371.662842 0.000000 1641.287598 0.000000 0.955596 0.000000 -0.294679 0.422851 0.422851 0.422851
2387.690918 0.000000 1684.850220 0.000000 0.212633 0.000000 -0.977132 0.495165 0.495165 0.495165
2411.352783 0.000000 1685.272339 0.000000 0.901527 0.000000 -0.432722 0.434187 0.434187 0.434187
2370.931152 0.000000 1638.628662 0.000000 0.826218 0.000000 -0.563350 0.445717 0.445717 0.445717
2487.086426 0.000000 1674.663208 0.000000 0.935991 0.000000 -0.352023 0.310242 0.310242 0.310242
2490.545166 0.000000 1670.017578 0.000000 0.552428 0.000000 -0.833561 0.276626 0.276626 0.276626
2482.026855 0.000000 1674.131104 0.000000 0.901635 0.000000 -0.432498 0.372642 0.372642 0.372642
2487.635498 0.000000 1670.330322 0.000000 0.945932 0.000000 -0.324366 0.412209 0.412209 0.412209
2488.056152 0.000000 1672.653076 0.000000 0.135431 0.000000 -0.990787 0.509622 0.509622 0.509622
2489.621094 0.000000 1673.688965 0.000000 0.348530 0.000000 -0.937297 0.492803 0.492803 0.492803
2487.679443 0.000000 1673.852417 0.000000 0.005684 0.000000 -0.999984 0.519566 0.519566 0.519566
2483.284912 0.000000 1672.330200 0.000000 0.388539 0.000000 -0.921432 0.489515 0.489515 0.489515
2509.646240 0.000000 1678.793091 0.000000 0.443097 0.000000 -0.896474 0.210269 0.210269 0.210269
2537.764648 0.000000 1666.371094 0.000000 0.737035 0.000000 -0.675854 0.206299 0.206299 0.206299
2546.278564 0.000000 1668.755737 0.000000 0.954365 0.000000 -0.298642 0.208186 0.208186 0.208186
2515.281494 0.000000 1693.701294 0.000000 0.996898 0.000000 -0.078704 0.236544 0.236544 0.236544
2536.804443 0.000000 1672.171143 0.000000 0.913630 0.000000 -0.406547 0.315802 0.315802 0.315802
2539.434082 0.000000 1667.136963 0.000000 0.619049 0.000000 -0.785352 0.272265 0.272265 0.272265
2544.299561 0.000000 1674.193359 0.000000 0.997591 0.000000 -0.069369 0.307007 0.307007 0.307007
2537.330078 0.000000 1679.208618 0.000000 0.432388 0.000000 -0.901688 0.322149 0.322149 0.322149
2543.751465 0.000000 1675.607056 0.000000 0.274407 0.000000 -0.961614 0.455755 0.455755 0.455755
2547.137939 0.000000 1670.059082 0.000000 0.434455 0.000000 -0.900694 0.375180 0.375180 0.375180
2507.080078 0.000000 1687.854492 0.000000 0.137869 0.000000 -0.990451 0.346402 0.346402 0.346402
2539.522217 0.000000 1680.150635 0.000000 0.539012 0.000000 -0.842298 0.431538 0.431538 0.431538
2504.949707 0.000000 1684.255249 0.000000 0.999701 0.000000 -0.024431 0.401860 0.401860 0.401860
2540.297363 0.000000 1670.099365 0.000000 0.750979 0.000000 -0.660326 0.455100 0.455100 0.455100
2534.615479 0.000000 1683.423950 0.000000 0.634828 0.000000 -0.772653 0.461725 0.461725 0.461725
2502.734863 0.000000 1688.100952 0.000000 0.732757 0.000000 -0.680490 0.434722 0.434722 0.434722
2537.749756 0.000000 1691.194824 0.000000 0.007186 0.000000 -0.999974 0.434823 0.434823 0.434823
2502.643066 0.000000 1689.929565 0.000000 0.991058 0.000000 -0.133433 0.397928 0.397928 0.397928
2543.941406 0.000000 1672.666260 0.000000 0.999723 0.000000 -0.023551 0.401552 0.401552 0.401552
2537.663330 0.000000 1681.640869 0.000000 0.954067 0.000000 -0.299595 0.422029 0.422029 0.422029
2534.453369 0.000000 1692.896729 0.000000 0.182339 0.000000 -0.983236 0.505299 0.505299 0.505299
2543.137695 0.000000 1674.526367 0.000000 0.471437 0.000000 -0.881900 0.443619 0.443619 0.443619
2518.560059 0.000000 1689.705566 0.000000 0.075686 0.000000 -0.997132 0.511600 0.511600 0.511600
2539.297119 0.000000 1673.668213 0.000000 0.711275 0.000000 -0.702914 0.459548 0.459548 0.459548
2543.634277 0.000000 1677.929688 0.000000 0.470278 0.000000 -0.882518 0.445253 0.445253 0.445253
2538.433350 0.000000 1679.489258 0.000000 0.724556 0.000000 -0.689216 0.458091 0.458091 0.458091
2507.038818 0.000000 1683.056274 0.000000 0.434207 0.000000 -0.900813 0.485687 0.485687 0.485687
2506.770020 0.000000 1681.386108 0.000000 0.463219 0.000000 -0.886244 0.459847 0.459847 0.459847
2507.736816 0.000000 1685.015625 0.000000 0.913185 0.000000 -0.407546 0.430496 0.430496 0.430496
2541.105713 0.000000 1669.132446 0.000000 0.983908 0.000000 -0.178677 0.410239 0.410239 0.410239
2530.680176 0.000000 1693.036011 0.000000 0.270088 0.000000 -0.962836 0.499107 0.499107 0.499107
2539.801758 0.000000 1671.706421 0.000000 0.988901 0.000000 -0.148577 0.411393 0.411393 0.411393
2538.238770 0.000000 1674.016479 0.000000 0.445206 0.000000 -0.895428 0.484751 0.484751 0.484751
2538.156738 0.000000 1669.701660 0.000000 0.657659 0.000000 -0.753316 0.465171 0.465171 0.465171
2517.550537 0.000000 1690.327271 0.000000 0.600912 0.000000 -0.799315 0.470753 0.470753 0.470753
2504.010742 0.000000 1686.535034 0.000000 0.735335 0.000000 -0.677704 0.456886 0.456886 0.456886
2517.328369 0.000000 1688.387695 0.000000 0.374171 0.000000 -0.927360 0.490703 0.490703 0.490703
2540.438477 0.000000 1671.009277 0.000000 0.999797 0.000000 -0.020140 0.401539 0.401539 0.401539
2396.263916 0.000000 1703.827271 0.000000 0.973447 0.000000 -0.228914 0.208599 0.208599 0.208599
2397.269775 0.000000 1696.690674 0.000000 0.881013 0.000000 -0.473092 0.229621 0.229621 0.229621
2395.827881 0.000000 1698.570435 0.000000 0.979507 0.000000 -0.201410 0.225707 0.225707 0.225707
2398.455078 0.000000 1700.609741 0.000000 0.945879 0.000000 -0.324521 0.313005 0.313005 0.313005
2399.390869 0.000000 1698.473389 0.000000 0.382394 0.000000 -0.923999 0.394299 0.394299 0.394299
2397.126709 0.000000 1699.738403 0.000000 0.763431 0.000000 -0.645889 0.412280 0.412280 0.412280
2433.476562 0.000000 1700.989990 0.000000 0.676203 0.000000 -0.736716 0.206100 0.206100 0.206100
2443.937012 0.000000 1727.300659 0.000000 0.317305 0.000000 -0.948324 0.210748 0.210748 0.210748
2485.811279 0.000000 1735.830322 0.000000 0.428755 0.000000 -0.903421 0.209431 0.209431 0.209431
2440.260498 0.000000 1703.536865 0.000000 0.418090 0.000000 -0.908405 0.236995 0.236995 0.236995
2440.084717 0.000000 1710.166260 0.000000 0.590236 0.000000 -0.807231 0.293407 0.293407 0.293407
2441.975098 0.000000 1732.043335 0.000000 0.769184 0.000000 -0.639027 0.264229 0.264229 0.264229
2449.954346 0.000000 1732.555420 0.000000 0.509976 0.000000 -0.860189 0.352729 0.352729 0.352729
2440.825684 0.000000 1729.040283 0.000000 0.826435 0.000000 -0.563032 0.294300 0.294300 0.294300
2441.808594 0.000000 1716.889526 0.000000 0.201891 0.000000 -0.979408 0.381810 0.381810 0.381810
2434.358887 0.000000 1702.178467 0.000000 0.748242 0.000000 -0.663426 0.381432 0.381432 0.381432
2495.538818 0.000000 1709.016479 0.000000 0.251555 0.000000 -0.967843 0.397152 0.397152 0.397152
2448.139404 0.000000 1733.487305 0.000000 0.447081 0.000000 -0.894494 0.355272 0.355272 0.355272
2476.225342 0.000000 1740.765625 0.000000 0.160067 0.000000 -0.987106 0.486322 0.486322 0.486322
2494.787354 0.000000 1713.215332 0.000000 0.488818 0.000000 -0.872386 0.450260 0.450260 0.450260
2437.604004 0.000000 1700.130249 0.000000 0.747426 0.000000 -0.664345 0.359463 0.359463 0.359463
2479.430908 0.000000 1738.666382 0.000000 0.976470 0.000000 -0.215654 0.393253 0.393253 0.393253
2485.717285 0.000000 1740.013550 0.000000 0.675661 0.000000 -0.737212 0.371978 0.371978 0.371978
2483.604980 0.000000 1741.490601 0.000000 0.969742 0.000000 -0.244133 0.418841 0.418841 0.418841
2435.570068 0.000000 1708.175537 0.000000 0.106184 0.000000 -0.994347 0.501636 0.501636 0.501636
2441.029297 0.000000 1715.133545 0.000000 0.992696 0.000000 -0.120646 0.351628 0.351628 0.351628
2433.854492 0.000000 1709.974609 0.000000 0.908819 0.000000 -0.417191 0.432876 0.432876 0.432876
2438.992920 0.000000 1714.598267 0.000000 0.334318 0.000000 -0.942460 0.491195 0.491195 0.491195
2481.885254 0.000000 1741.552002 0.000000 0.942500 0.000000 -0.334207 0.426032 0.426032 0.426032
2479.754639 0.000000 1743.245361 0.000000 0.933584 0.000000 -0.358359 0.427999 0.427999 0.427999
2478.064453 0.000000 1739.554199 0.000000 0.770077 0.000000 -0.637950 0.420102 0.420102 0.420102
2488.208740 0.000000 1732.934082 0.000000 0.811614 0.000000 -0.584195 0.441898 0.441898 0.441898
2477.730225 0.000000 1742.472168 0.000000 0.742876 0.000000 -0.669429 0.446692 0.446692 0.446692
2439.631836 0.000000 1713.190063 0.000000 0.999889 0.000000 -0.014909 0.401139 0.401139 0.401139
2482.142090 0.000000 1743.443726 0.000000 0.993620 0.000000 -0.112776 0.408634 0.408634 0.408634
2480.238770 0.000000 1740.215820 0.000000 0.486841 0.000000 -0.873491 0.481156 0.481156 0.481156
2432.041016 0.000000 1708.090454 0.000000 0.972559 0.000000 -0.232658 0.417938 0.417938 0.417938
2485.469238 0.000000 1743.221558 0.000000 0.597960 0.000000 -0.801526 0.459892 0.459892 0.459892
2433.886230 0.000000 1706.653198 0.000000 0.888882 0.000000 -0.458135 0.436356 0.436356 0.436356
2480.476318 0.000000 1742.364258 0.000000 0.954046 0.000000 -0.299659 0.423250 0.423250 0.423250
2448.411865 0.000000 1725.606323 0.000000 0.908992 0.000000 -0.416814 0.432845 0.432845 0.432845
2449.591064 0.000000 1730.041260 0.000000 0.703916 0.000000 -0.710284 0.460344 0.460344 0.460344
2481.757324 0.000000 1742.529541 0.000000 0.999935 0.000000 -0.011420 0.400872 0.400872 0.400872
2478.279541 0.000000 1740.464600 0.000000 0.984932 0.000000 -0.172943 0.413279 0.413279 0.413279
2488.675781 0.000000 1735.065430 0.000000 0.159953 0.000000 -0.987125 0.507728 0.507728 0.507728
2448.542725 0.000000 1730.632324 0.000000 0.921588 0.000000 -0.388169 0.430454 0.430454 0.430454
2499.605225 0.000000 1717.807861 0.000000 0.634585 0.000000 -0.772853 0.207388 0.207388 0.207388
2538.549316 0.000000 1705.642578 0.000000 0.669259 0.000000 -0.743029 0.215000 0.215000 0.215000
2510.569336 0.000000 1728.300049 0.000000 0.428267 0.000000 -0.903652 0.236846 0.236846 0.236846
2519.655029 0.000000 1728.186768 0.000000 0.714947 0.000000 -0.699179 0.251457 0.251457 0.251457
2535.451416 0.000000 1709.526733 0.000000 0.595917 0.000000 -0.803046 0.251411 0.251411 0.251411
2499.661377 0.000000 1715.604858 0.000000 0.377933 0.000000 -0.925833 0.290593 0.290593 0.290593
2525.291748 0.000000 1705.822266 0.000000 0.275533 0.000000 -0.961292 0.265678 0.265678 0.265678
2518.295166 0.000000 1702.004395 0.000000 0.894460 0.000000 -0.447149 0.272198 0.272198 0.272198
2534.302734 0.000000 1707.597900 0.000000 0.630821 0.000000 -0.775929 0.252020 0.252020 0.252020
2513.646729 0.000000 1713.856079 0.000000 0.936829 0.000000 -0.349787 0.293020 0.293020 0.293020
2535.709717 0.000000 1694.533569 0.000000 0.149348 0.000000 -0.988785 0.336752 0.336752 0.336752
2497.541504 0.000000 1715.695312 0.000000 0.519447 0.000000 -0.854503 0.295424 0.295424 0.295424
2509.681152 0.000000 1708.303955 0.000000 0.492723 0.000000 -0.870186 0.272530 0.272530 0.272530
2513.241455 0.000000 1712.162598 0.000000 0.999862 0.000000 -0.016628 0.283918 0.283918 0.283918
2519.132568 0.000000 1732.479980 0.000000 0.297682 0.000000 -0.954665 0.329251 0.329251 0.329251
2518.173340 0.000000 1733.872803 0.000000 0.103386 0.000000 -0.994641 0.335017 0.335017 0.335017
2507.004883 0.000000 1720.351196 0.000000 0.820850 0.000000 -0.571143 0.357393 0.357393 0.357393
2499.098633 0.000000 1712.655273 0.000000 0.102825 0.000000 -0.994699 0.377674 0.377674 0.377674
2526.455078 0.000000 1700.609741 0.000000 0.110139 0.000000 -0.993916 0.395172 0.395172 0.395172
2516.371582 0.000000 1731.069336 0.000000 0.369267 0.000000 -0.929323 0.343325 0.343325 0.343325
2519.405273 0.000000 1723.900391 0.000000 0.877692 0.000000 -0.479225 0.392101 0.392101 0.392101
2508.118408 0.000000 1725.864014 0.000000 0.999625 0.000000 -0.027397 0.292104 0.292104 0.292104
2537.506592 0.000000 1714.247070 0.000000 0.827213 0.000000 -0.561888 0.409277 0.409277 0.409277
2504.591797 0.000000 1721.290405 0.000000 0.556864 0.000000 -0.830604 0.353637 0.353637 0.353637
2517.670898 0.000000 1721.615601 0.000000 0.188388 0.000000 -0.982095 0.505522 0.505522 0.505522
2519.879395 0.000000 1722.144287 0.000000 0.988204 0.000000 -0.153143 0.374297 0.374297 0.374297
2531.340820 0.000000 1695.786377 0.000000 0.288259 0.000000 -0.957553 0.485853 0.485853 0.485853
2511.969482 0.000000 1711.935303 0.000000 0.103827 0.000000 -0.994595 0.512054 0.512054 0.512054
2506.491211 0.000000 1711.418823 0.000000 0.938341 0.000000 -0.345711 0.422825 0.422825 0.422825
2536.703857 0.000000 1711.677490 0.000000 0.805923 0.000000 -0.592020 0.443023 0.443023 0.443023
2503.631836 0.000000 1713.190063 0.000000 0.712769 0.000000 -0.701399 0.459386 0.459386 0.459386
2497.154053 0.000000 1713.340332 0.000000 0.797350 0.000000 -0.603517 0.443026 0.443026 0.443026
2521.920898 0.000000 1732.318970 0.000000 0.705661 0.000000 -0.708550 0.457797 0.457797 0.457797
2507.067627 0.000000 1710.033569 0.000000 0.452120 0.000000 -0.891957 0.471234 0.471234 0.471234
2508.386230 0.000000 1710.216431 0.000000 0.415117 0.000000 -0.909768 0.487298 0.487298 0.487298
2523.100830 0.000000 1703.684570 0.000000 0.940509 0.000000 -0.339769 0.426484 0.426484 0.426484
2507.079346 0.000000 1722.887573 0.000000 0.861421 0.000000 -0.507892 0.440698 0.440698 0.440698
2497.134033 0.000000 1711.127686 0.000000 0.072634 0.000000 -0.997359 0.467454 0.467454 0.467454
2525.523682 0.000000 1733.384766 0.000000 0.700569 0.000000 -0.713585 0.455545 0.455545 0.455545
2509.011963 0.000000 1713.912354 0.000000 0.770318 0.000000 -0.637660 0.450061 0.450061 0.450061
2522.603516 0.000000 1701.815186 0.000000 0.308337 0.000000 -0.951277 0.496055 0.496055 0.496055
2513.485107 0.000000 1711.186890 0.000000 0.140731 0.000000 -0.990048 0.500647 0.500647 0.500647
2502.729492 0.000000 1712.505249 0.000000 0.309038 0.000000 -0.951050 0.495998 0.495998 0.495998
2507.204346 0.000000 1725.482056 0.000000 0.275123 0.000000 -0.961409 0.498708 0.498708 0.498708
2509.913330 0.000000 1711.004517 0.000000 0.997527 0.000000 -0.070288 0.405374 0.405374 0.405374
2508.170898 0.000000 1711.956421 0.000000 0.384289 0.000000 -0.923213 0.489867 0.489867 0.489867
2478.914795 0.000000 1760.101440 0.000000 0.983666 0.000000 -0.180002 0.271931 0.271931 0.271931
2477.664307 0.000000 1758.011230 0.000000 0.917048 0.000000 -0.398778 0.268595 0.268595 0.268595
2487.475830 0.000000 1762.910889 0.000000 0.771501 0.000000 -0.636228 0.305847 0.305847 0.305847
2485.692383 0.000000 1762.750610 0.000000 0.019823 0.000000 -0.999803 0.301773 0.301773 0.301773
2474.243408 0.000000 1756.900513 0.000000 0.983731 0.000000 -0.179647 0.282445 0.282445 0.282445
2486.014893 0.000000 1756.535767 0.000000 0.018579 0.000000 -0.999827 0.412293 0.412293 0.412293
2477.066406 0.000000 1756.614014 0.000000 0.799799 0.000000 -0.600268 0.370963 0.370963 0.370963
2487.127441 0.000000 1759.950806 0.000000 0.999801 0.000000 -0.019960 0.394497 0.394497 0.394497
2484.297119 0.000000 1759.269531 0.000000 0.853391 0.000000 -0.521272 0.441890 0.441890 0.441890
2482.150146 0.000000 1760.302124 0.000000 0.513996 0.000000 -0.857792 0.411857 0.411857 0.411857
2483.791016 0.000000 1761.830933 0.000000 0.236353 0.000000 -0.971667 0.426780 0.426780 0.426780
2483.404297 0.000000 1760.538086 0.000000 0.996895 0.000000 -0.078746 0.364689 0.364689 0.364689
2478.801025 0.000000 1758.682251 0.000000 0.886238 0.000000 -0.463230 0.380738 0.380738 0.380738
2485.360840 0.000000 1761.669678 0.000000 0.035229 0.000000 -0.999379 0.450543 0.450543 0.450543
2481.219727 0.000000 1761.027466 0.000000 0.764894 0.000000 -0.644157 0.424774 0.424774 0.424774
2480.215332 0.000000 1760.562744 0.000000 0.053773 0.000000 -0.998553 0.472007 0.472007 0.472007
1702.915771 0.000000 2032.900879 0.000000 0.902244 0.000000 -0.431226 0.367443 0.367443 0.367443
1705.749756 0.000000 2030.101074 0.000000 0.970956 0.000000 -0.239257 0.416105 0.416105 0.416105
1702.453369 0.000000 2031.802979 0.000000 0.787189 0.000000 -0.616712 0.403335 0.403335 0.403335
1784.531372 0.000000 2032.414062 0.000000 0.899442 0.000000 -0.437039 0.345993 0.345993 0.345993
1791.189697 0.000000 2027.447754 0.000000 0.151176 0.000000 -0.988507 0.492464 0.492464 0.492464
2034.737793 0.000000 1840.997681 0.000000 0.733276 0.000000 -0.679931 0.323541 0.323541 0.323541
2034.992432 0.000000 1836.906128 0.000000 0.593346 0.000000 -0.804948 0.352025 0.352025 0.352025
2044.552368 0.000000 1836.919189 0.000000 0.276341 0.000000 -0.961060 0.378808 0.378808 0.378808
2024.307739 0.000000 1839.092529 0.000000 0.920661 0.000000 -0.390364 0.427132 0.427132 0.427132
2036.189697 0.000000 1841.574097 0.000000 0.308416 0.000000 -0.951252 0.455360 0.455360 0.455360
2042.078369 0.000000 1836.772705 0.000000 0.872911 0.000000 -0.487880 0.432573 0.432573 0.432573
2045.635010 0.000000 1836.121948 0.000000 0.922312 0.000000 -0.386446 0.343819 0.343819 0.343819
2043.392212 0.000000 1834.567871 0.000000 0.347853 0.000000 -0.937549 0.490431 0.490431 0.490431
2037.739014 0.000000 1840.125122 0.000000 0.956369 0.000000 -0.292163 0.400212 0.400212 0.400212
2023.327881 0.000000 1841.344971 0.000000 0.181279 0.000000 -0.983432 0.506074 0.506074 0.506074
2047.786377 0.000000 1834.959839 0.000000 0.879549 0.000000 -0.475808 0.436892 0.436892 0.436892
2035.446045 0.000000 1838.444458 0.000000 0.863229 0.000000 -0.504812 0.440425 0.440425 0.440425
2040.862671 0.000000 1837.963989 0.000000 0.736182 0.000000 -0.676783 0.453450 0.453450 0.453450
2022.279175 0.000000 1841.975098 0.000000 0.999723 0.000000 -0.023552 0.401799 0.401799 0.401799
1850.085693 0.000000 2024.111694 0.000000 0.933868 0.000000 -0.357618 0.236292 0.236292 0.236292
1825.938477 0.000000 2027.841675 0.000000 0.890818 0.000000 -0.454360 0.346750 0.346750 0.346750
1839.482178 0.000000 2024.511230 0.000000 0.441326 0.000000 -0.897347 0.400609 0.400609 0.400609
1792.046631 0.000000 2031.716431 0.000000 0.635036 0.000000 -0.772483 0.369950 0.369950 0.369950
1836.112549 0.000000 2031.007568 0.000000 0.704057 0.000000 -0.710143 0.452443 0.452443 0.452443
1835.721924 0.000000 2028.346802 0.000000 0.986403 0.000000 -0.164343 0.374881 0.374881 0.374881
1823.835327 0.000000 2026.150635 0.000000 0.921499 0.000000 -0.388380 0.424102 0.424102 0.424102
1797.362183 0.000000 2029.637939 0.000000 0.985214 0.000000 -0.171330 0.362204 0.362204 0.362204
1823.464233 0.000000 2028.588501 0.000000 0.946617 0.000000 -0.322361 0.409566 0.409566 0.409566
1849.562134 0.000000 2025.246948 0.000000 0.731911 0.000000 -0.681401 0.457271 0.457271 0.457271
1796.237427 0.000000 2028.487793 0.000000 0.799005 0.000000 -0.601324 0.384571 0.384571 0.384571
1793.456787 0.000000 2028.070068 0.000000 0.856980 0.000000 -0.515350 0.439739 0.439739 0.439739
1837.223145 0.000000 2033.039307 0.000000 0.995934 0.000000 -0.090086 0.406891 0.406891 0.406891
1839.754517 0.000000 2025.667236 0.000000 0.999128 0.000000 -0.041753 0.351493 0.351493 0.351493
1820.401001 0.000000 2028.411377 0.000000 0.955321 0.000000 -0.295571 0.422922 0.422922 0.422922
1794.095459 0.000000 2030.681763 0.000000 0.786938 0.000000 -0.617032 0.446483 0.446483 0.446483
1847.591187 0.000000 2025.949585 0.000000 0.842620 0.000000 -0.538508 0.441455 0.441455 0.441455
1860.256348 0.000000 2032.468872 0.000000 0.728008 0.000000 -0.685569 0.238282 0.238282 0.238282
1856.004639 0.000000 2030.267212 0.000000 0.269842 0.000000 -0.962905 0.345200 0.345200 0.345200
1859.034790 0.000000 2031.111450 0.000000 0.546028 0.000000 -0.837767 0.315622 0.315622 0.315622
1860.237427 0.000000 2028.487793 0.000000 0.477616 0.000000 -0.878569 0.433912 0.433912 0.433912
1663.022949 0.000000 2087.603027 0.000000 0.539284 0.000000 -0.842124 0.227225 0.227225 0.227225
1654.447144 0.000000 2082.646973 0.000000 0.632038 0.000000 -0.774937 0.253315 0.253315 0.253315
1651.333496 0.000000 2077.845215 0.000000 0.227318 0.000000 -0.973821 0.314822 0.314822 0.314822
1657.142822 0.000000 2077.216064 0.000000 0.998940 0.000000 -0.046024 0.367617 0.367617 0.367617
1651.604858 0.000000 2080.396973 0.000000 0.663222 0.000000 -0.748423 0.464605 0.464605 0.464605
1649.885254 0.000000 2080.458252 0.000000 0.569179 0.000000 -0.822214 0.423535 0.423535 0.423535
1657.995117 0.000000 2072.602783 0.000000 0.985003 0.000000 -0.172535 0.411645 0.411645 0.411645
1650.141968 0.000000 2082.349854 0.000000 0.302601 0.000000 -0.953117 0.481375 0.481375 0.481375
1655.960815 0.000000 2079.594238 0.000000 0.828645 0.000000 -0.559774 0.438712 0.438712 0.438712
1653.469116 0.000000 2082.127686 0.000000 0.009780 0.000000 -0.999952 0.479836 0.479836 0.479836
1651.887939 0.000000 2083.628418 0.000000 0.473288 0.000000 -0.880908 0.469421 0.469421 0.469421
1655.760864 0.000000 2077.721924 0.000000 0.757697 0.000000 -0.652606 0.454318 0.454318 0.454318
1652.885254 0.000000 2076.600830 0.000000 0.457371 0.000000 -0.889276 0.483710 0.483710 0.483710
1654.982422 0.000000 2077.062744 0.000000 0.741455 0.000000 -0.671002 0.456193 0.456193 0.456193
1656.384033 0.000000 2075.792725 0.000000 0.297087 0.000000 -0.954851 0.496956 0.496956 0.496956
1645.059937 0.000000 2132.313721 0.000000 0.398159 0.000000 -0.917316 0.209567 0.209567 0.209567
1655.430908 0.000000 2103.798828 0.000000 0.999967 0.000000 -0.008136 0.204004 0.204004 0.204004
1650.278564 0.000000 2120.630859 0.000000 0.575064 0.000000 -0.818108 0.230638 0.230638 0.230638
1656.270874 0.000000 2110.431641 0.000000 0.994295 0.000000 -0.106668 0.207290 0.207290 0.207290
1636.100952 0.000000 2137.783203 0.000000 0.650065 0.000000 -0.759878 0.226847 0.226847 0.226847
1638.885986 0.000000 2134.083496 0.000000 0.716350 0.000000 -0.697741 0.225731 0.225731 0.225731
1662.188843 0.000000 2104.996582 0.000000 0.722127 0.000000 -0.691760 0.257767 0.257767 0.257767
1611.910645 0.000000 2117.604736 0.000000 0.993565 0.000000 -0.113267 0.254298 0.254298 0.254298
1663.035522 0.000000 2131.530029 0.000000 0.483804 0.000000 -0.875176 0.253556 0.253556 0.253556
1645.660034 0.000000 2121.872070 0.000000 0.931143 0.000000 -0.364655 0.256903 0.256903 0.256903
1648.863892 0.000000 2134.397949 0.000000 0.663249 0.000000 -0.748399 0.319718 0.319718 0.319718
1628.530762 0.000000 2131.596924 0.000000 0.209520 0.000000 -0.977804 0.341050 0.341050 0.341050
1634.607544 0.000000 2142.315918 0.000000 0.403832 0.000000 -0.914833 0.259137 0.259137 0.259137
1621.837891 0.000000 2134.869141 0.000000 0.424082 0.000000 -0.905624 0.278221 0.278221 0.278221
1622.371582 0.000000 2142.747803 0.000000 0.630129 0.000000 -0.776491 0.329331 0.329331 0.329331
1638.210083 0.000000 2123.421875 0.000000 0.368371 0.000000 -0.929679 0.316818 0.316818 0.316818
1617.633179 0.000000 2138.750732 0.000000 0.444031 0.000000 -0.896011 0.370264 0.370264 0.370264
1661.973755 0.000000 2093.896973 0.000000 0.789726 0.000000 -0.613459 0.311603 0.311603 0.311603
1630.198853 0.000000 2141.169922 0.000000 0.995965 0.000000 -0.089738 0.301928 0.301928 0.301928
1654.250977 0.000000 2117.685059 0.000000 0.967303 0.000000 -0.253624 0.377142 0.377142 0.377142
1658.513306 0.000000 2103.618164 0.000000 0.475584 0.000000 -0.879670 0.454283 0.454283 0.454283
1622.478638 0.000000 2137.828369 0.000000 0.927212 0.000000 -0.374537 0.332084 0.332084 0.332084
1657.142822 0.000000 2133.700439 0.000000 0.819621 0.000000 -0.572907 0.441578 0.441578 0.441578
1653.732422 0.000000 2145.484131 0.000000 0.718670 0.000000 -0.695351 0.359764 0.359764 0.359764
1638.915771 0.000000 2145.869629 0.000000 0.116846 0.000000 -0.993150 0.468347 0.468347 0.468347
1663.335327 0.000000 2116.151367 0.000000 0.388063 0.000000 -0.921633 0.471388 0.471388 0.471388
1643.793579 0.000000 2124.578125 0.000000 0.959109 0.000000 -0.283038 0.346834 0.346834 0.346834
1635.360474 0.000000 2139.170654 0.000000 0.151760 0.000000 -0.988417 0.441037 0.441037 0.441037
1618.458984 0.000000 2141.359131 0.000000 0.094826 0.000000 -0.995494 0.442321 0.442321 0.442321
1640.307739 0.000000 2121.514404 0.000000 0.522055 0.000000 -0.852912 0.466308 0.466308 0.466308
1661.398315 0.000000 2091.783691 0.000000 0.716719 0.000000 -0.697362 0.369580 0.369580 0.369580
1653.027100 0.000000 2121.438965 0.000000 0.737513 0.000000 -0.675333 0.338209 0.338209 0.338209
1656.508789 0.000000 2131.364502 0.000000 0.923392 0.000000 -0.383858 0.337448 0.337448 0.337448
1629.388550 0.000000 2139.112793 0.000000 0.631188 0.000000 -0.775630 0.467816 0.467816 0.467816
1653.852051 0.000000 2144.188232 0.000000 0.411919 0.000000 -0.911220 0.374659 0.374659 0.374659
1642.334229 0.000000 2117.015625 0.000000 0.885247 0.000000 -0.465122 0.436957 0.436957 0.436957
1631.835327 0.000000 2139.119385 0.000000 0.999590 0.000000 -0.028625 0.381440 0.381440 0.381440
1650.147583 0.000000 2114.994385 0.000000 0.001739 0.000000 -0.999999 0.519867 0.519867 0.519867
1656.781006 0.000000 2103.869629 0.000000 0.753258 0.000000 -0.657726 0.454836 0.454836 0.454836
1649.942505 0.000000 2112.032715 0.000000 0.925088 0.000000 -0.379753 0.383888 0.383888 0.383888
1653.735840 0.000000 2106.302490 0.000000 0.274088 0.000000 -0.961704 0.484908 0.484908 0.484908
1650.104370 0.000000 2134.635498 0.000000 0.826899 0.000000 -0.562351 0.445625 0.445625 0.445625
1627.975342 0.000000 2136.967529 0.000000 0.201566 0.000000 -0.979475 0.496641 0.496641 0.496641
1652.518799 0.000000 2109.003174 0.000000 0.907227 0.000000 -0.420641 0.430999 0.430999 0.430999
1652.879395 0.000000 2111.920410 0.000000 0.003482 0.000000 -0.999994 0.499778 0.499778 0.499778
1639.001709 0.000000 2140.241211 0.000000 0.631409 0.000000 -0.775450 0.467794 0.467794 0.467794
1651.659180 0.000000 2114.038086 0.000000 0.059477 0.000000 -0.998230 0.515454 0.515454 0.515454
1660.005859 0.000000 2098.188965 0.000000 0.961347 0.000000 -0.275341 0.419012 0.419012 0.419012
1660.154541 0.000000 2130.021729 0.000000 0.863663 0.000000 -0.504070 0.440360 0.440360 0.440360
1641.749756 0.000000 2143.069824 0.000000 0.992098 0.000000 -0.125465 0.400966 0.400966 0.400966
1651.779053 0.000000 2135.502441 0.000000 0.939764 0.000000 -0.341825 0.426651 0.426651 0.426651
1651.048584 0.000000 2116.611816 0.000000 0.620655 0.000000 -0.784084 0.468848 0.468848 0.468848
1662.648682 0.000000 2094.888428 0.000000 0.780122 0.000000 -0.625627 0.451638 0.451638 0.451638
1643.135864 0.000000 2121.544922 0.000000 0.346561 0.000000 -0.938027 0.492964 0.492964 0.492964
1641.291626 0.000000 2139.427979 0.000000 0.768268 0.000000 -0.640129 0.451508 0.451508 0.451508
1633.700073 0.000000 2128.677490 0.000000 0.212850 0.000000 -0.977085 0.444415 0.444415 0.444415
1659.085327 0.000000 2100.438965 0.000000 0.524276 0.000000 -0.851548 0.470209 0.470209 0.470209
1649.295288 0.000000 2113.682861 0.000000 0.664102 0.000000 -0.747642 0.406947 0.406947 0.406947
1646.466309 0.000000 2132.301025 0.000000 0.407311 0.000000 -0.913289 0.473581 0.473581 0.473581
1640.295898 0.000000 2125.184570 0.000000 0.997650 0.000000 -0.068516 0.405238 0.405238 0.405238
1655.350220 0.000000 2145.993652 0.000000 0.988995 0.000000 -0.147949 0.411344 0.411344 0.411344
1638.453369 0.000000 2144.771729 0.000000 0.881228 0.000000 -0.472691 0.412775 0.412775 0.412775
1628.401001 0.000000 2141.380127 0.000000 0.137339 0.000000 -0.990524 0.493376 0.493376 0.493376
1659.732178 0.000000 2112.624023 0.000000 0.878195 0.000000 -0.478303 0.438099 0.438099 0.438099
1653.369629 0.000000 2110.353027 0.000000 0.486345 0.000000 -0.873767 0.467666 0.467666 0.467666
1663.786377 0.000000 2117.381592 0.000000 0.815219 0.000000 -0.579153 0.436555 0.436555 0.436555
1662.953369 0.000000 2115.079590 0.000000 0.232986 0.000000 -0.972480 0.490032 0.490032 0.490032
1634.307007 0.000000 2139.705566 0.000000 0.311902 0.000000 -0.950114 0.432492 0.432492 0.432492
1640.336914 0.000000 2145.627930 0.000000 0.038698 0.000000 -0.999251 0.467651 0.467651 0.467651
1663.208618 0.000000 2091.456299 0.000000 0.561799 0.000000 -0.827274 0.474426 0.474426 0.474426
1616.322144 0.000000 2140.092041 0.000000 0.792778 0.000000 -0.609511 0.419429 0.419429 0.419429
1631.471680 0.000000 2135.204102 0.000000 0.841344 0.000000 -0.540500 0.413266 0.413266 0.413266
1657.721436 0.000000 2144.041992 0.000000 0.630347 0.000000 -0.776313 0.467899 0.467899 0.467899
1620.242188 0.000000 2137.614990 0.000000 0.347720 0.000000 -0.937598 0.478302 0.478302 0.478302
1641.701782 0.000000 2135.825928 0.000000 0.752079 0.000000 -0.659073 0.454972 0.454972 0.454972
1651.050537 0.000000 2108.185059 0.000000 0.954403 0.000000 -0.298521 0.422099 0.422099 0.422099
1641.134033 0.000000 2141.861328 0.000000 0.605784 0.000000 -0.795629 0.460869 0.460869 0.460869
1660.750244 0.000000 2096.224121 0.000000 0.188079 0.000000 -0.982154 0.505546 0.505546 0.505546
1639.593750 0.000000 2139.257812 0.000000 0.236083 0.000000 -0.971733 0.501793 0.501793 0.501793
1642.868286 0.000000 2118.057861 0.000000 0.989299 0.000000 -0.145900 0.411186 0.411186 0.411186
1627.654175 0.000000 2140.510254 0.000000 0.270011 0.000000 -0.962857 0.499113 0.499113 0.499113
1652.131348 0.000000 2119.196777 0.000000 0.712233 0.000000 -0.701943 0.459444 0.459444 0.459444
1630.839844 0.000000 2137.223389 0.000000 0.972056 0.000000 -0.234747 0.395578 0.395578 0.395578
1629.523560 0.000000 2128.775391 0.000000 0.594498 0.000000 -0.804097 0.466933 0.466933 0.466933
1658.283813 0.000000 2131.736816 0.000000 0.643783 0.000000 -0.765208 0.466567 0.466567 0.466567
1639.974365 0.000000 2143.670410 0.000000 0.505047 0.000000 -0.863092 0.474874 0.474874 0.474874
1626.086426 0.000000 2140.684326 0.000000 0.991221 0.000000 -0.132215 0.410130 0.410130 0.410130
1661.047485 0.000000 2098.358643 0.000000 0.139028 0.000000 -0.990288 0.497552 0.497552 0.497552
1659.986450 0.000000 2114.265869 0.000000 0.230805 0.000000 -0.973000 0.502207 0.502207 0.502207
1642.775757 0.000000 2134.041992 0.000000 0.996745 0.000000 -0.080622 0.406166 0.406166 0.406166
1649.407593 0.000000 2115.693604 0.000000 0.992943 0.000000 -0.118589 0.409081 0.409081 0.409081
1634.901245 0.000000 2141.325684 0.000000 0.605809 0.000000 -0.795610 0.466379 0.466379 0.466379
1627.925659 0.000000 2135.125732 0.000000 0.995558 0.000000 -0.094149 0.406497 0.406497 0.406497
1626.208374 0.000000 2132.191650 0.000000 0.035609 0.000000 -0.999366 0.501565 0.501565 0.501565
1628.564697 0.000000 2136.149902 0.000000 0.916085 0.000000 -0.400984 0.431520 0.431520 0.431520
1652.439087 0.000000 2115.758301 0.000000 0.969251 0.000000 -0.246073 0.418994 0.418994 0.418994
1652.455078 0.000000 2117.561035 0.000000 0.409841 0.000000 -0.912157 0.487740 0.487740 0.487740
1643.801636 0.000000 2123.581543 0.000000 0.624250 0.000000 -0.781225 0.468497 0.468497 0.468497
1658.833618 0.000000 2098.504150 0.000000 0.865920 0.000000 -0.500182 0.440016 0.440016 0.440016
1650.338013 0.000000 2109.765869 0.000000 0.133145 0.000000 -0.991097 0.504775 0.504775 0.504775
1650.195435 0.000000 2108.758057 0.000000 0.740553 0.000000 -0.671998 0.453720 0.453720 0.453720
1655.944824 0.000000 2144.566406 0.000000 0.287750 0.000000 -0.957706 0.497702 0.497702 0.497702
1626.767456 0.000000 2143.750244 0.000000 0.684803 0.000000 -0.728728 0.462373 0.462373 0.462373
1653.153809 0.000000 2119.545410 0.000000 0.492132 0.000000 -0.870521 0.480692 0.480692 0.480692
1658.615723 0.000000 2130.191650 0.000000 0.413752 0.000000 -0.910390 0.487412 0.487412 0.487412
1651.150269 0.000000 2132.564941 0.000000 0.999412 0.000000 -0.034287 0.402560 0.402560 0.402560
1642.467285 0.000000 2118.946045 0.000000 0.924652 0.000000 -0.380812 0.429845 0.429845 0.429845
1657.221436 0.000000 2112.750000 0.000000 0.212298 0.000000 -0.977205 0.503657 0.503657 0.503657
1662.167480 0.000000 2129.432617 0.000000 0.473349 0.000000 -0.880875 0.482331 0.482331 0.482331
1629.191406 0.000000 2127.889404 0.000000 0.949924 0.000000 -0.312482 0.424278 0.424278 0.424278
1642.336914 0.000000 2122.587158 0.000000 0.156929 0.000000 -0.987610 0.507962 0.507962 0.507962
1650.397217 0.000000 2115.912354 0.000000 0.349538 0.000000 -0.936922 0.492721 0.492721 0.492721
1661.169556 0.000000 2130.114014 0.000000 0.998703 0.000000 -0.050915 0.403891 0.403891 0.403891
1700.590088 0.000000 2043.444214 0.000000 0.971397 0.000000 -0.237462 0.201856 0.201856 0.201856
1694.227295 0.000000 2037.994873 0.000000 0.173845 0.000000 -0.984773 0.212199 0.212199 0.212199
1713.098145 0.000000 2047.813477 0.000000 0.830430 0.000000 -0.557123 0.207483 0.207483 0.207483
1703.131470 0.000000 2068.416748 0.000000 0.250574 0.000000 -0.968097 0.218699 0.218699 0.218699
1708.193481 0.000000 2054.382080 0.000000 0.984206 0.000000 -0.177028 0.219588 0.219588 0.219588
1703.590698 0.000000 2037.052612 0.000000 0.151213 0.000000 -0.988501 0.237890 0.237890 0.237890
1684.386963 0.000000 2060.234619 0.000000 0.112196 0.000000 -0.993686 0.262768 0.262768 0.262768
1704.628784 0.000000 2039.577759 0.000000 0.498864 0.000000 -0.866681 0.257350 0.257350 0.257350
1707.827026 0.000000 2071.624268 0.000000 0.999999 0.000000 -0.001365 0.238678 0.238678 0.238678
1697.615479 0.000000 2087.533203 0.000000 0.947134 0.000000 -0.320839 0.264427 0.264427 0.264427
1704.632446 0.000000 2073.072754 0.000000 0.491390 0.000000 -0.870940 0.287804 0.287804 0.287804
1691.270386 0.000000 2085.183838 0.000000 0.318050 0.000000 -0.948074 0.287684 0.287684 0.287684
1702.151733 0.000000 2073.761230 0.000000 0.868949 0.000000 -0.494902 0.306190 0.306190 0.306190
1716.948608 0.000000 2060.163574 0.000000 0.139114 0.000000 -0.990276 0.266662 0.266662 0.266662
1703.873657 0.000000 2070.225098 0.000000 0.948253 0.000000 -0.317516 0.296956 0.296956 0.296956
1718.093628 0.000000 2057.704834 0.000000 0.727160 0.000000 -0.686468 0.268049 0.268049 0.268049
1694.385010 0.000000 2075.032227 0.000000 0.922843 0.000000 -0.385177 0.263406 0.263406 0.263406
1691.789307 0.000000 2068.617188 0.000000 0.071234 0.000000 -0.997460 0.370800 0.370800 0.370800
1701.573853 0.000000 2044.941772 0.000000 0.772417 0.000000 -0.635116 0.275753 0.275753 0.275753
1700.465698 0.000000 2035.223389 0.000000 0.886407 0.000000 -0.462907 0.271337 0.271337 0.271337
1698.384521 0.000000 2081.707275 0.000000 0.996980 0.000000 -0.077659 0.279840 0.279840 0.279840
1713.404663 0.000000 2052.895508 0.000000 0.924812 0.000000 -0.380424 0.359893 0.359893 0.359893
1698.527588 0.000000 2040.545044 0.000000 0.616352 0.000000 -0.787471 0.320137 0.320137 0.320137
1670.203369 0.000000 2070.732666 0.000000 0.888158 0.000000 -0.459538 0.287459 0.287459 0.287459
1684.687622 0.000000 2086.140625 0.000000 0.627738 0.000000 -0.778425 0.390457 0.390457 0.390457
1685.720947 0.000000 2045.610229 0.000000 0.387268 0.000000 -0.921967 0.378763 0.378763 0.378763
1694.455078 0.000000 2039.515991 0.000000 0.625596 0.000000 -0.780148 0.413898 0.413898 0.413898
1691.479858 0.000000 2047.796509 0.000000 0.990608 0.000000 -0.136736 0.324331 0.324331 0.324331
1703.698120 0.000000 2035.395752 0.000000 0.895494 0.000000 -0.445074 0.305823 0.305823 0.305823
1715.138062 0.000000 2065.449707 0.000000 0.356677 0.000000 -0.934228 0.460500 0.460500 0.460500
1719.532715 0.000000 2058.047363 0.000000 0.973242 0.000000 -0.229784 0.362614 0.362614 0.362614
1686.790405 0.000000 2059.966309 0.000000 0.244509 0.000000 -0.969647 0.361410 0.361410 0.361410
1706.270874 0.000000 2040.929321 0.000000 0.997259 0.000000 -0.073983 0.331189 0.331189 0.331189
1698.905884 0.000000 2068.818359 0.000000 0.932225 0.000000 -0.361880 0.379128 0.379128 0.379128
1712.912598 0.000000 2049.250488 0.000000 0.391968 0.000000 -0.919979 0.437523 0.437523 0.437523
1676.118530 0.000000 2064.770264 0.000000 0.625315 0.000000 -0.780373 0.459006 0.459006 0.459006
1681.019165 0.000000 2062.055176 0.000000 0.503087 0.000000 -0.864236 0.401909 0.401909 0.401909
1677.528442 0.000000 2087.955811 0.000000 0.822828 0.000000 -0.568291 0.390727 0.390727 0.390727
1672.569824 0.000000 2089.374512 0.000000 0.558086 0.000000 -0.829783 0.436337 0.436337 0.436337
1701.877441 0.000000 2033.491455 0.000000 0.918753 0.000000 -0.394834 0.383441 0.383441 0.383441
1684.586182 0.000000 2072.741455 0.000000 0.649347 0.000000 -0.760492 0.360695 0.360695 0.360695
1673.361450 0.000000 2087.445801 0.000000 0.424003 0.000000 -0.905661 0.427797 0.427797 0.427797
1677.583374 0.000000 2066.206543 0.000000 0.989448 0.000000 -0.144885 0.351549 0.351549 0.351549
1679.678223 0.000000 2069.854736 0.000000 0.890512 0.000000 -0.454961 0.424784 0.424784 0.424784
1716.189697 0.000000 2067.511719 0.000000 0.523829 0.000000 -0.851823 0.472281 0.472281 0.472281
1689.668701 0.000000 2082.534180 0.000000 0.517522 0.000000 -0.855670 0.419220 0.419220 0.419220
1696.511597 0.000000 2064.434814 0.000000 0.952338 0.000000 -0.305045 0.402233 0.402233 0.402233
1683.856934 0.000000 2071.177490 0.000000 0.716145 0.000000 -0.697951 0.449760 0.449760 0.449760
1715.522583 0.000000 2050.124023 0.000000 0.921649 0.000000 -0.388024 0.428751 0.428751 0.428751
1701.055908 0.000000 2046.880737 0.000000 0.569256 0.000000 -0.822161 0.473736 0.473736 0.473736
1688.008911 0.000000 2053.847656 0.000000 0.999767 0.000000 -0.021602 0.401650 0.401650 0.401650
1698.075439 0.000000 2064.698730 0.000000 0.089699 0.000000 -0.995969 0.498349 0.498349 0.498349
1666.944824 0.000000 2088.904297 0.000000 0.982766 0.000000 -0.184856 0.360476 0.360476 0.360476
1677.509277 0.000000 2071.213867 0.000000 0.903268 0.000000 -0.429077 0.433879 0.433879 0.433879
1697.111572 0.000000 2066.957031 0.000000 0.643082 0.000000 -0.765797 0.466637 0.466637 0.466637
1670.432007 0.000000 2079.330078 0.000000 0.212666 0.000000 -0.977125 0.503628 0.503628 0.503628
1669.619141 0.000000 2088.885498 0.000000 0.970145 0.000000 -0.242527 0.377776 0.377776 0.377776
1717.815186 0.000000 2063.812500 0.000000 0.472281 0.000000 -0.881448 0.377963 0.377963 0.377963
1689.454346 0.000000 2042.546143 0.000000 0.891893 0.000000 -0.452246 0.435850 0.435850 0.435850
1697.146729 0.000000 2081.370850 0.000000 0.982954 0.000000 -0.183853 0.345000 0.345000 0.345000
1701.650635 0.000000 2072.589844 0.000000 0.690429 0.000000 -0.723400 0.453503 0.453503 0.453503
1684.673706 0.000000 2058.790771 0.000000 0.424953 0.000000 -0.905215 0.390745 0.390745 0.390745
1672.482910 0.000000 2073.787598 0.000000 0.835716 0.000000 -0.549162 0.444413 0.444413 0.444413
1678.840942 0.000000 2061.231934 0.000000 0.946602 0.000000 -0.322404 0.423767 0.423767 0.423767
1710.963745 0.000000 2053.536865 0.000000 0.728378 0.000000 -0.685175 0.450316 0.450316 0.450316
1687.063110 0.000000 2055.111572 0.000000 0.563534 0.000000 -0.826093 0.474266 0.474266 0.474266
1687.490356 0.000000 2056.461914 0.000000 0.411270 0.000000 -0.911514 0.483325 0.483325 0.483325
1689.135010 0.000000 2046.178223 0.000000 0.711685 0.000000 -0.702499 0.448133 0.448133 0.448133
1709.942261 0.000000 2049.391113 0.000000 0.769474 0.000000 -0.638678 0.444450 0.444450 0.444450
1710.927124 0.000000 2050.025391 0.000000 0.980078 0.000000 -0.198611 0.413078 0.413078 0.413078
1673.139160 0.000000 2078.161133 0.000000 0.170016 0.000000 -0.985441 0.492269 0.492269 0.492269
1670.215210 0.000000 2076.780518 0.000000 0.807838 0.000000 -0.589404 0.448153 0.448153 0.448153
1715.448608 0.000000 2048.711182 0.000000 0.987809 0.000000 -0.155670 0.394534 0.394534 0.394534
1701.766479 0.000000 2071.244385 0.000000 0.557547 0.000000 -0.830145 0.470906 0.470906 0.470906
1719.950684 0.000000 2059.416016 0.000000 0.757610 0.000000 -0.652708 0.384926 0.384926 0.384926
1670.284668 0.000000 2073.609863 0.000000 0.527064 0.000000 -0.849826 0.474040 0.474040 0.474040
1699.812500 0.000000 2070.839600 0.000000 0.841011 0.000000 -0.541018 0.401170 0.401170 0.401170
1706.449585 0.000000 2049.823975 0.000000 0.879279 0.000000 -0.476308 0.433216 0.433216 0.433216
1698.307007 0.000000 2083.221191 0.000000 0.663275 0.000000 -0.748376 0.409895 0.409895 0.409895
1692.670166 0.000000 2045.662720 0.000000 0.764443 0.000000 -0.644692 0.445652 0.445652 0.445652
1715.446045 0.000000 2064.382080 0.000000 0.656955 0.000000 -0.753930 0.439569 0.439569 0.439569
1673.572998 0.000000 2075.934326 0.000000 0.903420 0.000000 -0.428756 0.433852 0.433852 0.433852
1713.593384 0.000000 2050.132812 0.000000 0.995543 0.000000 -0.094304 0.407215 0.407215 0.407215
1674.871216 0.000000 2068.711914 0.000000 0.923675 0.000000 -0.383176 0.427586 0.427586 0.427586
1686.560059 0.000000 2085.096191 0.000000 0.520717 0.000000 -0.853729 0.478159 0.478159 0.478159
1675.498657 0.000000 2074.715820 0.000000 0.901023 0.000000 -0.433772 0.434276 0.434276 0.434276
1695.837402 0.000000 2040.245850 0.000000 0.286058 0.000000 -0.958212 0.497837 0.497837 0.497837
1700.950806 0.000000 2049.485352 0.000000 0.178415 0.000000 -0.983955 0.492749 0.492749 0.492749
1714.217041 0.000000 2048.156982 0.000000 0.222431 0.000000 -0.974948 0.463822 0.463822 0.463822
1671.646240 0.000000 2075.258545 0.000000 0.139683 0.000000 -0.990196 0.509294 0.509294 0.509294
1668.587402 0.000000 2075.239258 0.000000 0.992575 0.000000 -0.121638 0.409315 0.409315 0.409315
1698.781006 0.000000 2045.107422 0.000000 0.999859 0.000000 -0.016800 0.401283 0.401283 0.401283
1674.263916 0.000000 2084.149658 0.000000 0.736441 0.000000 -0.676502 0.456390 0.456390 0.456390
1690.647827 0.000000 2073.405029 0.000000 0.851396 0.000000 -0.524524 0.439287 0.439287 0.439287
1669.281494 0.000000 2073.038818 0.000000 0.182569 0.000000 -0.983193 0.483178 0.483178 0.483178
1694.072510 0.000000 2040.485596 0.000000 0.357321 0.000000 -0.933982 0.492086 0.492086 0.492086
1679.094727 0.000000 2060.193848 0.000000 0.583173 0.000000 -0.812348 0.468647 0.468647 0.468647
1685.293335 0.000000 2055.966309 0.000000 0.578481 0.000000 -0.815696 0.461920 0.461920 0.461920
1689.502808 0.000000 2044.010986 0.000000 0.026269 0.000000 -0.999655 0.517993 0.517993 0.517993
1695.150879 0.000000 2042.138550 0.000000 0.885867 0.000000 -0.463939 0.432279 0.432279 0.432279
1681.233276 0.000000 2072.270508 0.000000 0.553691 0.000000 -0.832722 0.475173 0.475173 0.475173
1697.961548 0.000000 2043.248779 0.000000 0.869746 0.000000 -0.493499 0.439428 0.439428 0.439428
1677.377197 0.000000 2075.661621 0.000000 0.999106 0.000000 -0.042287 0.403231 0.403231 0.403231
1671.129761 0.000000 2077.403076 0.000000 0.992467 0.000000 -0.122511 0.409383 0.409383 0.409383
1690.603394 0.000000 2040.721436 0.000000 0.999798 0.000000 -0.020120 0.401537 0.401537 0.401537
1714.565430 0.000000 2050.471191 0.000000 0.721475 0.000000 -0.692440 0.455185 0.455185 0.455185
1683.115234 0.000000 2057.135742 0.000000 0.464929 0.000000 -0.885348 0.478716 0.478716 0.478716
1693.504883 0.000000 2074.496094 0.000000 0.662320 0.000000 -0.749221 0.456452 0.456452 0.456452
1692.635742 0.000000 2073.065674 0.000000 0.947484 0.000000 -0.319804 0.424868 0.424868 0.424868
1688.784302 0.000000 2084.651367 0.000000 0.895668 0.000000 -0.444724 0.435208 0.435208 0.435208
1689.338013 0.000000 2055.321777 0.000000 0.541188 0.000000 -0.840902 0.471077 0.471077 0.471077
1674.726807 0.000000 2071.548584 0.000000 0.934437 0.000000 -0.356128 0.427817 0.427817 0.427817
1704.764893 0.000000 2042.860474 0.000000 0.292931 0.000000 -0.956134 0.493155 0.493155 0.493155
1713.139526 0.000000 2069.123535 0.000000 0.998430 0.000000 -0.056008 0.404281 0.404281 0.404281
1685.550659 0.000000 2085.717773 0.000000 0.999391 0.000000 -0.034898 0.402667 0.402667 0.402667
1699.053345 0.000000 2048.764404 0.000000 0.387723 0.000000 -0.921776 0.486070 0.486070 0.486070
1687.981323 0.000000 2052.093018 0.000000 0.479137 0.000000 -0.877740 0.481828 0.481828 0.481828
1675.298706 0.000000 2084.182373 0.000000 0.732827 0.000000 -0.680415 0.456794 0.456794 0.456794
1675.870850 0.000000 2072.437500 0.000000 0.999964 0.000000 -0.008426 0.400644 0.400644 0.400644
1690.441895 0.000000 2045.367188 0.000000 0.427595 0.000000 -0.903971 0.486247 0.486247 0.486247
1698.677246 0.000000 2042.623169 0.000000 0.153954 0.000000 -0.988078 0.507838 0.507838 0.507838
1715.284790 0.000000 2067.720703 0.000000 0.973306 0.000000 -0.229510 0.417691 0.417691 0.417691
1782.755981 0.000000 2059.532959 0.000000 0.725642 0.000000 -0.688073 0.206725 0.206725 0.206725
1776.749756 0.000000 2056.045166 0.000000 0.992615 0.000000 -0.121312 0.224611 0.224611 0.224611
1787.060547 0.000000 2076.029785 0.000000 0.687243 0.000000 -0.726428 0.274443 0.274443 0.274443
1779.156128 0.000000 2047.510620 0.000000 0.912912 0.000000 -0.408156 0.289753 0.289753 0.289753
1774.877930 0.000000 2086.861084 0.000000 0.997935 0.000000 -0.064226 0.286329 0.286329 0.286329
1782.278564 0.000000 2033.469360 0.000000 0.633332 0.000000 -0.773880 0.281300 0.281300 0.281300
1784.590820 0.000000 2087.348145 0.000000 0.302197 0.000000 -0.953245 0.302550 0.302550 0.302550
1789.135376 0.000000 2076.164062 0.000000 0.999940 0.000000 -0.010944 0.333216 0.333216 0.333216
1782.014893 0.000000 2038.957642 0.000000 0.999639 0.000000 -0.026855 0.356462 0.356462 0.356462
1781.482910 0.000000 2034.759644 0.000000 0.999984 0.000000 -0.005692 0.315046 0.315046 0.315046
1783.597168 0.000000 2040.353638 0.000000 0.742470 0.000000 -0.669879 0.421074 0.421074 0.421074
1772.925659 0.000000 2050.004883 0.000000 0.996850 0.000000 -0.079306 0.337136 0.337136 0.337136
1776.912598 0.000000 2049.250488 0.000000 0.786357 0.000000 -0.617772 0.389659 0.389659 0.389659
1781.412354 0.000000 2036.233521 0.000000 0.343916 0.000000 -0.939000 0.414891 0.414891 0.414891
1778.147583 0.000000 2058.510010 0.000000 0.305960 0.000000 -0.952044 0.488697 0.488697 0.488697
1789.635010 0.000000 2062.059570 0.000000 0.524265 0.000000 -0.851555 0.382893 0.382893 0.382893
1783.307251 0.000000 2034.282959 0.000000 0.885382 0.000000 -0.464864 0.362670 0.362670 0.362670
1784.781006 0.000000 2047.385376 0.000000 0.836331 0.000000 -0.548225 0.444327 0.444327 0.444327
1781.735840 0.000000 2049.818115 0.000000 0.993338 0.000000 -0.115237 0.408823 0.408823 0.408823
1781.912476 0.000000 2056.216309 0.000000 0.972006 0.000000 -0.234958 0.415454 0.415454 0.415454
1776.708740 0.000000 2051.669189 0.000000 0.999864 0.000000 -0.016521 0.401262 0.401262 0.401262
1780.335327 0.000000 2047.913086 0.000000 0.529050 0.000000 -0.848591 0.477412 0.477412 0.477412
1774.963745 0.000000 2053.536865 0.000000 0.728136 0.000000 -0.685433 0.457693 0.457693 0.457693
1784.164185 0.000000 2046.360596 0.000000 0.858883 0.000000 -0.512171 0.441078 0.441078 0.441078
1779.448608 0.000000 2048.711182 0.000000 0.776156 0.000000 -0.630541 0.452120 0.452120 0.452120
1780.205811 0.000000 2046.652588 0.000000 0.304646 0.000000 -0.952466 0.496351 0.496351 0.496351
1781.138062 0.000000 2039.750610 0.000000 0.858038 0.000000 -0.513586 0.431636 0.431636 0.431636
1777.188232 0.000000 2061.144287 0.000000 0.117598 0.000000 -0.993061 0.510995 0.510995 0.510995
1777.593384 0.000000 2050.132812 0.000000 0.130732 0.000000 -0.991418 0.509984 0.509984 0.509984
1778.217041 0.000000 2048.156982 0.000000 0.030248 0.000000 -0.999542 0.517689 0.517689 0.517689
1782.973877 0.000000 2041.283936 0.000000 0.101791 0.000000 -0.994806 0.462358 0.462358 0.462358
1782.640503 0.000000 2044.675781 0.000000 0.826277 0.000000 -0.563263 0.445709 0.445709 0.445709
1782.398193 0.000000 2047.494141 0.000000 0.844285 0.000000 -0.535895 0.443206 0.443206 0.443206
1778.565430 0.000000 2050.471191 0.000000 0.342869 0.000000 -0.939383 0.493264 0.493264 0.493264
1781.308350 0.000000 2048.190430 0.000000 0.997134 0.000000 -0.075650 0.405785 0.405785 0.405785
1779.315430 0.000000 2054.525879 0.000000 0.017316 0.000000 -0.999850 0.514799 0.514799 0.514799
1778.338013 0.000000 2053.281494 0.000000 0.281044 0.000000 -0.959695 0.498237 0.498237 0.498237
1777.442627 0.000000 2053.926025 0.000000 0.779125 0.000000 -0.626869 0.451759 0.451759 0.451759
1778.195435 0.000000 2052.273682 0.000000 0.477412 0.000000 -0.878680 0.481978 0.481978 0.481978
1779.975708 0.000000 2053.381104 0.000000 0.746723 0.000000 -0.665135 0.455590 0.455590 0.455590
1673.453857 0.000000 2096.241211 0.000000 0.429355 0.000000 -0.903136 0.207878 0.207878 0.207878
1672.260498 0.000000 2098.927490 0.000000 0.107375 0.000000 -0.994219 0.238460 0.238460 0.238460
1674.423096 0.000000 2113.669434 0.000000 0.850087 0.000000 -0.526642 0.220599 0.220599 0.220599
1664.010498 0.000000 2118.608154 0.000000 0.473561 0.000000 -0.880761 0.264685 0.264685 0.264685
1673.306274 0.000000 2115.596436 0.000000 0.707502 0.000000 -0.706712 0.289743 0.289743 0.289743
1686.295044 0.000000 2097.395020 0.000000 0.769394 0.000000 -0.638774 0.264222 0.264222 0.264222
1675.020874 0.000000 2101.164062 0.000000 0.387778 0.000000 -0.921753 0.304678 0.304678 0.304678
1671.854370 0.000000 2100.669922 0.000000 0.237018 0.000000 -0.971505 0.344757 0.344757 0.344757
1664.129395 0.000000 2121.966553 0.000000 0.860252 0.000000 -0.509869 0.273742 0.273742 0.273742
1665.194214 0.000000 2099.196289 0.000000 0.388597 0.000000 -0.921408 0.342650 0.342650 0.342650
1685.358154 0.000000 2113.814453 0.000000 0.490988 0.000000 -0.871167 0.447002 0.447002 0.447002
1665.273926 0.000000 2117.441650 0.000000 0.105420 0.000000 -0.994428 0.460443 0.460443 0.460443
1671.009521 0.000000 2111.561768 0.000000 0.470624 0.000000 -0.882334 0.443671 0.443671 0.443671
1683.060669 0.000000 2117.132568 0.000000 0.245719 0.000000 -0.969341 0.349058 0.349058 0.349058
1666.422363 0.000000 2102.988281 0.000000 0.750653 0.000000 -0.660696 0.446488 0.446488 0.446488
1681.509277 0.000000 2117.292236 0.000000 0.995769 0.000000 -0.091888 0.339957 0.339957 0.339957
1668.622925 0.000000 2121.309082 0.000000 0.937648 0.000000 -0.347587 0.427120 0.427120 0.427120
1667.393555 0.000000 2117.420410 0.000000 0.977735 0.000000 -0.209842 0.416151 0.416151 0.416151
1689.454346 0.000000 2099.030518 0.000000 0.035078 0.000000 -0.999385 0.517320 0.517320 0.517320
1667.693237 0.000000 2104.934326 0.000000 0.870621 0.000000 -0.491955 0.439292 0.439292 0.439292
1667.569946 0.000000 2103.566162 0.000000 0.920092 0.000000 -0.391702 0.425924 0.425924 0.425924
1665.904907 0.000000 2107.758545 0.000000 0.999869 0.000000 -0.016207 0.401238 0.401238 0.401238
1665.854492 0.000000 2105.365234 0.000000 0.988175 0.000000 -0.153331 0.411760 0.411760 0.411760
1664.271973 0.000000 2110.877197 0.000000 0.333071 0.000000 -0.942902 0.417025 0.417025 0.417025
1676.047363 0.000000 2096.803711 0.000000 0.793455 0.000000 -0.608629 0.446557 0.446557 0.446557
1676.818481 0.000000 2095.348389 0.000000 0.490756 0.000000 -0.871297 0.442363 0.442363 0.442363
1665.178223 0.000000 2097.541504 0.000000 0.910242 0.000000 -0.414077 0.432615 0.432615 0.432615
1670.265015 0.000000 2103.075439 0.000000 0.366378 0.000000 -0.930466 0.445410 0.445410 0.445410
1667.441895 0.000000 2091.307617 0.000000 0.635133 0.000000 -0.772403 0.463901 0.463901 0.463901
1664.249878 0.000000 2097.024414 0.000000 0.917554 0.000000 -0.397611 0.431239 0.431239 0.431239
1664.978394 0.000000 2095.447754 0.000000 0.098190 0.000000 -0.995168 0.512487 0.512487 0.512487
1689.362671 0.000000 2096.129395 0.000000 0.883652 0.000000 -0.468145 0.437219 0.437219 0.437219
1664.017822 0.000000 2104.657715 0.000000 0.379988 0.000000 -0.924991 0.490223 0.490223 0.490223
1683.115234 0.000000 2113.620117 0.000000 0.739753 0.000000 -0.672879 0.449753 0.449753 0.449753
1672.497681 0.000000 2091.156494 0.000000 0.973798 0.000000 -0.227414 0.417526 0.417526 0.417526
1671.321777 0.000000 2091.352295 0.000000 0.260142 0.000000 -0.965570 0.499895 0.499895 0.499895
1664.013794 0.000000 2090.656738 0.000000 0.956951 0.000000 -0.290251 0.420218 0.420218 0.420218
1691.207520 0.000000 2094.701904 0.000000 0.372536 0.000000 -0.928018 0.490837 0.490837 0.490837
1666.931030 0.000000 2090.503662 0.000000 0.242298 0.000000 -0.970202 0.496007 0.496007 0.496007
1667.028320 0.000000 2120.451416 0.000000 0.200003 0.000000 -0.979795 0.504617 0.504617 0.504617
1682.787231 0.000000 2119.181396 0.000000 0.339580 0.000000 -0.940577 0.493532 0.493532 0.493532
1669.685425 0.000000 2118.347656 0.000000 0.554847 0.000000 -0.831953 0.475066 0.475066 0.475066
1755.974365 0.000000 2121.651367 0.000000 0.953127 0.000000 -0.302572 0.202302 0.202302 0.202302
1790.112061 0.000000 2133.840576 0.000000 0.998894 0.000000 -0.047025 0.200423 0.200423 0.200423
1769.927490 0.000000 2134.655029 0.000000 0.198451 0.000000 -0.980111 0.212836 0.212836 0.212836
1759.716431 0.000000 2130.372559 0.000000 0.334828 0.000000 -0.942279 0.283013 0.283013 0.283013
1753.637573 0.000000 2126.619385 0.000000 0.441275 0.000000 -0.897372 0.257071 0.257071 0.257071
1758.385010 0.000000 2131.516602 0.000000 0.047686 0.000000 -0.998862 0.289060 0.289060 0.289060
1766.249512 0.000000 2143.614014 0.000000 0.458692 0.000000 -0.888596 0.304158 0.304158 0.304158
1756.480591 0.000000 2128.482910 0.000000 0.992735 0.000000 -0.120320 0.312136 0.312136 0.312136
1767.682861 0.000000 2138.172852 0.000000 0.172212 0.000000 -0.985060 0.384587 0.384587 0.384587
1784.531372 0.000000 2145.382812 0.000000 0.969817 0.000000 -0.243835 0.336728 0.336728 0.336728
1790.039429 0.000000 2130.382080 0.000000 0.924496 0.000000 -0.381192 0.347358 0.347358 0.347358
1763.450684 0.000000 2098.582520 0.000000 0.265262 0.000000 -0.964176 0.363737 0.363737 0.363737
1758.551758 0.000000 2124.676758 0.000000 0.083435 0.000000 -0.996513 0.376791 0.376791 0.376791
1784.262695 0.000000 2140.336914 0.000000 0.959212 0.000000 -0.282689 0.421250 0.421250 0.421250
1760.915405 0.000000 2130.837402 0.000000 0.468377 0.000000 -0.883529 0.475188 0.475188 0.475188
1761.949341 0.000000 2131.527588 0.000000 0.999882 0.000000 -0.015382 0.401068 0.401068 0.401068
1769.749756 0.000000 2143.069824 0.000000 0.101215 0.000000 -0.994865 0.512254 0.512254 0.512254
1769.291626 0.000000 2139.427979 0.000000 0.826618 0.000000 -0.562763 0.445663 0.445663 0.445663
1769.102051 0.000000 2097.181885 0.000000 0.991420 0.000000 -0.130712 0.410014 0.410014 0.410014
1760.504517 0.000000 2133.269043 0.000000 0.063887 0.000000 -0.997957 0.515116 0.515116 0.515116
1783.350220 0.000000 2145.993652 0.000000 0.803778 0.000000 -0.594929 0.445813 0.445813 0.445813
1766.453369 0.000000 2144.771729 0.000000 0.579240 0.000000 -0.815157 0.413933 0.413933 0.413933
1783.149902 0.000000 2140.019775 0.000000 0.938522 0.000000 -0.345220 0.426927 0.426927 0.426927
1773.730347 0.000000 2137.862793 0.000000 0.305593 0.000000 -0.952162 0.496275 0.496275 0.496275
1784.844116 0.000000 2141.452148 0.000000 0.538186 0.000000 -0.842826 0.474334 0.474334 0.474334
1774.579590 0.000000 2092.588135 0.000000 0.001907 0.000000 -0.999998 0.476769 0.476769 0.476769
1770.916016 0.000000 2140.533447 0.000000 0.916006 0.000000 -0.401165 0.431535 0.431535 0.431535
1785.582520 0.000000 2146.058594 0.000000 0.929279 0.000000 -0.369379 0.416401 0.416401 0.416401
1769.291504 0.000000 2140.484863 0.000000 0.281060 0.000000 -0.959690 0.498235 0.498235 0.498235
1771.491333 0.000000 2097.843994 0.000000 0.891558 0.000000 -0.452907 0.435907 0.435907 0.435907
1773.241699 0.000000 2135.882080 0.000000 0.840414 0.000000 -0.541945 0.443755 0.443755 0.443755
1758.356323 0.000000 2132.605957 0.000000 0.972935 0.000000 -0.231081 0.417814 0.417814 0.417814
1755.132935 0.000000 2124.300781 0.000000 0.419947 0.000000 -0.907548 0.486892 0.486892 0.486892
1770.687134 0.000000 2094.917480 0.000000 0.601275 0.000000 -0.799042 0.470718 0.470718 0.470718
1761.564331 0.000000 2134.477051 0.000000 0.340283 0.000000 -0.940323 0.482172 0.482172 0.482172
1783.210693 0.000000 2142.283203 0.000000 0.737626 0.000000 -0.675210 0.456627 0.456627 0.456627
1768.486938 0.000000 2138.899414 0.000000 0.847366 0.000000 -0.531009 0.442765 0.442765 0.442765
1772.064819 0.000000 2134.394775 0.000000 0.839568 0.000000 -0.543255 0.443874 0.443874 0.443874
1790.167480 0.000000 2129.432617 0.000000 0.994834 0.000000 -0.101512 0.407413 0.407413 0.407413
1758.478760 0.000000 2133.545166 0.000000 0.966343 0.000000 -0.257259 0.419877 0.419877 0.419877
1772.897827 0.000000 2136.815918 0.000000 0.838774 0.000000 -0.544480 0.443986 0.443986 0.443986
1754.852661 0.000000 2125.204102 0.000000 0.999944 0.000000 -0.010603 0.400810 0.400810 0.400810
1770.110229 0.000000 2138.682861 0.000000 0.384970 0.000000 -0.922929 0.489811 0.489811 0.489811
1576.552612 0.000000 2199.257324 0.000000 0.725620 0.000000 -0.688096 0.243467 0.243467 0.243467
1596.194946 0.000000 2181.995361 0.000000 0.760279 0.000000 -0.649596 0.268372 0.268372 0.268372
1594.542236 0.000000 2195.577393 0.000000 0.908677 0.000000 -0.417501 0.262888 0.262888 0.262888
1586.704468 0.000000 2194.330322 0.000000 0.956799 0.000000 -0.290749 0.273344 0.273344 0.273344
1582.145630 0.000000 2190.229248 0.000000 0.812785 0.000000 -0.582564 0.271783 0.271783 0.271783
1578.936646 0.000000 2198.906494 0.000000 0.791790 0.000000 -0.610794 0.310192 0.310192 0.310192
1580.112549 0.000000 2200.460693 0.000000 0.980931 0.000000 -0.194356 0.328831 0.328831 0.328831
1586.095459 0.000000 2186.743164 0.000000 0.511215 0.000000 -0.859453 0.471003 0.471003 0.471003
1597.311279 0.000000 2200.697266 0.000000 0.987338 0.000000 -0.158632 0.387598 0.387598 0.387598
1599.412231 0.000000 2199.254395 0.000000 0.743339 0.000000 -0.668915 0.425253 0.425253 0.425253
1597.825317 0.000000 2197.072266 0.000000 0.375719 0.000000 -0.926733 0.490575 0.490575 0.490575
1596.154541 0.000000 2186.506104 0.000000 0.821842 0.000000 -0.569715 0.446307 0.446307 0.446307
1587.779053 0.000000 2191.986816 0.000000 0.463199 0.000000 -0.886254 0.480761 0.480761 0.480761
1585.885254 0.000000 2193.427002 0.000000 0.232765 0.000000 -0.972533 0.502053 0.502053 0.502053
1584.238770 0.000000 2192.090820 0.000000 0.457708 0.000000 -0.889103 0.483681 0.483681 0.483681
1587.963013 0.000000 2189.890137 0.000000 0.730523 0.000000 -0.682888 0.457426 0.457426 0.457426
1584.024780 0.000000 2188.137939 0.000000 0.999164 0.000000 -0.040890 0.403125 0.403125 0.403125
1599.198486 0.000000 2186.918701 0.000000 0.396247 0.000000 -0.918144 0.478419 0.478419 0.478419
1596.028442 0.000000 2185.189453 0.000000 0.920702 0.000000 -0.390267 0.430628 0.430628 0.430628
1585.185059 0.000000 2198.265381 0.000000 0.948623 0.000000 -0.316407 0.424594 0.424594 0.424594
1584.476318 0.000000 2194.239258 0.000000 0.287368 0.000000 -0.957820 0.497733 0.497733 0.497733
1583.125000 0.000000 2198.799805 0.000000 0.686714 0.000000 -0.726928 0.462173 0.462173 0.462173
1584.431641 0.000000 2187.187744 0.000000 0.220647 0.000000 -0.975354 0.495262 0.495262 0.495262
1577.895386 0.000000 2201.088379 0.000000 0.974452 0.000000 -0.224595 0.417305 0.417305 0.417305
1587.150269 0.000000 2189.049316 0.000000 0.843941 0.000000 -0.536435 0.443255 0.443255 0.443255
1596.698730 0.000000 2197.204102 0.000000 0.843135 0.000000 -0.537702 0.443370 0.443370 0.443370
1585.975220 0.000000 2188.546875 0.000000 0.317717 0.000000 -0.948186 0.495300 0.495300 0.495300
1585.757324 0.000000 2194.404541 0.000000 0.961553 0.000000 -0.274620 0.421252 0.421252 0.421252
1578.481323 0.000000 2202.579102 0.000000 0.539950 0.000000 -0.841697 0.476426 0.476426 0.476426
1582.665649 0.000000 2196.873535 0.000000 0.251872 0.000000 -0.967761 0.500549 0.500549 0.500549
1609.888916 0.000000 2201.671387 0.000000 0.123077 0.000000 -0.992397 0.215892 0.215892 0.215892
1615.712891 0.000000 2165.020508 0.000000 0.789048 0.000000 -0.614331 0.206937 0.206937 0.206937
1643.534790 0.000000 2162.395996 0.000000 0.986673 0.000000 -0.162716 0.217101 0.217101 0.217101
1606.827515 0.000000 2202.405029 0.000000 0.976041 0.000000 -0.217589 0.223599 0.223599 0.223599
1610.112183 0.000000 2164.560059 0.000000 0.997219 0.000000 -0.074531 0.228521 0.228521 0.228521
1600.010498 0.000000 2175.092529 0.000000 0.855872 0.000000 -0.517187 0.257616 0.257616 0.257616
1608.162109 0.000000 2166.126953 0.000000 0.435761 0.000000 -0.900063 0.273775 0.273775 0.273775
1630.946777 0.000000 2159.645264 0.000000 0.996864 0.000000 -0.079133 0.230862 0.230862 0.230862
1611.567871 0.000000 2186.559570 0.000000 0.351370 0.000000 -0.936237 0.246204 0.246204 0.246204
1605.188354 0.000000 2189.146240 0.000000 0.059059 0.000000 -0.998254 0.302402 0.302402 0.302402
1614.324707 0.000000 2170.294189 0.000000 0.959157 0.000000 -0.282875 0.241027 0.241027 0.241027
1614.008911 0.000000 2166.151367 0.000000 0.685503 0.000000 -0.728070 0.294490 0.294490 0.294490
1615.814819 0.000000 2167.038330 0.000000 0.990731 0.000000 -0.135840 0.277848 0.277848 0.277848
1610.587402 0.000000 2159.686523 0.000000 0.689936 0.000000 -0.723871 0.261193 0.261193 0.261193
1646.857178 0.000000 2151.910156 0.000000 0.522846 0.000000 -0.852427 0.284230 0.284230 0.284230
1641.043945 0.000000 2158.421875 0.000000 0.961833 0.000000 -0.273637 0.264600 0.264600 0.264600
1619.362671 0.000000 2154.717773 0.000000 0.989293 0.000000 -0.145942 0.335193 0.335193 0.335193
1633.168701 0.000000 2166.698486 0.000000 0.542300 0.000000 -0.840185 0.339882 0.339882 0.339882
1627.663208 0.000000 2169.201904 0.000000 0.845360 0.000000 -0.534198 0.372751 0.372751 0.372751
1630.637329 0.000000 2164.575195 0.000000 0.905116 0.000000 -0.425165 0.383826 0.383826 0.383826
1626.288574 0.000000 2166.239014 0.000000 0.990185 0.000000 -0.139760 0.359520 0.359520 0.359520
1619.123779 0.000000 2169.095459 0.000000 0.163495 0.000000 -0.986544 0.384936 0.384936 0.384936
1620.786621 0.000000 2163.742188 0.000000 0.094475 0.000000 -0.995527 0.354074 0.354074 0.354074
1627.648804 0.000000 2153.839844 0.000000 0.143538 0.000000 -0.989645 0.335383 0.335383 0.335383
1618.458496 0.000000 2181.502197 0.000000 0.395245 0.000000 -0.918576 0.326231 0.326231 0.326231
1616.717651 0.000000 2158.743408 0.000000 0.056686 0.000000 -0.998392 0.394094 0.394094 0.394094
1601.437988 0.000000 2184.366943 0.000000 0.973645 0.000000 -0.228067 0.318164 0.318164 0.318164
1625.317871 0.000000 2153.666504 0.000000 0.629943 0.000000 -0.776641 0.356004 0.356004 0.356004
1607.860718 0.000000 2179.746338 0.000000 0.837297 0.000000 -0.546748 0.425909 0.425909 0.425909
1612.990845 0.000000 2163.408447 0.000000 0.723952 0.000000 -0.689851 0.395682 0.395682 0.395682
1620.461060 0.000000 2177.630859 0.000000 0.525602 0.000000 -0.850730 0.387269 0.387269 0.387269
1606.769043 0.000000 2182.413574 0.000000 0.663901 0.000000 -0.747821 0.386858 0.386858 0.386858
1616.744019 0.000000 2156.000977 0.000000 0.839930 0.000000 -0.542695 0.359963 0.359963 0.359963
1612.281982 0.000000 2198.408203 0.000000 0.987344 0.000000 -0.158592 0.368674 0.368674 0.368674
1608.569824 0.000000 2202.343262 0.000000 0.929897 0.000000 -0.367820 0.340538 0.340538 0.340538
1614.955566 0.000000 2198.698486 0.000000 0.926039 0.000000 -0.377427 0.425798 0.425798 0.425798
1624.008911 0.000000 2166.816406 0.000000 0.921114 0.000000 -0.389293 0.430547 0.430547 0.430547
1604.622925 0.000000 2177.793457 0.000000 0.994829 0.000000 -0.101563 0.407772 0.407772 0.407772
1639.969727 0.000000 2154.331055 0.000000 0.586681 0.000000 -0.809818 0.379694 0.379694 0.379694
1648.730957 0.000000 2152.559326 0.000000 0.046122 0.000000 -0.998936 0.516475 0.516475 0.516475
1604.024048 0.000000 2193.457520 0.000000 0.346971 0.000000 -0.937876 0.492930 0.492930 0.492930
1632.142334 0.000000 2160.124268 0.000000 0.897593 0.000000 -0.440825 0.430431 0.430431 0.430431
1606.432007 0.000000 2192.298828 0.000000 0.045978 0.000000 -0.998942 0.511157 0.511157 0.511157
1611.079834 0.000000 2202.205322 0.000000 0.169058 0.000000 -0.985606 0.400777 0.400777 0.400777
1600.026367 0.000000 2183.523438 0.000000 0.008500 0.000000 -0.999964 0.519351 0.519351 0.519351
1636.226440 0.000000 2166.558105 0.000000 0.289976 0.000000 -0.957034 0.497525 0.497525 0.497525
1625.454346 0.000000 2155.514893 0.000000 0.970732 0.000000 -0.240166 0.418528 0.418528 0.418528
1606.734985 0.000000 2196.460205 0.000000 0.974066 0.000000 -0.226266 0.389020 0.389020 0.389020
1625.643677 0.000000 2147.728516 0.000000 0.797790 0.000000 -0.602935 0.449441 0.449441 0.449441
1606.448975 0.000000 2178.376221 0.000000 0.984393 0.000000 -0.175981 0.401701 0.401701 0.401701
1608.482910 0.000000 2186.756348 0.000000 0.325911 0.000000 -0.945401 0.494639 0.494639 0.494639
1635.433105 0.000000 2168.139648 0.000000 0.988942 0.000000 -0.148300 0.409848 0.409848 0.409848
1617.695801 0.000000 2168.991699 0.000000 0.867815 0.000000 -0.496887 0.439726 0.439726 0.439726
1634.155762 0.000000 2165.959229 0.000000 0.999965 0.000000 -0.008347 0.400638 0.400638 0.400638
1619.793213 0.000000 2163.073730 0.000000 0.815729 0.000000 -0.578435 0.446659 0.446659 0.446659
1610.491211 0.000000 2163.293945 0.000000 0.999911 0.000000 -0.013339 0.347940 0.347940 0.347940
1641.102051 0.000000 2153.666260 0.000000 0.996246 0.000000 -0.086573 0.405583 0.405583 0.405583
1629.269043 0.000000 2156.358154 0.000000 0.448669 0.000000 -0.893698 0.484456 0.484456 0.484456
1618.279175 0.000000 2153.880859 0.000000 0.442557 0.000000 -0.896741 0.458092 0.458092 0.458092
1606.215210 0.000000 2189.749268 0.000000 0.228670 0.000000 -0.973504 0.502375 0.502375 0.502375
1606.284668 0.000000 2186.578613 0.000000 0.772112 0.000000 -0.635486 0.451233 0.451233 0.451233
1619.455444 0.000000 2165.507080 0.000000 0.957536 0.000000 -0.288315 0.422343 0.422343 0.422343
1610.729126 0.000000 2160.826172 0.000000 0.222920 0.000000 -0.974837 0.487368 0.487368 0.487368
1640.703979 0.000000 2163.552490 0.000000 0.165311 0.000000 -0.986241 0.492934 0.492934 0.492934
1630.718750 0.000000 2165.828125 0.000000 0.816895 0.000000 -0.576787 0.392594 0.392594 0.392594
1624.987793 0.000000 2178.282715 0.000000 0.034734 0.000000 -0.999397 0.517346 0.517346 0.517346
1639.576904 0.000000 2164.792725 0.000000 0.985779 0.000000 -0.168049 0.412899 0.412899 0.412899
1619.231201 0.000000 2191.728027 0.000000 0.402324 0.000000 -0.915497 0.446411 0.446411 0.446411
1626.826904 0.000000 2157.475098 0.000000 0.579364 0.000000 -0.815069 0.472792 0.472792 0.472792
1620.360107 0.000000 2164.787354 0.000000 0.412952 0.000000 -0.910753 0.428433 0.428433 0.428433
1624.195679 0.000000 2149.533691 0.000000 0.248993 0.000000 -0.968505 0.449001 0.449001 0.449001
1637.259277 0.000000 2168.875000 0.000000 0.146955 0.000000 -0.989143 0.508733 0.508733 0.508733
1607.023926 0.000000 2184.426758 0.000000 0.976738 0.000000 -0.214437 0.416186 0.416186 0.416186
1627.100952 0.000000 2155.559570 0.000000 0.539342 0.000000 -0.842087 0.476482 0.476482 0.476482
1616.389526 0.000000 2161.343262 0.000000 0.558959 0.000000 -0.829195 0.436277 0.436277 0.436277
1644.634644 0.000000 2153.121582 0.000000 0.816716 0.000000 -0.577040 0.446990 0.446990 0.446990
1614.162354 0.000000 2161.151367 0.000000 0.154291 0.000000 -0.988025 0.479815 0.479815 0.479815
1609.938477 0.000000 2180.892578 0.000000 0.991851 0.000000 -0.127400 0.409345 0.409345 0.409345
1608.068481 0.000000 2189.976074 0.000000 0.999608 0.000000 -0.027985 0.401922 0.401922 0.401922
1639.104126 0.000000 2162.672363 0.000000 0.836592 0.000000 -0.547827 0.440093 0.440093 0.440093
1604.418335 0.000000 2195.605469 0.000000 0.693151 0.000000 -0.720793 0.453656 0.453656 0.453656
1643.491333 0.000000 2154.328369 0.000000 0.989561 0.000000 -0.144113 0.411048 0.411048 0.411048
1629.017578 0.000000 2178.026123 0.000000 0.896665 0.000000 -0.442710 0.435036 0.435036 0.435036
1616.733398 0.000000 2164.935791 0.000000 0.802464 0.000000 -0.596700 0.447089 0.447089 0.447089
1633.091309 0.000000 2161.320068 0.000000 0.859307 0.000000 -0.511459 0.435787 0.435787 0.435787
1630.083984 0.000000 2163.688721 0.000000 0.848319 0.000000 -0.529485 0.442628 0.442628 0.442628
1634.028442 0.000000 2167.419922 0.000000 0.929571 0.000000 -0.368644 0.428843 0.428843 0.428843
1604.975708 0.000000 2176.667725 0.000000 0.383708 0.000000 -0.923454 0.489915 0.489915 0.489915
1650.968262 0.000000 2148.809082 0.000000 0.069100 0.000000 -0.997610 0.514717 0.514717 0.514717
1637.557617 0.000000 2163.617188 0.000000 0.994100 0.000000 -0.108467 0.408167 0.408167 0.408167
1627.132935 0.000000 2180.785156 0.000000 0.129781 0.000000 -0.991543 0.496390 0.496390 0.496390
1622.996216 0.000000 2179.283203 0.000000 0.974823 0.000000 -0.222981 0.417179 0.417179 0.417179
1607.129761 0.000000 2190.371826 0.000000 0.185432 0.000000 -0.982657 0.505752 0.505752 0.505752
1609.779541 0.000000 2184.916260 0.000000 0.517023 0.000000 -0.855971 0.478490 0.478490 0.478490
1637.773926 0.000000 2167.835205 0.000000 0.882341 0.000000 -0.470610 0.437432 0.437432 0.437432
1653.317871 0.000000 2146.626709 0.000000 0.695257 0.000000 -0.718761 0.461069 0.461069 0.461069
1632.005737 0.000000 2164.645996 0.000000 0.988343 0.000000 -0.152246 0.411676 0.411676 0.411676
1641.629883 0.000000 2164.861328 0.000000 0.990063 0.000000 -0.140627 0.410779 0.410779 0.410779
1606.977661 0.000000 2177.537109 0.000000 0.994618 0.000000 -0.103612 0.407930 0.407930 0.407930
1650.006958 0.000000 2148.644043 0.000000 0.557235 0.000000 -0.830355 0.474847 0.474847 0.474847
1635.887817 0.000000 2164.326416 0.000000 0.990062 0.000000 -0.140634 0.410779 0.410779 0.410779
1640.764893 0.000000 2155.829102 0.000000 0.681663 0.000000 -0.731666 0.460858 0.460858 0.460858
1618.490723 0.000000 2163.746582 0.000000 0.951317 0.000000 -0.308213 0.423701 0.423701 0.423701
1644.048706 0.000000 2155.259521 0.000000 0.697878 0.000000 -0.716216 0.458400 0.458400 0.458400
1604.534790 0.000000 2175.735840 0.000000 0.701736 0.000000 -0.712437 0.460578 0.460578 0.460578
1603.028320 0.000000 2176.935791 0.000000 0.661635 0.000000 -0.749826 0.464767 0.464767 0.464767
1628.157349 0.000000 2179.065674 0.000000 0.540052 0.000000 -0.841631 0.476417 0.476417 0.476417
1623.981323 0.000000 2165.061768 0.000000 0.965940 0.000000 -0.258765 0.419996 0.419996 0.419996
1607.151611 0.000000 2186.217285 0.000000 0.761922 0.000000 -0.647669 0.452414 0.452414 0.452414
1607.033936 0.000000 2191.546143 0.000000 0.867999 0.000000 -0.496567 0.439698 0.439698 0.439698
1609.964233 0.000000 2178.758545 0.000000 0.749184 0.000000 -0.662362 0.455307 0.455307 0.455307
1608.738525 0.000000 2179.397705 0.000000 0.715980 0.000000 -0.698121 0.459035 0.459035 0.459035
1627.580811 0.000000 2154.772705 0.000000 0.923712 0.000000 -0.383089 0.430034 0.430034 0.430034
1627.457397 0.000000 2156.407715 0.000000 0.501840 0.000000 -0.864961 0.479838 0.479838 0.479838
1577.191162 0.000000 2205.020996 0.000000 0.933145 0.000000 -0.359501 0.244736 0.244736 0.244736
1580.179810 0.000000 2206.313721 0.000000 0.992255 0.000000 -0.124215 0.319226 0.319226 0.319226
1571.260010 0.000000 2205.455078 0.000000 0.048754 0.000000 -0.998811 0.482788 0.482788 0.482788
1578.488525 0.000000 2204.138916 0.000000 0.900931 0.000000 -0.433963 0.428913 0.428913 0.428913
1571.340820 0.000000 2204.145752 0.000000 0.999999 0.000000 -0.001259 0.391112 0.391112 0.391112
1599.208618 0.000000 2204.425049 0.000000 0.634440 0.000000 -0.772972 0.456246 0.456246 0.456246
1573.115112 0.000000 2203.758789 0.000000 0.037170 0.000000 -0.999309 0.517160 0.517160 0.517160
1579.149536 0.000000 2203.111084 0.000000 0.665247 0.000000 -0.746623 0.464398 0.464398 0.464398
1574.707886 0.000000 2205.316406 0.000000 0.169796 0.000000 -0.985479 0.493682 0.493682 0.493682
1573.476318 0.000000 2205.011475 0.000000 0.358997 0.000000 -0.933339 0.491949 0.491949 0.491949
1575.312012 0.000000 2203.880371 0.000000 0.514877 0.000000 -0.857264 0.478681 0.478681 0.478681
1579.600586 0.000000 2203.957031 0.000000 0.534669 0.000000 -0.845062 0.476905 0.476905 0.476905
1615.104492 0.000000 2207.742676 0.000000 0.578584 0.000000 -0.815623 0.265161 0.265161 0.265161
1611.846924 0.000000 2207.137695 0.000000 0.190715 0.000000 -0.981645 0.352448 0.352448 0.352448
1606.787476 0.000000 2207.782227 0.000000 0.024466 0.000000 -0.999701 0.418747 0.418747 0.418747
1613.379150 0.000000 2205.836914 0.000000 0.294824 0.000000 -0.955552 0.446383 0.446383 0.446383
1612.997925 0.000000 2204.749756 0.000000 0.951533 0.000000 -0.307547 0.393659 0.393659 0.393659
1611.797363 0.000000 2204.747559 0.000000 0.992477 0.000000 -0.122428 0.409376 0.409376 0.409376
1611.115234 0.000000 2205.752930 0.000000 0.974629 0.000000 -0.223825 0.417245 0.417245 0.417245
1600.013794 0.000000 2203.625488 0.000000 0.999910 0.000000 -0.013434 0.400989 0.400989 0.400989
1791.683594 0.000000 2159.446777 0.000000 0.999535 0.000000 -0.030494 0.200202 0.200202 0.200202
1791.290771 0.000000 2146.811279 0.000000 0.640865 0.000000 -0.767654 0.206445 0.206445 0.206445
1791.450562 0.000000 2154.335449 0.000000 0.391394 0.000000 -0.920223 0.241473 0.241473 0.241473
1789.061157 0.000000 2146.962646 0.000000 0.283500 0.000000 -0.958972 0.247246 0.247246 0.247246
1766.302734 0.000000 2159.472900 0.000000 0.996051 0.000000 -0.088787 0.270967 0.270967 0.270967
1777.047241 0.000000 2155.230713 0.000000 0.851591 0.000000 -0.524206 0.265291 0.265291 0.265291
1763.248779 0.000000 2160.767578 0.000000 0.288804 0.000000 -0.957388 0.265437 0.265437 0.265437
1765.911865 0.000000 2149.565918 0.000000 0.844551 0.000000 -0.535474 0.320446 0.320446 0.320446
1764.465698 0.000000 2148.192139 0.000000 0.959792 0.000000 -0.280711 0.311547 0.311547 0.311547
1783.988525 0.000000 2162.029541 0.000000 0.995806 0.000000 -0.091494 0.299686 0.299686 0.299686
1781.819214 0.000000 2155.031982 0.000000 0.996365 0.000000 -0.085192 0.336228 0.336228 0.336228
1788.446655 0.000000 2150.664062 0.000000 0.728068 0.000000 -0.685505 0.413739 0.413739 0.413739
1781.702759 0.000000 2164.243164 0.000000 0.828515 0.000000 -0.559967 0.401020 0.401020 0.401020
1787.155518 0.000000 2174.856445 0.000000 0.732327 0.000000 -0.680953 0.323584 0.323584 0.323584
1789.398315 0.000000 2148.268066 0.000000 0.596778 0.000000 -0.802406 0.409871 0.409871 0.409871
1780.297241 0.000000 2154.660156 0.000000 0.326598 0.000000 -0.945163 0.382917 0.382917 0.382917
1781.815186 0.000000 2176.781250 0.000000 0.422235 0.000000 -0.906486 0.486699 0.486699 0.486699
1768.942383 0.000000 2149.838623 0.000000 0.126820 0.000000 -0.991926 0.505240 0.505240 0.505240
1774.152832 0.000000 2180.298584 0.000000 0.993077 0.000000 -0.117461 0.391120 0.391120 0.391120
1779.048584 0.000000 2173.096191 0.000000 0.551195 0.000000 -0.834377 0.390367 0.390367 0.390367
1778.150146 0.000000 2155.692627 0.000000 0.067777 0.000000 -0.997700 0.410125 0.410125 0.410125
1785.383423 0.000000 2149.762451 0.000000 0.947631 0.000000 -0.319366 0.424833 0.424833 0.424833
1775.941284 0.000000 2181.025635 0.000000 0.934849 0.000000 -0.355047 0.405296 0.405296 0.405296
1765.009521 0.000000 2152.468018 0.000000 0.697913 0.000000 -0.716183 0.460987 0.460987 0.460987
1787.234253 0.000000 2150.778320 0.000000 0.936205 0.000000 -0.351454 0.427435 0.427435 0.427435
1784.863892 0.000000 2164.934326 0.000000 0.076443 0.000000 -0.997074 0.514154 0.514154 0.514154
1777.034546 0.000000 2177.603760 0.000000 0.519815 0.000000 -0.854279 0.478240 0.478240 0.478240
1786.839966 0.000000 2166.998291 0.000000 0.327887 0.000000 -0.944717 0.494479 0.494479 0.494479
1781.369629 0.000000 2166.837402 0.000000 0.589650 0.000000 -0.807659 0.434155 0.434155 0.434155
1777.624756 0.000000 2179.829834 0.000000 0.954008 0.000000 -0.299780 0.423259 0.423259 0.423259
1788.750244 0.000000 2152.708496 0.000000 0.574518 0.000000 -0.818492 0.473246 0.473246 0.473246
1774.713867 0.000000 2178.116699 0.000000 0.927157 0.000000 -0.374673 0.427517 0.427517 0.427517
1782.526489 0.000000 2164.982422 0.000000 0.997676 0.000000 -0.068131 0.405209 0.405209 0.405209
1762.781006 0.000000 2158.076172 0.000000 0.996757 0.000000 -0.080476 0.405511 0.405511 0.405511
1787.891235 0.000000 2165.057129 0.000000 0.998394 0.000000 -0.056651 0.404330 0.404330 0.404330
1765.004272 0.000000 2158.812988 0.000000 0.893056 0.000000 -0.449945 0.435654 0.435654 0.435654
1785.927490 0.000000 2164.733398 0.000000 0.623513 0.000000 -0.781813 0.468569 0.468569 0.468569
1764.410767 0.000000 2151.199463 0.000000 0.766023 0.000000 -0.642813 0.453336 0.453336 0.453336
1789.047485 0.000000 2154.843018 0.000000 0.997939 0.000000 -0.064168 0.404505 0.404505 0.404505
1767.312012 0.000000 2147.395996 0.000000 0.969535 0.000000 -0.244953 0.418905 0.418905 0.418905
1784.758667 0.000000 2150.641846 0.000000 0.939901 0.000000 -0.341448 0.426620 0.426620 0.426620
1784.404907 0.000000 2165.889648 0.000000 0.801012 0.000000 -0.598648 0.449031 0.449031 0.449031
1777.733032 0.000000 2176.210938 0.000000 0.413000 0.000000 -0.910731 0.487475 0.487475 0.487475
1780.455078 0.000000 2174.045410 0.000000 0.120909 0.000000 -0.992664 0.510741 0.510741 0.510741
1783.509888 0.000000 2164.128418 0.000000 0.276763 0.000000 -0.960938 0.498577 0.498577 0.498577
1789.796997 0.000000 2166.564453 0.000000 0.376349 0.000000 -0.926478 0.490523 0.490523 0.490523
1784.529419 0.000000 2153.713135 0.000000 0.970433 0.000000 -0.241370 0.418623 0.418623 0.418623
1781.996826 0.000000 2173.149902 0.000000 0.917732 0.000000 -0.397200 0.431204 0.431204 0.431204
1781.153809 0.000000 2176.029785 0.000000 0.061637 0.000000 -0.998099 0.515288 0.515288 0.515288
1785.169312 0.000000 2166.529297 0.000000 0.236407 0.000000 -0.971654 0.501767 0.501767 0.501767
1784.790527 0.000000 2148.962402 0.000000 0.813754 0.000000 -0.581209 0.447381 0.447381 0.447381
1767.163574 0.000000 2156.665283 0.000000 0.990669 0.000000 -0.136289 0.410444 0.410444 0.410444
1782.947998 0.000000 2165.833740 0.000000 0.875965 0.000000 -0.482374 0.438454 0.438454 0.438454
1764.292847 0.000000 2155.481934 0.000000 0.632415 0.000000 -0.774630 0.467695 0.467695 0.467695
1777.086304 0.000000 2168.060547 0.000000 0.942568 0.000000 -0.334014 0.426017 0.426017 0.426017
1844.449829 0.000000 2066.197998 0.000000 0.957802 0.000000 -0.287430 0.201965 0.201965 0.201965
1817.924683 0.000000 2086.677979 0.000000 0.850435 0.000000 -0.526080 0.203942 0.203942 0.203942
1848.634888 0.000000 2069.226074 0.000000 0.268316 0.000000 -0.963331 0.210703 0.210703 0.210703
1824.344604 0.000000 2071.755127 0.000000 0.997350 0.000000 -0.072758 0.200627 0.200627 0.200627
1802.748779 0.000000 2075.630371 0.000000 0.444723 0.000000 -0.895668 0.210253 0.210253 0.210253
1807.660034 0.000000 2084.602783 0.000000 0.320044 0.000000 -0.947403 0.220652 0.220652 0.220652
1842.335327 0.000000 2054.330566 0.000000 0.546861 0.000000 -0.837224 0.229751 0.229751 0.229751
1832.221680 0.000000 2053.880859 0.000000 0.768490 0.000000 -0.639862 0.223516 0.223516 0.223516
1802.448364 0.000000 2037.042480 0.000000 0.946186 0.000000 -0.323622 0.227418 0.227418 0.227418
1846.928345 0.000000 2050.322510 0.000000 0.546005 0.000000 -0.837782 0.221874 0.221874 0.221874
1808.003174 0.000000 2060.740234 0.000000 0.938937 0.000000 -0.344089 0.245664 0.245664 0.245664
1855.545410 0.000000 2065.396484 0.000000 0.984457 0.000000 -0.175627 0.228824 0.228824 0.228824
1832.628784 0.000000 2039.577759 0.000000 0.581185 0.000000 -0.813771 0.242404 0.242404 0.242404
1825.762817 0.000000 2044.806030 0.000000 0.997623 0.000000 -0.068912 0.242068 0.242068 0.242068
1825.615479 0.000000 2087.533203 0.000000 0.995474 0.000000 -0.095038 0.249370 0.249370 0.249370
1832.581299 0.000000 2063.701904 0.000000 0.115689 0.000000 -0.993285 0.289141 0.289141 0.289141
1836.435303 0.000000 2069.412598 0.000000 0.589006 0.000000 -0.808128 0.256883 0.256883 0.256883
1803.600586 0.000000 2039.159302 0.000000 0.488419 0.000000 -0.872609 0.239968 0.239968 0.239968
1806.486328 0.000000 2072.119385 0.000000 0.301183 0.000000 -0.953566 0.256758 0.256758 0.256758
1832.632446 0.000000 2073.072754 0.000000 0.998596 0.000000 -0.052976 0.263330 0.263330 0.263330
1822.946777 0.000000 2046.676514 0.000000 0.848870 0.000000 -0.528602 0.262880 0.262880 0.262880
1840.601685 0.000000 2038.279785 0.000000 0.803111 0.000000 -0.595829 0.250475 0.250475 0.250475
1837.664185 0.000000 2040.433105 0.000000 0.720560 0.000000 -0.693392 0.266929 0.266929 0.266929
1814.646118 0.000000 2064.103271 0.000000 0.854045 0.000000 -0.520199 0.301918 0.301918 0.301918
1798.226929 0.000000 2078.012451 0.000000 0.898983 0.000000 -0.437984 0.263338 0.263338 0.263338
1837.660034 0.000000 2065.387695 0.000000 0.778490 0.000000 -0.627656 0.257537 0.257537 0.257537
1806.008911 0.000000 2053.182617 0.000000 0.803223 0.000000 -0.595678 0.297921 0.297921 0.297921
1832.666260 0.000000 2079.760010 0.000000 0.928542 0.000000 -0.371227 0.291180 0.291180 0.291180
1794.093750 0.000000 2044.503906 0.000000 0.551791 0.000000 -0.833983 0.298674 0.298674 0.298674
1839.143188 0.000000 2059.114990 0.000000 0.137183 0.000000 -0.990546 0.297613 0.297613 0.297613
1822.899414 0.000000 2086.299316 0.000000 0.909021 0.000000 -0.416749 0.272701 0.272701 0.272701
1831.873657 0.000000 2070.225098 0.000000 0.682542 0.000000 -0.730846 0.329890 0.329890 0.329890
1820.327393 0.000000 2061.256104 0.000000 0.732597 0.000000 -0.680663 0.322225 0.322225 0.322225
1850.464966 0.000000 2069.724854 0.000000 0.968981 0.000000 -0.247136 0.306853 0.306853 0.306853
1834.287964 0.000000 2064.119873 0.000000 0.172653 0.000000 -0.984983 0.365566 0.365566 0.365566
1819.568481 0.000000 2066.844971 0.000000 0.252800 0.000000 -0.967519 0.300839 0.300839 0.300839
1804.884766 0.000000 2080.419922 0.000000 0.869832 0.000000 -0.493348 0.269575 0.269575 0.269575
1828.916992 0.000000 2085.178711 0.000000 0.336109 0.000000 -0.941823 0.359557 0.359557 0.359557
1811.362671 0.000000 2041.749146 0.000000 0.228912 0.000000 -0.973447 0.371317 0.371317 0.371317
1815.132690 0.000000 2071.386230 0.000000 0.999654 0.000000 -0.026314 0.293201 0.293201 0.293201
1814.173218 0.000000 2072.779053 0.000000 0.236280 0.000000 -0.971685 0.288043 0.288043 0.288043
1804.416504 0.000000 2075.355469 0.000000 0.632658 0.000000 -0.774431 0.292136 0.292136 0.292136
1807.572021 0.000000 2065.037354 0.000000 0.908919 0.000000 -0.416974 0.331234 0.331234 0.331234
1830.210083 0.000000 2066.937500 0.000000 0.838278 0.000000 -0.545243 0.298880 0.298880 0.298880
1840.528931 0.000000 2054.318604 0.000000 0.173991 0.000000 -0.984747 0.299750 0.299750 0.299750
1798.203369 0.000000 2070.732666 0.000000 0.262683 0.000000 -0.964882 0.331814 0.331814 0.331814
1811.982056 0.000000 2087.619629 0.000000 0.349793 0.000000 -0.936827 0.289828 0.289828 0.289828
1846.518433 0.000000 2037.126587 0.000000 0.624213 0.000000 -0.781254 0.322616 0.322616 0.322616
1834.243408 0.000000 2039.322388 0.000000 0.884720 0.000000 -0.466123 0.326802 0.326802 0.326802
1813.720947 0.000000 2045.610229 0.000000 0.758118 0.000000 -0.652117 0.361544 0.361544 0.361544
1825.783813 0.000000 2077.001709 0.000000 0.065160 0.000000 -0.997875 0.353447 0.353447 0.353447
1831.139160 0.000000 2057.165283 0.000000 0.242947 0.000000 -0.970040 0.378593 0.378593 0.378593
1812.371582 0.000000 2069.975586 0.000000 0.565180 0.000000 -0.824968 0.344679 0.344679 0.344679
1795.273560 0.000000 2058.270752 0.000000 0.246707 0.000000 -0.969090 0.338354 0.338354 0.338354
1836.179810 0.000000 2036.860474 0.000000 0.051787 0.000000 -0.998658 0.338087 0.338087 0.338087
1802.104736 0.000000 2080.528320 0.000000 0.613203 0.000000 -0.789926 0.413243 0.413243 0.413243
1835.594971 0.000000 2055.837158 0.000000 0.365141 0.000000 -0.930952 0.447086 0.447086 0.447086
1836.925659 0.000000 2050.004883 0.000000 0.029158 0.000000 -0.999575 0.361018 0.361018 0.361018
1803.124878 0.000000 2052.694092 0.000000 0.158542 0.000000 -0.987352 0.414257 0.414257 0.414257
1837.321289 0.000000 2071.920410 0.000000 0.737813 0.000000 -0.675005 0.442864 0.442864 0.442864
1800.166748 0.000000 2039.022095 0.000000 0.658944 0.000000 -0.752192 0.347584 0.347584 0.347584
1807.857666 0.000000 2088.727783 0.000000 0.899619 0.000000 -0.436676 0.410437 0.410437 0.410437
1834.270874 0.000000 2040.929321 0.000000 0.141757 0.000000 -0.989902 0.493442 0.493442 0.493442
1829.751831 0.000000 2083.970947 0.000000 0.058205 0.000000 -0.998305 0.464815 0.464815 0.464815
1799.945435 0.000000 2085.843506 0.000000 0.697647 0.000000 -0.716441 0.374915 0.374915 0.374915
1808.139404 0.000000 2072.393555 0.000000 0.548471 0.000000 -0.836170 0.339639 0.339639 0.339639
1829.564209 0.000000 2078.091064 0.000000 0.969671 0.000000 -0.244414 0.347598 0.347598 0.347598
1820.559937 0.000000 2062.713867 0.000000 0.538253 0.000000 -0.842783 0.364606 0.364606 0.364606
1813.351196 0.000000 2039.866577 0.000000 0.637594 0.000000 -0.770373 0.361291 0.361291 0.361291
1850.382690 0.000000 2068.314209 0.000000 0.625453 0.000000 -0.780262 0.326736 0.326736 0.326736
1837.479614 0.000000 2057.977051 0.000000 0.286732 0.000000 -0.958011 0.456664 0.456664 0.456664
1834.488525 0.000000 2034.685669 0.000000 0.604888 0.000000 -0.796311 0.463243 0.463243 0.463243
1847.635620 0.000000 2065.720947 0.000000 0.457648 0.000000 -0.889134 0.356327 0.356327 0.356327
1793.633667 0.000000 2059.167969 0.000000 0.972977 0.000000 -0.230904 0.416870 0.416870 0.416870
1835.041992 0.000000 2053.516357 0.000000 0.220627 0.000000 -0.975358 0.362273 0.362273 0.362273
1827.360474 0.000000 2082.686279 0.000000 0.958730 0.000000 -0.284317 0.419505 0.419505 0.419505
1828.342896 0.000000 2076.144775 0.000000 0.413850 0.000000 -0.910345 0.458411 0.458411 0.458411
1802.106323 0.000000 2081.984131 0.000000 0.235895 0.000000 -0.971779 0.434954 0.434954 0.434954
1850.349854 0.000000 2039.712891 0.000000 0.123377 0.000000 -0.992360 0.501519 0.501519 0.501519
1831.334595 0.000000 2073.195801 0.000000 0.661977 0.000000 -0.749524 0.378425 0.378425 0.378425
1819.789185 0.000000 2063.858398 0.000000 0.206555 0.000000 -0.978435 0.495941 0.495941 0.495941
1843.522583 0.000000 2050.124023 0.000000 0.797417 0.000000 -0.603429 0.444474 0.444474 0.444474
1849.029053 0.000000 2061.585693 0.000000 0.982103 0.000000 -0.188346 0.365404 0.365404 0.365404
1804.303711 0.000000 2062.391846 0.000000 0.971785 0.000000 -0.235870 0.382277 0.382277 0.382277
1797.362183 0.000000 2086.122314 0.000000 0.926660 0.000000 -0.375901 0.387484 0.387484 0.387484
1837.009277 0.000000 2060.598877 0.000000 0.961489 0.000000 -0.274843 0.400409 0.400409 0.400409
1804.848267 0.000000 2077.340576 0.000000 0.716943 0.000000 -0.697132 0.407495 0.407495 0.407495
1803.304077 0.000000 2051.233887 0.000000 0.777370 0.000000 -0.629043 0.416662 0.416662 0.416662
1840.708740 0.000000 2051.669189 0.000000 0.605084 0.000000 -0.796162 0.457114 0.457114 0.457114
1829.650635 0.000000 2072.589844 0.000000 0.989893 0.000000 -0.141819 0.410871 0.410871 0.410871
1829.444458 0.000000 2076.869141 0.000000 0.379236 0.000000 -0.925300 0.460668 0.460668 0.460668
1827.721069 0.000000 2078.635498 0.000000 0.033725 0.000000 -0.999431 0.467932 0.467932 0.467932
1851.613647 0.000000 2064.644775 0.000000 0.951550 0.000000 -0.307494 0.422473 0.422473 0.422473
1804.520386 0.000000 2060.071533 0.000000 0.961861 0.000000 -0.273537 0.404033 0.404033 0.404033
1807.303955 0.000000 2049.220947 0.000000 0.627779 0.000000 -0.778392 0.453791 0.453791 0.453791
1838.963745 0.000000 2053.536865 0.000000 0.690281 0.000000 -0.723541 0.400858 0.400858 0.400858
1810.405518 0.000000 2073.201660 0.000000 0.221155 0.000000 -0.975239 0.502964 0.502964 0.502964
1808.364136 0.000000 2087.008789 0.000000 0.900710 0.000000 -0.434422 0.432424 0.432424 0.432424
1802.491211 0.000000 2050.325195 0.000000 0.892407 0.000000 -0.451232 0.404826 0.404826 0.404826
1849.383423 0.000000 2036.793701 0.000000 0.785565 0.000000 -0.618779 0.444640 0.444640 0.444640
1839.274292 0.000000 2051.520264 0.000000 0.913221 0.000000 -0.407465 0.429127 0.429127 0.429127
1827.728149 0.000000 2085.468994 0.000000 0.955951 0.000000 -0.293527 0.389135 0.389135 0.389135
1851.234253 0.000000 2037.809692 0.000000 0.973045 0.000000 -0.230616 0.365067 0.365067 0.365067
1838.927124 0.000000 2050.025391 0.000000 0.725876 0.000000 -0.687826 0.452642 0.452642 0.452642
1843.448608 0.000000 2048.711182 0.000000 0.106877 0.000000 -0.994272 0.497933 0.497933 0.497933
1829.766479 0.000000 2071.244385 0.000000 0.670974 0.000000 -0.741481 0.463810 0.463810 0.463810
1803.529175 0.000000 2056.590332 0.000000 0.279131 0.000000 -0.960253 0.431035 0.431035 0.431035
1812.122925 0.000000 2043.979614 0.000000 0.495912 0.000000 -0.868373 0.418984 0.418984 0.418984
1833.663208 0.000000 2077.031494 0.000000 0.565666 0.000000 -0.824634 0.466081 0.466081 0.466081
1832.979370 0.000000 2075.715820 0.000000 0.996537 0.000000 -0.083151 0.387972 0.387972 0.387972
1826.307007 0.000000 2083.221191 0.000000 0.641392 0.000000 -0.767214 0.459165 0.459165 0.459165
1835.042480 0.000000 2054.836914 0.000000 0.918819 0.000000 -0.394678 0.402627 0.402627 0.402627
1851.804077 0.000000 2067.818848 0.000000 0.037738 0.000000 -0.999288 0.464229 0.464229 0.464229
1828.907471 0.000000 2070.521484 0.000000 0.843174 0.000000 -0.537640 0.443364 0.443364 0.443364
1802.195801 0.000000 2063.772217 0.000000 0.575263 0.000000 -0.817969 0.447261 0.447261 0.447261
1841.593384 0.000000 2050.132812 0.000000 0.958528 0.000000 -0.284997 0.417155 0.417155 0.417155
1809.929321 0.000000 2086.653076 0.000000 0.070694 0.000000 -0.997498 0.508228 0.508228 0.508228
1837.368408 0.000000 2056.901855 0.000000 0.683747 0.000000 -0.729719 0.430141 0.430141 0.430141
1835.149536 0.000000 2033.657959 0.000000 0.628747 0.000000 -0.777610 0.468056 0.468056 0.468056
1796.567505 0.000000 2073.854004 0.000000 0.140699 0.000000 -0.990052 0.509216 0.509216 0.509216
1813.880737 0.000000 2041.939941 0.000000 0.979379 0.000000 -0.202031 0.414576 0.414576 0.414576
1808.709717 0.000000 2089.427246 0.000000 0.874785 0.000000 -0.484512 0.426859 0.426859 0.426859
1834.433472 0.000000 2074.879883 0.000000 0.997570 0.000000 -0.069672 0.404857 0.404857 0.404857
1832.328003 0.000000 2074.184082 0.000000 0.630561 0.000000 -0.776139 0.434194 0.434194 0.434194
1852.996460 0.000000 2069.811768 0.000000 0.963855 0.000000 -0.266427 0.417707 0.417707 0.417707
1805.011841 0.000000 2052.818604 0.000000 0.978532 0.000000 -0.206093 0.415858 0.415858 0.415858
1853.774048 0.000000 2071.866943 0.000000 0.555219 0.000000 -0.831704 0.470128 0.470128 0.470128
1829.622314 0.000000 2080.178467 0.000000 0.210805 0.000000 -0.977528 0.469555 0.469555 0.469555
1803.038818 0.000000 2078.446777 0.000000 0.186661 0.000000 -0.982424 0.505656 0.505656 0.505656
1835.118652 0.000000 2063.526855 0.000000 0.689554 0.000000 -0.724234 0.461671 0.461671 0.461671
1792.173706 0.000000 2061.113037 0.000000 0.496160 0.000000 -0.868231 0.480338 0.480338 0.480338
1848.862671 0.000000 2063.901367 0.000000 0.938913 0.000000 -0.344155 0.426840 0.426840 0.426840
1848.758667 0.000000 2037.672974 0.000000 0.782291 0.000000 -0.622913 0.444993 0.444993 0.444993
1829.458618 0.000000 2074.609375 0.000000 0.544015 0.000000 -0.839075 0.476057 0.476057 0.476057
1800.364258 0.000000 2080.503662 0.000000 0.879919 0.000000 -0.475124 0.437823 0.437823 0.437823
1807.051147 0.000000 2058.047607 0.000000 0.958150 0.000000 -0.286265 0.421237 0.421237 0.421237
1805.374634 0.000000 2059.555908 0.000000 0.969328 0.000000 -0.245770 0.418970 0.418970 0.418970
1842.565430 0.000000 2050.471191 0.000000 0.919921 0.000000 -0.392104 0.427662 0.427662 0.427662
1835.986328 0.000000 2070.305908 0.000000 0.998982 0.000000 -0.045121 0.403110 0.403110 0.403110
1845.308350 0.000000 2048.190430 0.000000 0.988631 0.000000 -0.150364 0.411531 0.411531 0.411531
1804.760132 0.000000 2046.865723 0.000000 0.840295 0.000000 -0.542130 0.439051 0.439051 0.439051
1852.818848 0.000000 2071.607666 0.000000 0.359916 0.000000 -0.932985 0.485868 0.485868 0.485868
1837.445435 0.000000 2033.458008 0.000000 0.912288 0.000000 -0.409549 0.432235 0.432235 0.432235
1836.436035 0.000000 2035.927246 0.000000 0.998360 0.000000 -0.057255 0.404262 0.404262 0.404262
1829.217407 0.000000 2073.527100 0.000000 0.789714 0.000000 -0.613475 0.450455 0.450455 0.450455
1817.633545 0.000000 2064.608154 0.000000 0.617606 0.000000 -0.786488 0.466433 0.466433 0.466433
1804.170898 0.000000 2050.862549 0.000000 0.974652 0.000000 -0.223726 0.417237 0.417237 0.417237
1800.010742 0.000000 2081.925781 0.000000 0.478950 0.000000 -0.877842 0.481844 0.481844 0.481844
1804.991333 0.000000 2057.975342 0.000000 0.713292 0.000000 -0.700867 0.459329 0.459329 0.459329
1796.870972 0.000000 2072.112793 0.000000 0.999608 0.000000 -0.027988 0.402138 0.402138 0.402138
1857.581055 0.000000 2068.681396 0.000000 0.911444 0.000000 -0.411425 0.355016 0.355016 0.355016
1833.606079 0.000000 2127.403320 0.000000 0.535821 0.000000 -0.844331 0.208282 0.208282 0.208282
1825.638062 0.000000 2136.690430 0.000000 0.090723 0.000000 -0.995876 0.212747 0.212747 0.212747
1792.390503 0.000000 2133.471924 0.000000 0.894896 0.000000 -0.446274 0.204389 0.204389 0.204389
1798.113892 0.000000 2128.880371 0.000000 0.979379 0.000000 -0.202032 0.217584 0.217584 0.217584
1828.294800 0.000000 2093.578613 0.000000 0.047671 0.000000 -0.998863 0.220830 0.220830 0.220830
1816.982788 0.000000 2093.795654 0.000000 0.987944 0.000000 -0.154813 0.210102 0.210102 0.210102
1827.895264 0.000000 2102.435547 0.000000 0.753241 0.000000 -0.657744 0.235199 0.235199 0.235199
1828.534668 0.000000 2107.099854 0.000000 0.322523 0.000000 -0.946562 0.228775 0.228775 0.228775
1812.471069 0.000000 2111.747559 0.000000 0.377832 0.000000 -0.925874 0.230780 0.230780 0.230780
1835.827026 0.000000 2128.108643 0.000000 0.350849 0.000000 -0.936432 0.257306 0.257306 0.257306
1820.903564 0.000000 2096.543213 0.000000 0.243525 0.000000 -0.969895 0.247849 0.247849 0.247849
1826.304321 0.000000 2106.021729 0.000000 0.734539 0.000000 -0.678567 0.236866 0.236866 0.236866
1804.277832 0.000000 2145.178223 0.000000 0.896328 0.000000 -0.443392 0.288256 0.288256 0.288256
1809.646729 0.000000 2109.246582 0.000000 0.372007 0.000000 -0.928230 0.275124 0.275124 0.275124
1826.607544 0.000000 2142.315918 0.000000 0.998497 0.000000 -0.054801 0.284938 0.284938 0.284938
1800.096313 0.000000 2092.106934 0.000000 0.857863 0.000000 -0.513878 0.294077 0.294077 0.294077
1819.430664 0.000000 2101.949463 0.000000 0.475918 0.000000 -0.879489 0.275669 0.275669 0.275669
1827.248779 0.000000 2104.283203 0.000000 0.736456 0.000000 -0.676485 0.257397 0.257397 0.257397
1821.993286 0.000000 2104.719727 0.000000 0.645783 0.000000 -0.763521 0.342607 0.342607 0.342607
1821.530396 0.000000 2144.095215 0.000000 0.827974 0.000000 -0.560767 0.263622 0.263622 0.263622
1835.631348 0.000000 2133.471680 0.000000 0.412179 0.000000 -0.911103 0.359629 0.359629 0.359629
1825.938477 0.000000 2140.810303 0.000000 0.218494 0.000000 -0.975838 0.409847 0.409847 0.409847
1798.203369 0.000000 2127.217041 0.000000 0.954721 0.000000 -0.297504 0.341336 0.341336 0.341336
1828.710693 0.000000 2139.418457 0.000000 0.241614 0.000000 -0.970372 0.394416 0.394416 0.394416
1824.008667 0.000000 2140.406250 0.000000 0.811227 0.000000 -0.584732 0.376848 0.376848 0.376848
1818.288574 0.000000 2109.754639 0.000000 0.018975 0.000000 -0.999820 0.424061 0.424061 0.424061
1817.591064 0.000000 2107.903564 0.000000 0.516692 0.000000 -0.856171 0.414724 0.414724 0.414724
1818.472168 0.000000 2093.155518 0.000000 0.089424 0.000000 -0.995994 0.312325 0.312325 0.312325
1805.933594 0.000000 2095.790771 0.000000 0.047667 0.000000 -0.998863 0.429464 0.429464 0.429464
1801.455688 0.000000 2094.688965 0.000000 0.680660 0.000000 -0.732600 0.334098 0.334098 0.334098
1816.543945 0.000000 2104.423340 0.000000 0.657944 0.000000 -0.753067 0.336493 0.336493 0.336493
1822.746948 0.000000 2091.510010 0.000000 0.450419 0.000000 -0.892817 0.305814 0.305814 0.305814
1819.479858 0.000000 2104.280762 0.000000 0.291591 0.000000 -0.956543 0.336933 0.336933 0.336933
1818.265869 0.000000 2094.679932 0.000000 0.920935 0.000000 -0.389717 0.327678 0.327678 0.327678
1817.273560 0.000000 2110.850342 0.000000 0.955713 0.000000 -0.294302 0.395375 0.395375 0.395375
1824.238770 0.000000 2143.460205 0.000000 0.855620 0.000000 -0.517605 0.308226 0.308226 0.308226
1815.808105 0.000000 2094.755615 0.000000 0.687054 0.000000 -0.726606 0.317401 0.317401 0.317401
1829.751831 0.000000 2140.455322 0.000000 0.589671 0.000000 -0.807644 0.435655 0.435655 0.435655
1821.330444 0.000000 2106.029053 0.000000 0.994958 0.000000 -0.100289 0.371555 0.371555 0.371555
1798.769043 0.000000 2125.929199 0.000000 0.631557 0.000000 -0.775330 0.325106 0.325106 0.325106
1796.648926 0.000000 2112.031982 0.000000 0.814202 0.000000 -0.580581 0.328732 0.328732 0.328732
1809.812744 0.000000 2145.786865 0.000000 0.266485 0.000000 -0.963839 0.486076 0.486076 0.486076
1827.260010 0.000000 2092.486328 0.000000 0.664890 0.000000 -0.746941 0.391085 0.391085 0.391085
1824.928833 0.000000 2105.913086 0.000000 0.995438 0.000000 -0.095406 0.350493 0.350493 0.350493
1816.171021 0.000000 2101.422852 0.000000 0.994902 0.000000 -0.100845 0.355366 0.355366 0.355366
1793.633667 0.000000 2115.652344 0.000000 0.792058 0.000000 -0.610446 0.401546 0.401546 0.401546
1795.718384 0.000000 2118.715820 0.000000 0.417322 0.000000 -0.908759 0.450231 0.450231 0.450231
1816.008911 0.000000 2110.332031 0.000000 0.889078 0.000000 -0.457756 0.405235 0.405235 0.405235
1823.835327 0.000000 2139.119385 0.000000 0.029374 0.000000 -0.999568 0.502363 0.502363 0.502363
1815.267456 0.000000 2104.124023 0.000000 0.308243 0.000000 -0.951307 0.404040 0.404040 0.404040
1794.696289 0.000000 2119.564453 0.000000 0.992733 0.000000 -0.120339 0.391287 0.391287 0.391287
1823.390869 0.000000 2093.864014 0.000000 0.996629 0.000000 -0.082046 0.391370 0.391370 0.391370
1794.320068 0.000000 2126.968994 0.000000 0.955406 0.000000 -0.295294 0.422900 0.422900 0.422900
1814.991211 0.000000 2102.200684 0.000000 0.691223 0.000000 -0.722641 0.452019 0.452019 0.452019
1792.026367 0.000000 2127.039062 0.000000 0.718246 0.000000 -0.695790 0.458787 0.458787 0.458787
1830.659058 0.000000 2131.419922 0.000000 0.804750 0.000000 -0.593613 0.446806 0.446806 0.446806
1800.697632 0.000000 2118.843262 0.000000 0.659081 0.000000 -0.752072 0.457589 0.457589 0.457589
1811.793213 0.000000 2106.589355 0.000000 0.866187 0.000000 -0.499720 0.370934 0.370934 0.370934
1817.135010 0.000000 2102.662598 0.000000 0.644294 0.000000 -0.764778 0.436123 0.436123 0.436123
1824.945312 0.000000 2108.577393 0.000000 0.980609 0.000000 -0.195976 0.414478 0.414478 0.414478
1832.979370 0.000000 2132.200195 0.000000 0.824205 0.000000 -0.566292 0.445989 0.445989 0.445989
1824.610718 0.000000 2091.704590 0.000000 0.463615 0.000000 -0.886037 0.437887 0.437887 0.437887
1816.134033 0.000000 2106.387207 0.000000 0.957015 0.000000 -0.290039 0.377827 0.377827 0.377827
1810.167725 0.000000 2108.189941 0.000000 0.492367 0.000000 -0.870388 0.457819 0.457819 0.457819
1802.195801 0.000000 2120.256592 0.000000 0.490720 0.000000 -0.871317 0.480816 0.480816 0.480816
1813.764893 0.000000 2109.625977 0.000000 0.190304 0.000000 -0.981725 0.501929 0.501929 0.501929
1812.360107 0.000000 2108.302979 0.000000 0.252455 0.000000 -0.967609 0.497219 0.497219 0.497219
1803.079224 0.000000 2118.278076 0.000000 0.999796 0.000000 -0.020192 0.401543 0.401543 0.401543
1832.328003 0.000000 2130.668457 0.000000 0.177237 0.000000 -0.984168 0.506388 0.506388 0.506388
1806.619385 0.000000 2144.448242 0.000000 0.980818 0.000000 -0.194927 0.399258 0.399258 0.399258
1797.281494 0.000000 2129.523193 0.000000 0.215133 0.000000 -0.976585 0.503436 0.503436 0.503436
1805.019897 0.000000 2121.806641 0.000000 0.477728 0.000000 -0.878508 0.475791 0.475791 0.475791
1794.178345 0.000000 2128.842773 0.000000 0.976728 0.000000 -0.214482 0.416514 0.416514 0.416514
1822.990356 0.000000 2140.543701 0.000000 0.866717 0.000000 -0.498800 0.439894 0.439894 0.439894
1797.609131 0.000000 2127.993652 0.000000 0.491677 0.000000 -0.870777 0.480732 0.480732 0.480732
1803.204346 0.000000 2120.872803 0.000000 0.387511 0.000000 -0.921865 0.489600 0.489600 0.489600
1795.649170 0.000000 2130.039062 0.000000 0.911000 0.000000 -0.412407 0.432475 0.432475 0.432475
1813.576172 0.000000 2106.706543 0.000000 0.874009 0.000000 -0.485911 0.438003 0.438003 0.438003
1831.311279 0.000000 2130.707520 0.000000 0.325065 0.000000 -0.945692 0.491303 0.491303 0.491303
1797.303223 0.000000 2127.016357 0.000000 0.382292 0.000000 -0.924041 0.490032 0.490032 0.490032
1796.174927 0.000000 2114.567627 0.000000 0.129308 0.000000 -0.991605 0.510094 0.510094 0.510094
1794.164551 0.000000 2165.777832 0.000000 0.629056 0.000000 -0.777360 0.206336 0.206336 0.206336
1797.568970 0.000000 2150.424072 0.000000 0.512864 0.000000 -0.858470 0.209149 0.209149 0.209149
1833.396362 0.000000 2160.165039 0.000000 0.301418 0.000000 -0.953492 0.211524 0.211524 0.211524
1814.302124 0.000000 2151.460205 0.000000 0.941524 0.000000 -0.336945 0.202960 0.202960 0.202960
1828.294800 0.000000 2150.062988 0.000000 0.764263 0.000000 -0.644905 0.228638 0.228638 0.228638
1812.737915 0.000000 2146.409180 0.000000 0.117400 0.000000 -0.993085 0.255458 0.255458 0.255458
1815.052002 0.000000 2149.454102 0.000000 0.789395 0.000000 -0.613886 0.244510 0.244510 0.244510
1804.800293 0.000000 2156.968994 0.000000 0.664789 0.000000 -0.747031 0.261813 0.261813 0.261813
1827.859863 0.000000 2152.088623 0.000000 0.613371 0.000000 -0.789795 0.283206 0.283206 0.283206
1792.520874 0.000000 2166.176270 0.000000 0.066067 0.000000 -0.997815 0.398638 0.398638 0.398638
1828.465698 0.000000 2148.192139 0.000000 0.886874 0.000000 -0.462011 0.278784 0.278784 0.278784
1826.527588 0.000000 2153.513916 0.000000 0.975260 0.000000 -0.221062 0.268177 0.268177 0.268177
1809.197510 0.000000 2153.199463 0.000000 0.734505 0.000000 -0.678604 0.284866 0.284866 0.284866
1802.945435 0.000000 2146.552490 0.000000 0.902624 0.000000 -0.430430 0.277976 0.277976 0.277976
1812.698120 0.000000 2151.590332 0.000000 0.042131 0.000000 -0.999112 0.313499 0.313499 0.313499
1826.589355 0.000000 2146.604492 0.000000 0.385216 0.000000 -0.922826 0.345739 0.345739 0.345739
1805.791260 0.000000 2146.458984 0.000000 0.396292 0.000000 -0.918125 0.367775 0.367775 0.367775
1801.760254 0.000000 2155.107910 0.000000 0.953254 0.000000 -0.302170 0.307404 0.307404 0.307404
1811.069702 0.000000 2151.434570 0.000000 0.641370 0.000000 -0.767232 0.356860 0.356860 0.356860
1827.260010 0.000000 2148.970703 0.000000 0.761631 0.000000 -0.648010 0.387400 0.387400 0.387400
1811.231201 0.000000 2149.095947 0.000000 0.867328 0.000000 -0.497736 0.393192 0.393192 0.393192
1807.355225 0.000000 2148.009521 0.000000 0.948574 0.000000 -0.316555 0.424606 0.424606 0.424606
1802.391357 0.000000 2151.958740 0.000000 0.378076 0.000000 -0.925775 0.477680 0.477680 0.477680
1809.910400 0.000000 2148.432373 0.000000 0.413475 0.000000 -0.910515 0.487436 0.487436 0.487436
1805.379150 0.000000 2149.352539 0.000000 0.051778 0.000000 -0.998659 0.516043 0.516043 0.516043
1808.955933 0.000000 2149.226318 0.000000 0.785117 0.000000 -0.619347 0.451025 0.451025 0.451025
1804.997925 0.000000 2148.265381 0.000000 0.604464 0.000000 -0.796632 0.470413 0.470413 0.470413
1809.996094 0.000000 2147.373535 0.000000 0.475359 0.000000 -0.879792 0.475713 0.475713 0.475713
1808.341919 0.000000 2147.064453 0.000000 0.375172 0.000000 -0.926955 0.483513 0.483513 0.483513
1802.836304 0.000000 2151.015869 0.000000 0.020316 0.000000 -0.999794 0.501803 0.501803 0.501803
1807.315674 0.000000 2150.309570 0.000000 0.033347 0.000000 -0.999444 0.517452 0.517452 0.517452
1806.077515 0.000000 2151.280273 0.000000 0.999666 0.000000 -0.025859 0.401976 0.401976 0.401976
2049.602295 0.000000 1837.873291 0.000000 0.977697 0.000000 -0.210021 0.203758 0.203758 0.203758
2050.873291 0.000000 1833.790283 0.000000 0.957289 0.000000 -0.289132 0.242318 0.242318 0.242318
2052.623047 0.000000 1838.887207 0.000000 0.993278 0.000000 -0.115753 0.339793 0.339793 0.339793
2051.816650 0.000000 1842.930664 0.000000 0.788166 0.000000 -0.615462 0.414308 0.414308 0.414308
2236.370361 0.000000 2135.818604 0.000000 0.469521 0.000000 -0.882921 0.233549 0.233549 0.233549
2228.105469 0.000000 2132.312744 0.000000 0.752230 0.000000 -0.658901 0.319985 0.319985 0.319985
2230.407227 0.000000 2142.957520 0.000000 0.461983 0.000000 -0.886889 0.319771 0.319771 0.319771
2235.123047 0.000000 2129.348145 0.000000 0.828526 0.000000 -0.559950 0.309685 0.309685 0.309685
2228.960205 0.000000 2139.980957 0.000000 0.935959 0.000000 -0.352108 0.299203 0.299203 0.299203
2235.111816 0.000000 2131.044922 0.000000 0.694328 0.000000 -0.719659 0.354169 0.354169 0.354169
2235.031250 0.000000 2135.660645 0.000000 0.688129 0.000000 -0.725588 0.351714 0.351714 0.351714
2231.150146 0.000000 2138.004639 0.000000 0.792926 0.000000 -0.609318 0.450054 0.450054 0.450054
2236.820068 0.000000 2120.583496 0.000000 0.934584 0.000000 -0.355743 0.380061 0.380061 0.380061
2232.262695 0.000000 2140.336914 0.000000 0.781922 0.000000 -0.623376 0.448561 0.448561 0.448561
2239.012207 0.000000 2119.104004 0.000000 0.515333 0.000000 -0.856990 0.401241 0.401241 0.401241
2232.844238 0.000000 2141.452148 0.000000 0.776157 0.000000 -0.630539 0.449224 0.449224 0.449224
2231.591064 0.000000 2138.918457 0.000000 0.770464 0.000000 -0.637483 0.452806 0.452806 0.452806
2249.163818 0.000000 2129.222656 0.000000 0.435806 0.000000 -0.900041 0.209086 0.209086 0.209086
2257.893799 0.000000 2103.236572 0.000000 0.859069 0.000000 -0.511860 0.204293 0.204293 0.204293
2243.898438 0.000000 2142.678467 0.000000 0.835511 0.000000 -0.549474 0.214759 0.214759 0.214759
2249.114258 0.000000 2120.035645 0.000000 0.393900 0.000000 -0.919153 0.285951 0.285951 0.285951
2263.342529 0.000000 2105.432617 0.000000 0.482892 0.000000 -0.875680 0.268614 0.268614 0.268614
2245.188232 0.000000 2132.661865 0.000000 0.239050 0.000000 -0.971007 0.296758 0.296758 0.296758
2262.346924 0.000000 2112.565430 0.000000 0.948187 0.000000 -0.317712 0.301820 0.301820 0.301820
2253.989746 0.000000 2116.836426 0.000000 0.766019 0.000000 -0.642818 0.277266 0.277266 0.277266
2258.017090 0.000000 2113.706543 0.000000 0.911361 0.000000 -0.411607 0.291088 0.291088 0.291088
2254.853027 0.000000 2106.823730 0.000000 0.755390 0.000000 -0.655276 0.285457 0.285457 0.285457
2267.994141 0.000000 2114.955078 0.000000 0.824340 0.000000 -0.566095 0.313796 0.313796 0.313796
2265.412842 0.000000 2130.033447 0.000000 0.265899 0.000000 -0.964001 0.391779 0.391779 0.391779
2242.930908 0.000000 2121.396484 0.000000 0.957668 0.000000 -0.287875 0.322689 0.322689 0.322689
2249.291260 0.000000 2106.715088 0.000000 0.999262 0.000000 -0.038407 0.295815 0.295815 0.295815
2267.274658 0.000000 2132.541748 0.000000 0.993366 0.000000 -0.114995 0.345565 0.345565 0.345565
2263.405273 0.000000 2119.291016 0.000000 0.996448 0.000000 -0.084208 0.297174 0.297174 0.297174
2246.455566 0.000000 2117.827148 0.000000 0.057119 0.000000 -0.998367 0.364878 0.364878 0.364878
2246.677002 0.000000 2115.172119 0.000000 0.816113 0.000000 -0.577893 0.383199 0.383199 0.383199
2260.957275 0.000000 2118.082764 0.000000 0.986011 0.000000 -0.166680 0.326611 0.326611 0.326611
2262.076904 0.000000 2131.707764 0.000000 0.960153 0.000000 -0.279475 0.300657 0.300657 0.300657
2241.717041 0.000000 2134.366943 0.000000 0.955654 0.000000 -0.294491 0.405323 0.405323 0.405323
2262.790283 0.000000 2116.450684 0.000000 0.984190 0.000000 -0.177114 0.321109 0.321109 0.321109
2250.652832 0.000000 2128.987793 0.000000 0.199010 0.000000 -0.979998 0.341381 0.341381 0.341381
2240.036621 0.000000 2134.949219 0.000000 0.170264 0.000000 -0.985398 0.470312 0.470312 0.470312
2245.906494 0.000000 2116.510498 0.000000 0.993468 0.000000 -0.114109 0.347849 0.347849 0.347849
2262.478516 0.000000 2137.828369 0.000000 0.179774 0.000000 -0.983708 0.490575 0.490575 0.490575
2249.120117 0.000000 2114.196777 0.000000 0.865367 0.000000 -0.501139 0.386788 0.386788 0.386788
2265.071777 0.000000 2123.285889 0.000000 0.603345 0.000000 -0.797480 0.418318 0.418318 0.418318
2243.614258 0.000000 2132.500732 0.000000 0.610652 0.000000 -0.791899 0.407526 0.407526 0.407526
2261.588379 0.000000 2108.466553 0.000000 0.981265 0.000000 -0.192662 0.359654 0.359654 0.359654
2258.752686 0.000000 2136.276123 0.000000 0.271813 0.000000 -0.962350 0.491531 0.491531 0.491531
2241.603271 0.000000 2123.875244 0.000000 0.763754 0.000000 -0.645508 0.328790 0.328790 0.328790
2240.003906 0.000000 2132.001709 0.000000 0.285411 0.000000 -0.958405 0.366062 0.366062 0.366062
2243.718506 0.000000 2118.715820 0.000000 0.116142 0.000000 -0.993233 0.414568 0.414568 0.414568
2243.320312 0.000000 2138.709961 0.000000 0.390234 0.000000 -0.920716 0.475939 0.475939 0.475939
2248.040039 0.000000 2115.165771 0.000000 0.592015 0.000000 -0.805927 0.407215 0.407215 0.407215
2257.638672 0.000000 2131.220215 0.000000 0.389327 0.000000 -0.921099 0.489450 0.489450 0.489450
2244.024170 0.000000 2136.973145 0.000000 0.782896 0.000000 -0.622153 0.451298 0.451298 0.451298
2241.433350 0.000000 2137.177734 0.000000 0.330088 0.000000 -0.943950 0.494301 0.494301 0.494301
2243.393555 0.000000 2117.420410 0.000000 0.415124 0.000000 -0.909765 0.380568 0.380568 0.380568
2246.643066 0.000000 2141.804443 0.000000 0.999456 0.000000 -0.032985 0.402520 0.402520 0.402520
2248.697510 0.000000 2118.843262 0.000000 0.716242 0.000000 -0.697852 0.457850 0.457850 0.457850
2259.793213 0.000000 2106.589355 0.000000 0.249343 0.000000 -0.968415 0.493505 0.493505 0.493505
2256.442383 0.000000 2130.729492 0.000000 0.298217 0.000000 -0.954498 0.496866 0.496866 0.496866
2264.739502 0.000000 2136.653809 0.000000 0.399150 0.000000 -0.916886 0.470630 0.470630 0.470630
2259.341553 0.000000 2111.361572 0.000000 0.352585 0.000000 -0.935780 0.403481 0.403481 0.403481
2251.529297 0.000000 2113.074707 0.000000 0.999810 0.000000 -0.019478 0.371901 0.371901 0.371901
2247.500000 0.000000 2112.644043 0.000000 0.980762 0.000000 -0.195206 0.374103 0.374103 0.374103
2250.164795 0.000000 2114.853760 0.000000 0.478813 0.000000 -0.877917 0.416922 0.416922 0.416922
2256.370850 0.000000 2109.451416 0.000000 0.173038 0.000000 -0.984915 0.429985 0.429985 0.429985
2261.435547 0.000000 2135.929443 0.000000 0.761991 0.000000 -0.647587 0.427852 0.427852 0.427852
2242.273193 0.000000 2136.350342 0.000000 0.973044 0.000000 -0.230622 0.417778 0.417778 0.417778
2252.522217 0.000000 2130.653809 0.000000 0.302548 0.000000 -0.953134 0.494311 0.494311 0.494311
2260.242188 0.000000 2137.614990 0.000000 0.617081 0.000000 -0.786900 0.441151 0.441151 0.441151
2254.093750 0.000000 2129.647461 0.000000 0.825592 0.000000 -0.564268 0.441461 0.441461 0.441461
2242.845215 0.000000 2139.666016 0.000000 0.716104 0.000000 -0.697993 0.450149 0.450149 0.450149
2244.418213 0.000000 2139.121094 0.000000 0.019332 0.000000 -0.999813 0.518523 0.518523 0.518523
2256.365479 0.000000 2133.116455 0.000000 0.978583 0.000000 -0.205853 0.415632 0.415632 0.415632
2242.666748 0.000000 2134.800781 0.000000 0.874849 0.000000 -0.484395 0.438630 0.438630 0.438630
2254.657227 0.000000 2130.774902 0.000000 0.982619 0.000000 -0.185632 0.414264 0.414264 0.414264
2262.763916 0.000000 2135.333496 0.000000 0.518929 0.000000 -0.854817 0.478319 0.478319 0.478319
2247.513916 0.000000 2143.508545 0.000000 0.399011 0.000000 -0.916946 0.484010 0.484010 0.484010
2245.837402 0.000000 2138.074951 0.000000 0.639989 0.000000 -0.768384 0.466945 0.466945 0.466945
2245.198486 0.000000 2137.093994 0.000000 0.422278 0.000000 -0.906466 0.486695 0.486695 0.486695
2243.682129 0.000000 2134.770752 0.000000 0.689160 0.000000 -0.724610 0.461915 0.461915 0.461915
2265.449951 0.000000 2133.212158 0.000000 0.360427 0.000000 -0.932788 0.487630 0.487630 0.487630
2170.884277 0.000000 2218.174072 0.000000 0.762639 0.000000 -0.646824 0.335553 0.335553 0.335553
2168.864014 0.000000 2221.418701 0.000000 0.963697 0.000000 -0.266998 0.420648 0.420648 0.420648
2170.839844 0.000000 2223.482666 0.000000 0.029412 0.000000 -0.999567 0.517753 0.517753 0.517753
2171.891357 0.000000 2221.541504 0.000000 0.314222 0.000000 -0.949349 0.495581 0.495581 0.495581
2234.815186 0.000000 2153.975342 0.000000 0.999832 0.000000 -0.018306 0.202984 0.202984 0.202984
2226.335205 0.000000 2167.299316 0.000000 0.689271 0.000000 -0.724503 0.221082 0.221082 0.221082
2208.693359 0.000000 2198.394531 0.000000 0.472751 0.000000 -0.881196 0.218863 0.218863 0.218863
2239.450684 0.000000 2154.335449 0.000000 0.169289 0.000000 -0.985566 0.241877 0.241877 0.241877
2228.127686 0.000000 2164.288818 0.000000 0.730552 0.000000 -0.682857 0.254960 0.254960 0.254960
2222.914795 0.000000 2155.491943 0.000000 0.837700 0.000000 -0.546130 0.274664 0.274664 0.274664
2239.211670 0.000000 2157.238037 0.000000 0.230858 0.000000 -0.972987 0.248039 0.248039 0.248039
2229.305176 0.000000 2160.057129 0.000000 0.529503 0.000000 -0.848308 0.296536 0.296536 0.296536
2229.193359 0.000000 2185.741211 0.000000 0.037183 0.000000 -0.999308 0.319793 0.319793 0.319793
2228.948486 0.000000 2173.132324 0.000000 0.812766 0.000000 -0.582590 0.278179 0.278179 0.278179
2221.863037 0.000000 2193.223389 0.000000 0.875123 0.000000 -0.483900 0.254429 0.254429 0.254429
2223.125977 0.000000 2185.323486 0.000000 0.055973 0.000000 -0.998432 0.361714 0.361714 0.361714
2219.042236 0.000000 2155.277100 0.000000 0.347813 0.000000 -0.937564 0.307196 0.307196 0.307196
2231.086426 0.000000 2183.022461 0.000000 0.858130 0.000000 -0.513432 0.261285 0.261285 0.261285
2226.704590 0.000000 2194.330322 0.000000 0.994072 0.000000 -0.108720 0.332555 0.332555 0.332555
2234.545166 0.000000 2178.376953 0.000000 0.031851 0.000000 -0.999493 0.367363 0.367363 0.367363
2233.560059 0.000000 2197.050293 0.000000 0.302640 0.000000 -0.953105 0.282277 0.282277 0.282277
2224.528809 0.000000 2167.287354 0.000000 0.325809 0.000000 -0.945436 0.309242 0.309242 0.309242
2237.962402 0.000000 2192.194336 0.000000 0.044805 0.000000 -0.998996 0.311897 0.311897 0.311897
2212.175781 0.000000 2201.321045 0.000000 0.940751 0.000000 -0.339098 0.296373 0.296373 0.296373
2237.900391 0.000000 2199.474121 0.000000 0.494839 0.000000 -0.868985 0.305949 0.305949 0.305949
2230.250977 0.000000 2174.169434 0.000000 0.589705 0.000000 -0.807619 0.347914 0.347914 0.347914
2236.956787 0.000000 2171.172119 0.000000 0.981893 0.000000 -0.189434 0.294440 0.294440 0.294440
2218.936768 0.000000 2198.906494 0.000000 0.874904 0.000000 -0.484297 0.416194 0.416194 0.416194
2231.532715 0.000000 2171.016113 0.000000 0.975397 0.000000 -0.220454 0.358563 0.358563 0.358563
2238.039307 0.000000 2186.866455 0.000000 0.410064 0.000000 -0.912057 0.413009 0.413009 0.413009
2223.227539 0.000000 2147.925537 0.000000 0.180043 0.000000 -0.983659 0.348153 0.348153 0.348153
2238.566406 0.000000 2202.034912 0.000000 0.670034 0.000000 -0.742331 0.402226 0.402226 0.402226
2232.804932 0.000000 2185.920410 0.000000 0.998789 0.000000 -0.049205 0.392863 0.392863 0.392863
2235.111816 0.000000 2187.529297 0.000000 0.586907 0.000000 -0.809654 0.368101 0.368101 0.368101
2233.594482 0.000000 2192.224121 0.000000 0.379851 0.000000 -0.925048 0.476375 0.476375 0.476375
2229.732422 0.000000 2201.968506 0.000000 0.080620 0.000000 -0.996745 0.368860 0.368860 0.368860
2234.382568 0.000000 2181.282959 0.000000 0.673081 0.000000 -0.739568 0.349689 0.349689 0.349689
2228.032959 0.000000 2202.169678 0.000000 0.172589 0.000000 -0.984994 0.441606 0.441606 0.441606
2239.099609 0.000000 2189.367432 0.000000 0.645948 0.000000 -0.763381 0.450821 0.450821 0.450821
2227.251709 0.000000 2195.570312 0.000000 0.288608 0.000000 -0.957447 0.378308 0.378308 0.378308
2228.189697 0.000000 2180.480469 0.000000 0.232373 0.000000 -0.972627 0.496079 0.496079 0.496079
2223.419678 0.000000 2169.060547 0.000000 0.118811 0.000000 -0.992917 0.502566 0.502566 0.502566
2229.067139 0.000000 2199.609131 0.000000 0.397540 0.000000 -0.917585 0.477454 0.477454 0.477454
2232.508789 0.000000 2187.848877 0.000000 0.431863 0.000000 -0.901939 0.435150 0.435150 0.435150
2227.676270 0.000000 2197.718750 0.000000 0.763292 0.000000 -0.646053 0.373520 0.373520 0.373520
2226.147461 0.000000 2171.478760 0.000000 0.469217 0.000000 -0.883083 0.482689 0.482689 0.482689
2236.820068 0.000000 2177.067871 0.000000 0.992524 0.000000 -0.122048 0.347034 0.347034 0.347034
2224.072021 0.000000 2170.166016 0.000000 0.990398 0.000000 -0.138246 0.410595 0.410595 0.410595
2234.285400 0.000000 2162.824951 0.000000 0.996783 0.000000 -0.080146 0.376273 0.376273 0.376273
2231.305908 0.000000 2168.229980 0.000000 0.233265 0.000000 -0.972413 0.383700 0.383700 0.383700
2227.659180 0.000000 2170.522461 0.000000 0.969755 0.000000 -0.244082 0.418837 0.418837 0.418837
2236.154541 0.000000 2186.506104 0.000000 0.479010 0.000000 -0.877809 0.444684 0.444684 0.444684
2221.161133 0.000000 2157.124268 0.000000 0.990750 0.000000 -0.135702 0.340621 0.340621 0.340621
2217.749756 0.000000 2199.554199 0.000000 0.970170 0.000000 -0.242425 0.387499 0.387499 0.387499
2222.152832 0.000000 2180.298584 0.000000 0.434976 0.000000 -0.900442 0.485622 0.485622 0.485622
2237.825928 0.000000 2188.125977 0.000000 0.963515 0.000000 -0.267655 0.420023 0.420023 0.420023
2227.655518 0.000000 2185.599121 0.000000 0.637784 0.000000 -0.770215 0.381237 0.381237 0.381237
2223.941406 0.000000 2181.025635 0.000000 0.037522 0.000000 -0.999296 0.517133 0.517133 0.517133
2225.885254 0.000000 2193.427002 0.000000 0.924150 0.000000 -0.382029 0.376399 0.376399 0.376399
2217.102051 0.000000 2153.666260 0.000000 0.693583 0.000000 -0.720377 0.380787 0.380787 0.380787
2225.451660 0.000000 2192.101318 0.000000 0.825323 0.000000 -0.564661 0.386469 0.386469 0.386469
2225.295410 0.000000 2170.167236 0.000000 0.977179 0.000000 -0.212416 0.416352 0.416352 0.416352
2234.839844 0.000000 2166.998291 0.000000 0.907368 0.000000 -0.420337 0.430325 0.430325 0.430325
2207.818848 0.000000 2202.390869 0.000000 0.616946 0.000000 -0.787006 0.469209 0.469209 0.469209
2234.232178 0.000000 2189.809570 0.000000 0.739757 0.000000 -0.672874 0.456386 0.456386 0.456386
2226.367676 0.000000 2181.035400 0.000000 0.699141 0.000000 -0.714984 0.456083 0.456083 0.456083
2232.208740 0.000000 2184.809082 0.000000 0.997701 0.000000 -0.067770 0.393976 0.393976 0.393976
2235.585693 0.000000 2182.964111 0.000000 0.940993 0.000000 -0.338426 0.424306 0.424306 0.424306
2229.239990 0.000000 2188.649170 0.000000 0.322136 0.000000 -0.946694 0.456157 0.456157 0.456157
2229.469238 0.000000 2195.096436 0.000000 0.355301 0.000000 -0.934752 0.446073 0.446073 0.446073
2217.134033 0.000000 2198.345703 0.000000 0.975199 0.000000 -0.221328 0.386323 0.386323 0.386323
2236.124512 0.000000 2188.621582 0.000000 0.263007 0.000000 -0.964794 0.496411 0.496411 0.496411
2235.891357 0.000000 2165.057129 0.000000 0.725114 0.000000 -0.688629 0.429655 0.429655 0.429655
2234.283936 0.000000 2188.221191 0.000000 0.493938 0.000000 -0.869497 0.480534 0.480534 0.480534
2223.923584 0.000000 2168.132324 0.000000 0.542350 0.000000 -0.840153 0.470480 0.470480 0.470480
2233.544922 0.000000 2195.969482 0.000000 0.123280 0.000000 -0.992372 0.486921 0.486921 0.486921
2224.439697 0.000000 2195.995605 0.000000 0.275804 0.000000 -0.961214 0.489949 0.489949 0.489949
2222.488281 0.000000 2171.270752 0.000000 0.244505 0.000000 -0.969648 0.501130 0.501130 0.501130
2225.407471 0.000000 2172.177979 0.000000 0.911866 0.000000 -0.410489 0.432314 0.432314 0.432314
2228.645020 0.000000 2181.475342 0.000000 0.986881 0.000000 -0.161452 0.411659 0.411659 0.411659
2224.431641 0.000000 2187.187744 0.000000 0.568559 0.000000 -0.822643 0.473800 0.473800 0.473800
2235.196045 0.000000 2182.012695 0.000000 0.676058 0.000000 -0.736849 0.458321 0.458321 0.458321
2234.980713 0.000000 2184.843750 0.000000 0.522393 0.000000 -0.852705 0.475460 0.475460 0.475460
2222.414551 0.000000 2169.119141 0.000000 0.968075 0.000000 -0.250659 0.417901 0.417901 0.417901
2229.153809 0.000000 2176.029785 0.000000 0.317176 0.000000 -0.948367 0.491916 0.491916 0.491916
2225.139404 0.000000 2182.092285 0.000000 0.017164 0.000000 -0.999853 0.512095 0.512095 0.512095
2225.086182 0.000000 2168.060547 0.000000 0.424598 0.000000 -0.905382 0.486500 0.486500 0.486500
2223.074951 0.000000 2180.658203 0.000000 0.659443 0.000000 -0.751754 0.464990 0.464990 0.464990
2216.934326 0.000000 2202.837402 0.000000 0.254211 0.000000 -0.967149 0.500364 0.500364 0.500364
2247.324707 0.000000 2173.016357 0.000000 0.353999 0.000000 -0.935246 0.229735 0.229735 0.229735
2249.639893 0.000000 2179.633301 0.000000 0.924720 0.000000 -0.380647 0.266961 0.266961 0.266961
2249.306152 0.000000 2172.080811 0.000000 0.824579 0.000000 -0.565747 0.273900 0.273900 0.273900
2246.226807 0.000000 2190.981201 0.000000 0.972751 0.000000 -0.231851 0.283796 0.283796 0.283796
2259.108398 0.000000 2156.383301 0.000000 0.750464 0.000000 -0.660911 0.312059 0.312059 0.312059
2246.215332 0.000000 2162.559570 0.000000 0.059119 0.000000 -0.998251 0.302400 0.302400 0.302400
2244.253662 0.000000 2185.772217 0.000000 0.863796 0.000000 -0.503842 0.274847 0.274847 0.274847
2250.960205 0.000000 2180.571045 0.000000 0.641700 0.000000 -0.766955 0.298643 0.298643 0.298643
2243.098633 0.000000 2164.530273 0.000000 0.922566 0.000000 -0.385840 0.375330 0.375330 0.375330
2246.676025 0.000000 2149.291260 0.000000 0.549398 0.000000 -0.835561 0.355405 0.355405 0.355405
2249.455566 0.000000 2151.173340 0.000000 0.835823 0.000000 -0.548999 0.349719 0.349719 0.349719
2240.011719 0.000000 2171.259277 0.000000 0.944828 0.000000 -0.327568 0.354948 0.354948 0.354948
2251.846924 0.000000 2150.653320 0.000000 0.172625 0.000000 -0.984988 0.489653 0.489653 0.489653
2243.585205 0.000000 2165.999512 0.000000 0.782325 0.000000 -0.622871 0.388601 0.388601 0.388601
2244.648926 0.000000 2168.516357 0.000000 0.925077 0.000000 -0.379779 0.426648 0.426648 0.426648
2244.728516 0.000000 2166.652588 0.000000 0.596905 0.000000 -0.802312 0.471135 0.471135 0.471135
2240.082764 0.000000 2158.186523 0.000000 0.790352 0.000000 -0.612653 0.423823 0.423823 0.423823
2243.393555 0.000000 2173.904785 0.000000 0.891880 0.000000 -0.452271 0.389232 0.389232 0.389232
2242.950928 0.000000 2168.507080 0.000000 0.707142 0.000000 -0.707072 0.459604 0.459604 0.459604
2256.399658 0.000000 2152.083740 0.000000 0.241506 0.000000 -0.970399 0.496728 0.496728 0.496728
2248.816895 0.000000 2184.496826 0.000000 0.272205 0.000000 -0.962239 0.498939 0.498939 0.498939
2248.640381 0.000000 2169.505859 0.000000 0.605066 0.000000 -0.796176 0.470355 0.470355 0.470355
2243.130371 0.000000 2156.725342 0.000000 0.667580 0.000000 -0.744538 0.392347 0.392347 0.392347
2248.482910 0.000000 2186.756348 0.000000 0.401760 0.000000 -0.915745 0.488416 0.488416 0.488416
2241.456787 0.000000 2197.523193 0.000000 0.987835 0.000000 -0.155503 0.385055 0.385055 0.385055
2240.212158 0.000000 2170.046387 0.000000 0.951883 0.000000 -0.306462 0.353992 0.353992 0.353992
2246.064209 0.000000 2170.581055 0.000000 0.783581 0.000000 -0.621290 0.446528 0.446528 0.446528
2244.218018 0.000000 2163.837402 0.000000 0.673392 0.000000 -0.739285 0.458368 0.458368 0.458368
2242.538086 0.000000 2170.224121 0.000000 0.548869 0.000000 -0.835909 0.433925 0.433925 0.433925
2248.459473 0.000000 2188.967285 0.000000 0.835442 0.000000 -0.549579 0.438786 0.438786 0.438786
2253.854248 0.000000 2158.773682 0.000000 0.978409 0.000000 -0.206676 0.415904 0.415904 0.415904
2242.523926 0.000000 2166.907471 0.000000 0.509200 0.000000 -0.860648 0.478668 0.478668 0.478668
2250.822510 0.000000 2168.132812 0.000000 0.997682 0.000000 -0.068047 0.404386 0.404386 0.404386
2247.631836 0.000000 2165.065186 0.000000 0.976417 0.000000 -0.215892 0.415157 0.415157 0.415157
2241.154053 0.000000 2165.215332 0.000000 0.668284 0.000000 -0.743906 0.410994 0.410994 0.410994
2240.825439 0.000000 2198.697998 0.000000 0.389748 0.000000 -0.920921 0.488246 0.488246 0.488246
2254.774170 0.000000 2159.963379 0.000000 0.708952 0.000000 -0.705257 0.452765 0.452765 0.452765
2247.023926 0.000000 2184.426758 0.000000 0.941535 0.000000 -0.336914 0.426252 0.426252 0.426252
2247.646240 0.000000 2188.227295 0.000000 0.490464 0.000000 -0.871461 0.480839 0.480839 0.480839
2249.938477 0.000000 2180.892578 0.000000 0.737228 0.000000 -0.675644 0.456672 0.456672 0.456672
2243.206055 0.000000 2163.464600 0.000000 0.121645 0.000000 -0.992574 0.494769 0.494769 0.494769
2241.070068 0.000000 2199.916016 0.000000 0.259022 0.000000 -0.965871 0.498677 0.498677 0.498677
2248.068604 0.000000 2189.976074 0.000000 0.855743 0.000000 -0.517402 0.436249 0.436249 0.436249
2253.107910 0.000000 2158.055176 0.000000 0.543508 0.000000 -0.839404 0.476103 0.476103 0.476103
2259.869141 0.000000 2155.674072 0.000000 0.928150 0.000000 -0.372205 0.429136 0.429136 0.429136
2255.711182 0.000000 2156.263184 0.000000 0.506517 0.000000 -0.862230 0.479424 0.479424 0.479424
2252.760254 0.000000 2159.834473 0.000000 0.644877 0.000000 -0.764287 0.466458 0.466458 0.466458
2246.729492 0.000000 2164.380127 0.000000 0.515767 0.000000 -0.856729 0.471666 0.471666 0.471666
2247.321777 0.000000 2147.836670 0.000000 0.694503 0.000000 -0.719490 0.461350 0.461350 0.461350
2245.024170 0.000000 2167.600586 0.000000 0.225321 0.000000 -0.974284 0.502638 0.502638 0.502638
2242.820557 0.000000 2158.163574 0.000000 0.369297 0.000000 -0.929311 0.483958 0.483958 0.483958
2249.310547 0.000000 2167.937988 0.000000 0.981568 0.000000 -0.191115 0.414690 0.414690 0.414690
2258.540527 0.000000 2155.191406 0.000000 0.964434 0.000000 -0.264324 0.420436 0.420436 0.420436
2198.302246 0.000000 2207.944580 0.000000 0.986247 0.000000 -0.165280 0.201347 0.201347 0.201347
2207.085693 0.000000 2210.519531 0.000000 0.767130 0.000000 -0.641492 0.217265 0.217265 0.217265
2209.860352 0.000000 2211.631836 0.000000 0.684894 0.000000 -0.728643 0.223710 0.223710 0.223710
2181.178223 0.000000 2228.260742 0.000000 0.663197 0.000000 -0.748445 0.234385 0.234385 0.234385
2215.451416 0.000000 2217.886230 0.000000 0.455224 0.000000 -0.890377 0.252712 0.252712 0.252712
2233.361084 0.000000 2215.679932 0.000000 0.994206 0.000000 -0.107487 0.232426 0.232426 0.232426
2214.302734 0.000000 2215.957275 0.000000 0.855011 0.000000 -0.518611 0.271443 0.271443 0.271443
2229.305176 0.000000 2216.541504 0.000000 0.999089 0.000000 -0.042685 0.256320 0.256320 0.256320
2228.116699 0.000000 2205.221436 0.000000 0.398630 0.000000 -0.917112 0.310147 0.310147 0.310147
2211.804932 0.000000 2221.804932 0.000000 0.358170 0.000000 -0.933656 0.304020 0.304020 0.304020
2211.248779 0.000000 2217.251953 0.000000 0.855828 0.000000 -0.517260 0.322341 0.322341 0.322341
2182.483887 0.000000 2221.822998 0.000000 0.549886 0.000000 -0.835240 0.268514 0.268514 0.268514
2211.859863 0.000000 2208.572998 0.000000 0.528700 0.000000 -0.848809 0.281325 0.281325 0.281325
2176.520752 0.000000 2222.660645 0.000000 0.671914 0.000000 -0.740630 0.298989 0.298989 0.298989
2179.098633 0.000000 2221.014648 0.000000 0.430290 0.000000 -0.902691 0.319322 0.319322 0.319322
2206.455078 0.000000 2208.969238 0.000000 0.977208 0.000000 -0.212286 0.349802 0.349802 0.349802
2203.648926 0.000000 2210.324219 0.000000 0.007657 0.000000 -0.999971 0.364969 0.364969 0.364969
2218.500732 0.000000 2217.676270 0.000000 0.583742 0.000000 -0.811939 0.303244 0.303244 0.303244
2220.179932 0.000000 2206.313721 0.000000 0.939744 0.000000 -0.341878 0.380576 0.380576 0.380576
2210.393799 0.000000 2215.583740 0.000000 0.943217 0.000000 -0.332177 0.314486 0.314486 0.314486
2222.835205 0.000000 2206.941162 0.000000 0.604287 0.000000 -0.796766 0.351531 0.351531 0.351531
2230.458008 0.000000 2215.800049 0.000000 0.951286 0.000000 -0.308309 0.316114 0.316114 0.316114
2224.982666 0.000000 2206.321777 0.000000 0.830951 0.000000 -0.556346 0.377948 0.377948 0.377948
2231.127441 0.000000 2211.825928 0.000000 0.707948 0.000000 -0.706264 0.454819 0.454819 0.454819
2216.875000 0.000000 2203.764160 0.000000 0.684203 0.000000 -0.729292 0.462436 0.462436 0.462436
2227.522461 0.000000 2219.577148 0.000000 0.931875 0.000000 -0.362779 0.369103 0.369103 0.369103
2213.055908 0.000000 2216.333740 0.000000 0.576675 0.000000 -0.816973 0.396331 0.396331 0.396331
2228.297119 0.000000 2211.144531 0.000000 0.014237 0.000000 -0.999899 0.382637 0.382637 0.382637
2225.942383 0.000000 2225.001465 0.000000 0.247776 0.000000 -0.968817 0.403685 0.403685 0.403685
2216.942383 0.000000 2206.322998 0.000000 0.741360 0.000000 -0.671108 0.456203 0.456203 0.456203
2233.509033 0.000000 2210.526123 0.000000 0.531136 0.000000 -0.847287 0.477224 0.477224 0.477224
2176.212158 0.000000 2226.530762 0.000000 0.744109 0.000000 -0.668058 0.412464 0.412464 0.412464
2226.150146 0.000000 2212.177002 0.000000 0.994585 0.000000 -0.103930 0.391496 0.391496 0.391496
2227.791016 0.000000 2213.705811 0.000000 0.644292 0.000000 -0.764779 0.436123 0.436123 0.436123
2220.617432 0.000000 2215.866699 0.000000 0.977849 0.000000 -0.209313 0.395297 0.395297 0.395297
2223.400146 0.000000 2213.129150 0.000000 0.981377 0.000000 -0.192090 0.356055 0.356055 0.356055
2238.218506 0.000000 2203.834473 0.000000 0.784163 0.000000 -0.620555 0.393948 0.393948 0.393948
2178.538086 0.000000 2226.708496 0.000000 0.258847 0.000000 -0.965918 0.486273 0.486273 0.486273
2229.360840 0.000000 2213.544678 0.000000 0.776188 0.000000 -0.630502 0.437788 0.437788 0.437788
2214.707764 0.000000 2205.316406 0.000000 0.025402 0.000000 -0.999677 0.518059 0.518059 0.518059
2224.215332 0.000000 2212.437744 0.000000 0.909979 0.000000 -0.414655 0.432664 0.432664 0.432664
2207.713379 0.000000 2204.031006 0.000000 0.952042 0.000000 -0.305966 0.423755 0.423755 0.423755
2215.312012 0.000000 2203.880371 0.000000 0.559135 0.000000 -0.829077 0.474672 0.474672 0.474672
2207.095703 0.000000 2207.978271 0.000000 0.509041 0.000000 -0.860742 0.471953 0.471953 0.471953
2226.968262 0.000000 2205.293457 0.000000 0.487621 0.000000 -0.873055 0.468633 0.468633 0.468633
2209.670898 0.000000 2203.646240 0.000000 0.841392 0.000000 -0.540425 0.443617 0.443617 0.443617
2209.595215 0.000000 2207.501953 0.000000 0.847808 0.000000 -0.530303 0.438794 0.438794 0.438794
2217.650879 0.000000 2207.963135 0.000000 0.236371 0.000000 -0.971663 0.501770 0.501770 0.501770
2232.529297 0.000000 2210.197510 0.000000 0.935355 0.000000 -0.353709 0.427619 0.427619 0.427619
2216.170410 0.000000 2205.711670 0.000000 0.613870 0.000000 -0.789407 0.461784 0.461784 0.461784
2232.056396 0.000000 2212.171143 0.000000 0.376942 0.000000 -0.926237 0.484856 0.484856 0.484856
2231.523438 0.000000 2213.833008 0.000000 0.287530 0.000000 -0.957772 0.497720 0.497720 0.497720
3540.194824 0.000000 1853.412842 0.000000 0.945089 0.000000 -0.326812 0.202660 0.202660 0.202660
3561.246582 0.000000 1855.811768 0.000000 0.975787 0.000000 -0.218725 0.227112 0.227112 0.227112
3556.314209 0.000000 1860.895874 0.000000 0.931735 0.000000 -0.363138 0.219617 0.219617 0.219617
3559.682861 0.000000 1855.750977 0.000000 0.627725 0.000000 -0.778435 0.301828 0.301828 0.301828
3557.751709 0.000000 1858.033325 0.000000 0.808941 0.000000 -0.587889 0.346231 0.346231 0.346231
3540.242188 0.000000 1855.193115 0.000000 0.993319 0.000000 -0.115399 0.398009 0.398009 0.398009
3559.593750 0.000000 1856.835938 0.000000 0.837472 0.000000 -0.546480 0.437673 0.437673 0.437673
3542.646240 0.000000 1894.650146 0.000000 0.884701 0.000000 -0.466158 0.256538 0.256538 0.256538
3703.305908 0.000000 2168.229980 0.000000 0.969241 0.000000 -0.246115 0.414604 0.414604 0.414604
3717.852539 0.000000 2169.251709 0.000000 0.721373 0.000000 -0.692546 0.259086 0.259086 0.259086
7980.084473 0.000000 426.134399 0.000000 0.947873 0.000000 -0.318649 0.207224 0.207224 0.207224
7989.610352 0.000000 430.883453 0.000000 0.520419 0.000000 -0.853911 0.234123 0.234123 0.234123
7976.221680 0.000000 415.833862 0.000000 0.806248 0.000000 -0.591577 0.231514 0.231514 0.231514
7992.956055 0.000000 420.806366 0.000000 0.160623 0.000000 -0.987016 0.266288 0.266288 0.266288
7987.339844 0.000000 430.679993 0.000000 0.663078 0.000000 -0.748550 0.256583 0.256583 0.256583
7992.713379 0.000000 424.813599 0.000000 0.553006 0.000000 -0.833177 0.280715 0.280715 0.280715
7984.601562 0.000000 400.232880 0.000000 0.489466 0.000000 -0.872022 0.262991 0.262991 0.262991
7989.692383 0.000000 407.125641 0.000000 0.279851 0.000000 -0.960043 0.326798 0.326798 0.326798
7974.039062 0.000000 413.492310 0.000000 0.888293 0.000000 -0.459277 0.321460 0.321460 0.321460
7989.526855 0.000000 429.326111 0.000000 0.785960 0.000000 -0.618278 0.397928 0.397928 0.397928
7978.833008 0.000000 419.623444 0.000000 0.997755 0.000000 -0.066973 0.375568 0.375568 0.375568
7979.594727 0.000000 417.790375 0.000000 0.391196 0.000000 -0.920308 0.357458 0.357458 0.357458
7975.991211 0.000000 428.282227 0.000000 0.999525 0.000000 -0.030802 0.374766 0.374766 0.374766
7981.479492 0.000000 419.930206 0.000000 0.806098 0.000000 -0.591782 0.443003 0.443003 0.443003
7988.189941 0.000000 429.464722 0.000000 0.990732 0.000000 -0.135833 0.371051 0.371051 0.371051
7987.522461 0.000000 412.077087 0.000000 0.896304 0.000000 -0.443440 0.435098 0.435098 0.435098
7974.902344 0.000000 423.996429 0.000000 0.350411 0.000000 -0.936596 0.457657 0.457657 0.457657
7978.333984 0.000000 422.484253 0.000000 0.858257 0.000000 -0.513221 0.441171 0.441171 0.441171
7986.147461 0.000000 420.463196 0.000000 0.982922 0.000000 -0.184024 0.414139 0.414139 0.414139
7974.330078 0.000000 409.738800 0.000000 0.999354 0.000000 -0.035932 0.402701 0.402701 0.402701
7981.009277 0.000000 422.551880 0.000000 0.994722 0.000000 -0.102609 0.407853 0.407853 0.407853
7984.498535 0.000000 428.943237 0.000000 0.596014 0.000000 -0.802974 0.404023 0.404023 0.404023
7977.625977 0.000000 424.978546 0.000000 0.287108 0.000000 -0.957898 0.497753 0.497753 0.497753
7988.518555 0.000000 414.471863 0.000000 0.756334 0.000000 -0.654185 0.454477 0.454477 0.454477
7984.708984 0.000000 413.622375 0.000000 0.757620 0.000000 -0.652696 0.454327 0.454327 0.454327
7988.335449 0.000000 409.866272 0.000000 0.750239 0.000000 -0.661167 0.453201 0.453201 0.453201
7981.161133 0.000000 406.108704 0.000000 0.158016 0.000000 -0.987437 0.507878 0.507878 0.507878
7976.130371 0.000000 411.463135 0.000000 0.741035 0.000000 -0.671467 0.456241 0.456241 0.456241
7977.289551 0.000000 420.803467 0.000000 0.220909 0.000000 -0.975295 0.498272 0.498272 0.498272
7986.149902 0.000000 404.677094 0.000000 0.277918 0.000000 -0.960605 0.498485 0.498485 0.498485
7982.963867 0.000000 415.490082 0.000000 0.891775 0.000000 -0.452478 0.432354 0.432354 0.432354
7976.788574 0.000000 410.276855 0.000000 0.030197 0.000000 -0.999544 0.517693 0.517693 0.517693
7983.274414 0.000000 413.473328 0.000000 0.700854 0.000000 -0.713305 0.410106 0.410106 0.410106
7980.617676 0.000000 408.366791 0.000000 0.485217 0.000000 -0.874394 0.481298 0.481298 0.481298
7983.399902 0.000000 405.629028 0.000000 0.940568 0.000000 -0.339606 0.426470 0.426470 0.426470
7981.988281 0.000000 405.237701 0.000000 0.429289 0.000000 -0.903167 0.482164 0.482164 0.482164
7979.927246 0.000000 410.235626 0.000000 0.995696 0.000000 -0.092681 0.407090 0.407090 0.407090
7991.606934 0.000000 424.282684 0.000000 0.414957 0.000000 -0.909841 0.487311 0.487311 0.487311
7981.942383 0.000000 411.344299 0.000000 0.990753 0.000000 -0.135676 0.409853 0.409853 0.409853
7985.631836 0.000000 406.569366 0.000000 0.970175 0.000000 -0.242405 0.418705 0.418705 0.418705
7985.034668 0.000000 426.588196 0.000000 0.999625 0.000000 -0.027370 0.402091 0.402091 0.402091
7985.295410 0.000000 419.151520 0.000000 0.345007 0.000000 -0.938600 0.493090 0.493090 0.493090
7987.049316 0.000000 408.297272 0.000000 0.740103 0.000000 -0.672493 0.456346 0.456346 0.456346
7984.438477 0.000000 424.295532 0.000000 0.864221 0.000000 -0.503113 0.440275 0.440275 0.440275
7982.801270 0.000000 403.057220 0.000000 0.987858 0.000000 -0.155362 0.411917 0.411917 0.411917
7975.327637 0.000000 429.235535 0.000000 0.996019 0.000000 -0.089136 0.377911 0.377911 0.377911
7978.449707 0.000000 411.777161 0.000000 0.747922 0.000000 -0.663787 0.455452 0.455452 0.455452
7989.369629 0.000000 415.821655 0.000000 0.794717 0.000000 -0.606980 0.449829 0.449829 0.449829
7984.785645 0.000000 407.320007 0.000000 0.599277 0.000000 -0.800542 0.470909 0.470909 0.470909
7982.116699 0.000000 409.813141 0.000000 0.958875 0.000000 -0.283829 0.421985 0.421985 0.421985
7979.276855 0.000000 407.354980 0.000000 0.580878 0.000000 -0.813991 0.461492 0.461492 0.461492
7980.375000 0.000000 423.675323 0.000000 0.742729 0.000000 -0.669592 0.456047 0.456047 0.456047
7983.433105 0.000000 406.765686 0.000000 0.911570 0.000000 -0.411144 0.432369 0.432369 0.432369
7980.707520 0.000000 409.448181 0.000000 0.910841 0.000000 -0.412757 0.432504 0.432504 0.432504
7975.116211 0.000000 407.722260 0.000000 0.882663 0.000000 -0.470007 0.433471 0.433471 0.433471
7978.868164 0.000000 423.526672 0.000000 0.887908 0.000000 -0.460021 0.436518 0.436518 0.436518
7988.131348 0.000000 424.665558 0.000000 0.135520 0.000000 -0.990775 0.509615 0.509615 0.509615
7985.943848 0.000000 403.586578 0.000000 0.950246 0.000000 -0.311500 0.424200 0.424200 0.424200
7980.634766 0.000000 402.105865 0.000000 0.733126 0.000000 -0.680093 0.453587 0.453587 0.453587
7986.162109 0.000000 427.890503 0.000000 0.940168 0.000000 -0.340710 0.426560 0.426560 0.426560
7984.215332 0.000000 404.937744 0.000000 0.949851 0.000000 -0.312702 0.424296 0.424296 0.424296
7983.829590 0.000000 420.200439 0.000000 0.106769 0.000000 -0.994284 0.511828 0.511828 0.511828
7980.081543 0.000000 415.257446 0.000000 0.747689 0.000000 -0.664050 0.455479 0.455479 0.455479
7983.923340 0.000000 417.116608 0.000000 0.993990 0.000000 -0.109472 0.408106 0.408106 0.408106
7982.488281 0.000000 420.255066 0.000000 0.944965 0.000000 -0.327171 0.425463 0.425463 0.425463
7979.118652 0.000000 425.480042 0.000000 0.614011 0.000000 -0.789297 0.454894 0.454894 0.454894
7985.407715 0.000000 421.162384 0.000000 0.563251 0.000000 -0.826286 0.474292 0.474292 0.474292
7980.511719 0.000000 417.345215 0.000000 0.850203 0.000000 -0.526454 0.442355 0.442355 0.442355
7986.565430 0.000000 412.424316 0.000000 0.015606 0.000000 -0.999878 0.518808 0.518808 0.518808
7985.732910 0.000000 425.195343 0.000000 0.762204 0.000000 -0.647337 0.453788 0.453788 0.453788
7988.438965 0.000000 421.226959 0.000000 0.340319 0.000000 -0.940310 0.493472 0.493472 0.493472
7987.315430 0.000000 416.479065 0.000000 0.003933 0.000000 -0.999992 0.519700 0.519700 0.519700
7976.083496 0.000000 409.567657 0.000000 0.565404 0.000000 -0.824814 0.474093 0.474093 0.474093
7990.581543 0.000000 420.521484 0.000000 0.524474 0.000000 -0.851426 0.477823 0.477823 0.477823
7982.249512 0.000000 421.593842 0.000000 0.953290 0.000000 -0.302057 0.423442 0.423442 0.423442
7982.414551 0.000000 418.103607 0.000000 0.767757 0.000000 -0.640742 0.453130 0.453130 0.453130
7987.385742 0.000000 418.559174 0.000000 0.982757 0.000000 -0.184903 0.414207 0.414207 0.414207
7989.153809 0.000000 425.014191 0.000000 0.956325 0.000000 -0.292305 0.422661 0.422661 0.422661
7977.629883 0.000000 413.845673 0.000000 0.997138 0.000000 -0.075608 0.405782 0.405782 0.405782
7984.548828 0.000000 415.307983 0.000000 0.377136 0.000000 -0.926158 0.490458 0.490458 0.490458
7988.092285 0.000000 427.125854 0.000000 0.945327 0.000000 -0.326123 0.425378 0.425378 0.425378
7980.048828 0.000000 404.243805 0.000000 0.614209 0.000000 -0.789143 0.466295 0.466295 0.466295
7990.947754 0.000000 414.817993 0.000000 0.434161 0.000000 -0.900835 0.485691 0.485691 0.485691
7976.860352 0.000000 408.366974 0.000000 0.978956 0.000000 -0.204073 0.415700 0.415700 0.415700
7987.975586 0.000000 415.334106 0.000000 0.319046 0.000000 -0.947739 0.495193 0.495193 0.495193
7989.236328 0.000000 419.271362 0.000000 0.983167 0.000000 -0.182708 0.414037 0.414037 0.414037
8022.857910 0.000000 449.994141 0.000000 0.972499 0.000000 -0.232909 0.417078 0.417078 0.417078
8026.963867 0.000000 448.223114 0.000000 0.408465 0.000000 -0.912774 0.487855 0.487855 0.487855
8022.560059 0.000000 447.049316 0.000000 0.605438 0.000000 -0.795892 0.466643 0.466643 0.466643
8028.533691 0.000000 449.855011 0.000000 0.979860 0.000000 -0.199686 0.414455 0.414455 0.414455
8029.837891 0.000000 448.481506 0.000000 0.850970 0.000000 -0.525214 0.439759 0.439759 0.439759
8026.767578 0.000000 449.218903 0.000000 0.832487 0.000000 -0.554045 0.444860 0.444860 0.444860
8024.784180 0.000000 446.604492 0.000000 0.514344 0.000000 -0.857584 0.478729 0.478729 0.478729
8009.163574 0.000000 491.175812 0.000000 0.476422 0.000000 -0.879217 0.208045 0.208045 0.208045
8029.234863 0.000000 475.583801 0.000000 0.849446 0.000000 -0.527675 0.209581 0.209581 0.209581
8025.164062 0.000000 507.734436 0.000000 0.598034 0.000000 -0.801471 0.226361 0.226361 0.226361
8037.505371 0.000000 507.562683 0.000000 0.964378 0.000000 -0.264528 0.251359 0.251359 0.251359
8031.429199 0.000000 475.803131 0.000000 0.585489 0.000000 -0.810680 0.308728 0.308728 0.308728
8042.718262 0.000000 498.374023 0.000000 0.858175 0.000000 -0.513357 0.282657 0.282657 0.282657
8023.245605 0.000000 507.535492 0.000000 0.836700 0.000000 -0.547662 0.335232 0.335232 0.335232
8009.040527 0.000000 493.399567 0.000000 0.359069 0.000000 -0.933311 0.354168 0.354168 0.354168
8027.848633 0.000000 505.534210 0.000000 0.611298 0.000000 -0.791400 0.313391 0.313391 0.313391
8043.434082 0.000000 480.965057 0.000000 0.837759 0.000000 -0.546040 0.305334 0.305334 0.305334
8045.746094 0.000000 472.010986 0.000000 0.034084 0.000000 -0.999419 0.348089 0.348089 0.348089
8026.534668 0.000000 506.670471 0.000000 0.975182 0.000000 -0.221406 0.340618 0.340618 0.340618
8020.687500 0.000000 504.578156 0.000000 0.093862 0.000000 -0.995585 0.402393 0.402393 0.402393
8030.637207 0.000000 470.043915 0.000000 0.978640 0.000000 -0.205579 0.318569 0.318569 0.318569
8010.169922 0.000000 492.448700 0.000000 0.293552 0.000000 -0.955943 0.335368 0.335368 0.335368
8044.112305 0.000000 505.929504 0.000000 0.947998 0.000000 -0.318275 0.408053 0.408053 0.408053
8045.468262 0.000000 505.384705 0.000000 0.539085 0.000000 -0.842251 0.448334 0.448334 0.448334
8050.359863 0.000000 503.622162 0.000000 0.732180 0.000000 -0.681111 0.454435 0.454435 0.454435
8054.159668 0.000000 502.521729 0.000000 0.997618 0.000000 -0.068975 0.368791 0.368791 0.368791
8041.506836 0.000000 471.590790 0.000000 0.871324 0.000000 -0.490708 0.437646 0.437646 0.437646
8043.740234 0.000000 500.806946 0.000000 0.606840 0.000000 -0.794824 0.470185 0.470185 0.470185
8051.676270 0.000000 503.187500 0.000000 0.131023 0.000000 -0.991379 0.504571 0.504571 0.504571
8039.241699 0.000000 504.774261 0.000000 0.995904 0.000000 -0.090415 0.390705 0.390705 0.390705
8045.009277 0.000000 479.036255 0.000000 0.822955 0.000000 -0.568106 0.442537 0.442537 0.442537
8045.109375 0.000000 503.282806 0.000000 0.313628 0.000000 -0.949546 0.495629 0.495629 0.495629
8006.432129 0.000000 497.767578 0.000000 0.943148 0.000000 -0.332374 0.408939 0.408939 0.408939
8044.637695 0.000000 481.428162 0.000000 0.124821 0.000000 -0.992179 0.474742 0.474742 0.474742
8051.778809 0.000000 497.455658 0.000000 0.039210 0.000000 -0.999231 0.517004 0.517004 0.517004
8041.289551 0.000000 477.287842 0.000000 0.656527 0.000000 -0.754303 0.465286 0.465286 0.465286
8034.155762 0.000000 471.427979 0.000000 0.984724 0.000000 -0.174121 0.413370 0.413370 0.413370
8049.885254 0.000000 498.895752 0.000000 0.966132 0.000000 -0.258049 0.419939 0.419939 0.419939
8034.137695 0.000000 466.778107 0.000000 0.004876 0.000000 -0.999988 0.480125 0.480125 0.480125
8037.367676 0.000000 504.747467 0.000000 0.770329 0.000000 -0.637646 0.445745 0.445745 0.445745
8008.459473 0.000000 494.436066 0.000000 0.089232 0.000000 -0.996011 0.509845 0.509845 0.509845
8035.728027 0.000000 503.906403 0.000000 0.857745 0.000000 -0.514075 0.441248 0.441248 0.441248
8049.451660 0.000000 497.570129 0.000000 0.833020 0.000000 -0.553243 0.427743 0.427743 0.427743
8045.862305 0.000000 504.253082 0.000000 0.944964 0.000000 -0.327173 0.408612 0.408612 0.408612
8011.726562 0.000000 494.754028 0.000000 0.991969 0.000000 -0.126480 0.361226 0.361226 0.361226
8033.257812 0.000000 504.892975 0.000000 0.810120 0.000000 -0.586265 0.447857 0.447857 0.447857
8045.730469 0.000000 499.815948 0.000000 0.214234 0.000000 -0.976782 0.503506 0.503506 0.503506
8036.053711 0.000000 477.917206 0.000000 0.606558 0.000000 -0.795039 0.469294 0.469294 0.469294
8043.042480 0.000000 473.274445 0.000000 0.940075 0.000000 -0.340967 0.426581 0.426581 0.426581
8050.142090 0.000000 500.787445 0.000000 0.957644 0.000000 -0.287954 0.422314 0.422314 0.422314
8041.406250 0.000000 473.783600 0.000000 0.962242 0.000000 -0.272197 0.421060 0.421060 0.421060
8055.960938 0.000000 498.031738 0.000000 0.972524 0.000000 -0.232802 0.417949 0.417949 0.417949
8048.238770 0.000000 497.559509 0.000000 0.228571 0.000000 -0.973527 0.473507 0.473507 0.473507
8039.639160 0.000000 473.284729 0.000000 0.960046 0.000000 -0.279844 0.421668 0.421668 0.421668
8009.572754 0.000000 494.371704 0.000000 0.977496 0.000000 -0.210954 0.415760 0.415760 0.415760
8053.469238 0.000000 500.565277 0.000000 0.947714 0.000000 -0.319120 0.424813 0.424813 0.424813
8044.375000 0.000000 480.159698 0.000000 0.980352 0.000000 -0.197254 0.400600 0.400600 0.400600
8042.916016 0.000000 502.486633 0.000000 0.244368 0.000000 -0.969683 0.501141 0.501141 0.501141
8032.156250 0.000000 472.663727 0.000000 0.460283 0.000000 -0.887772 0.447467 0.447467 0.447467
8041.133789 0.000000 503.814514 0.000000 0.417856 0.000000 -0.908513 0.487068 0.487068 0.487068
8040.736816 0.000000 479.666260 0.000000 0.974335 0.000000 -0.225102 0.417175 0.417175 0.417175
8037.345215 0.000000 476.626251 0.000000 0.997517 0.000000 -0.070423 0.405314 0.405314 0.405314
8051.887695 0.000000 502.065887 0.000000 0.755232 0.000000 -0.655458 0.451929 0.451929 0.451929
8043.478516 0.000000 478.202911 0.000000 0.947170 0.000000 -0.320732 0.424943 0.424943 0.424943
8047.470703 0.000000 478.727722 0.000000 0.798840 0.000000 -0.601544 0.421624 0.421624 0.421624
8008.068359 0.000000 495.444763 0.000000 0.940100 0.000000 -0.340898 0.425794 0.425794 0.425794
8047.026367 0.000000 498.475128 0.000000 0.827482 0.000000 -0.561492 0.445545 0.445545 0.445545
8049.185059 0.000000 503.734192 0.000000 0.459068 0.000000 -0.888401 0.483564 0.483564 0.483564
8028.043457 0.000000 504.388855 0.000000 0.613946 0.000000 -0.789348 0.466093 0.466093 0.466093
8020.261719 0.000000 507.100311 0.000000 0.944501 0.000000 -0.328510 0.423816 0.423816 0.423816
8050.547363 0.000000 505.192657 0.000000 0.122343 0.000000 -0.992488 0.496169 0.496169 0.496169
8030.083984 0.000000 469.157471 0.000000 0.104832 0.000000 -0.994490 0.511977 0.511977 0.511977
8034.901367 0.000000 503.278748 0.000000 0.586172 0.000000 -0.810187 0.472152 0.472152 0.472152
8047.125000 0.000000 504.268677 0.000000 0.982074 0.000000 -0.188497 0.412640 0.412640 0.412640
8055.760742 0.000000 496.159485 0.000000 0.994767 0.000000 -0.102174 0.407819 0.407819 0.407819
8031.373535 0.000000 469.241486 0.000000 0.768744 0.000000 -0.639557 0.453012 0.453012 0.453012
8029.837891 0.000000 504.965881 0.000000 0.888163 0.000000 -0.459528 0.434688 0.434688 0.434688
8038.142578 0.000000 475.966614 0.000000 0.579591 0.000000 -0.814908 0.472771 0.472771 0.472771
8037.557617 0.000000 469.085846 0.000000 0.430247 0.000000 -0.902711 0.482649 0.482649 0.482649
8049.625000 0.000000 502.791809 0.000000 0.807165 0.000000 -0.590326 0.448240 0.448240 0.448240
8033.683594 0.000000 503.739746 0.000000 0.885743 0.000000 -0.464177 0.436876 0.436876 0.436876
8030.990234 0.000000 502.496765 0.000000 0.813191 0.000000 -0.581996 0.444508 0.444508 0.444508
8055.424316 0.000000 497.200073 0.000000 0.541827 0.000000 -0.840490 0.476256 0.476256 0.476256
8032.005859 0.000000 470.114868 0.000000 0.918405 0.000000 -0.395641 0.431075 0.431075 0.431075
8041.009277 0.000000 472.908173 0.000000 0.023520 0.000000 -0.999723 0.518203 0.518203 0.518203
8018.430664 0.000000 507.008392 0.000000 0.102468 0.000000 -0.994736 0.505927 0.505927 0.505927
8038.073730 0.000000 470.941254 0.000000 0.384607 0.000000 -0.923080 0.489841 0.489841 0.489841
8034.829590 0.000000 470.746826 0.000000 0.960720 0.000000 -0.277520 0.421483 0.421483 0.421483
8040.069336 0.000000 475.191925 0.000000 0.549121 0.000000 -0.835743 0.475591 0.475591 0.475591
8044.897949 0.000000 498.769165 0.000000 0.995793 0.000000 -0.091632 0.407010 0.407010 0.407010
8052.807129 0.000000 497.059052 0.000000 0.782040 0.000000 -0.623229 0.451403 0.451403 0.451403
8030.264648 0.000000 506.695770 0.000000 0.999636 0.000000 -0.026996 0.402063 0.402063 0.402063
8049.757324 0.000000 499.873291 0.000000 0.764062 0.000000 -0.645143 0.453569 0.453569 0.453569
8052.206055 0.000000 501.192383 0.000000 0.554146 0.000000 -0.832419 0.475131 0.475131 0.475131
8057.683105 0.000000 510.515106 0.000000 0.099264 0.000000 -0.995061 0.257184 0.257184 0.257184
8059.533691 0.000000 513.934204 0.000000 0.582387 0.000000 -0.812911 0.318583 0.318583 0.318583
8027.430664 0.000000 520.387085 0.000000 0.986190 0.000000 -0.165618 0.249519 0.249519 0.249519
8020.110352 0.000000 521.997192 0.000000 0.057687 0.000000 -0.998335 0.353689 0.353689 0.353689
8032.125000 0.000000 517.501404 0.000000 0.802714 0.000000 -0.596365 0.339975 0.339975 0.339975
8024.543945 0.000000 518.536865 0.000000 0.992548 0.000000 -0.121858 0.330749 0.330749 0.330749
8021.721191 0.000000 520.532104 0.000000 0.517088 0.000000 -0.855932 0.337983 0.337983 0.337983
8051.249023 0.000000 512.769592 0.000000 0.914197 0.000000 -0.405269 0.289673 0.289673 0.289673
8021.480469 0.000000 512.117432 0.000000 0.997212 0.000000 -0.074623 0.365633 0.365633 0.365633
8034.394043 0.000000 521.052429 0.000000 0.953159 0.000000 -0.302471 0.371063 0.371063 0.371063
8025.317871 0.000000 515.619751 0.000000 0.021246 0.000000 -0.999774 0.366117 0.366117 0.366117
8063.011719 0.000000 517.721680 0.000000 0.391902 0.000000 -0.920007 0.324873 0.324873 0.324873
8021.351074 0.000000 514.788513 0.000000 0.929566 0.000000 -0.368655 0.384547 0.384547 0.384547
8033.012207 0.000000 518.572632 0.000000 0.940402 0.000000 -0.340064 0.395549 0.395549 0.395549
8024.170898 0.000000 519.860229 0.000000 0.999876 0.000000 -0.015717 0.326655 0.326655 0.326655
8033.218262 0.000000 511.178680 0.000000 0.716926 0.000000 -0.697150 0.401827 0.401827 0.401827
8028.418945 0.000000 527.245850 0.000000 0.994296 0.000000 -0.106653 0.407470 0.407470 0.407470
8028.656250 0.000000 523.231873 0.000000 0.898595 0.000000 -0.438778 0.433567 0.433567 0.433567
8023.267578 0.000000 522.561401 0.000000 0.831923 0.000000 -0.554890 0.442147 0.442147 0.442147
8020.947754 0.000000 522.989136 0.000000 0.899240 0.000000 -0.437455 0.420950 0.420950 0.420950
8023.642578 0.000000 515.778442 0.000000 0.436915 0.000000 -0.899503 0.474845 0.474845 0.474845
8022.916016 0.000000 514.605469 0.000000 0.689322 0.000000 -0.724455 0.454211 0.454211 0.454211
8022.991211 0.000000 520.638245 0.000000 0.626700 0.000000 -0.779261 0.438937 0.438937 0.438937
8025.454590 0.000000 517.468079 0.000000 0.474734 0.000000 -0.880129 0.377849 0.377849 0.377849
8057.509277 0.000000 515.994934 0.000000 0.067676 0.000000 -0.997707 0.514826 0.514826 0.514826
8056.681641 0.000000 513.621155 0.000000 0.899032 0.000000 -0.437883 0.431570 0.431570 0.431570
8059.795410 0.000000 515.209839 0.000000 0.708846 0.000000 -0.705363 0.426695 0.426695 0.426695
8034.137695 0.000000 523.262512 0.000000 0.796983 0.000000 -0.604001 0.442095 0.442095 0.442095
8030.290527 0.000000 518.930298 0.000000 0.855270 0.000000 -0.518183 0.436310 0.436310 0.436310
8053.138184 0.000000 514.672485 0.000000 0.733446 0.000000 -0.679748 0.457099 0.457099 0.457099
8022.291016 0.000000 523.204163 0.000000 0.819946 0.000000 -0.572441 0.443670 0.443670 0.443670
8032.474609 0.000000 519.588501 0.000000 0.814165 0.000000 -0.580634 0.410533 0.410533 0.410533
8031.837402 0.000000 515.167786 0.000000 0.923540 0.000000 -0.383501 0.425744 0.425744 0.425744
8033.091309 0.000000 523.273315 0.000000 0.103573 0.000000 -0.994622 0.512073 0.512073 0.512073
8056.758789 0.000000 512.594849 0.000000 0.210300 0.000000 -0.977637 0.494653 0.494653 0.494653
8022.246094 0.000000 518.482544 0.000000 0.648135 0.000000 -0.761525 0.464187 0.464187 0.464187
8033.670898 0.000000 509.115051 0.000000 0.997519 0.000000 -0.070399 0.405383 0.405383 0.405383
8023.303223 0.000000 516.718994 0.000000 0.313667 0.000000 -0.949533 0.495626 0.495626 0.495626
8057.652832 0.000000 513.917908 0.000000 0.491144 0.000000 -0.871078 0.473651 0.473651 0.473651
8056.529297 0.000000 515.666382 0.000000 0.511746 0.000000 -0.859137 0.478960 0.478960 0.478960
8026.176270 0.000000 527.149597 0.000000 0.882868 0.000000 -0.469621 0.437346 0.437346 0.437346
8030.111328 0.000000 522.143250 0.000000 0.135553 0.000000 -0.990770 0.504598 0.504598 0.504598
8024.346191 0.000000 523.862854 0.000000 0.852120 0.000000 -0.523346 0.442076 0.442076 0.442076
8055.991699 0.000000 514.371887 0.000000 0.911868 0.000000 -0.410484 0.432314 0.432314 0.432314
8031.367676 0.000000 520.635254 0.000000 0.903589 0.000000 -0.428401 0.433821 0.433821 0.433821
8056.056641 0.000000 517.639832 0.000000 0.735108 0.000000 -0.677950 0.456168 0.456168 0.456168
8031.787109 0.000000 508.433777 0.000000 0.309740 0.000000 -0.950821 0.495942 0.495942 0.495942
8024.985840 0.000000 522.054443 0.000000 0.995294 0.000000 -0.096900 0.407414 0.407414 0.407414
8110.967285 0.000000 523.736206 0.000000 0.992579 0.000000 -0.121602 0.228053 0.228053 0.228053
8075.119141 0.000000 561.978577 0.000000 0.949832 0.000000 -0.312761 0.298029 0.298029 0.298029
8099.914551 0.000000 537.118469 0.000000 0.919221 0.000000 -0.393743 0.325332 0.325332 0.325332
8109.502441 0.000000 530.720154 0.000000 0.630870 0.000000 -0.775888 0.293549 0.293549 0.293549
8121.096680 0.000000 542.424316 0.000000 0.313227 0.000000 -0.949678 0.339238 0.339238 0.339238
8095.589355 0.000000 538.404419 0.000000 0.812746 0.000000 -0.582619 0.328815 0.328815 0.328815
8096.125000 0.000000 517.501404 0.000000 0.217131 0.000000 -0.976143 0.303179 0.303179 0.303179
8101.460449 0.000000 539.694641 0.000000 0.675589 0.000000 -0.737278 0.391840 0.391840 0.391840
8103.991211 0.000000 541.250977 0.000000 0.999958 0.000000 -0.009220 0.366861 0.366861 0.366861
8106.374023 0.000000 521.004150 0.000000 0.753502 0.000000 -0.657446 0.363197 0.363197 0.363197
8071.945312 0.000000 560.765320 0.000000 0.997390 0.000000 -0.072208 0.374699 0.374699 0.374699
8123.111816 0.000000 549.482422 0.000000 0.298910 0.000000 -0.954281 0.382542 0.382542 0.382542
8103.114258 0.000000 538.814148 0.000000 0.985730 0.000000 -0.168332 0.300857 0.300857 0.300857
8091.985840 0.000000 519.117432 0.000000 0.877628 0.000000 -0.479342 0.349145 0.349145 0.349145
8077.528320 0.000000 562.877808 0.000000 0.873465 0.000000 -0.486887 0.362454 0.362454 0.362454
8118.485352 0.000000 548.062317 0.000000 0.796376 0.000000 -0.604802 0.384778 0.384778 0.384778
8103.334473 0.000000 548.117676 0.000000 0.999920 0.000000 -0.012652 0.400846 0.400846 0.400846
8066.944824 0.000000 563.826233 0.000000 0.950057 0.000000 -0.312076 0.421156 0.421156 0.421156
8112.071777 0.000000 532.119019 0.000000 0.999983 0.000000 -0.005891 0.400419 0.400419 0.400419
8087.642578 0.000000 515.778442 0.000000 0.896830 0.000000 -0.442375 0.400363 0.400363 0.400363
8100.453613 0.000000 549.785828 0.000000 0.735388 0.000000 -0.677646 0.453348 0.453348 0.453348
8095.716309 0.000000 550.131531 0.000000 0.422875 0.000000 -0.906188 0.438831 0.438831 0.438831
8095.390625 0.000000 512.301575 0.000000 0.682092 0.000000 -0.731266 0.462657 0.462657 0.462657
8075.079590 0.000000 564.158447 0.000000 0.742711 0.000000 -0.669612 0.456050 0.456050 0.456050
8093.126953 0.000000 513.566528 0.000000 0.807792 0.000000 -0.589468 0.448159 0.448159 0.448159
8069.619141 0.000000 563.807373 0.000000 0.685228 0.000000 -0.728329 0.462329 0.462329 0.462329
8099.174316 0.000000 547.832825 0.000000 0.790012 0.000000 -0.613091 0.450418 0.450418 0.450418
8102.615234 0.000000 553.736450 0.000000 0.334174 0.000000 -0.942511 0.402805 0.402805 0.402805
8096.915527 0.000000 549.274841 0.000000 0.437536 0.000000 -0.899201 0.485404 0.485404 0.485404
8101.444336 0.000000 551.791077 0.000000 0.111438 0.000000 -0.993771 0.477269 0.477269 0.477269
8097.949219 0.000000 549.965088 0.000000 0.998260 0.000000 -0.058973 0.404508 0.404508 0.404508
8099.721191 0.000000 553.557251 0.000000 0.959931 0.000000 -0.280235 0.388389 0.388389 0.388389
8122.465332 0.000000 545.891235 0.000000 0.595343 0.000000 -0.803471 0.382138 0.382138 0.382138
8105.666016 0.000000 555.492615 0.000000 0.047875 0.000000 -0.998853 0.507597 0.507597 0.507597
8097.700195 0.000000 547.114929 0.000000 0.648987 0.000000 -0.760799 0.466046 0.466046 0.466046
8107.927246 0.000000 523.204346 0.000000 0.225399 0.000000 -0.974266 0.482139 0.482139 0.482139
8096.504395 0.000000 551.706665 0.000000 0.739784 0.000000 -0.672845 0.456383 0.456383 0.456383
8101.766602 0.000000 546.166321 0.000000 0.617256 0.000000 -0.786763 0.469179 0.469179 0.469179
8105.663086 0.000000 551.953308 0.000000 0.994502 0.000000 -0.104720 0.407281 0.407281 0.407281
8121.995117 0.000000 547.524780 0.000000 0.063312 0.000000 -0.997994 0.513278 0.513278 0.513278
8103.327637 0.000000 542.204285 0.000000 0.889558 0.000000 -0.456822 0.431150 0.431150 0.431150
8104.979492 0.000000 550.637695 0.000000 0.904228 0.000000 -0.427050 0.430623 0.430623 0.430623
8120.208496 0.000000 546.762268 0.000000 0.020071 0.000000 -0.999799 0.516531 0.516531 0.516531
8077.223633 0.000000 564.395996 0.000000 0.783787 0.000000 -0.621029 0.451188 0.451188 0.451188
8073.653320 0.000000 564.739136 0.000000 0.707245 0.000000 -0.706969 0.459005 0.459005 0.459005
8100.907227 0.000000 545.443481 0.000000 0.743734 0.000000 -0.668475 0.455933 0.455933 0.455933
8116.749023 0.000000 546.668396 0.000000 0.345215 0.000000 -0.938524 0.480603 0.480603 0.480603
8105.701660 0.000000 554.263306 0.000000 0.897103 0.000000 -0.441821 0.432332 0.432332 0.432332
8101.254883 0.000000 537.073120 0.000000 0.933094 0.000000 -0.359631 0.426726 0.426726 0.426726
8095.321777 0.000000 545.964661 0.000000 0.272065 0.000000 -0.962279 0.498950 0.498950 0.498950
8118.006836 0.000000 544.871033 0.000000 0.960931 0.000000 -0.276788 0.421145 0.421145 0.421145
8099.633789 0.000000 541.433167 0.000000 0.382044 0.000000 -0.924144 0.490053 0.490053 0.490053
8093.523438 0.000000 547.212952 0.000000 0.886353 0.000000 -0.463011 0.432088 0.432088 0.432088
8095.778320 0.000000 547.621887 0.000000 0.554205 0.000000 -0.832380 0.475125 0.475125 0.475125
8089.362793 0.000000 514.567017 0.000000 0.619585 0.000000 -0.784930 0.468952 0.468952 0.468952
8111.923340 0.000000 530.085388 0.000000 0.934685 0.000000 -0.355478 0.427764 0.427764 0.427764
8119.548340 0.000000 547.685852 0.000000 0.251121 0.000000 -0.967956 0.496334 0.496334 0.496334
8118.544434 0.000000 545.885559 0.000000 0.883664 0.000000 -0.468121 0.436730 0.436730 0.436730
8089.502930 0.000000 518.932800 0.000000 0.986982 0.000000 -0.160830 0.412340 0.412340 0.412340
8095.095703 0.000000 513.447083 0.000000 0.778605 0.000000 -0.627515 0.451823 0.451823 0.451823
8066.095703 0.000000 562.088013 0.000000 0.206936 0.000000 -0.978354 0.490812 0.490812 0.490812
8090.603516 0.000000 515.643311 0.000000 0.658415 0.000000 -0.752655 0.456798 0.456798 0.456798
8097.595215 0.000000 512.970825 0.000000 0.988786 0.000000 -0.149336 0.411451 0.411451 0.411451
8071.689453 0.000000 563.771606 0.000000 0.178638 0.000000 -0.983915 0.506279 0.506279 0.506279
8102.465332 0.000000 519.318054 0.000000 0.619242 0.000000 -0.785200 0.468986 0.468986 0.468986
8072.899414 0.000000 563.359192 0.000000 0.997770 0.000000 -0.066749 0.405103 0.405103 0.405103
8098.153320 0.000000 551.013245 0.000000 0.147736 0.000000 -0.989027 0.508672 0.508672 0.508672
8100.247070 0.000000 547.514282 0.000000 0.940041 0.000000 -0.341061 0.426589 0.426589 0.426589
8119.562988 0.000000 545.999817 0.000000 0.941189 0.000000 -0.337882 0.425986 0.425986 0.425986
8100.292969 0.000000 517.435059 0.000000 0.955418 0.000000 -0.295257 0.422897 0.422897 0.422897
8104.860352 0.000000 521.335754 0.000000 0.080500 0.000000 -0.996755 0.513844 0.513844 0.513844
8091.207520 0.000000 513.139343 0.000000 0.996720 0.000000 -0.080926 0.406189 0.406189 0.406189
8095.954590 0.000000 513.099792 0.000000 0.930510 0.000000 -0.366267 0.428647 0.428647 0.428647
8057.683105 0.000000 566.999512 0.000000 0.928122 0.000000 -0.372277 0.225721 0.225721 0.225721
8062.128906 0.000000 571.704285 0.000000 0.589005 0.000000 -0.808130 0.453822 0.453822 0.453822
8062.218750 0.000000 565.787598 0.000000 0.989719 0.000000 -0.143023 0.410605 0.410605 0.410605
8059.234375 0.000000 569.215942 0.000000 0.722444 0.000000 -0.691429 0.456609 0.456609 0.456609
8061.851562 0.000000 564.910706 0.000000 0.575949 0.000000 -0.817485 0.473112 0.473112 0.473112
8062.888184 0.000000 657.953125 0.000000 0.281125 0.000000 -0.959671 0.244494 0.244494 0.244494
8047.961914 0.000000 676.588013 0.000000 0.824222 0.000000 -0.566267 0.251124 0.251124 0.251124
8060.194824 0.000000 656.917236 0.000000 0.999348 0.000000 -0.036100 0.259576 0.259576 0.259576
8054.766602 0.000000 665.928711 0.000000 0.012403 0.000000 -0.999923 0.334511 0.334511 0.334511
8056.805176 0.000000 660.842285 0.000000 0.996223 0.000000 -0.086831 0.362785 0.362785 0.362785
8051.251465 0.000000 670.492188 0.000000 0.755140 0.000000 -0.655563 0.448191 0.448191 0.448191
8051.676270 0.000000 672.640625 0.000000 0.500539 0.000000 -0.865714 0.479952 0.479952 0.479952
8060.154785 0.000000 661.427856 0.000000 0.894403 0.000000 -0.447262 0.435424 0.435424 0.435424
8058.465332 0.000000 658.859985 0.000000 0.577249 0.000000 -0.816568 0.467266 0.467266 0.467266
8057.995117 0.000000 660.493530 0.000000 0.817489 0.000000 -0.575944 0.388485 0.388485 0.388485
8055.149902 0.000000 671.426025 0.000000 0.568900 0.000000 -0.822406 0.467742 0.467742 0.467742
8054.354980 0.000000 673.180176 0.000000 0.999695 0.000000 -0.024683 0.401602 0.401602 0.401602
8053.469238 0.000000 670.018372 0.000000 0.862153 0.000000 -0.506648 0.440588 0.440588 0.440588
8051.887695 0.000000 671.519043 0.000000 0.501204 0.000000 -0.865329 0.470494 0.470494 0.470494
8058.980469 0.000000 659.765625 0.000000 0.511011 0.000000 -0.859574 0.472827 0.472827 0.472827
8060.818848 0.000000 659.498291 0.000000 0.590412 0.000000 -0.807102 0.471752 0.471752 0.471752
8058.615723 0.000000 661.597961 0.000000 0.278244 0.000000 -0.960511 0.498459 0.498459 0.498459
8056.384277 0.000000 663.683472 0.000000 0.596672 0.000000 -0.802485 0.471157 0.471157 0.471157
8061.169434 0.000000 661.520203 0.000000 0.902142 0.000000 -0.431440 0.434079 0.434079 0.434079
8086.302246 0.000000 569.897827 0.000000 0.999870 0.000000 -0.016148 0.200131 0.200131 0.200131
8064.173340 0.000000 566.668396 0.000000 0.503951 0.000000 -0.863732 0.214538 0.214538 0.214538
8083.100098 0.000000 617.590698 0.000000 0.971708 0.000000 -0.236186 0.229699 0.229699 0.229699
8120.956055 0.000000 590.259460 0.000000 0.894092 0.000000 -0.447884 0.231672 0.231672 0.231672
8086.347168 0.000000 587.487427 0.000000 0.898203 0.000000 -0.439581 0.274491 0.274491 0.274491
8107.248535 0.000000 597.669800 0.000000 0.999750 0.000000 -0.022367 0.308867 0.308867 0.308867
8098.989746 0.000000 597.058167 0.000000 0.124825 0.000000 -0.992179 0.383259 0.383259 0.383259
8102.058105 0.000000 581.146179 0.000000 0.294049 0.000000 -0.955790 0.295466 0.295466 0.295466
8067.807617 0.000000 572.645569 0.000000 0.222479 0.000000 -0.974937 0.369998 0.369998 0.369998
8109.740723 0.000000 595.052917 0.000000 0.893072 0.000000 -0.449914 0.279716 0.279716 0.279716
8101.460449 0.000000 596.179016 0.000000 0.153295 0.000000 -0.988180 0.398223 0.398223 0.398223
8086.839355 0.000000 615.408630 0.000000 0.948744 0.000000 -0.316044 0.317600 0.317600 0.317600
8103.991211 0.000000 597.735352 0.000000 0.194914 0.000000 -0.980820 0.465460 0.465460 0.465460
8072.166504 0.000000 570.428406 0.000000 0.997276 0.000000 -0.073754 0.402396 0.402396 0.402396
8107.314453 0.000000 610.029175 0.000000 0.979589 0.000000 -0.201009 0.398420 0.398420 0.398420
8078.473633 0.000000 568.367737 0.000000 0.640637 0.000000 -0.767844 0.418738 0.418738 0.418738
8102.914062 0.000000 607.625916 0.000000 0.965470 0.000000 -0.260514 0.398321 0.398321 0.398321
8107.855957 0.000000 604.417969 0.000000 0.221634 0.000000 -0.975130 0.482382 0.482382 0.482382
8119.635742 0.000000 597.127197 0.000000 0.727318 0.000000 -0.686300 0.435199 0.435199 0.435199
8106.089355 0.000000 598.457031 0.000000 0.427920 0.000000 -0.903817 0.481429 0.481429 0.481429
8107.793457 0.000000 599.500061 0.000000 0.718902 0.000000 -0.695112 0.455453 0.455453 0.455453
8104.307617 0.000000 596.436218 0.000000 0.495701 0.000000 -0.868493 0.451348 0.451348 0.451348
8089.668945 0.000000 613.940552 0.000000 0.999694 0.000000 -0.024723 0.322487 0.322487 0.322487
8097.772949 0.000000 620.269165 0.000000 0.207895 0.000000 -0.978151 0.496184 0.496184 0.496184
8103.334473 0.000000 604.602051 0.000000 0.139647 0.000000 -0.990201 0.438327 0.438327 0.438327
8088.008789 0.000000 585.253845 0.000000 0.796369 0.000000 -0.604811 0.421861 0.421861 0.421861
8079.355469 0.000000 566.447083 0.000000 0.632081 0.000000 -0.774903 0.416395 0.416395 0.416395
8088.647461 0.000000 617.790955 0.000000 0.753007 0.000000 -0.658012 0.454865 0.454865 0.454865
8068.280762 0.000000 573.992920 0.000000 0.184699 0.000000 -0.982795 0.477929 0.477929 0.477929
8096.533691 0.000000 619.914795 0.000000 0.208009 0.000000 -0.978127 0.503992 0.503992 0.503992
8100.453613 0.000000 606.270203 0.000000 0.350654 0.000000 -0.936505 0.492630 0.492630 0.492630
8095.716309 0.000000 606.615906 0.000000 0.920500 0.000000 -0.390743 0.430668 0.430668 0.430668
8095.464355 0.000000 616.479065 0.000000 0.901705 0.000000 -0.432351 0.398457 0.398457 0.398457
8086.991211 0.000000 577.122620 0.000000 0.118330 0.000000 -0.992974 0.510939 0.510939 0.510939
8099.054199 0.000000 605.673035 0.000000 0.669117 0.000000 -0.743157 0.464001 0.464001 0.464001
8066.168457 0.000000 564.863342 0.000000 0.151665 0.000000 -0.988432 0.424441 0.424441 0.424441
8083.023926 0.000000 579.098206 0.000000 0.607069 0.000000 -0.794649 0.470163 0.470163 0.470163
8102.615234 0.000000 610.220825 0.000000 0.099642 0.000000 -0.995023 0.512375 0.512375 0.512375
8097.146973 0.000000 612.777039 0.000000 0.129513 0.000000 -0.991578 0.496768 0.496768 0.496768
8103.001953 0.000000 615.163208 0.000000 0.562844 0.000000 -0.826563 0.473601 0.473601 0.473601
8101.650391 0.000000 603.996155 0.000000 0.052334 0.000000 -0.998630 0.513726 0.513726 0.513726
8097.949219 0.000000 606.449463 0.000000 0.000858 0.000000 -1.000000 0.519934 0.519934 0.519934
8099.433105 0.000000 586.577271 0.000000 0.421495 0.000000 -0.906831 0.486761 0.486761 0.486761
8102.659180 0.000000 606.341858 0.000000 0.773488 0.000000 -0.633811 0.422596 0.422596 0.422596
8099.721191 0.000000 610.041626 0.000000 0.899926 0.000000 -0.436043 0.434469 0.434469 0.434469
8110.152832 0.000000 598.736145 0.000000 0.438016 0.000000 -0.898967 0.472810 0.472810 0.472810
8086.251465 0.000000 621.218445 0.000000 0.966831 0.000000 -0.255418 0.349285 0.349285 0.349285
8068.526367 0.000000 565.914612 0.000000 0.994545 0.000000 -0.104305 0.406965 0.406965 0.406965
8105.666016 0.000000 611.976990 0.000000 0.818028 0.000000 -0.575179 0.446816 0.446816 0.446816
8079.304199 0.000000 580.627075 0.000000 0.452614 0.000000 -0.891706 0.483293 0.483293 0.483293
8083.792969 0.000000 581.511353 0.000000 0.231491 0.000000 -0.972837 0.502154 0.502154 0.502154
8111.941406 0.000000 599.463135 0.000000 0.984242 0.000000 -0.176828 0.411583 0.411583 0.411583
8076.818359 0.000000 570.270325 0.000000 0.987238 0.000000 -0.159255 0.407805 0.407805 0.407805
8097.700195 0.000000 603.599304 0.000000 0.059187 0.000000 -0.998247 0.511325 0.511325 0.511325
8098.137695 0.000000 579.746887 0.000000 0.909396 0.000000 -0.415931 0.397475 0.397475 0.397475
8089.134766 0.000000 577.584473 0.000000 0.508064 0.000000 -0.861319 0.479287 0.479287 0.479287
8081.910645 0.000000 566.869934 0.000000 0.877732 0.000000 -0.479152 0.392096 0.392096 0.392096
8096.504395 0.000000 608.191040 0.000000 0.994619 0.000000 -0.103604 0.407385 0.407385 0.407385
8082.279297 0.000000 572.318237 0.000000 0.927390 0.000000 -0.374095 0.429291 0.429291 0.429291
8070.658691 0.000000 564.883728 0.000000 0.353851 0.000000 -0.935302 0.492369 0.492369 0.492369
8101.766602 0.000000 602.650696 0.000000 0.995391 0.000000 -0.095895 0.407193 0.407193 0.407193
8100.921387 0.000000 583.335022 0.000000 0.417655 0.000000 -0.908606 0.487084 0.487084 0.487084
8104.295898 0.000000 600.106445 0.000000 0.666837 0.000000 -0.745203 0.464235 0.464235 0.464235
8084.123047 0.000000 575.385864 0.000000 0.672290 0.000000 -0.740288 0.463675 0.463675 0.463675
8083.455566 0.000000 583.944519 0.000000 0.484523 0.000000 -0.874779 0.481358 0.481358 0.481358
8114.367676 0.000000 599.472778 0.000000 0.205190 0.000000 -0.978722 0.499445 0.499445 0.499445
8114.361328 0.000000 592.636292 0.000000 0.751863 0.000000 -0.659320 0.416053 0.416053 0.416053
8104.979492 0.000000 607.122070 0.000000 0.636467 0.000000 -0.771304 0.467295 0.467295 0.467295
8099.812500 0.000000 602.245850 0.000000 0.949965 0.000000 -0.312358 0.424269 0.424269 0.424269
8097.257812 0.000000 617.861755 0.000000 0.089828 0.000000 -0.995957 0.495013 0.495013 0.495013
8111.137695 0.000000 601.323303 0.000000 0.947315 0.000000 -0.320304 0.404416 0.404416 0.404416
8086.291016 0.000000 579.688538 0.000000 0.219430 0.000000 -0.975628 0.503099 0.503099 0.503099
8095.471680 0.000000 610.126038 0.000000 0.842474 0.000000 -0.538737 0.443464 0.443464 0.443464
8100.907227 0.000000 601.927856 0.000000 0.348783 0.000000 -0.937204 0.492783 0.492783 0.492783
8073.356934 0.000000 572.457153 0.000000 0.998672 0.000000 -0.051518 0.403937 0.403937 0.403937
8080.956055 0.000000 567.663818 0.000000 0.851008 0.000000 -0.525154 0.394834 0.394834 0.394834
8082.167969 0.000000 583.111755 0.000000 0.042959 0.000000 -0.999077 0.516717 0.516717 0.516717
8102.864258 0.000000 602.221375 0.000000 0.807073 0.000000 -0.590452 0.430496 0.430496 0.430496
8115.445801 0.000000 595.788269 0.000000 0.705401 0.000000 -0.708809 0.460184 0.460184 0.460184
8085.764648 0.000000 584.547974 0.000000 0.990916 0.000000 -0.134479 0.409261 0.409261 0.409261
8105.701660 0.000000 610.747681 0.000000 0.150738 0.000000 -0.988574 0.508440 0.508440 0.508440
8084.359863 0.000000 583.224976 0.000000 0.965493 0.000000 -0.260429 0.418943 0.418943 0.418943
8078.773926 0.000000 578.400879 0.000000 0.446156 0.000000 -0.894955 0.484670 0.484670 0.484670
8100.950684 0.000000 580.891541 0.000000 0.909398 0.000000 -0.415927 0.432770 0.432770 0.432770
8100.441406 0.000000 620.821655 0.000000 0.161899 0.000000 -0.986807 0.497382 0.497382 0.497382
8076.998047 0.000000 566.702942 0.000000 0.973882 0.000000 -0.227053 0.415611 0.415611 0.415611
8075.722656 0.000000 575.182495 0.000000 0.999872 0.000000 -0.016004 0.401223 0.401223 0.401223
8101.259277 0.000000 587.312622 0.000000 0.252765 0.000000 -0.967528 0.500478 0.500478 0.500478
8087.544434 0.000000 617.634888 0.000000 0.184038 0.000000 -0.982919 0.505860 0.505860 0.505860
8105.351074 0.000000 603.582825 0.000000 0.577260 0.000000 -0.816561 0.472989 0.472989 0.472989
8101.345215 0.000000 589.594971 0.000000 0.446605 0.000000 -0.894731 0.484632 0.484632 0.484632
8080.308105 0.000000 572.285706 0.000000 0.997446 0.000000 -0.071418 0.405175 0.405175 0.405175
8103.593750 0.000000 614.179626 0.000000 0.175757 0.000000 -0.984434 0.505459 0.505459 0.505459
8080.389648 0.000000 579.780701 0.000000 0.237812 0.000000 -0.971311 0.501657 0.501657 0.501657
8116.131348 0.000000 594.118652 0.000000 0.979078 0.000000 -0.203484 0.415654 0.415654 0.415654
8076.104980 0.000000 576.239319 0.000000 0.753758 0.000000 -0.657152 0.454777 0.454777 0.454777
8068.615234 0.000000 569.956543 0.000000 0.360857 0.000000 -0.932621 0.488496 0.488496 0.488496
8106.814453 0.000000 602.697205 0.000000 0.635991 0.000000 -0.771697 0.467342 0.467342 0.467342
8087.499023 0.000000 574.852112 0.000000 0.687652 0.000000 -0.726040 0.462074 0.462074 0.462074
8077.643555 0.000000 574.732361 0.000000 0.571439 0.000000 -0.820644 0.473532 0.473532 0.473532
8085.477051 0.000000 618.281189 0.000000 0.172057 0.000000 -0.985087 0.506790 0.506790 0.506790
8117.956543 0.000000 603.378662 0.000000 0.453277 0.000000 -0.891370 0.475820 0.475820 0.475820
8075.797363 0.000000 566.700623 0.000000 0.833435 0.000000 -0.552618 0.444729 0.444729 0.444729
8093.473145 0.000000 607.019592 0.000000 0.208209 0.000000 -0.978084 0.497181 0.497181 0.497181
8064.978516 0.000000 570.369629 0.000000 0.299856 0.000000 -0.953984 0.496735 0.496735 0.496735
8093.235840 0.000000 609.128662 0.000000 0.329906 0.000000 -0.944014 0.494316 0.494316 0.494316
8084.261719 0.000000 620.069092 0.000000 0.746828 0.000000 -0.665017 0.455578 0.455578 0.455578
8095.603516 0.000000 609.001465 0.000000 0.453721 0.000000 -0.891144 0.479904 0.479904 0.479904
8098.897949 0.000000 612.219482 0.000000 0.888112 0.000000 -0.459627 0.436484 0.436484 0.436484
8078.198242 0.000000 573.556213 0.000000 0.999026 0.000000 -0.044128 0.403372 0.403372 0.403372
8098.901367 0.000000 616.247498 0.000000 0.732534 0.000000 -0.680730 0.457201 0.457201 0.457201
8101.458496 0.000000 606.015564 0.000000 0.778778 0.000000 -0.627299 0.451802 0.451802 0.451802
8116.645020 0.000000 599.912781 0.000000 0.853728 0.000000 -0.520719 0.435414 0.435414 0.435414
8077.107910 0.000000 576.492737 0.000000 0.922411 0.000000 -0.386209 0.430292 0.430292 0.430292
8091.925781 0.000000 610.047729 0.000000 0.818086 0.000000 -0.575096 0.446808 0.446808 0.446808
8086.246094 0.000000 574.966919 0.000000 0.994519 0.000000 -0.104552 0.408002 0.408002 0.408002
8083.869141 0.000000 574.111633 0.000000 0.060285 0.000000 -0.998181 0.515392 0.515392 0.515392
8102.686035 0.000000 612.730103 0.000000 0.955862 0.000000 -0.293817 0.422782 0.422782 0.422782
8092.564453 0.000000 611.071777 0.000000 0.162881 0.000000 -0.986646 0.507501 0.507501 0.507501
8094.356445 0.000000 607.527771 0.000000 0.796296 0.000000 -0.604908 0.449630 0.449630 0.449630
8113.732910 0.000000 594.648438 0.000000 0.187952 0.000000 -0.982178 0.505556 0.505556 0.505556
8087.253418 0.000000 581.827759 0.000000 0.934542 0.000000 -0.355853 0.427794 0.427794 0.427794
8098.259277 0.000000 610.822021 0.000000 0.973772 0.000000 -0.227526 0.417535 0.417535 0.417535
8096.888184 0.000000 615.849243 0.000000 0.455409 0.000000 -0.890282 0.477574 0.477574 0.477574
8107.986328 0.000000 601.712158 0.000000 0.997640 0.000000 -0.068668 0.405250 0.405250 0.405250
8074.828125 0.000000 571.330688 0.000000 0.247816 0.000000 -0.968807 0.500869 0.500869 0.500869
8098.680176 0.000000 619.832886 0.000000 0.049557 0.000000 -0.998771 0.516213 0.516213 0.516213
8101.773926 0.000000 586.272766 0.000000 0.369805 0.000000 -0.929109 0.491062 0.491062 0.491062
8107.801758 0.000000 598.503296 0.000000 0.947919 0.000000 -0.318511 0.423388 0.423388 0.423388
8093.975586 0.000000 610.185791 0.000000 0.793341 0.000000 -0.608777 0.450001 0.450001 0.450001
8070.418945 0.000000 572.060913 0.000000 0.862784 0.000000 -0.505572 0.440492 0.440492 0.440492
8072.833984 0.000000 575.824402 0.000000 0.670762 0.000000 -0.741673 0.463832 0.463832 0.463832
8096.602051 0.000000 611.950500 0.000000 0.533229 0.000000 -0.845971 0.477035 0.477035 0.477035
8102.279297 0.000000 599.318848 0.000000 0.281392 0.000000 -0.959593 0.498209 0.498209 0.498209
8098.290039 0.000000 618.180481 0.000000 0.928190 0.000000 -0.372107 0.429128 0.429128 0.429128
8094.477539 0.000000 605.383362 0.000000 0.693810 0.000000 -0.720158 0.455602 0.455602 0.455602
8085.271973 0.000000 585.401001 0.000000 0.999475 0.000000 -0.032390 0.402224 0.402224 0.402224
8070.877930 0.000000 568.701477 0.000000 0.954293 0.000000 -0.298874 0.423187 0.423187 0.423187
8086.980957 0.000000 578.101807 0.000000 0.913625 0.000000 -0.406558 0.431985 0.431985 0.431985
8098.153320 0.000000 607.497620 0.000000 0.375930 0.000000 -0.926648 0.490558 0.490558 0.490558
8111.753906 0.000000 594.733032 0.000000 0.161752 0.000000 -0.986831 0.504424 0.504424 0.504424
8100.247070 0.000000 603.998657 0.000000 0.319669 0.000000 -0.947529 0.493277 0.493277 0.493277
8110.335449 0.000000 603.135437 0.000000 0.971242 0.000000 -0.238096 0.418366 0.418366 0.418366
8082.842285 0.000000 580.218689 0.000000 0.278718 0.000000 -0.960373 0.498422 0.498422 0.498422
8088.784180 0.000000 616.057617 0.000000 0.662501 0.000000 -0.749061 0.464679 0.464679 0.464679
8119.007812 0.000000 591.900452 0.000000 0.632669 0.000000 -0.774422 0.466122 0.466122 0.466122
8101.202148 0.000000 598.561035 0.000000 0.291675 0.000000 -0.956518 0.497389 0.497389 0.497389
8099.887695 0.000000 582.763977 0.000000 0.312128 0.000000 -0.950040 0.495750 0.495750 0.495750
8099.242676 0.000000 609.140991 0.000000 0.315612 0.000000 -0.948888 0.495470 0.495470 0.495470
8099.382324 0.000000 617.883240 0.000000 0.960078 0.000000 -0.279733 0.421659 0.421659 0.421659
8069.407715 0.000000 566.586304 0.000000 0.977671 0.000000 -0.210140 0.415064 0.415064 0.415064
8101.217285 0.000000 604.933289 0.000000 0.994614 0.000000 -0.103646 0.407932 0.407932 0.407932
8082.490723 0.000000 582.184143 0.000000 0.695953 0.000000 -0.718087 0.461196 0.461196 0.461196
8075.104492 0.000000 565.940063 0.000000 0.885942 0.000000 -0.463796 0.436843 0.436843 0.436843
8085.550781 0.000000 617.124146 0.000000 0.977092 0.000000 -0.212818 0.416383 0.416383 0.416383
8079.881348 0.000000 577.966309 0.000000 0.646387 0.000000 -0.763010 0.466307 0.466307 0.466307
8094.478516 0.000000 608.466980 0.000000 0.035152 0.000000 -0.999382 0.511563 0.511563 0.511563
8086.936523 0.000000 618.451538 0.000000 0.731928 0.000000 -0.681382 0.457269 0.457269 0.457269
8074.751465 0.000000 573.373474 0.000000 0.112717 0.000000 -0.993627 0.511371 0.511371 0.511371
8087.981445 0.000000 583.499390 0.000000 0.977998 0.000000 -0.208615 0.416002 0.416002 0.416002
8087.111816 0.000000 582.920227 0.000000 0.999388 0.000000 -0.034995 0.402665 0.402665 0.402665
8113.371582 0.000000 603.910645 0.000000 0.480127 0.000000 -0.877199 0.481742 0.481742 0.481742
8090.373535 0.000000 610.464600 0.000000 0.767764 0.000000 -0.640732 0.453129 0.453129 0.453129
8114.026855 0.000000 602.891052 0.000000 0.999759 0.000000 -0.021961 0.401678 0.401678 0.401678
8103.598145 0.000000 608.390625 0.000000 0.403296 0.000000 -0.915070 0.488288 0.488288 0.488288
8154.516602 0.000000 603.622681 0.000000 0.942391 0.000000 -0.334512 0.240704 0.240704 0.240704
8156.971191 0.000000 610.156433 0.000000 0.146553 0.000000 -0.989203 0.267983 0.267983 0.267983
8153.175293 0.000000 607.213257 0.000000 0.789107 0.000000 -0.614255 0.330129 0.330129 0.330129
8145.241211 0.000000 582.475098 0.000000 0.217348 0.000000 -0.976094 0.346933 0.346933 0.346933
8142.208008 0.000000 576.092285 0.000000 0.352098 0.000000 -0.935963 0.397275 0.397275 0.397275
8145.973633 0.000000 579.765137 0.000000 0.992690 0.000000 -0.120694 0.374946 0.374946 0.374946
8144.717773 0.000000 577.180908 0.000000 0.898766 0.000000 -0.438429 0.304355 0.304355 0.304355
8150.076660 0.000000 606.629578 0.000000 0.599712 0.000000 -0.800216 0.333352 0.333352 0.333352
8143.304199 0.000000 580.627075 0.000000 0.968200 0.000000 -0.250176 0.391595 0.391595 0.391595
8147.792969 0.000000 581.511353 0.000000 0.587745 0.000000 -0.809046 0.469886 0.469886 0.469886
8148.287598 0.000000 585.508545 0.000000 0.682602 0.000000 -0.730790 0.392815 0.392815 0.392815
8138.294922 0.000000 576.976807 0.000000 0.746501 0.000000 -0.665385 0.419322 0.419322 0.419322
8138.729004 0.000000 579.263611 0.000000 0.156351 0.000000 -0.987702 0.491064 0.491064 0.491064
8156.483398 0.000000 607.779175 0.000000 0.838660 0.000000 -0.544655 0.444001 0.444001 0.444001
8148.359863 0.000000 583.224976 0.000000 0.206183 0.000000 -0.978513 0.451419 0.451419 0.451419
8142.773926 0.000000 578.400879 0.000000 0.890996 0.000000 -0.454011 0.402382 0.402382 0.402382
8154.647949 0.000000 604.811157 0.000000 0.865111 0.000000 -0.501580 0.435548 0.435548 0.435548
8156.595215 0.000000 605.472534 0.000000 0.031446 0.000000 -0.999505 0.517597 0.517597 0.517597
8140.967773 0.000000 579.458252 0.000000 0.645569 0.000000 -0.763702 0.466389 0.466389 0.466389
8157.235840 0.000000 609.128662 0.000000 0.660394 0.000000 -0.750919 0.464893 0.464893 0.464893
8159.603516 0.000000 609.001465 0.000000 0.466076 0.000000 -0.884745 0.482960 0.482960 0.482960
8157.504883 0.000000 605.902344 0.000000 0.216306 0.000000 -0.976326 0.503344 0.503344 0.503344
8140.760254 0.000000 578.271973 0.000000 0.941217 0.000000 -0.337803 0.426324 0.426324 0.426324
8156.635742 0.000000 604.471863 0.000000 0.600560 0.000000 -0.799580 0.470787 0.470787 0.470787
8158.478516 0.000000 608.466980 0.000000 0.854619 0.000000 -0.519256 0.441710 0.441710 0.441710
8072.383301 0.000000 643.191895 0.000000 0.117978 0.000000 -0.993016 0.293560 0.293560 0.293560
8085.078125 0.000000 623.455811 0.000000 0.991438 0.000000 -0.130580 0.276562 0.276562 0.276562
8101.911621 0.000000 624.487854 0.000000 0.991306 0.000000 -0.131580 0.265035 0.265035 0.265035
8100.465820 0.000000 623.114014 0.000000 0.911052 0.000000 -0.412291 0.356325 0.356325 0.356325
8071.009277 0.000000 642.967957 0.000000 0.212231 0.000000 -0.977220 0.492483 0.492483 0.492483
8068.648926 0.000000 643.438110 0.000000 0.985231 0.000000 -0.171231 0.411599 0.411599 0.411599
8072.040039 0.000000 646.571960 0.000000 0.830401 0.000000 -0.557166 0.339568 0.339568 0.339568
8099.236328 0.000000 625.849304 0.000000 0.766521 0.000000 -0.642219 0.453277 0.453277 0.453277
8067.393555 0.000000 648.826782 0.000000 0.901970 0.000000 -0.431799 0.403618 0.403618 0.403618
8087.747070 0.000000 621.436340 0.000000 0.265796 0.000000 -0.964029 0.393360 0.393360 0.393360
8066.538086 0.000000 645.146057 0.000000 0.300378 0.000000 -0.953820 0.494165 0.494165 0.494165
8071.500000 0.000000 644.050171 0.000000 0.565683 0.000000 -0.824623 0.474067 0.474067 0.474067
8071.842285 0.000000 642.192932 0.000000 0.718259 0.000000 -0.695776 0.452446 0.452446 0.452446
8066.333008 0.000000 648.618042 0.000000 0.992408 0.000000 -0.122990 0.385590 0.385590 0.385590
8069.828613 0.000000 643.084473 0.000000 0.981837 0.000000 -0.189726 0.412867 0.412867 0.412867
8068.121094 0.000000 646.906189 0.000000 0.447212 0.000000 -0.894428 0.484580 0.484580 0.484580
8082.310059 0.000000 621.380737 0.000000 0.899097 0.000000 -0.437750 0.434614 0.434614 0.434614
8098.942871 0.000000 627.177002 0.000000 0.631929 0.000000 -0.775026 0.467743 0.467743 0.467743
8068.935547 0.000000 644.315308 0.000000 0.252319 0.000000 -0.967644 0.500514 0.500514 0.500514
8047.569336 0.000000 677.915710 0.000000 0.983837 0.000000 -0.179066 0.243955 0.243955 0.243955
6470.656738 0.000000 1404.442749 0.000000 0.864875 0.000000 -0.501987 0.214149 0.214149 0.214149
6462.648926 0.000000 1417.075806 0.000000 0.926862 0.000000 -0.375402 0.427093 0.427093 0.427093
6463.025879 0.000000 1415.894897 0.000000 0.999357 0.000000 -0.035858 0.395469 0.395469 0.395469
6471.299805 0.000000 1452.847534 0.000000 0.874907 0.000000 -0.484291 0.271856 0.271856 0.271856
6473.185059 0.000000 1455.644531 0.000000 0.006610 0.000000 -0.999978 0.306671 0.306671 0.306671
6473.760254 0.000000 1420.811035 0.000000 0.265819 0.000000 -0.964023 0.434988 0.434988 0.434988
4462.967285 0.000000 2557.173828 0.000000 0.671431 0.000000 -0.741067 0.236825 0.236825 0.236825
4540.341309 0.000000 2538.480225 0.000000 0.941799 0.000000 -0.336178 0.245523 0.245523 0.245523
4543.412109 0.000000 2538.160645 0.000000 0.556184 0.000000 -0.831059 0.397489 0.397489 0.397489
4557.152832 0.000000 2530.543457 0.000000 0.379929 0.000000 -0.925016 0.214611 0.214611 0.214611
4553.185059 0.000000 2528.847656 0.000000 0.359829 0.000000 -0.933018 0.278207 0.278207 0.278207
4545.941895 0.000000 2537.940430 0.000000 0.934573 0.000000 -0.355770 0.262770 0.262770 0.262770
4544.004883 0.000000 2538.626465 0.000000 0.855613 0.000000 -0.517616 0.305667 0.305667 0.305667
4553.040527 0.000000 2526.837158 0.000000 0.545882 0.000000 -0.837862 0.285017 0.285017 0.285017
4544.046387 0.000000 2540.075928 0.000000 0.046744 0.000000 -0.998907 0.407724 0.407724 0.407724
4557.528320 0.000000 2539.830811 0.000000 0.642138 0.000000 -0.766589 0.328842 0.328842 0.328842
4558.955566 0.000000 2537.604736 0.000000 0.539389 0.000000 -0.842056 0.357289 0.357289 0.357289
4556.608887 0.000000 2533.324219 0.000000 0.904242 0.000000 -0.427019 0.428308 0.428308 0.428308
4555.038574 0.000000 2530.321777 0.000000 0.002674 0.000000 -0.999996 0.501004 0.501004 0.501004
4555.736816 0.000000 2532.281250 0.000000 0.992157 0.000000 -0.124996 0.409574 0.409574 0.409574
4556.916992 0.000000 2536.637451 0.000000 0.661962 0.000000 -0.749538 0.464734 0.464734 0.464734
4502.596680 0.000000 2562.328125 0.000000 0.814935 0.000000 -0.579553 0.205170 0.205170 0.205170
4441.025879 0.000000 2598.529053 0.000000 0.990459 0.000000 -0.137810 0.239790 0.239790 0.239790
4425.306152 0.000000 2623.955811 0.000000 0.247986 0.000000 -0.968764 0.243581 0.243581 0.243581
4440.548340 0.000000 2600.338135 0.000000 0.028606 0.000000 -0.999591 0.338767 0.338767 0.338767
4438.760742 0.000000 2607.485596 0.000000 0.085892 0.000000 -0.996304 0.316998 0.316998 0.316998
4436.786621 0.000000 2615.617188 0.000000 0.167157 0.000000 -0.985930 0.347021 0.347021 0.347021
4441.362793 0.000000 2604.488770 0.000000 0.533133 0.000000 -0.846032 0.467980 0.467980 0.467980
7089.878906 0.000000 2893.047119 0.000000 0.876431 0.000000 -0.481528 0.256859 0.256859 0.256859
7089.047363 0.000000 2889.527588 0.000000 0.715323 0.000000 -0.698794 0.260545 0.260545 0.260545
7095.775879 0.000000 2908.427979 0.000000 0.993216 0.000000 -0.116283 0.265853 0.265853 0.265853
7101.495117 0.000000 2899.863281 0.000000 0.147865 0.000000 -0.989008 0.288464 0.288464 0.288464
7081.043945 0.000000 2892.718750 0.000000 0.874389 0.000000 -0.485226 0.273128 0.273128 0.273128
7103.487793 0.000000 2897.031250 0.000000 0.117088 0.000000 -0.993122 0.364383 0.364383 0.364383
7086.407715 0.000000 2907.873047 0.000000 0.999687 0.000000 -0.025019 0.343949 0.343949 0.343949
7093.040527 0.000000 2909.350586 0.000000 0.607944 0.000000 -0.793980 0.313509 0.313509 0.313509
7084.527832 0.000000 2888.686768 0.000000 0.831171 0.000000 -0.556017 0.369926 0.369926 0.369926
7103.538574 0.000000 2895.188232 0.000000 0.846222 0.000000 -0.532831 0.376653 0.376653 0.376653
7082.270996 0.000000 2888.194824 0.000000 0.168599 0.000000 -0.985685 0.404033 0.404033 0.404033
7082.374023 0.000000 2893.347900 0.000000 0.865657 0.000000 -0.500637 0.367054 0.367054 0.367054
7102.576172 0.000000 2892.966553 0.000000 0.972920 0.000000 -0.231141 0.416771 0.416771 0.416771
7100.279297 0.000000 2893.680908 0.000000 0.461318 0.000000 -0.887235 0.483370 0.483370 0.483370
7078.330078 0.000000 2895.051270 0.000000 0.999872 0.000000 -0.015988 0.373969 0.373969 0.373969
7082.238770 0.000000 2890.541992 0.000000 0.590974 0.000000 -0.806691 0.471698 0.471698 0.471698
7087.399902 0.000000 2890.941650 0.000000 0.087830 0.000000 -0.996135 0.513282 0.513282 0.513282
7087.924805 0.000000 2889.022461 0.000000 0.133078 0.000000 -0.991106 0.436993 0.436993 0.436993
7086.801270 0.000000 2888.369629 0.000000 0.452886 0.000000 -0.891569 0.419937 0.419937 0.419937
7098.229980 0.000000 2892.524414 0.000000 0.671492 0.000000 -0.741012 0.456881 0.456881 0.456881
7091.445801 0.000000 2911.647705 0.000000 0.996571 0.000000 -0.082743 0.405418 0.405418 0.405418
7103.557617 0.000000 2892.501221 0.000000 0.693614 0.000000 -0.720347 0.457830 0.457830 0.457830
7100.279785 0.000000 2892.426758 0.000000 0.997250 0.000000 -0.074111 0.405667 0.405667 0.405667
7106.951172 0.000000 2902.803955 0.000000 0.806792 0.000000 -0.590836 0.440398 0.440398 0.440398
7110.064453 0.000000 2904.877930 0.000000 0.628478 0.000000 -0.777827 0.459406 0.459406 0.459406
"}
