object={
	name="cypress_dense_generator_3_0"
	clamp_to_water_level=no
	render_under_water=no
	generated_content=yes
	layer="semidynamic_high"
	pdxmesh="tree_cypress_001_mesh"
	count=1855
	transform="2342.192871 0.000000 1587.269409 0.000000 0.569905 0.000000 0.821711 0.192295 0.192295 0.192295
2338.139648 0.000000 1583.288818 0.000000 0.586544 0.000000 0.809918 0.192105 0.192105 0.192105
2342.658447 0.000000 1589.783447 0.000000 0.842442 0.000000 0.538787 0.198128 0.198128 0.198128
2337.496826 0.000000 1605.793213 0.000000 0.751664 0.000000 0.659546 0.197576 0.197576 0.197576
2348.435303 0.000000 1617.537598 0.000000 0.916689 0.000000 0.399600 0.210158 0.210158 0.210158
2336.666016 0.000000 1582.201416 0.000000 0.504768 0.000000 0.863255 0.213414 0.213414 0.213414
2337.938477 0.000000 1632.451050 0.000000 0.719671 0.000000 0.694315 0.229744 0.229744 0.229744
2336.008545 0.000000 1632.046875 0.000000 0.811503 0.000000 0.584349 0.232246 0.232246 0.232246
2340.175781 0.000000 1636.477173 0.000000 0.998655 0.000000 0.051849 0.267706 0.267706 0.267706
2354.969971 0.000000 1635.821167 0.000000 0.578761 0.000000 0.815497 0.231866 0.231866 0.231866
2349.321289 0.000000 1620.045410 0.000000 0.035210 0.000000 0.999380 0.236887 0.236887 0.236887
2334.456787 0.000000 1584.613159 0.000000 0.300766 0.000000 0.953698 0.228425 0.228425 0.228425
2346.374268 0.000000 1594.207275 0.000000 0.921882 0.000000 0.387472 0.265774 0.265774 0.265774
2341.751709 0.000000 1632.095825 0.000000 0.463953 0.000000 0.885860 0.237834 0.237834 0.237834
2359.150146 0.000000 1629.645142 0.000000 0.929433 0.000000 0.368991 0.283487 0.283487 0.283487
2340.453857 0.000000 1622.989014 0.000000 0.666037 0.000000 0.745919 0.264502 0.264502 0.264502
2344.130127 0.000000 1597.635010 0.000000 0.863507 0.000000 0.504336 0.290536 0.290536 0.290536
2365.825928 0.000000 1623.282349 0.000000 0.221389 0.000000 0.975185 0.264683 0.264683 0.264683
2344.788330 0.000000 1596.448730 0.000000 0.738050 0.000000 0.674746 0.283483 0.283483 0.283483
2341.009521 0.000000 1587.624268 0.000000 0.862640 0.000000 0.505818 0.289525 0.289525 0.289525
2343.510986 0.000000 1606.447266 0.000000 0.146066 0.000000 0.989275 0.288479 0.288479 0.288479
2361.544922 0.000000 1631.125854 0.000000 0.999375 0.000000 0.035339 0.359033 0.359033 0.359033
2361.070557 0.000000 1628.281250 0.000000 0.149112 0.000000 0.988820 0.298333 0.298333 0.298333
2339.929443 0.000000 1605.501099 0.000000 0.672752 0.000000 0.739868 0.346213 0.346213 0.346213
2338.603760 0.000000 1604.507202 0.000000 0.880027 0.000000 0.474923 0.367586 0.367586 0.367586
2361.302979 0.000000 1634.838501 0.000000 0.816909 0.000000 0.576766 0.357179 0.357179 0.357179
2346.975342 0.000000 1615.699707 0.000000 0.476788 0.000000 0.879018 0.328691 0.328691 0.328691
2343.903076 0.000000 1624.240112 0.000000 0.617031 0.000000 0.786939 0.330799 0.330799 0.330799
2344.651855 0.000000 1592.804199 0.000000 0.224594 0.000000 0.974452 0.297305 0.297305 0.297305
2345.110840 0.000000 1626.728149 0.000000 0.250790 0.000000 0.968041 0.299366 0.299366 0.299366
2343.350342 0.000000 1626.470093 0.000000 0.817231 0.000000 0.576311 0.353078 0.353078 0.353078
2342.306885 0.000000 1625.069458 0.000000 0.219193 0.000000 0.975682 0.296882 0.296882 0.296882
2343.558105 0.000000 1612.739868 0.000000 0.298506 0.000000 0.954408 0.303157 0.303157 0.303157
2346.167236 0.000000 1618.370117 0.000000 0.752831 0.000000 0.658214 0.352469 0.352469 0.352469
2342.075439 0.000000 1610.057617 0.000000 0.274469 0.000000 0.961596 0.306727 0.306727 0.306727
2345.067383 0.000000 1621.913574 0.000000 0.117852 0.000000 0.993031 0.289024 0.289024 0.289024
2345.661377 0.000000 1590.802246 0.000000 0.017063 0.000000 0.999854 0.284407 0.284407 0.284407
2337.362061 0.000000 1585.184326 0.000000 0.520760 0.000000 0.853703 0.328740 0.328740 0.328740
2338.423584 0.000000 1586.291870 0.000000 0.103598 0.000000 0.994619 0.287929 0.287929 0.287929
2358.583496 0.000000 1637.304688 0.000000 0.978734 0.000000 0.205132 0.385610 0.385610 0.385610
2342.255615 0.000000 1613.056641 0.000000 0.739507 0.000000 0.673149 0.343586 0.343586 0.343586
2340.714355 0.000000 1605.781616 0.000000 0.999160 0.000000 0.040973 0.396869 0.396869 0.396869
2347.623779 0.000000 1621.924561 0.000000 0.430566 0.000000 0.902559 0.314005 0.314005 0.314005
2346.807617 0.000000 1621.140503 0.000000 0.997371 0.000000 0.072465 0.394459 0.394459 0.394459
2341.986572 0.000000 1607.319702 0.000000 0.339518 0.000000 0.940600 0.306463 0.306463 0.306463
2344.413818 0.000000 1590.232788 0.000000 0.928979 0.000000 0.370134 0.371792 0.371792 0.371792
2345.763672 0.000000 1615.908325 0.000000 0.710444 0.000000 0.703754 0.340361 0.340361 0.340361
2359.910645 0.000000 1631.277100 0.000000 0.784041 0.000000 0.620709 0.348843 0.348843 0.348843
2344.647217 0.000000 1613.862305 0.000000 0.863781 0.000000 0.503868 0.359658 0.359658 0.359658
2345.660645 0.000000 1594.586182 0.000000 0.874849 0.000000 0.484395 0.361370 0.361370 0.361370
2344.186035 0.000000 1615.203125 0.000000 0.996258 0.000000 0.086429 0.393389 0.393389 0.393389
2344.598389 0.000000 1623.030640 0.000000 0.944951 0.000000 0.327212 0.374867 0.374867 0.374867
2345.729980 0.000000 1623.405762 0.000000 0.193793 0.000000 0.981042 0.296273 0.296273 0.296273
2344.163086 0.000000 1625.665649 0.000000 0.619899 0.000000 0.784681 0.331078 0.331078 0.331078
2341.033447 0.000000 1625.656860 0.000000 0.963871 0.000000 0.266370 0.379402 0.379402 0.379402
2375.945557 0.000000 1633.968506 0.000000 0.066957 0.000000 0.997756 0.233354 0.233354 0.233354
2372.587402 0.000000 1623.364258 0.000000 0.994550 0.000000 0.104259 0.365332 0.365332 0.365332
2373.281494 0.000000 1621.163818 0.000000 0.448493 0.000000 0.893786 0.310188 0.310188 0.310188
2371.649170 0.000000 1621.679565 0.000000 0.195851 0.000000 0.980634 0.308775 0.308775 0.308775
2371.096191 0.000000 1623.383423 0.000000 0.233121 0.000000 0.972448 0.297975 0.297975 0.297975
2373.970703 0.000000 1635.234375 0.000000 0.994506 0.000000 0.104678 0.391988 0.391988 0.391988
2372.622803 0.000000 1633.850830 0.000000 0.807773 0.000000 0.589493 0.351839 0.351839 0.351839
2370.963135 0.000000 1622.083618 0.000000 0.322494 0.000000 0.946572 0.305085 0.305085 0.305085
2412.424072 0.000000 1690.592896 0.000000 0.532585 0.000000 0.846376 0.197377 0.197377 0.197377
2393.175293 0.000000 1680.416382 0.000000 0.966109 0.000000 0.258134 0.242817 0.242817 0.242817
2408.255371 0.000000 1682.933594 0.000000 0.998708 0.000000 0.050809 0.257764 0.257764 0.257764
2388.957275 0.000000 1666.207886 0.000000 0.663683 0.000000 0.748014 0.246638 0.246638 0.246638
2390.135986 0.000000 1671.625488 0.000000 0.981012 0.000000 0.193945 0.257969 0.257969 0.257969
2413.109131 0.000000 1689.454712 0.000000 0.999443 0.000000 0.033375 0.310342 0.310342 0.310342
2409.666016 0.000000 1685.180054 0.000000 0.992991 0.000000 0.118187 0.300931 0.300931 0.300931
2394.844727 0.000000 1663.371582 0.000000 0.930145 0.000000 0.367193 0.318536 0.318536 0.318536
2386.832031 0.000000 1682.224609 0.000000 0.418360 0.000000 0.908281 0.298089 0.298089 0.298089
2392.405762 0.000000 1675.099121 0.000000 0.912641 0.000000 0.408762 0.288172 0.288172 0.288172
2387.231201 0.000000 1683.368652 0.000000 0.624128 0.000000 0.781322 0.309283 0.309283 0.309283
2409.350830 0.000000 1676.786011 0.000000 0.887545 0.000000 0.460720 0.338003 0.338003 0.338003
2408.327881 0.000000 1678.793579 0.000000 0.577868 0.000000 0.816130 0.316514 0.316514 0.316514
2393.416992 0.000000 1679.385986 0.000000 0.351371 0.000000 0.936236 0.302730 0.302730 0.302730
2391.721191 0.000000 1668.570435 0.000000 0.999634 0.000000 0.027043 0.380531 0.380531 0.380531
2394.852783 0.000000 1673.328979 0.000000 0.769366 0.000000 0.638808 0.350004 0.350004 0.350004
2410.110352 0.000000 1686.807983 0.000000 0.128096 0.000000 0.991762 0.305636 0.305636 0.305636
2392.848389 0.000000 1665.585449 0.000000 0.182466 0.000000 0.983212 0.299559 0.299559 0.299559
2411.347656 0.000000 1679.162476 0.000000 0.827110 0.000000 0.562040 0.355149 0.355149 0.355149
2396.866455 0.000000 1665.136963 0.000000 0.147965 0.000000 0.988993 0.291345 0.291345 0.291345
2386.017090 0.000000 1684.985840 0.000000 0.997429 0.000000 0.071659 0.394969 0.394969 0.394969
2391.628174 0.000000 1666.536987 0.000000 0.742547 0.000000 0.669794 0.343932 0.343932 0.343932
2395.921387 0.000000 1674.116333 0.000000 0.981296 0.000000 0.192505 0.385201 0.385201 0.385201
2411.417969 0.000000 1687.923340 0.000000 0.990187 0.000000 0.139747 0.385770 0.385770 0.385770
2393.275879 0.000000 1664.263916 0.000000 0.933409 0.000000 0.358813 0.373430 0.373430 0.373430
2394.411133 0.000000 1675.118896 0.000000 0.669353 0.000000 0.742945 0.336023 0.336023 0.336023
2391.644531 0.000000 1664.825684 0.000000 0.540555 0.000000 0.841309 0.323629 0.323629 0.323629
2390.052979 0.000000 1680.707275 0.000000 0.663910 0.000000 0.747813 0.341581 0.341581 0.341581
2390.765381 0.000000 1666.878540 0.000000 0.573726 0.000000 0.819047 0.326681 0.326681 0.326681
2370.267334 0.000000 1642.456299 0.000000 0.838361 0.000000 0.545115 0.355957 0.355957 0.355957
2411.623779 0.000000 1678.408936 0.000000 0.488093 0.000000 0.872792 0.320278 0.320278 0.320278
2373.969238 0.000000 1641.333130 0.000000 0.999828 0.000000 0.018525 0.398585 0.398585 0.398585
2411.452148 0.000000 1684.024292 0.000000 0.934083 0.000000 0.357056 0.372107 0.372107 0.372107
2410.541260 0.000000 1685.312988 0.000000 0.421060 0.000000 0.907033 0.313202 0.313202 0.313202
2488.393311 0.000000 1671.189453 0.000000 0.396768 0.000000 0.917919 0.284235 0.284235 0.284235
2491.804199 0.000000 1672.428223 0.000000 0.456384 0.000000 0.889783 0.302903 0.302903 0.302903
2482.162109 0.000000 1670.546753 0.000000 0.052437 0.000000 0.998624 0.263950 0.263950 0.263950
2486.749512 0.000000 1670.868408 0.000000 0.157377 0.000000 0.987539 0.306402 0.306402 0.306402
2491.196045 0.000000 1673.653320 0.000000 0.407448 0.000000 0.913228 0.300317 0.300317 0.300317
2484.777588 0.000000 1671.554199 0.000000 0.260304 0.000000 0.965527 0.300117 0.300117 0.300117
2538.064209 0.000000 1689.370728 0.000000 0.951523 0.000000 0.307579 0.197541 0.197541 0.197541
2501.476562 0.000000 1689.325073 0.000000 0.932962 0.000000 0.359975 0.219042 0.219042 0.219042
2508.884766 0.000000 1685.029297 0.000000 0.482749 0.000000 0.875759 0.226259 0.226259 0.226259
2515.982178 0.000000 1692.229004 0.000000 0.719849 0.000000 0.694131 0.223126 0.223126 0.223126
2539.314453 0.000000 1683.232300 0.000000 0.999463 0.000000 0.032779 0.269260 0.269260 0.269260
2536.307861 0.000000 1669.639404 0.000000 0.006608 0.000000 0.999978 0.241005 0.241005 0.241005
2506.106445 0.000000 1686.593506 0.000000 0.781132 0.000000 0.624366 0.280217 0.280217 0.280217
2543.812744 0.000000 1670.151367 0.000000 0.388202 0.000000 0.921575 0.267617 0.267617 0.267617
2535.241699 0.000000 1690.946167 0.000000 0.616709 0.000000 0.787192 0.269544 0.269544 0.269544
2542.152832 0.000000 1671.939331 0.000000 0.990599 0.000000 0.136801 0.301402 0.301402 0.301402
2505.139160 0.000000 1682.770508 0.000000 0.175121 0.000000 0.984547 0.272406 0.272406 0.272406
2536.295898 0.000000 1673.309570 0.000000 0.792512 0.000000 0.609857 0.281716 0.281716 0.281716
2508.126709 0.000000 1682.987183 0.000000 0.868035 0.000000 0.496503 0.333197 0.333197 0.333197
2504.417236 0.000000 1688.436279 0.000000 0.952248 0.000000 0.305327 0.380169 0.380169 0.380169
2542.335693 0.000000 1676.338623 0.000000 0.942632 0.000000 0.333835 0.363656 0.363656 0.363656
2531.382324 0.000000 1691.086304 0.000000 0.229893 0.000000 0.973216 0.298705 0.298705 0.298705
2543.074951 0.000000 1672.298828 0.000000 0.565344 0.000000 0.824855 0.336072 0.336072 0.336072
2547.284912 0.000000 1672.330200 0.000000 0.849514 0.000000 0.527566 0.347711 0.347711 0.347711
2502.366211 0.000000 1689.008545 0.000000 0.429902 0.000000 0.902876 0.322481 0.322481 0.322481
2535.903076 0.000000 1680.724487 0.000000 0.982213 0.000000 0.187769 0.385570 0.385570 0.385570
2538.983887 0.000000 1680.939087 0.000000 0.999991 0.000000 0.004124 0.376244 0.376244 0.376244
2540.670898 0.000000 1672.804688 0.000000 0.719342 0.000000 0.694656 0.341334 0.341334 0.341334
2535.120850 0.000000 1692.034058 0.000000 0.895271 0.000000 0.445522 0.364955 0.364955 0.364955
2542.139648 0.000000 1677.211304 0.000000 0.363782 0.000000 0.931484 0.314401 0.314401 0.314401
2515.591309 0.000000 1688.519897 0.000000 0.398802 0.000000 0.917037 0.311917 0.311917 0.311917
2515.890869 0.000000 1690.351807 0.000000 0.690847 0.000000 0.723001 0.339272 0.339272 0.339272
2537.110840 0.000000 1683.212524 0.000000 0.801198 0.000000 0.598399 0.357719 0.357719 0.357719
2540.662109 0.000000 1678.212402 0.000000 0.172699 0.000000 0.984975 0.293260 0.293260 0.293260
2534.306885 0.000000 1681.553833 0.000000 0.449293 0.000000 0.893385 0.315598 0.315598 0.315598
2505.821777 0.000000 1684.354614 0.000000 0.910685 0.000000 0.413102 0.367573 0.367573 0.367573
2538.167236 0.000000 1674.854492 0.000000 0.141478 0.000000 0.989941 0.290845 0.290845 0.290845
2539.357422 0.000000 1676.951294 0.000000 0.186697 0.000000 0.982418 0.294347 0.294347 0.294347
2506.917725 0.000000 1685.266235 0.000000 0.936375 0.000000 0.351001 0.373945 0.373945 0.373945
2539.623779 0.000000 1678.408936 0.000000 0.330338 0.000000 0.943863 0.305719 0.305719 0.305719
2538.807617 0.000000 1677.624878 0.000000 0.789935 0.000000 0.613191 0.349573 0.349573 0.349573
2531.916992 0.000000 1692.176636 0.000000 0.961532 0.000000 0.274694 0.378742 0.378742 0.378742
2538.019287 0.000000 1676.212280 0.000000 0.727448 0.000000 0.686163 0.342230 0.342230 0.342230
2544.478516 0.000000 1673.278564 0.000000 0.722067 0.000000 0.691823 0.341634 0.341634 0.341634
2545.839355 0.000000 1673.323242 0.000000 0.999936 0.000000 0.011310 0.399136 0.399136 0.399136
2541.016113 0.000000 1670.461792 0.000000 0.311405 0.000000 0.950277 0.304192 0.304192 0.304192
2531.737793 0.000000 1693.648804 0.000000 0.668947 0.000000 0.743310 0.335981 0.335981 0.335981
2505.691895 0.000000 1685.911499 0.000000 0.313699 0.000000 0.949523 0.304689 0.304689 0.304689
2430.127197 0.000000 1711.971191 0.000000 0.916101 0.000000 0.400947 0.196807 0.196807 0.196807
2399.881836 0.000000 1697.180664 0.000000 0.894781 0.000000 0.446505 0.207473 0.207473 0.207473
2399.095703 0.000000 1699.618896 0.000000 0.874431 0.000000 0.485151 0.320745 0.320745 0.320745
2396.673096 0.000000 1698.888672 0.000000 0.750815 0.000000 0.660513 0.335133 0.335133 0.335133
2491.875732 0.000000 1708.737427 0.000000 0.670213 0.000000 0.742169 0.193319 0.193319 0.193319
2485.008789 0.000000 1738.753052 0.000000 0.893133 0.000000 0.449793 0.196063 0.196063 0.196063
2438.201904 0.000000 1706.044067 0.000000 0.219540 0.000000 0.975603 0.187535 0.187535 0.187535
2436.386230 0.000000 1704.948242 0.000000 0.998521 0.000000 0.054364 0.227780 0.227780 0.227780
2491.123047 0.000000 1733.957520 0.000000 0.992552 0.000000 0.121818 0.228983 0.228983 0.228983
2447.572021 0.000000 1726.131104 0.000000 0.195971 0.000000 0.980610 0.215945 0.215945 0.215945
2486.213135 0.000000 1737.536621 0.000000 0.192788 0.000000 0.981240 0.211825 0.211825 0.211825
2440.235840 0.000000 1701.913818 0.000000 0.420400 0.000000 0.907339 0.234297 0.234297 0.234297
2450.458496 0.000000 1729.627197 0.000000 0.851063 0.000000 0.525063 0.257078 0.257078 0.257078
2438.925537 0.000000 1702.628418 0.000000 0.294685 0.000000 0.955594 0.227490 0.227490 0.227490
2437.821045 0.000000 1712.137451 0.000000 0.532156 0.000000 0.846646 0.246376 0.246376 0.246376
2479.452637 0.000000 1744.510376 0.000000 0.010703 0.000000 0.999943 0.242473 0.242473 0.242473
2449.019287 0.000000 1723.148804 0.000000 0.999697 0.000000 0.024629 0.261653 0.261653 0.261653
2477.661621 0.000000 1744.786743 0.000000 0.964226 0.000000 0.265083 0.273170 0.273170 0.273170
2451.806641 0.000000 1729.832520 0.000000 0.653378 0.000000 0.757032 0.249911 0.249911 0.249911
2447.678223 0.000000 1730.948486 0.000000 0.259462 0.000000 0.965753 0.250018 0.250018 0.250018
2441.788330 0.000000 1713.932129 0.000000 0.055322 0.000000 0.998469 0.255758 0.255758 0.255758
2440.640381 0.000000 1717.630981 0.000000 0.924685 0.000000 0.380733 0.313005 0.313005 0.313005
2435.130371 0.000000 1704.850464 0.000000 0.997234 0.000000 0.074330 0.312229 0.312229 0.312229
2494.685059 0.000000 1708.189331 0.000000 0.566091 0.000000 0.824342 0.299002 0.299002 0.299002
2439.500000 0.000000 1717.253296 0.000000 0.924447 0.000000 0.381311 0.293111 0.293111 0.293111
2437.155029 0.000000 1711.178711 0.000000 0.880908 0.000000 0.473288 0.329809 0.329809 0.329809
2437.718994 0.000000 1709.043091 0.000000 0.978523 0.000000 0.206138 0.339022 0.339022 0.339022
2476.897705 0.000000 1741.425415 0.000000 0.998083 0.000000 0.061895 0.393869 0.393869 0.393869
2478.536865 0.000000 1742.001099 0.000000 0.483492 0.000000 0.875349 0.318552 0.318552 0.318552
2442.203369 0.000000 1731.095459 0.000000 0.245564 0.000000 0.969380 0.306103 0.306103 0.306103
2449.157227 0.000000 1724.041870 0.000000 0.821305 0.000000 0.570490 0.353621 0.353621 0.353621
2483.695801 0.000000 1742.397095 0.000000 0.094207 0.000000 0.995553 0.287208 0.287208 0.287208
2448.772705 0.000000 1728.871216 0.000000 0.251756 0.000000 0.967791 0.299442 0.299442 0.299442
2493.281738 0.000000 1711.709961 0.000000 0.132446 0.000000 0.991190 0.307021 0.307021 0.307021
2448.090332 0.000000 1726.845215 0.000000 0.998955 0.000000 0.045700 0.396576 0.396576 0.396576
2449.259033 0.000000 1724.886108 0.000000 0.767598 0.000000 0.640932 0.346852 0.346852 0.346852
2449.242920 0.000000 1731.910522 0.000000 0.317872 0.000000 0.948134 0.304712 0.304712 0.304712
2479.877686 0.000000 1741.341187 0.000000 0.583657 0.000000 0.812000 0.327611 0.327611 0.327611
2438.182129 0.000000 1714.446045 0.000000 0.916261 0.000000 0.400582 0.369440 0.369440 0.369440
2449.572510 0.000000 1727.621094 0.000000 0.291825 0.000000 0.956472 0.304532 0.304532 0.304532
2433.716064 0.000000 1709.021484 0.000000 0.652162 0.000000 0.758080 0.334273 0.334273 0.334273
2481.182129 0.000000 1741.974609 0.000000 0.131433 0.000000 0.991325 0.290070 0.290070 0.290070
2449.534668 0.000000 1726.591553 0.000000 0.978374 0.000000 0.206846 0.384395 0.384395 0.384395
2449.689941 0.000000 1729.265259 0.000000 0.143764 0.000000 0.989612 0.291021 0.291021 0.291021
2505.939697 0.000000 1709.819702 0.000000 0.586101 0.000000 0.810238 0.191864 0.191864 0.191864
2517.228027 0.000000 1732.436401 0.000000 0.705498 0.000000 0.708712 0.194925 0.194925 0.194925
2512.405029 0.000000 1732.086304 0.000000 1.000000 0.000000 0.000151 0.212883 0.212883 0.212883
2515.258789 0.000000 1733.424805 0.000000 0.349879 0.000000 0.936795 0.205720 0.205720 0.205720
2511.814941 0.000000 1715.163208 0.000000 0.288621 0.000000 0.957443 0.203142 0.203142 0.203142
2514.017090 0.000000 1718.315918 0.000000 0.438806 0.000000 0.898582 0.209673 0.209673 0.209673
2534.058105 0.000000 1710.833740 0.000000 0.986856 0.000000 0.161604 0.244634 0.244634 0.244634
2520.543945 0.000000 1704.708740 0.000000 0.789330 0.000000 0.613969 0.242181 0.242181 0.242181
2513.973633 0.000000 1709.452637 0.000000 0.578660 0.000000 0.815569 0.230972 0.230972 0.230972
2502.677002 0.000000 1719.781372 0.000000 0.714233 0.000000 0.699908 0.244516 0.244516 0.244516
2522.265869 0.000000 1699.289429 0.000000 0.918911 0.000000 0.394464 0.263565 0.263565 0.263565
2515.482422 0.000000 1720.221191 0.000000 0.445971 0.000000 0.895047 0.243232 0.243232 0.243232
2515.367432 0.000000 1724.538574 0.000000 0.946236 0.000000 0.323477 0.282877 0.282877 0.282877
2538.488525 0.000000 1695.779419 0.000000 0.597223 0.000000 0.802075 0.245599 0.245599 0.245599
2536.875000 0.000000 1695.404907 0.000000 0.997383 0.000000 0.072305 0.293634 0.293634 0.293634
2521.625977 0.000000 1721.553589 0.000000 0.286262 0.000000 0.958151 0.258240 0.258240 0.258240
2504.697510 0.000000 1723.452637 0.000000 0.545590 0.000000 0.838052 0.287831 0.287831 0.287831
2539.927246 0.000000 1709.376221 0.000000 0.036615 0.000000 0.999329 0.274734 0.274734 0.274734
2501.155029 0.000000 1711.178711 0.000000 0.979814 0.000000 0.199912 0.324622 0.324622 0.324622
2521.919678 0.000000 1730.137939 0.000000 0.146662 0.000000 0.989187 0.285549 0.285549 0.285549
2520.405762 0.000000 1731.583496 0.000000 0.256969 0.000000 0.966420 0.290795 0.290795 0.290795
2520.777100 0.000000 1730.584717 0.000000 0.738250 0.000000 0.674527 0.317357 0.317357 0.317357
2536.083252 0.000000 1708.708252 0.000000 0.774668 0.000000 0.632369 0.355220 0.355220 0.355220
2517.271973 0.000000 1715.088501 0.000000 0.999915 0.000000 0.013022 0.381331 0.381331 0.381331
2512.411865 0.000000 1725.606323 0.000000 0.345423 0.000000 0.938447 0.318828 0.318828 0.318828
2536.083252 0.000000 1706.581421 0.000000 0.972402 0.000000 0.233312 0.385009 0.385009 0.385009
2504.331055 0.000000 1711.330811 0.000000 0.257686 0.000000 0.966229 0.294628 0.294628 0.294628
2516.463135 0.000000 1729.110352 0.000000 0.748752 0.000000 0.662850 0.331621 0.331621 0.331621
2501.572266 0.000000 1713.025757 0.000000 0.521493 0.000000 0.853255 0.333394 0.333394 0.333394
2525.191406 0.000000 1732.498657 0.000000 0.071461 0.000000 0.997443 0.295196 0.295196 0.295196
2510.367188 0.000000 1710.158447 0.000000 0.576569 0.000000 0.817048 0.326946 0.326946 0.326946
2521.222412 0.000000 1702.763794 0.000000 0.381628 0.000000 0.924316 0.309913 0.309913 0.309913
2513.157227 0.000000 1724.041870 0.000000 0.880504 0.000000 0.474039 0.363092 0.363092 0.363092
2523.996582 0.000000 1732.303955 0.000000 0.158092 0.000000 0.987424 0.292128 0.292128 0.292128
2510.050049 0.000000 1711.882568 0.000000 0.995673 0.000000 0.092927 0.392891 0.392891 0.392891
2496.269775 0.000000 1713.125244 0.000000 0.933619 0.000000 0.358267 0.375667 0.375667 0.375667
2520.142090 0.000000 1703.911377 0.000000 0.922357 0.000000 0.386338 0.369698 0.369698 0.369698
2522.000488 0.000000 1700.132446 0.000000 0.548500 0.000000 0.836151 0.324352 0.324352 0.324352
2515.329590 0.000000 1729.121094 0.000000 0.204480 0.000000 0.978871 0.295732 0.295732 0.295732
2519.644531 0.000000 1721.310059 0.000000 0.462590 0.000000 0.886572 0.316739 0.316739 0.316739
2512.090332 0.000000 1726.845215 0.000000 0.942549 0.000000 0.334069 0.373979 0.373979 0.373979
2512.838867 0.000000 1727.958984 0.000000 0.996978 0.000000 0.077679 0.394060 0.394060 0.394060
2514.323486 0.000000 1728.807495 0.000000 0.335960 0.000000 0.941876 0.306175 0.306175 0.306175
2524.497314 0.000000 1701.901001 0.000000 0.642230 0.000000 0.766512 0.333278 0.333278 0.333278
2507.194824 0.000000 1723.739136 0.000000 0.772196 0.000000 0.635385 0.347402 0.347402 0.347402
2512.693115 0.000000 1711.430420 0.000000 0.846000 0.000000 0.533183 0.360408 0.360408 0.360408
2506.321533 0.000000 1722.523682 0.000000 0.651298 0.000000 0.758822 0.334186 0.334186 0.334186
2514.134033 0.000000 1726.072144 0.000000 0.041402 0.000000 0.999143 0.283164 0.283164 0.283164
2504.433594 0.000000 1712.259766 0.000000 0.862132 0.000000 0.506684 0.359409 0.359409 0.359409
2513.572510 0.000000 1727.621094 0.000000 0.389252 0.000000 0.921131 0.310544 0.310544 0.310544
2515.886475 0.000000 1727.954224 0.000000 0.830215 0.000000 0.557444 0.354828 0.354828 0.354828
2524.646484 0.000000 1700.379028 0.000000 0.993037 0.000000 0.117802 0.390980 0.390980 0.390980
2516.213135 0.000000 1720.545776 0.000000 0.050627 0.000000 0.998718 0.283869 0.283869 0.283869
2519.223633 0.000000 1719.203979 0.000000 0.761358 0.000000 0.648332 0.347697 0.347697 0.347697
2513.534668 0.000000 1726.591553 0.000000 0.898799 0.000000 0.438361 0.365334 0.365334 0.365334
2523.094482 0.000000 1700.100342 0.000000 0.623190 0.000000 0.782071 0.331399 0.331399 0.331399
2519.070312 0.000000 1721.826294 0.000000 0.449941 0.000000 0.893058 0.315653 0.315653 0.315653
2470.270752 0.000000 1752.422607 0.000000 0.757619 0.000000 0.652697 0.195118 0.195118 0.195118
2488.357666 0.000000 1759.362549 0.000000 0.903094 0.000000 0.429442 0.200441 0.200441 0.200441
2471.590820 0.000000 1754.630737 0.000000 0.905374 0.000000 0.424614 0.196333 0.196333 0.196333
2481.878906 0.000000 1763.359497 0.000000 0.121225 0.000000 0.992625 0.199278 0.199278 0.199278
2476.179932 0.000000 1754.438599 0.000000 0.988341 0.000000 0.152258 0.253474 0.253474 0.253474
2478.684082 0.000000 1757.598022 0.000000 0.607207 0.000000 0.794543 0.298791 0.298791 0.298791
2481.943604 0.000000 1759.211548 0.000000 0.984946 0.000000 0.172864 0.364815 0.364815 0.364815
2486.925537 0.000000 1757.052612 0.000000 0.839859 0.000000 0.542804 0.318725 0.318725 0.318725
2485.633301 0.000000 1760.625366 0.000000 0.712279 0.000000 0.701897 0.328809 0.328809 0.328809
2480.653320 0.000000 1758.668945 0.000000 0.893171 0.000000 0.449718 0.348954 0.348954 0.348954
2483.538086 0.000000 1757.268433 0.000000 0.942788 0.000000 0.333393 0.360735 0.360735 0.360735
2483.587158 0.000000 1758.662476 0.000000 0.780995 0.000000 0.624537 0.352174 0.352174 0.352174
2485.169189 0.000000 1756.244141 0.000000 0.161871 0.000000 0.986812 0.292421 0.292421 0.292421
1696.533813 0.000000 2032.024170 0.000000 0.768662 0.000000 0.639655 0.277777 0.277777 0.277777
1704.336914 0.000000 2032.659180 0.000000 0.546253 0.000000 0.837620 0.283114 0.283114 0.283114
1787.650024 0.000000 2031.906982 0.000000 0.543054 0.000000 0.839698 0.242383 0.242383 0.242383
1789.091431 0.000000 2028.664673 0.000000 0.597702 0.000000 0.801718 0.237665 0.237665 0.237665
1789.369507 0.000000 2024.248901 0.000000 0.837958 0.000000 0.545735 0.250688 0.250688 0.250688
1785.582520 0.000000 2033.089966 0.000000 0.812270 0.000000 0.583281 0.303919 0.303919 0.303919
1791.230713 0.000000 2026.330811 0.000000 0.955162 0.000000 0.296083 0.380414 0.380414 0.380414
2033.665527 0.000000 1836.262573 0.000000 0.696411 0.000000 0.717643 0.214072 0.214072 0.214072
2042.545166 0.000000 1839.470703 0.000000 0.999997 0.000000 0.002492 0.231895 0.231895 0.231895
2047.537720 0.000000 1837.766357 0.000000 0.413666 0.000000 0.910429 0.221455 0.221455 0.221455
2021.460205 0.000000 1838.835205 0.000000 0.760616 0.000000 0.649202 0.230807 0.230807 0.230807
2047.335327 0.000000 1833.729370 0.000000 0.072507 0.000000 0.997368 0.254996 0.254996 0.254996
2040.776245 0.000000 1834.343140 0.000000 0.105413 0.000000 0.994429 0.254020 0.254020 0.254020
2041.029053 0.000000 1835.648193 0.000000 0.263635 0.000000 0.964623 0.258985 0.258985 0.258985
2039.607178 0.000000 1836.392090 0.000000 0.862033 0.000000 0.506853 0.311246 0.311246 0.311246
2036.131348 0.000000 1836.774902 0.000000 0.956559 0.000000 0.291540 0.327912 0.327912 0.327912
2024.917358 0.000000 1840.698486 0.000000 0.053946 0.000000 0.998544 0.286395 0.286395 0.286395
2023.982544 0.000000 1841.961914 0.000000 0.240621 0.000000 0.970619 0.298564 0.298564 0.298564
2041.489746 0.000000 1837.361084 0.000000 0.769839 0.000000 0.638238 0.350230 0.350230 0.350230
2022.255615 0.000000 1838.994141 0.000000 0.918452 0.000000 0.395533 0.369645 0.369645 0.369645
2043.706787 0.000000 1835.336182 0.000000 0.476629 0.000000 0.879105 0.320099 0.320099 0.320099
2040.170898 0.000000 1837.516357 0.000000 0.635071 0.000000 0.772454 0.336534 0.336534 0.336534
2042.640503 0.000000 1834.347656 0.000000 0.920692 0.000000 0.390289 0.370171 0.370171 0.370171
1820.691528 0.000000 2025.045410 0.000000 0.711689 0.000000 0.702495 0.196968 0.196968 0.196968
1832.552612 0.000000 2029.804321 0.000000 0.737233 0.000000 0.675638 0.209079 0.209079 0.209079
1838.877930 0.000000 2030.376587 0.000000 0.999881 0.000000 0.015420 0.221644 0.221644 0.221644
1832.666260 0.000000 2023.275635 0.000000 0.195798 0.000000 0.980644 0.204425 0.204425 0.204425
1848.393677 0.000000 2022.079834 0.000000 0.139498 0.000000 0.990222 0.211797 0.211797 0.211797
1834.734131 0.000000 2024.967285 0.000000 0.277232 0.000000 0.960803 0.246737 0.246737 0.246737
1798.498657 0.000000 2031.496216 0.000000 0.528541 0.000000 0.848908 0.235962 0.235962 0.235962
1819.966187 0.000000 2026.222290 0.000000 0.199000 0.000000 0.980000 0.251225 0.251225 0.251225
1818.963867 0.000000 2029.785645 0.000000 0.154809 0.000000 0.987944 0.263727 0.263727 0.263727
1793.070068 0.000000 2030.462891 0.000000 0.118576 0.000000 0.992945 0.274588 0.274588 0.274588
1823.860962 0.000000 2029.548828 0.000000 0.046881 0.000000 0.998900 0.298685 0.298685 0.298685
1822.990356 0.000000 2027.574829 0.000000 0.994644 0.000000 0.103358 0.392332 0.392332 0.392332
1847.344482 0.000000 2024.108398 0.000000 0.500400 0.000000 0.865794 0.323694 0.323694 0.323694
1792.990112 0.000000 2027.318726 0.000000 0.500376 0.000000 0.865808 0.321862 0.321862 0.321862
1794.092163 0.000000 2028.693848 0.000000 0.263263 0.000000 0.964724 0.305888 0.305888 0.305888
1846.469849 0.000000 2024.024902 0.000000 0.932345 0.000000 0.361569 0.373031 0.373031 0.373031
1792.002808 0.000000 2027.443481 0.000000 0.717941 0.000000 0.696104 0.342525 0.342525 0.342525
1792.005737 0.000000 2029.066284 0.000000 0.666742 0.000000 0.745289 0.338274 0.338274 0.338274
1847.910645 0.000000 2026.667725 0.000000 0.950018 0.000000 0.312196 0.375745 0.375745 0.375745
1848.864502 0.000000 2026.884155 0.000000 0.989140 0.000000 0.146978 0.388731 0.388731 0.388731
1861.147461 0.000000 2030.942261 0.000000 0.211682 0.000000 0.977339 0.225828 0.225828 0.225828
1863.945435 0.000000 2029.359131 0.000000 0.436770 0.000000 0.899573 0.233829 0.233829 0.233829
1860.418335 0.000000 2026.152344 0.000000 0.664362 0.000000 0.747411 0.326122 0.326122 0.326122
1859.062012 0.000000 2029.177979 0.000000 0.481951 0.000000 0.876198 0.324627 0.324627 0.324627
1649.451660 0.000000 2079.132568 0.000000 0.879013 0.000000 0.476798 0.300242 0.300242 0.300242
1648.238770 0.000000 2079.122070 0.000000 0.762481 0.000000 0.647011 0.292773 0.292773 0.292773
1648.476318 0.000000 2081.270508 0.000000 0.975120 0.000000 0.221678 0.360052 0.360052 0.360052
1655.424316 0.000000 2078.762695 0.000000 1.000000 0.000000 0.000560 0.399964 0.399964 0.399964
1663.527466 0.000000 2089.052246 0.000000 0.908537 0.000000 0.417803 0.369332 0.369332 0.369332
1649.757324 0.000000 2081.435791 0.000000 0.965623 0.000000 0.259948 0.357946 0.357946 0.357946
1656.675659 0.000000 2073.971680 0.000000 0.396984 0.000000 0.917826 0.321925 0.321925 0.321925
1650.939453 0.000000 2078.644043 0.000000 0.445068 0.000000 0.895497 0.315237 0.315237 0.315237
1654.100586 0.000000 2075.569580 0.000000 0.985730 0.000000 0.168334 0.387079 0.387079 0.387079
1657.536987 0.000000 2073.383545 0.000000 0.987989 0.000000 0.154522 0.389581 0.389581 0.389581
1654.587769 0.000000 2078.949707 0.000000 0.979935 0.000000 0.199320 0.386925 0.386925 0.386925
1652.174683 0.000000 2077.874023 0.000000 0.076198 0.000000 0.997093 0.285827 0.285827 0.285827
1654.992310 0.000000 2076.144531 0.000000 0.104237 0.000000 0.994552 0.287978 0.287978 0.287978
1657.419312 0.000000 2075.004395 0.000000 0.919469 0.000000 0.393163 0.369131 0.369131 0.369131
1642.064331 0.000000 2141.245605 0.000000 0.605407 0.000000 0.795916 0.192761 0.192761 0.192761
1650.464111 0.000000 2105.850342 0.000000 0.997242 0.000000 0.074218 0.225281 0.225281 0.225281
1656.204712 0.000000 2100.182617 0.000000 0.832334 0.000000 0.554275 0.238774 0.238774 0.238774
1660.241577 0.000000 2100.664307 0.000000 0.161660 0.000000 0.986847 0.230239 0.230239 0.230239
1639.991211 0.000000 2122.813477 0.000000 0.658699 0.000000 0.752407 0.261598 0.261598 0.261598
1629.245483 0.000000 2125.756592 0.000000 0.677908 0.000000 0.735147 0.264948 0.264948 0.264948
1623.770020 0.000000 2135.479492 0.000000 0.980916 0.000000 0.194434 0.262237 0.262237 0.262237
1653.815186 0.000000 2120.296875 0.000000 0.938579 0.000000 0.345064 0.300438 0.300438 0.300438
1635.054199 0.000000 2130.751221 0.000000 0.767633 0.000000 0.640890 0.295739 0.295739 0.295739
1657.149658 0.000000 2106.027588 0.000000 0.898400 0.000000 0.439177 0.312429 0.312429 0.312429
1656.863892 0.000000 2108.449951 0.000000 0.898227 0.000000 0.439532 0.282188 0.282188 0.282188
1649.188232 0.000000 2117.628662 0.000000 0.994723 0.000000 0.102594 0.311231 0.311231 0.311231
1653.239990 0.000000 2132.164795 0.000000 0.028345 0.000000 0.999598 0.277787 0.277787 0.277787
1644.375000 0.000000 2118.206543 0.000000 0.963822 0.000000 0.266545 0.315673 0.315673 0.315673
1643.297119 0.000000 2125.543213 0.000000 0.997919 0.000000 0.064479 0.332356 0.332356 0.332356
1629.235718 0.000000 2134.206787 0.000000 0.700459 0.000000 0.713693 0.341546 0.341546 0.341546
1650.565430 0.000000 2106.955566 0.000000 0.775418 0.000000 0.631448 0.326066 0.326066 0.326066
1655.181030 0.000000 2104.749756 0.000000 0.882436 0.000000 0.470432 0.342117 0.342117 0.342117
1616.603149 0.000000 2141.459961 0.000000 0.360390 0.000000 0.932802 0.313561 0.313561 0.313561
1655.007812 0.000000 2116.978516 0.000000 0.913481 0.000000 0.406882 0.342908 0.342908 0.342908
1654.652466 0.000000 2113.404541 0.000000 0.767374 0.000000 0.641200 0.333124 0.333124 0.333124
1659.330322 0.000000 2103.112061 0.000000 0.254826 0.000000 0.966987 0.311303 0.311303 0.311303
1630.478760 0.000000 2133.545166 0.000000 0.985195 0.000000 0.171439 0.358576 0.358576 0.358576
1631.047241 0.000000 2138.600098 0.000000 0.657550 0.000000 0.753411 0.331893 0.331893 0.331893
1651.975708 0.000000 2109.865479 0.000000 0.464170 0.000000 0.885746 0.320678 0.320678 0.320678
1640.903198 0.000000 2126.800049 0.000000 0.278356 0.000000 0.960478 0.314419 0.314419 0.314419
1622.523193 0.000000 2138.750000 0.000000 0.311269 0.000000 0.950322 0.308252 0.308252 0.308252
1621.328369 0.000000 2140.262695 0.000000 0.401210 0.000000 0.915986 0.321946 0.321946 0.321946
1660.866699 0.000000 2117.016357 0.000000 0.995030 0.000000 0.099577 0.393600 0.393600 0.393600
1663.109863 0.000000 2096.964600 0.000000 0.429115 0.000000 0.903250 0.313882 0.313882 0.313882
1629.295410 0.000000 2141.135986 0.000000 0.557435 0.000000 0.830221 0.336176 0.336176 0.336176
1624.591797 0.000000 2139.317383 0.000000 0.991830 0.000000 0.127569 0.390228 0.390228 0.390228
1661.901978 0.000000 2114.921875 0.000000 0.700663 0.000000 0.713493 0.339307 0.339307 0.339307
1661.303833 0.000000 2094.522949 0.000000 0.168524 0.000000 0.985698 0.299934 0.299934 0.299934
1650.565186 0.000000 2133.873047 0.000000 0.996310 0.000000 0.085833 0.393585 0.393585 0.393585
1657.677246 0.000000 2103.928955 0.000000 0.984723 0.000000 0.174127 0.386630 0.386630 0.386630
1639.120850 0.000000 2143.909180 0.000000 0.283612 0.000000 0.958939 0.307734 0.307734 0.307734
1626.615234 0.000000 2138.962646 0.000000 0.374277 0.000000 0.927317 0.309306 0.309306 0.309306
1650.939453 0.000000 2135.128418 0.000000 0.586418 0.000000 0.810009 0.327871 0.327871 0.327871
1626.148682 0.000000 2138.218262 0.000000 0.703611 0.000000 0.710586 0.339623 0.339623 0.339623
1623.646118 0.000000 2140.821045 0.000000 0.479199 0.000000 0.877706 0.318177 0.318177 0.318177
1650.914062 0.000000 2114.558350 0.000000 0.795452 0.000000 0.606017 0.350264 0.350264 0.350264
1652.922119 0.000000 2108.224121 0.000000 0.856872 0.000000 0.515529 0.361327 0.361327 0.361327
1646.923462 0.000000 2133.306396 0.000000 0.714076 0.000000 0.700068 0.350437 0.350437 0.350437
1622.814819 0.000000 2139.572021 0.000000 0.982934 0.000000 0.183958 0.386467 0.386467 0.386467
1650.651855 0.000000 2112.624756 0.000000 0.884195 0.000000 0.467118 0.362870 0.362870 0.362870
1662.328735 0.000000 2095.775635 0.000000 0.467534 0.000000 0.883975 0.317166 0.317166 0.317166
1625.887939 0.000000 2139.853271 0.000000 0.951107 0.000000 0.308861 0.376013 0.376013 0.376013
1652.102783 0.000000 2111.579346 0.000000 0.153506 0.000000 0.988148 0.309811 0.309811 0.309811
1624.819336 0.000000 2141.992676 0.000000 0.950410 0.000000 0.310999 0.375841 0.375841 0.375841
1639.982544 0.000000 2124.383789 0.000000 0.997667 0.000000 0.068270 0.394781 0.394781 0.394781
1656.372559 0.000000 2112.762695 0.000000 0.760762 0.000000 0.649031 0.346042 0.346042 0.346042
1625.526611 0.000000 2145.004395 0.000000 0.418840 0.000000 0.908060 0.314437 0.314437 0.314437
1659.533569 0.000000 2101.182861 0.000000 0.340549 0.000000 0.940227 0.315709 0.315709 0.315709
1663.623169 0.000000 2114.529541 0.000000 0.996648 0.000000 0.081814 0.394479 0.394479 0.394479
1663.499878 0.000000 2127.221191 0.000000 0.795226 0.000000 0.606313 0.350236 0.350236 0.350236
1627.885498 0.000000 2138.290283 0.000000 0.989646 0.000000 0.143527 0.388997 0.388997 0.388997
1663.581665 0.000000 2095.257568 0.000000 0.934428 0.000000 0.356151 0.372181 0.372181 0.372181
1662.190918 0.000000 2098.935547 0.000000 0.906781 0.000000 0.421602 0.366752 0.366752 0.366752
1663.631348 0.000000 2128.501465 0.000000 0.999858 0.000000 0.016827 0.398714 0.398714 0.398714
1639.811890 0.000000 2125.875244 0.000000 0.034569 0.000000 0.999402 0.282641 0.282641 0.282641
1621.038696 0.000000 2139.394287 0.000000 0.247418 0.000000 0.968909 0.299100 0.299100 0.299100
1662.232544 0.000000 2127.300293 0.000000 0.835270 0.000000 0.549841 0.355525 0.355525 0.355525
1662.412842 0.000000 2091.657959 0.000000 0.996087 0.000000 0.088378 0.393240 0.393240 0.393240
1639.377808 0.000000 2142.008545 0.000000 0.394823 0.000000 0.918757 0.316241 0.316241 0.316241
1639.334473 0.000000 2141.029785 0.000000 0.242005 0.000000 0.970275 0.298673 0.298673 0.298673
1625.971924 0.000000 2144.119629 0.000000 0.943296 0.000000 0.331952 0.374573 0.374573 0.374573
1656.761230 0.000000 2105.279297 0.000000 0.326745 0.000000 0.945113 0.305428 0.305428 0.305428
1655.351807 0.000000 2115.331055 0.000000 0.816136 0.000000 0.577860 0.352933 0.352933 0.352933
1657.776855 0.000000 2115.394775 0.000000 0.982716 0.000000 0.185118 0.385776 0.385776 0.385776
1659.912842 0.000000 2130.833496 0.000000 0.852989 0.000000 0.521928 0.358051 0.358051 0.358051
1654.583496 0.000000 2145.664062 0.000000 0.959666 0.000000 0.281144 0.378229 0.378229 0.378229
1622.045044 0.000000 2140.683105 0.000000 0.993643 0.000000 0.112578 0.391381 0.391381 0.391381
1634.732910 0.000000 2140.382080 0.000000 0.996577 0.000000 0.082667 0.394029 0.394029 0.394029
1648.279175 0.000000 2115.412354 0.000000 0.243403 0.000000 0.969925 0.298783 0.298783 0.298783
1659.978027 0.000000 2113.397705 0.000000 0.966761 0.000000 0.255681 0.380248 0.380248 0.380248
1656.336182 0.000000 2102.039795 0.000000 0.087909 0.000000 0.996129 0.286724 0.286724 0.286724
1650.665161 0.000000 2111.586670 0.000000 0.731343 0.000000 0.682010 0.344914 0.344914 0.344914
1643.452271 0.000000 2135.899170 0.000000 0.895497 0.000000 0.445068 0.364763 0.364763 0.364763
1641.763672 0.000000 2124.267822 0.000000 0.717347 0.000000 0.696716 0.341115 0.341115 0.341115
1648.470947 0.000000 2132.302979 0.000000 0.826942 0.000000 0.562288 0.354381 0.354381 0.354381
1629.012451 0.000000 2126.532227 0.000000 0.870253 0.000000 0.492605 0.360651 0.360651 0.360651
1638.437012 0.000000 2140.839111 0.000000 0.973418 0.000000 0.229034 0.382346 0.382346 0.382346
1641.924927 0.000000 2137.815186 0.000000 0.591204 0.000000 0.806522 0.328323 0.328323 0.328323
1654.659668 0.000000 2144.095459 0.000000 0.889207 0.000000 0.457506 0.363698 0.363698 0.363698
1650.035522 0.000000 2114.199463 0.000000 0.983304 0.000000 0.181972 0.386021 0.386021 0.386021
1628.707764 0.000000 2139.508789 0.000000 0.969042 0.000000 0.246895 0.380942 0.380942 0.380942
1625.175659 0.000000 2143.456055 0.000000 0.957475 0.000000 0.288518 0.377641 0.377641 0.377641
1637.802979 0.000000 2138.544922 0.000000 0.803556 0.000000 0.595229 0.351295 0.351295 0.351295
1662.509766 0.000000 2097.485596 0.000000 0.646680 0.000000 0.762762 0.333722 0.333722 0.333722
1640.186035 0.000000 2123.562500 0.000000 0.773829 0.000000 0.633395 0.347599 0.347599 0.347599
1658.986816 0.000000 2114.368896 0.000000 0.010043 0.000000 0.999950 0.280767 0.280767 0.280767
1629.871216 0.000000 2126.335693 0.000000 0.806532 0.000000 0.591191 0.351678 0.351678 0.351678
1642.365479 0.000000 2119.756104 0.000000 0.360819 0.000000 0.932636 0.308201 0.308201 0.308201
1640.163086 0.000000 2134.025146 0.000000 0.320536 0.000000 0.947236 0.304927 0.304927 0.304927
1701.993652 0.000000 2063.000732 0.000000 0.972067 0.000000 0.234704 0.198166 0.198166 0.198166
1681.983643 0.000000 2054.805664 0.000000 0.241411 0.000000 0.970423 0.189233 0.189233 0.189233
1687.871582 0.000000 2072.918457 0.000000 0.420055 0.000000 0.907499 0.190062 0.190062 0.190062
1667.168213 0.000000 2077.390137 0.000000 0.291630 0.000000 0.956531 0.188224 0.188224 0.188224
1689.163940 0.000000 2089.296875 0.000000 0.534255 0.000000 0.845323 0.190948 0.190948 0.190948
1680.687988 0.000000 2068.622559 0.000000 0.490573 0.000000 0.871400 0.198681 0.198681 0.198681
1678.324707 0.000000 2057.325439 0.000000 0.238188 0.000000 0.971219 0.209214 0.209214 0.209214
1677.989746 0.000000 2060.352051 0.000000 0.380887 0.000000 0.924622 0.207040 0.207040 0.207040
1698.286743 0.000000 2037.065186 0.000000 0.897183 0.000000 0.441658 0.224980 0.224980 0.224980
1684.110352 0.000000 2047.075317 0.000000 0.979897 0.000000 0.199503 0.239632 0.239632 0.239632
1715.232544 0.000000 2052.791504 0.000000 0.962960 0.000000 0.269644 0.224599 0.224599 0.224599
1703.815552 0.000000 2042.991211 0.000000 0.984985 0.000000 0.172643 0.233624 0.233624 0.233624
1681.633179 0.000000 2082.266357 0.000000 0.346375 0.000000 0.938096 0.229369 0.229369 0.229369
1702.213745 0.000000 2043.450806 0.000000 0.890295 0.000000 0.455384 0.228810 0.228810 0.228810
1670.216797 0.000000 2080.669434 0.000000 0.879977 0.000000 0.475017 0.242521 0.242521 0.242521
1672.076660 0.000000 2082.876953 0.000000 0.047474 0.000000 0.998872 0.217319 0.217319 0.217319
1670.676880 0.000000 2058.687744 0.000000 0.081809 0.000000 0.996648 0.223286 0.223286 0.223286
1675.080078 0.000000 2083.245117 0.000000 0.192823 0.000000 0.981233 0.243751 0.243751 0.243751
1684.429321 0.000000 2083.460205 0.000000 0.642564 0.000000 0.766232 0.261897 0.261897 0.261897
1683.060669 0.000000 2060.648193 0.000000 0.997382 0.000000 0.072311 0.279340 0.279340 0.279340
1689.114868 0.000000 2087.763916 0.000000 0.938203 0.000000 0.346084 0.283198 0.283198 0.283198
1704.875122 0.000000 2034.311157 0.000000 0.999399 0.000000 0.034662 0.302531 0.302531 0.302531
1721.029053 0.000000 2061.585693 0.000000 0.998629 0.000000 0.052355 0.311900 0.311900 0.311900
1695.835327 0.000000 2082.635010 0.000000 0.424090 0.000000 0.905620 0.261133 0.261133 0.261133
1704.942383 0.000000 2036.869995 0.000000 0.829511 0.000000 0.558490 0.276186 0.276186 0.276186
1666.485107 0.000000 2074.574707 0.000000 0.678509 0.000000 0.734592 0.301862 0.301862 0.301862
1687.848022 0.000000 2083.488770 0.000000 0.606233 0.000000 0.795287 0.316775 0.316775 0.316775
1664.926514 0.000000 2088.949219 0.000000 0.945278 0.000000 0.326266 0.353251 0.353251 0.353251
1701.083374 0.000000 2069.467041 0.000000 0.230197 0.000000 0.973144 0.280534 0.280534 0.280534
1711.867065 0.000000 2049.524170 0.000000 0.886819 0.000000 0.462117 0.306615 0.306615 0.306615
1708.081299 0.000000 2053.304199 0.000000 0.578349 0.000000 0.815789 0.314277 0.314277 0.314277
1697.214844 0.000000 2046.361938 0.000000 0.183642 0.000000 0.982993 0.287905 0.287905 0.287905
1675.902710 0.000000 2086.400635 0.000000 0.898686 0.000000 0.438592 0.365527 0.365527 0.365527
1678.071655 0.000000 2087.059814 0.000000 0.959496 0.000000 0.281722 0.335478 0.335478 0.335478
1697.670898 0.000000 2034.193237 0.000000 0.993742 0.000000 0.111697 0.359550 0.359550 0.359550
1671.689575 0.000000 2088.849609 0.000000 0.813077 0.000000 0.582156 0.340558 0.340558 0.340558
1669.452637 0.000000 2078.707275 0.000000 0.681333 0.000000 0.731973 0.347105 0.347105 0.347105
1697.683594 0.000000 2085.302246 0.000000 0.947918 0.000000 0.318514 0.379120 0.379120 0.379120
1713.442627 0.000000 2053.926025 0.000000 0.786838 0.000000 0.617160 0.313822 0.313822 0.313822
1718.581543 0.000000 2058.568359 0.000000 0.999998 0.000000 0.002168 0.351720 0.351720 0.351720
1686.981201 0.000000 2046.695557 0.000000 0.508767 0.000000 0.860904 0.318743 0.318743 0.318743
1700.247314 0.000000 2072.592285 0.000000 0.875017 0.000000 0.484093 0.366568 0.366568 0.366568
1710.335693 0.000000 2071.729248 0.000000 0.642060 0.000000 0.766655 0.336857 0.336857 0.336857
1719.007812 0.000000 2060.494141 0.000000 0.335493 0.000000 0.942043 0.314522 0.314522 0.314522
1698.769165 0.000000 2064.010010 0.000000 0.955815 0.000000 0.293968 0.380185 0.380185 0.380185
1678.203735 0.000000 2068.142090 0.000000 0.633693 0.000000 0.773585 0.340715 0.340715 0.340715
1704.083252 0.000000 2045.487671 0.000000 0.158705 0.000000 0.987326 0.296053 0.296053 0.296053
1716.092041 0.000000 2065.172607 0.000000 0.922470 0.000000 0.386070 0.372392 0.372392 0.372392
1682.853394 0.000000 2071.142822 0.000000 0.992018 0.000000 0.126100 0.391856 0.391856 0.391856
1668.128662 0.000000 2079.107910 0.000000 0.688156 0.000000 0.725563 0.347708 0.347708 0.347708
1693.191406 0.000000 2071.405029 0.000000 0.999798 0.000000 0.020095 0.398655 0.398655 0.398655
1668.870972 0.000000 2072.112793 0.000000 0.418976 0.000000 0.907997 0.325615 0.325615 0.325615
1688.985718 0.000000 2047.132568 0.000000 0.824950 0.000000 0.565205 0.360896 0.360896 0.360896
1677.174805 0.000000 2062.655762 0.000000 0.359871 0.000000 0.933002 0.322835 0.322835 0.322835
1682.120239 0.000000 2070.568604 0.000000 0.940048 0.000000 0.341043 0.377583 0.377583 0.377583
1674.203247 0.000000 2070.001709 0.000000 0.816837 0.000000 0.576868 0.353026 0.353026 0.353026
1713.066772 0.000000 2050.843262 0.000000 0.016159 0.000000 0.999869 0.281235 0.281235 0.281235
1679.898438 0.000000 2068.210693 0.000000 0.315086 0.000000 0.949063 0.318051 0.318051 0.318051
1682.337158 0.000000 2072.299805 0.000000 0.786489 0.000000 0.617604 0.350807 0.350807 0.350807
1675.901123 0.000000 2070.549072 0.000000 0.308553 0.000000 0.951207 0.303963 0.303963 0.303963
1677.069946 0.000000 2064.435059 0.000000 0.375408 0.000000 0.926859 0.321835 0.321835 0.321835
1677.098511 0.000000 2085.769775 0.000000 0.871401 0.000000 0.490572 0.363748 0.363748 0.363748
1673.304321 0.000000 2074.120605 0.000000 0.972409 0.000000 0.233284 0.382013 0.382013 0.382013
1680.299561 0.000000 2073.388916 0.000000 0.230800 0.000000 0.973001 0.297792 0.297792 0.297792
1684.621338 0.000000 2084.329834 0.000000 0.027173 0.000000 0.999631 0.282076 0.282076 0.282076
1680.263184 0.000000 2061.576172 0.000000 0.153748 0.000000 0.988110 0.291792 0.291792 0.291792
1677.137695 0.000000 2073.478271 0.000000 0.938826 0.000000 0.344391 0.373140 0.373140 0.373140
1677.538452 0.000000 2072.101807 0.000000 0.535615 0.000000 0.844463 0.323181 0.323181 0.323181
1674.003906 0.000000 2073.084473 0.000000 0.298928 0.000000 0.954276 0.303191 0.303191 0.303191
1698.447021 0.000000 2044.266235 0.000000 0.265043 0.000000 0.964236 0.300493 0.300493 0.300493
1677.827148 0.000000 2084.062256 0.000000 0.945765 0.000000 0.324853 0.375018 0.375018 0.375018
1678.248169 0.000000 2070.771729 0.000000 0.219105 0.000000 0.975701 0.296875 0.296875 0.296875
1697.605103 0.000000 2082.104004 0.000000 0.648571 0.000000 0.761154 0.333912 0.333912 0.333912
1697.148926 0.000000 2045.478760 0.000000 0.900405 0.000000 0.435052 0.369211 0.369211 0.369211
1681.999268 0.000000 2073.954590 0.000000 0.011879 0.000000 0.999929 0.280907 0.280907 0.280907
1694.501953 0.000000 2070.814453 0.000000 0.482560 0.000000 0.875863 0.324598 0.324598 0.324598
1701.616089 0.000000 2048.951416 0.000000 0.622301 0.000000 0.782778 0.340067 0.340067 0.340067
1706.768677 0.000000 2049.034180 0.000000 0.952757 0.000000 0.303735 0.379352 0.379352 0.379352
1673.821777 0.000000 2079.745117 0.000000 0.298821 0.000000 0.954309 0.316471 0.316471 0.316471
1681.242798 0.000000 2070.816650 0.000000 0.952410 0.000000 0.304821 0.376337 0.376337 0.376337
1692.497437 0.000000 2040.807251 0.000000 0.962813 0.000000 0.270168 0.379101 0.379101 0.379101
1697.215210 0.000000 2042.797363 0.000000 0.703948 0.000000 0.710252 0.339659 0.339659 0.339659
1669.479614 0.000000 2075.361572 0.000000 0.217128 0.000000 0.976143 0.296721 0.296721 0.296721
1676.841187 0.000000 2069.365234 0.000000 0.328937 0.000000 0.944352 0.305606 0.305606 0.305606
1696.590576 0.000000 2070.955078 0.000000 0.912579 0.000000 0.408901 0.367924 0.367924 0.367924
1677.502075 0.000000 2070.376709 0.000000 0.661125 0.000000 0.750276 0.335181 0.335181 0.335181
1709.755737 0.000000 2050.195068 0.000000 0.985452 0.000000 0.169954 0.387763 0.387763 0.387763
1682.672485 0.000000 2058.929443 0.000000 0.992374 0.000000 0.123264 0.390960 0.390960 0.390960
1689.355469 0.000000 2052.211670 0.000000 0.200451 0.000000 0.979704 0.295418 0.295418 0.295418
1682.918457 0.000000 2059.782471 0.000000 0.546895 0.000000 0.837201 0.327426 0.327426 0.327426
1683.175293 0.000000 2085.323486 0.000000 0.931880 0.000000 0.362767 0.371640 0.371640 0.371640
1674.788330 0.000000 2070.719727 0.000000 0.718097 0.000000 0.695943 0.341197 0.341197 0.341197
1697.317017 0.000000 2083.719971 0.000000 0.701592 0.000000 0.712579 0.339406 0.339406 0.339406
1686.406006 0.000000 2052.016602 0.000000 0.751432 0.000000 0.659810 0.344953 0.344953 0.344953
1690.265259 0.000000 2042.624878 0.000000 0.412735 0.000000 0.910851 0.312502 0.312502 0.312502
1696.275513 0.000000 2066.922607 0.000000 0.640514 0.000000 0.767947 0.333107 0.333107 0.333107
1686.045044 0.000000 2084.198730 0.000000 0.951894 0.000000 0.306426 0.376208 0.376208 0.376208
1687.968506 0.000000 2052.947510 0.000000 0.499189 0.000000 0.866493 0.319928 0.319928 0.319928
1690.024414 0.000000 2072.900391 0.000000 0.612165 0.000000 0.790730 0.335110 0.335110 0.335110
1716.777588 0.000000 2066.944824 0.000000 0.185490 0.000000 0.982646 0.301856 0.301856 0.301856
1685.960815 0.000000 2056.799072 0.000000 0.999986 0.000000 0.005304 0.399595 0.399595 0.399595
1678.923950 0.000000 2062.640869 0.000000 0.193909 0.000000 0.981020 0.294908 0.294908 0.294908
1704.413818 0.000000 2042.107788 0.000000 0.778884 0.000000 0.627168 0.350412 0.350412 0.350412
1696.526733 0.000000 2083.290771 0.000000 0.946245 0.000000 0.323451 0.374838 0.374838 0.374838
1701.570679 0.000000 2047.492798 0.000000 0.965144 0.000000 0.261719 0.379771 0.379771 0.379771
1687.850830 0.000000 2044.206787 0.000000 0.325103 0.000000 0.945679 0.305296 0.305296 0.305296
1712.478516 0.000000 2068.669189 0.000000 0.214242 0.000000 0.976781 0.296495 0.296495 0.296495
1713.839355 0.000000 2068.713867 0.000000 0.551306 0.000000 0.834303 0.324609 0.324609 0.324609
1675.733887 0.000000 2084.852295 0.000000 0.999894 0.000000 0.014534 0.398897 0.398897 0.398897
1687.203613 0.000000 2085.540527 0.000000 0.095897 0.000000 0.995391 0.287337 0.287337 0.287337
1687.410034 0.000000 2045.057251 0.000000 0.999660 0.000000 0.026056 0.398009 0.398009 0.398009
1712.697754 0.000000 2050.041992 0.000000 0.769061 0.000000 0.639176 0.347026 0.347026 0.347026
1696.719727 0.000000 2067.653076 0.000000 0.322817 0.000000 0.946462 0.305111 0.305111 0.305111
1785.729980 0.000000 2074.227051 0.000000 0.999682 0.000000 0.025197 0.199830 0.199830 0.199830
1787.596436 0.000000 2049.963867 0.000000 0.058675 0.000000 0.998277 0.189368 0.189368 0.189368
1772.596680 0.000000 2052.388916 0.000000 0.717272 0.000000 0.696794 0.211601 0.211601 0.211601
1777.177856 0.000000 2075.050781 0.000000 0.506207 0.000000 0.862412 0.224988 0.224988 0.224988
1789.962402 0.000000 2079.225586 0.000000 0.738142 0.000000 0.674645 0.240586 0.240586 0.240586
1776.143311 0.000000 2085.854004 0.000000 0.107764 0.000000 0.994177 0.223790 0.223790 0.223790
1785.855957 0.000000 2042.259644 0.000000 0.418771 0.000000 0.908092 0.234260 0.234260 0.234260
1780.391724 0.000000 2069.892578 0.000000 0.119512 0.000000 0.992833 0.224019 0.224019 0.224019
1784.234741 0.000000 2035.180420 0.000000 0.398181 0.000000 0.917307 0.248467 0.248467 0.248467
1787.111816 0.000000 2074.560547 0.000000 0.835366 0.000000 0.549695 0.243770 0.243770 0.243770
1790.371094 0.000000 2064.727051 0.000000 0.028082 0.000000 0.999606 0.254876 0.254876 0.254876
1777.942505 0.000000 2055.548340 0.000000 0.660702 0.000000 0.750648 0.272138 0.272138 0.272138
1787.613647 0.000000 2064.644775 0.000000 0.572307 0.000000 0.820040 0.258635 0.258635 0.258635
1787.589600 0.000000 2066.002441 0.000000 0.007714 0.000000 0.999970 0.259865 0.259865 0.259865
1772.866455 0.000000 2051.166992 0.000000 0.146918 0.000000 0.989149 0.275756 0.275756 0.275756
1778.361328 0.000000 2061.229980 0.000000 0.691855 0.000000 0.722036 0.311789 0.311789 0.311789
1787.585693 0.000000 2069.995361 0.000000 0.604322 0.000000 0.796740 0.304194 0.304194 0.304194
1787.804077 0.000000 2067.818848 0.000000 0.962429 0.000000 0.271532 0.305173 0.305173 0.305173
1785.582520 0.000000 2089.574219 0.000000 0.626134 0.000000 0.779715 0.311774 0.311774 0.311774
1774.998413 0.000000 2061.541260 0.000000 0.510720 0.000000 0.859747 0.295425 0.295425 0.295425
1775.470703 0.000000 2060.290283 0.000000 0.382359 0.000000 0.924014 0.289305 0.289305 0.289305
1775.867065 0.000000 2049.524170 0.000000 0.042616 0.000000 0.999092 0.281794 0.281794 0.281794
1782.925537 0.000000 2039.474487 0.000000 0.532202 0.000000 0.846617 0.307063 0.307063 0.307063
1780.625000 0.000000 2044.775146 0.000000 0.464680 0.000000 0.885479 0.301194 0.301194 0.301194
1783.991699 0.000000 2039.450073 0.000000 0.158678 0.000000 0.987330 0.287910 0.287910 0.287910
1782.999268 0.000000 2049.346924 0.000000 0.691142 0.000000 0.722718 0.337621 0.337621 0.337621
1788.818848 0.000000 2071.607666 0.000000 0.721278 0.000000 0.692645 0.319549 0.319549 0.319549
1781.236328 0.000000 2057.318115 0.000000 0.999308 0.000000 0.037206 0.397575 0.397575 0.397575
1789.517212 0.000000 2065.172607 0.000000 0.355562 0.000000 0.934653 0.320731 0.320731 0.320731
1778.397217 0.000000 2059.427979 0.000000 0.998827 0.000000 0.048423 0.396590 0.396590 0.396590
1786.434082 0.000000 2086.203369 0.000000 0.994410 0.000000 0.105588 0.382506 0.382506 0.382506
1777.066772 0.000000 2050.843262 0.000000 0.943205 0.000000 0.332212 0.374129 0.374129 0.374129
1781.169067 0.000000 2038.666016 0.000000 0.590515 0.000000 0.807027 0.338775 0.338775 0.338775
1778.914062 0.000000 2058.073975 0.000000 0.297247 0.000000 0.954801 0.310660 0.310660 0.310660
1780.922119 0.000000 2051.739746 0.000000 0.614651 0.000000 0.788799 0.330569 0.330569 0.330569
1779.121460 0.000000 2053.654297 0.000000 0.172991 0.000000 0.984923 0.293282 0.293282 0.293282
1780.102783 0.000000 2055.094971 0.000000 0.506917 0.000000 0.861995 0.320612 0.320612 0.320612
1785.017578 0.000000 2044.060425 0.000000 0.035532 0.000000 0.999369 0.282715 0.282715 0.282715
1791.599731 0.000000 2061.739990 0.000000 0.166985 0.000000 0.985959 0.292817 0.292817 0.292817
1781.462036 0.000000 2049.045410 0.000000 0.793014 0.000000 0.609203 0.349957 0.349957 0.349957
1782.682007 0.000000 2045.560425 0.000000 0.853113 0.000000 0.521726 0.358069 0.358069 0.358069
1783.274292 0.000000 2046.270264 0.000000 0.810578 0.000000 0.585631 0.352203 0.352203 0.352203
1777.437866 0.000000 2052.008057 0.000000 0.946538 0.000000 0.322591 0.374907 0.374907 0.374907
1782.417114 0.000000 2042.750366 0.000000 0.281442 0.000000 0.959578 0.306930 0.306930 0.306930
1784.336182 0.000000 2045.555298 0.000000 0.986887 0.000000 0.161416 0.387615 0.387615 0.387615
1778.665161 0.000000 2055.102295 0.000000 0.999974 0.000000 0.007191 0.399469 0.399469 0.399469
1781.019531 0.000000 2053.142090 0.000000 0.998540 0.000000 0.054018 0.395871 0.395871 0.395871
1779.839722 0.000000 2049.395996 0.000000 0.257193 0.000000 0.966360 0.299871 0.299871 0.299871
1785.483276 0.000000 2045.465210 0.000000 0.969419 0.000000 0.245413 0.381058 0.381058 0.381058
1668.206177 0.000000 2092.176758 0.000000 0.437694 0.000000 0.899124 0.202518 0.202518 0.202518
1676.231934 0.000000 2092.758301 0.000000 0.941830 0.000000 0.336089 0.230902 0.230902 0.230902
1674.685181 0.000000 2091.885254 0.000000 0.696302 0.000000 0.717749 0.234754 0.234754 0.234754
1674.945435 0.000000 2090.068115 0.000000 0.896604 0.000000 0.442834 0.241203 0.241203 0.241203
1664.049316 0.000000 2120.620117 0.000000 0.701601 0.000000 0.712570 0.245052 0.245052 0.245052
1676.093750 0.000000 2098.009521 0.000000 0.308497 0.000000 0.951225 0.262642 0.262642 0.262642
1673.788452 0.000000 2109.322754 0.000000 0.376722 0.000000 0.926326 0.258061 0.258061 0.258061
1666.951050 0.000000 2112.022705 0.000000 0.916693 0.000000 0.399591 0.303349 0.303349 0.303349
1672.640381 0.000000 2113.021484 0.000000 0.990779 0.000000 0.135487 0.321898 0.321898 0.321898
1672.004517 0.000000 2101.746094 0.000000 0.637645 0.000000 0.770331 0.298792 0.298792 0.298792
1665.886230 0.000000 2102.043945 0.000000 0.876832 0.000000 0.480797 0.326599 0.326599 0.326599
1687.498779 0.000000 2099.930176 0.000000 0.884250 0.000000 0.467015 0.338584 0.338584 0.338584
1673.798462 0.000000 2101.150391 0.000000 0.761845 0.000000 0.647759 0.305989 0.305989 0.305989
1687.302979 0.000000 2098.281494 0.000000 0.899674 0.000000 0.436563 0.340301 0.340301 0.340301
1674.828125 0.000000 2096.408936 0.000000 0.490482 0.000000 0.871451 0.330787 0.330787 0.330787
1669.407837 0.000000 2091.664551 0.000000 0.059015 0.000000 0.998257 0.296966 0.296966 0.296966
1664.727051 0.000000 2115.403320 0.000000 0.828082 0.000000 0.560607 0.360628 0.360628 0.360628
1666.064453 0.000000 2121.141357 0.000000 0.986378 0.000000 0.164493 0.387376 0.387376 0.387376
1689.222534 0.000000 2098.154541 0.000000 0.974008 0.000000 0.226515 0.382544 0.382544 0.382544
1674.084351 0.000000 2096.985596 0.000000 0.817167 0.000000 0.576401 0.359818 0.359818 0.359818
1677.568726 0.000000 2097.990723 0.000000 0.972586 0.000000 0.232542 0.383301 0.383301 0.383301
1668.447144 0.000000 2103.267822 0.000000 0.165289 0.000000 0.986245 0.302561 0.302561 0.302561
1664.269775 0.000000 2108.515869 0.000000 0.865300 0.000000 0.501255 0.360807 0.360807 0.360807
1669.675293 0.000000 2117.394043 0.000000 0.947795 0.000000 0.318882 0.375206 0.375206 0.375206
1680.263184 0.000000 2118.060547 0.000000 0.738615 0.000000 0.674128 0.346440 0.346440 0.346440
1666.940552 0.000000 2108.886963 0.000000 0.418583 0.000000 0.908179 0.316121 0.316121 0.316121
1672.050659 0.000000 2116.026367 0.000000 0.992462 0.000000 0.122553 0.390614 0.390614 0.390614
1688.494385 0.000000 2097.498291 0.000000 0.894350 0.000000 0.447367 0.364567 0.364567 0.364567
1665.410889 0.000000 2091.158447 0.000000 0.434655 0.000000 0.900597 0.323028 0.323028 0.323028
1681.827881 0.000000 2118.954834 0.000000 0.978406 0.000000 0.206691 0.384927 0.384927 0.384927
1667.853271 0.000000 2121.809570 0.000000 0.865095 0.000000 0.501607 0.359858 0.359858 0.359858
1665.715942 0.000000 2104.412109 0.000000 0.700670 0.000000 0.713486 0.339308 0.339308 0.339308
1670.064453 0.000000 2090.512695 0.000000 0.680474 0.000000 0.732772 0.337174 0.337174 0.337174
1666.236328 0.000000 2108.471191 0.000000 0.027086 0.000000 0.999633 0.286309 0.286309 0.286309
1667.656738 0.000000 2116.189941 0.000000 0.006375 0.000000 0.999980 0.280487 0.280487 0.280487
1689.974121 0.000000 2096.637939 0.000000 0.308161 0.000000 0.951334 0.303931 0.303931 0.303931
1688.544434 0.000000 2094.447266 0.000000 0.877584 0.000000 0.479424 0.361803 0.361803 0.361803
1664.225098 0.000000 2095.181885 0.000000 0.755634 0.000000 0.654994 0.345441 0.345441 0.345441
1669.549072 0.000000 2121.441406 0.000000 0.998960 0.000000 0.045586 0.396516 0.396516 0.396516
1771.936890 0.000000 2146.349365 0.000000 0.733481 0.000000 0.679710 0.215773 0.215773 0.215773
1782.278564 0.000000 2089.953857 0.000000 0.781437 0.000000 0.623984 0.215833 0.215833 0.215833
1768.504761 0.000000 2133.315430 0.000000 0.957455 0.000000 0.288583 0.225369 0.225369 0.225369
1772.260864 0.000000 2130.855225 0.000000 0.945084 0.000000 0.326828 0.244618 0.244618 0.244618
1781.732422 0.000000 2145.484131 0.000000 0.954833 0.000000 0.297143 0.252536 0.252536 0.252536
1791.012207 0.000000 2119.104004 0.000000 0.186073 0.000000 0.982536 0.276090 0.276090 0.276090
1791.786377 0.000000 2117.381592 0.000000 0.995392 0.000000 0.095891 0.319091 0.319091 0.319091
1767.593750 0.000000 2139.257812 0.000000 0.287567 0.000000 0.957761 0.278919 0.278919 0.278919
1775.026245 0.000000 2136.521973 0.000000 0.621735 0.000000 0.783228 0.330032 0.330032 0.330032
1770.775757 0.000000 2134.041992 0.000000 0.073348 0.000000 0.997306 0.302250 0.302250 0.302250
1773.949829 0.000000 2094.988037 0.000000 0.082159 0.000000 0.996619 0.295676 0.295676 0.295676
1762.693237 0.000000 2097.983643 0.000000 0.321994 0.000000 0.946742 0.310615 0.310615 0.310615
1772.436035 0.000000 2092.411621 0.000000 0.810907 0.000000 0.585176 0.355992 0.355992 0.355992
1773.917847 0.000000 2093.293701 0.000000 0.850286 0.000000 0.526322 0.360978 0.360978 0.360978
1764.292847 0.000000 2098.997559 0.000000 0.990247 0.000000 0.139325 0.349588 0.349588 0.349588
1774.059937 0.000000 2091.771240 0.000000 0.986785 0.000000 0.162036 0.368577 0.368577 0.368577
1770.983765 0.000000 2132.813965 0.000000 0.496215 0.000000 0.868200 0.323604 0.323604 0.323604
1774.536987 0.000000 2137.391846 0.000000 0.934221 0.000000 0.356694 0.360313 0.360313 0.360313
1773.703125 0.000000 2132.945068 0.000000 0.678093 0.000000 0.734976 0.341265 0.341265 0.341265
1770.678101 0.000000 2096.589844 0.000000 0.428078 0.000000 0.903742 0.313794 0.313794 0.313794
1773.929565 0.000000 2139.302246 0.000000 0.775474 0.000000 0.631380 0.347797 0.347797 0.347797
1755.921387 0.000000 2125.991211 0.000000 0.925458 0.000000 0.378849 0.370317 0.370317 0.370317
1770.480469 0.000000 2135.381592 0.000000 0.040511 0.000000 0.999179 0.300225 0.300225 0.300225
1767.727661 0.000000 2096.019043 0.000000 0.438154 0.000000 0.898900 0.328595 0.328595 0.328595
1764.975220 0.000000 2097.703613 0.000000 0.792146 0.000000 0.610332 0.353618 0.353618 0.353618
1770.915527 0.000000 2141.560547 0.000000 0.974007 0.000000 0.226518 0.382544 0.382544 0.382544
1770.121460 0.000000 2140.220215 0.000000 0.789860 0.000000 0.613288 0.349563 0.349563 0.349563
1791.631348 0.000000 2128.501465 0.000000 0.336258 0.000000 0.941770 0.310490 0.310490 0.310490
1772.091431 0.000000 2135.351807 0.000000 0.973674 0.000000 0.227943 0.382432 0.382432 0.382432
1782.583496 0.000000 2145.664062 0.000000 0.999662 0.000000 0.026008 0.398130 0.398130 0.398130
1768.701050 0.000000 2144.909668 0.000000 0.993143 0.000000 0.116903 0.391049 0.391049 0.391049
1769.322021 0.000000 2094.069824 0.000000 0.226266 0.000000 0.974065 0.301123 0.301123 0.301123
1768.597534 0.000000 2140.895508 0.000000 0.842319 0.000000 0.538979 0.356514 0.356514 0.356514
1773.515015 0.000000 2134.365234 0.000000 0.982590 0.000000 0.185786 0.385724 0.385724 0.385724
1757.012451 0.000000 2126.532227 0.000000 0.075202 0.000000 0.997168 0.285750 0.285750 0.285750
1761.225708 0.000000 2132.899902 0.000000 0.914788 0.000000 0.403934 0.368234 0.368234 0.368234
1770.681519 0.000000 2143.160889 0.000000 0.388664 0.000000 0.921380 0.310495 0.310495 0.310495
1772.954956 0.000000 2140.571289 0.000000 0.998609 0.000000 0.052724 0.395970 0.395970 0.395970
1770.541382 0.000000 2137.187988 0.000000 0.874574 0.000000 0.484892 0.361326 0.361326 0.361326
1755.468262 0.000000 2126.838867 0.000000 0.935237 0.000000 0.354022 0.372355 0.372355 0.372355
1581.862305 0.000000 2198.784424 0.000000 0.123774 0.000000 0.992310 0.269134 0.269134 0.269134
1580.171021 0.000000 2201.670166 0.000000 0.934938 0.000000 0.354810 0.308101 0.308101 0.308101
1596.996460 0.000000 2182.780518 0.000000 0.465511 0.000000 0.885042 0.287269 0.287269 0.287269
1583.026245 0.000000 2193.006348 0.000000 0.173899 0.000000 0.984764 0.300838 0.300838 0.300838
1599.949707 0.000000 2187.545166 0.000000 0.258711 0.000000 0.965955 0.311757 0.311757 0.311757
1582.279663 0.000000 2192.339600 0.000000 0.982866 0.000000 0.184321 0.368370 0.368370 0.368370
1598.705200 0.000000 2180.634766 0.000000 0.315555 0.000000 0.948907 0.316694 0.316694 0.316694
1597.086182 0.000000 2199.062500 0.000000 0.566667 0.000000 0.823947 0.333035 0.333035 0.333035
1599.230713 0.000000 2195.783936 0.000000 0.996333 0.000000 0.085557 0.389126 0.389126 0.389126
1582.536987 0.000000 2193.876221 0.000000 0.995301 0.000000 0.096828 0.373302 0.373302 0.373302
1586.565186 0.000000 2190.357422 0.000000 0.142412 0.000000 0.989807 0.294125 0.294125 0.294125
1579.401855 0.000000 2200.996826 0.000000 0.974199 0.000000 0.225690 0.382609 0.382609 0.382609
1586.939453 0.000000 2191.612793 0.000000 0.999899 0.000000 0.014241 0.398944 0.398944 0.398944
1597.879883 0.000000 2198.592773 0.000000 0.976380 0.000000 0.216060 0.384940 0.384940 0.384940
1598.230469 0.000000 2181.337402 0.000000 0.989224 0.000000 0.146411 0.390205 0.390205 0.390205
1599.499878 0.000000 2183.705566 0.000000 0.580150 0.000000 0.814510 0.327281 0.327281 0.327281
1583.752441 0.000000 2199.623291 0.000000 0.836942 0.000000 0.547292 0.355758 0.355758 0.355758
1599.654053 0.000000 2182.412598 0.000000 0.515032 0.000000 0.857171 0.321333 0.321333 0.321333
1585.265381 0.000000 2186.970459 0.000000 0.434553 0.000000 0.900646 0.320781 0.320781 0.320781
1576.701050 0.000000 2201.394043 0.000000 0.983247 0.000000 0.182277 0.385997 0.385997 0.385997
1585.182129 0.000000 2193.849609 0.000000 0.960863 0.000000 0.277023 0.378557 0.378557 0.378557
1599.365234 0.000000 2197.669434 0.000000 0.914007 0.000000 0.405699 0.368087 0.368087 0.368087
1596.648560 0.000000 2194.056641 0.000000 0.235324 0.000000 0.971917 0.298148 0.298148 0.298148
1598.500732 0.000000 2185.139648 0.000000 0.683102 0.000000 0.730323 0.337449 0.337449 0.337449
1582.158325 0.000000 2199.558594 0.000000 0.115385 0.000000 0.993321 0.288834 0.288834 0.288834
1607.651001 0.000000 2163.893555 0.000000 0.861440 0.000000 0.507859 0.196210 0.196210 0.196210
1610.748779 0.000000 2188.599121 0.000000 0.146026 0.000000 0.989281 0.187911 0.187911 0.187911
1650.542358 0.000000 2152.204834 0.000000 0.999163 0.000000 0.040908 0.204618 0.204618 0.204618
1646.914917 0.000000 2155.491943 0.000000 0.876130 0.000000 0.482075 0.210068 0.210068 0.210068
1630.604736 0.000000 2179.686523 0.000000 0.639168 0.000000 0.769067 0.227826 0.227826 0.227826
1638.213745 0.000000 2156.419434 0.000000 0.982457 0.000000 0.186489 0.246320 0.246320 0.246320
1603.459351 0.000000 2182.922607 0.000000 0.334775 0.000000 0.942298 0.220846 0.220846 0.220846
1641.112671 0.000000 2156.843994 0.000000 0.653697 0.000000 0.756756 0.235489 0.235489 0.235489
1622.662964 0.000000 2181.297607 0.000000 0.811095 0.000000 0.584914 0.245804 0.245804 0.245804
1627.908447 0.000000 2151.909912 0.000000 0.845085 0.000000 0.534632 0.251951 0.251951 0.251951
1614.588013 0.000000 2154.175049 0.000000 0.527132 0.000000 0.849783 0.241108 0.241108 0.241108
1617.384644 0.000000 2177.611572 0.000000 0.942769 0.000000 0.333447 0.273367 0.273367 0.273367
1646.835327 0.000000 2150.456787 0.000000 0.802294 0.000000 0.596929 0.248368 0.248368 0.248368
1601.161133 0.000000 2185.686279 0.000000 0.916618 0.000000 0.399764 0.296423 0.296423 0.296423
1617.638672 0.000000 2171.407959 0.000000 0.001777 0.000000 0.999998 0.238142 0.238142 0.238142
1621.697998 0.000000 2167.888672 0.000000 0.016688 0.000000 0.999861 0.253223 0.253223 0.253223
1615.969604 0.000000 2163.810303 0.000000 0.962079 0.000000 0.272772 0.298932 0.298932 0.298932
1613.854248 0.000000 2158.773682 0.000000 0.484333 0.000000 0.874884 0.261524 0.261524 0.261524
1620.287598 0.000000 2167.071045 0.000000 0.999819 0.000000 0.019037 0.301917 0.301917 0.301917
1617.984375 0.000000 2156.039795 0.000000 0.897812 0.000000 0.440378 0.317192 0.317192 0.317192
1630.290405 0.000000 2156.977051 0.000000 0.880441 0.000000 0.474155 0.313716 0.313716 0.313716
1612.208374 0.000000 2200.507080 0.000000 0.026687 0.000000 0.999644 0.276586 0.276586 0.276586
1603.816528 0.000000 2181.836914 0.000000 0.046965 0.000000 0.998897 0.276337 0.276337 0.276337
1605.303467 0.000000 2178.687744 0.000000 0.290599 0.000000 0.956845 0.290462 0.290462 0.290462
1610.871216 0.000000 2181.680664 0.000000 0.124120 0.000000 0.992267 0.260003 0.260003 0.260003
1612.386230 0.000000 2162.091553 0.000000 0.842583 0.000000 0.538567 0.330798 0.330798 0.330798
1605.003906 0.000000 2179.844971 0.000000 0.243479 0.000000 0.969906 0.288239 0.288239 0.288239
1618.524292 0.000000 2188.324463 0.000000 0.905813 0.000000 0.423677 0.333372 0.333372 0.333372
1622.499634 0.000000 2162.710205 0.000000 0.198875 0.000000 0.980025 0.298217 0.298217 0.298217
1613.927856 0.000000 2198.998535 0.000000 0.326502 0.000000 0.945197 0.299445 0.299445 0.299445
1648.014771 0.000000 2150.315186 0.000000 0.948196 0.000000 0.317687 0.347760 0.347760 0.347760
1631.077515 0.000000 2160.700684 0.000000 0.227213 0.000000 0.973845 0.297360 0.297360 0.297360
1623.721191 0.000000 2176.929688 0.000000 0.831625 0.000000 0.555338 0.348517 0.348517 0.348517
1636.266113 0.000000 2160.517578 0.000000 0.152200 0.000000 0.988350 0.282791 0.282791 0.282791
1626.669189 0.000000 2169.423096 0.000000 0.841519 0.000000 0.540227 0.321605 0.321605 0.321605
1621.633057 0.000000 2176.575928 0.000000 0.445775 0.000000 0.895145 0.294456 0.294456 0.294456
1623.253296 0.000000 2163.390137 0.000000 0.307464 0.000000 0.951560 0.304171 0.304171 0.304171
1638.861572 0.000000 2155.621094 0.000000 0.373847 0.000000 0.927490 0.288914 0.288914 0.288914
1627.333862 0.000000 2147.212646 0.000000 0.903543 0.000000 0.428498 0.368080 0.368080 0.368080
1613.913208 0.000000 2162.879639 0.000000 0.822393 0.000000 0.568920 0.329020 0.329020 0.329020
1629.345093 0.000000 2155.367676 0.000000 0.545645 0.000000 0.838016 0.335751 0.335751 0.335751
1607.159424 0.000000 2179.055176 0.000000 0.308481 0.000000 0.951230 0.315249 0.315249 0.315249
1625.633545 0.000000 2177.576904 0.000000 0.087612 0.000000 0.996155 0.301129 0.301129 0.301129
1617.425049 0.000000 2160.549561 0.000000 0.948875 0.000000 0.315653 0.362779 0.362779 0.362779
1626.852661 0.000000 2181.688477 0.000000 0.506381 0.000000 0.862310 0.330429 0.330429 0.330429
1654.398193 0.000000 2147.596436 0.000000 0.955883 0.000000 0.293747 0.380126 0.380126 0.380126
1623.303101 0.000000 2177.749512 0.000000 0.467573 0.000000 0.883955 0.320278 0.320278 0.320278
1615.771362 0.000000 2200.693848 0.000000 0.015986 0.000000 0.999872 0.295881 0.295881 0.295881
1641.519897 0.000000 2152.833740 0.000000 0.988568 0.000000 0.150778 0.390251 0.390251 0.390251
1619.207031 0.000000 2153.795410 0.000000 0.317762 0.000000 0.948171 0.315838 0.315838 0.315838
1624.219116 0.000000 2179.336182 0.000000 0.807524 0.000000 0.589835 0.351806 0.351806 0.351806
1635.322021 0.000000 2166.083984 0.000000 0.639775 0.000000 0.768562 0.333033 0.333033 0.333033
1602.064453 0.000000 2177.625732 0.000000 0.160296 0.000000 0.987069 0.292299 0.292299 0.292299
1625.222534 0.000000 2154.638916 0.000000 0.439517 0.000000 0.898234 0.314764 0.314764 0.314764
1629.713501 0.000000 2179.894287 0.000000 0.560478 0.000000 0.828169 0.325452 0.325452 0.325452
1616.750732 0.000000 2155.088379 0.000000 0.906313 0.000000 0.422608 0.371787 0.371787 0.371787
1625.389282 0.000000 2166.439941 0.000000 0.990267 0.000000 0.139179 0.389333 0.389333 0.389333
1628.703613 0.000000 2181.469727 0.000000 0.325278 0.000000 0.945618 0.318120 0.318120 0.318120
1607.970825 0.000000 2175.951416 0.000000 0.753766 0.000000 0.657143 0.352742 0.352742 0.352742
1635.969482 0.000000 2167.428955 0.000000 0.078441 0.000000 0.996919 0.285999 0.285999 0.285999
1652.948730 0.000000 2148.442383 0.000000 0.705628 0.000000 0.708583 0.339840 0.339840 0.339840
1618.355957 0.000000 2179.810791 0.000000 0.999933 0.000000 0.011616 0.399113 0.399113 0.399113
1607.893677 0.000000 2184.467773 0.000000 0.712455 0.000000 0.701718 0.341745 0.341745 0.341745
1636.469238 0.000000 2169.571289 0.000000 0.467592 0.000000 0.883944 0.317171 0.317171 0.317171
1600.859619 0.000000 2183.728027 0.000000 0.706179 0.000000 0.708033 0.339900 0.339900 0.339900
1607.188843 0.000000 2174.740967 0.000000 0.770094 0.000000 0.637931 0.354404 0.354404 0.354404
1635.143555 0.000000 2162.823242 0.000000 0.999906 0.000000 0.013687 0.398954 0.398954 0.398954
1630.120728 0.000000 2162.199463 0.000000 0.852390 0.000000 0.522907 0.357963 0.357963 0.357963
1606.354370 0.000000 2175.457520 0.000000 0.997997 0.000000 0.063267 0.395827 0.395827 0.395827
1607.034790 0.000000 2193.339600 0.000000 0.948266 0.000000 0.317478 0.376449 0.376449 0.376449
1608.007812 0.000000 2180.563965 0.000000 0.642902 0.000000 0.765948 0.336177 0.336177 0.336177
1608.088745 0.000000 2187.522949 0.000000 0.978634 0.000000 0.205612 0.384180 0.384180 0.384180
1609.044556 0.000000 2181.783203 0.000000 0.165441 0.000000 0.986220 0.297256 0.297256 0.297256
1640.332397 0.000000 2164.297852 0.000000 0.363659 0.000000 0.931532 0.308433 0.308433 0.308433
1622.760132 0.000000 2169.829834 0.000000 0.810197 0.000000 0.586158 0.355281 0.355281 0.355281
1621.379639 0.000000 2179.629150 0.000000 0.687272 0.000000 0.726400 0.343976 0.343976 0.343976
1606.533203 0.000000 2187.555908 0.000000 0.221264 0.000000 0.975214 0.299736 0.299736 0.299736
1616.693237 0.000000 2163.305420 0.000000 0.383145 0.000000 0.923688 0.310038 0.310038 0.310038
1628.137207 0.000000 2157.975342 0.000000 0.394489 0.000000 0.918901 0.310979 0.310979 0.310979
1619.725830 0.000000 2178.087402 0.000000 0.816890 0.000000 0.576793 0.353033 0.353033 0.353033
1624.855713 0.000000 2147.496582 0.000000 0.146392 0.000000 0.989227 0.291224 0.291224 0.291224
1622.406006 0.000000 2164.985352 0.000000 0.694080 0.000000 0.719898 0.338605 0.338605 0.338605
1600.740479 0.000000 2181.542969 0.000000 0.733089 0.000000 0.680133 0.342861 0.342861 0.342861
1626.265259 0.000000 2155.593506 0.000000 0.738229 0.000000 0.674551 0.343441 0.343441 0.343441
1608.068848 0.000000 2178.949463 0.000000 0.450334 0.000000 0.892860 0.315687 0.315687 0.315687
1619.886597 0.000000 2179.829102 0.000000 0.112231 0.000000 0.993682 0.288592 0.288592 0.288592
1607.230591 0.000000 2195.800049 0.000000 0.117751 0.000000 0.993043 0.295908 0.295908 0.295908
1619.200073 0.000000 2162.477051 0.000000 0.760628 0.000000 0.649188 0.346555 0.346555 0.346555
1632.933594 0.000000 2163.184570 0.000000 0.964119 0.000000 0.265469 0.379474 0.379474 0.379474
1635.894531 0.000000 2163.133789 0.000000 0.997506 0.000000 0.070585 0.394603 0.394603 0.394603
1634.706665 0.000000 2167.846924 0.000000 0.872842 0.000000 0.488002 0.361054 0.361054 0.361054
1641.166992 0.000000 2164.173096 0.000000 0.268610 0.000000 0.963249 0.300775 0.300775 0.300775
1616.094971 0.000000 2167.757080 0.000000 0.677019 0.000000 0.735966 0.336815 0.336815 0.336815
1608.448242 0.000000 2185.171143 0.000000 0.963364 0.000000 0.268196 0.379257 0.379257 0.379257
1578.687134 0.000000 2207.886230 0.000000 0.904873 0.000000 0.425681 0.323662 0.323662 0.323662
1580.436035 0.000000 2205.380371 0.000000 0.725911 0.000000 0.687789 0.339659 0.339659 0.339659
1570.382324 0.000000 2205.602051 0.000000 0.467721 0.000000 0.883876 0.325685 0.325685 0.325685
1573.010986 0.000000 2202.910156 0.000000 0.410258 0.000000 0.911970 0.312295 0.312295 0.312295
1576.075684 0.000000 2203.711182 0.000000 0.037250 0.000000 0.999306 0.282846 0.282846 0.282846
1607.321777 0.000000 2204.321045 0.000000 0.098900 0.000000 0.995097 0.305815 0.305815 0.305815
1606.877808 0.000000 2206.748291 0.000000 0.133549 0.000000 0.991042 0.283148 0.283148 0.283148
1601.979248 0.000000 2205.687012 0.000000 0.735769 0.000000 0.677233 0.348921 0.348921 0.348921
1608.554199 0.000000 2207.715820 0.000000 0.364348 0.000000 0.931263 0.314172 0.314172 0.314172
1610.256836 0.000000 2204.032471 0.000000 0.395468 0.000000 0.918480 0.311060 0.311060 0.311060
1608.933594 0.000000 2206.936523 0.000000 0.889407 0.000000 0.457116 0.365984 0.365984 0.365984
1600.187256 0.000000 2205.548096 0.000000 0.195074 0.000000 0.980788 0.305636 0.305636 0.305636
1778.542358 0.000000 2152.204834 0.000000 0.666673 0.000000 0.745350 0.194391 0.194391 0.194391
1787.279419 0.000000 2171.607666 0.000000 0.005660 0.000000 0.999984 0.189648 0.189648 0.189648
1764.142212 0.000000 2146.501465 0.000000 0.897448 0.000000 0.441121 0.196157 0.196157 0.196157
1790.677124 0.000000 2148.952393 0.000000 0.131847 0.000000 0.991270 0.198578 0.198578 0.198578
1779.339844 0.000000 2181.695557 0.000000 0.947558 0.000000 0.319584 0.206966 0.206966 0.206966
1763.859863 0.000000 2152.088623 0.000000 0.909629 0.000000 0.415421 0.225421 0.225421 0.225421
1791.180664 0.000000 2152.507568 0.000000 0.993300 0.000000 0.115564 0.231267 0.231267 0.231267
1767.927368 0.000000 2159.580322 0.000000 0.396499 0.000000 0.918035 0.241969 0.241969 0.241969
1790.787476 0.000000 2165.090332 0.000000 0.986506 0.000000 0.163728 0.259711 0.259711 0.259711
1777.631836 0.000000 2157.584961 0.000000 0.339226 0.000000 0.940705 0.275378 0.275378 0.275378
1787.085327 0.000000 2156.923340 0.000000 0.954617 0.000000 0.297837 0.290871 0.290871 0.290871
1779.404297 0.000000 2155.928711 0.000000 0.610558 0.000000 0.791971 0.303750 0.303750 0.303750
1787.732178 0.000000 2169.108398 0.000000 0.226821 0.000000 0.973936 0.289975 0.289975 0.289975
1781.138062 0.000000 2152.719238 0.000000 0.538038 0.000000 0.842921 0.273149 0.273149 0.273149
1788.369019 0.000000 2148.092773 0.000000 0.241205 0.000000 0.970474 0.296267 0.296267 0.296267
1783.991699 0.000000 2152.418701 0.000000 0.881809 0.000000 0.471607 0.367018 0.367018 0.367018
1786.035645 0.000000 2169.986572 0.000000 0.283971 0.000000 0.958833 0.292749 0.292749 0.292749
1785.221436 0.000000 2169.234375 0.000000 0.590620 0.000000 0.806950 0.331506 0.331506 0.331506
1779.975708 0.000000 2166.349854 0.000000 0.349750 0.000000 0.936843 0.314165 0.314165 0.314165
1789.539185 0.000000 2164.615479 0.000000 0.770816 0.000000 0.637057 0.356030 0.356030 0.356030
1782.398193 0.000000 2147.596436 0.000000 0.851591 0.000000 0.524207 0.361015 0.361015 0.361015
1765.422485 0.000000 2155.909668 0.000000 0.115964 0.000000 0.993253 0.288879 0.288879 0.288879
1766.521240 0.000000 2153.739014 0.000000 0.992776 0.000000 0.119983 0.390812 0.390812 0.390812
1777.905762 0.000000 2177.967285 0.000000 0.494235 0.000000 0.869328 0.319492 0.319492 0.319492
1783.269409 0.000000 2177.847656 0.000000 0.188877 0.000000 0.982001 0.311034 0.311034 0.311034
1781.407593 0.000000 2173.892334 0.000000 0.911978 0.000000 0.410238 0.367707 0.367707 0.367707
1767.591187 0.000000 2155.117920 0.000000 0.393059 0.000000 0.919513 0.310860 0.310860 0.310860
1765.566650 0.000000 2157.029053 0.000000 0.662317 0.000000 0.749223 0.335302 0.335302 0.335302
1778.651855 0.000000 2169.109131 0.000000 0.806726 0.000000 0.590926 0.351703 0.351703 0.351703
1784.883545 0.000000 2167.539062 0.000000 0.983044 0.000000 0.183372 0.385912 0.385912 0.385912
1766.047485 0.000000 2155.260742 0.000000 0.216956 0.000000 0.976181 0.296707 0.296707 0.296707
1778.718018 0.000000 2174.975342 0.000000 0.089203 0.000000 0.996013 0.286824 0.286824 0.286824
1766.732422 0.000000 2149.814453 0.000000 0.897844 0.000000 0.440313 0.365168 0.365168 0.365168
1767.727661 0.000000 2152.503418 0.000000 0.173557 0.000000 0.984824 0.293326 0.293326 0.293326
1765.176270 0.000000 2150.047363 0.000000 0.792242 0.000000 0.610207 0.349861 0.349861 0.349861
1781.960815 0.000000 2174.974121 0.000000 0.033696 0.000000 0.999432 0.282575 0.282575 0.282575
1786.445068 0.000000 2148.910400 0.000000 0.991362 0.000000 0.131154 0.389952 0.389952 0.389952
1769.614258 0.000000 2149.278564 0.000000 0.963725 0.000000 0.266896 0.380305 0.380305 0.380305
1764.975220 0.000000 2154.187988 0.000000 0.345416 0.000000 0.938450 0.306943 0.306943 0.306943
1763.750610 0.000000 2156.125000 0.000000 0.901011 0.000000 0.433796 0.365722 0.365722 0.365722
1764.431274 0.000000 2158.188477 0.000000 0.910713 0.000000 0.413040 0.367472 0.367472 0.367472
1768.486694 0.000000 2148.088379 0.000000 0.531253 0.000000 0.847213 0.326320 0.326320 0.326320
1764.307617 0.000000 2152.921387 0.000000 0.798602 0.000000 0.601860 0.350662 0.350662 0.350662
1786.480347 0.000000 2150.437256 0.000000 0.102865 0.000000 0.994695 0.287872 0.287872 0.287872
1765.858887 0.000000 2154.422363 0.000000 0.922464 0.000000 0.386083 0.369719 0.369719 0.369719
1776.319214 0.000000 2179.158936 0.000000 0.116320 0.000000 0.993212 0.288906 0.288906 0.288906
1791.339111 0.000000 2167.441895 0.000000 0.366506 0.000000 0.930416 0.308667 0.308667 0.308667
1788.535278 0.000000 2167.620117 0.000000 0.367077 0.000000 0.930191 0.308714 0.308714 0.308714
1782.760986 0.000000 2167.574951 0.000000 0.991510 0.000000 0.130029 0.390038 0.390038 0.390038
1768.075684 0.000000 2147.226807 0.000000 0.551237 0.000000 0.834349 0.324603 0.324603 0.324603
1766.971802 0.000000 2152.297119 0.000000 0.372533 0.000000 0.928019 0.309163 0.309163 0.309163
1777.490845 0.000000 2176.966309 0.000000 0.618842 0.000000 0.785515 0.330976 0.330976 0.330976
1767.386597 0.000000 2149.236572 0.000000 0.719249 0.000000 0.694753 0.341323 0.341323 0.341323
1779.507324 0.000000 2175.196045 0.000000 0.707137 0.000000 0.707077 0.340003 0.340003 0.340003
1780.194824 0.000000 2174.834229 0.000000 0.704759 0.000000 0.709447 0.339747 0.339747 0.339747
1790.121826 0.000000 2167.274414 0.000000 0.871868 0.000000 0.489742 0.360902 0.360902 0.360902
1798.297607 0.000000 2034.785645 0.000000 0.982156 0.000000 0.188067 0.198205 0.198205 0.198205
1847.370483 0.000000 2067.093018 0.000000 0.185367 0.000000 0.982669 0.189826 0.189826 0.189826
1815.550293 0.000000 2075.226562 0.000000 0.839235 0.000000 0.543769 0.207171 0.207171 0.207171
1811.281494 0.000000 2089.092041 0.000000 0.733293 0.000000 0.679913 0.206091 0.206091 0.206091
1796.206177 0.000000 2035.692383 0.000000 0.924189 0.000000 0.381936 0.214559 0.214559 0.214559
1804.277832 0.000000 2088.693848 0.000000 0.068530 0.000000 0.997649 0.199436 0.199436 0.199436
1815.989624 0.000000 2046.467285 0.000000 0.994857 0.000000 0.101289 0.210598 0.210598 0.210598
1807.814819 0.000000 2054.069580 0.000000 0.333879 0.000000 0.942616 0.214932 0.214932 0.214932
1793.941895 0.000000 2086.065430 0.000000 0.996779 0.000000 0.080196 0.234021 0.234021 0.234021
1819.270386 0.000000 2085.183838 0.000000 0.463490 0.000000 0.886102 0.206478 0.206478 0.206478
1792.004639 0.000000 2086.751465 0.000000 0.823938 0.000000 0.566679 0.225739 0.225739 0.225739
1839.125977 0.000000 2072.354736 0.000000 0.594419 0.000000 0.804155 0.216815 0.216815 0.216815
1833.985107 0.000000 2054.374023 0.000000 0.163345 0.000000 0.986569 0.216198 0.216198 0.216198
1794.331055 0.000000 2073.383301 0.000000 0.849097 0.000000 0.528238 0.227464 0.227464 0.227464
1807.409668 0.000000 2073.597656 0.000000 0.846006 0.000000 0.533173 0.227370 0.227370 0.227370
1793.866943 0.000000 2089.640625 0.000000 0.162724 0.000000 0.986672 0.215387 0.215387 0.215387
1795.807495 0.000000 2041.239380 0.000000 0.866963 0.000000 0.498372 0.236030 0.236030 0.236030
1824.356323 0.000000 2045.804321 0.000000 0.637635 0.000000 0.770338 0.225956 0.225956 0.225956
1799.856445 0.000000 2078.119141 0.000000 0.911654 0.000000 0.410959 0.245938 0.245938 0.245938
1853.973755 0.000000 2037.412720 0.000000 0.981113 0.000000 0.193437 0.245113 0.245113 0.245113
1822.198853 0.000000 2084.685547 0.000000 0.767172 0.000000 0.641442 0.233856 0.233856 0.233856
1822.635132 0.000000 2078.000732 0.000000 0.801100 0.000000 0.598530 0.237752 0.237752 0.237752
1807.744263 0.000000 2044.397827 0.000000 0.283115 0.000000 0.959086 0.228868 0.228868 0.228868
1832.266113 0.000000 2062.200928 0.000000 0.003870 0.000000 0.999992 0.226171 0.226171 0.226171
1836.527954 0.000000 2041.421265 0.000000 0.881081 0.000000 0.472965 0.242566 0.242566 0.242566
1797.380859 0.000000 2033.595581 0.000000 0.860575 0.000000 0.509325 0.241758 0.241758 0.241758
1811.069702 0.000000 2038.465942 0.000000 0.034532 0.000000 0.999404 0.234039 0.234039 0.234039
1831.991211 0.000000 2066.329102 0.000000 0.343484 0.000000 0.939158 0.250875 0.250875 0.250875
1827.060181 0.000000 2087.432373 0.000000 0.648043 0.000000 0.761604 0.249746 0.249746 0.249746
1835.614258 0.000000 2043.661743 0.000000 0.657106 0.000000 0.753798 0.271127 0.271127 0.271127
1834.449707 0.000000 2036.198364 0.000000 0.226692 0.000000 0.973966 0.250568 0.250568 0.250568
1801.015747 0.000000 2065.419434 0.000000 0.839013 0.000000 0.544111 0.261378 0.261378 0.261378
1849.621582 0.000000 2066.328369 0.000000 0.936308 0.000000 0.351181 0.269807 0.269807 0.269807
1806.338867 0.000000 2075.258545 0.000000 0.793416 0.000000 0.608680 0.285436 0.285436 0.285436
1815.642456 0.000000 2040.856567 0.000000 0.972692 0.000000 0.232099 0.285639 0.285639 0.285639
1834.238525 0.000000 2043.276367 0.000000 0.650828 0.000000 0.759225 0.270877 0.270877 0.270877
1852.154541 0.000000 2073.537354 0.000000 0.571015 0.000000 0.820940 0.261970 0.261970 0.261970
1800.697632 0.000000 2062.358887 0.000000 0.487154 0.000000 0.873316 0.277491 0.277491 0.277491
1835.135864 0.000000 2065.060547 0.000000 0.936244 0.000000 0.351349 0.303223 0.303223 0.303223
1821.522949 0.000000 2061.241455 0.000000 0.222851 0.000000 0.974853 0.257690 0.257690 0.257690
1836.866455 0.000000 2051.166992 0.000000 0.658737 0.000000 0.752374 0.280642 0.280642 0.280642
1831.603149 0.000000 2079.439453 0.000000 0.514137 0.000000 0.857708 0.300859 0.300859 0.300859
1796.587402 0.000000 2075.239258 0.000000 0.955991 0.000000 0.293395 0.305396 0.305396 0.305396
1819.330688 0.000000 2061.627197 0.000000 0.564016 0.000000 0.825764 0.288683 0.288683 0.288683
1806.619385 0.000000 2087.963867 0.000000 0.899456 0.000000 0.437012 0.352543 0.352543 0.352543
1819.130859 0.000000 2065.838379 0.000000 0.742557 0.000000 0.669783 0.332798 0.332798 0.332798
1796.047607 0.000000 2087.886230 0.000000 0.993432 0.000000 0.114421 0.361563 0.361563 0.361563
1796.418335 0.000000 2082.636719 0.000000 0.708244 0.000000 0.705967 0.306114 0.306114 0.306114
1823.259766 0.000000 2043.185425 0.000000 0.386743 0.000000 0.922188 0.307992 0.307992 0.307992
1802.770020 0.000000 2076.776611 0.000000 0.447068 0.000000 0.894500 0.297408 0.297408 0.297408
1820.533569 0.000000 2087.901855 0.000000 0.611244 0.000000 0.791443 0.333763 0.333763 0.333763
1826.901245 0.000000 2084.841309 0.000000 0.999985 0.000000 0.005432 0.372817 0.372817 0.372817
1823.150879 0.000000 2042.138550 0.000000 0.048877 0.000000 0.998805 0.289671 0.289671 0.289671
1806.071655 0.000000 2087.059814 0.000000 0.930317 0.000000 0.366756 0.356794 0.356794 0.356794
1821.838013 0.000000 2086.528320 0.000000 0.537066 0.000000 0.843540 0.328409 0.328409 0.328409
1826.259399 0.000000 2079.415771 0.000000 0.969761 0.000000 0.244057 0.367001 0.367001 0.367001
1828.942749 0.000000 2081.964355 0.000000 0.318669 0.000000 0.947866 0.314690 0.314690 0.314690
1852.557373 0.000000 2038.704468 0.000000 0.991295 0.000000 0.131662 0.361731 0.361731 0.361731
1832.114258 0.000000 2043.964600 0.000000 0.993761 0.000000 0.111534 0.372477 0.372477 0.372477
1804.611206 0.000000 2079.487305 0.000000 0.985305 0.000000 0.170806 0.374391 0.374391 0.374391
1851.807983 0.000000 2036.975708 0.000000 0.907916 0.000000 0.419153 0.333608 0.333608 0.333608
1835.600586 0.000000 2034.503906 0.000000 0.999885 0.000000 0.015161 0.398959 0.398959 0.398959
1840.653198 0.000000 2041.090820 0.000000 0.042593 0.000000 0.999093 0.295973 0.295973 0.295973
1836.776245 0.000000 2072.741455 0.000000 0.275515 0.000000 0.961297 0.312610 0.312610 0.312610
1850.069092 0.000000 2067.371582 0.000000 0.868481 0.000000 0.495723 0.349779 0.349779 0.349779
1832.069214 0.000000 2056.754395 0.000000 0.579515 0.000000 0.814962 0.317370 0.317370 0.317370
1792.727051 0.000000 2058.918945 0.000000 0.849254 0.000000 0.527984 0.359729 0.359729 0.359729
1804.539307 0.000000 2054.760010 0.000000 0.866872 0.000000 0.498531 0.365341 0.365341 0.365341
1813.277832 0.000000 2070.370850 0.000000 0.922034 0.000000 0.387109 0.350763 0.350763 0.350763
1832.987061 0.000000 2077.730469 0.000000 0.982648 0.000000 0.185478 0.387285 0.387285 0.387285
1831.311279 0.000000 2074.223145 0.000000 0.102543 0.000000 0.994729 0.299448 0.299448 0.299448
1802.630737 0.000000 2056.250488 0.000000 0.405642 0.000000 0.914032 0.306380 0.306380 0.306380
1807.296143 0.000000 2089.460205 0.000000 0.943753 0.000000 0.330652 0.364833 0.364833 0.364833
1832.213989 0.000000 2040.443848 0.000000 0.463698 0.000000 0.885994 0.328249 0.328249 0.328249
1835.347656 0.000000 2074.553223 0.000000 0.378320 0.000000 0.925675 0.317613 0.317613 0.317613
1854.705200 0.000000 2067.666016 0.000000 0.633550 0.000000 0.773702 0.338822 0.338822 0.338822
1831.598145 0.000000 2076.984375 0.000000 0.809397 0.000000 0.587262 0.355654 0.355654 0.355654
1832.917358 0.000000 2066.635986 0.000000 0.687819 0.000000 0.725882 0.341188 0.341188 0.341188
1807.972168 0.000000 2049.907227 0.000000 0.899159 0.000000 0.437622 0.369310 0.369310 0.369310
1806.367188 0.000000 2049.064697 0.000000 0.111202 0.000000 0.993798 0.306098 0.306098 0.306098
1852.515869 0.000000 2070.582764 0.000000 0.700776 0.000000 0.713381 0.343285 0.343285 0.343285
1816.219116 0.000000 2066.367432 0.000000 0.031970 0.000000 0.999489 0.282443 0.282443 0.282443
1812.308228 0.000000 2041.855957 0.000000 0.929503 0.000000 0.368815 0.372935 0.372935 0.372935
1849.751831 0.000000 2064.953125 0.000000 0.998454 0.000000 0.055591 0.395751 0.395751 0.395751
1853.417480 0.000000 2066.777100 0.000000 0.645444 0.000000 0.763807 0.333599 0.333599 0.333599
1841.066772 0.000000 2050.843262 0.000000 0.997436 0.000000 0.071567 0.394350 0.394350 0.394350
1834.301270 0.000000 2055.367432 0.000000 0.638743 0.000000 0.769420 0.330505 0.330505 0.330505
1850.780762 0.000000 2064.291016 0.000000 0.968635 0.000000 0.248487 0.381944 0.381944 0.381944
1828.894165 0.000000 2080.796143 0.000000 0.999991 0.000000 0.004290 0.388540 0.388540 0.388540
1853.965820 0.000000 2070.029541 0.000000 0.863947 0.000000 0.503582 0.362319 0.362319 0.362319
1799.650513 0.000000 2038.312866 0.000000 0.876981 0.000000 0.480525 0.365586 0.365586 0.365586
1830.307007 0.000000 2076.944336 0.000000 0.857805 0.000000 0.513976 0.361861 0.361861 0.361861
1813.347046 0.000000 2073.147705 0.000000 0.293545 0.000000 0.955945 0.302760 0.302760 0.302760
1809.198486 0.000000 2087.092041 0.000000 0.981045 0.000000 0.193778 0.385930 0.385930 0.385930
1832.594482 0.000000 2059.383545 0.000000 0.999530 0.000000 0.030666 0.397657 0.397657 0.397657
1806.221558 0.000000 2059.519531 0.000000 0.711995 0.000000 0.702185 0.343056 0.343056 0.343056
1854.230469 0.000000 2068.368652 0.000000 0.898662 0.000000 0.438642 0.366784 0.366784 0.366784
1799.034790 0.000000 2080.370850 0.000000 0.879938 0.000000 0.475088 0.362180 0.362180 0.362180
1814.842773 0.000000 2069.147461 0.000000 0.914504 0.000000 0.404576 0.370572 0.370572 0.370572
1855.947266 0.000000 2066.308105 0.000000 0.191800 0.000000 0.981434 0.304719 0.304719 0.304719
1855.654053 0.000000 2069.443848 0.000000 0.323673 0.000000 0.946169 0.309209 0.309209 0.309209
1813.277954 0.000000 2072.257324 0.000000 0.597130 0.000000 0.802144 0.328886 0.328886 0.328886
1819.961304 0.000000 2062.149414 0.000000 0.047562 0.000000 0.998868 0.292762 0.292762 0.292762
1798.633423 0.000000 2081.395996 0.000000 0.978965 0.000000 0.204030 0.384303 0.384303 0.384303
1845.462036 0.000000 2049.045410 0.000000 0.973787 0.000000 0.227462 0.382470 0.382470 0.382470
1849.489746 0.000000 2063.298584 0.000000 0.995078 0.000000 0.099093 0.392417 0.392417 0.392417
1853.141846 0.000000 2066.000732 0.000000 0.442210 0.000000 0.896911 0.314993 0.314993 0.314993
1848.933594 0.000000 2065.872314 0.000000 0.741676 0.000000 0.670758 0.343833 0.343833 0.343833
1818.412720 0.000000 2062.322754 0.000000 0.143809 0.000000 0.989605 0.299572 0.299572 0.299572
1835.878052 0.000000 2063.278809 0.000000 0.146555 0.000000 0.989202 0.291592 0.291592 0.291592
1832.255615 0.000000 2058.657471 0.000000 0.746330 0.000000 0.665576 0.344365 0.344365 0.344365
1799.230591 0.000000 2082.831299 0.000000 0.799372 0.000000 0.600837 0.350760 0.350760 0.350760
1851.470703 0.000000 2062.641113 0.000000 0.887969 0.000000 0.459904 0.363492 0.363492 0.363492
1848.385986 0.000000 2062.123779 0.000000 0.273963 0.000000 0.961740 0.301200 0.301200 0.301200
1837.078491 0.000000 2034.278320 0.000000 0.855905 0.000000 0.517133 0.359565 0.359565 0.359565
1801.692017 0.000000 2081.302002 0.000000 0.726141 0.000000 0.687546 0.342085 0.342085 0.342085
1817.739990 0.000000 2067.208496 0.000000 0.900423 0.000000 0.435016 0.365618 0.365618 0.365618
1827.651001 0.000000 2112.864258 0.000000 0.872567 0.000000 0.488494 0.195795 0.195795 0.195795
1811.875488 0.000000 2105.370605 0.000000 0.045944 0.000000 0.998944 0.185724 0.185724 0.185724
1828.142212 0.000000 2090.017090 0.000000 0.056668 0.000000 0.998393 0.191860 0.191860 0.191860
1795.928833 0.000000 2120.053711 0.000000 0.206350 0.000000 0.978478 0.189172 0.189172 0.189172
1825.615479 0.000000 2144.017578 0.000000 0.964112 0.000000 0.265496 0.203327 0.203327 0.203327
1801.306274 0.000000 2115.596436 0.000000 0.441026 0.000000 0.897494 0.198048 0.198048 0.198048
1807.150513 0.000000 2143.532959 0.000000 0.489216 0.000000 0.872163 0.207764 0.207764 0.207764
1828.845703 0.000000 2135.901855 0.000000 0.322215 0.000000 0.946666 0.208776 0.208776 0.208776
1807.814819 0.000000 2110.553955 0.000000 0.404849 0.000000 0.914383 0.205625 0.205625 0.205625
1810.017090 0.000000 2113.706543 0.000000 0.967570 0.000000 0.252604 0.222723 0.222723 0.222723
1809.040649 0.000000 2142.457275 0.000000 0.968392 0.000000 0.249435 0.224903 0.224903 0.224903
1802.859009 0.000000 2097.450439 0.000000 0.411146 0.000000 0.911570 0.211004 0.211004 0.211004
1827.859863 0.000000 2095.604248 0.000000 0.563090 0.000000 0.826395 0.222573 0.222573 0.222573
1808.782227 0.000000 2091.630859 0.000000 0.820008 0.000000 0.572353 0.220694 0.220694 0.220694
1824.356323 0.000000 2102.288818 0.000000 0.552609 0.000000 0.833440 0.233032 0.233032 0.233032
1811.982056 0.000000 2144.104004 0.000000 0.132826 0.000000 0.991139 0.215681 0.215681 0.215681
1822.455078 0.000000 2096.000488 0.000000 0.341045 0.000000 0.940047 0.244551 0.244551 0.244551
1827.060181 0.000000 2143.916748 0.000000 0.704394 0.000000 0.709809 0.262389 0.262389 0.262389
1800.591797 0.000000 2116.680908 0.000000 0.814946 0.000000 0.579537 0.284773 0.284773 0.284773
1820.656372 0.000000 2104.794434 0.000000 0.807839 0.000000 0.589403 0.290837 0.290837 0.290837
1817.027344 0.000000 2095.120605 0.000000 0.328074 0.000000 0.944652 0.274943 0.274943 0.274943
1807.627930 0.000000 2113.671631 0.000000 0.947288 0.000000 0.320383 0.272703 0.272703 0.272703
1828.226440 0.000000 2110.073730 0.000000 0.859855 0.000000 0.510538 0.280734 0.280734 0.280734
1830.615479 0.000000 2135.298828 0.000000 0.998780 0.000000 0.049379 0.319734 0.319734 0.319734
1826.155762 0.000000 2109.474854 0.000000 0.921664 0.000000 0.387990 0.283881 0.283881 0.283881
1808.823242 0.000000 2111.526611 0.000000 0.769209 0.000000 0.638998 0.291360 0.291360 0.291360
1808.829468 0.000000 2113.675781 0.000000 0.921025 0.000000 0.389504 0.313618 0.313618 0.313618
1814.291138 0.000000 2104.766602 0.000000 0.410867 0.000000 0.911695 0.295601 0.295601 0.295601
1831.603149 0.000000 2135.923828 0.000000 0.597573 0.000000 0.801815 0.287026 0.287026 0.287026
1804.997925 0.000000 2091.781006 0.000000 0.384535 0.000000 0.923110 0.290111 0.290111 0.290111
1833.787598 0.000000 2129.712158 0.000000 0.605606 0.000000 0.795765 0.291466 0.291466 0.291466
1799.023926 0.000000 2127.942383 0.000000 0.035513 0.000000 0.999369 0.268807 0.268807 0.268807
1814.499634 0.000000 2106.225830 0.000000 0.474536 0.000000 0.880236 0.315904 0.315904 0.315904
1825.091309 0.000000 2104.835693 0.000000 0.638814 0.000000 0.769361 0.306953 0.306953 0.306953
1823.095825 0.000000 2095.009521 0.000000 0.687231 0.000000 0.726439 0.343580 0.343580 0.343580
1823.373779 0.000000 2107.288330 0.000000 0.755002 0.000000 0.655723 0.328746 0.328746 0.328746
1803.115234 0.000000 2092.784180 0.000000 0.754836 0.000000 0.655914 0.315941 0.315941 0.315941
1823.860962 0.000000 2142.517578 0.000000 0.458349 0.000000 0.888772 0.306556 0.306556 0.306556
1825.683594 0.000000 2141.786621 0.000000 0.169241 0.000000 0.985575 0.284789 0.284789 0.284789
1818.176025 0.000000 2108.712158 0.000000 0.999472 0.000000 0.032476 0.350309 0.350309 0.350309
1817.338013 0.000000 2111.806152 0.000000 0.929321 0.000000 0.369272 0.357613 0.357613 0.357613
1824.805420 0.000000 2095.067139 0.000000 0.619395 0.000000 0.785079 0.340721 0.340721 0.340721
1807.296143 0.000000 2145.944580 0.000000 0.769512 0.000000 0.638632 0.346778 0.346778 0.346778
1816.985718 0.000000 2103.616943 0.000000 0.610337 0.000000 0.792142 0.332206 0.332206 0.332206
1805.174805 0.000000 2119.140137 0.000000 0.979251 0.000000 0.202650 0.370443 0.370443 0.370443
1797.930420 0.000000 2126.323242 0.000000 0.948014 0.000000 0.318228 0.375259 0.375259 0.375259
1831.903198 0.000000 2132.599609 0.000000 0.056340 0.000000 0.998412 0.293380 0.293380 0.293380
1795.096191 0.000000 2131.742920 0.000000 0.307300 0.000000 0.951613 0.303862 0.303862 0.303862
1817.389282 0.000000 2109.955566 0.000000 0.813410 0.000000 0.581691 0.352574 0.352574 0.352574
1792.815186 0.000000 2118.214111 0.000000 0.348146 0.000000 0.937440 0.322031 0.322031 0.322031
1805.069946 0.000000 2120.919434 0.000000 0.703259 0.000000 0.710934 0.344126 0.344126 0.344126
1796.335327 0.000000 2126.610596 0.000000 0.629841 0.000000 0.776724 0.332051 0.332051 0.332051
1815.276489 0.000000 2109.853516 0.000000 0.768576 0.000000 0.639759 0.353207 0.353207 0.353207
1793.713989 0.000000 2131.466797 0.000000 0.587559 0.000000 0.809181 0.327979 0.327979 0.327979
1816.740356 0.000000 2108.154785 0.000000 0.097860 0.000000 0.995200 0.287488 0.287488 0.287488
1830.307007 0.000000 2133.428711 0.000000 0.277401 0.000000 0.960754 0.309201 0.309201 0.309201
1804.131714 0.000000 2120.399414 0.000000 0.904762 0.000000 0.425917 0.368915 0.368915 0.368915
1823.582764 0.000000 2109.898193 0.000000 0.459180 0.000000 0.888343 0.321907 0.321907 0.321907
1797.149414 0.000000 2116.157959 0.000000 0.776904 0.000000 0.629619 0.347971 0.347971 0.347971
1798.569580 0.000000 2117.009277 0.000000 0.768786 0.000000 0.639507 0.350458 0.350458 0.350458
1797.388306 0.000000 2114.459229 0.000000 0.996957 0.000000 0.077959 0.394038 0.394038 0.394038
1833.729980 0.000000 2131.765137 0.000000 0.661371 0.000000 0.750059 0.335206 0.335206 0.335206
1794.963013 0.000000 2130.443115 0.000000 0.983355 0.000000 0.181693 0.386042 0.386042 0.386042
1795.605225 0.000000 2169.682861 0.000000 0.324720 0.000000 0.945810 0.190093 0.190093 0.190093
1796.014893 0.000000 2152.493408 0.000000 0.049895 0.000000 0.998755 0.185761 0.185761 0.185761
1823.881958 0.000000 2149.055664 0.000000 0.910839 0.000000 0.412761 0.200631 0.200631 0.200631
1830.302734 0.000000 2159.472900 0.000000 0.138603 0.000000 0.990348 0.198662 0.198662 0.198662
1824.410645 0.000000 2163.775879 0.000000 0.761373 0.000000 0.648314 0.223143 0.223143 0.223143
1822.270752 0.000000 2155.683105 0.000000 0.954407 0.000000 0.298509 0.229433 0.229433 0.229433
1830.058228 0.000000 2162.708740 0.000000 0.949489 0.000000 0.313800 0.241749 0.241749 0.241749
1807.876343 0.000000 2154.854492 0.000000 0.999260 0.000000 0.038473 0.229124 0.229124 0.229124
1793.897461 0.000000 2169.197754 0.000000 0.993363 0.000000 0.115018 0.246592 0.246592 0.246592
1806.208130 0.000000 2157.654785 0.000000 0.955408 0.000000 0.295290 0.236855 0.236855 0.236855
1810.493530 0.000000 2152.705566 0.000000 0.516903 0.000000 0.856044 0.241701 0.241701 0.241701
1804.093750 0.000000 2154.493896 0.000000 0.782737 0.000000 0.622352 0.251461 0.251461 0.251461
1820.146240 0.000000 2147.766846 0.000000 0.997874 0.000000 0.065170 0.276220 0.276220 0.276220
1801.470337 0.000000 2148.445312 0.000000 0.361184 0.000000 0.932495 0.280565 0.280565 0.280565
1803.797363 0.000000 2148.263184 0.000000 0.566912 0.000000 0.823778 0.312074 0.312074 0.312074
1822.072510 0.000000 2153.454346 0.000000 0.976454 0.000000 0.215726 0.371744 0.371744 0.371744
1803.115234 0.000000 2149.268555 0.000000 0.016419 0.000000 0.999865 0.283249 0.283249 0.283249
1802.828125 0.000000 2152.893311 0.000000 0.926530 0.000000 0.376221 0.327984 0.327984 0.327984
1810.949951 0.000000 2149.997803 0.000000 0.895615 0.000000 0.444829 0.342668 0.342668 0.342668
1808.636963 0.000000 2150.010742 0.000000 0.983708 0.000000 0.179775 0.386191 0.386191 0.386191
1804.084473 0.000000 2151.441406 0.000000 0.151430 0.000000 0.988468 0.291613 0.291613 0.291613
2057.807861 0.000000 1843.205566 0.000000 0.759834 0.000000 0.650118 0.194346 0.194346 0.194346
2048.011719 0.000000 1832.353149 0.000000 0.992336 0.000000 0.123571 0.250793 0.250793 0.250793
2054.769043 0.000000 1843.507324 0.000000 0.896909 0.000000 0.442214 0.274206 0.274206 0.274206
2051.718506 0.000000 1836.293945 0.000000 0.766213 0.000000 0.642586 0.256480 0.256480 0.256480
2050.417725 0.000000 1843.407837 0.000000 0.187338 0.000000 0.982296 0.301034 0.301034 0.301034
2055.159424 0.000000 1840.148926 0.000000 0.804157 0.000000 0.594416 0.327490 0.327490 0.327490
2053.057129 0.000000 1842.704834 0.000000 0.582709 0.000000 0.812681 0.337707 0.337707 0.337707
2051.526123 0.000000 1841.908203 0.000000 0.294277 0.000000 0.955720 0.307265 0.307265 0.307265
2053.745850 0.000000 1841.464478 0.000000 0.954337 0.000000 0.298733 0.376825 0.376825 0.376825
2050.385986 0.000000 1841.681885 0.000000 0.965310 0.000000 0.261107 0.380742 0.380742 0.380742
2234.989014 0.000000 2123.555908 0.000000 0.550425 0.000000 0.834885 0.190998 0.190998 0.190998
2231.341309 0.000000 2141.213867 0.000000 0.998323 0.000000 0.057888 0.208880 0.208880 0.208880
2235.060547 0.000000 2132.514160 0.000000 0.475912 0.000000 0.879493 0.201229 0.201229 0.201229
2234.465088 0.000000 2126.209229 0.000000 0.042149 0.000000 0.999111 0.212606 0.212606 0.212606
2229.732422 0.000000 2145.484131 0.000000 0.061515 0.000000 0.998106 0.245225 0.245225 0.245225
2228.032959 0.000000 2145.685303 0.000000 0.183790 0.000000 0.982966 0.248624 0.248624 0.248624
2232.508789 0.000000 2131.364502 0.000000 0.651459 0.000000 0.758684 0.280318 0.280318 0.280318
2231.960938 0.000000 2136.078613 0.000000 0.755006 0.000000 0.655718 0.306428 0.306428 0.306428
2233.302979 0.000000 2143.197754 0.000000 0.374873 0.000000 0.927076 0.317946 0.317946 0.317946
2233.791992 0.000000 2141.458496 0.000000 0.347761 0.000000 0.937583 0.312293 0.312293 0.312293
2232.006348 0.000000 2143.184082 0.000000 0.331857 0.000000 0.943330 0.314765 0.314765 0.314765
2230.583496 0.000000 2145.664062 0.000000 0.900008 0.000000 0.435873 0.368023 0.368023 0.368023
2254.009033 0.000000 2109.666992 0.000000 0.989033 0.000000 0.147697 0.226414 0.226414 0.226414
2245.526123 0.000000 2130.987793 0.000000 0.899671 0.000000 0.436569 0.236268 0.236268 0.236268
2262.839355 0.000000 2140.486816 0.000000 0.997453 0.000000 0.071332 0.262847 0.262847 0.262847
2261.720947 0.000000 2102.094727 0.000000 0.596872 0.000000 0.802337 0.239418 0.239418 0.239418
2244.645020 0.000000 2134.535645 0.000000 0.254411 0.000000 0.967096 0.238484 0.238484 0.238484
2262.880615 0.000000 2130.485107 0.000000 0.998495 0.000000 0.054845 0.290845 0.290845 0.290845
2240.049316 0.000000 2120.620117 0.000000 0.220926 0.000000 0.975291 0.248935 0.248935 0.248935
2255.678223 0.000000 2126.339111 0.000000 0.635920 0.000000 0.771755 0.265990 0.265990 0.265990
2259.485352 0.000000 2138.891357 0.000000 0.814888 0.000000 0.579618 0.260314 0.260314 0.260314
2249.029297 0.000000 2110.524170 0.000000 0.130089 0.000000 0.991502 0.255470 0.255470 0.255470
2250.491211 0.000000 2106.809570 0.000000 0.938599 0.000000 0.345011 0.320504 0.320504 0.320504
2263.490234 0.000000 2112.946289 0.000000 0.441676 0.000000 0.897175 0.260127 0.260127 0.260127
2242.485107 0.000000 2131.059082 0.000000 0.999936 0.000000 0.011311 0.301045 0.301045 0.301045
2240.655273 0.000000 2123.067139 0.000000 0.848139 0.000000 0.529773 0.287655 0.287655 0.287655
2258.832031 0.000000 2134.099609 0.000000 0.061040 0.000000 0.998135 0.274016 0.274016 0.274016
2241.508545 0.000000 2133.210449 0.000000 0.769003 0.000000 0.639245 0.294033 0.294033 0.294033
2249.653320 0.000000 2146.301758 0.000000 0.749541 0.000000 0.661958 0.324099 0.324099 0.324099
2258.167725 0.000000 2108.189941 0.000000 0.755711 0.000000 0.654905 0.324560 0.324560 0.324560
2261.764893 0.000000 2109.625977 0.000000 0.562164 0.000000 0.827026 0.305726 0.305726 0.305726
2251.067627 0.000000 2105.424072 0.000000 0.133671 0.000000 0.991026 0.268223 0.268223 0.268223
2242.333008 0.000000 2117.211670 0.000000 0.803258 0.000000 0.595631 0.307832 0.307832 0.307832
2267.330811 0.000000 2118.111572 0.000000 0.437157 0.000000 0.899385 0.284524 0.284524 0.284524
2265.416992 0.000000 2131.260986 0.000000 0.493083 0.000000 0.869982 0.293056 0.293056 0.293056
2244.746582 0.000000 2140.488770 0.000000 0.704989 0.000000 0.709218 0.320083 0.320083 0.320083
2266.208496 0.000000 2132.191650 0.000000 0.857337 0.000000 0.514755 0.317396 0.317396 0.317396
2261.633057 0.000000 2120.091553 0.000000 0.986177 0.000000 0.165697 0.334529 0.334529 0.334529
2247.689453 0.000000 2145.333984 0.000000 0.532971 0.000000 0.846134 0.314488 0.314488 0.314488
2257.485107 0.000000 2106.577637 0.000000 0.342860 0.000000 0.939387 0.319841 0.319841 0.319841
2260.694580 0.000000 2106.184082 0.000000 0.954355 0.000000 0.298674 0.364787 0.364787 0.364787
2258.842041 0.000000 2105.296875 0.000000 0.943663 0.000000 0.330907 0.368744 0.368744 0.368744
2261.576172 0.000000 2106.706543 0.000000 0.376822 0.000000 0.926286 0.314568 0.314568 0.314568
2258.490723 0.000000 2107.262207 0.000000 0.336390 0.000000 0.941723 0.312953 0.312953 0.312953
2244.534912 0.000000 2119.251465 0.000000 0.881135 0.000000 0.472864 0.348465 0.348465 0.348465
2249.565674 0.000000 2113.213379 0.000000 0.532529 0.000000 0.846412 0.315191 0.315191 0.315191
2242.463623 0.000000 2133.163818 0.000000 0.937467 0.000000 0.348073 0.344158 0.344158 0.344158
2252.656982 0.000000 2128.182373 0.000000 0.984796 0.000000 0.173716 0.388449 0.388449 0.388449
2240.758057 0.000000 2134.341064 0.000000 0.521469 0.000000 0.853270 0.327324 0.327324 0.327324
2250.630615 0.000000 2112.734863 0.000000 0.865971 0.000000 0.500095 0.343108 0.343108 0.343108
2264.443848 0.000000 2134.873047 0.000000 0.610530 0.000000 0.791993 0.330170 0.330170 0.330170
2244.331055 0.000000 2143.476318 0.000000 0.764698 0.000000 0.644389 0.350003 0.350003 0.350003
2260.889404 0.000000 2133.917969 0.000000 0.035796 0.000000 0.999359 0.289250 0.289250 0.289250
2260.056641 0.000000 2104.495361 0.000000 0.981952 0.000000 0.189132 0.387079 0.387079 0.387079
2261.725830 0.000000 2138.339600 0.000000 0.971975 0.000000 0.235086 0.381871 0.381871 0.381871
2257.968018 0.000000 2133.093262 0.000000 0.014242 0.000000 0.999899 0.282642 0.282642 0.282642
2242.065186 0.000000 2135.430176 0.000000 0.823892 0.000000 0.566746 0.353968 0.353968 0.353968
2243.206299 0.000000 2136.617432 0.000000 0.930764 0.000000 0.365620 0.371406 0.371406 0.371406
2253.137695 0.000000 2129.962646 0.000000 0.997932 0.000000 0.064285 0.395744 0.395744 0.395744
2245.822998 0.000000 2138.928223 0.000000 0.312153 0.000000 0.950032 0.304252 0.304252 0.304252
2245.970703 0.000000 2143.593750 0.000000 0.999849 0.000000 0.017370 0.398760 0.398760 0.398760
2257.999268 0.000000 2130.438965 0.000000 0.275255 0.000000 0.961371 0.301303 0.301303 0.301303
2245.777344 0.000000 2136.384766 0.000000 0.837508 0.000000 0.546426 0.355837 0.355837 0.355837
2262.052979 0.000000 2132.582275 0.000000 0.606484 0.000000 0.795096 0.336895 0.336895 0.336895
2240.882324 0.000000 2136.532471 0.000000 0.842542 0.000000 0.538631 0.356546 0.356546 0.356546
2256.068848 0.000000 2134.989990 0.000000 0.947970 0.000000 0.318359 0.377028 0.377028 0.377028
2247.034912 0.000000 2136.855225 0.000000 0.181210 0.000000 0.983444 0.293920 0.293920 0.293920
2261.038818 0.000000 2139.394287 0.000000 0.965951 0.000000 0.258725 0.380007 0.380007 0.380007
2253.105713 0.000000 2131.306152 0.000000 0.210188 0.000000 0.977661 0.298553 0.298553 0.298553
2240.000488 0.000000 2138.919678 0.000000 0.900291 0.000000 0.435288 0.368069 0.368069 0.368069
2260.096436 0.000000 2138.402344 0.000000 0.723259 0.000000 0.690577 0.341766 0.341766 0.341766
2174.787354 0.000000 2221.574707 0.000000 0.056343 0.000000 0.998411 0.230934 0.230934 0.230934
2168.202881 0.000000 2219.847168 0.000000 0.726023 0.000000 0.687670 0.278468 0.278468 0.278468
2169.149658 0.000000 2218.996338 0.000000 0.997802 0.000000 0.066270 0.300417 0.300417 0.300417
2173.797119 0.000000 2223.048828 0.000000 0.730662 0.000000 0.682739 0.350657 0.350657 0.350657
2169.169189 0.000000 2223.013672 0.000000 0.419400 0.000000 0.907802 0.310545 0.310545 0.310545
2170.024902 0.000000 2223.081543 0.000000 0.886117 0.000000 0.463462 0.363186 0.363186 0.363186
2172.613281 0.000000 2222.101074 0.000000 0.025360 0.000000 0.999678 0.298528 0.298528 0.298528
2168.559326 0.000000 2220.638916 0.000000 0.627791 0.000000 0.778382 0.331850 0.331850 0.331850
2225.916504 0.000000 2164.196289 0.000000 0.164776 0.000000 0.986331 0.190001 0.190001 0.190001
2220.877197 0.000000 2180.193115 0.000000 0.226899 0.000000 0.973918 0.188610 0.188610 0.188610
2231.033203 0.000000 2184.854248 0.000000 0.022836 0.000000 0.999739 0.186474 0.186474 0.186474
2212.314209 0.000000 2199.802246 0.000000 0.911796 0.000000 0.410644 0.196250 0.196250 0.196250
2239.940674 0.000000 2165.855713 0.000000 0.999823 0.000000 0.018830 0.203730 0.203730 0.203730
2236.870850 0.000000 2153.798828 0.000000 0.979676 0.000000 0.200589 0.231015 0.231015 0.231015
2230.278564 0.000000 2146.438232 0.000000 0.080153 0.000000 0.996783 0.200403 0.200403 0.200403
2231.475830 0.000000 2158.301514 0.000000 0.157257 0.000000 0.987558 0.202237 0.202237 0.202237
2218.243408 0.000000 2152.291260 0.000000 0.634481 0.000000 0.772939 0.240413 0.240413 0.240413
2215.286377 0.000000 2153.228516 0.000000 0.018918 0.000000 0.999821 0.223548 0.223548 0.223548
2237.369629 0.000000 2193.701904 0.000000 0.892139 0.000000 0.451761 0.263026 0.263026 0.263026
2239.264893 0.000000 2179.858154 0.000000 0.566068 0.000000 0.824359 0.248189 0.248189 0.248189
2233.142822 0.000000 2190.184814 0.000000 0.556045 0.000000 0.831152 0.252176 0.252176 0.252176
2231.635498 0.000000 2178.689697 0.000000 0.990698 0.000000 0.136080 0.275498 0.275498 0.275498
2229.717285 0.000000 2191.888672 0.000000 0.555808 0.000000 0.831310 0.271388 0.271388 0.271388
2238.128906 0.000000 2153.266846 0.000000 0.379883 0.000000 0.925035 0.270325 0.270325 0.270325
2232.202881 0.000000 2163.362793 0.000000 0.495953 0.000000 0.868349 0.252067 0.252067 0.252067
2215.241699 0.000000 2199.305420 0.000000 0.415965 0.000000 0.909380 0.267072 0.267072 0.267072
2229.739014 0.000000 2179.031494 0.000000 0.264123 0.000000 0.964489 0.274546 0.274546 0.274546
2226.104492 0.000000 2191.119873 0.000000 0.242709 0.000000 0.970099 0.270978 0.270978 0.270978
2227.779053 0.000000 2191.986816 0.000000 0.036971 0.000000 0.999316 0.263385 0.263385 0.263385
2227.048584 0.000000 2173.096191 0.000000 0.921288 0.000000 0.388882 0.308714 0.308714 0.308714
2235.589600 0.000000 2178.971191 0.000000 0.434963 0.000000 0.900449 0.274661 0.274661 0.274661
2220.617432 0.000000 2159.382324 0.000000 0.450006 0.000000 0.893025 0.282837 0.282837 0.282837
2221.988525 0.000000 2156.253418 0.000000 0.961625 0.000000 0.274366 0.323566 0.323566 0.323566
2231.607178 0.000000 2175.298340 0.000000 0.606285 0.000000 0.795247 0.282506 0.282506 0.282506
2225.054688 0.000000 2202.269775 0.000000 0.155097 0.000000 0.987899 0.276094 0.276094 0.276094
2238.685059 0.000000 2160.064209 0.000000 0.072033 0.000000 0.997402 0.260849 0.260849 0.260849
2221.578613 0.000000 2158.464600 0.000000 0.978177 0.000000 0.207773 0.316950 0.316950 0.316950
2222.579590 0.000000 2149.072510 0.000000 0.576359 0.000000 0.817197 0.294824 0.294824 0.294824
2235.804199 0.000000 2180.787598 0.000000 0.998026 0.000000 0.062797 0.317036 0.317036 0.317036
2226.142090 0.000000 2195.318604 0.000000 0.434786 0.000000 0.900534 0.284420 0.284420 0.284420
2231.960938 0.000000 2192.562988 0.000000 0.956357 0.000000 0.292201 0.335993 0.335993 0.335993
2224.024658 0.000000 2188.137939 0.000000 0.463366 0.000000 0.886167 0.308952 0.308952 0.308952
2239.198486 0.000000 2186.918701 0.000000 0.167328 0.000000 0.985901 0.289521 0.289521 0.289521
2212.441406 0.000000 2202.384277 0.000000 0.346916 0.000000 0.937896 0.305739 0.305739 0.305739
2235.976318 0.000000 2161.918213 0.000000 0.998839 0.000000 0.048165 0.312046 0.312046 0.312046
2215.974365 0.000000 2200.154785 0.000000 0.448833 0.000000 0.893615 0.317729 0.317729 0.317729
2230.398193 0.000000 2160.462891 0.000000 0.371898 0.000000 0.928273 0.279569 0.279569 0.279569
2236.814941 0.000000 2181.123291 0.000000 0.512875 0.000000 0.858463 0.301538 0.301538 0.301538
2234.765381 0.000000 2165.543701 0.000000 0.624029 0.000000 0.781401 0.333219 0.333219 0.333219
2231.591064 0.000000 2195.402832 0.000000 0.998339 0.000000 0.057615 0.371106 0.371106 0.371106
2217.895508 0.000000 2201.088379 0.000000 0.333135 0.000000 0.942879 0.295839 0.295839 0.295839
2227.385986 0.000000 2169.574707 0.000000 0.485395 0.000000 0.874295 0.322808 0.322808 0.322808
2221.949951 0.000000 2151.472412 0.000000 0.439728 0.000000 0.898131 0.308301 0.308301 0.308301
2231.007812 0.000000 2173.462891 0.000000 0.585449 0.000000 0.810710 0.304711 0.304711 0.304711
2238.229492 0.000000 2201.115967 0.000000 0.264576 0.000000 0.964365 0.304224 0.304224 0.304224
2230.947998 0.000000 2165.833740 0.000000 0.765917 0.000000 0.642940 0.333852 0.333852 0.333852
2238.100586 0.000000 2189.022461 0.000000 0.842400 0.000000 0.538853 0.361137 0.361137 0.361137
2220.476807 0.000000 2150.760254 0.000000 0.656704 0.000000 0.754148 0.321637 0.321637 0.321637
2237.517090 0.000000 2178.141357 0.000000 0.310797 0.000000 0.950476 0.303727 0.303727 0.303727
2228.951660 0.000000 2202.474365 0.000000 0.992475 0.000000 0.122445 0.362216 0.362216 0.362216
2222.665771 0.000000 2196.873535 0.000000 0.218691 0.000000 0.975794 0.306619 0.306619 0.306619
2228.205811 0.000000 2195.723633 0.000000 0.606970 0.000000 0.794725 0.327472 0.327472 0.327472
2237.169434 0.000000 2186.598389 0.000000 0.763626 0.000000 0.645659 0.342905 0.342905 0.342905
2236.037598 0.000000 2189.577637 0.000000 0.999750 0.000000 0.022378 0.398346 0.398346 0.398346
2232.653320 0.000000 2194.581299 0.000000 0.939955 0.000000 0.341299 0.374910 0.374910 0.374910
2218.073975 0.000000 2198.718018 0.000000 0.729622 0.000000 0.683851 0.342407 0.342407 0.342407
2220.214111 0.000000 2152.220215 0.000000 0.880524 0.000000 0.474002 0.367082 0.367082 0.367082
2236.244629 0.000000 2191.439697 0.000000 0.886371 0.000000 0.462976 0.368635 0.368635 0.368635
2239.644043 0.000000 2198.408936 0.000000 0.306511 0.000000 0.951867 0.304742 0.304742 0.304742
2224.560547 0.000000 2173.538574 0.000000 0.963130 0.000000 0.269037 0.379191 0.379191 0.379191
2228.102783 0.000000 2168.063721 0.000000 0.161225 0.000000 0.986918 0.309957 0.309957 0.309957
2222.237305 0.000000 2168.208252 0.000000 0.916513 0.000000 0.400006 0.370925 0.370925 0.370925
2231.626953 0.000000 2166.339844 0.000000 0.648810 0.000000 0.760951 0.336095 0.336095 0.336095
2222.340332 0.000000 2181.110107 0.000000 0.937148 0.000000 0.348932 0.372771 0.372771 0.372771
2229.856201 0.000000 2181.097168 0.000000 0.925919 0.000000 0.377722 0.372150 0.372150 0.372150
2209.852783 0.000000 2202.704346 0.000000 0.281001 0.000000 0.959707 0.301760 0.301760 0.301760
2222.150146 0.000000 2181.940186 0.000000 0.865038 0.000000 0.501706 0.359849 0.359849 0.359849
2224.279297 0.000000 2171.896729 0.000000 0.888721 0.000000 0.458448 0.363617 0.363617 0.363617
2230.760986 0.000000 2167.574951 0.000000 0.693964 0.000000 0.720009 0.340600 0.340600 0.340600
2226.035645 0.000000 2170.683838 0.000000 0.820184 0.000000 0.572100 0.353471 0.353471 0.353471
2237.073486 0.000000 2188.349365 0.000000 0.053348 0.000000 0.998576 0.287866 0.287866 0.287866
2250.048096 0.000000 2191.906494 0.000000 0.962665 0.000000 0.270695 0.198187 0.198187 0.198187
2256.763916 0.000000 2162.358154 0.000000 0.966023 0.000000 0.258455 0.197650 0.197650 0.197650
2250.112305 0.000000 2164.560059 0.000000 0.844351 0.000000 0.535790 0.202225 0.202225 0.202225
2240.164307 0.000000 2202.745361 0.000000 0.912288 0.000000 0.409548 0.214171 0.214171 0.214171
2241.729736 0.000000 2178.998535 0.000000 0.207399 0.000000 0.978256 0.200369 0.200369 0.200369
2251.567871 0.000000 2186.559570 0.000000 0.166493 0.000000 0.986043 0.203192 0.203192 0.203192
2244.386230 0.000000 2156.823242 0.000000 0.825297 0.000000 0.564700 0.213872 0.213872 0.213872
2252.800293 0.000000 2156.968994 0.000000 0.738081 0.000000 0.674712 0.218757 0.218757 0.218757
2253.681152 0.000000 2160.178955 0.000000 0.407004 0.000000 0.913426 0.217029 0.217029 0.217029
2244.650391 0.000000 2184.182373 0.000000 0.238836 0.000000 0.971060 0.234244 0.234244 0.234244
2257.973633 0.000000 2161.327637 0.000000 0.064646 0.000000 0.997908 0.219157 0.219157 0.219157
2245.380859 0.000000 2146.564209 0.000000 0.948704 0.000000 0.316167 0.256274 0.256274 0.256274
2241.273926 0.000000 2173.926025 0.000000 0.351184 0.000000 0.936306 0.236815 0.236815 0.236815
2244.866455 0.000000 2170.364746 0.000000 0.284361 0.000000 0.958717 0.232895 0.232895 0.232895
2245.138184 0.000000 2161.841553 0.000000 0.737369 0.000000 0.675490 0.267296 0.267296 0.267296
2243.570068 0.000000 2160.050537 0.000000 0.302526 0.000000 0.953141 0.255771 0.255771 0.255771
2250.164795 0.000000 2171.338135 0.000000 0.818091 0.000000 0.575088 0.319711 0.319711 0.319711
2242.333008 0.000000 2173.696045 0.000000 0.163176 0.000000 0.986597 0.293421 0.293421 0.293421
2244.567383 0.000000 2186.822754 0.000000 0.143981 0.000000 0.989580 0.285423 0.285423 0.285423
2241.134033 0.000000 2163.002686 0.000000 0.840898 0.000000 0.541194 0.316059 0.316059 0.316059
2242.113770 0.000000 2156.363281 0.000000 0.616454 0.000000 0.787391 0.310405 0.310405 0.310405
2248.674316 0.000000 2146.515137 0.000000 0.572999 0.000000 0.819556 0.312438 0.312438 0.312438
2241.820068 0.000000 2154.897949 0.000000 0.399009 0.000000 0.916947 0.310690 0.310690 0.310690
2241.189209 0.000000 2168.509033 0.000000 0.112779 0.000000 0.993620 0.300568 0.300568 0.300568
2242.295898 0.000000 2171.380371 0.000000 0.346049 0.000000 0.938217 0.310799 0.310799 0.310799
2244.935303 0.000000 2169.393311 0.000000 0.819705 0.000000 0.572786 0.358280 0.358280 0.358280
2256.750732 0.000000 2155.088379 0.000000 0.964169 0.000000 0.265289 0.379488 0.379488 0.379488
2259.891357 0.000000 2151.112793 0.000000 0.621854 0.000000 0.783133 0.331269 0.331269 0.331269
2246.645996 0.000000 2168.859375 0.000000 0.714293 0.000000 0.699847 0.340780 0.340780 0.340780
2255.121582 0.000000 2155.322998 0.000000 0.941766 0.000000 0.336268 0.373800 0.373800 0.373800
2249.304443 0.000000 2187.089355 0.000000 0.828716 0.000000 0.559670 0.354623 0.354623 0.354623
2254.886230 0.000000 2157.001465 0.000000 0.870521 0.000000 0.492132 0.360692 0.360692 0.360692
2257.132812 0.000000 2154.129883 0.000000 0.953523 0.000000 0.301319 0.376618 0.376618 0.376618
2247.044678 0.000000 2183.240723 0.000000 0.884897 0.000000 0.465787 0.366977 0.366977 0.366977
2248.990479 0.000000 2166.052734 0.000000 0.917316 0.000000 0.398159 0.368716 0.368716 0.368716
2248.339355 0.000000 2185.937744 0.000000 0.620648 0.000000 0.784090 0.331151 0.331151 0.331151
2248.088623 0.000000 2187.522949 0.000000 0.609078 0.000000 0.793110 0.330031 0.330031 0.330031
2249.044434 0.000000 2181.783203 0.000000 0.430499 0.000000 0.902591 0.313999 0.313999 0.313999
2242.838623 0.000000 2169.341553 0.000000 0.959931 0.000000 0.280237 0.378443 0.378443 0.378443
2257.662354 0.000000 2152.459473 0.000000 0.213492 0.000000 0.976945 0.301174 0.301174 0.301174
2242.860840 0.000000 2167.694824 0.000000 0.971647 0.000000 0.236436 0.381884 0.381884 0.381884
2246.533203 0.000000 2187.555908 0.000000 0.336706 0.000000 0.941610 0.306235 0.306235 0.306235
2246.182129 0.000000 2166.321045 0.000000 0.962427 0.000000 0.271542 0.378992 0.378992 0.378992
2240.005615 0.000000 2198.519287 0.000000 0.225467 0.000000 0.974251 0.298715 0.298715 0.298715
2246.810303 0.000000 2167.261963 0.000000 0.705809 0.000000 0.708402 0.339860 0.339860 0.339860
2246.064453 0.000000 2146.997070 0.000000 0.958307 0.000000 0.285742 0.377862 0.377862 0.377862
2243.316406 0.000000 2166.777344 0.000000 0.793444 0.000000 0.608643 0.350338 0.350338 0.350338
2258.436279 0.000000 2151.908691 0.000000 0.389388 0.000000 0.921074 0.310555 0.310555 0.310555
2248.260986 0.000000 2170.884033 0.000000 0.458554 0.000000 0.888667 0.316392 0.316392 0.316392
2248.835449 0.000000 2171.435791 0.000000 0.844633 0.000000 0.535346 0.356844 0.356844 0.356844
2249.012207 0.000000 2168.770508 0.000000 0.674105 0.000000 0.738636 0.336513 0.336513 0.336513
2253.161133 0.000000 2159.109131 0.000000 0.940459 0.000000 0.339906 0.373505 0.373505 0.373505
2223.844482 0.000000 2210.000977 0.000000 0.324078 0.000000 0.946030 0.191482 0.191482 0.191482
2219.534668 0.000000 2218.880371 0.000000 0.940973 0.000000 0.338481 0.197026 0.197026 0.197026
2186.112305 0.000000 2221.044434 0.000000 0.999025 0.000000 0.044143 0.215704 0.215704 0.215704
2187.631592 0.000000 2219.406982 0.000000 0.156238 0.000000 0.987719 0.207997 0.207997 0.207997
2236.870850 0.000000 2210.283203 0.000000 0.764123 0.000000 0.645070 0.214480 0.214480 0.214480
2228.201660 0.000000 2209.838623 0.000000 0.079837 0.000000 0.996808 0.213222 0.213222 0.213222
2210.527588 0.000000 2209.998291 0.000000 0.825539 0.000000 0.564345 0.247297 0.247297 0.247297
2201.317871 0.000000 2210.150879 0.000000 0.329102 0.000000 0.944294 0.248145 0.248145 0.248145
2205.555176 0.000000 2210.863770 0.000000 0.674970 0.000000 0.737845 0.236958 0.236958 0.236958
2213.429932 0.000000 2207.357910 0.000000 0.256424 0.000000 0.966565 0.251421 0.251421 0.251421
2211.134277 0.000000 2220.192139 0.000000 0.008903 0.000000 0.999960 0.236243 0.236243 0.236243
2177.633545 0.000000 2228.621094 0.000000 0.705211 0.000000 0.708997 0.279279 0.279279 0.279279
2184.591797 0.000000 2229.649658 0.000000 0.201439 0.000000 0.979501 0.266047 0.266047 0.266047
2178.950928 0.000000 2224.991455 0.000000 0.887350 0.000000 0.461096 0.288293 0.288293 0.288293
2228.518799 0.000000 2221.971924 0.000000 0.279794 0.000000 0.960060 0.247567 0.247567 0.247567
2184.640381 0.000000 2225.990234 0.000000 0.524154 0.000000 0.851623 0.267764 0.267764 0.267764
2232.681396 0.000000 2208.152344 0.000000 0.994749 0.000000 0.102348 0.300358 0.300358 0.300358
2191.370850 0.000000 2224.695557 0.000000 0.754645 0.000000 0.656133 0.290562 0.290562 0.290562
2222.963867 0.000000 2222.989990 0.000000 0.995555 0.000000 0.094185 0.326777 0.326777 0.326777
2180.218018 0.000000 2220.321777 0.000000 0.952494 0.000000 0.304559 0.282426 0.282426 0.282426
2226.041260 0.000000 2216.544678 0.000000 0.123369 0.000000 0.992361 0.265250 0.265250 0.265250
2225.021973 0.000000 2215.999023 0.000000 0.704407 0.000000 0.709796 0.315082 0.315082 0.315082
2209.032959 0.000000 2209.008301 0.000000 0.902447 0.000000 0.430802 0.310861 0.310861 0.310861
2224.593750 0.000000 2203.712646 0.000000 0.673856 0.000000 0.738863 0.299935 0.299935 0.299935
2229.175537 0.000000 2210.515381 0.000000 0.817454 0.000000 0.575994 0.300611 0.300611 0.300611
2219.149658 0.000000 2203.111084 0.000000 0.151091 0.000000 0.988520 0.279055 0.279055 0.279055
2226.217041 0.000000 2217.610107 0.000000 0.794051 0.000000 0.607851 0.293683 0.293683 0.293683
2224.014648 0.000000 2206.799561 0.000000 0.916921 0.000000 0.399068 0.331741 0.331741 0.331741
2181.828857 0.000000 2224.646973 0.000000 0.998899 0.000000 0.046915 0.367278 0.367278 0.367278
2213.004150 0.000000 2215.297363 0.000000 0.315364 0.000000 0.948971 0.292971 0.292971 0.292971
2223.923584 0.000000 2224.616699 0.000000 0.407289 0.000000 0.913299 0.298225 0.298225 0.298225
2206.072510 0.000000 2209.938721 0.000000 0.877011 0.000000 0.480470 0.319093 0.319093 0.319093
2212.266113 0.000000 2217.001953 0.000000 0.244062 0.000000 0.969760 0.290175 0.290175 0.290175
2229.633301 0.000000 2212.500244 0.000000 0.886863 0.000000 0.462032 0.365759 0.365759 0.365759
2227.315430 0.000000 2223.979004 0.000000 0.581125 0.000000 0.813814 0.307565 0.307565 0.307565
2222.414551 0.000000 2225.603516 0.000000 0.175293 0.000000 0.984516 0.286900 0.286900 0.286900
2224.112793 0.000000 2204.901855 0.000000 0.979450 0.000000 0.201690 0.386666 0.386666 0.386666
2229.317871 0.000000 2203.111084 0.000000 0.269077 0.000000 0.963119 0.300818 0.300818 0.300818
2203.207520 0.000000 2207.670654 0.000000 0.979640 0.000000 0.200764 0.385819 0.385819 0.385819
2177.141602 0.000000 2226.287598 0.000000 0.948985 0.000000 0.315321 0.355853 0.355853 0.355853
2218.151367 0.000000 2211.415283 0.000000 0.752956 0.000000 0.658071 0.338645 0.338645 0.338645
2180.935303 0.000000 2225.877686 0.000000 0.349190 0.000000 0.937052 0.305867 0.305867 0.305867
2207.954834 0.000000 2207.631104 0.000000 0.593803 0.000000 0.804611 0.335106 0.335106 0.335106
2217.519775 0.000000 2209.318115 0.000000 0.932842 0.000000 0.360287 0.375156 0.375156 0.375156
2210.382324 0.000000 2205.602051 0.000000 0.999867 0.000000 0.016321 0.398753 0.398753 0.398753
2218.677979 0.000000 2209.558594 0.000000 0.033942 0.000000 0.999424 0.297427 0.297427 0.297427
2182.645996 0.000000 2225.343750 0.000000 0.036030 0.000000 0.999351 0.293098 0.293098 0.293098
2208.451172 0.000000 2206.202393 0.000000 0.953657 0.000000 0.300895 0.378788 0.378788 0.378788
2202.000488 0.000000 2208.491699 0.000000 0.493408 0.000000 0.869798 0.329426 0.329426 0.329426
2227.186035 0.000000 2206.239746 0.000000 0.935013 0.000000 0.354613 0.372090 0.372090 0.372090
2207.036621 0.000000 2205.285889 0.000000 0.584330 0.000000 0.811516 0.327674 0.327674 0.327674
2202.876465 0.000000 2206.870605 0.000000 0.040877 0.000000 0.999164 0.292672 0.292672 0.292672
2216.486572 0.000000 2204.572754 0.000000 0.479455 0.000000 0.877566 0.327289 0.327289 0.327289
2206.460693 0.000000 2203.708984 0.000000 0.999756 0.000000 0.022073 0.398314 0.398314 0.398314
2182.182129 0.000000 2222.805420 0.000000 0.800799 0.000000 0.598933 0.353667 0.353667 0.353667
2217.322021 0.000000 2207.038574 0.000000 0.612532 0.000000 0.790446 0.330364 0.330364 0.330364
2216.075684 0.000000 2203.711182 0.000000 0.927477 0.000000 0.373881 0.370726 0.370726 0.370726
2211.361328 0.000000 2202.943604 0.000000 0.156878 0.000000 0.987618 0.292034 0.292034 0.292034
2210.572998 0.000000 2203.963867 0.000000 0.284168 0.000000 0.958775 0.302012 0.302012 0.302012
3541.725830 0.000000 1855.917847 0.000000 0.758667 0.000000 0.651479 0.348264 0.348264 0.348264
3528.168701 0.000000 1899.760010 0.000000 0.035989 0.000000 0.999352 0.234785 0.234785 0.234785
3524.587402 0.000000 1905.786133 0.000000 0.997984 0.000000 0.063461 0.366407 0.366407 0.366407
3702.652588 0.000000 2169.888916 0.000000 0.994869 0.000000 0.101175 0.392471 0.392471 0.392471
3702.776611 0.000000 2168.944580 0.000000 0.979083 0.000000 0.203459 0.385923 0.385923 0.385923
3719.009521 0.000000 2168.046143 0.000000 0.497352 0.000000 0.867549 0.263579 0.263579 0.263579
3714.538086 0.000000 2170.224121 0.000000 0.137222 0.000000 0.990540 0.252241 0.252241 0.252241
3722.753174 0.000000 2179.269531 0.000000 0.961979 0.000000 0.273124 0.309238 0.309238 0.309238
7976.686523 0.000000 414.043732 0.000000 0.995057 0.000000 0.099310 0.221626 0.221626 0.221626
7976.307617 0.000000 426.983093 0.000000 0.772846 0.000000 0.634594 0.283439 0.283439 0.283439
7980.637695 0.000000 424.943787 0.000000 0.035508 0.000000 0.999369 0.243143 0.243143 0.243143
7982.152832 0.000000 429.283020 0.000000 0.866453 0.000000 0.499258 0.287858 0.287858 0.287858
7975.576660 0.000000 413.777069 0.000000 0.735530 0.000000 0.677493 0.281582 0.281582 0.281582
7985.625000 0.000000 428.814148 0.000000 0.592218 0.000000 0.805778 0.312833 0.312833 0.312833
7983.470703 0.000000 422.243347 0.000000 0.061271 0.000000 0.998121 0.290855 0.290855 0.290855
7974.395508 0.000000 423.110443 0.000000 0.049117 0.000000 0.998793 0.297344 0.297344 0.297344
7974.861816 0.000000 404.605408 0.000000 0.542237 0.000000 0.840226 0.335790 0.335790 0.335790
7974.486328 0.000000 410.759552 0.000000 0.670105 0.000000 0.742266 0.322552 0.322552 0.322552
7974.279297 0.000000 429.865692 0.000000 0.878395 0.000000 0.477935 0.346304 0.346304 0.346304
7979.196777 0.000000 418.682434 0.000000 0.984684 0.000000 0.174350 0.362631 0.362631 0.362631
7993.169434 0.000000 415.513641 0.000000 0.907001 0.000000 0.421129 0.330624 0.330624 0.330624
7975.163574 0.000000 405.649597 0.000000 0.700876 0.000000 0.713283 0.348660 0.348660 0.348660
7978.467285 0.000000 424.414795 0.000000 0.939458 0.000000 0.342665 0.375792 0.375792 0.375792
7993.221680 0.000000 418.218842 0.000000 0.706344 0.000000 0.707869 0.349342 0.349342 0.349342
7992.161133 0.000000 419.254700 0.000000 0.598097 0.000000 0.801424 0.340119 0.340119 0.340119
7990.690430 0.000000 426.050018 0.000000 0.997527 0.000000 0.070291 0.376971 0.376971 0.376971
7974.190918 0.000000 407.560211 0.000000 0.996624 0.000000 0.082103 0.394377 0.394377 0.394377
7988.020020 0.000000 422.075256 0.000000 0.994793 0.000000 0.101917 0.392201 0.392201 0.392201
7993.530273 0.000000 417.284912 0.000000 0.989536 0.000000 0.144290 0.388938 0.388938 0.388938
7980.178223 0.000000 406.307312 0.000000 0.631564 0.000000 0.775324 0.332221 0.332221 0.332221
7990.776855 0.000000 417.928955 0.000000 0.507239 0.000000 0.861805 0.320640 0.320640 0.320640
7976.066406 0.000000 422.125488 0.000000 0.695777 0.000000 0.718258 0.338786 0.338786 0.338786
7985.788086 0.000000 418.408630 0.000000 0.740479 0.000000 0.672080 0.343696 0.343696 0.343696
7980.727051 0.000000 418.225677 0.000000 0.256197 0.000000 0.966625 0.310927 0.310927 0.310927
7990.842773 0.000000 423.808350 0.000000 0.184080 0.000000 0.982911 0.294143 0.294143 0.294143
7981.439941 0.000000 414.649475 0.000000 0.476801 0.000000 0.879011 0.317969 0.317969 0.317969
7986.914062 0.000000 420.027191 0.000000 0.111040 0.000000 0.993816 0.288500 0.288500 0.288500
7988.922363 0.000000 413.692932 0.000000 0.810005 0.000000 0.586423 0.352129 0.352129 0.352129
7989.407715 0.000000 422.876617 0.000000 0.703344 0.000000 0.710849 0.339595 0.339595 0.339595
7985.730957 0.000000 410.831970 0.000000 0.665165 0.000000 0.746696 0.335593 0.335593 0.335593
7987.584961 0.000000 425.454437 0.000000 0.467667 0.000000 0.883905 0.317177 0.317177 0.317177
7975.591309 0.000000 404.102173 0.000000 0.689490 0.000000 0.724295 0.347659 0.347659 0.347659
7977.717285 0.000000 421.562195 0.000000 0.999878 0.000000 0.015614 0.398862 0.398862 0.398862
7986.651855 0.000000 418.093567 0.000000 0.322703 0.000000 0.946500 0.305102 0.305102 0.305102
7979.790039 0.000000 408.063690 0.000000 0.207358 0.000000 0.978265 0.295957 0.295957 0.295957
7986.717773 0.000000 423.959839 0.000000 0.401371 0.000000 0.915915 0.311552 0.311552 0.311552
7984.560547 0.000000 422.523010 0.000000 0.949554 0.000000 0.313603 0.375631 0.375631 0.375631
7977.537598 0.000000 422.803986 0.000000 0.765947 0.000000 0.642904 0.346655 0.346655 0.346655
7988.102539 0.000000 417.048004 0.000000 0.908755 0.000000 0.417330 0.367112 0.367112 0.367112
7990.597656 0.000000 413.120056 0.000000 0.618918 0.000000 0.785456 0.330983 0.330983 0.330983
7989.960938 0.000000 423.958496 0.000000 0.940562 0.000000 0.339622 0.373528 0.373528 0.373528
7992.372559 0.000000 418.231506 0.000000 0.106430 0.000000 0.994320 0.305692 0.305692 0.305692
7989.284668 0.000000 416.648071 0.000000 0.983003 0.000000 0.183591 0.385895 0.385895 0.385895
7982.237305 0.000000 417.192657 0.000000 0.985950 0.000000 0.167040 0.387598 0.387598 0.387598
7982.625000 0.000000 408.625519 0.000000 0.998263 0.000000 0.058912 0.395497 0.395497 0.395497
7975.558105 0.000000 426.567993 0.000000 0.418879 0.000000 0.908042 0.319556 0.319556 0.319556
7991.878418 0.000000 422.198975 0.000000 0.967790 0.000000 0.251760 0.380558 0.380558 0.380558
7979.226562 0.000000 409.735321 0.000000 0.591395 0.000000 0.806382 0.328341 0.328341 0.328341
7982.371094 0.000000 416.074860 0.000000 0.420352 0.000000 0.907361 0.315981 0.315981 0.315981
7976.332520 0.000000 413.282318 0.000000 0.999348 0.000000 0.036112 0.397241 0.397241 0.397241
7991.626953 0.000000 415.324280 0.000000 0.935507 0.000000 0.353309 0.372414 0.372414 0.372414
7987.777832 0.000000 414.058014 0.000000 0.477224 0.000000 0.878781 0.318006 0.318006 0.318006
7978.211914 0.000000 420.330688 0.000000 0.131764 0.000000 0.991281 0.290095 0.290095 0.290095
7988.111328 0.000000 417.927155 0.000000 0.927010 0.000000 0.375036 0.370631 0.370631 0.370631
7987.363281 0.000000 412.886230 0.000000 0.062925 0.000000 0.998018 0.284810 0.284810 0.284810
7982.606934 0.000000 405.758301 0.000000 0.740734 0.000000 0.671798 0.343725 0.343725 0.343725
7985.437988 0.000000 413.961121 0.000000 0.999064 0.000000 0.043249 0.396695 0.396695 0.396695
7984.279297 0.000000 420.881226 0.000000 0.452966 0.000000 0.891528 0.315912 0.315912 0.315912
7981.785156 0.000000 420.694824 0.000000 0.593213 0.000000 0.805045 0.328514 0.328514 0.328514
7986.665039 0.000000 417.055542 0.000000 0.275043 0.000000 0.961432 0.301286 0.301286 0.301286
7990.761230 0.000000 416.559387 0.000000 0.949637 0.000000 0.313353 0.375651 0.375651 0.375651
7989.019531 0.000000 415.095184 0.000000 0.300628 0.000000 0.953741 0.303327 0.303327 0.303327
7987.945312 0.000000 420.272034 0.000000 0.921245 0.000000 0.388984 0.369478 0.369478 0.369478
7989.562012 0.000000 420.266998 0.000000 0.356175 0.000000 0.934419 0.307821 0.307821 0.307821
7990.117676 0.000000 412.472443 0.000000 0.685729 0.000000 0.727857 0.337724 0.337724 0.337724
7977.660645 0.000000 408.414368 0.000000 0.973548 0.000000 0.228484 0.382390 0.382390 0.382390
7986.696289 0.000000 426.774353 0.000000 0.877648 0.000000 0.479306 0.361813 0.361813 0.361813
7974.766113 0.000000 425.112366 0.000000 0.987881 0.000000 0.155211 0.388095 0.388095 0.388095
7981.630371 0.000000 422.081360 0.000000 0.972193 0.000000 0.234182 0.381942 0.381942 0.381942
7984.697754 0.000000 411.995056 0.000000 0.402166 0.000000 0.915567 0.311618 0.311618 0.311618
8023.427734 0.000000 444.386017 0.000000 0.995659 0.000000 0.093071 0.199314 0.199314 0.199314
8018.458984 0.000000 446.827789 0.000000 0.848018 0.000000 0.529967 0.269513 0.269513 0.269513
8021.550781 0.000000 447.670990 0.000000 0.856425 0.000000 0.516271 0.352954 0.352954 0.352954
8020.631836 0.000000 447.189697 0.000000 0.996020 0.000000 0.089127 0.379155 0.379155 0.379155
8026.419922 0.000000 447.490692 0.000000 0.647386 0.000000 0.762162 0.341582 0.341582 0.341582
8022.044922 0.000000 446.151917 0.000000 0.978080 0.000000 0.208229 0.384813 0.384813 0.384813
8025.455566 0.000000 447.961304 0.000000 0.754132 0.000000 0.656722 0.345266 0.345266 0.345266
8022.175293 0.000000 449.255157 0.000000 0.353676 0.000000 0.935368 0.312145 0.312145 0.312145
8031.822266 0.000000 477.936127 0.000000 0.371562 0.000000 0.928408 0.190641 0.190641 0.190641
8013.152832 0.000000 497.106049 0.000000 0.601187 0.000000 0.799109 0.191910 0.191910 0.191910
8033.210938 0.000000 501.317810 0.000000 0.999542 0.000000 0.030253 0.205843 0.205843 0.205843
8023.825684 0.000000 505.795380 0.000000 0.932710 0.000000 0.360627 0.213808 0.213808 0.213808
8007.299805 0.000000 492.613129 0.000000 0.998715 0.000000 0.050685 0.218955 0.218955 0.218955
8038.039062 0.000000 469.976685 0.000000 0.220758 0.000000 0.975329 0.216364 0.216364 0.216364
8038.058105 0.000000 468.177429 0.000000 0.997865 0.000000 0.065317 0.237575 0.237575 0.237575
8036.175781 0.000000 506.789734 0.000000 0.126213 0.000000 0.992003 0.220280 0.220280 0.220280
8042.734375 0.000000 499.889160 0.000000 0.984609 0.000000 0.174769 0.265913 0.265913 0.265913
8046.419434 0.000000 507.588928 0.000000 0.631497 0.000000 0.775378 0.247470 0.247470 0.247470
8032.531738 0.000000 475.062653 0.000000 0.842011 0.000000 0.539460 0.259583 0.259583 0.259583
8032.142090 0.000000 465.592957 0.000000 0.078222 0.000000 0.996936 0.255840 0.255840 0.255840
8010.229004 0.000000 496.142944 0.000000 0.623121 0.000000 0.782125 0.259481 0.259481 0.259481
8054.354980 0.000000 503.727051 0.000000 0.259500 0.000000 0.965743 0.298456 0.298456 0.298456
8030.879883 0.000000 467.220459 0.000000 0.318356 0.000000 0.947971 0.278097 0.278097 0.278097
8035.929199 0.000000 475.813599 0.000000 0.282401 0.000000 0.959296 0.284120 0.284120 0.284120
8033.089844 0.000000 473.158630 0.000000 0.874801 0.000000 0.484482 0.355076 0.355076 0.355076
8053.963867 0.000000 495.831665 0.000000 0.253420 0.000000 0.967356 0.299971 0.299971 0.299971
8043.613281 0.000000 505.086090 0.000000 0.504073 0.000000 0.863661 0.328877 0.328877 0.328877
8051.150391 0.000000 494.518127 0.000000 0.936397 0.000000 0.350942 0.339078 0.339078 0.339078
8038.257812 0.000000 504.438751 0.000000 0.111747 0.000000 0.993737 0.300507 0.300507 0.300507
8007.034180 0.000000 497.014832 0.000000 0.999976 0.000000 0.006920 0.388384 0.388384 0.388384
8054.982422 0.000000 495.500122 0.000000 0.970585 0.000000 0.240758 0.373320 0.373320 0.373320
8053.564941 0.000000 504.265808 0.000000 0.665749 0.000000 0.746176 0.337947 0.337947 0.337947
8020.263184 0.000000 508.050079 0.000000 0.915115 0.000000 0.403192 0.373269 0.373269 0.373269
8030.130371 0.000000 504.088226 0.000000 0.186562 0.000000 0.982443 0.294336 0.294336 0.294336
8036.620117 0.000000 471.225922 0.000000 0.954757 0.000000 0.297386 0.376932 0.376932 0.376932
8042.301270 0.000000 473.804962 0.000000 0.498959 0.000000 0.866626 0.319908 0.319908 0.319908
8035.953125 0.000000 466.831482 0.000000 0.988228 0.000000 0.152991 0.378607 0.378607 0.378607
8039.121094 0.000000 505.862213 0.000000 0.152988 0.000000 0.988228 0.302930 0.302930 0.302930
8038.004883 0.000000 475.026733 0.000000 0.595899 0.000000 0.803059 0.328769 0.328769 0.328769
8045.929688 0.000000 501.255432 0.000000 0.144997 0.000000 0.989432 0.291116 0.291116 0.291116
8042.073730 0.000000 504.186768 0.000000 0.966242 0.000000 0.257637 0.376340 0.376340 0.376340
8050.939453 0.000000 497.081635 0.000000 0.309160 0.000000 0.951010 0.304011 0.304011 0.304011
8051.695801 0.000000 499.740875 0.000000 0.549006 0.000000 0.835819 0.324398 0.324398 0.324398
8041.717285 0.000000 478.046570 0.000000 0.370374 0.000000 0.928883 0.309877 0.309877 0.309877
8038.289062 0.000000 471.899078 0.000000 0.977052 0.000000 0.213000 0.383602 0.383602 0.383602
8032.754883 0.000000 471.380920 0.000000 0.999606 0.000000 0.028053 0.397857 0.397857 0.397857
8035.969727 0.000000 472.897583 0.000000 0.950869 0.000000 0.309592 0.377525 0.377525 0.377525
8036.482910 0.000000 504.398712 0.000000 0.533057 0.000000 0.846079 0.333273 0.333273 0.333273
8036.125488 0.000000 500.700256 0.000000 0.741325 0.000000 0.671146 0.349930 0.349930 0.349930
8051.206543 0.000000 503.899292 0.000000 0.999974 0.000000 0.007156 0.399480 0.399480 0.399480
8036.469238 0.000000 475.039978 0.000000 0.877877 0.000000 0.478887 0.361850 0.361850 0.361850
8043.037598 0.000000 476.951599 0.000000 0.999741 0.000000 0.022761 0.398261 0.398261 0.398261
8041.537598 0.000000 479.288361 0.000000 0.320657 0.000000 0.947195 0.305869 0.305869 0.305869
8035.143555 0.000000 468.291931 0.000000 0.883752 0.000000 0.467955 0.362798 0.362798 0.362798
8032.770020 0.000000 506.099579 0.000000 0.722457 0.000000 0.691416 0.341677 0.341677 0.341677
8043.701172 0.000000 476.279449 0.000000 0.884137 0.000000 0.467228 0.362861 0.362861 0.362861
8050.057617 0.000000 505.873810 0.000000 0.834568 0.000000 0.550905 0.361254 0.361254 0.361254
8050.330078 0.000000 501.604065 0.000000 0.096864 0.000000 0.995298 0.287411 0.287411 0.287411
8042.915527 0.000000 503.513672 0.000000 0.685553 0.000000 0.728023 0.337705 0.337705 0.337705
8031.527832 0.000000 505.885925 0.000000 0.564718 0.000000 0.825284 0.325844 0.325844 0.325844
8042.121582 0.000000 502.173431 0.000000 0.914036 0.000000 0.405634 0.368092 0.368092 0.368092
8044.922363 0.000000 500.011749 0.000000 0.995471 0.000000 0.095064 0.392727 0.392727 0.392727
8054.369141 0.000000 500.248047 0.000000 0.009463 0.000000 0.999955 0.281503 0.281503 0.281503
8039.334473 0.000000 502.982819 0.000000 0.423981 0.000000 0.905671 0.313448 0.313448 0.313448
8054.469727 0.000000 498.946808 0.000000 0.965923 0.000000 0.258830 0.379999 0.379999 0.379999
8033.316895 0.000000 502.157379 0.000000 0.630799 0.000000 0.775946 0.332146 0.332146 0.332146
8033.141113 0.000000 469.707367 0.000000 0.545218 0.000000 0.838294 0.324053 0.324053 0.324053
8029.028809 0.000000 506.998169 0.000000 0.988614 0.000000 0.150477 0.388461 0.388461 0.388461
8034.732910 0.000000 502.335205 0.000000 0.906552 0.000000 0.422095 0.366711 0.366711 0.366711
8036.714355 0.000000 476.094177 0.000000 0.818862 0.000000 0.573991 0.353905 0.353905 0.353905
8049.182129 0.000000 499.318359 0.000000 0.981910 0.000000 0.189349 0.385447 0.385447 0.385447
8037.986816 0.000000 477.632172 0.000000 0.976973 0.000000 0.213363 0.383789 0.383789 0.383789
8038.437012 0.000000 502.792145 0.000000 0.919075 0.000000 0.394082 0.369055 0.369055 0.369055
8038.932129 0.000000 473.625763 0.000000 0.277499 0.000000 0.960726 0.301481 0.301481 0.301481
8035.894531 0.000000 468.602448 0.000000 0.774841 0.000000 0.632157 0.347721 0.347721 0.347721
8044.955078 0.000000 502.524445 0.000000 0.932630 0.000000 0.360833 0.371798 0.371798 0.371798
8039.783691 0.000000 476.034210 0.000000 0.895834 0.000000 0.444388 0.364821 0.364821 0.364821
8036.534668 0.000000 525.537415 0.000000 0.445391 0.000000 0.895336 0.197195 0.197195 0.197195
8027.828125 0.000000 512.398560 0.000000 0.991383 0.000000 0.130994 0.214633 0.214633 0.214633
8056.123047 0.000000 511.702911 0.000000 0.333055 0.000000 0.942907 0.214918 0.214918 0.214918
8026.472168 0.000000 511.593048 0.000000 0.852058 0.000000 0.523448 0.238477 0.238477 0.238477
8023.808105 0.000000 513.193115 0.000000 0.908055 0.000000 0.418851 0.251840 0.251840 0.251840
8025.134766 0.000000 521.100098 0.000000 0.160784 0.000000 0.986990 0.272493 0.272493 0.272493
8059.234375 0.000000 512.731567 0.000000 0.734666 0.000000 0.678429 0.269896 0.269896 0.269896
8059.085449 0.000000 518.876404 0.000000 0.937389 0.000000 0.348283 0.314369 0.314369 0.314369
8060.750488 0.000000 514.661621 0.000000 0.994309 0.000000 0.106537 0.318691 0.318691 0.318691
8058.394531 0.000000 518.086914 0.000000 0.684808 0.000000 0.728723 0.296339 0.296339 0.296339
8031.150879 0.000000 517.060364 0.000000 0.647704 0.000000 0.761892 0.327290 0.327290 0.327290
8023.253418 0.000000 525.343384 0.000000 0.886691 0.000000 0.462362 0.365736 0.365736 0.365736
8020.319824 0.000000 511.172882 0.000000 0.210809 0.000000 0.977527 0.287340 0.287340 0.287340
8022.980957 0.000000 521.617432 0.000000 0.032395 0.000000 0.999475 0.296363 0.296363 0.296363
8062.229492 0.000000 563.069153 0.000000 0.543581 0.000000 0.839357 0.333602 0.333602 0.333602
8055.426758 0.000000 512.416931 0.000000 0.962941 0.000000 0.269711 0.381387 0.381387 0.381387
8018.310059 0.000000 508.412018 0.000000 0.389058 0.000000 0.921213 0.303440 0.303440 0.303440
8029.283691 0.000000 522.559265 0.000000 0.999832 0.000000 0.018311 0.398647 0.398647 0.398647
8031.954590 0.000000 513.099792 0.000000 0.824348 0.000000 0.566083 0.355082 0.355082 0.355082
8028.673340 0.000000 512.716797 0.000000 0.680688 0.000000 0.732573 0.338358 0.338358 0.338358
8034.358398 0.000000 522.347229 0.000000 0.105019 0.000000 0.994470 0.304869 0.304869 0.304869
8035.953125 0.000000 523.315857 0.000000 0.791283 0.000000 0.611450 0.357296 0.357296 0.357296
8026.455566 0.000000 526.250244 0.000000 0.671309 0.000000 0.741178 0.336224 0.336224 0.336224
8026.791016 0.000000 522.023865 0.000000 0.924349 0.000000 0.381549 0.373514 0.373514 0.373514
8033.148926 0.000000 520.400635 0.000000 0.939543 0.000000 0.342431 0.373300 0.373300 0.373300
8027.002930 0.000000 524.496704 0.000000 0.328692 0.000000 0.944437 0.305586 0.305586 0.305586
8056.977539 0.000000 517.302368 0.000000 0.065340 0.000000 0.997863 0.286498 0.286498 0.286498
8026.107422 0.000000 529.062561 0.000000 0.461179 0.000000 0.887307 0.316618 0.316618 0.316618
8029.636230 0.000000 511.265442 0.000000 0.334566 0.000000 0.942372 0.306062 0.306062 0.306062
8026.140137 0.000000 524.692627 0.000000 0.990830 0.000000 0.135117 0.389646 0.389646 0.389646
8033.655762 0.000000 523.927917 0.000000 0.114888 0.000000 0.993379 0.288796 0.288796 0.288796
8027.617676 0.000000 525.082275 0.000000 0.404590 0.000000 0.914498 0.311821 0.311821 0.311821
8028.253906 0.000000 522.477295 0.000000 0.627869 0.000000 0.778319 0.334084 0.334084 0.334084
8028.769531 0.000000 511.160919 0.000000 0.148161 0.000000 0.988963 0.291360 0.291360 0.291360
8028.705078 0.000000 509.139038 0.000000 0.547924 0.000000 0.836528 0.324300 0.324300 0.324300
8023.851074 0.000000 519.128662 0.000000 0.309975 0.000000 0.950745 0.306898 0.306898 0.306898
8029.343262 0.000000 523.636475 0.000000 0.761686 0.000000 0.647947 0.347910 0.347910 0.347910
8030.013672 0.000000 512.158264 0.000000 0.986348 0.000000 0.164673 0.387651 0.387651 0.387651
8029.352539 0.000000 525.319641 0.000000 0.999842 0.000000 0.017748 0.398666 0.398666 0.398666
8025.308105 0.000000 522.752136 0.000000 0.957895 0.000000 0.287119 0.377753 0.377753 0.377753
8098.940430 0.000000 518.445740 0.000000 0.818842 0.000000 0.574019 0.247049 0.247049 0.247049
8114.026855 0.000000 544.443542 0.000000 0.772581 0.000000 0.634917 0.255786 0.255786 0.255786
8094.457031 0.000000 511.410065 0.000000 0.310753 0.000000 0.950491 0.233478 0.233478 0.233478
8098.885254 0.000000 537.944092 0.000000 0.929838 0.000000 0.367970 0.298591 0.298591 0.298591
8090.409180 0.000000 521.215698 0.000000 0.925012 0.000000 0.379938 0.274072 0.274072 0.274072
8105.291504 0.000000 557.865356 0.000000 0.671516 0.000000 0.740990 0.289736 0.289736 0.289736
8094.440430 0.000000 538.423218 0.000000 0.131646 0.000000 0.991297 0.260256 0.260256 0.260256
8076.208496 0.000000 562.460144 0.000000 0.781193 0.000000 0.624290 0.311663 0.311663 0.311663
8101.796387 0.000000 540.802307 0.000000 0.942485 0.000000 0.334247 0.302858 0.302858 0.302858
8123.585938 0.000000 544.917358 0.000000 0.481589 0.000000 0.876397 0.295480 0.295480 0.295480
8107.276855 0.000000 520.323730 0.000000 0.754376 0.000000 0.656442 0.304644 0.304644 0.304644
8090.827148 0.000000 519.428162 0.000000 0.057344 0.000000 0.998354 0.269670 0.269670 0.269670
8102.864258 0.000000 545.737000 0.000000 0.378702 0.000000 0.925519 0.304218 0.304218 0.304218
8103.874512 0.000000 555.458984 0.000000 0.528267 0.000000 0.849078 0.294770 0.294770 0.294770
8105.787598 0.000000 548.149597 0.000000 0.816637 0.000000 0.577152 0.311484 0.311484 0.311484
8091.101074 0.000000 517.512634 0.000000 0.232402 0.000000 0.972620 0.268533 0.268533 0.268533
8072.532715 0.000000 561.672424 0.000000 0.762921 0.000000 0.646492 0.337819 0.337819 0.337819
8092.595215 0.000000 548.988159 0.000000 0.894505 0.000000 0.447058 0.313041 0.313041 0.313041
8110.488281 0.000000 533.223816 0.000000 0.499168 0.000000 0.866505 0.314598 0.314598 0.314598
8094.356445 0.000000 551.043396 0.000000 0.999869 0.000000 0.016163 0.375582 0.375582 0.375582
8104.083496 0.000000 522.536438 0.000000 0.855652 0.000000 0.517551 0.343846 0.343846 0.343846
8122.980469 0.000000 546.796875 0.000000 0.039689 0.000000 0.999212 0.280545 0.280545 0.280545
8102.279297 0.000000 542.834473 0.000000 0.790785 0.000000 0.612094 0.356750 0.356750 0.356750
8106.582031 0.000000 522.135681 0.000000 0.080157 0.000000 0.996782 0.304139 0.304139 0.304139
8102.983398 0.000000 541.223267 0.000000 0.999504 0.000000 0.031496 0.364766 0.364766 0.364766
8094.478516 0.000000 551.982605 0.000000 0.490792 0.000000 0.871277 0.318310 0.318310 0.318310
8113.086426 0.000000 530.013733 0.000000 0.762776 0.000000 0.646662 0.352951 0.352951 0.352951
8100.599609 0.000000 553.215820 0.000000 0.430436 0.000000 0.902621 0.323831 0.323831 0.323831
8073.910156 0.000000 560.137024 0.000000 0.366497 0.000000 0.930419 0.310736 0.310736 0.310736
8103.311523 0.000000 549.145081 0.000000 0.379963 0.000000 0.925002 0.320980 0.320980 0.320980
8086.024902 0.000000 519.648682 0.000000 0.447538 0.000000 0.894265 0.318321 0.318321 0.318321
8093.191406 0.000000 546.326782 0.000000 0.930166 0.000000 0.367139 0.374941 0.374941 0.374941
8105.909180 0.000000 520.110352 0.000000 0.944171 0.000000 0.329456 0.374352 0.374352 0.374352
8098.106934 0.000000 543.296753 0.000000 0.443313 0.000000 0.896367 0.315087 0.315087 0.315087
8097.903320 0.000000 514.770142 0.000000 0.729838 0.000000 0.683620 0.342497 0.342497 0.342497
8102.190918 0.000000 520.528992 0.000000 0.951990 0.000000 0.306129 0.376232 0.376232 0.376232
8066.057129 0.000000 563.661377 0.000000 0.715313 0.000000 0.698804 0.348425 0.348425 0.348425
8089.222656 0.000000 516.591980 0.000000 0.654128 0.000000 0.756384 0.334471 0.334471 0.334471
8101.705566 0.000000 553.969666 0.000000 0.070900 0.000000 0.997483 0.298526 0.298526 0.298526
8101.422363 0.000000 517.862915 0.000000 0.063672 0.000000 0.997971 0.284868 0.284868 0.284868
8089.896973 0.000000 512.290405 0.000000 0.431673 0.000000 0.902030 0.314098 0.314098 0.314098
8094.083008 0.000000 543.871521 0.000000 0.487247 0.000000 0.873264 0.318880 0.318880 0.318880
8113.788086 0.000000 531.377380 0.000000 0.907733 0.000000 0.419549 0.371033 0.371033 0.371033
8088.142090 0.000000 517.739502 0.000000 0.349106 0.000000 0.937083 0.307244 0.307244 0.307244
8099.696777 0.000000 546.836914 0.000000 0.824653 0.000000 0.565639 0.354071 0.354071 0.354071
8103.591309 0.000000 517.070923 0.000000 0.797021 0.000000 0.603951 0.355339 0.355339 0.355339
8118.564941 0.000000 544.176453 0.000000 0.718318 0.000000 0.695715 0.341989 0.341989 0.341989
8096.115723 0.000000 550.927856 0.000000 0.409063 0.000000 0.912506 0.312195 0.312195 0.312195
8091.134277 0.000000 510.892120 0.000000 0.080369 0.000000 0.996765 0.286146 0.286146 0.286146
8069.970703 0.000000 562.031311 0.000000 0.091384 0.000000 0.995816 0.286991 0.286991 0.286991
8094.501953 0.000000 545.736267 0.000000 0.908028 0.000000 0.418909 0.366979 0.366979 0.366979
8090.876465 0.000000 512.339233 0.000000 0.424348 0.000000 0.905499 0.313479 0.313479 0.313479
8068.941895 0.000000 564.431274 0.000000 0.548384 0.000000 0.836226 0.333984 0.333984 0.333984
8100.307617 0.000000 514.874451 0.000000 0.487712 0.000000 0.873004 0.325545 0.325545 0.325545
8096.590332 0.000000 545.877075 0.000000 0.103090 0.000000 0.994672 0.287889 0.287889 0.287889
8101.858887 0.000000 516.375610 0.000000 0.991843 0.000000 0.127469 0.390236 0.390236 0.390236
8093.636230 0.000000 511.265442 0.000000 0.959690 0.000000 0.281061 0.378235 0.378235 0.378235
8112.279297 0.000000 533.849976 0.000000 0.377683 0.000000 0.925935 0.315792 0.315792 0.315792
8088.852539 0.000000 519.406677 0.000000 0.829888 0.000000 0.557931 0.354783 0.354783 0.354783
8098.262207 0.000000 545.949646 0.000000 0.997989 0.000000 0.063385 0.395154 0.395154 0.395154
8094.019043 0.000000 513.728760 0.000000 0.911285 0.000000 0.411777 0.367578 0.367578 0.367578
8092.769531 0.000000 511.160919 0.000000 0.084109 0.000000 0.996457 0.286433 0.286433 0.286433
8091.390137 0.000000 511.678436 0.000000 0.471310 0.000000 0.881968 0.317492 0.317492 0.317492
8094.013672 0.000000 512.158264 0.000000 0.863520 0.000000 0.504315 0.359619 0.359619 0.359619
8100.138184 0.000000 516.622742 0.000000 0.887145 0.000000 0.461491 0.363355 0.363355 0.363355
8089.974121 0.000000 515.075317 0.000000 0.148837 0.000000 0.988862 0.291413 0.291413 0.291413
8095.336914 0.000000 543.154846 0.000000 0.977291 0.000000 0.211901 0.383688 0.383688 0.383688
8091.094727 0.000000 513.928467 0.000000 0.133744 0.000000 0.991016 0.290248 0.290248 0.290248
8097.225586 0.000000 551.337341 0.000000 0.519147 0.000000 0.854685 0.321700 0.321700 0.321700
8105.660645 0.000000 521.383118 0.000000 0.406235 0.000000 0.913769 0.311958 0.311958 0.311958
8097.683594 0.000000 542.435425 0.000000 0.337056 0.000000 0.941484 0.306264 0.306264 0.306264
8096.927734 0.000000 547.230713 0.000000 0.829429 0.000000 0.558613 0.354720 0.354720 0.354720
8095.290039 0.000000 545.196472 0.000000 0.402038 0.000000 0.915623 0.311608 0.311608 0.311608
8094.881348 0.000000 543.981934 0.000000 0.891902 0.000000 0.452228 0.364151 0.364151 0.364151
8089.412598 0.000000 512.894348 0.000000 0.998032 0.000000 0.062712 0.395206 0.395206 0.395206
8060.369141 0.000000 566.530273 0.000000 0.464920 0.000000 0.885353 0.330512 0.330512 0.330512
8063.109863 0.000000 571.886475 0.000000 0.512720 0.000000 0.858556 0.331547 0.331547 0.331547
8062.328613 0.000000 570.697510 0.000000 0.949682 0.000000 0.313216 0.375779 0.375779 0.375779
8058.480469 0.000000 568.874756 0.000000 0.995686 0.000000 0.092784 0.393110 0.393110 0.393110
8059.894531 0.000000 569.685791 0.000000 0.954470 0.000000 0.298307 0.377539 0.377539 0.377539
8055.190918 0.000000 663.218689 0.000000 0.492550 0.000000 0.870284 0.256089 0.256089 0.256089
8051.778809 0.000000 666.908813 0.000000 0.426744 0.000000 0.904373 0.254886 0.254886 0.254886
8061.826172 0.000000 663.047974 0.000000 0.715865 0.000000 0.698239 0.303176 0.303176 0.303176
8059.219238 0.000000 664.925354 0.000000 0.987987 0.000000 0.154540 0.364763 0.364763 0.364763
8052.584961 0.000000 672.210876 0.000000 0.859935 0.000000 0.510403 0.359079 0.359079 0.359079
8052.311523 0.000000 673.783081 0.000000 0.436940 0.000000 0.899491 0.314545 0.314545 0.314545
8053.814453 0.000000 671.138000 0.000000 0.530566 0.000000 0.847644 0.322725 0.322725 0.322725
8051.206543 0.000000 673.352417 0.000000 0.866847 0.000000 0.498573 0.360126 0.360126 0.360126
8053.628418 0.000000 672.643555 0.000000 0.424560 0.000000 0.905400 0.313497 0.313497 0.313497
8050.057617 0.000000 675.326904 0.000000 0.954782 0.000000 0.297308 0.376939 0.376939 0.376939
8048.770020 0.000000 674.295837 0.000000 0.290771 0.000000 0.956793 0.302539 0.302539 0.302539
8050.330078 0.000000 671.057190 0.000000 0.115112 0.000000 0.993353 0.301894 0.301894 0.301894
8059.912598 0.000000 662.239685 0.000000 0.999901 0.000000 0.014040 0.398927 0.398927 0.398927
8051.716797 0.000000 675.890869 0.000000 0.949652 0.000000 0.313308 0.375655 0.375655 0.375655
8057.419434 0.000000 662.895020 0.000000 0.954712 0.000000 0.297531 0.376921 0.376921 0.376921
8050.343262 0.000000 673.876953 0.000000 0.851069 0.000000 0.525053 0.357771 0.357771 0.357771
8059.380371 0.000000 663.189392 0.000000 0.744161 0.000000 0.668000 0.344116 0.344116 0.344116
8104.581055 0.000000 595.108154 0.000000 0.638671 0.000000 0.769480 0.206408 0.206408 0.206408
8104.272949 0.000000 615.059387 0.000000 0.965226 0.000000 0.261417 0.209793 0.209793 0.209793
8097.198730 0.000000 599.694824 0.000000 0.875049 0.000000 0.484035 0.259177 0.259177 0.259177
8096.928711 0.000000 580.834961 0.000000 0.958501 0.000000 0.285088 0.265342 0.265342 0.265342
8096.286133 0.000000 589.721924 0.000000 0.585132 0.000000 0.810938 0.280762 0.280762 0.280762
8079.969727 0.000000 582.247864 0.000000 0.961348 0.000000 0.275335 0.291602 0.291602 0.291602
8107.135742 0.000000 596.466797 0.000000 0.817066 0.000000 0.576544 0.287679 0.287679 0.287679
8088.553223 0.000000 613.317261 0.000000 0.857029 0.000000 0.515267 0.301469 0.301469 0.301469
8100.230469 0.000000 596.606750 0.000000 0.848469 0.000000 0.529245 0.314819 0.314819 0.314819
8101.796387 0.000000 597.286682 0.000000 0.858160 0.000000 0.513382 0.315604 0.315604 0.315604
8094.679199 0.000000 618.809021 0.000000 0.800530 0.000000 0.599292 0.296799 0.296799 0.296799
8105.787598 0.000000 604.633972 0.000000 0.851724 0.000000 0.523991 0.303902 0.303902 0.303902
8082.295410 0.000000 569.119812 0.000000 0.563921 0.000000 0.825829 0.289472 0.289472 0.289472
8099.633789 0.000000 597.917542 0.000000 0.292162 0.000000 0.956369 0.277730 0.277730 0.277730
8092.043457 0.000000 617.357605 0.000000 0.329236 0.000000 0.944248 0.310427 0.310427 0.310427
8096.608887 0.000000 600.753357 0.000000 0.936083 0.000000 0.351779 0.361585 0.361585 0.361585
8089.502930 0.000000 575.417175 0.000000 0.428795 0.000000 0.903402 0.317141 0.317141 0.317141
8095.860840 0.000000 617.439453 0.000000 0.460907 0.000000 0.887448 0.315068 0.315068 0.315068
8094.990234 0.000000 615.465515 0.000000 0.873253 0.000000 0.487266 0.328128 0.328128 0.328128
8078.572754 0.000000 571.546143 0.000000 0.230370 0.000000 0.973103 0.311479 0.311479 0.311479
8099.124512 0.000000 578.211182 0.000000 0.537717 0.000000 0.843126 0.319875 0.319875 0.319875
8118.512695 0.000000 598.997681 0.000000 0.686313 0.000000 0.727306 0.347138 0.347138 0.347138
8090.767578 0.000000 618.671997 0.000000 0.830884 0.000000 0.556445 0.323447 0.323447 0.323447
8081.347656 0.000000 568.937744 0.000000 0.557419 0.000000 0.830231 0.336236 0.336236 0.336236
8104.486816 0.000000 613.821350 0.000000 0.716015 0.000000 0.698085 0.331542 0.331542 0.331542
8095.047363 0.000000 613.521912 0.000000 0.840227 0.000000 0.542235 0.360654 0.360654 0.360654
8103.616211 0.000000 603.680847 0.000000 0.796548 0.000000 0.604575 0.352748 0.352748 0.352748
8102.257812 0.000000 617.407532 0.000000 0.636043 0.000000 0.771654 0.340903 0.340903 0.340903
8111.074707 0.000000 599.095703 0.000000 0.736098 0.000000 0.676875 0.351553 0.351553 0.351553
8103.311523 0.000000 605.629456 0.000000 0.898092 0.000000 0.439807 0.342011 0.342011 0.342011
8119.679688 0.000000 600.649292 0.000000 0.531524 0.000000 0.847043 0.331136 0.331136 0.331136
8088.942383 0.000000 582.121399 0.000000 0.633258 0.000000 0.773941 0.334818 0.334818 0.334818
8078.077637 0.000000 569.717834 0.000000 0.925564 0.000000 0.378590 0.351255 0.351255 0.351255
8115.284668 0.000000 599.127075 0.000000 0.893476 0.000000 0.449111 0.366046 0.366046 0.366046
8076.614746 0.000000 568.534973 0.000000 0.312451 0.000000 0.949934 0.311270 0.311270 0.311270
8082.576172 0.000000 584.247620 0.000000 0.819106 0.000000 0.573642 0.358056 0.358056 0.358056
8083.207031 0.000000 572.232971 0.000000 0.929541 0.000000 0.368719 0.371151 0.371151 0.371151
8103.903320 0.000000 607.521362 0.000000 0.040323 0.000000 0.999187 0.295345 0.295345 0.295345
8093.295410 0.000000 616.057861 0.000000 0.291947 0.000000 0.956435 0.308222 0.308222 0.308222
8085.020508 0.000000 578.413330 0.000000 0.945502 0.000000 0.325616 0.374663 0.374663 0.374663
8099.321777 0.000000 584.521484 0.000000 0.745551 0.000000 0.666449 0.344275 0.344275 0.344275
8084.631836 0.000000 616.642822 0.000000 0.931495 0.000000 0.363755 0.371559 0.371559 0.371559
8094.130371 0.000000 617.056946 0.000000 0.140547 0.000000 0.990074 0.296752 0.296752 0.296752
8106.983887 0.000000 607.735901 0.000000 0.177303 0.000000 0.984156 0.293617 0.293617 0.293617
8080.515625 0.000000 575.309509 0.000000 0.926948 0.000000 0.375190 0.370619 0.370619 0.370619
8110.481445 0.000000 597.568604 0.000000 0.756913 0.000000 0.653516 0.345590 0.345590 0.345590
8099.307129 0.000000 613.158569 0.000000 0.211991 0.000000 0.977272 0.296319 0.296319 0.296319
8080.750488 0.000000 573.525757 0.000000 0.849388 0.000000 0.527770 0.359748 0.359748 0.359748
8074.346680 0.000000 574.256226 0.000000 0.185136 0.000000 0.982713 0.294225 0.294225 0.294225
8074.084473 0.000000 571.907593 0.000000 0.967037 0.000000 0.254634 0.380331 0.380331 0.380331
8109.703125 0.000000 607.866943 0.000000 0.038548 0.000000 0.999257 0.282946 0.282946 0.282946
8108.670898 0.000000 599.601562 0.000000 0.972572 0.000000 0.232604 0.383238 0.383238 0.383238
8084.985352 0.000000 576.367065 0.000000 0.674217 0.000000 0.738533 0.336525 0.336525 0.336525
8068.896484 0.000000 570.992310 0.000000 0.105478 0.000000 0.994422 0.288073 0.288073 0.288073
8090.615234 0.000000 613.884583 0.000000 0.036712 0.000000 0.999326 0.282805 0.282805 0.282805
8090.419922 0.000000 616.943787 0.000000 0.987300 0.000000 0.158869 0.385633 0.385633 0.385633
8065.870117 0.000000 570.470703 0.000000 0.754414 0.000000 0.656399 0.345299 0.345299 0.345299
8119.375488 0.000000 594.613892 0.000000 0.857653 0.000000 0.514229 0.363836 0.363836 0.363836
8110.139648 0.000000 604.008118 0.000000 0.612610 0.000000 0.790385 0.330371 0.330371 0.330371
8119.269531 0.000000 596.285156 0.000000 0.308586 0.000000 0.951197 0.314658 0.314658 0.314658
8118.842773 0.000000 593.261475 0.000000 0.335961 0.000000 0.941876 0.319666 0.319666 0.319666
8079.121582 0.000000 573.760376 0.000000 0.962698 0.000000 0.270578 0.379068 0.379068 0.379068
8100.404297 0.000000 587.148132 0.000000 0.522596 0.000000 0.852580 0.322009 0.322009 0.322009
8101.781738 0.000000 616.451294 0.000000 0.265759 0.000000 0.964040 0.300549 0.300549 0.300549
8090.148926 0.000000 613.140076 0.000000 0.471040 0.000000 0.882112 0.317469 0.317469 0.317469
8083.851562 0.000000 577.363220 0.000000 0.354699 0.000000 0.934981 0.307700 0.307700 0.307700
8073.114746 0.000000 574.122314 0.000000 0.920255 0.000000 0.391319 0.369284 0.369284 0.369284
8078.886230 0.000000 575.438965 0.000000 0.911431 0.000000 0.411452 0.367605 0.367605 0.367605
8113.184082 0.000000 601.404663 0.000000 0.980605 0.000000 0.195996 0.384929 0.384929 0.384929
8112.134277 0.000000 596.098389 0.000000 0.835031 0.000000 0.550202 0.355492 0.355492 0.355492
8117.407715 0.000000 592.329773 0.000000 0.242447 0.000000 0.970165 0.298708 0.298708 0.298708
8112.458008 0.000000 601.894775 0.000000 0.271558 0.000000 0.962422 0.301009 0.301009 0.301009
8115.584961 0.000000 594.907593 0.000000 0.980695 0.000000 0.195543 0.384965 0.384965 0.384965
8108.662109 0.000000 605.009338 0.000000 0.144136 0.000000 0.989558 0.291050 0.291050 0.291050
8100.482910 0.000000 617.367432 0.000000 0.558226 0.000000 0.829689 0.325244 0.325244 0.325244
8103.350586 0.000000 609.751404 0.000000 0.740272 0.000000 0.672307 0.343673 0.343673 0.343673
8100.469238 0.000000 588.008728 0.000000 0.988934 0.000000 0.148357 0.388624 0.388624 0.388624
8096.115723 0.000000 607.412231 0.000000 0.930827 0.000000 0.365461 0.371419 0.371419 0.371419
8097.604980 0.000000 613.510315 0.000000 0.990714 0.000000 0.135960 0.390841 0.390841 0.390841
8101.557617 0.000000 614.433716 0.000000 0.519399 0.000000 0.854532 0.321723 0.321723 0.321723
8072.554199 0.000000 569.668945 0.000000 0.695353 0.000000 0.718668 0.338740 0.338740 0.338740
8074.256836 0.000000 565.985657 0.000000 0.169223 0.000000 0.985578 0.292990 0.292990 0.292990
8088.740234 0.000000 583.076721 0.000000 0.189319 0.000000 0.981916 0.298341 0.298341 0.298341
8101.616211 0.000000 580.357666 0.000000 0.028884 0.000000 0.999583 0.282207 0.282207 0.282207
8083.242188 0.000000 619.568054 0.000000 0.046848 0.000000 0.998902 0.284341 0.284341 0.284341
8072.933594 0.000000 568.889709 0.000000 0.823139 0.000000 0.567840 0.353867 0.353867 0.353867
8117.960938 0.000000 593.411621 0.000000 0.813908 0.000000 0.580994 0.352639 0.352639 0.352639
8088.819336 0.000000 616.914551 0.000000 0.622809 0.000000 0.782374 0.331362 0.331362 0.331362
8103.982422 0.000000 599.305664 0.000000 0.569186 0.000000 0.822209 0.326258 0.326258 0.326258
8076.951660 0.000000 565.058105 0.000000 0.594444 0.000000 0.804137 0.328631 0.328631 0.328631
8106.167480 0.000000 601.651367 0.000000 0.999721 0.000000 0.023636 0.398194 0.398194 0.398194
8084.034180 0.000000 572.452515 0.000000 0.888971 0.000000 0.457964 0.363659 0.363659 0.363659
8070.149902 0.000000 567.072571 0.000000 0.603538 0.000000 0.797334 0.335489 0.335489 0.335489
8071.798828 0.000000 573.033325 0.000000 0.891540 0.000000 0.452943 0.364090 0.364090 0.364090
8115.529297 0.000000 601.892761 0.000000 0.938522 0.000000 0.345218 0.373073 0.373073 0.373073
8079.887695 0.000000 576.792786 0.000000 0.647639 0.000000 0.761947 0.333818 0.333818 0.333818
8093.506348 0.000000 610.889771 0.000000 0.433028 0.000000 0.901380 0.314213 0.314213 0.314213
8091.885254 0.000000 613.212097 0.000000 0.966527 0.000000 0.256567 0.380178 0.380178 0.380178
8085.781250 0.000000 574.261536 0.000000 0.990708 0.000000 0.136003 0.389578 0.389578 0.389578
8107.357422 0.000000 603.748108 0.000000 0.217271 0.000000 0.976111 0.296732 0.296732 0.296732
8098.257812 0.000000 589.505310 0.000000 0.906455 0.000000 0.422302 0.366693 0.366693 0.366693
8081.071777 0.000000 577.959229 0.000000 0.496583 0.000000 0.867989 0.319699 0.319699 0.319699
8081.662598 0.000000 570.896912 0.000000 0.393485 0.000000 0.919331 0.321378 0.321378 0.321378
8103.334473 0.000000 615.951599 0.000000 0.988666 0.000000 0.150130 0.388600 0.388600 0.388600
8074.092285 0.000000 565.151550 0.000000 0.932827 0.000000 0.360324 0.371840 0.371840 0.371840
8069.842773 0.000000 569.631653 0.000000 0.507576 0.000000 0.861607 0.323522 0.323522 0.323522
8085.524902 0.000000 582.576416 0.000000 0.525841 0.000000 0.850583 0.326870 0.326870 0.326870
8119.351562 0.000000 590.252930 0.000000 0.603817 0.000000 0.797123 0.331137 0.331137 0.331137
8084.719238 0.000000 574.804810 0.000000 0.031548 0.000000 0.999502 0.282410 0.282410 0.282410
8097.316895 0.000000 615.126160 0.000000 0.642173 0.000000 0.766560 0.338288 0.338288 0.338288
8098.404785 0.000000 608.978943 0.000000 0.982673 0.000000 0.185350 0.385758 0.385758 0.385758
8086.405762 0.000000 583.422974 0.000000 0.994856 0.000000 0.101300 0.392273 0.392273 0.392273
8088.025879 0.000000 578.710449 0.000000 0.967649 0.000000 0.252302 0.380515 0.380515 0.380515
8087.968750 0.000000 584.353760 0.000000 0.333239 0.000000 0.942843 0.307798 0.307798 0.307798
8111.983887 0.000000 603.982544 0.000000 0.999975 0.000000 0.007087 0.399459 0.399459 0.399459
8116.071777 0.000000 600.483276 0.000000 0.224964 0.000000 0.974367 0.297334 0.297334 0.297334
8075.700684 0.000000 568.286133 0.000000 0.894056 0.000000 0.447955 0.364517 0.364517 0.364517
8111.784668 0.000000 603.200928 0.000000 0.201298 0.000000 0.979530 0.295484 0.295484 0.295484
8099.067871 0.000000 599.414978 0.000000 0.867044 0.000000 0.498231 0.360156 0.360156 0.360156
8089.455566 0.000000 617.414429 0.000000 0.739027 0.000000 0.673676 0.343531 0.343531 0.343531
8069.969238 0.000000 568.130005 0.000000 0.349777 0.000000 0.936833 0.310631 0.310631 0.310631
8086.175293 0.000000 618.708252 0.000000 0.826989 0.000000 0.562218 0.354388 0.354388 0.354388
8099.916992 0.000000 618.973511 0.000000 0.743946 0.000000 0.668239 0.344092 0.344092 0.344092
8109.515137 0.000000 609.287170 0.000000 0.753129 0.000000 0.657873 0.348735 0.348735 0.348735
8090.241211 0.000000 612.346252 0.000000 0.699783 0.000000 0.714356 0.339213 0.339213 0.339213
8068.810059 0.000000 569.145081 0.000000 0.525537 0.000000 0.850771 0.325067 0.325067 0.325067
8070.064453 0.000000 565.434692 0.000000 0.952579 0.000000 0.304293 0.376379 0.376379 0.376379
8112.478516 0.000000 600.075439 0.000000 0.217814 0.000000 0.975990 0.296774 0.296774 0.296774
8108.304688 0.000000 606.856140 0.000000 0.999982 0.000000 0.005936 0.399547 0.399547 0.399547
8085.006836 0.000000 619.831543 0.000000 0.240511 0.000000 0.970646 0.298556 0.298556 0.298556
8082.436035 0.000000 570.346191 0.000000 0.936634 0.000000 0.350310 0.372658 0.372658 0.372658
8099.737793 0.000000 620.445679 0.000000 0.886176 0.000000 0.463349 0.363195 0.363195 0.363195
8099.894531 0.000000 581.571228 0.000000 0.704575 0.000000 0.709629 0.341106 0.341106 0.341106
8098.706543 0.000000 586.284485 0.000000 0.699956 0.000000 0.714186 0.339231 0.339231 0.339231
8097.225586 0.000000 607.821716 0.000000 0.994619 0.000000 0.103599 0.392071 0.392071 0.392071
8110.975586 0.000000 602.510071 0.000000 0.875282 0.000000 0.483613 0.361438 0.361438 0.361438
8099.985840 0.000000 610.843628 0.000000 0.197217 0.000000 0.980360 0.295166 0.295166 0.295166
8103.000977 0.000000 613.507812 0.000000 0.980625 0.000000 0.195895 0.384937 0.384937 0.384937
8096.953125 0.000000 611.257202 0.000000 0.229988 0.000000 0.973193 0.297729 0.297729 0.297729
8081.139648 0.000000 579.952576 0.000000 0.307386 0.000000 0.951585 0.303869 0.303869 0.303869
8087.203613 0.000000 616.946838 0.000000 0.378474 0.000000 0.925612 0.309652 0.309652 0.309652
8104.598145 0.000000 606.311951 0.000000 0.491806 0.000000 0.870705 0.319279 0.319279 0.319279
8105.729980 0.000000 606.687073 0.000000 0.626188 0.000000 0.779672 0.331693 0.331693 0.331693
8098.625977 0.000000 613.862244 0.000000 0.345650 0.000000 0.938363 0.306962 0.306962 0.306962
8085.560059 0.000000 572.022705 0.000000 0.998477 0.000000 0.055175 0.395783 0.395783 0.395783
8089.308105 0.000000 579.236511 0.000000 0.834404 0.000000 0.551153 0.355405 0.355405 0.355405
8078.432129 0.000000 577.714355 0.000000 0.507366 0.000000 0.861731 0.320651 0.320651 0.320651
8142.716309 0.000000 574.577393 0.000000 0.421721 0.000000 0.906726 0.192063 0.192063 0.192063
8151.871582 0.000000 604.324768 0.000000 0.458287 0.000000 0.888804 0.190844 0.190844 0.190844
8162.456055 0.000000 609.796692 0.000000 0.185092 0.000000 0.982721 0.209246 0.209246 0.209246
8149.721191 0.000000 577.016479 0.000000 0.998945 0.000000 0.045925 0.239006 0.239006 0.239006
8149.351074 0.000000 571.272888 0.000000 0.532936 0.000000 0.846156 0.253171 0.253171 0.253171
8149.764648 0.000000 584.547974 0.000000 0.982789 0.000000 0.184734 0.345275 0.345275 0.345275
8136.898926 0.000000 579.738647 0.000000 0.700807 0.000000 0.713351 0.312356 0.312356 0.312356
8149.880859 0.000000 573.346191 0.000000 0.992124 0.000000 0.125259 0.326609 0.326609 0.326609
8144.389648 0.000000 579.780701 0.000000 0.002842 0.000000 0.999996 0.286738 0.286738 0.286738
8136.004395 0.000000 576.667969 0.000000 0.183211 0.000000 0.983074 0.292690 0.292690 0.292690
8142.162598 0.000000 579.588989 0.000000 0.574622 0.000000 0.818419 0.323761 0.323761 0.323761
8157.523438 0.000000 603.697327 0.000000 0.377776 0.000000 0.925897 0.291895 0.291895 0.291895
8136.372070 0.000000 577.654602 0.000000 0.736267 0.000000 0.676691 0.324802 0.324802 0.324802
8158.356445 0.000000 607.527771 0.000000 0.995214 0.000000 0.097721 0.371089 0.371089 0.371089
8146.490723 0.000000 582.184143 0.000000 0.095171 0.000000 0.995461 0.296491 0.296491 0.296491
8145.425293 0.000000 578.987122 0.000000 0.503553 0.000000 0.863965 0.314150 0.314150 0.314150
8142.367188 0.000000 580.470947 0.000000 0.999135 0.000000 0.041584 0.375287 0.375287 0.375287
8154.567383 0.000000 607.849121 0.000000 0.049833 0.000000 0.998758 0.283809 0.283809 0.283809
8152.450195 0.000000 608.510620 0.000000 0.836195 0.000000 0.548433 0.355654 0.355654 0.355654
8080.341797 0.000000 621.986328 0.000000 0.417299 0.000000 0.908769 0.278483 0.278483 0.278483
8096.083008 0.000000 629.393188 0.000000 0.978664 0.000000 0.205469 0.358859 0.358859 0.358859
8064.173828 0.000000 649.003662 0.000000 0.728840 0.000000 0.684684 0.315025 0.315025 0.315025
8069.023926 0.000000 642.522461 0.000000 0.867691 0.000000 0.497103 0.364931 0.364931 0.364931
8097.744629 0.000000 629.116333 0.000000 0.018558 0.000000 0.999828 0.288075 0.288075 0.288075
8098.382324 0.000000 624.039551 0.000000 0.959250 0.000000 0.282558 0.378116 0.378116 0.378116
8070.917480 0.000000 645.738159 0.000000 0.646339 0.000000 0.763050 0.333688 0.333688 0.333688
8099.451172 0.000000 624.773865 0.000000 0.873897 0.000000 0.486111 0.361220 0.361220 0.361220
8099.292969 0.000000 628.749146 0.000000 0.861434 0.000000 0.507870 0.362230 0.362230 0.362230
8070.686523 0.000000 647.393677 0.000000 0.936233 0.000000 0.351381 0.373736 0.373736 0.373736
8069.930176 0.000000 647.079529 0.000000 0.817926 0.000000 0.575324 0.353170 0.353170 0.353170
8099.361328 0.000000 621.381104 0.000000 0.801033 0.000000 0.598620 0.350972 0.350972 0.350972
8098.573242 0.000000 622.401489 0.000000 0.963408 0.000000 0.268037 0.379270 0.379270 0.379270
8069.388184 0.000000 645.865479 0.000000 0.289299 0.000000 0.957239 0.302421 0.302421 0.302421
6471.251465 0.000000 1410.377197 0.000000 0.244840 0.000000 0.969563 0.298897 0.298897 0.298897
6463.180664 0.000000 1418.210815 0.000000 0.032443 0.000000 0.999474 0.215527 0.215527 0.215527
6463.581543 0.000000 1417.444946 0.000000 0.349272 0.000000 0.937021 0.314531 0.314531 0.314531
6468.386230 0.000000 1422.526367 0.000000 0.533755 0.000000 0.845639 0.200177 0.200177 0.200177
6467.807617 0.000000 1419.911255 0.000000 0.739863 0.000000 0.672757 0.230259 0.230259 0.230259
6465.383301 0.000000 1414.185669 0.000000 0.999067 0.000000 0.043176 0.333235 0.333235 0.333235
6470.418945 0.000000 1419.326538 0.000000 0.550862 0.000000 0.834597 0.333634 0.333634 0.333634
6471.856934 0.000000 1418.628906 0.000000 0.746931 0.000000 0.664901 0.349636 0.349636 0.349636
6465.870117 0.000000 1417.736328 0.000000 0.989672 0.000000 0.143348 0.390268 0.390268 0.390268
6464.751465 0.000000 1416.112793 0.000000 0.810802 0.000000 0.585321 0.357696 0.357696 0.357696
6472.804688 0.000000 1418.913818 0.000000 0.921509 0.000000 0.388357 0.369530 0.369530 0.369530
4477.258301 0.000000 2553.811279 0.000000 0.098052 0.000000 0.995181 0.187222 0.187222 0.187222
4542.566406 0.000000 2540.941162 0.000000 0.743696 0.000000 0.668518 0.260249 0.260249 0.260249
4551.852051 0.000000 2522.489990 0.000000 0.900380 0.000000 0.435104 0.202449 0.202449 0.202449
4551.299805 0.000000 2526.050537 0.000000 0.704391 0.000000 0.709812 0.204624 0.204624 0.204624
4551.681641 0.000000 2524.230469 0.000000 0.816827 0.000000 0.576883 0.251788 0.251788 0.251788
4557.098633 0.000000 2537.644775 0.000000 0.966210 0.000000 0.257756 0.380084 0.380084 0.380084
4557.827148 0.000000 2535.937256 0.000000 0.434576 0.000000 0.900635 0.316024 0.316024 0.316024
4557.952148 0.000000 2534.647949 0.000000 0.871283 0.000000 0.490781 0.361579 0.361579 0.361579
4557.229492 0.000000 2534.239990 0.000000 0.744052 0.000000 0.668122 0.345200 0.345200 0.345200
4554.544434 0.000000 2533.215820 0.000000 0.963988 0.000000 0.265945 0.379436 0.379436 0.379436
4500.387207 0.000000 2568.593994 0.000000 0.406920 0.000000 0.913464 0.190373 0.190373 0.190373
4500.471191 0.000000 2563.622559 0.000000 0.546843 0.000000 0.837235 0.200355 0.200355 0.200355
4506.288574 0.000000 2561.629639 0.000000 0.836691 0.000000 0.547675 0.232036 0.232036 0.232036
4442.266113 0.000000 2603.039307 0.000000 0.897815 0.000000 0.440373 0.244285 0.244285 0.244285
4443.908691 0.000000 2603.784912 0.000000 0.445952 0.000000 0.895057 0.231496 0.231496 0.231496
4436.947754 0.000000 2612.910889 0.000000 0.107082 0.000000 0.994250 0.265950 0.265950 0.265950
4438.916016 0.000000 2604.527344 0.000000 0.681832 0.000000 0.731509 0.256200 0.256200 0.256200
4432.823242 0.000000 2619.885986 0.000000 0.969537 0.000000 0.244946 0.324821 0.324821 0.324821
4441.896973 0.000000 2602.212158 0.000000 0.998279 0.000000 0.058648 0.395517 0.395517 0.395517
4510.773926 0.000000 2784.206055 0.000000 0.015916 0.000000 0.999873 0.188743 0.188743 0.188743
4509.587891 0.000000 2787.402100 0.000000 0.438765 0.000000 0.898602 0.190104 0.190104 0.190104
4507.116211 0.000000 2786.209717 0.000000 0.304921 0.000000 0.952378 0.188406 0.188406 0.188406
4505.550293 0.000000 2835.820068 0.000000 0.992541 0.000000 0.121910 0.199115 0.199115 0.199115
7097.361328 0.000000 2893.492432 0.000000 0.603551 0.000000 0.797324 0.206784 0.206784 0.206784
7085.502441 0.000000 2903.063965 0.000000 0.116992 0.000000 0.993133 0.210642 0.210642 0.210642
7078.058105 0.000000 2897.005615 0.000000 0.826761 0.000000 0.562553 0.239562 0.239562 0.239562
7100.606934 0.000000 2898.558105 0.000000 0.951529 0.000000 0.307560 0.252309 0.252309 0.252309
7088.720703 0.000000 2910.746826 0.000000 0.397132 0.000000 0.917762 0.231276 0.231276 0.231276
7094.250977 0.000000 2908.466309 0.000000 0.216731 0.000000 0.976231 0.233747 0.233747 0.233747
7103.011719 0.000000 2890.065430 0.000000 0.901442 0.000000 0.432899 0.245458 0.245458 0.245458
7098.513184 0.000000 2894.399414 0.000000 0.358572 0.000000 0.933502 0.244215 0.244215 0.244215
7098.884277 0.000000 2895.986572 0.000000 0.912422 0.000000 0.409251 0.263173 0.263173 0.263173
7089.631836 0.000000 2891.881836 0.000000 0.574629 0.000000 0.818414 0.301786 0.301786 0.301786
7088.438477 0.000000 2909.607910 0.000000 0.302323 0.000000 0.953206 0.271821 0.271821 0.271821
7089.219727 0.000000 2890.715088 0.000000 0.791739 0.000000 0.610860 0.315056 0.315056 0.315056
7088.215332 0.000000 2890.250244 0.000000 0.992426 0.000000 0.122841 0.338558 0.338558 0.338558
7098.394531 0.000000 2890.430664 0.000000 0.668361 0.000000 0.743837 0.301292 0.301292 0.301292
7086.488281 0.000000 2905.567627 0.000000 0.970252 0.000000 0.242097 0.329081 0.329081 0.329081
7083.491211 0.000000 2888.625244 0.000000 0.607150 0.000000 0.794587 0.302769 0.302769 0.302769
7086.249512 0.000000 2906.906250 0.000000 0.217074 0.000000 0.976155 0.283838 0.283838 0.283838
7079.140137 0.000000 2894.488770 0.000000 0.308177 0.000000 0.951329 0.305463 0.305463 0.305463
7099.330078 0.000000 2893.893311 0.000000 0.355202 0.000000 0.934790 0.317691 0.317691 0.317691
7100.463867 0.000000 2897.596680 0.000000 0.449315 0.000000 0.893374 0.327064 0.327064 0.327064
7084.178223 0.000000 2891.619873 0.000000 0.774106 0.000000 0.633056 0.347632 0.347632 0.347632
7102.437012 0.000000 2892.091064 0.000000 0.895574 0.000000 0.444913 0.366848 0.366848 0.366848
7086.606934 0.000000 2891.070801 0.000000 0.754630 0.000000 0.656150 0.345324 0.345324 0.345324
7111.324707 0.000000 2907.313232 0.000000 0.177456 0.000000 0.984129 0.194047 0.194047 0.194047
7105.897461 0.000000 2903.494629 0.000000 0.046720 0.000000 0.998908 0.224100 0.224100 0.224100
7107.585449 0.000000 2900.296387 0.000000 0.014046 0.000000 0.999901 0.237066 0.237066 0.237066
7106.538086 0.000000 2904.520996 0.000000 0.195261 0.000000 0.980751 0.257525 0.257525 0.257525
7108.174805 0.000000 2905.348877 0.000000 0.476846 0.000000 0.878987 0.316046 0.316046 0.316046
7110.917480 0.000000 2905.113037 0.000000 0.777934 0.000000 0.628346 0.354711 0.354711 0.354711
7106.111328 0.000000 2902.558105 0.000000 0.746661 0.000000 0.665204 0.353487 0.353487 0.353487
"}
object={
	name="cypress_dense_generator_3_1"
	clamp_to_water_level=no
	render_under_water=no
	generated_content=yes
	layer="semidynamic_high"
	pdxmesh="tree_cypress_002_mesh"
	count=1776
	transform="2347.534668 0.000000 1597.552246 0.000000 0.815426 0.000000 -0.578862 0.205548 0.205548 0.205548
2347.042236 0.000000 1590.433228 0.000000 0.999368 0.000000 -0.035556 0.243758 0.243758 0.243758
2356.960205 0.000000 1631.621582 0.000000 0.959745 0.000000 -0.280872 0.246919 0.246919 0.246919
2334.455078 0.000000 1587.640991 0.000000 0.461549 0.000000 -0.887115 0.288555 0.288555 0.288555
2336.238770 0.000000 1635.100952 0.000000 0.794415 0.000000 -0.607376 0.285320 0.285320 0.285320
2349.920898 0.000000 1622.886475 0.000000 0.396843 0.000000 -0.917887 0.326180 0.326180 0.326180
2342.659180 0.000000 1623.060669 0.000000 0.456990 0.000000 -0.889472 0.319929 0.319929 0.319929
2340.714111 0.000000 1611.240723 0.000000 0.913002 0.000000 -0.407954 0.333396 0.333396 0.333396
2341.367920 0.000000 1634.434937 0.000000 0.320344 0.000000 -0.947301 0.383185 0.383185 0.383185
2341.203613 0.000000 1635.800903 0.000000 0.998383 0.000000 -0.056847 0.335077 0.335077 0.335077
2343.327881 0.000000 1615.407471 0.000000 0.947759 0.000000 -0.318988 0.358266 0.358266 0.358266
2341.254883 0.000000 1610.276245 0.000000 0.991503 0.000000 -0.130081 0.322923 0.322923 0.322923
2347.297119 0.000000 1617.183838 0.000000 0.818303 0.000000 -0.574787 0.401967 0.401967 0.401967
2338.680176 0.000000 1636.551636 0.000000 0.510552 0.000000 -0.859847 0.397001 0.397001 0.397001
2363.219238 0.000000 1625.159790 0.000000 0.234759 0.000000 -0.972054 0.454773 0.454773 0.454773
2346.238770 0.000000 1617.532104 0.000000 0.774063 0.000000 -0.633109 0.405820 0.405820 0.405820
2340.599365 0.000000 1626.418945 0.000000 0.230822 0.000000 -0.972996 0.436861 0.436861 0.436861
2346.336914 0.000000 1614.227661 0.000000 0.036451 0.000000 -0.999335 0.501893 0.501893 0.501893
2345.909180 0.000000 1593.313477 0.000000 0.924566 0.000000 -0.381023 0.429863 0.429863 0.429863
2356.584961 0.000000 1632.445190 0.000000 0.940749 0.000000 -0.339103 0.426430 0.426430 0.426430
2356.311523 0.000000 1634.017456 0.000000 0.503006 0.000000 -0.864283 0.479735 0.479735 0.479735
2337.903564 0.000000 1587.973267 0.000000 0.508645 0.000000 -0.860976 0.479235 0.479235 0.479235
2342.190674 0.000000 1593.732056 0.000000 0.303200 0.000000 -0.952927 0.490792 0.490792 0.490792
2346.983887 0.000000 1624.454712 0.000000 0.998975 0.000000 -0.045256 0.403300 0.403300 0.403300
2336.451172 0.000000 1584.874268 0.000000 0.303737 0.000000 -0.952756 0.487916 0.487916 0.487916
2340.469238 0.000000 1604.727417 0.000000 0.654093 0.000000 -0.756414 0.465532 0.465532 0.465532
2357.628662 0.000000 1632.877930 0.000000 0.633176 0.000000 -0.774008 0.467620 0.467620 0.467620
2361.791992 0.000000 1633.099121 0.000000 0.999684 0.000000 -0.025142 0.401921 0.401921 0.401921
2347.357422 0.000000 1620.466919 0.000000 0.683906 0.000000 -0.729570 0.462467 0.462467 0.462467
2360.006348 0.000000 1634.824707 0.000000 0.841309 0.000000 -0.540554 0.439779 0.439779 0.439779
2338.732910 0.000000 1632.022705 0.000000 0.202295 0.000000 -0.979325 0.496588 0.496588 0.496588
2341.552979 0.000000 1608.355103 0.000000 0.882933 0.000000 -0.469499 0.437336 0.437336 0.437336
2339.916992 0.000000 1635.692261 0.000000 0.753143 0.000000 -0.657857 0.454849 0.454849 0.454849
2345.927002 0.000000 1592.136475 0.000000 0.768300 0.000000 -0.640090 0.453065 0.453065 0.453065
2358.659668 0.000000 1635.736084 0.000000 0.246429 0.000000 -0.969161 0.500978 0.500978 0.500978
2345.922363 0.000000 1622.129761 0.000000 0.672518 0.000000 -0.740081 0.462819 0.462819 0.462819
2343.750000 0.000000 1613.725830 0.000000 0.711105 0.000000 -0.703086 0.459567 0.459567 0.459567
2373.188232 0.000000 1624.302612 0.000000 0.858920 0.000000 -0.512110 0.230227 0.230227 0.230227
2371.196289 0.000000 1627.312988 0.000000 0.878891 0.000000 -0.477023 0.249345 0.249345 0.249345
2369.866943 0.000000 1637.765625 0.000000 0.093435 0.000000 -0.995625 0.263080 0.263080 0.263080
2368.003906 0.000000 1623.642456 0.000000 0.991287 0.000000 -0.131721 0.283530 0.283530 0.283530
2372.567383 0.000000 1621.979004 0.000000 0.769251 0.000000 -0.638947 0.403438 0.403438 0.403438
2372.047607 0.000000 1636.011108 0.000000 0.924799 0.000000 -0.380456 0.353603 0.353603 0.353603
2370.178223 0.000000 1620.483398 0.000000 0.539735 0.000000 -0.841835 0.452898 0.452898 0.452898
2371.062012 0.000000 1633.787354 0.000000 0.626520 0.000000 -0.779405 0.419713 0.419713 0.419713
2372.331055 0.000000 1635.116821 0.000000 0.997075 0.000000 -0.076433 0.405845 0.405845 0.405845
2373.845703 0.000000 1633.561523 0.000000 0.965811 0.000000 -0.259246 0.420034 0.420034 0.420034
2373.739258 0.000000 1632.020020 0.000000 0.611759 0.000000 -0.791044 0.469711 0.469711 0.469711
2372.014893 0.000000 1644.133911 0.000000 0.108907 0.000000 -0.994052 0.221585 0.221585 0.221585
2412.260742 0.000000 1678.980225 0.000000 0.081498 0.000000 -0.996674 0.267661 0.267661 0.267661
2393.702148 0.000000 1663.489136 0.000000 0.835935 0.000000 -0.548829 0.255788 0.255788 0.255788
2396.480713 0.000000 1676.607788 0.000000 0.996871 0.000000 -0.079050 0.254772 0.254772 0.254772
2391.875000 0.000000 1670.122681 0.000000 0.486118 0.000000 -0.873893 0.285149 0.285149 0.285149
2392.535400 0.000000 1673.090454 0.000000 0.751499 0.000000 -0.659734 0.271236 0.271236 0.271236
2410.998291 0.000000 1674.713867 0.000000 0.069483 0.000000 -0.997583 0.276707 0.276707 0.276707
2412.225342 0.000000 1684.281250 0.000000 0.215128 0.000000 -0.976586 0.303228 0.303228 0.303228
2411.721924 0.000000 1689.440552 0.000000 0.100590 0.000000 -0.994928 0.358613 0.358613 0.358613
2409.787598 0.000000 1677.837158 0.000000 0.826433 0.000000 -0.563036 0.391759 0.391759 0.391759
2392.386230 0.000000 1667.765137 0.000000 0.526758 0.000000 -0.850015 0.427764 0.427764 0.427764
2410.775635 0.000000 1682.167114 0.000000 0.147774 0.000000 -0.989021 0.436241 0.436241 0.436241
2368.013916 0.000000 1638.781738 0.000000 0.397983 0.000000 -0.917393 0.407438 0.407438 0.407438
2389.197266 0.000000 1680.323120 0.000000 0.030960 0.000000 -0.999521 0.507639 0.507639 0.507639
2391.302979 0.000000 1669.390137 0.000000 0.271107 0.000000 -0.962549 0.455951 0.455951 0.455951
2369.979248 0.000000 1640.843384 0.000000 0.559616 0.000000 -0.828752 0.430182 0.430182 0.430182
2388.889404 0.000000 1682.042969 0.000000 0.707584 0.000000 -0.706629 0.444141 0.444141 0.444141
2395.996582 0.000000 1675.819580 0.000000 0.091301 0.000000 -0.995823 0.513015 0.513015 0.513015
2397.975830 0.000000 1664.728271 0.000000 0.856822 0.000000 -0.515612 0.441385 0.441385 0.441385
2396.461426 0.000000 1663.825684 0.000000 0.657490 0.000000 -0.753463 0.465188 0.465188 0.465188
2390.682861 0.000000 1667.871948 0.000000 0.903677 0.000000 -0.428215 0.433806 0.433806 0.433806
2411.357422 0.000000 1676.951294 0.000000 0.356651 0.000000 -0.934238 0.488828 0.488828 0.488828
2397.965332 0.000000 1663.901978 0.000000 0.962124 0.000000 -0.272611 0.421093 0.421093 0.421093
2392.651611 0.000000 1677.825317 0.000000 0.591603 0.000000 -0.806229 0.468829 0.468829 0.468829
2394.024414 0.000000 1677.509766 0.000000 0.807923 0.000000 -0.589288 0.443894 0.443894 0.443894
2410.807617 0.000000 1677.624878 0.000000 0.859084 0.000000 -0.511834 0.439573 0.439573 0.439573
2410.019287 0.000000 1676.212280 0.000000 0.889268 0.000000 -0.457387 0.434987 0.434987 0.434987
2371.275146 0.000000 1643.873657 0.000000 0.812653 0.000000 -0.582748 0.447525 0.447525 0.447525
2391.070312 0.000000 1665.341919 0.000000 0.885289 0.000000 -0.465042 0.436951 0.436951 0.436951
2395.468262 0.000000 1674.963745 0.000000 0.741591 0.000000 -0.670852 0.456177 0.456177 0.456177
2483.066895 0.000000 1674.380249 0.000000 0.154681 0.000000 -0.987964 0.417715 0.417715 0.417715
2484.507324 0.000000 1675.478394 0.000000 0.473949 0.000000 -0.880552 0.482279 0.482279 0.482279
2488.975342 0.000000 1673.010498 0.000000 0.762675 0.000000 -0.646782 0.453733 0.453733 0.453733
2486.564941 0.000000 1673.863892 0.000000 0.969500 0.000000 -0.245090 0.418916 0.418916 0.418916
2485.198242 0.000000 1674.272461 0.000000 0.387645 0.000000 -0.921809 0.489589 0.489589 0.489589
2485.856201 0.000000 1672.737793 0.000000 0.512454 0.000000 -0.858714 0.478897 0.478897 0.478897
2484.071533 0.000000 1673.686401 0.000000 0.297135 0.000000 -0.954835 0.496953 0.496953 0.496953
2507.567871 0.000000 1678.200195 0.000000 0.137021 0.000000 -0.990568 0.228246 0.228246 0.228246
2505.185303 0.000000 1681.582031 0.000000 0.005688 0.000000 -0.999984 0.244096 0.244096 0.244096
2536.666260 0.000000 1684.369385 0.000000 0.829499 0.000000 -0.558508 0.233456 0.233456 0.233456
2513.040771 0.000000 1690.582397 0.000000 0.778262 0.000000 -0.627940 0.240984 0.240984 0.240984
2502.216797 0.000000 1685.278809 0.000000 0.759114 0.000000 -0.650958 0.274894 0.274894 0.274894
2537.198730 0.000000 1674.054932 0.000000 0.853874 0.000000 -0.520480 0.275270 0.275270 0.275270
2536.332520 0.000000 1676.249878 0.000000 0.887137 0.000000 -0.461506 0.286262 0.286262 0.286262
2540.112549 0.000000 1692.101318 0.000000 0.092471 0.000000 -0.995715 0.303144 0.303144 0.303144
2508.848145 0.000000 1681.949951 0.000000 0.940009 0.000000 -0.341149 0.316019 0.316019 0.316019
2533.367920 0.000000 1690.919312 0.000000 0.236324 0.000000 -0.971674 0.372595 0.372595 0.372595
2519.544434 0.000000 1690.838013 0.000000 0.943401 0.000000 -0.331653 0.371294 0.371294 0.371294
2545.624756 0.000000 1671.470337 0.000000 0.943393 0.000000 -0.331677 0.380031 0.380031 0.380031
2546.162109 0.000000 1670.546753 0.000000 0.234237 0.000000 -0.972180 0.383660 0.383660 0.383660
2530.290283 0.000000 1691.383545 0.000000 0.968366 0.000000 -0.249534 0.381799 0.381799 0.381799
2536.987061 0.000000 1682.339844 0.000000 0.842430 0.000000 -0.538806 0.437503 0.437503 0.437503
2505.910400 0.000000 1689.824585 0.000000 0.993754 0.000000 -0.111594 0.407147 0.407147 0.407147
2540.987305 0.000000 1679.540894 0.000000 0.319516 0.000000 -0.947581 0.495155 0.495155 0.495155
2516.631592 0.000000 1689.845947 0.000000 0.886890 0.000000 -0.461981 0.436687 0.436687 0.436687
2539.401855 0.000000 1692.637451 0.000000 0.336765 0.000000 -0.941589 0.489777 0.489777 0.489777
2519.646240 0.000000 1688.946045 0.000000 0.999693 0.000000 -0.024778 0.401850 0.401850 0.401850
2505.241943 0.000000 1685.280640 0.000000 0.098645 0.000000 -0.995123 0.512084 0.512084 0.512084
2516.621338 0.000000 1688.939331 0.000000 0.445438 0.000000 -0.895313 0.484731 0.484731 0.484731
2515.876465 0.000000 1691.348877 0.000000 0.998743 0.000000 -0.050133 0.403769 0.403769 0.403769
2535.350342 0.000000 1682.954468 0.000000 0.848578 0.000000 -0.529070 0.438971 0.438971 0.438971
2515.175293 0.000000 1689.932739 0.000000 0.043179 0.000000 -0.999067 0.515938 0.515938 0.515938
2540.641113 0.000000 1676.037354 0.000000 0.173940 0.000000 -0.984756 0.506644 0.506644 0.506644
2514.087646 0.000000 1688.739868 0.000000 0.998363 0.000000 -0.057191 0.404343 0.404343 0.404343
2518.044922 0.000000 1688.808105 0.000000 0.811384 0.000000 -0.584513 0.446600 0.446600 0.446600
2536.701172 0.000000 1693.034790 0.000000 0.927518 0.000000 -0.373778 0.429265 0.429265 0.429265
2541.386230 0.000000 1678.756836 0.000000 0.587439 0.000000 -0.809269 0.472033 0.472033 0.472033
2541.596924 0.000000 1675.759888 0.000000 0.178327 0.000000 -0.983971 0.506303 0.506303 0.506303
2504.805176 0.000000 1687.761597 0.000000 0.979885 0.000000 -0.199561 0.415348 0.415348 0.415348
2539.251953 0.000000 1668.907959 0.000000 0.200872 0.000000 -0.979618 0.504549 0.504549 0.504549
2430.576172 0.000000 1706.794800 0.000000 0.976587 0.000000 -0.215121 0.285722 0.285722 0.285722
2477.059814 0.000000 1736.923096 0.000000 0.996759 0.000000 -0.080447 0.200573 0.200573 0.200573
2479.560791 0.000000 1737.294922 0.000000 0.997297 0.000000 -0.073474 0.205804 0.205804 0.205804
2491.596436 0.000000 1711.057617 0.000000 0.688005 0.000000 -0.725706 0.214731 0.214731 0.214731
2443.945557 0.000000 1716.599731 0.000000 0.832368 0.000000 -0.554224 0.218519 0.218519 0.218519
2491.060547 0.000000 1737.123535 0.000000 0.567339 0.000000 -0.823484 0.220278 0.220278 0.220278
2432.060303 0.000000 1702.779419 0.000000 0.938639 0.000000 -0.344902 0.220571 0.220571 0.220571
2493.495117 0.000000 1713.691528 0.000000 0.253286 0.000000 -0.967391 0.260393 0.260393 0.260393
2483.333496 0.000000 1738.938965 0.000000 0.927202 0.000000 -0.374561 0.261960 0.261960 0.261960
2438.203369 0.000000 1731.826538 0.000000 0.834829 0.000000 -0.550509 0.247042 0.247042 0.247042
2493.523682 0.000000 1708.116699 0.000000 0.492226 0.000000 -0.870468 0.282220 0.282220 0.282220
2447.107910 0.000000 1729.726196 0.000000 0.878925 0.000000 -0.476959 0.264208 0.264208 0.264208
2440.166748 0.000000 1700.115845 0.000000 0.616441 0.000000 -0.787401 0.276368 0.276368 0.276368
2446.923096 0.000000 1724.751953 0.000000 0.655791 0.000000 -0.754943 0.276653 0.276653 0.276653
2451.827393 0.000000 1727.032593 0.000000 0.993005 0.000000 -0.118069 0.287789 0.287789 0.287789
2450.267090 0.000000 1727.055420 0.000000 0.568415 0.000000 -0.822742 0.310681 0.310681 0.310681
2483.676270 0.000000 1745.843750 0.000000 0.199532 0.000000 -0.979891 0.339831 0.339831 0.339831
2477.109131 0.000000 1745.939087 0.000000 0.977667 0.000000 -0.210161 0.285591 0.285591 0.285591
2432.949951 0.000000 1705.614014 0.000000 0.972258 0.000000 -0.233910 0.335131 0.335131 0.335131
2439.020264 0.000000 1709.938110 0.000000 0.886569 0.000000 -0.462597 0.340705 0.340705 0.340705
2484.822510 0.000000 1741.949097 0.000000 0.964922 0.000000 -0.262536 0.348383 0.348383 0.348383
2486.758057 0.000000 1735.384888 0.000000 0.914349 0.000000 -0.404926 0.362326 0.362326 0.362326
2477.241699 0.000000 1740.491333 0.000000 0.779361 0.000000 -0.626575 0.440290 0.440290 0.440290
2495.844482 0.000000 1712.967651 0.000000 0.090309 0.000000 -0.995914 0.475074 0.475074 0.475074
2492.463867 0.000000 1711.424805 0.000000 0.465269 0.000000 -0.885169 0.470277 0.470277 0.470277
2484.205811 0.000000 1743.848633 0.000000 0.290089 0.000000 -0.957000 0.482219 0.482219 0.482219
2438.501709 0.000000 1711.539795 0.000000 0.892953 0.000000 -0.450150 0.435671 0.435671 0.435671
2477.929443 0.000000 1743.911621 0.000000 0.989383 0.000000 -0.145331 0.409285 0.409285 0.409285
2489.537109 0.000000 1734.477295 0.000000 0.530974 0.000000 -0.847388 0.477238 0.477238 0.477238
2448.838867 0.000000 1727.958984 0.000000 0.602981 0.000000 -0.797756 0.469172 0.469172 0.469172
2433.097412 0.000000 1709.614136 0.000000 0.757309 0.000000 -0.653057 0.454363 0.454363 0.454363
2438.810303 0.000000 1715.386963 0.000000 0.877101 0.000000 -0.480305 0.437148 0.437148 0.437148
2513.983643 0.000000 1715.899536 0.000000 0.051933 0.000000 -0.998651 0.212324 0.212324 0.212324
2496.205078 0.000000 1716.949951 0.000000 0.999976 0.000000 -0.006959 0.200059 0.200059 0.200059
2535.443848 0.000000 1705.820679 0.000000 0.834129 0.000000 -0.551569 0.205178 0.205178 0.205178
2529.860352 0.000000 1703.272461 0.000000 0.996088 0.000000 -0.088368 0.200773 0.200773 0.200773
2503.324707 0.000000 1721.141235 0.000000 0.073042 0.000000 -0.997329 0.227578 0.227578 0.227578
2504.383301 0.000000 1716.395020 0.000000 0.622379 0.000000 -0.782716 0.233799 0.233799 0.233799
2510.009033 0.000000 1714.276367 0.000000 0.994763 0.000000 -0.102205 0.220927 0.220927 0.220927
2526.427490 0.000000 1732.818481 0.000000 0.348923 0.000000 -0.937151 0.242109 0.242109 0.242109
2521.412842 0.000000 1734.642700 0.000000 0.632117 0.000000 -0.774873 0.249355 0.249355 0.249355
2537.112793 0.000000 1704.968994 0.000000 0.020940 0.000000 -0.999781 0.301748 0.301748 0.301748
2515.123779 0.000000 1717.220581 0.000000 0.951419 0.000000 -0.307899 0.245022 0.245022 0.245022
2499.585205 0.000000 1714.124512 0.000000 0.420249 0.000000 -0.907409 0.289572 0.289572 0.289572
2538.374268 0.000000 1707.176025 0.000000 0.876446 0.000000 -0.481499 0.298157 0.298157 0.298157
2533.877441 0.000000 1694.585205 0.000000 0.426585 0.000000 -0.904448 0.323781 0.323781 0.323781
2525.169678 0.000000 1698.130859 0.000000 0.873500 0.000000 -0.486824 0.273168 0.273168 0.273168
2515.060547 0.000000 1721.741821 0.000000 0.130115 0.000000 -0.991499 0.302267 0.302267 0.302267
2509.189453 0.000000 1722.571899 0.000000 0.985107 0.000000 -0.171943 0.275243 0.275243 0.275243
2505.029297 0.000000 1715.133545 0.000000 0.993903 0.000000 -0.110256 0.289881 0.289881 0.289881
2519.063232 0.000000 1716.205200 0.000000 0.486820 0.000000 -0.873502 0.365434 0.365434 0.365434
2500.218018 0.000000 1711.962402 0.000000 0.179634 0.000000 -0.983733 0.389077 0.389077 0.389077
2519.490234 0.000000 1717.555664 0.000000 0.349600 0.000000 -0.936899 0.371202 0.371202 0.371202
2506.753174 0.000000 1727.394409 0.000000 0.999746 0.000000 -0.022536 0.300981 0.300981 0.300981
2527.837402 0.000000 1701.339600 0.000000 0.626824 0.000000 -0.779161 0.371812 0.371812 0.371812
2503.262695 0.000000 1711.001465 0.000000 0.982173 0.000000 -0.187978 0.397641 0.397641 0.397641
2526.072510 0.000000 1701.579346 0.000000 0.038608 0.000000 -0.999254 0.398127 0.398127 0.398127
2505.038330 0.000000 1710.392212 0.000000 0.503685 0.000000 -0.863887 0.409422 0.409422 0.409422
2537.009277 0.000000 1715.564453 0.000000 0.591432 0.000000 -0.806355 0.428042 0.428042 0.428042
2534.073730 0.000000 1713.597534 0.000000 0.816227 0.000000 -0.577731 0.394007 0.394007 0.394007
2517.472412 0.000000 1728.800293 0.000000 0.211029 0.000000 -0.977480 0.441210 0.441210 0.441210
2536.860352 0.000000 1707.507568 0.000000 0.056294 0.000000 -0.998414 0.496414 0.496414 0.496414
2508.053467 0.000000 1713.982300 0.000000 0.353075 0.000000 -0.935595 0.487600 0.487600 0.487600
2537.909180 0.000000 1706.282227 0.000000 0.998715 0.000000 -0.050689 0.403228 0.403228 0.403228
2511.972168 0.000000 1711.000854 0.000000 0.912887 0.000000 -0.408213 0.432123 0.432123 0.432123
2505.270996 0.000000 1712.246948 0.000000 0.978823 0.000000 -0.204707 0.415750 0.415750 0.415750
2502.501709 0.000000 1711.539795 0.000000 0.398666 0.000000 -0.917096 0.454605 0.454605 0.454605
2513.699463 0.000000 1710.284668 0.000000 0.721428 0.000000 -0.692490 0.453853 0.453853 0.453853
2514.355957 0.000000 1727.935669 0.000000 0.113217 0.000000 -0.993570 0.511332 0.511332 0.511332
2512.772705 0.000000 1728.871216 0.000000 0.320548 0.000000 -0.947232 0.488858 0.488858 0.488858
2525.564209 0.000000 1700.564819 0.000000 0.863827 0.000000 -0.503789 0.440335 0.440335 0.440335
2505.578613 0.000000 1725.593994 0.000000 0.834963 0.000000 -0.550306 0.441899 0.441899 0.441899
2520.494385 0.000000 1702.107788 0.000000 0.136192 0.000000 -0.990682 0.509563 0.509563 0.509563
2517.215332 0.000000 1719.253418 0.000000 0.334434 0.000000 -0.942419 0.492721 0.492721 0.492721
2509.118652 0.000000 1712.447998 0.000000 0.389605 0.000000 -0.920982 0.484751 0.484751 0.484751
2515.049072 0.000000 1727.387695 0.000000 0.741104 0.000000 -0.671390 0.456233 0.456233 0.456233
2536.332520 0.000000 1712.422974 0.000000 0.509240 0.000000 -0.860625 0.479182 0.479182 0.479182
2518.695312 0.000000 1720.244873 0.000000 0.891622 0.000000 -0.452781 0.435896 0.435896 0.435896
2515.725830 0.000000 1726.212402 0.000000 0.221062 0.000000 -0.975260 0.502971 0.502971 0.502971
2522.265137 0.000000 1703.718628 0.000000 0.438284 0.000000 -0.898837 0.485341 0.485341 0.485341
2522.024414 0.000000 1733.994141 0.000000 0.895882 0.000000 -0.444292 0.435171 0.435171 0.435171
2517.960693 0.000000 1717.892822 0.000000 0.840292 0.000000 -0.542135 0.440482 0.440482 0.440482
2507.564697 0.000000 1713.093262 0.000000 0.205655 0.000000 -0.978625 0.500091 0.500091 0.500091
2509.030518 0.000000 1710.741333 0.000000 0.057687 0.000000 -0.998335 0.515591 0.515591 0.515591
2537.166992 0.000000 1712.298218 0.000000 0.698678 0.000000 -0.715436 0.460905 0.460905 0.460905
2512.729248 0.000000 1726.318604 0.000000 0.764467 0.000000 -0.644663 0.453521 0.453521 0.453521
2476.527832 0.000000 1758.999390 0.000000 0.986457 0.000000 -0.164021 0.263419 0.263419 0.263419
2472.668945 0.000000 1755.668945 0.000000 0.860650 0.000000 -0.509198 0.292667 0.292667 0.292667
2486.458008 0.000000 1763.925049 0.000000 0.958677 0.000000 -0.284496 0.294788 0.294788 0.294788
2476.634766 0.000000 1757.730835 0.000000 0.930468 0.000000 -0.366374 0.359232 0.359232 0.359232
2484.885498 0.000000 1759.961426 0.000000 0.999290 0.000000 -0.037687 0.402880 0.402880 0.402880
1700.175659 0.000000 2031.867798 0.000000 0.997583 0.000000 -0.069485 0.261411 0.261411 0.261411
1697.773193 0.000000 2032.378540 0.000000 0.864743 0.000000 -0.502215 0.315370 0.315370 0.315370
1703.241577 0.000000 2029.852417 0.000000 0.974248 0.000000 -0.225481 0.285997 0.285997 0.285997
1700.441284 0.000000 2032.931030 0.000000 0.961207 0.000000 -0.275828 0.377082 0.377082 0.377082
1705.134033 0.000000 2028.892578 0.000000 0.817552 0.000000 -0.575854 0.339068 0.339068 0.339068
1703.974365 0.000000 2030.701660 0.000000 0.973881 0.000000 -0.227058 0.380590 0.380590 0.380590
1705.895386 0.000000 2031.635254 0.000000 0.815917 0.000000 -0.578169 0.441093 0.441093 0.441093
1789.900391 0.000000 2030.020996 0.000000 0.373008 0.000000 -0.927828 0.275103 0.275103 0.275103
1791.412231 0.000000 2029.801270 0.000000 0.543581 0.000000 -0.839357 0.321345 0.321345 0.321345
1788.698730 0.000000 2027.750977 0.000000 0.999266 0.000000 -0.038315 0.402708 0.402708 0.402708
2041.878052 0.000000 1838.081299 0.000000 0.885725 0.000000 -0.464209 0.297627 0.297627 0.297627
2046.953369 0.000000 1832.657593 0.000000 0.122322 0.000000 -0.992490 0.348458 0.348458 0.348458
2046.682983 0.000000 1834.541016 0.000000 0.935743 0.000000 -0.352683 0.426815 0.426815 0.426815
2044.866699 0.000000 1834.594482 0.000000 0.942488 0.000000 -0.334241 0.426035 0.426035 0.426035
2039.269409 0.000000 1838.941406 0.000000 0.064629 0.000000 -0.997909 0.515059 0.515059 0.515059
2023.558105 0.000000 1838.677368 0.000000 0.733083 0.000000 -0.680139 0.455832 0.455832 0.455832
2047.599731 0.000000 1835.802368 0.000000 0.008547 0.000000 -0.999963 0.516227 0.516227 0.516227
2025.763672 0.000000 1841.845825 0.000000 0.501147 0.000000 -0.865362 0.478332 0.478332 0.478332
2045.357544 0.000000 1835.386841 0.000000 0.971043 0.000000 -0.238905 0.418429 0.418429 0.418429
2042.913452 0.000000 1835.198364 0.000000 0.329752 0.000000 -0.944068 0.491862 0.491862 0.491862
2024.186035 0.000000 1841.140625 0.000000 0.978490 0.000000 -0.206293 0.415562 0.415562 0.415562
2034.696167 0.000000 1838.883789 0.000000 0.764550 0.000000 -0.644564 0.453511 0.453511 0.453511
1832.273193 0.000000 2027.168701 0.000000 0.327492 0.000000 -0.944854 0.241047 0.241047 0.241047
1823.860107 0.000000 2024.786621 0.000000 0.020092 0.000000 -0.999798 0.251136 0.251136 0.251136
1834.718262 0.000000 2023.452148 0.000000 0.186090 0.000000 -0.982533 0.245876 0.245876 0.245876
1844.960205 0.000000 2027.012207 0.000000 0.766272 0.000000 -0.642516 0.259166 0.259166 0.259166
1793.707153 0.000000 2025.457031 0.000000 0.964510 0.000000 -0.264045 0.257272 0.257272 0.257272
1841.428345 0.000000 2026.888306 0.000000 0.687992 0.000000 -0.725718 0.322813 0.322813 0.322813
1835.740479 0.000000 2025.885132 0.000000 0.622389 0.000000 -0.782708 0.303373 0.303373 0.303373
1839.561646 0.000000 2028.428711 0.000000 0.417700 0.000000 -0.908585 0.349005 0.349005 0.349005
1834.916016 0.000000 2027.564697 0.000000 0.553930 0.000000 -0.832563 0.348012 0.348012 0.348012
1796.047607 0.000000 2031.401733 0.000000 0.594716 0.000000 -0.803936 0.441305 0.441305 0.441305
1835.613159 0.000000 2030.164185 0.000000 0.843246 0.000000 -0.537528 0.436837 0.436837 0.436837
1821.803345 0.000000 2027.295410 0.000000 0.022193 0.000000 -0.999754 0.506319 0.506319 0.506319
1795.062012 0.000000 2029.177979 0.000000 0.812666 0.000000 -0.582730 0.444884 0.444884 0.444884
1838.665649 0.000000 2027.420288 0.000000 0.240979 0.000000 -0.970530 0.490140 0.490140 0.490140
1796.331055 0.000000 2030.507446 0.000000 0.970571 0.000000 -0.240815 0.400813 0.400813 0.400813
1821.295410 0.000000 2028.167236 0.000000 0.197530 0.000000 -0.980297 0.504810 0.504810 0.504810
1822.130249 0.000000 2029.166382 0.000000 0.437109 0.000000 -0.899408 0.456872 0.456872 0.456872
1796.919067 0.000000 2031.833252 0.000000 0.999788 0.000000 -0.020568 0.387761 0.387761 0.387761
1848.653320 0.000000 2025.128174 0.000000 0.686000 0.000000 -0.727601 0.462248 0.462248 0.462248
1837.929565 0.000000 2026.333496 0.000000 0.979708 0.000000 -0.200428 0.397182 0.397182 0.397182
1835.401855 0.000000 2031.543701 0.000000 0.459346 0.000000 -0.888257 0.470982 0.470982 0.470982
1846.369263 0.000000 2025.326172 0.000000 0.995102 0.000000 -0.098858 0.407218 0.407218 0.407218
1849.340576 0.000000 2024.454590 0.000000 0.995236 0.000000 -0.097496 0.407460 0.407460 0.407460
1860.746460 0.000000 2027.520142 0.000000 0.031060 0.000000 -0.999518 0.452485 0.452485 0.452485
1858.092163 0.000000 2028.693848 0.000000 0.858599 0.000000 -0.512648 0.419454 0.419454 0.419454
1856.005737 0.000000 2029.066284 0.000000 0.910253 0.000000 -0.414053 0.431441 0.431441 0.431441
1654.485107 0.000000 2073.140381 0.000000 0.799780 0.000000 -0.600294 0.328223 0.328223 0.328223
1652.552002 0.000000 2074.565918 0.000000 0.458600 0.000000 -0.888643 0.314141 0.314141 0.314141
1652.205933 0.000000 2082.754883 0.000000 0.823623 0.000000 -0.567137 0.423277 0.423277 0.423277
1651.695923 0.000000 2081.303467 0.000000 0.856898 0.000000 -0.515485 0.441373 0.441373 0.441373
1655.652954 0.000000 2074.672607 0.000000 0.128876 0.000000 -0.991661 0.510127 0.510127 0.510127
1618.130249 0.000000 2135.015137 0.000000 0.953319 0.000000 -0.301966 0.209399 0.209399 0.209399
1662.998657 0.000000 2113.903564 0.000000 0.998285 0.000000 -0.058546 0.226025 0.226025 0.226025
1613.989746 0.000000 2116.836426 0.000000 0.601212 0.000000 -0.799089 0.235466 0.235466 0.235466
1654.407227 0.000000 2142.957520 0.000000 0.994467 0.000000 -0.105049 0.231246 0.231246 0.231246
1620.010742 0.000000 2134.131104 0.000000 0.816774 0.000000 -0.576957 0.267817 0.267817 0.267817
1625.412720 0.000000 2130.033447 0.000000 0.430147 0.000000 -0.902759 0.250417 0.250417 0.250417
1645.740601 0.000000 2120.131104 0.000000 0.503109 0.000000 -0.864223 0.269552 0.269552 0.269552
1655.627441 0.000000 2120.549316 0.000000 0.909617 0.000000 -0.415447 0.276364 0.276364 0.276364
1644.225342 0.000000 2136.156250 0.000000 0.868638 0.000000 -0.495448 0.293524 0.293524 0.293524
1658.259521 0.000000 2116.053955 0.000000 0.985334 0.000000 -0.170636 0.274045 0.274045 0.274045
1658.349854 0.000000 2096.197266 0.000000 0.455868 0.000000 -0.890047 0.343172 0.343172 0.343172
1631.464233 0.000000 2141.557129 0.000000 0.405584 0.000000 -0.914058 0.334687 0.334687 0.334687
1644.637817 0.000000 2119.475098 0.000000 0.829306 0.000000 -0.558795 0.348856 0.348856 0.348856
1659.795532 0.000000 2096.772461 0.000000 0.773111 0.000000 -0.634270 0.329647 0.329647 0.329647
1655.607178 0.000000 2118.813965 0.000000 0.526005 0.000000 -0.850482 0.368088 0.368088 0.368088
1649.451660 0.000000 2135.616943 0.000000 0.580749 0.000000 -0.814082 0.322842 0.322842 0.322842
1660.028442 0.000000 2128.705078 0.000000 0.787753 0.000000 -0.615992 0.344871 0.344871 0.344871
1631.322021 0.000000 2127.527100 0.000000 0.593834 0.000000 -0.804587 0.389499 0.389499 0.389499
1640.736816 0.000000 2117.713135 0.000000 0.850604 0.000000 -0.525807 0.378919 0.378919 0.378919
1661.774048 0.000000 2128.351318 0.000000 0.901204 0.000000 -0.433394 0.336944 0.336944 0.336944
1631.778320 0.000000 2129.184326 0.000000 0.845818 0.000000 -0.533471 0.384662 0.384662 0.384662
1631.603760 0.000000 2134.079590 0.000000 0.919445 0.000000 -0.393218 0.403821 0.403821 0.403821
1630.356323 0.000000 2132.605957 0.000000 0.613689 0.000000 -0.789548 0.414684 0.414684 0.414684
1660.369019 0.000000 2091.608398 0.000000 0.977268 0.000000 -0.212006 0.346203 0.346203 0.346203
1655.509888 0.000000 2107.644043 0.000000 0.948649 0.000000 -0.316330 0.374245 0.374245 0.374245
1629.975464 0.000000 2135.263916 0.000000 0.955039 0.000000 -0.296481 0.406691 0.406691 0.406691
1659.219360 0.000000 2133.519043 0.000000 0.931446 0.000000 -0.363879 0.405843 0.405843 0.405843
1626.143677 0.000000 2145.623291 0.000000 0.813871 0.000000 -0.581046 0.440400 0.440400 0.440400
1641.895386 0.000000 2144.604004 0.000000 0.620849 0.000000 -0.783930 0.431937 0.431937 0.431937
1654.999268 0.000000 2105.831299 0.000000 0.462480 0.000000 -0.886630 0.424011 0.424011 0.424011
1652.885254 0.000000 2133.085205 0.000000 0.589611 0.000000 -0.807687 0.389735 0.389735 0.389735
1629.803345 0.000000 2140.264160 0.000000 0.920459 0.000000 -0.390840 0.426165 0.426165 0.426165
1625.449829 0.000000 2133.212158 0.000000 0.140761 0.000000 -0.990044 0.496006 0.496006 0.496006
1627.468140 0.000000 2144.624512 0.000000 0.634236 0.000000 -0.773140 0.457587 0.457587 0.457587
1638.258057 0.000000 2142.485596 0.000000 0.805611 0.000000 -0.592445 0.445591 0.445591 0.445591
1653.236328 0.000000 2113.802490 0.000000 0.976860 0.000000 -0.213878 0.412509 0.412509 0.412509
1626.373413 0.000000 2135.542725 0.000000 0.953185 0.000000 -0.302386 0.421167 0.421167 0.421167
1662.682983 0.000000 2116.962891 0.000000 0.957760 0.000000 -0.287569 0.416080 0.416080 0.416080
1656.384033 0.000000 2132.277100 0.000000 0.491619 0.000000 -0.870810 0.472030 0.472030 0.472030
1631.670532 0.000000 2136.861084 0.000000 0.998528 0.000000 -0.054244 0.385166 0.385166 0.385166
1658.467651 0.000000 2102.667236 0.000000 0.265592 0.000000 -0.964085 0.467861 0.467861 0.467861
1624.443726 0.000000 2134.873047 0.000000 0.004894 0.000000 -0.999988 0.517672 0.517672 0.517672
1660.276855 0.000000 2115.314697 0.000000 0.465806 0.000000 -0.884887 0.482983 0.482983 0.482983
1644.444214 0.000000 2116.353271 0.000000 0.168715 0.000000 -0.985665 0.507049 0.507049 0.507049
1620.631592 0.000000 2141.720947 0.000000 0.942178 0.000000 -0.335114 0.423035 0.423035 0.423035
1661.131592 0.000000 2115.633301 0.000000 0.106757 0.000000 -0.994285 0.511829 0.511829 0.511829
1652.020264 0.000000 2116.606445 0.000000 0.527417 0.000000 -0.849607 0.477559 0.477559 0.477559
1621.725830 0.000000 2138.339600 0.000000 0.968146 0.000000 -0.250385 0.419334 0.419334 0.419334
1626.419922 0.000000 2142.021973 0.000000 0.815480 0.000000 -0.578785 0.447154 0.447154 0.447154
1657.245483 0.000000 2144.812500 0.000000 0.147348 0.000000 -0.989085 0.508702 0.508702 0.508702
1637.781738 0.000000 2141.529541 0.000000 0.878470 0.000000 -0.477798 0.438056 0.438056 0.438056
1641.110840 0.000000 2135.087646 0.000000 0.972886 0.000000 -0.231285 0.417830 0.417830 0.417830
1653.407593 0.000000 2117.407959 0.000000 0.858958 0.000000 -0.512047 0.441067 0.441067 0.441067
1651.585083 0.000000 2119.985596 0.000000 0.895420 0.000000 -0.445223 0.434905 0.434905 0.434905
1651.121460 0.000000 2110.138672 0.000000 0.996084 0.000000 -0.088407 0.406497 0.406497 0.406497
1620.621338 0.000000 2140.814209 0.000000 0.995038 0.000000 -0.099493 0.406718 0.406718 0.406718
1642.480469 0.000000 2135.381592 0.000000 0.004018 0.000000 -0.999992 0.519693 0.519693 0.519693
1627.128174 0.000000 2133.551025 0.000000 0.983645 0.000000 -0.180118 0.411982 0.411982 0.411982
1636.125366 0.000000 2138.747070 0.000000 0.542059 0.000000 -0.840340 0.476235 0.476235 0.476235
1656.570557 0.000000 2114.552979 0.000000 0.272160 0.000000 -0.962252 0.498943 0.498943 0.498943
1650.718018 0.000000 2118.490967 0.000000 0.999888 0.000000 -0.014967 0.401132 0.401132 0.401132
1639.698486 0.000000 2127.562500 0.000000 0.327246 0.000000 -0.944939 0.479394 0.479394 0.479394
1637.557495 0.000000 2139.511719 0.000000 0.515737 0.000000 -0.856747 0.478604 0.478604 0.478604
1653.960815 0.000000 2118.489746 0.000000 0.975317 0.000000 -0.220808 0.417009 0.417009 0.417009
1629.522583 0.000000 2137.662354 0.000000 0.782536 0.000000 -0.622606 0.451342 0.451342 0.451342
1663.628784 0.000000 2092.205078 0.000000 0.254903 0.000000 -0.966967 0.500310 0.500310 0.500310
1618.365112 0.000000 2139.300293 0.000000 0.949924 0.000000 -0.312481 0.424278 0.424278 0.424278
1651.777832 0.000000 2108.589355 0.000000 0.969486 0.000000 -0.245148 0.418055 0.418055 0.418055
1626.924438 0.000000 2140.904297 0.000000 0.967691 0.000000 -0.252139 0.419472 0.419472 0.419472
1662.891113 0.000000 2098.475830 0.000000 0.914823 0.000000 -0.403856 0.431759 0.431759 0.431759
1636.004517 0.000000 2139.864746 0.000000 0.336021 0.000000 -0.941855 0.493820 0.493820 0.493820
1643.878052 0.000000 2119.763184 0.000000 0.411323 0.000000 -0.911490 0.487616 0.487616 0.487616
1658.951172 0.000000 2112.311035 0.000000 0.530589 0.000000 -0.847629 0.477273 0.477273 0.477273
1625.455688 0.000000 2142.492676 0.000000 0.214841 0.000000 -0.976649 0.503458 0.503458 0.503458
1623.258789 0.000000 2138.113037 0.000000 0.965463 0.000000 -0.260542 0.419281 0.419281 0.419281
1662.404297 0.000000 2093.230225 0.000000 0.369649 0.000000 -0.929172 0.491075 0.491075 0.491075
1624.505249 0.000000 2135.886475 0.000000 0.686678 0.000000 -0.726961 0.461160 0.461160 0.461160
1659.380493 0.000000 2131.783203 0.000000 0.236080 0.000000 -0.971734 0.501793 0.501793 0.501793
1651.945312 0.000000 2114.803223 0.000000 0.264636 0.000000 -0.964348 0.499540 0.499540 0.499540
1658.170532 0.000000 2098.026123 0.000000 0.975232 0.000000 -0.221186 0.417038 0.417038 0.417038
1661.073486 0.000000 2131.864990 0.000000 0.698257 0.000000 -0.715847 0.460950 0.460950 0.460950
1640.647339 0.000000 2122.221680 0.000000 0.419489 0.000000 -0.907760 0.486930 0.486930 0.486930
1620.096436 0.000000 2138.402344 0.000000 0.183377 0.000000 -0.983043 0.505911 0.505911 0.505911
1639.000977 0.000000 2138.585938 0.000000 0.198624 0.000000 -0.980076 0.504725 0.504725 0.504725
1653.561768 0.000000 2114.798340 0.000000 0.988854 0.000000 -0.148890 0.411417 0.411417 0.411417
1661.539917 0.000000 2096.255127 0.000000 0.966971 0.000000 -0.254888 0.419689 0.419689 0.419689
1651.507324 0.000000 2118.711670 0.000000 0.984058 0.000000 -0.177846 0.413525 0.413525 0.413525
1662.500732 0.000000 2128.655273 0.000000 0.999224 0.000000 -0.039387 0.403010 0.403010 0.403010
1643.251953 0.000000 2120.782959 0.000000 0.763974 0.000000 -0.645246 0.453579 0.453579 0.453579
1652.194824 0.000000 2118.349854 0.000000 0.967393 0.000000 -0.253278 0.419562 0.419562 0.419562
1645.630249 0.000000 2116.612549 0.000000 0.967032 0.000000 -0.254655 0.419671 0.419671 0.419671
1690.616211 0.000000 2057.520020 0.000000 0.110330 0.000000 -0.993895 0.213489 0.213489 0.213489
1673.306274 0.000000 2059.112061 0.000000 0.291938 0.000000 -0.956437 0.227788 0.227788 0.227788
1691.568481 0.000000 2066.844971 0.000000 0.702266 0.000000 -0.711915 0.249156 0.249156 0.249156
1696.706299 0.000000 2037.586792 0.000000 0.736395 0.000000 -0.676551 0.267784 0.267784 0.267784
1721.095215 0.000000 2057.217041 0.000000 0.511739 0.000000 -0.859141 0.274851 0.274851 0.274851
1706.998291 0.000000 2070.104492 0.000000 0.040781 0.000000 -0.999168 0.263952 0.263952 0.263952
1703.927368 0.000000 2046.611450 0.000000 0.850608 0.000000 -0.525800 0.275407 0.275407 0.275407
1719.627441 0.000000 2064.064941 0.000000 0.771063 0.000000 -0.636759 0.280991 0.280991 0.280991
1696.238770 0.000000 2086.975830 0.000000 0.952313 0.000000 -0.305123 0.264087 0.264087 0.264087
1704.332397 0.000000 2071.640381 0.000000 0.991706 0.000000 -0.128523 0.275357 0.275357 0.275357
1672.168701 0.000000 2069.213135 0.000000 0.941808 0.000000 -0.336150 0.276848 0.276848 0.276848
1711.139038 0.000000 2047.355713 0.000000 0.871295 0.000000 -0.490760 0.282045 0.282045 0.282045
1685.857300 0.000000 2083.024658 0.000000 0.946144 0.000000 -0.323747 0.294709 0.294709 0.294709
1719.635620 0.000000 2065.720947 0.000000 0.667438 0.000000 -0.744666 0.284342 0.284342 0.284342
1699.772095 0.000000 2067.594238 0.000000 0.963287 0.000000 -0.268474 0.307534 0.307534 0.307534
1683.485352 0.000000 2082.406982 0.000000 0.083809 0.000000 -0.996482 0.327828 0.327828 0.327828
1703.334595 0.000000 2073.195801 0.000000 0.450599 0.000000 -0.892727 0.323014 0.323014 0.323014
1689.165405 0.000000 2057.636230 0.000000 0.316202 0.000000 -0.948692 0.312431 0.312431 0.312431
1688.647583 0.000000 2086.384766 0.000000 0.999967 0.000000 -0.008188 0.293797 0.293797 0.293797
1694.751343 0.000000 2073.029053 0.000000 0.857319 0.000000 -0.514786 0.295375 0.295375 0.295375
1687.490234 0.000000 2058.885010 0.000000 0.853841 0.000000 -0.520534 0.334103 0.334103 0.334103
1700.453857 0.000000 2074.864014 0.000000 0.998064 0.000000 -0.062190 0.278309 0.278309 0.278309
1693.126709 0.000000 2038.644653 0.000000 0.995318 0.000000 -0.096656 0.309043 0.309043 0.309043
1690.409058 0.000000 2046.293823 0.000000 0.629164 0.000000 -0.777272 0.351800 0.351800 0.351800
1699.174561 0.000000 2072.910889 0.000000 0.302418 0.000000 -0.953175 0.371564 0.371564 0.371564
1679.281372 0.000000 2066.243652 0.000000 0.545740 0.000000 -0.837954 0.325513 0.325513 0.325513
1711.941284 0.000000 2068.056885 0.000000 0.179896 0.000000 -0.983686 0.362169 0.362169 0.362169
1708.617554 0.000000 2046.413696 0.000000 0.868082 0.000000 -0.496421 0.320279 0.320279 0.320279
1699.728149 0.000000 2085.468994 0.000000 0.927701 0.000000 -0.373325 0.312183 0.312183 0.312183
1701.939209 0.000000 2068.838867 0.000000 0.098927 0.000000 -0.995095 0.397268 0.397268 0.397268
1691.520020 0.000000 2046.615356 0.000000 0.446919 0.000000 -0.894574 0.359720 0.359720 0.359720
1697.033081 0.000000 2039.555176 0.000000 0.193045 0.000000 -0.981190 0.406175 0.406175 0.406175
1711.137817 0.000000 2069.916992 0.000000 0.131558 0.000000 -0.991308 0.363875 0.363875 0.363875
1707.276611 0.000000 2045.401855 0.000000 0.979012 0.000000 -0.203805 0.338704 0.338704 0.338704
1696.597290 0.000000 2062.869629 0.000000 0.432657 0.000000 -0.901559 0.370755 0.370755 0.370755
1681.929321 0.000000 2086.653076 0.000000 0.788346 0.000000 -0.615232 0.400483 0.400483 0.400483
1672.532959 0.000000 2086.750488 0.000000 0.315614 0.000000 -0.948888 0.433895 0.433895 0.433895
1716.131348 0.000000 2062.712402 0.000000 0.882252 0.000000 -0.470777 0.353915 0.353915 0.353915
1677.927856 0.000000 2086.029785 0.000000 0.587439 0.000000 -0.809269 0.407495 0.407495 0.407495
1672.068481 0.000000 2077.007324 0.000000 0.410558 0.000000 -0.911835 0.402168 0.402168 0.402168
1685.477173 0.000000 2086.875000 0.000000 0.412148 0.000000 -0.911117 0.402088 0.402088 0.402088
1678.619385 0.000000 2087.963867 0.000000 0.689990 0.000000 -0.723819 0.385247 0.385247 0.385247
1700.104614 0.000000 2068.682129 0.000000 0.998885 0.000000 -0.047212 0.338096 0.338096 0.338096
1707.491333 0.000000 2041.359497 0.000000 0.574387 0.000000 -0.818584 0.365820 0.365820 0.365820
1696.608887 0.000000 2069.347168 0.000000 0.260968 0.000000 -0.965347 0.453253 0.453253 0.453253
1695.095825 0.000000 2038.525146 0.000000 0.767878 0.000000 -0.640596 0.403549 0.403549 0.403549
1697.595215 0.000000 2038.048950 0.000000 0.959804 0.000000 -0.280672 0.357721 0.357721 0.357721
1696.888062 0.000000 2084.442871 0.000000 0.998782 0.000000 -0.049333 0.403179 0.403179 0.403179
1685.270752 0.000000 2059.592773 0.000000 0.741227 0.000000 -0.671254 0.373600 0.373600 0.373600
1677.947754 0.000000 2063.881836 0.000000 0.268288 0.000000 -0.963339 0.483357 0.483357 0.483357
1674.321411 0.000000 2087.717773 0.000000 0.277606 0.000000 -0.960695 0.472090 0.472090 0.472090
1672.899658 0.000000 2088.437256 0.000000 0.957105 0.000000 -0.289741 0.397587 0.397587 0.397587
1706.778687 0.000000 2051.242920 0.000000 0.358615 0.000000 -0.933486 0.475015 0.475015 0.475015
1701.217407 0.000000 2073.527100 0.000000 0.794541 0.000000 -0.607210 0.443171 0.443171 0.443171
1681.961426 0.000000 2085.676758 0.000000 0.846847 0.000000 -0.531837 0.440180 0.440180 0.440180
1686.936401 0.000000 2087.045166 0.000000 0.111971 0.000000 -0.993712 0.493585 0.493585 0.493585
1672.207031 0.000000 2079.003662 0.000000 0.862191 0.000000 -0.506584 0.435012 0.435012 0.435012
1708.435303 0.000000 2049.137939 0.000000 0.680094 0.000000 -0.733125 0.452799 0.452799 0.452799
1671.151611 0.000000 2073.248535 0.000000 0.431782 0.000000 -0.901978 0.481963 0.481963 0.481963
1704.213989 0.000000 2040.443848 0.000000 0.254122 0.000000 -0.967172 0.452002 0.452002 0.452002
1676.916992 0.000000 2084.762451 0.000000 0.128226 0.000000 -0.991745 0.484880 0.484880 0.484880
1705.909058 0.000000 2045.188477 0.000000 0.576586 0.000000 -0.817036 0.421557 0.421557 0.421557
1698.358521 0.000000 2047.425415 0.000000 0.467217 0.000000 -0.884142 0.482862 0.482862 0.482862
1684.631592 0.000000 2085.236572 0.000000 0.702889 0.000000 -0.711299 0.460454 0.460454 0.460454
1689.389282 0.000000 2053.471191 0.000000 0.974225 0.000000 -0.225579 0.417383 0.417383 0.417383
1696.117676 0.000000 2043.627930 0.000000 0.131796 0.000000 -0.991277 0.509902 0.509902 0.509902
1699.353882 0.000000 2064.824707 0.000000 0.995277 0.000000 -0.097073 0.406457 0.406457 0.406457
1707.229126 0.000000 2050.288574 0.000000 0.303713 0.000000 -0.952763 0.478695 0.478695 0.478695
1678.748779 0.000000 2064.564941 0.000000 0.824865 0.000000 -0.565329 0.445900 0.445900 0.445900
1694.411743 0.000000 2041.639404 0.000000 0.713680 0.000000 -0.700472 0.459287 0.459287 0.459287
1699.953125 0.000000 2048.394043 0.000000 0.957986 0.000000 -0.286814 0.421352 0.421352 0.421352
1694.083130 0.000000 2068.949707 0.000000 0.020563 0.000000 -0.999789 0.491573 0.491573 0.491573
1719.375610 0.000000 2063.207764 0.000000 0.989839 0.000000 -0.142192 0.396098 0.396098 0.396098
1679.601318 0.000000 2063.088623 0.000000 0.120450 0.000000 -0.992719 0.510776 0.510776 0.510776
1695.084106 0.000000 2067.463379 0.000000 0.718036 0.000000 -0.696006 0.458810 0.458810 0.458810
1718.843018 0.000000 2061.855225 0.000000 0.904791 0.000000 -0.425855 0.412345 0.412345 0.412345
1688.142090 0.000000 2042.817627 0.000000 0.710698 0.000000 -0.703497 0.459611 0.459611 0.459611
1709.588013 0.000000 2051.693359 0.000000 0.201592 0.000000 -0.979470 0.498005 0.498005 0.498005
1687.646118 0.000000 2084.336670 0.000000 0.818701 0.000000 -0.574220 0.446727 0.446727 0.446727
1683.890991 0.000000 2085.742432 0.000000 0.691368 0.000000 -0.722503 0.461682 0.461682 0.461682
1687.276489 0.000000 2053.369141 0.000000 0.982396 0.000000 -0.186810 0.414356 0.414356 0.414356
1696.994385 0.000000 2070.246826 0.000000 0.718774 0.000000 -0.695243 0.458537 0.458537 0.458537
1713.183960 0.000000 2069.998535 0.000000 0.984881 0.000000 -0.173230 0.413301 0.413301 0.413301
1679.573730 0.000000 2071.724365 0.000000 0.034231 0.000000 -0.999414 0.517384 0.517384 0.517384
1679.263916 0.000000 2072.724365 0.000000 0.796390 0.000000 -0.604783 0.449618 0.449618 0.449618
1695.322021 0.000000 2071.916016 0.000000 0.963082 0.000000 -0.269209 0.419258 0.419258 0.419258
1687.809448 0.000000 2054.675049 0.000000 0.931861 0.000000 -0.362815 0.428364 0.428364 0.428364
1699.143555 0.000000 2049.854492 0.000000 0.057095 0.000000 -0.998369 0.511101 0.511101 0.511101
1678.058105 0.000000 2061.582031 0.000000 0.180976 0.000000 -0.983488 0.500550 0.500550 0.500550
1688.819336 0.000000 2085.508301 0.000000 0.353250 0.000000 -0.935529 0.492418 0.492418 0.492418
1675.971802 0.000000 2069.658203 0.000000 0.940424 0.000000 -0.340004 0.424338 0.424338 0.424338
1675.254883 0.000000 2085.786377 0.000000 0.940685 0.000000 -0.339280 0.426271 0.426271 0.426271
1669.777222 0.000000 2079.900391 0.000000 0.910780 0.000000 -0.412893 0.427415 0.427415 0.427415
1708.116699 0.000000 2050.236084 0.000000 0.122439 0.000000 -0.992476 0.503754 0.503754 0.503754
1699.750610 0.000000 2043.156372 0.000000 0.501875 0.000000 -0.864940 0.479574 0.479574 0.479574
1679.676147 0.000000 2064.082520 0.000000 0.035443 0.000000 -0.999372 0.517292 0.517292 0.517292
1672.339233 0.000000 2072.968994 0.000000 0.387131 0.000000 -0.922025 0.489632 0.489632 0.489632
1672.088745 0.000000 2074.554199 0.000000 0.931457 0.000000 -0.363852 0.428449 0.428449 0.428449
1705.661377 0.000000 2042.677246 0.000000 0.998832 0.000000 -0.048321 0.403536 0.403536 0.403536
1686.760132 0.000000 2056.861084 0.000000 0.931984 0.000000 -0.362499 0.426949 0.426949 0.426949
1680.782104 0.000000 2060.378174 0.000000 0.878639 0.000000 -0.477486 0.438028 0.438028 0.438028
1674.774048 0.000000 2073.354248 0.000000 0.502880 0.000000 -0.864357 0.479746 0.479746 0.479746
1670.533203 0.000000 2074.587158 0.000000 0.142546 0.000000 -0.989788 0.509073 0.509073 0.509073
1677.105713 0.000000 2074.821777 0.000000 0.363910 0.000000 -0.931434 0.491546 0.491546 0.491546
1682.087646 0.000000 2084.130371 0.000000 0.651377 0.000000 -0.758755 0.465806 0.465806 0.465806
1688.420288 0.000000 2045.760376 0.000000 0.696586 0.000000 -0.717473 0.461128 0.461128 0.461128
1715.363525 0.000000 2050.933105 0.000000 0.476065 0.000000 -0.879410 0.477534 0.477534 0.477534
1699.925415 0.000000 2046.761597 0.000000 0.815510 0.000000 -0.578743 0.447150 0.447150 0.447150
1695.016235 0.000000 2040.172119 0.000000 0.948383 0.000000 -0.317126 0.424652 0.424652 0.424652
1676.350830 0.000000 2073.317139 0.000000 0.986937 0.000000 -0.161106 0.412361 0.412361 0.412361
1688.852661 0.000000 2044.484741 0.000000 0.142886 0.000000 -0.989739 0.509047 0.509047 0.509047
1678.936890 0.000000 2070.203613 0.000000 0.970576 0.000000 -0.240793 0.418578 0.418578 0.418578
1681.423340 0.000000 2059.251709 0.000000 0.296860 0.000000 -0.954921 0.496975 0.496975 0.496975
1675.565552 0.000000 2075.562988 0.000000 0.957532 0.000000 -0.288326 0.422344 0.422344 0.422344
1697.683838 0.000000 2067.513428 0.000000 0.214143 0.000000 -0.976802 0.503513 0.503513 0.503513
1681.661377 0.000000 2061.580078 0.000000 0.055785 0.000000 -0.998443 0.515736 0.515736 0.515736
1680.676270 0.000000 2071.730713 0.000000 0.873402 0.000000 -0.486999 0.438858 0.438858 0.438858
1672.448242 0.000000 2072.202393 0.000000 0.260574 0.000000 -0.965454 0.499861 0.499861 0.499861
1674.734131 0.000000 2074.644775 0.000000 0.995866 0.000000 -0.090835 0.406949 0.406949 0.406949
1699.113281 0.000000 2045.849854 0.000000 0.999681 0.000000 -0.025254 0.401930 0.401930 0.401930
1790.612427 0.000000 2085.077881 0.000000 0.626346 0.000000 -0.779545 0.207030 0.207030 0.207030
1785.532715 0.000000 2048.412109 0.000000 0.836743 0.000000 -0.547596 0.222129 0.222129 0.222129
1780.105469 0.000000 2075.828369 0.000000 0.794061 0.000000 -0.607838 0.230533 0.230533 0.230533
1778.026733 0.000000 2069.521729 0.000000 0.447427 0.000000 -0.894321 0.266594 0.266594 0.266594
1774.419189 0.000000 2089.151367 0.000000 0.430298 0.000000 -0.902687 0.297826 0.297826 0.297826
1786.513306 0.000000 2047.133911 0.000000 0.377140 0.000000 -0.926156 0.313653 0.313653 0.313653
1791.265015 0.000000 2066.889404 0.000000 0.996448 0.000000 -0.084215 0.266290 0.266290 0.266290
1785.597534 0.000000 2034.154297 0.000000 0.873779 0.000000 -0.486324 0.290731 0.290731 0.290731
1789.768066 0.000000 2060.635742 0.000000 0.806115 0.000000 -0.591758 0.287442 0.287442 0.287442
1778.554443 0.000000 2070.681641 0.000000 0.237983 0.000000 -0.971269 0.328031 0.328031 0.328031
1781.597656 0.000000 2059.108643 0.000000 0.710270 0.000000 -0.703930 0.323218 0.323218 0.323218
1790.953369 0.000000 2058.595215 0.000000 0.536940 0.000000 -0.843621 0.338659 0.338659 0.338659
1781.360962 0.000000 2044.091553 0.000000 0.228207 0.000000 -0.973613 0.414226 0.414226 0.414226
1780.749023 0.000000 2071.746582 0.000000 0.870777 0.000000 -0.491678 0.321383 0.321383 0.321383
1781.175537 0.000000 2041.062256 0.000000 0.995777 0.000000 -0.091805 0.373429 0.373429 0.373429
1788.996460 0.000000 2069.811768 0.000000 0.439779 0.000000 -0.898106 0.405278 0.405278 0.405278
1789.774048 0.000000 2071.866943 0.000000 0.072152 0.000000 -0.997394 0.428286 0.428286 0.428286
1788.814941 0.000000 2068.154541 0.000000 0.804991 0.000000 -0.593286 0.382742 0.382742 0.382742
1789.859009 0.000000 2089.843262 0.000000 0.402861 0.000000 -0.915261 0.467155 0.467155 0.467155
1781.633179 0.000000 2043.047241 0.000000 0.593805 0.000000 -0.804609 0.390960 0.390960 0.390960
1783.509888 0.000000 2051.159668 0.000000 0.994458 0.000000 -0.105131 0.377613 0.377613 0.377613
1787.196167 0.000000 2069.043945 0.000000 0.949573 0.000000 -0.313547 0.359249 0.359249 0.359249
1786.980713 0.000000 2071.875000 0.000000 0.724666 0.000000 -0.689100 0.402677 0.402677 0.402677
1783.181030 0.000000 2048.265381 0.000000 0.382665 0.000000 -0.923887 0.452417 0.452417 0.452417
1779.385986 0.000000 2056.605957 0.000000 0.598876 0.000000 -0.800842 0.457606 0.457606 0.457606
1787.716797 0.000000 2087.385742 0.000000 0.400525 0.000000 -0.916286 0.457683 0.457683 0.457683
1782.490356 0.000000 2038.119873 0.000000 0.288524 0.000000 -0.957473 0.416099 0.416099 0.416099
1789.086182 0.000000 2086.093750 0.000000 0.905511 0.000000 -0.424322 0.428554 0.428554 0.428554
1783.332031 0.000000 2043.280518 0.000000 0.963742 0.000000 -0.266835 0.419556 0.419556 0.419556
1789.417480 0.000000 2066.777100 0.000000 0.991012 0.000000 -0.133771 0.408743 0.408743 0.408743
1785.677246 0.000000 2047.444458 0.000000 0.922311 0.000000 -0.386448 0.430312 0.430312 0.430312
1787.410767 0.000000 2086.541260 0.000000 0.429122 0.000000 -0.903247 0.455815 0.455815 0.455815
1788.535645 0.000000 2088.335449 0.000000 0.033353 0.000000 -0.999444 0.490780 0.490780 0.490780
1786.802368 0.000000 2088.032471 0.000000 0.506151 0.000000 -0.862445 0.466473 0.466473 0.466473
1778.651855 0.000000 2056.140381 0.000000 0.167005 0.000000 -0.985956 0.487598 0.487598 0.487598
1776.560425 0.000000 2060.569824 0.000000 0.732238 0.000000 -0.681048 0.457234 0.457234 0.457234
1781.284668 0.000000 2054.694824 0.000000 0.713466 0.000000 -0.700690 0.459310 0.459310 0.459310
1779.777832 0.000000 2052.104980 0.000000 0.336712 0.000000 -0.941608 0.493764 0.493764 0.493764
1774.936523 0.000000 2052.707520 0.000000 0.839650 0.000000 -0.543128 0.443862 0.443862 0.443862
1780.111084 0.000000 2055.974121 0.000000 0.737545 0.000000 -0.675298 0.456636 0.456636 0.456636
1779.363525 0.000000 2050.933105 0.000000 0.912701 0.000000 -0.408627 0.432158 0.432158 0.432158
1776.760498 0.000000 2052.450684 0.000000 0.443298 0.000000 -0.896374 0.484914 0.484914 0.484914
1776.697754 0.000000 2050.041992 0.000000 0.501429 0.000000 -0.865199 0.479874 0.479874 0.479874
1678.324707 0.000000 2113.809814 0.000000 0.057425 0.000000 -0.998350 0.239106 0.239106 0.239106
1675.004761 0.000000 2115.741943 0.000000 0.251191 0.000000 -0.967937 0.271838 0.271838 0.271838
1678.208130 0.000000 2101.170410 0.000000 0.568290 0.000000 -0.822829 0.285797 0.285797 0.285797
1679.744263 0.000000 2100.882324 0.000000 0.126278 0.000000 -0.991995 0.296364 0.296364 0.296364
1673.120239 0.000000 2114.196777 0.000000 0.892030 0.000000 -0.451976 0.282260 0.282260 0.282260
1672.764526 0.000000 2108.387451 0.000000 0.792072 0.000000 -0.610427 0.311492 0.311492 0.311492
1672.040161 0.000000 2115.165771 0.000000 0.563820 0.000000 -0.825898 0.294173 0.294173 0.294173
1664.212158 0.000000 2113.562012 0.000000 0.991737 0.000000 -0.128286 0.340313 0.340313 0.340313
1666.538086 0.000000 2113.739746 0.000000 0.738346 0.000000 -0.674422 0.344962 0.344962 0.344962
1673.447998 0.000000 2103.039795 0.000000 0.362101 0.000000 -0.932139 0.378322 0.378322 0.378322
1664.041138 0.000000 2103.481201 0.000000 0.291275 0.000000 -0.956640 0.408010 0.408010 0.408010
1676.104858 0.000000 2101.317383 0.000000 0.052464 0.000000 -0.998623 0.425863 0.425863 0.425863
1669.718872 0.000000 2104.433838 0.000000 0.783085 0.000000 -0.621915 0.358606 0.358606 0.358606
1674.836304 0.000000 2094.531494 0.000000 0.272639 0.000000 -0.962117 0.464110 0.464110 0.464110
1685.293335 0.000000 2112.450684 0.000000 0.770203 0.000000 -0.637798 0.425699 0.425699 0.425699
1672.371948 0.000000 2102.732666 0.000000 0.737334 0.000000 -0.675529 0.360063 0.360063 0.360063
1664.173706 0.000000 2117.597412 0.000000 0.915826 0.000000 -0.401575 0.401763 0.401763 0.401763
1677.108032 0.000000 2101.570801 0.000000 0.567978 0.000000 -0.823044 0.399780 0.399780 0.399780
1675.115234 0.000000 2092.784180 0.000000 0.064315 0.000000 -0.997930 0.420275 0.420275 0.420275
1665.495605 0.000000 2110.036133 0.000000 0.856440 0.000000 -0.516247 0.383683 0.383683 0.383683
1671.653198 0.000000 2103.565430 0.000000 0.999971 0.000000 -0.007617 0.379136 0.379136 0.379136
1668.174927 0.000000 2114.567627 0.000000 0.613639 0.000000 -0.789587 0.459077 0.459077 0.459077
1669.391235 0.000000 2103.547119 0.000000 0.354254 0.000000 -0.935149 0.452571 0.452571 0.452571
1665.979248 0.000000 2092.718262 0.000000 0.710004 0.000000 -0.704197 0.435245 0.435245 0.435245
1676.800903 0.000000 2096.282471 0.000000 0.019659 0.000000 -0.999807 0.510366 0.510366 0.510366
1681.157349 0.000000 2119.432617 0.000000 0.968610 0.000000 -0.248584 0.418188 0.418188 0.418188
1667.760498 0.000000 2120.990967 0.000000 0.674186 0.000000 -0.738562 0.463479 0.463479 0.463479
1665.870117 0.000000 2095.548828 0.000000 0.072419 0.000000 -0.997374 0.514463 0.514463 0.514463
1688.142090 0.000000 2099.302002 0.000000 0.647952 0.000000 -0.761681 0.466150 0.466150 0.466150
1671.970825 0.000000 2119.467041 0.000000 0.229996 0.000000 -0.973192 0.480154 0.480154 0.480154
1690.000366 0.000000 2095.522949 0.000000 0.972277 0.000000 -0.233832 0.418030 0.418030 0.418030
1672.933594 0.000000 2093.967773 0.000000 0.179714 0.000000 -0.983719 0.506196 0.506196 0.506196
1667.738403 0.000000 2108.597656 0.000000 0.522563 0.000000 -0.852600 0.475190 0.475190 0.475190
1673.468994 0.000000 2119.263184 0.000000 0.919342 0.000000 -0.393459 0.430893 0.430893 0.430893
1680.355469 0.000000 2119.085449 0.000000 0.109697 0.000000 -0.993965 0.505767 0.505767 0.505767
1669.149414 0.000000 2116.157959 0.000000 0.497271 0.000000 -0.867595 0.480240 0.480240 0.480240
1683.169067 0.000000 2118.014160 0.000000 0.688446 0.000000 -0.725287 0.461990 0.461990 0.461990
1665.097412 0.000000 2105.004639 0.000000 0.295554 0.000000 -0.955326 0.497079 0.497079 0.497079
1669.972778 0.000000 2119.930176 0.000000 0.426208 0.000000 -0.904625 0.486364 0.486364 0.486364
1672.656982 0.000000 2117.491211 0.000000 0.486409 0.000000 -0.873731 0.481194 0.481194 0.481194
1673.729614 0.000000 2093.929688 0.000000 0.967532 0.000000 -0.252749 0.419520 0.419520 0.419520
1666.098267 0.000000 2119.035400 0.000000 0.705010 0.000000 -0.709197 0.460226 0.460226 0.460226
1668.060913 0.000000 2117.917236 0.000000 0.622881 0.000000 -0.782317 0.468631 0.468631 0.468631
1691.094604 0.000000 2095.490967 0.000000 0.999831 0.000000 -0.018398 0.401406 0.401406 0.401406
1669.015015 0.000000 2116.973877 0.000000 0.384371 0.000000 -0.923179 0.489860 0.489860 0.489860
1689.412354 0.000000 2094.456787 0.000000 0.743709 0.000000 -0.668503 0.455936 0.455936 0.455936
1764.176392 0.000000 2133.941406 0.000000 0.729884 0.000000 -0.683571 0.206483 0.206483 0.206483
1788.718994 0.000000 2131.153320 0.000000 0.302550 0.000000 -0.953134 0.211513 0.211513 0.211513
1791.545410 0.000000 2121.880859 0.000000 0.508584 0.000000 -0.861013 0.221054 0.221054 0.221054
1768.666260 0.000000 2136.244385 0.000000 0.968848 0.000000 -0.247656 0.222832 0.222832 0.222832
1762.455933 0.000000 2134.874756 0.000000 0.893645 0.000000 -0.448775 0.240229 0.240229 0.240229
1774.857178 0.000000 2095.425781 0.000000 0.654544 0.000000 -0.756024 0.242350 0.242350 0.242350
1763.859863 0.000000 2095.604248 0.000000 0.499969 0.000000 -0.866043 0.254613 0.254613 0.254613
1760.125000 0.000000 2099.063965 0.000000 0.123042 0.000000 -0.992402 0.280114 0.280114 0.280114
1784.234741 0.000000 2091.664795 0.000000 0.246706 0.000000 -0.969090 0.277677 0.277677 0.277677
1775.452637 0.000000 2139.901123 0.000000 0.569634 0.000000 -0.821898 0.288504 0.288504 0.288504
1767.477661 0.000000 2095.179688 0.000000 1.000000 0.000000 -0.000834 0.268927 0.268927 0.268927
1775.430908 0.000000 2134.056885 0.000000 0.869123 0.000000 -0.494597 0.297295 0.297295 0.297295
1767.241577 0.000000 2142.821045 0.000000 0.828433 0.000000 -0.560088 0.291640 0.291640 0.291640
1785.721436 0.000000 2144.041992 0.000000 0.435622 0.000000 -0.900130 0.370627 0.370627 0.370627
1791.198486 0.000000 2130.434326 0.000000 0.211913 0.000000 -0.977288 0.386157 0.386157 0.386157
1759.322021 0.000000 2127.527100 0.000000 0.079795 0.000000 -0.996811 0.388266 0.388266 0.388266
1754.647827 0.000000 2129.889404 0.000000 0.782735 0.000000 -0.622355 0.358628 0.358628 0.358628
1763.463013 0.000000 2096.543457 0.000000 0.189586 0.000000 -0.981864 0.459048 0.459048 0.459048
1759.603760 0.000000 2134.079590 0.000000 0.643539 0.000000 -0.765414 0.422931 0.422931 0.422931
1755.539917 0.000000 2128.956055 0.000000 0.811226 0.000000 -0.584733 0.356733 0.356733 0.356733
1785.302856 0.000000 2143.197754 0.000000 0.962946 0.000000 -0.269693 0.418543 0.418543 0.418543
1772.476807 0.000000 2094.275879 0.000000 0.138705 0.000000 -0.990334 0.458573 0.458573 0.458573
1773.915527 0.000000 2095.924316 0.000000 0.998464 0.000000 -0.055401 0.381803 0.381803 0.381803
1789.851685 0.000000 2089.988770 0.000000 0.900411 0.000000 -0.435041 0.423406 0.423406 0.423406
1769.519897 0.000000 2096.349365 0.000000 0.678359 0.000000 -0.734731 0.463046 0.463046 0.463046
1772.260010 0.000000 2132.744629 0.000000 0.589857 0.000000 -0.807508 0.447697 0.447697 0.447697
1755.996582 0.000000 2127.694580 0.000000 0.855764 0.000000 -0.517366 0.441541 0.441541 0.441541
1766.521240 0.000000 2097.254639 0.000000 0.042851 0.000000 -0.999081 0.497653 0.497653 0.497653
1756.703613 0.000000 2124.985352 0.000000 0.272085 0.000000 -0.962273 0.498949 0.498949 0.498949
1770.073975 0.000000 2142.233643 0.000000 0.696162 0.000000 -0.717884 0.461173 0.461173 0.461173
1771.417969 0.000000 2139.798340 0.000000 0.933564 0.000000 -0.358410 0.428003 0.428003 0.428003
1754.411133 0.000000 2126.993896 0.000000 0.622385 0.000000 -0.782712 0.468679 0.468679 0.468679
1773.051880 0.000000 2093.297607 0.000000 0.948490 0.000000 -0.316807 0.422695 0.422695 0.422695
1760.115723 0.000000 2132.490479 0.000000 0.511370 0.000000 -0.859361 0.478993 0.478993 0.478993
1785.791870 0.000000 2141.458496 0.000000 0.554065 0.000000 -0.832474 0.472928 0.472928 0.472928
1764.307617 0.000000 2096.437012 0.000000 0.188694 0.000000 -0.982036 0.497568 0.497568 0.497568
1772.922363 0.000000 2138.058594 0.000000 0.488700 0.000000 -0.872452 0.480993 0.480993 0.480993
1765.858887 0.000000 2097.937988 0.000000 0.852203 0.000000 -0.523211 0.438902 0.438902 0.438902
1784.006226 0.000000 2143.184082 0.000000 0.994371 0.000000 -0.105958 0.407209 0.407209 0.407209
1759.105347 0.000000 2132.256348 0.000000 0.925104 0.000000 -0.379714 0.429755 0.429755 0.429755
1768.309326 0.000000 2095.295410 0.000000 0.529437 0.000000 -0.848349 0.474595 0.474595 0.474595
1771.697144 0.000000 2142.160889 0.000000 0.419546 0.000000 -0.907734 0.486925 0.486925 0.486925
1761.042358 0.000000 2133.843506 0.000000 0.691961 0.000000 -0.721935 0.461619 0.461619 0.461619
1757.871216 0.000000 2126.335693 0.000000 0.182047 0.000000 -0.983290 0.506015 0.506015 0.506015
1773.044312 0.000000 2139.693359 0.000000 0.305613 0.000000 -0.952156 0.496273 0.496273 0.496273
1598.830811 0.000000 2193.641357 0.000000 0.185792 0.000000 -0.982589 0.212956 0.212956 0.212956
1586.333252 0.000000 2185.342773 0.000000 0.994845 0.000000 -0.101406 0.250632 0.250632 0.250632
1585.522705 0.000000 2201.078125 0.000000 0.965069 0.000000 -0.261997 0.260788 0.260788 0.260788
1584.308105 0.000000 2200.270020 0.000000 0.252523 0.000000 -0.967591 0.281891 0.281891 0.281891
1587.251587 0.000000 2195.570312 0.000000 0.303510 0.000000 -0.952828 0.295242 0.295242 0.295242
1581.223145 0.000000 2202.492432 0.000000 0.707885 0.000000 -0.706328 0.353450 0.353450 0.353450
1598.449585 0.000000 2194.583496 0.000000 0.083743 0.000000 -0.996487 0.485904 0.485904 0.485904
1594.980713 0.000000 2184.843750 0.000000 0.712893 0.000000 -0.701273 0.382383 0.382383 0.382383
1598.229492 0.000000 2201.115967 0.000000 0.095261 0.000000 -0.995452 0.497241 0.497241 0.497241
1586.872437 0.000000 2186.080078 0.000000 0.989177 0.000000 -0.146725 0.410110 0.410110 0.410110
1585.989380 0.000000 2187.662354 0.000000 0.573174 0.000000 -0.819434 0.467856 0.467856 0.467856
1587.694702 0.000000 2187.813721 0.000000 0.999589 0.000000 -0.028670 0.401969 0.401969 0.401969
1598.671509 0.000000 2182.179443 0.000000 0.618951 0.000000 -0.785430 0.469014 0.469014 0.469014
1598.212158 0.000000 2200.268555 0.000000 0.387092 0.000000 -0.922041 0.477332 0.477332 0.477332
1584.770264 0.000000 2199.374023 0.000000 0.847818 0.000000 -0.530287 0.442700 0.442700 0.442700
1599.631348 0.000000 2184.985840 0.000000 0.263574 0.000000 -0.964639 0.499624 0.499624 0.499624
1599.681274 0.000000 2180.727783 0.000000 0.750324 0.000000 -0.661071 0.448143 0.448143 0.448143
1598.232544 0.000000 2183.784668 0.000000 0.899795 0.000000 -0.436314 0.434492 0.434492 0.434492
1586.812134 0.000000 2187.268066 0.000000 0.960558 0.000000 -0.278080 0.419347 0.419347 0.419347
1597.119019 0.000000 2199.904297 0.000000 0.689547 0.000000 -0.724241 0.456010 0.456010 0.456010
1584.470947 0.000000 2188.787354 0.000000 0.983120 0.000000 -0.182960 0.414056 0.414056 0.414056
1597.467041 0.000000 2195.697754 0.000000 0.058875 0.000000 -0.998265 0.515500 0.515500 0.515500
1609.939697 0.000000 2161.694580 0.000000 0.995174 0.000000 -0.098122 0.200834 0.200834 0.200834
1620.471069 0.000000 2168.231934 0.000000 0.328863 0.000000 -0.944378 0.217851 0.217851 0.217851
1611.119385 0.000000 2200.025391 0.000000 0.913644 0.000000 -0.406514 0.220185 0.220185 0.220185
1617.040649 0.000000 2198.941650 0.000000 0.544616 0.000000 -0.838685 0.243048 0.243048 0.243048
1618.928345 0.000000 2187.311035 0.000000 0.021460 0.000000 -0.999770 0.252569 0.252569 0.252569
1610.323975 0.000000 2177.899658 0.000000 0.920010 0.000000 -0.391894 0.242891 0.242891 0.242891
1603.196289 0.000000 2192.156738 0.000000 0.229587 0.000000 -0.973288 0.263648 0.263648 0.263648
1617.633179 0.000000 2195.235107 0.000000 0.999529 0.000000 -0.030676 0.252695 0.252695 0.252695
1650.757324 0.000000 2147.754395 0.000000 0.188129 0.000000 -0.982144 0.261498 0.261498 0.261498
1651.249023 0.000000 2150.816406 0.000000 0.204074 0.000000 -0.978955 0.284350 0.284350 0.284350
1626.265869 0.000000 2151.164307 0.000000 0.734243 0.000000 -0.678887 0.280929 0.280929 0.280929
1620.652954 0.000000 2180.065430 0.000000 0.373099 0.000000 -0.927792 0.283589 0.283589 0.283589
1619.069702 0.000000 2151.434570 0.000000 0.992017 0.000000 -0.126107 0.281073 0.281073 0.281073
1619.806641 0.000000 2181.707520 0.000000 0.647171 0.000000 -0.762344 0.317596 0.317596 0.317596
1640.875122 0.000000 2147.279785 0.000000 0.958437 0.000000 -0.285305 0.294811 0.294811 0.294811
1627.964233 0.000000 2149.115723 0.000000 0.971932 0.000000 -0.235260 0.323199 0.323199 0.323199
1625.027344 0.000000 2151.604980 0.000000 0.926883 0.000000 -0.375349 0.323408 0.323408 0.323408
1619.024048 0.000000 2160.660645 0.000000 0.184258 0.000000 -0.982878 0.315961 0.315961 0.315961
1604.237427 0.000000 2197.940918 0.000000 0.892047 0.000000 -0.451943 0.345365 0.345365 0.345365
1615.303955 0.000000 2162.189697 0.000000 0.622980 0.000000 -0.782238 0.338008 0.338008 0.338008
1634.137939 0.000000 2161.309326 0.000000 0.991708 0.000000 -0.128515 0.320541 0.320541 0.320541
1610.753052 0.000000 2179.269531 0.000000 0.958044 0.000000 -0.286622 0.309324 0.309324 0.309324
1617.554077 0.000000 2192.586914 0.000000 0.883931 0.000000 -0.467617 0.326859 0.326859 0.326859
1621.595093 0.000000 2177.573730 0.000000 0.118637 0.000000 -0.992938 0.406237 0.406237 0.406237
1624.134033 0.000000 2162.871582 0.000000 0.903759 0.000000 -0.428042 0.331668 0.331668 0.331668
1614.829834 0.000000 2169.286621 0.000000 0.812469 0.000000 -0.583004 0.372715 0.372715 0.372715
1627.765869 0.000000 2168.077881 0.000000 0.054596 0.000000 -0.998509 0.415706 0.415706 0.415706
1609.653320 0.000000 2202.786133 0.000000 0.975730 0.000000 -0.218979 0.334542 0.334542 0.334542
1639.639282 0.000000 2167.815918 0.000000 0.341955 0.000000 -0.939716 0.411841 0.411841 0.411841
1602.333130 0.000000 2173.696045 0.000000 0.676264 0.000000 -0.736659 0.403244 0.403244 0.403244
1625.362671 0.000000 2152.613770 0.000000 0.313424 0.000000 -0.949613 0.369590 0.369590 0.369590
1631.259766 0.000000 2156.154053 0.000000 0.816452 0.000000 -0.577413 0.359036 0.359036 0.359036
1649.527710 0.000000 2151.871094 0.000000 0.983212 0.000000 -0.182466 0.373446 0.373446 0.373446
1630.879883 0.000000 2161.751709 0.000000 0.625840 0.000000 -0.779952 0.412415 0.412415 0.412415
1616.365479 0.000000 2189.600830 0.000000 0.999630 0.000000 -0.027209 0.375704 0.375704 0.375704
1625.502808 0.000000 2156.979736 0.000000 0.673398 0.000000 -0.739280 0.399132 0.399132 0.399132
1614.071655 0.000000 2200.028564 0.000000 0.993832 0.000000 -0.110896 0.394236 0.394236 0.394236
1619.829346 0.000000 2152.082764 0.000000 0.945049 0.000000 -0.326929 0.411114 0.411114 0.411114
1605.291992 0.000000 2190.199219 0.000000 0.120778 0.000000 -0.992680 0.488814 0.488814 0.488814
1605.452637 0.000000 2191.676025 0.000000 0.702134 0.000000 -0.712045 0.447529 0.447529 0.447529
1634.603760 0.000000 2169.351074 0.000000 0.971123 0.000000 -0.238578 0.415938 0.415938 0.415938
1630.111328 0.000000 2160.190186 0.000000 0.902958 0.000000 -0.429729 0.389241 0.389241 0.389241
1643.332275 0.000000 2152.269775 0.000000 0.844534 0.000000 -0.535503 0.438797 0.438797 0.438797
1615.881104 0.000000 2159.528809 0.000000 0.950169 0.000000 -0.311737 0.401390 0.401390 0.401390
1628.167114 0.000000 2180.714600 0.000000 0.381991 0.000000 -0.924166 0.466944 0.466944 0.466944
1640.213989 0.000000 2153.412598 0.000000 0.154110 0.000000 -0.988054 0.491210 0.491210 0.491210
1606.366211 0.000000 2197.367920 0.000000 0.801259 0.000000 -0.598318 0.411737 0.411737 0.411737
1616.800415 0.000000 2188.144775 0.000000 0.805412 0.000000 -0.592715 0.408608 0.408608 0.408608
1618.576050 0.000000 2165.810059 0.000000 0.901099 0.000000 -0.433613 0.434263 0.434263 0.434263
1637.188599 0.000000 2167.115723 0.000000 0.964275 0.000000 -0.264905 0.420482 0.420482 0.420482
1603.760498 0.000000 2177.475342 0.000000 0.887886 0.000000 -0.460064 0.436522 0.436522 0.436522
1642.678101 0.000000 2153.074219 0.000000 0.903140 0.000000 -0.429346 0.430467 0.430467 0.430467
1624.142090 0.000000 2155.786377 0.000000 0.265518 0.000000 -0.964106 0.499470 0.499470 0.499470
1625.915649 0.000000 2146.885498 0.000000 0.639046 0.000000 -0.769169 0.467039 0.467039 0.467039
1636.404053 0.000000 2168.710693 0.000000 0.229064 0.000000 -0.973411 0.502344 0.502344 0.502344
1644.214233 0.000000 2152.220215 0.000000 0.590333 0.000000 -0.807160 0.471759 0.471759 0.471759
1617.699463 0.000000 2162.159668 0.000000 0.835674 0.000000 -0.549225 0.444419 0.444419 0.444419
1649.833008 0.000000 2152.762939 0.000000 0.999217 0.000000 -0.039567 0.403023 0.403023 0.403023
1609.304321 0.000000 2187.089355 0.000000 0.959586 0.000000 -0.281414 0.421793 0.421793 0.421793
1623.276489 0.000000 2166.337891 0.000000 0.974900 0.000000 -0.222643 0.417152 0.417152 0.417152
1651.185913 0.000000 2149.755371 0.000000 0.968978 0.000000 -0.247148 0.419078 0.419078 0.419078
1632.754639 0.000000 2165.912109 0.000000 0.998602 0.000000 -0.052852 0.404039 0.404039 0.404039
1623.809448 0.000000 2167.643799 0.000000 0.532855 0.000000 -0.846207 0.477069 0.477069 0.477069
1620.642334 0.000000 2179.214111 0.000000 0.370212 0.000000 -0.928947 0.482104 0.482104 0.482104
1605.822998 0.000000 2195.412598 0.000000 0.809341 0.000000 -0.587340 0.441846 0.441846 0.441846
1617.132812 0.000000 2154.129883 0.000000 0.283667 0.000000 -0.958923 0.482971 0.482971 0.482971
1653.946045 0.000000 2148.521240 0.000000 0.331388 0.000000 -0.943494 0.494196 0.494196 0.494196
1609.578613 0.000000 2177.468994 0.000000 0.965773 0.000000 -0.259391 0.418146 0.418146 0.418146
1605.777222 0.000000 2192.869141 0.000000 0.181152 0.000000 -0.983455 0.506084 0.506084 0.506084
1616.068848 0.000000 2191.474365 0.000000 0.288398 0.000000 -0.957510 0.494778 0.494778 0.494778
1608.339233 0.000000 2185.937744 0.000000 0.712299 0.000000 -0.701877 0.459437 0.459437 0.459437
1645.529907 0.000000 2155.501465 0.000000 0.855504 0.000000 -0.517796 0.439813 0.439813 0.439813
1619.049072 0.000000 2179.262695 0.000000 0.999633 0.000000 -0.027074 0.402069 0.402069 0.402069
1641.661377 0.000000 2155.645996 0.000000 0.895760 0.000000 -0.444537 0.434157 0.434157 0.434157
1619.894531 0.000000 2166.272705 0.000000 0.758484 0.000000 -0.651691 0.453340 0.453340 0.453340
1606.633423 0.000000 2194.364746 0.000000 0.655806 0.000000 -0.754930 0.461301 0.461301 0.461301
1647.467041 0.000000 2152.724854 0.000000 0.744576 0.000000 -0.667537 0.455836 0.455836 0.455836
1622.185059 0.000000 2179.095703 0.000000 0.045778 0.000000 -0.998952 0.516502 0.516502 0.516502
1602.460083 0.000000 2178.577393 0.000000 0.335754 0.000000 -0.941950 0.493842 0.493842 0.493842
1638.727905 0.000000 2164.977295 0.000000 0.998401 0.000000 -0.056536 0.404321 0.404321 0.404321
1628.794678 0.000000 2157.031250 0.000000 0.545351 0.000000 -0.838207 0.475935 0.475935 0.475935
1633.140991 0.000000 2164.238525 0.000000 0.934154 0.000000 -0.356869 0.427877 0.427877 0.427877
1619.995728 0.000000 2163.860107 0.000000 0.645235 0.000000 -0.763985 0.465771 0.465771 0.465771
1603.853271 0.000000 2178.293945 0.000000 0.889621 0.000000 -0.456699 0.436232 0.436232 0.436232
1645.287964 0.000000 2154.114502 0.000000 0.884621 0.000000 -0.466311 0.435486 0.435486 0.435486
1623.968506 0.000000 2165.916260 0.000000 0.509669 0.000000 -0.860371 0.479144 0.479144 0.479144
1618.646240 0.000000 2167.256348 0.000000 0.487658 0.000000 -0.873035 0.479759 0.479759 0.479759
1652.705933 0.000000 2147.520752 0.000000 0.900642 0.000000 -0.434563 0.434231 0.434231 0.434231
1640.413818 0.000000 2155.076660 0.000000 0.907882 0.000000 -0.419225 0.432076 0.432076 0.432076
1634.441528 0.000000 2163.293213 0.000000 0.676249 0.000000 -0.736673 0.463265 0.463265 0.463265
1605.972778 0.000000 2176.414551 0.000000 0.679370 0.000000 -0.733796 0.462941 0.462941 0.462941
1634.962036 0.000000 2164.488525 0.000000 0.513104 0.000000 -0.858326 0.478839 0.478839 0.478839
1608.061768 0.000000 2181.388916 0.000000 0.476405 0.000000 -0.879226 0.478579 0.478579 0.478579
1609.017212 0.000000 2180.135986 0.000000 0.876261 0.000000 -0.481837 0.436776 0.436776 0.436776
1602.098267 0.000000 2175.519775 0.000000 0.828968 0.000000 -0.559296 0.445343 0.445343 0.445343
1602.106323 0.000000 2179.746582 0.000000 0.762346 0.000000 -0.647170 0.453771 0.453771 0.453771
1604.060913 0.000000 2174.401611 0.000000 0.892704 0.000000 -0.450644 0.435713 0.435713 0.435713
1625.319702 0.000000 2178.992432 0.000000 0.925122 0.000000 -0.379670 0.429751 0.429751 0.429751
1652.699219 0.000000 2149.527832 0.000000 0.471138 0.000000 -0.882059 0.482522 0.482522 0.482522
1605.549072 0.000000 2177.925781 0.000000 0.160639 0.000000 -0.987013 0.507675 0.507675 0.507675
1618.871460 0.000000 2165.006592 0.000000 0.702021 0.000000 -0.712156 0.460548 0.460548 0.460548
1579.124146 0.000000 2206.562012 0.000000 0.998096 0.000000 -0.061685 0.345552 0.345552 0.345552
1574.781250 0.000000 2203.170654 0.000000 0.765580 0.000000 -0.643341 0.453389 0.453389 0.453389
1579.487305 0.000000 2205.774902 0.000000 0.619386 0.000000 -0.785086 0.458153 0.458153 0.458153
1572.161255 0.000000 2203.885254 0.000000 0.089993 0.000000 -0.995942 0.513116 0.513116 0.513116
1607.632568 0.000000 2206.009033 0.000000 0.946173 0.000000 -0.323661 0.363441 0.363441 0.363441
1601.410889 0.000000 2204.127197 0.000000 0.430812 0.000000 -0.902442 0.477265 0.477265 0.477265
1778.317383 0.000000 2149.597412 0.000000 0.581719 0.000000 -0.813390 0.207233 0.207233 0.207233
1772.877319 0.000000 2180.193115 0.000000 0.031851 0.000000 -0.999493 0.212487 0.212487 0.212487
1791.211670 0.000000 2157.238037 0.000000 0.592235 0.000000 -0.805765 0.236932 0.236932 0.236932
1780.512451 0.000000 2156.260742 0.000000 0.993725 0.000000 -0.111848 0.232492 0.232492 0.232492
1785.855957 0.000000 2155.228271 0.000000 0.983464 0.000000 -0.181105 0.249805 0.249805 0.249805
1786.078369 0.000000 2175.678955 0.000000 0.203680 0.000000 -0.979037 0.342768 0.342768 0.342768
1775.419800 0.000000 2169.060547 0.000000 0.929578 0.000000 -0.368626 0.318207 0.318207 0.318207
1783.127563 0.000000 2155.341553 0.000000 0.993281 0.000000 -0.115731 0.290033 0.290033 0.290033
1784.202881 0.000000 2163.362793 0.000000 0.868925 0.000000 -0.494944 0.330486 0.330486 0.330486
1780.879395 0.000000 2168.404785 0.000000 0.662155 0.000000 -0.749367 0.358631 0.358631 0.358631
1785.149658 0.000000 2162.511963 0.000000 0.898996 0.000000 -0.437957 0.328260 0.328260 0.328260
1777.295288 0.000000 2170.167236 0.000000 0.439711 0.000000 -0.898139 0.391554 0.391554 0.391554
1778.747070 0.000000 2157.987061 0.000000 0.324283 0.000000 -0.945960 0.425425 0.425425 0.425425
1788.821777 0.000000 2168.445801 0.000000 0.819366 0.000000 -0.573271 0.370846 0.370846 0.370846
1777.219727 0.000000 2156.418213 0.000000 0.186411 0.000000 -0.982472 0.371354 0.371354 0.371354
1781.175537 0.000000 2154.031006 0.000000 0.791776 0.000000 -0.610811 0.359386 0.359386 0.359386
1789.491821 0.000000 2149.346680 0.000000 0.485633 0.000000 -0.874163 0.416530 0.416530 0.416530
1779.315430 0.000000 2167.494629 0.000000 0.784918 0.000000 -0.619599 0.422942 0.422942 0.422942
1769.650879 0.000000 2151.478760 0.000000 0.493757 0.000000 -0.869600 0.417585 0.417585 0.417585
1786.833618 0.000000 2154.988525 0.000000 0.735053 0.000000 -0.678010 0.416019 0.416019 0.416019
1778.338013 0.000000 2166.250244 0.000000 0.873621 0.000000 -0.486608 0.413692 0.413692 0.413692
1788.557373 0.000000 2151.673096 0.000000 0.974954 0.000000 -0.222406 0.385174 0.385174 0.385174
1783.007812 0.000000 2173.462891 0.000000 0.966907 0.000000 -0.255128 0.366262 0.366262 0.366262
1762.693237 0.000000 2154.468018 0.000000 0.228114 0.000000 -0.973634 0.446878 0.446878 0.446878
1775.074829 0.000000 2180.658203 0.000000 0.809448 0.000000 -0.587192 0.420593 0.420593 0.420593
1782.690308 0.000000 2177.065674 0.000000 0.651441 0.000000 -0.758699 0.451857 0.451857 0.451857
1762.677246 0.000000 2155.591797 0.000000 0.588271 0.000000 -0.808664 0.425269 0.425269 0.425269
1774.481445 0.000000 2179.131104 0.000000 0.562503 0.000000 -0.826795 0.469744 0.469744 0.469744
1780.020264 0.000000 2173.090820 0.000000 0.633725 0.000000 -0.773558 0.467566 0.467566 0.467566
1785.530396 0.000000 2168.300537 0.000000 0.503765 0.000000 -0.863841 0.447693 0.447693 0.447693
1784.719971 0.000000 2147.406250 0.000000 0.870685 0.000000 -0.491841 0.424705 0.424705 0.424705
1787.423462 0.000000 2149.007812 0.000000 0.590591 0.000000 -0.806971 0.471735 0.471735 0.471735
1783.375610 0.000000 2176.176514 0.000000 0.001445 0.000000 -0.999999 0.496328 0.496328 0.496328
1777.788086 0.000000 2169.424316 0.000000 0.083164 0.000000 -0.996536 0.513639 0.513639 0.513639
1766.781250 0.000000 2146.686279 0.000000 0.601940 0.000000 -0.798542 0.470655 0.470655 0.470655
1782.843018 0.000000 2174.823975 0.000000 0.712630 0.000000 -0.701540 0.459401 0.459401 0.459401
1778.914062 0.000000 2171.042725 0.000000 0.907497 0.000000 -0.420058 0.415869 0.415869 0.415869
1776.134521 0.000000 2177.660889 0.000000 0.872292 0.000000 -0.488985 0.439032 0.439032 0.439032
1779.585083 0.000000 2176.469971 0.000000 0.992811 0.000000 -0.119689 0.409166 0.409166 0.409166
1791.634155 0.000000 2166.671387 0.000000 0.928373 0.000000 -0.371650 0.429090 0.429090 0.429090
1783.520630 0.000000 2167.385254 0.000000 0.373082 0.000000 -0.927798 0.490792 0.490792 0.490792
1762.447021 0.000000 2157.235107 0.000000 0.967351 0.000000 -0.253439 0.419575 0.419575 0.419575
1786.024902 0.000000 2166.597168 0.000000 0.993992 0.000000 -0.109449 0.408378 0.408378 0.408378
1769.647583 0.000000 2147.761230 0.000000 0.854613 0.000000 -0.519266 0.441711 0.441711 0.441711
1782.597778 0.000000 2164.135742 0.000000 0.140563 0.000000 -0.990072 0.509226 0.509226 0.509226
1767.853516 0.000000 2150.813477 0.000000 0.758800 0.000000 -0.651323 0.454189 0.454189 0.454189
1784.559204 0.000000 2164.154541 0.000000 0.610832 0.000000 -0.791760 0.469800 0.469800 0.469800
1783.627075 0.000000 2166.339844 0.000000 0.603018 0.000000 -0.797727 0.470551 0.470551 0.470551
1766.331543 0.000000 2152.931641 0.000000 0.998013 0.000000 -0.063008 0.404817 0.404817 0.404817
1786.150269 0.000000 2153.491211 0.000000 0.833839 0.000000 -0.552007 0.444673 0.444673 0.444673
1765.364014 0.000000 2151.686523 0.000000 0.690028 0.000000 -0.723782 0.461824 0.461824 0.461824
1782.126953 0.000000 2166.506104 0.000000 0.977348 0.000000 -0.211639 0.416291 0.416291 0.416291
1787.159668 0.000000 2152.729492 0.000000 0.642374 0.000000 -0.766391 0.466708 0.466708 0.466708
1778.665161 0.000000 2168.071045 0.000000 0.991538 0.000000 -0.129816 0.409945 0.409945 0.409945
1764.138062 0.000000 2154.669678 0.000000 0.447847 0.000000 -0.894110 0.484526 0.484526 0.484526
1787.894775 0.000000 2151.248291 0.000000 0.676403 0.000000 -0.736532 0.463249 0.463249 0.463249
1789.539917 0.000000 2152.739502 0.000000 0.603857 0.000000 -0.797093 0.470471 0.470471 0.470471
1778.696167 0.000000 2177.790039 0.000000 0.106918 0.000000 -0.994268 0.511816 0.511816 0.511816
1784.038330 0.000000 2150.949707 0.000000 0.868493 0.000000 -0.495702 0.439621 0.439621 0.439621
1785.018799 0.000000 2148.165527 0.000000 0.925258 0.000000 -0.379340 0.429724 0.429724 0.429724
1833.897095 0.000000 2033.465820 0.000000 0.024989 0.000000 -0.999688 0.212928 0.212928 0.212928
1825.860474 0.000000 2042.178711 0.000000 0.784611 0.000000 -0.619989 0.205927 0.205927 0.205927
1848.357544 0.000000 2041.784424 0.000000 0.742431 0.000000 -0.669923 0.210142 0.210142 0.210142
1830.352295 0.000000 2082.625977 0.000000 0.072875 0.000000 -0.997341 0.214998 0.214998 0.214998
1824.929810 0.000000 2089.915039 0.000000 0.443131 0.000000 -0.896457 0.224548 0.224548 0.224548
1823.860107 0.000000 2081.270996 0.000000 0.999551 0.000000 -0.029960 0.231261 0.231261 0.231261
1796.837402 0.000000 2081.677246 0.000000 0.874802 0.000000 -0.484481 0.234703 0.234703 0.234703
1832.327271 0.000000 2055.709473 0.000000 0.985984 0.000000 -0.166841 0.242586 0.242586 0.242586
1809.270264 0.000000 2084.255127 0.000000 0.724382 0.000000 -0.689399 0.270744 0.270744 0.270744
1806.208130 0.000000 2044.686035 0.000000 0.961759 0.000000 -0.273898 0.259847 0.259847 0.259847
1852.446655 0.000000 2037.695435 0.000000 0.600933 0.000000 -0.799299 0.265993 0.265993 0.265993
1832.255371 0.000000 2078.324219 0.000000 0.998133 0.000000 -0.061075 0.282831 0.282831 0.282831
1821.555054 0.000000 2041.410767 0.000000 0.491185 0.000000 -0.871055 0.301823 0.301823 0.301823
1798.498657 0.000000 2087.980469 0.000000 0.998902 0.000000 -0.046842 0.256404 0.256404 0.256404
1852.552368 0.000000 2062.856689 0.000000 0.158477 0.000000 -0.987363 0.312107 0.312107 0.312107
1810.552246 0.000000 2087.588379 0.000000 0.229501 0.000000 -0.973308 0.292577 0.292577 0.292577
1810.493530 0.000000 2039.736816 0.000000 0.550336 0.000000 -0.834943 0.293174 0.293174 0.293174
1846.458008 0.000000 2046.346924 0.000000 0.877488 0.000000 -0.479599 0.294315 0.294315 0.294315
1801.044312 0.000000 2036.638916 0.000000 0.894063 0.000000 -0.447941 0.307173 0.307173 0.307173
1834.089600 0.000000 2067.050781 0.000000 0.157343 0.000000 -0.987544 0.328840 0.328840 0.328840
1835.793579 0.000000 2068.093750 0.000000 0.926465 0.000000 -0.376381 0.276623 0.276623 0.276623
1811.856934 0.000000 2071.177490 0.000000 0.996104 0.000000 -0.088187 0.276673 0.276673 0.276673
1809.638672 0.000000 2074.735840 0.000000 0.426166 0.000000 -0.904645 0.312238 0.312238 0.312238
1852.820068 0.000000 2064.099121 0.000000 0.985832 0.000000 -0.167736 0.303181 0.303181 0.303181
1853.635010 0.000000 2062.059570 0.000000 0.975676 0.000000 -0.219219 0.282286 0.282286 0.282286
1795.393555 0.000000 2060.936035 0.000000 0.689771 0.000000 -0.724028 0.322738 0.322738 0.322738
1814.991211 0.000000 2045.716309 0.000000 0.104285 0.000000 -0.994547 0.358488 0.358488 0.358488
1827.174561 0.000000 2072.910889 0.000000 0.997530 0.000000 -0.070244 0.325323 0.325323 0.325323
1798.391357 0.000000 2075.405518 0.000000 0.255680 0.000000 -0.966761 0.354848 0.354848 0.354848
1795.130371 0.000000 2043.756714 0.000000 0.995104 0.000000 -0.098834 0.314872 0.314872 0.314872
1852.005859 0.000000 2041.704590 0.000000 0.835252 0.000000 -0.549867 0.319691 0.319691 0.319691
1848.681396 0.000000 2038.699341 0.000000 0.463375 0.000000 -0.886162 0.347280 0.347280 0.347280
1842.150146 0.000000 2042.723999 0.000000 0.240893 0.000000 -0.970552 0.389696 0.389696 0.389696
1851.795532 0.000000 2040.287964 0.000000 0.327534 0.000000 -0.944840 0.369032 0.369032 0.369032
1824.504517 0.000000 2076.784668 0.000000 0.745181 0.000000 -0.666862 0.328367 0.328367 0.328367
1810.279175 0.000000 2040.911987 0.000000 0.577881 0.000000 -0.816121 0.357015 0.357015 0.357015
1843.404297 0.000000 2042.959961 0.000000 0.999856 0.000000 -0.016960 0.335713 0.335713 0.335713
1802.822510 0.000000 2055.164062 0.000000 0.938851 0.000000 -0.344323 0.359448 0.359448 0.359448
1820.401001 0.000000 2084.895752 0.000000 0.985037 0.000000 -0.172344 0.322115 0.322115 0.322115
1803.726318 0.000000 2076.316406 0.000000 0.922786 0.000000 -0.385312 0.365175 0.365175 0.365175
1827.812500 0.000000 2070.839600 0.000000 0.712718 0.000000 -0.701451 0.342192 0.342192 0.342192
1841.219727 0.000000 2043.449341 0.000000 0.852483 0.000000 -0.522755 0.335493 0.335493 0.335493
1833.275879 0.000000 2064.539307 0.000000 0.403031 0.000000 -0.915186 0.361489 0.361489 0.361489
1832.736816 0.000000 2061.228760 0.000000 0.712574 0.000000 -0.701597 0.358725 0.358725 0.358725
1810.524292 0.000000 2075.355713 0.000000 0.500338 0.000000 -0.865830 0.423299 0.423299 0.423299
1796.615234 0.000000 2038.550293 0.000000 0.475257 0.000000 -0.879847 0.382307 0.382307 0.382307
1836.081299 0.000000 2053.304199 0.000000 0.850769 0.000000 -0.525539 0.409579 0.409579 0.409579
1803.736816 0.000000 2080.406250 0.000000 0.012952 0.000000 -0.999916 0.446541 0.446541 0.446541
1803.257446 0.000000 2065.367676 0.000000 0.264712 0.000000 -0.964328 0.399733 0.399733 0.399733
1834.775757 0.000000 2077.557617 0.000000 0.761004 0.000000 -0.648747 0.402708 0.402708 0.402708
1804.126709 0.000000 2078.377930 0.000000 0.599012 0.000000 -0.800740 0.437990 0.437990 0.437990
1796.746460 0.000000 2084.004395 0.000000 0.457420 0.000000 -0.889251 0.446086 0.446086 0.446086
1828.157715 0.000000 2080.301025 0.000000 0.631646 0.000000 -0.775257 0.441537 0.441537 0.441537
1820.838257 0.000000 2086.836914 0.000000 0.167354 0.000000 -0.985897 0.470486 0.470486 0.470486
1805.019897 0.000000 2065.322266 0.000000 0.431668 0.000000 -0.902032 0.404166 0.404166 0.404166
1805.947754 0.000000 2063.881836 0.000000 0.896838 0.000000 -0.442360 0.393858 0.393858 0.393858
1797.609131 0.000000 2071.509277 0.000000 0.997178 0.000000 -0.075067 0.361060 0.361060 0.361060
1807.096924 0.000000 2051.291748 0.000000 0.365118 0.000000 -0.930961 0.427976 0.427976 0.427976
1824.601929 0.000000 2080.544189 0.000000 0.349615 0.000000 -0.936894 0.480898 0.480898 0.480898
1803.204346 0.000000 2064.388428 0.000000 0.520745 0.000000 -0.853712 0.387518 0.387518 0.387518
1803.326660 0.000000 2054.198486 0.000000 0.428578 0.000000 -0.903505 0.393617 0.393617 0.393617
1823.367676 0.000000 2045.713379 0.000000 0.190858 0.000000 -0.981618 0.425805 0.425805 0.425805
1821.345093 0.000000 2042.398926 0.000000 0.921094 0.000000 -0.389341 0.381868 0.381868 0.381868
1813.197144 0.000000 2075.713623 0.000000 0.838183 0.000000 -0.545389 0.427172 0.427172 0.427172
1812.089233 0.000000 2074.572021 0.000000 0.675958 0.000000 -0.736940 0.442449 0.442449 0.442449
1796.483643 0.000000 2040.403198 0.000000 0.236535 0.000000 -0.971623 0.425146 0.425146 0.425146
1832.764893 0.000000 2042.860474 0.000000 0.671199 0.000000 -0.741277 0.425289 0.425289 0.425289
1807.881104 0.000000 2046.560059 0.000000 0.848046 0.000000 -0.529922 0.408522 0.408522 0.408522
1836.544922 0.000000 2058.066650 0.000000 0.203805 0.000000 -0.979011 0.476739 0.476739 0.476739
1799.856689 0.000000 2039.957031 0.000000 0.984210 0.000000 -0.177006 0.412217 0.412217 0.412217
1815.602295 0.000000 2068.732910 0.000000 0.134662 0.000000 -0.990892 0.501437 0.501437 0.501437
1800.207031 0.000000 2079.003662 0.000000 0.993990 0.000000 -0.109470 0.401148 0.401148 0.401148
1799.151611 0.000000 2073.248535 0.000000 0.253076 0.000000 -0.967446 0.490934 0.490934 0.490934
1834.151367 0.000000 2041.962280 0.000000 0.669686 0.000000 -0.742645 0.454749 0.454749 0.454749
1805.174805 0.000000 2062.655762 0.000000 0.158031 0.000000 -0.987434 0.444047 0.444047 0.444047
1813.980591 0.000000 2071.840332 0.000000 0.377599 0.000000 -0.925969 0.435192 0.435192 0.435192
1805.483765 0.000000 2056.793213 0.000000 0.967039 0.000000 -0.254627 0.419669 0.419669 0.419669
1807.771362 0.000000 2087.725098 0.000000 0.890938 0.000000 -0.454125 0.403698 0.403698 0.403698
1831.903198 0.000000 2076.115234 0.000000 0.939227 0.000000 -0.343296 0.424758 0.424758 0.424758
1836.444214 0.000000 2059.868896 0.000000 0.407924 0.000000 -0.913016 0.463602 0.463602 0.463602
1807.771606 0.000000 2059.585205 0.000000 0.906503 0.000000 -0.422198 0.431883 0.431883 0.431883
1827.307007 0.000000 2081.752441 0.000000 0.987562 0.000000 -0.157228 0.410367 0.410367 0.410367
1814.028931 0.000000 2068.976807 0.000000 0.303155 0.000000 -0.952941 0.489219 0.489219 0.489219
1850.540405 0.000000 2066.294922 0.000000 0.852330 0.000000 -0.523004 0.409413 0.409413 0.409413
1792.815186 0.000000 2061.729736 0.000000 0.102554 0.000000 -0.994727 0.512152 0.512152 0.512152
1793.319458 0.000000 2059.998291 0.000000 0.924604 0.000000 -0.380929 0.428294 0.428294 0.428294
1834.678101 0.000000 2040.105347 0.000000 0.458631 0.000000 -0.888627 0.471580 0.471580 0.471580
1810.337158 0.000000 2072.299805 0.000000 0.999670 0.000000 -0.025678 0.401962 0.401962 0.401962
1836.727051 0.000000 2056.272461 0.000000 0.395363 0.000000 -0.918525 0.450026 0.450026 0.450026
1801.241821 0.000000 2080.671387 0.000000 0.874222 0.000000 -0.485526 0.438729 0.438729 0.438729
1854.671509 0.000000 2069.210693 0.000000 0.974309 0.000000 -0.225214 0.416617 0.416617 0.416617
1833.717041 0.000000 2059.609131 0.000000 0.885286 0.000000 -0.465048 0.436951 0.436951 0.436951
1836.662109 0.000000 2073.603027 0.000000 0.831813 0.000000 -0.555056 0.439811 0.439811 0.439811
1854.278564 0.000000 2066.925049 0.000000 0.990918 0.000000 -0.134468 0.409327 0.409327 0.409327
1806.058105 0.000000 2061.582031 0.000000 0.289665 0.000000 -0.957128 0.487986 0.487986 0.487986
1804.329956 0.000000 2056.266357 0.000000 0.995093 0.000000 -0.098943 0.407571 0.407571 0.407571
1798.094238 0.000000 2039.815308 0.000000 0.447827 0.000000 -0.894120 0.475964 0.475964 0.475964
1834.167358 0.000000 2070.245117 0.000000 0.888927 0.000000 -0.458048 0.432785 0.432785 0.432785
1805.118774 0.000000 2051.354248 0.000000 0.975971 0.000000 -0.217900 0.416781 0.416781 0.416781
1799.567871 0.000000 2083.566650 0.000000 0.853839 0.000000 -0.520536 0.441824 0.441824 0.441824
1812.034302 0.000000 2041.046265 0.000000 0.933446 0.000000 -0.358719 0.426288 0.426288 0.426288
1818.466064 0.000000 2063.395508 0.000000 0.929265 0.000000 -0.369414 0.426639 0.426639 0.426639
1816.401733 0.000000 2067.465332 0.000000 0.865880 0.000000 -0.500252 0.440022 0.440022 0.440022
1835.357544 0.000000 2072.341797 0.000000 0.520187 0.000000 -0.854052 0.473095 0.473095 0.473095
1855.681274 0.000000 2067.759033 0.000000 0.958501 0.000000 -0.285089 0.419993 0.419993 0.419993
1799.268799 0.000000 2039.035400 0.000000 0.978231 0.000000 -0.207520 0.414352 0.414352 0.414352
1816.153564 0.000000 2064.733398 0.000000 0.924295 0.000000 -0.381680 0.428744 0.428744 0.428744
1830.920410 0.000000 2059.216309 0.000000 0.898763 0.000000 -0.438434 0.431839 0.431839 0.431839
1835.623657 0.000000 2073.799561 0.000000 0.737710 0.000000 -0.675117 0.452917 0.452917 0.452917
1848.170898 0.000000 2063.453857 0.000000 0.014780 0.000000 -0.999891 0.518871 0.518871 0.518871
1848.070923 0.000000 2064.786133 0.000000 0.999881 0.000000 -0.015427 0.401179 0.401179 0.401179
1834.807739 0.000000 2073.015625 0.000000 0.947765 0.000000 -0.318968 0.423180 0.423180 0.423180
1833.763672 0.000000 2067.783447 0.000000 0.236874 0.000000 -0.971540 0.496411 0.496411 0.496411
1793.610229 0.000000 2061.791992 0.000000 0.720893 0.000000 -0.693046 0.458496 0.458496 0.458496
1817.319702 0.000000 2066.023682 0.000000 0.923775 0.000000 -0.382936 0.430021 0.430021 0.430021
1805.030640 0.000000 2049.647705 0.000000 0.292423 0.000000 -0.956289 0.497329 0.497329 0.497329
1834.365479 0.000000 2063.271729 0.000000 0.647231 0.000000 -0.762294 0.466006 0.466006 0.466006
1858.786255 0.000000 2068.338135 0.000000 0.957812 0.000000 -0.287397 0.208064 0.208064 0.208064
1857.603149 0.000000 2067.390869 0.000000 0.998685 0.000000 -0.051276 0.288249 0.288249 0.288249
1801.807983 0.000000 2125.627441 0.000000 0.183877 0.000000 -0.982949 0.211591 0.211591 0.211591
1818.772095 0.000000 2139.832275 0.000000 0.993583 0.000000 -0.113105 0.200990 0.200990 0.200990
1809.373657 0.000000 2090.028320 0.000000 0.351822 0.000000 -0.936067 0.247578 0.247578 0.247578
1824.870728 0.000000 2097.167480 0.000000 0.973940 0.000000 -0.226804 0.249478 0.249478 0.249478
1797.526245 0.000000 2130.987793 0.000000 0.979415 0.000000 -0.201855 0.232693 0.232693 0.232693
1829.666260 0.000000 2137.757812 0.000000 0.995495 0.000000 -0.094813 0.263091 0.263091 0.263091
1805.528442 0.000000 2144.440186 0.000000 0.099860 0.000000 -0.995001 0.313587 0.313587 0.313587
1801.044312 0.000000 2093.123291 0.000000 0.999902 0.000000 -0.013977 0.280474 0.280474 0.280474
1801.015747 0.000000 2121.903809 0.000000 0.921748 0.000000 -0.387789 0.299049 0.299049 0.299049
1831.334595 0.000000 2129.680176 0.000000 0.998577 0.000000 -0.053323 0.287170 0.287170 0.287170
1819.964233 0.000000 2092.631348 0.000000 0.842008 0.000000 -0.539465 0.289746 0.289746 0.289746
1821.388550 0.000000 2139.112793 0.000000 0.165898 0.000000 -0.986143 0.351722 0.351722 0.351722
1812.947632 0.000000 2104.551514 0.000000 0.995525 0.000000 -0.094500 0.310122 0.310122 0.310122
1827.340820 0.000000 2091.177002 0.000000 0.529317 0.000000 -0.848424 0.360637 0.360637 0.360637
1809.695801 0.000000 2112.507324 0.000000 0.791102 0.000000 -0.611685 0.355394 0.355394 0.355394
1809.163452 0.000000 2110.342529 0.000000 0.929374 0.000000 -0.369139 0.329387 0.329387 0.329387
1798.064331 0.000000 2114.096680 0.000000 0.869524 0.000000 -0.493892 0.348507 0.348507 0.348507
1815.063110 0.000000 2111.595947 0.000000 0.499471 0.000000 -0.866331 0.317144 0.317144 0.317144
1804.118164 0.000000 2146.396484 0.000000 0.996848 0.000000 -0.079340 0.326811 0.326811 0.326811
1829.203613 0.000000 2144.160156 0.000000 0.796981 0.000000 -0.604004 0.356353 0.356353 0.356353
1811.341675 0.000000 2111.361572 0.000000 0.107096 0.000000 -0.994249 0.348944 0.348944 0.348944
1828.921631 0.000000 2108.413086 0.000000 0.907270 0.000000 -0.420549 0.350353 0.350353 0.350353
1820.401001 0.000000 2141.380127 0.000000 0.924104 0.000000 -0.382141 0.361235 0.361235 0.361235
1812.728271 0.000000 2102.620361 0.000000 0.183067 0.000000 -0.983100 0.365190 0.365190 0.365190
1823.786743 0.000000 2106.010742 0.000000 0.816943 0.000000 -0.576718 0.396657 0.396657 0.396657
1828.441284 0.000000 2145.899902 0.000000 0.755188 0.000000 -0.655508 0.358995 0.358995 0.358995
1822.679077 0.000000 2143.887207 0.000000 0.658997 0.000000 -0.752146 0.402958 0.402958 0.402958
1824.156128 0.000000 2110.710693 0.000000 0.274095 0.000000 -0.961703 0.378900 0.378900 0.378900
1833.350952 0.000000 2128.660889 0.000000 0.666632 0.000000 -0.745387 0.359804 0.359804 0.359804
1834.433472 0.000000 2131.364258 0.000000 0.967743 0.000000 -0.251940 0.363677 0.363677 0.363677
1828.557251 0.000000 2140.680664 0.000000 0.959905 0.000000 -0.280326 0.398267 0.398267 0.398267
1817.502808 0.000000 2100.495361 0.000000 0.197891 0.000000 -0.980224 0.414047 0.414047 0.414047
1822.083984 0.000000 2107.204346 0.000000 0.700910 0.000000 -0.713250 0.405819 0.405819 0.405819
1825.670898 0.000000 2090.677490 0.000000 0.031959 0.000000 -0.999489 0.462815 0.462815 0.462815
1815.253296 0.000000 2106.905762 0.000000 0.643619 0.000000 -0.765346 0.421459 0.421459 0.421459
1806.957397 0.000000 2092.483887 0.000000 0.087425 0.000000 -0.996171 0.451194 0.451194 0.451194
1824.888062 0.000000 2140.927246 0.000000 0.854782 0.000000 -0.518987 0.373262 0.373262 0.373262
1814.981201 0.000000 2103.179932 0.000000 0.903246 0.000000 -0.429123 0.428568 0.428568 0.428568
1820.559570 0.000000 2106.645020 0.000000 0.196971 0.000000 -0.980409 0.437006 0.437006 0.437006
1796.534790 0.000000 2119.251465 0.000000 0.558325 0.000000 -0.829623 0.456143 0.456143 0.456143
1823.047241 0.000000 2138.600098 0.000000 0.423884 0.000000 -0.905716 0.475245 0.475245 0.475245
1792.727051 0.000000 2115.403320 0.000000 0.994495 0.000000 -0.104783 0.372949 0.372949 0.372949
1815.981323 0.000000 2108.577393 0.000000 0.742923 0.000000 -0.669377 0.449434 0.449434 0.449434
1815.111816 0.000000 2107.998291 0.000000 0.601693 0.000000 -0.798727 0.424364 0.424364 0.424364
1807.315674 0.000000 2093.825195 0.000000 0.584895 0.000000 -0.811109 0.422507 0.422507 0.422507
1804.614746 0.000000 2093.613037 0.000000 0.824379 0.000000 -0.566038 0.443713 0.443713 0.443713
1823.954834 0.000000 2094.662354 0.000000 0.785555 0.000000 -0.618792 0.434056 0.434056 0.434056
1831.598145 0.000000 2133.468750 0.000000 0.987491 0.000000 -0.157675 0.411147 0.411147 0.411147
1797.685425 0.000000 2118.347656 0.000000 0.321504 0.000000 -0.946908 0.472566 0.472566 0.472566
1807.771362 0.000000 2144.209473 0.000000 0.817689 0.000000 -0.575660 0.423890 0.423890 0.423890
1810.576050 0.000000 2109.325684 0.000000 0.536190 0.000000 -0.844097 0.454695 0.454695 0.454695
1793.319458 0.000000 2116.482666 0.000000 0.517514 0.000000 -0.855675 0.478446 0.478446 0.478446
1797.057129 0.000000 2125.126709 0.000000 0.230045 0.000000 -0.973180 0.495917 0.495917 0.495917
1797.675293 0.000000 2117.394043 0.000000 0.739775 0.000000 -0.672854 0.456384 0.456384 0.456384
1824.451050 0.000000 2093.233643 0.000000 0.883731 0.000000 -0.467995 0.437206 0.437206 0.437206
1824.754639 0.000000 2109.427734 0.000000 0.684557 0.000000 -0.728959 0.459952 0.459952 0.459952
1792.859619 0.000000 2127.243652 0.000000 0.391067 0.000000 -0.920362 0.489305 0.489305 0.489305
1814.216553 0.000000 2102.801758 0.000000 0.808544 0.000000 -0.588436 0.440522 0.440522 0.440522
1833.067383 0.000000 2130.272949 0.000000 0.576634 0.000000 -0.817002 0.473048 0.473048 0.473048
1801.468994 0.000000 2119.263184 0.000000 0.676930 0.000000 -0.736048 0.455966 0.455966 0.455966
1803.194824 0.000000 2119.129883 0.000000 0.018867 0.000000 -0.999822 0.518559 0.518559 0.518559
1825.361938 0.000000 2093.543701 0.000000 0.629719 0.000000 -0.776823 0.467961 0.467961 0.467961
1817.355469 0.000000 2108.696045 0.000000 0.395788 0.000000 -0.918342 0.488913 0.488913 0.488913
1813.524902 0.000000 2107.654541 0.000000 0.982037 0.000000 -0.188688 0.414217 0.414217 0.414217
1797.930298 0.000000 2115.673340 0.000000 0.689889 0.000000 -0.723915 0.461838 0.461838 0.461838
1806.584106 0.000000 2146.327393 0.000000 0.945551 0.000000 -0.325474 0.424167 0.424167 0.424167
1795.656738 0.000000 2116.189941 0.000000 0.369645 0.000000 -0.929173 0.491075 0.491075 0.491075
1833.922363 0.000000 2130.489014 0.000000 0.683423 0.000000 -0.730023 0.462518 0.462518 0.462518
1796.060913 0.000000 2117.917236 0.000000 0.888677 0.000000 -0.458534 0.436390 0.436390 0.436390
1832.598389 0.000000 2131.390137 0.000000 0.502678 0.000000 -0.864474 0.479764 0.479764 0.479764
1792.347900 0.000000 2129.227051 0.000000 0.509906 0.000000 -0.860230 0.479123 0.479123 0.479123
1797.015015 0.000000 2116.973877 0.000000 0.742219 0.000000 -0.670157 0.456106 0.456106 0.456106
1795.207642 0.000000 2115.519531 0.000000 0.461316 0.000000 -0.887236 0.483371 0.483371 0.483371
1792.930786 0.000000 2128.463379 0.000000 0.894819 0.000000 -0.446429 0.435353 0.435353 0.435353
1818.844482 0.000000 2148.123779 0.000000 0.948645 0.000000 -0.316342 0.202571 0.202571 0.202571
1820.263916 0.000000 2155.702393 0.000000 0.202910 0.000000 -0.979197 0.211940 0.211940 0.211940
1804.396729 0.000000 2158.914062 0.000000 0.999907 0.000000 -0.013615 0.200114 0.200114 0.200114
1795.661377 0.000000 2167.479736 0.000000 0.987632 0.000000 -0.156787 0.212424 0.212424 0.212424
1792.668579 0.000000 2164.176758 0.000000 0.941711 0.000000 -0.336424 0.220461 0.220461 0.220461
1827.805054 0.000000 2165.320557 0.000000 0.964098 0.000000 -0.265548 0.226597 0.226597 0.226597
1807.744263 0.000000 2157.366699 0.000000 0.074245 0.000000 -0.997240 0.267786 0.267786 0.267786
1798.787476 0.000000 2151.297852 0.000000 0.897557 0.000000 -0.440898 0.295672 0.295672 0.295672
1811.355347 0.000000 2146.439941 0.000000 0.916699 0.000000 -0.399579 0.291983 0.291983 0.291983
1827.134155 0.000000 2163.707764 0.000000 0.028813 0.000000 -0.999585 0.337186 0.337186 0.337186
1821.531982 0.000000 2147.250000 0.000000 0.461495 0.000000 -0.887143 0.305499 0.305499 0.305499
1827.340820 0.000000 2147.661377 0.000000 0.351957 0.000000 -0.936016 0.346918 0.346918 0.346918
1792.271973 0.000000 2167.361572 0.000000 0.999974 0.000000 -0.007249 0.336436 0.336436 0.336436
1825.033081 0.000000 2152.523926 0.000000 0.886379 0.000000 -0.462961 0.371634 0.371634 0.371634
1829.115112 0.000000 2147.274414 0.000000 0.703842 0.000000 -0.710357 0.344009 0.344009 0.344009
1810.295288 0.000000 2150.682373 0.000000 0.169039 0.000000 -0.985609 0.376755 0.376755 0.376755
1806.572632 0.000000 2153.108643 0.000000 0.211436 0.000000 -0.977392 0.410176 0.410176 0.410176
1809.145020 0.000000 2147.365479 0.000000 0.583212 0.000000 -0.812320 0.466750 0.466750 0.466750
1807.911255 0.000000 2151.414307 0.000000 0.496734 0.000000 -0.867903 0.480288 0.480288 0.480288
1806.213379 0.000000 2149.189209 0.000000 0.239397 0.000000 -0.970922 0.501532 0.501532 0.501532
2053.528809 0.000000 1836.838135 0.000000 0.798023 0.000000 -0.602627 0.264618 0.264618 0.264618
2049.273926 0.000000 1835.019775 0.000000 0.748396 0.000000 -0.663252 0.305499 0.305499 0.305499
2049.603271 0.000000 1841.453369 0.000000 0.496200 0.000000 -0.868208 0.289075 0.289075 0.289075
2053.303467 0.000000 1839.781616 0.000000 0.740753 0.000000 -0.671778 0.365356 0.365356 0.365356
2054.943359 0.000000 1841.177856 0.000000 0.847122 0.000000 -0.531398 0.385875 0.385875 0.385875
2053.930420 0.000000 1843.901245 0.000000 0.062143 0.000000 -0.998067 0.499054 0.499054 0.499054
2395.964355 0.000000 1979.662598 0.000000 0.056020 0.000000 -0.998430 0.310091 0.310091 0.310091
2223.961914 0.000000 2145.181885 0.000000 0.926711 0.000000 -0.375775 0.206653 0.206653 0.206653
2232.393799 0.000000 2135.048584 0.000000 0.651202 0.000000 -0.758905 0.242415 0.242415 0.242415
2234.545166 0.000000 2121.892578 0.000000 0.560407 0.000000 -0.828218 0.254791 0.254791 0.254791
2239.264893 0.000000 2123.373779 0.000000 0.953648 0.000000 -0.300926 0.266391 0.266391 0.266391
2232.804932 0.000000 2129.436035 0.000000 0.358466 0.000000 -0.933543 0.314184 0.314184 0.314184
2233.142822 0.000000 2133.700439 0.000000 0.586042 0.000000 -0.810281 0.319851 0.319851 0.319851
2239.399414 0.000000 2138.414307 0.000000 0.340410 0.000000 -0.940277 0.307393 0.307393 0.307393
2239.335205 0.000000 2116.151367 0.000000 0.066204 0.000000 -0.997806 0.314433 0.314433 0.314433
2229.067139 0.000000 2143.124756 0.000000 0.566683 0.000000 -0.823936 0.314930 0.314930 0.314930
2229.852051 0.000000 2144.188232 0.000000 0.671417 0.000000 -0.741080 0.309847 0.309847 0.309847
2237.635010 0.000000 2118.543945 0.000000 0.993474 0.000000 -0.114063 0.317710 0.317710 0.317710
2228.552002 0.000000 2131.050293 0.000000 0.886474 0.000000 -0.462779 0.291307 0.291307 0.291307
2234.283936 0.000000 2131.736816 0.000000 0.101817 0.000000 -0.994803 0.379320 0.379320 0.379320
2230.369141 0.000000 2138.294922 0.000000 0.891909 0.000000 -0.452216 0.435848 0.435848 0.435848
2231.910645 0.000000 2139.636475 0.000000 0.037612 0.000000 -0.999292 0.517126 0.517126 0.517126
2242.838379 0.000000 2141.220215 0.000000 0.827841 0.000000 -0.560962 0.268695 0.268695 0.268695
2252.710449 0.000000 2126.655762 0.000000 0.031356 0.000000 -0.999508 0.290904 0.290904 0.290904
2253.914307 0.000000 2108.165039 0.000000 0.999938 0.000000 -0.011156 0.248947 0.248947 0.248947
2247.009521 0.000000 2111.561768 0.000000 0.580969 0.000000 -0.813926 0.311658 0.311658 0.311658
2262.003174 0.000000 2119.138184 0.000000 0.935401 0.000000 -0.353589 0.305379 0.305379 0.305379
2265.668701 0.000000 2139.018555 0.000000 0.893235 0.000000 -0.449589 0.295931 0.295931 0.295931
2264.009033 0.000000 2110.332031 0.000000 0.278866 0.000000 -0.960330 0.317888 0.317888 0.317888
2244.623047 0.000000 2121.309082 0.000000 0.470249 0.000000 -0.882534 0.347017 0.347017 0.347017
2255.086670 0.000000 2127.457275 0.000000 0.401177 0.000000 -0.916001 0.324583 0.324583 0.324583
2260.351074 0.000000 2112.986328 0.000000 0.841447 0.000000 -0.540340 0.305143 0.305143 0.305143
2263.879395 0.000000 2117.534912 0.000000 0.072788 0.000000 -0.997347 0.367536 0.367536 0.367536
2266.950439 0.000000 2134.780762 0.000000 0.850856 0.000000 -0.525399 0.326528 0.326528 0.326528
2255.254395 0.000000 2135.305908 0.000000 0.461859 0.000000 -0.886954 0.370977 0.370977 0.370977
2250.822510 0.000000 2111.648438 0.000000 0.618605 0.000000 -0.785702 0.385201 0.385201 0.385201
2250.729004 0.000000 2104.341797 0.000000 0.106611 0.000000 -0.994301 0.375926 0.375926 0.375926
2261.595215 0.000000 2121.089355 0.000000 0.580726 0.000000 -0.814099 0.382921 0.382921 0.382921
2259.231201 0.000000 2135.243652 0.000000 0.395748 0.000000 -0.918359 0.386009 0.386009 0.386009
2263.847900 0.000000 2139.973145 0.000000 0.911224 0.000000 -0.411912 0.328523 0.328523 0.328523
2260.360107 0.000000 2108.302979 0.000000 0.132241 0.000000 -0.991218 0.417122 0.417122 0.417122
2241.115234 0.000000 2132.188721 0.000000 0.666532 0.000000 -0.745476 0.350010 0.350010 0.350010
2251.079346 0.000000 2118.278076 0.000000 0.968188 0.000000 -0.250223 0.390376 0.390376 0.390376
2260.768066 0.000000 2134.861572 0.000000 0.970279 0.000000 -0.241987 0.400884 0.400884 0.400884
2256.733398 0.000000 2108.451416 0.000000 0.422708 0.000000 -0.906266 0.416980 0.416980 0.416980
2253.377197 0.000000 2132.145996 0.000000 0.122975 0.000000 -0.992410 0.414255 0.414255 0.414255
2246.691162 0.000000 2113.313477 0.000000 0.107138 0.000000 -0.994244 0.438317 0.438317 0.438317
2259.938965 0.000000 2117.636230 0.000000 0.981358 0.000000 -0.192190 0.412553 0.412553 0.412553
2251.326660 0.000000 2110.682861 0.000000 0.934482 0.000000 -0.356009 0.361248 0.361248 0.361248
2258.114258 0.000000 2110.119629 0.000000 0.853246 0.000000 -0.521509 0.373397 0.373397 0.373397
2261.472412 0.000000 2124.190918 0.000000 0.926321 0.000000 -0.376735 0.374857 0.374857 0.374857
2251.486572 0.000000 2116.689453 0.000000 0.974876 0.000000 -0.222747 0.414637 0.414637 0.414637
2245.685303 0.000000 2118.347656 0.000000 0.993046 0.000000 -0.117725 0.381791 0.381791 0.381791
2263.846680 0.000000 2136.385498 0.000000 0.898410 0.000000 -0.439158 0.429626 0.429626 0.429626
2258.017090 0.000000 2136.860840 0.000000 0.751014 0.000000 -0.660286 0.450954 0.450954 0.450954
2265.615723 0.000000 2118.616699 0.000000 0.915971 0.000000 -0.401245 0.428140 0.428140 0.428140
2255.573730 0.000000 2128.208740 0.000000 0.733621 0.000000 -0.679559 0.451670 0.451670 0.451670
2255.263916 0.000000 2129.208740 0.000000 0.973381 0.000000 -0.229191 0.415992 0.415992 0.415992
2253.538330 0.000000 2128.586182 0.000000 0.308575 0.000000 -0.951200 0.483168 0.483168 0.483168
2242.403320 0.000000 2138.911133 0.000000 0.926914 0.000000 -0.375274 0.424970 0.424970 0.424970
2248.050537 0.000000 2116.026367 0.000000 0.935443 0.000000 -0.353477 0.423632 0.423632 0.423632
2255.128906 0.000000 2133.842529 0.000000 0.624811 0.000000 -0.780776 0.458377 0.458377 0.458377
2247.567871 0.000000 2140.051025 0.000000 0.985603 0.000000 -0.169079 0.412979 0.412979 0.412979
2249.468994 0.000000 2119.263184 0.000000 0.051766 0.000000 -0.998659 0.513768 0.513768 0.513768
2244.622803 0.000000 2142.210205 0.000000 0.914756 0.000000 -0.404007 0.429695 0.429695 0.429695
2246.633301 0.000000 2137.880371 0.000000 0.575295 0.000000 -0.817946 0.473173 0.473173 0.473173
2259.168945 0.000000 2118.014160 0.000000 0.015177 0.000000 -0.999885 0.518840 0.518840 0.518840
2259.428223 0.000000 2133.484863 0.000000 0.217950 0.000000 -0.975960 0.495457 0.495457 0.495457
2259.995850 0.000000 2107.375732 0.000000 0.817953 0.000000 -0.575285 0.443460 0.443460 0.443460
2259.645020 0.000000 2132.599609 0.000000 0.673949 0.000000 -0.738778 0.458730 0.458730 0.458730
2263.330566 0.000000 2134.770996 0.000000 0.518087 0.000000 -0.855328 0.478395 0.478395 0.478395
2247.822266 0.000000 2146.155029 0.000000 0.408006 0.000000 -0.912979 0.487894 0.487894 0.487894
2247.230713 0.000000 2139.315674 0.000000 0.845235 0.000000 -0.534396 0.443071 0.443071 0.443071
2261.717285 0.000000 2133.934570 0.000000 0.999246 0.000000 -0.038818 0.402801 0.402801 0.402801
2255.594238 0.000000 2130.977051 0.000000 0.734398 0.000000 -0.678719 0.456992 0.456992 0.456992
2264.505371 0.000000 2135.886475 0.000000 0.723504 0.000000 -0.690320 0.458207 0.458207 0.458207
2247.464844 0.000000 2141.703369 0.000000 0.998936 0.000000 -0.046108 0.403524 0.403524 0.403524
2172.607178 0.000000 2220.745605 0.000000 0.951734 0.000000 -0.306924 0.273728 0.273728 0.273728
2170.285400 0.000000 2219.309326 0.000000 0.785862 0.000000 -0.618401 0.334297 0.334297 0.334297
2168.405029 0.000000 2222.374023 0.000000 0.246151 0.000000 -0.969231 0.440949 0.440949 0.440949
2171.777344 0.000000 2220.418457 0.000000 0.782308 0.000000 -0.622892 0.451370 0.451370 0.451370
2225.665527 0.000000 2175.168945 0.000000 0.032358 0.000000 -0.999476 0.261158 0.261158 0.261158
2226.737793 0.000000 2179.903809 0.000000 0.223145 0.000000 -0.974785 0.253803 0.253803 0.253803
2221.502441 0.000000 2168.767090 0.000000 0.775456 0.000000 -0.631402 0.243590 0.243590 0.243590
2227.450439 0.000000 2199.245361 0.000000 0.820920 0.000000 -0.571043 0.236165 0.236165 0.236165
2237.407227 0.000000 2183.789795 0.000000 0.787828 0.000000 -0.615895 0.248356 0.248356 0.248356
2239.537598 0.000000 2176.672607 0.000000 0.494644 0.000000 -0.869096 0.261520 0.261520 0.261520
2220.378174 0.000000 2146.902588 0.000000 0.355174 0.000000 -0.934800 0.282567 0.282567 0.282567
2237.121826 0.000000 2162.631348 0.000000 0.906395 0.000000 -0.422431 0.250748 0.250748 0.250748
2231.627441 0.000000 2177.033691 0.000000 0.079927 0.000000 -0.996801 0.297395 0.297395 0.297395
2224.143311 0.000000 2198.822754 0.000000 0.159339 0.000000 -0.987224 0.301583 0.301583 0.301583
2226.026855 0.000000 2182.490479 0.000000 1.000000 0.000000 -0.000600 0.248751 0.248751 0.248751
2223.482178 0.000000 2193.964355 0.000000 0.768899 0.000000 -0.639371 0.286278 0.286278 0.286278
2238.777100 0.000000 2166.834473 0.000000 0.366908 0.000000 -0.930257 0.280889 0.280889 0.280889
2221.060791 0.000000 2195.349121 0.000000 0.449032 0.000000 -0.893516 0.308706 0.308706 0.308706
2226.992432 0.000000 2175.812256 0.000000 0.467230 0.000000 -0.884136 0.285614 0.285614 0.285614
2231.191162 0.000000 2188.296875 0.000000 0.737929 0.000000 -0.674879 0.292660 0.292660 0.292660
2218.270752 0.000000 2153.897949 0.000000 0.905130 0.000000 -0.425134 0.267974 0.267974 0.267974
2220.112549 0.000000 2200.460693 0.000000 0.700162 0.000000 -0.713984 0.293992 0.293992 0.293992
2235.498047 0.000000 2193.440186 0.000000 0.673239 0.000000 -0.739425 0.277496 0.277496 0.277496
2221.479736 0.000000 2170.945801 0.000000 0.521885 0.000000 -0.853016 0.291182 0.291182 0.291182
2219.721924 0.000000 2197.799805 0.000000 0.050317 0.000000 -0.998733 0.311762 0.311762 0.311762
2223.812744 0.000000 2178.510742 0.000000 0.537449 0.000000 -0.843296 0.328649 0.328649 0.328649
2239.189697 0.000000 2196.900879 0.000000 0.842592 0.000000 -0.538552 0.332245 0.332245 0.332245
2229.735840 0.000000 2162.786865 0.000000 0.724769 0.000000 -0.688992 0.297117 0.297117 0.297117
2223.754639 0.000000 2195.120361 0.000000 0.096719 0.000000 -0.995312 0.377904 0.377904 0.377904
2221.862305 0.000000 2198.784424 0.000000 0.123589 0.000000 -0.992334 0.346855 0.346855 0.346855
2231.950684 0.000000 2172.384766 0.000000 0.994657 0.000000 -0.103235 0.352002 0.352002 0.352002
2235.732178 0.000000 2169.108398 0.000000 0.889183 0.000000 -0.457551 0.376536 0.376536 0.376536
2239.786377 0.000000 2173.865967 0.000000 0.985234 0.000000 -0.171215 0.348005 0.348005 0.348005
2238.953369 0.000000 2171.563965 0.000000 0.939798 0.000000 -0.341730 0.336990 0.336990 0.336990
2233.517090 0.000000 2183.309570 0.000000 0.988329 0.000000 -0.152334 0.312043 0.312043 0.312043
2224.238770 0.000000 2192.090820 0.000000 0.735516 0.000000 -0.677507 0.393457 0.393457 0.393457
2227.963135 0.000000 2189.890137 0.000000 0.987161 0.000000 -0.159728 0.369913 0.369913 0.369913
2238.343750 0.000000 2168.010742 0.000000 0.175595 0.000000 -0.984462 0.360756 0.360756 0.360756
2222.684082 0.000000 2152.988770 0.000000 0.999996 0.000000 -0.002995 0.368784 0.368784 0.368784
2227.887939 0.000000 2196.597168 0.000000 0.480611 0.000000 -0.876934 0.389543 0.389543 0.389543
2230.526367 0.000000 2164.982422 0.000000 0.378894 0.000000 -0.925440 0.433533 0.433533 0.433533
2223.470703 0.000000 2173.259033 0.000000 0.687617 0.000000 -0.726074 0.422594 0.422594 0.422594
2239.557373 0.000000 2158.204346 0.000000 0.994262 0.000000 -0.106977 0.360291 0.360291 0.360291
2223.125000 0.000000 2198.799805 0.000000 0.233909 0.000000 -0.972258 0.426904 0.426904 0.426904
2238.502197 0.000000 2191.290283 0.000000 0.680516 0.000000 -0.732733 0.404389 0.404389 0.404389
2237.859131 0.000000 2202.812012 0.000000 0.646346 0.000000 -0.763045 0.440401 0.440401 0.440401
2210.680176 0.000000 2201.395508 0.000000 0.996061 0.000000 -0.088675 0.366337 0.366337 0.366337
2231.510010 0.000000 2164.128418 0.000000 0.998602 0.000000 -0.052866 0.373672 0.373672 0.373672
2230.581543 0.000000 2171.537109 0.000000 0.878248 0.000000 -0.478205 0.371124 0.371124 0.371124
2222.249512 0.000000 2172.609375 0.000000 0.193364 0.000000 -0.981127 0.453808 0.453808 0.453808
2230.512939 0.000000 2180.560059 0.000000 0.944136 0.000000 -0.329557 0.421799 0.421799 0.421799
2228.885254 0.000000 2189.569580 0.000000 0.868181 0.000000 -0.496247 0.414331 0.414331 0.414331
2222.057617 0.000000 2200.686523 0.000000 0.285233 0.000000 -0.958458 0.416263 0.416263 0.416263
2234.035645 0.000000 2169.986572 0.000000 0.875464 0.000000 -0.483283 0.377915 0.377915 0.377915
2219.613037 0.000000 2199.617432 0.000000 0.890857 0.000000 -0.454284 0.414201 0.414201 0.414201
2237.147705 0.000000 2190.109619 0.000000 0.317377 0.000000 -0.948299 0.481309 0.481309 0.481309
2227.150146 0.000000 2189.049316 0.000000 0.512322 0.000000 -0.858793 0.413467 0.413467 0.413467
2239.527588 0.000000 2202.020996 0.000000 0.976711 0.000000 -0.214560 0.371497 0.371497 0.371497
2225.975098 0.000000 2188.546875 0.000000 0.692739 0.000000 -0.721188 0.404971 0.404971 0.404971
2234.895508 0.000000 2163.562256 0.000000 0.461628 0.000000 -0.887074 0.430246 0.430246 0.430246
2235.972656 0.000000 2167.025391 0.000000 0.999821 0.000000 -0.018922 0.401323 0.401323 0.401323
2225.757324 0.000000 2194.404541 0.000000 0.987397 0.000000 -0.158261 0.411070 0.411070 0.411070
2229.236328 0.000000 2170.286865 0.000000 0.995730 0.000000 -0.092313 0.406001 0.406001 0.406001
2229.564941 0.000000 2198.797119 0.000000 0.961125 0.000000 -0.276115 0.418647 0.418647 0.418647
2232.675781 0.000000 2186.940430 0.000000 0.159516 0.000000 -0.987195 0.450668 0.450668 0.450668
2227.284912 0.000000 2180.689453 0.000000 0.100276 0.000000 -0.994960 0.503517 0.503517 0.503517
2221.915527 0.000000 2152.408691 0.000000 0.706354 0.000000 -0.707859 0.452424 0.452424 0.452424
2228.311523 0.000000 2198.861084 0.000000 0.505786 0.000000 -0.862659 0.469358 0.469358 0.469358
2226.872559 0.000000 2186.080078 0.000000 0.464220 0.000000 -0.885720 0.436294 0.436294 0.436294
2225.989258 0.000000 2187.662354 0.000000 0.845702 0.000000 -0.533656 0.443004 0.443004 0.443004
2225.788086 0.000000 2169.424316 0.000000 0.701969 0.000000 -0.712207 0.460553 0.460553 0.460553
2219.401855 0.000000 2200.996826 0.000000 0.879079 0.000000 -0.476677 0.437958 0.437958 0.437958
2226.914062 0.000000 2171.042725 0.000000 0.999947 0.000000 -0.010255 0.400783 0.400783 0.400783
2225.183838 0.000000 2182.967285 0.000000 0.187900 0.000000 -0.982188 0.499695 0.499695 0.499695
2224.458008 0.000000 2183.457275 0.000000 0.998402 0.000000 -0.056504 0.404079 0.404079 0.404079
2233.400391 0.000000 2172.650635 0.000000 0.991561 0.000000 -0.129641 0.403574 0.403574 0.403574
2231.520752 0.000000 2167.385254 0.000000 0.301290 0.000000 -0.953533 0.493462 0.493462 0.493462
2234.024902 0.000000 2166.597168 0.000000 0.994631 0.000000 -0.103483 0.407247 0.407247 0.407247
2238.625488 0.000000 2198.974854 0.000000 0.707229 0.000000 -0.706985 0.459399 0.459399 0.459399
2225.265381 0.000000 2186.970459 0.000000 0.649830 0.000000 -0.760080 0.465962 0.465962 0.465962
2223.748291 0.000000 2181.926025 0.000000 0.530705 0.000000 -0.847556 0.477262 0.477262 0.477262
2230.126953 0.000000 2166.506104 0.000000 0.516155 0.000000 -0.856495 0.476000 0.476000 0.476000
2223.344238 0.000000 2170.574951 0.000000 0.611644 0.000000 -0.791133 0.469722 0.469722 0.469722
2224.478516 0.000000 2181.637939 0.000000 0.999733 0.000000 -0.023125 0.401767 0.401767 0.401767
2225.839355 0.000000 2181.682617 0.000000 0.425907 0.000000 -0.904767 0.486389 0.486389 0.486389
2235.380371 0.000000 2188.267578 0.000000 0.997837 0.000000 -0.065744 0.405026 0.405026 0.405026
2227.945312 0.000000 2171.287598 0.000000 0.958212 0.000000 -0.286061 0.422163 0.422163 0.422163
2211.737793 0.000000 2202.008301 0.000000 0.295147 0.000000 -0.955452 0.497112 0.497112 0.497112
2209.022217 0.000000 2202.104248 0.000000 0.785909 0.000000 -0.618343 0.450927 0.450927 0.450927
2250.748779 0.000000 2188.599121 0.000000 0.983906 0.000000 -0.178686 0.201592 0.201592 0.201592
2242.422852 0.000000 2174.805908 0.000000 0.920424 0.000000 -0.390922 0.223581 0.223581 0.223581
2250.587402 0.000000 2159.686523 0.000000 0.921136 0.000000 -0.389241 0.230774 0.230774 0.230774
2241.541504 0.000000 2167.570312 0.000000 0.583096 0.000000 -0.812403 0.247674 0.247674 0.247674
2240.520752 0.000000 2166.176270 0.000000 0.928311 0.000000 -0.371804 0.238927 0.238927 0.238927
2240.046631 0.000000 2201.169678 0.000000 0.930268 0.000000 -0.366881 0.291057 0.291057 0.291057
2249.788330 0.000000 2165.807129 0.000000 0.922158 0.000000 -0.386813 0.331314 0.331314 0.331314
2243.693115 0.000000 2161.418701 0.000000 0.894104 0.000000 -0.447859 0.305913 0.305913 0.305913
2257.984375 0.000000 2156.039795 0.000000 0.052326 0.000000 -0.998630 0.407482 0.407482 0.407482
2258.279053 0.000000 2153.880859 0.000000 0.427749 0.000000 -0.903898 0.380000 0.380000 0.380000
2250.729004 0.000000 2160.826172 0.000000 0.996524 0.000000 -0.083309 0.326962 0.326962 0.326962
2244.258545 0.000000 2189.928223 0.000000 0.555804 0.000000 -0.831313 0.343635 0.343635 0.343635
2240.006348 0.000000 2163.169922 0.000000 0.827281 0.000000 -0.561788 0.366234 0.366234 0.366234
2251.067627 0.000000 2161.908447 0.000000 0.355678 0.000000 -0.934608 0.369432 0.369432 0.369432
2243.738037 0.000000 2157.660889 0.000000 0.457671 0.000000 -0.889121 0.404339 0.404339 0.404339
2245.281494 0.000000 2186.007568 0.000000 0.985270 0.000000 -0.171006 0.359821 0.359821 0.359821
2259.829346 0.000000 2152.082764 0.000000 0.966079 0.000000 -0.258246 0.344563 0.344563 0.344563
2248.497803 0.000000 2147.640869 0.000000 0.360320 0.000000 -0.932829 0.418765 0.418765 0.418765
2241.544434 0.000000 2159.887207 0.000000 0.961946 0.000000 -0.273240 0.401546 0.401546 0.401546
2255.881104 0.000000 2159.528809 0.000000 0.855675 0.000000 -0.517514 0.436665 0.436665 0.436665
2241.141602 0.000000 2169.803223 0.000000 0.975358 0.000000 -0.220628 0.398385 0.398385 0.398385
2250.630615 0.000000 2169.219238 0.000000 0.661327 0.000000 -0.750097 0.454634 0.454634 0.454634
2245.572266 0.000000 2164.900879 0.000000 0.770568 0.000000 -0.637358 0.447790 0.447790 0.447790
2246.917725 0.000000 2170.816162 0.000000 0.976681 0.000000 -0.214696 0.415018 0.415018 0.415018
2247.893555 0.000000 2184.467773 0.000000 0.363572 0.000000 -0.931566 0.491574 0.491574 0.491574
2243.799805 0.000000 2168.812256 0.000000 0.984839 0.000000 -0.173469 0.413232 0.413232 0.413232
2255.052246 0.000000 2157.932861 0.000000 0.058638 0.000000 -0.998279 0.515518 0.515518 0.515518
2240.964111 0.000000 2156.498779 0.000000 0.348603 0.000000 -0.937270 0.492797 0.492797 0.492797
2242.111084 0.000000 2168.261230 0.000000 0.809974 0.000000 -0.586466 0.447563 0.447563 0.447563
2248.007812 0.000000 2180.563965 0.000000 0.949821 0.000000 -0.312793 0.424304 0.424304 0.424304
2255.887939 0.000000 2158.355225 0.000000 0.989584 0.000000 -0.143958 0.409738 0.409738 0.409738
2244.987305 0.000000 2164.166992 0.000000 0.457925 0.000000 -0.888991 0.475734 0.475734 0.475734
2248.061768 0.000000 2181.388916 0.000000 0.185248 0.000000 -0.982692 0.505766 0.505766 0.505766
2249.017090 0.000000 2180.135986 0.000000 0.198994 0.000000 -0.980001 0.504696 0.504696 0.504696
2248.448242 0.000000 2185.171143 0.000000 0.906453 0.000000 -0.422306 0.433307 0.433307 0.433307
2189.989746 0.000000 2229.805176 0.000000 0.657442 0.000000 -0.753505 0.231897 0.231897 0.231897
2187.004883 0.000000 2228.710693 0.000000 0.925328 0.000000 -0.379167 0.260843 0.260843 0.260843
2215.286377 0.000000 2209.712891 0.000000 0.506201 0.000000 -0.862415 0.287426 0.287426 0.287426
2182.677002 0.000000 2228.140869 0.000000 0.065376 0.000000 -0.997861 0.320603 0.320603 0.320603
2229.702881 0.000000 2220.727539 0.000000 0.817026 0.000000 -0.576601 0.297306 0.297306 0.297306
2221.066406 0.000000 2208.489014 0.000000 0.997856 0.000000 -0.065447 0.269287 0.269287 0.269287
2229.412354 0.000000 2205.686523 0.000000 0.929658 0.000000 -0.368424 0.289875 0.289875 0.289875
2187.571533 0.000000 2227.429688 0.000000 0.767764 0.000000 -0.640732 0.296793 0.296793 0.296793
2211.814209 0.000000 2214.062012 0.000000 0.975579 0.000000 -0.219650 0.310734 0.310734 0.310734
2237.398193 0.000000 2204.752441 0.000000 0.160768 0.000000 -0.986992 0.319607 0.319607 0.319607
2234.349854 0.000000 2209.166016 0.000000 0.296159 0.000000 -0.955139 0.315928 0.315928 0.315928
2229.735840 0.000000 2219.271240 0.000000 0.374727 0.000000 -0.927135 0.313722 0.313722 0.313722
2210.137939 0.000000 2217.793701 0.000000 0.620916 0.000000 -0.783877 0.333893 0.333893 0.333893
2224.785645 0.000000 2214.820068 0.000000 0.758632 0.000000 -0.651519 0.384853 0.384853 0.384853
2190.829834 0.000000 2225.770996 0.000000 0.624772 0.000000 -0.780807 0.347770 0.347770 0.347770
2207.837402 0.000000 2209.698975 0.000000 0.734724 0.000000 -0.678366 0.372632 0.372632 0.372632
2223.433105 0.000000 2214.265625 0.000000 0.470586 0.000000 -0.882354 0.384029 0.384029 0.384029
2227.050537 0.000000 2221.153809 0.000000 0.133585 0.000000 -0.991037 0.443668 0.443668 0.443668
2213.476318 0.000000 2205.011475 0.000000 0.350624 0.000000 -0.936516 0.427187 0.427187 0.427187
2201.362793 0.000000 2209.098145 0.000000 0.758013 0.000000 -0.652239 0.404340 0.404340 0.404340
2219.491211 0.000000 2210.812744 0.000000 0.800459 0.000000 -0.599387 0.414565 0.414565 0.414565
2226.565430 0.000000 2219.924316 0.000000 0.728116 0.000000 -0.685454 0.386978 0.386978 0.386978
2182.691162 0.000000 2226.282227 0.000000 0.950899 0.000000 -0.309500 0.393772 0.393772 0.393772
2226.337891 0.000000 2222.734619 0.000000 0.982534 0.000000 -0.186084 0.360534 0.360534 0.360534
2225.442627 0.000000 2223.379150 0.000000 0.912399 0.000000 -0.409302 0.427583 0.427583 0.427583
2226.195557 0.000000 2221.726807 0.000000 0.705240 0.000000 -0.708968 0.409784 0.409784 0.409784
2221.949951 0.000000 2207.956787 0.000000 0.164554 0.000000 -0.986368 0.433722 0.433722 0.433722
2181.024170 0.000000 2224.084961 0.000000 0.752460 0.000000 -0.658638 0.407579 0.407579 0.407579
2219.332275 0.000000 2208.754150 0.000000 0.206425 0.000000 -0.978463 0.469821 0.469821 0.469821
2226.007080 0.000000 2205.128418 0.000000 0.336850 0.000000 -0.941558 0.479353 0.479353 0.479353
2178.295898 0.000000 2227.864746 0.000000 0.359482 0.000000 -0.933152 0.479294 0.479294 0.479294
2225.794922 0.000000 2204.017578 0.000000 0.300697 0.000000 -0.953720 0.483083 0.483083 0.483083
2224.548828 0.000000 2222.807861 0.000000 0.993468 0.000000 -0.114109 0.407480 0.407480 0.407480
2221.917725 0.000000 2206.262451 0.000000 0.911847 0.000000 -0.410530 0.384304 0.384304 0.384304
2203.886963 0.000000 2209.394043 0.000000 0.431484 0.000000 -0.902121 0.475248 0.475248 0.475248
2220.476807 0.000000 2207.244629 0.000000 0.671985 0.000000 -0.740564 0.404971 0.404971 0.404971
2212.613770 0.000000 2205.618896 0.000000 0.938380 0.000000 -0.345606 0.383287 0.383287 0.383287
2216.213867 0.000000 2209.896973 0.000000 0.772347 0.000000 -0.635200 0.446394 0.446394 0.446394
2237.851562 0.000000 2202.957520 0.000000 0.981866 0.000000 -0.189576 0.400135 0.400135 0.400135
2204.673096 0.000000 2207.248047 0.000000 0.523363 0.000000 -0.852110 0.477923 0.477923 0.477923
2231.332031 0.000000 2212.733643 0.000000 0.361930 0.000000 -0.932205 0.491708 0.491708 0.491708
2220.178223 0.000000 2213.807373 0.000000 0.591422 0.000000 -0.806362 0.462992 0.462992 0.462992
2214.781250 0.000000 2203.170654 0.000000 0.417333 0.000000 -0.908754 0.487112 0.487112 0.487112
2217.647705 0.000000 2204.245605 0.000000 0.595764 0.000000 -0.803159 0.463328 0.463328 0.463328
2233.017578 0.000000 2213.513428 0.000000 0.962246 0.000000 -0.272181 0.419751 0.419751 0.419751
2232.977539 0.000000 2211.833496 0.000000 0.082401 0.000000 -0.996599 0.513698 0.513698 0.513698
2217.614258 0.000000 2205.762939 0.000000 0.612029 0.000000 -0.790835 0.461942 0.461942 0.461942
2206.121094 0.000000 2205.112793 0.000000 0.975005 0.000000 -0.222185 0.417116 0.417116 0.417116
2209.362061 0.000000 2206.512451 0.000000 0.410109 0.000000 -0.912036 0.479691 0.479691 0.479691
2231.805420 0.000000 2210.609131 0.000000 0.542924 0.000000 -0.839782 0.469685 0.469685 0.469685
2230.417236 0.000000 2212.203369 0.000000 0.777306 0.000000 -0.629123 0.451981 0.451981 0.451981
2182.810303 0.000000 2223.746338 0.000000 0.998153 0.000000 -0.060752 0.404386 0.404386 0.404386
2226.620117 0.000000 2210.637207 0.000000 0.153620 0.000000 -0.988130 0.508218 0.508218 0.508218
2209.391113 0.000000 2204.931641 0.000000 0.706342 0.000000 -0.707870 0.460083 0.460083 0.460083
2215.386475 0.000000 2205.720947 0.000000 0.877702 0.000000 -0.479207 0.438178 0.438178 0.438178
2205.442139 0.000000 2207.338623 0.000000 0.999429 0.000000 -0.033779 0.402581 0.402581 0.402581
2204.303955 0.000000 2206.325928 0.000000 0.178074 0.000000 -0.984017 0.506323 0.506323 0.506323
3560.273193 0.000000 1857.715576 0.000000 0.752205 0.000000 -0.658929 0.228877 0.228877 0.228877
3555.060059 0.000000 1861.494873 0.000000 0.087028 0.000000 -0.996206 0.310860 0.310860 0.310860
3528.825684 0.000000 1898.493408 0.000000 0.159815 0.000000 -0.987147 0.304562 0.304562 0.304562
3521.161133 0.000000 1903.264526 0.000000 0.425893 0.000000 -0.904774 0.325255 0.325255 0.325255
3524.567383 0.000000 1904.400879 0.000000 0.999059 0.000000 -0.043380 0.372031 0.372031 0.372031
3687.873779 0.000000 2183.193848 0.000000 0.165500 0.000000 -0.986210 0.256139 0.256139 0.256139
3722.323975 0.000000 2177.899658 0.000000 0.863979 0.000000 -0.503527 0.249862 0.249862 0.249862
7976.507812 0.000000 419.812988 0.000000 0.538877 0.000000 -0.842384 0.228549 0.228549 0.228549
7982.857422 0.000000 400.894470 0.000000 0.594091 0.000000 -0.804397 0.244815 0.244815 0.244815
7975.286133 0.000000 402.212799 0.000000 0.990247 0.000000 -0.139321 0.264048 0.264048 0.264048
7993.877930 0.000000 425.971893 0.000000 0.700730 0.000000 -0.713426 0.276698 0.276698 0.276698
7986.878418 0.000000 402.356903 0.000000 0.631695 0.000000 -0.775217 0.346048 0.346048 0.346048
7979.042480 0.000000 416.790070 0.000000 0.998817 0.000000 -0.048633 0.317693 0.317693 0.317693
7982.998535 0.000000 423.494476 0.000000 0.436391 0.000000 -0.899757 0.430195 0.430195 0.430195
7975.104004 0.000000 411.656738 0.000000 0.796352 0.000000 -0.604833 0.398437 0.398437 0.398437
7992.404785 0.000000 414.873962 0.000000 0.880915 0.000000 -0.473274 0.373470 0.373470 0.373470
7983.753906 0.000000 425.279907 0.000000 0.907025 0.000000 -0.421077 0.378463 0.378463 0.378463
7974.983398 0.000000 428.254547 0.000000 0.459206 0.000000 -0.888330 0.431943 0.431943 0.431943
7980.435059 0.000000 411.091034 0.000000 0.021670 0.000000 -0.999765 0.512156 0.512156 0.512156
7977.909180 0.000000 407.141602 0.000000 0.227974 0.000000 -0.973667 0.501760 0.501760 0.501760
7982.016602 0.000000 426.469299 0.000000 0.404460 0.000000 -0.914556 0.467047 0.467047 0.467047
7980.444336 0.000000 421.821899 0.000000 0.120741 0.000000 -0.992684 0.510754 0.510754 0.510754
7985.066895 0.000000 412.796448 0.000000 0.715431 0.000000 -0.698684 0.459095 0.459095 0.459095
7979.229004 0.000000 412.241669 0.000000 0.998455 0.000000 -0.055566 0.404247 0.404247 0.404247
7983.586914 0.000000 416.119537 0.000000 0.528274 0.000000 -0.849074 0.474949 0.474949 0.474949
7991.375488 0.000000 425.160767 0.000000 0.551329 0.000000 -0.834288 0.475389 0.475389 0.475389
7985.905762 0.000000 426.951752 0.000000 0.898767 0.000000 -0.438426 0.434671 0.434671 0.434671
7980.906738 0.000000 415.799194 0.000000 0.400885 0.000000 -0.916128 0.488489 0.488489 0.488489
7981.587891 0.000000 413.646393 0.000000 0.824572 0.000000 -0.565756 0.445940 0.445940 0.445940
7976.651855 0.000000 406.632263 0.000000 0.246606 0.000000 -0.969116 0.500304 0.500304 0.500304
7984.134277 0.000000 426.645264 0.000000 0.998610 0.000000 -0.052715 0.404029 0.404029 0.404029
7987.121582 0.000000 415.607391 0.000000 0.773109 0.000000 -0.634273 0.452488 0.452488 0.452488
7991.520508 0.000000 416.369690 0.000000 0.876246 0.000000 -0.481864 0.438410 0.438410 0.438410
7992.883301 0.000000 416.523438 0.000000 0.547073 0.000000 -0.837085 0.475778 0.475778 0.475778
7974.047363 0.000000 404.245087 0.000000 0.985804 0.000000 -0.167901 0.409547 0.409547 0.409547
7979.037598 0.000000 420.467224 0.000000 0.999966 0.000000 -0.008250 0.400630 0.400630 0.400630
7978.768555 0.000000 410.987244 0.000000 0.973516 0.000000 -0.228618 0.417621 0.417621 0.417621
7980.116699 0.000000 412.189209 0.000000 0.589275 0.000000 -0.807932 0.471859 0.471859 0.471859
7976.594727 0.000000 421.336761 0.000000 0.824706 0.000000 -0.565561 0.443821 0.443821 0.443821
7977.589355 0.000000 410.037750 0.000000 0.125136 0.000000 -0.992140 0.510415 0.510415 0.510415
7977.090820 0.000000 424.277161 0.000000 0.821521 0.000000 -0.570178 0.446350 0.446350 0.446350
7981.529785 0.000000 404.485809 0.000000 0.548614 0.000000 -0.836076 0.472177 0.472177 0.472177
7982.936523 0.000000 414.660583 0.000000 0.325245 0.000000 -0.945630 0.485409 0.485409 0.485409
7989.461914 0.000000 410.998596 0.000000 0.144193 0.000000 -0.989550 0.508946 0.508946 0.508946
7981.755859 0.000000 412.148285 0.000000 0.544852 0.000000 -0.838532 0.475981 0.475981 0.475981
7991.351562 0.000000 420.799835 0.000000 0.830434 0.000000 -0.557118 0.445142 0.445142 0.445142
7977.986328 0.000000 410.818817 0.000000 0.317681 0.000000 -0.948198 0.495303 0.495303 0.495303
7981.288086 0.000000 403.098907 0.000000 0.593535 0.000000 -0.804808 0.467019 0.467019 0.467019
7990.126953 0.000000 415.490417 0.000000 0.873295 0.000000 -0.487191 0.438875 0.438875 0.438875
7978.359375 0.000000 414.992462 0.000000 0.519648 0.000000 -0.854380 0.474675 0.474675 0.474675
7974.255859 0.000000 426.884796 0.000000 0.988783 0.000000 -0.149358 0.410592 0.410592 0.410592
7983.344238 0.000000 419.559387 0.000000 0.893605 0.000000 -0.448855 0.435560 0.435560 0.435560
7976.255371 0.000000 420.610565 0.000000 0.899865 0.000000 -0.436168 0.432902 0.432902 0.432902
7977.423340 0.000000 412.171967 0.000000 0.993710 0.000000 -0.111980 0.408573 0.408573 0.408573
7984.760254 0.000000 414.403748 0.000000 0.196811 0.000000 -0.980441 0.504866 0.504866 0.504866
7985.490723 0.000000 425.950775 0.000000 0.811898 0.000000 -0.583800 0.447624 0.447624 0.447624
7986.035645 0.000000 419.668152 0.000000 0.429473 0.000000 -0.903080 0.486088 0.486088 0.486088
7987.839844 0.000000 411.349182 0.000000 0.996439 0.000000 -0.084322 0.406449 0.406449 0.406449
7977.166992 0.000000 413.157562 0.000000 0.079153 0.000000 -0.996862 0.513947 0.513947 0.513947
7987.507324 0.000000 424.180450 0.000000 0.980580 0.000000 -0.196120 0.415080 0.415080 0.415080
7983.293457 0.000000 410.069611 0.000000 0.952389 0.000000 -0.304884 0.423668 0.423668 0.423668
7988.194824 0.000000 423.818726 0.000000 0.652398 0.000000 -0.757877 0.465703 0.465703 0.465703
8020.687500 0.000000 448.093781 0.000000 0.249571 0.000000 -0.968357 0.263298 0.263298 0.263298
8029.699219 0.000000 450.994110 0.000000 0.247079 0.000000 -0.968995 0.284902 0.284902 0.284902
8029.295410 0.000000 446.604767 0.000000 0.412610 0.000000 -0.910908 0.463288 0.463288 0.463288
8023.645996 0.000000 446.289825 0.000000 0.962927 0.000000 -0.269762 0.419776 0.419776 0.419776
8024.819336 0.000000 447.461456 0.000000 0.498593 0.000000 -0.866836 0.480124 0.480124 0.480124
8025.971680 0.000000 449.588257 0.000000 0.681426 0.000000 -0.731887 0.462726 0.462726 0.462726
8025.175781 0.000000 448.924805 0.000000 0.999999 0.000000 -0.001496 0.400114 0.400114 0.400114
8048.909180 0.000000 494.922089 0.000000 0.861065 0.000000 -0.508495 0.301541 0.301541 0.301541
8038.447266 0.000000 478.365723 0.000000 0.907877 0.000000 -0.419237 0.308737 0.308737 0.308737
8008.482910 0.000000 492.225067 0.000000 0.203418 0.000000 -0.979092 0.359777 0.359777 0.359777
8022.251465 0.000000 508.249725 0.000000 0.675485 0.000000 -0.737373 0.331574 0.331574 0.331574
8041.291504 0.000000 501.380981 0.000000 0.256820 0.000000 -0.966459 0.370249 0.370249 0.370249
8030.718750 0.000000 471.296814 0.000000 0.025890 0.000000 -0.999665 0.364345 0.364345 0.364345
8022.857910 0.000000 506.478516 0.000000 0.989471 0.000000 -0.144729 0.319955 0.319955 0.319955
8051.962891 0.000000 495.358978 0.000000 0.752228 0.000000 -0.658903 0.390857 0.390857 0.390857
8031.786621 0.000000 467.963928 0.000000 0.488831 0.000000 -0.872378 0.366821 0.366821 0.366821
8027.171875 0.000000 507.835236 0.000000 0.458937 0.000000 -0.888469 0.375585 0.375585 0.375585
8031.077637 0.000000 466.169403 0.000000 0.618399 0.000000 -0.785865 0.360823 0.360823 0.360823
8021.477051 0.000000 505.312408 0.000000 0.338193 0.000000 -0.941077 0.391703 0.391703 0.391703
8039.974609 0.000000 505.623505 0.000000 0.995500 0.000000 -0.094758 0.390959 0.390959 0.390959
8010.770020 0.000000 495.214203 0.000000 0.119378 0.000000 -0.992849 0.424346 0.424346 0.424346
8007.129883 0.000000 495.840515 0.000000 0.307107 0.000000 -0.951675 0.461984 0.461984 0.461984
8034.680176 0.000000 506.864166 0.000000 0.693574 0.000000 -0.720385 0.451609 0.451609 0.451609
8036.942871 0.000000 500.401917 0.000000 0.339831 0.000000 -0.940487 0.471363 0.471363 0.471363
8046.249512 0.000000 478.078217 0.000000 0.937973 0.000000 -0.346708 0.404781 0.404781 0.404781
8052.885254 0.000000 495.038391 0.000000 0.990769 0.000000 -0.135558 0.375729 0.375729 0.375729
8051.836426 0.000000 505.608887 0.000000 0.727755 0.000000 -0.685837 0.450188 0.450188 0.450188
8035.053223 0.000000 467.201843 0.000000 0.961191 0.000000 -0.275884 0.404177 0.404177 0.404177
8008.207031 0.000000 497.441132 0.000000 0.064815 0.000000 -0.997897 0.508278 0.508278 0.508278
8049.234863 0.000000 505.590240 0.000000 0.997208 0.000000 -0.074674 0.385182 0.385182 0.385182
8052.584961 0.000000 502.757751 0.000000 0.819617 0.000000 -0.572912 0.443711 0.443711 0.443711
8052.311523 0.000000 504.329926 0.000000 0.989059 0.000000 -0.147522 0.396417 0.396417 0.396417
8044.444336 0.000000 478.306274 0.000000 0.606193 0.000000 -0.795318 0.464737 0.464737 0.464737
8037.188477 0.000000 472.584351 0.000000 0.969914 0.000000 -0.243448 0.418787 0.418787 0.418787
8035.321777 0.000000 471.552704 0.000000 0.573534 0.000000 -0.819181 0.473337 0.473337 0.473337
8046.537109 0.000000 499.344849 0.000000 0.124963 0.000000 -0.992161 0.510428 0.510428 0.510428
8040.066406 0.000000 478.609863 0.000000 0.927439 0.000000 -0.373975 0.428994 0.428994 0.428994
8039.345703 0.000000 472.152344 0.000000 0.945121 0.000000 -0.326719 0.425426 0.425426 0.425426
8044.727051 0.000000 474.710052 0.000000 0.725077 0.000000 -0.688668 0.458033 0.458033 0.458033
8036.404297 0.000000 474.179352 0.000000 0.989075 0.000000 -0.147411 0.411303 0.411303 0.411303
8037.781738 0.000000 503.482544 0.000000 0.910470 0.000000 -0.413576 0.432573 0.432573 0.432573
8053.814453 0.000000 501.684875 0.000000 0.000832 0.000000 -1.000000 0.519937 0.519937 0.519937
8043.417969 0.000000 501.751495 0.000000 0.898945 0.000000 -0.438062 0.434640 0.434640 0.434640
8029.956543 0.000000 508.294952 0.000000 0.992221 0.000000 -0.124491 0.409535 0.409535 0.409535
8019.242188 0.000000 506.599274 0.000000 0.895111 0.000000 -0.445843 0.433342 0.433342 0.433342
8053.628418 0.000000 503.190399 0.000000 0.950476 0.000000 -0.310799 0.422644 0.422644 0.422644
8054.587891 0.000000 497.387085 0.000000 0.877061 0.000000 -0.480379 0.438280 0.438280 0.438280
8040.594727 0.000000 477.821136 0.000000 0.847918 0.000000 -0.530128 0.442685 0.442685 0.442685
8052.174805 0.000000 496.311462 0.000000 0.272361 0.000000 -0.962195 0.498927 0.498927 0.498927
8047.752441 0.000000 505.091949 0.000000 0.782120 0.000000 -0.623128 0.444843 0.444843 0.444843
8047.877441 0.000000 498.684998 0.000000 0.708652 0.000000 -0.705558 0.459833 0.459833 0.459833
8039.377930 0.000000 503.961731 0.000000 0.995532 0.000000 -0.094421 0.407224 0.407224 0.407224
8042.224609 0.000000 475.563812 0.000000 0.982154 0.000000 -0.188076 0.414454 0.414454 0.414454
8038.728027 0.000000 470.445953 0.000000 0.689836 0.000000 -0.723966 0.461844 0.461844 0.461844
8042.211914 0.000000 476.815063 0.000000 0.188508 0.000000 -0.982072 0.505512 0.505512 0.505512
8033.853027 0.000000 508.173096 0.000000 0.836217 0.000000 -0.548399 0.444343 0.444343 0.444343
8009.957031 0.000000 495.108398 0.000000 0.531179 0.000000 -0.847260 0.474949 0.474949 0.474949
8033.655762 0.000000 467.443542 0.000000 0.441987 0.000000 -0.897021 0.485026 0.485026 0.485026
8038.920410 0.000000 477.653809 0.000000 0.738276 0.000000 -0.674499 0.456554 0.456554 0.456554
8040.255371 0.000000 477.094940 0.000000 0.553364 0.000000 -0.832940 0.475203 0.475203 0.475203
8046.721191 0.000000 501.442017 0.000000 0.791177 0.000000 -0.611588 0.450273 0.450273 0.450273
8040.597656 0.000000 502.848663 0.000000 0.793933 0.000000 -0.608006 0.449927 0.449927 0.449927
8034.441406 0.000000 468.762024 0.000000 0.786788 0.000000 -0.617223 0.450818 0.450818 0.450818
8045.785156 0.000000 477.179199 0.000000 0.831902 0.000000 -0.554923 0.443325 0.443325 0.443325
8034.961914 0.000000 469.957275 0.000000 0.812100 0.000000 -0.583518 0.447598 0.447598 0.447598
8032.933594 0.000000 468.653259 0.000000 0.391943 0.000000 -0.919989 0.489233 0.489233 0.489233
8055.910645 0.000000 501.589600 0.000000 0.235877 0.000000 -0.971783 0.501143 0.501143 0.501143
8033.021973 0.000000 507.572998 0.000000 0.958792 0.000000 -0.284110 0.422008 0.422008 0.422008
8045.044434 0.000000 501.646393 0.000000 0.915864 0.000000 -0.401489 0.431562 0.431562 0.431562
8025.025879 0.000000 508.607300 0.000000 0.413313 0.000000 -0.910589 0.226270 0.226270 0.226270
8034.940430 0.000000 518.445740 0.000000 0.845213 0.000000 -0.534430 0.247978 0.247978 0.247978
8060.241699 0.000000 519.101807 0.000000 0.097480 0.000000 -0.995237 0.292509 0.292509 0.292509
8029.555176 0.000000 516.332642 0.000000 0.426526 0.000000 -0.904475 0.312227 0.312227 0.312227
8062.061523 0.000000 516.547485 0.000000 0.285767 0.000000 -0.958299 0.328117 0.328117 0.328117
8023.747070 0.000000 508.467560 0.000000 0.874243 0.000000 -0.485489 0.321154 0.321154 0.321154
8029.867188 0.000000 529.217041 0.000000 0.986667 0.000000 -0.162752 0.308877 0.308877 0.308877
8035.340820 0.000000 509.614532 0.000000 0.921479 0.000000 -0.388427 0.295364 0.295364 0.295364
8029.269043 0.000000 518.311218 0.000000 0.743026 0.000000 -0.669262 0.332517 0.332517 0.332517
8033.033203 0.000000 514.476990 0.000000 0.582877 0.000000 -0.812560 0.355355 0.355355 0.355355
8028.669922 0.000000 520.584595 0.000000 0.441764 0.000000 -0.897132 0.414392 0.414392 0.414392
8054.974121 0.000000 516.205750 0.000000 0.448691 0.000000 -0.893687 0.409404 0.409404 0.409404
8034.780762 0.000000 520.029358 0.000000 0.973141 0.000000 -0.230208 0.367461 0.367461 0.367461
8033.961426 0.000000 518.170654 0.000000 0.406000 0.000000 -0.913873 0.439851 0.439851 0.439851
8035.124512 0.000000 521.726807 0.000000 0.977086 0.000000 -0.212845 0.366605 0.366605 0.366605
8054.490234 0.000000 513.041687 0.000000 0.977810 0.000000 -0.209494 0.414385 0.414385 0.414385
8063.527344 0.000000 563.974121 0.000000 0.587126 0.000000 -0.809496 0.462878 0.462878 0.462878
8035.053223 0.000000 523.686218 0.000000 0.815251 0.000000 -0.579108 0.440091 0.440091 0.440091
8027.323242 0.000000 523.629517 0.000000 0.863155 0.000000 -0.504940 0.435811 0.435811 0.435811
8053.597168 0.000000 512.044922 0.000000 0.876143 0.000000 -0.482051 0.435538 0.435538 0.435538
8022.081543 0.000000 514.274658 0.000000 0.696980 0.000000 -0.717091 0.453501 0.453501 0.453501
8020.056641 0.000000 522.932861 0.000000 0.936370 0.000000 -0.351013 0.415198 0.415198 0.415198
8025.845703 0.000000 525.461548 0.000000 0.811134 0.000000 -0.584860 0.447724 0.447724 0.447724
8053.168945 0.000000 513.587891 0.000000 0.946018 0.000000 -0.324114 0.423321 0.423321 0.423321
8062.212402 0.000000 562.221619 0.000000 0.821536 0.000000 -0.570157 0.440441 0.440441 0.440441
8031.036621 0.000000 510.754639 0.000000 0.432163 0.000000 -0.901796 0.485860 0.485860 0.485860
8026.642578 0.000000 522.987671 0.000000 0.514703 0.000000 -0.857369 0.469695 0.469695 0.469695
8052.068359 0.000000 512.992737 0.000000 0.863170 0.000000 -0.504914 0.437395 0.437395 0.437395
8030.121094 0.000000 510.581451 0.000000 0.278512 0.000000 -0.960433 0.498438 0.498438 0.498438
8023.796387 0.000000 523.187500 0.000000 0.994544 0.000000 -0.104319 0.407488 0.407488 0.407488
8030.460449 0.000000 509.177643 0.000000 0.276440 0.000000 -0.961031 0.498603 0.498603 0.498603
8024.025879 0.000000 522.226074 0.000000 0.999787 0.000000 -0.020626 0.401576 0.401576 0.401576
8031.795410 0.000000 521.336853 0.000000 0.386195 0.000000 -0.922417 0.489709 0.489709 0.489709
8030.019043 0.000000 513.728760 0.000000 0.138865 0.000000 -0.990311 0.506855 0.506855 0.506855
8029.207520 0.000000 508.472656 0.000000 0.010177 0.000000 -0.999948 0.519222 0.519222 0.519222
8028.304199 0.000000 511.794617 0.000000 0.575993 0.000000 -0.817454 0.473108 0.473108 0.473108
8028.464844 0.000000 510.422760 0.000000 0.718410 0.000000 -0.695620 0.458769 0.458769 0.458769
8108.304199 0.000000 532.058716 0.000000 0.083183 0.000000 -0.996534 0.231689 0.231689 0.231689
8099.246582 0.000000 554.777771 0.000000 0.999080 0.000000 -0.042896 0.252931 0.252931 0.252931
8094.635254 0.000000 552.922668 0.000000 0.997992 0.000000 -0.063333 0.240838 0.240838 0.240838
8103.682617 0.000000 556.610352 0.000000 0.558032 0.000000 -0.829819 0.262916 0.262916 0.262916
8117.526855 0.000000 542.294861 0.000000 0.631432 0.000000 -0.775431 0.282701 0.282701 0.282701
8103.286133 0.000000 515.181519 0.000000 0.022692 0.000000 -0.999743 0.295624 0.295624 0.295624
8097.316895 0.000000 553.920715 0.000000 0.585549 0.000000 -0.810637 0.368167 0.368167 0.368167
8100.230469 0.000000 540.122375 0.000000 0.805390 0.000000 -0.592745 0.337163 0.337163 0.337163
8120.056152 0.000000 542.965576 0.000000 0.719775 0.000000 -0.694208 0.324152 0.324152 0.324152
8102.974609 0.000000 544.448181 0.000000 0.323549 0.000000 -0.946212 0.427059 0.427059 0.427059
8103.603027 0.000000 554.361206 0.000000 0.834896 0.000000 -0.550408 0.361670 0.361670 0.361670
8108.707520 0.000000 522.416931 0.000000 0.848649 0.000000 -0.528956 0.329259 0.329259 0.329259
8105.351074 0.000000 547.098450 0.000000 0.697836 0.000000 -0.716258 0.360929 0.360929 0.360929
8104.328125 0.000000 549.106079 0.000000 0.680323 0.000000 -0.732913 0.371712 0.371712 0.371712
8087.499023 0.000000 518.367737 0.000000 0.579778 0.000000 -0.814774 0.434844 0.434844 0.434844
8111.829590 0.000000 533.169189 0.000000 0.934220 0.000000 -0.356698 0.388939 0.388939 0.388939
8100.104492 0.000000 543.604126 0.000000 0.133483 0.000000 -0.991051 0.475939 0.475939 0.475939
8118.758301 0.000000 549.213013 0.000000 0.780698 0.000000 -0.624908 0.385983 0.385983 0.385983
8086.246094 0.000000 518.482544 0.000000 0.472942 0.000000 -0.881093 0.441964 0.441964 0.441964
8071.513672 0.000000 561.946167 0.000000 0.376752 0.000000 -0.926314 0.433656 0.433656 0.433656
8102.861816 0.000000 517.574158 0.000000 0.890788 0.000000 -0.454419 0.424747 0.424747 0.424747
8092.635742 0.000000 547.987488 0.000000 0.700776 0.000000 -0.713381 0.452947 0.452947 0.452947
8098.769043 0.000000 538.931824 0.000000 0.891521 0.000000 -0.452980 0.407555 0.407555 0.407555
8101.202148 0.000000 542.076660 0.000000 0.994834 0.000000 -0.101511 0.396004 0.396004 0.396004
8100.752930 0.000000 519.314819 0.000000 0.846538 0.000000 -0.532328 0.436297 0.436297 0.436297
8099.242676 0.000000 552.656616 0.000000 0.516224 0.000000 -0.856454 0.428428 0.428428 0.428428
8091.886719 0.000000 514.862793 0.000000 0.023267 0.000000 -0.999729 0.503155 0.503155 0.503155
8104.733887 0.000000 555.832153 0.000000 0.478487 0.000000 -0.878095 0.475730 0.475730 0.475730
8104.903320 0.000000 545.237610 0.000000 0.703158 0.000000 -0.711034 0.425712 0.425712 0.425712
8120.675781 0.000000 548.893555 0.000000 0.618209 0.000000 -0.786014 0.435102 0.435102 0.435102
8092.673340 0.000000 512.716797 0.000000 0.887718 0.000000 -0.460388 0.436550 0.436550 0.436550
8068.918945 0.000000 563.239502 0.000000 0.995275 0.000000 -0.097095 0.407429 0.407429 0.407429
8116.507324 0.000000 545.790894 0.000000 0.735196 0.000000 -0.677854 0.456344 0.456344 0.456344
8099.354004 0.000000 539.746582 0.000000 0.684494 0.000000 -0.729019 0.427179 0.427179 0.427179
8095.083984 0.000000 542.385193 0.000000 0.496116 0.000000 -0.868256 0.480342 0.480342 0.480342
8096.994629 0.000000 545.168823 0.000000 0.971225 0.000000 -0.238165 0.418371 0.418371 0.418371
8090.000488 0.000000 513.960510 0.000000 0.711358 0.000000 -0.702829 0.459539 0.459539 0.459539
8095.321777 0.000000 546.837952 0.000000 0.063617 0.000000 -0.997974 0.515137 0.515137 0.515137
8101.566895 0.000000 518.982300 0.000000 0.453410 0.000000 -0.891302 0.471140 0.471140 0.471140
8102.047363 0.000000 517.213867 0.000000 0.190014 0.000000 -0.981781 0.481001 0.481001 0.481001
8095.110352 0.000000 549.503845 0.000000 0.813497 0.000000 -0.581569 0.447415 0.447415 0.447415
8088.494629 0.000000 515.935852 0.000000 0.794577 0.000000 -0.607163 0.449846 0.449846 0.449846
8103.982422 0.000000 542.821289 0.000000 0.431643 0.000000 -0.902044 0.473833 0.473833 0.473833
8110.237305 0.000000 530.161438 0.000000 0.387413 0.000000 -0.921906 0.489608 0.489608 0.489608
8098.760254 0.000000 541.534790 0.000000 0.272764 0.000000 -0.962081 0.498895 0.498895 0.498895
8100.975098 0.000000 516.141174 0.000000 0.229753 0.000000 -0.973249 0.502290 0.502290 0.502290
8098.335938 0.000000 547.725220 0.000000 0.954737 0.000000 -0.297453 0.423073 0.423073 0.423073
8098.484375 0.000000 544.480835 0.000000 0.974638 0.000000 -0.223789 0.417242 0.417242 0.417242
8096.370117 0.000000 543.329956 0.000000 0.022993 0.000000 -0.999736 0.518243 0.518243 0.518243
8099.292969 0.000000 515.780396 0.000000 0.903015 0.000000 -0.429609 0.433924 0.433924 0.433924
8117.198242 0.000000 544.584961 0.000000 0.788831 0.000000 -0.614610 0.450069 0.450069 0.450069
8099.610840 0.000000 549.785645 0.000000 0.856490 0.000000 -0.516164 0.441434 0.441434 0.441434
8094.949707 0.000000 540.898926 0.000000 0.599453 0.000000 -0.800410 0.470892 0.470892 0.470892
8096.275391 0.000000 541.844543 0.000000 0.929076 0.000000 -0.369889 0.428945 0.428945 0.428945
8071.822266 0.000000 564.592590 0.000000 0.493731 0.000000 -0.869614 0.480552 0.480552 0.480552
8099.067871 0.000000 542.930603 0.000000 0.900958 0.000000 -0.433907 0.434288 0.434288 0.434288
8069.699219 0.000000 562.939392 0.000000 0.449089 0.000000 -0.893487 0.484420 0.484420 0.484420
8097.812012 0.000000 540.363892 0.000000 0.980928 0.000000 -0.194372 0.414944 0.414944 0.414944
8088.544434 0.000000 512.884827 0.000000 0.369616 0.000000 -0.929184 0.491077 0.491077 0.491077
8096.153320 0.000000 549.476868 0.000000 0.739513 0.000000 -0.673142 0.456413 0.456413 0.456413
8074.316406 0.000000 564.274414 0.000000 0.686879 0.000000 -0.726772 0.462155 0.462155 0.462155
8071.251465 0.000000 563.111572 0.000000 0.952470 0.000000 -0.304632 0.423648 0.423648 0.423648
8093.441895 0.000000 512.807495 0.000000 0.891592 0.000000 -0.452841 0.435901 0.435901 0.435901
8120.191895 0.000000 544.781067 0.000000 0.999241 0.000000 -0.038957 0.402977 0.402977 0.402977
8092.304199 0.000000 511.794617 0.000000 0.848214 0.000000 -0.529654 0.442643 0.442643 0.442643
8092.464844 0.000000 510.422760 0.000000 0.705292 0.000000 -0.708917 0.460196 0.460196 0.460196
8096.719727 0.000000 542.574951 0.000000 0.797401 0.000000 -0.603450 0.449490 0.449490 0.449490
8061.303711 0.000000 569.444763 0.000000 0.255870 0.000000 -0.966711 0.497613 0.497613 0.497613
8059.423340 0.000000 567.445312 0.000000 0.866510 0.000000 -0.499160 0.439926 0.439926 0.439926
8058.445312 0.000000 567.347839 0.000000 0.946558 0.000000 -0.322534 0.425088 0.425088 0.425088
8061.162109 0.000000 568.588135 0.000000 0.984424 0.000000 -0.175808 0.413148 0.413148 0.413148
8060.276855 0.000000 564.885376 0.000000 0.903877 0.000000 -0.427792 0.433770 0.433770 0.433770
8058.464844 0.000000 657.615540 0.000000 0.544740 0.000000 -0.838605 0.236397 0.236397 0.236397
8051.333496 0.000000 665.735840 0.000000 0.979842 0.000000 -0.199775 0.259503 0.259503 0.259503
8061.805664 0.000000 656.974548 0.000000 0.784078 0.000000 -0.620663 0.272777 0.272777 0.272777
8053.852051 0.000000 675.594482 0.000000 0.956823 0.000000 -0.290670 0.324005 0.324005 0.324005
8050.104492 0.000000 666.041809 0.000000 0.525953 0.000000 -0.850514 0.313461 0.313461 0.313461
8049.054688 0.000000 677.191528 0.000000 0.959627 0.000000 -0.281275 0.306737 0.306737 0.306737
8046.979004 0.000000 675.919434 0.000000 0.889468 0.000000 -0.456997 0.320109 0.320109 0.320109
8063.198730 0.000000 661.840515 0.000000 0.396431 0.000000 -0.918064 0.379882 0.379882 0.379882
8060.124512 0.000000 663.543335 0.000000 0.872039 0.000000 -0.489436 0.356081 0.356081 0.356081
8049.625000 0.000000 672.244934 0.000000 0.906385 0.000000 -0.422454 0.425153 0.425153 0.425153
8055.210938 0.000000 673.689453 0.000000 0.761507 0.000000 -0.648157 0.445772 0.445772 0.445772
8060.515625 0.000000 658.473511 0.000000 0.823118 0.000000 -0.567871 0.446136 0.446136 0.446136
8056.801270 0.000000 664.381775 0.000000 0.011407 0.000000 -0.999935 0.512510 0.512510 0.512510
8092.116211 0.000000 620.259338 0.000000 0.897700 0.000000 -0.440608 0.204044 0.204044 0.204044
8115.409180 0.000000 590.330017 0.000000 0.318699 0.000000 -0.947856 0.215265 0.215265 0.215265
8091.479980 0.000000 579.202759 0.000000 0.998187 0.000000 -0.060192 0.247592 0.247592 0.247592
8098.394043 0.000000 577.536804 0.000000 0.801583 0.000000 -0.597884 0.279885 0.279885 0.279885
8114.095215 0.000000 605.180664 0.000000 0.792020 0.000000 -0.610495 0.298407 0.298407 0.298407
8081.163574 0.000000 585.264343 0.000000 0.972377 0.000000 -0.233418 0.338712 0.338712 0.338712
8117.597656 0.000000 590.514832 0.000000 0.026584 0.000000 -0.999647 0.400280 0.400280 0.400280
8096.945312 0.000000 583.499207 0.000000 0.483220 0.000000 -0.875499 0.389413 0.389413 0.389413
8080.371094 0.000000 584.373230 0.000000 0.806906 0.000000 -0.590680 0.354356 0.354356 0.354356
8103.576660 0.000000 583.230164 0.000000 0.967515 0.000000 -0.252814 0.372229 0.372229 0.372229
8088.192871 0.000000 619.862915 0.000000 0.855816 0.000000 -0.517281 0.337859 0.337859 0.337859
8087.848145 0.000000 614.895020 0.000000 0.517088 0.000000 -0.855932 0.340861 0.340861 0.340861
8095.321777 0.000000 602.449036 0.000000 0.555001 0.000000 -0.831850 0.393116 0.393116 0.393116
8080.709473 0.000000 620.833557 0.000000 0.836583 0.000000 -0.547840 0.341784 0.341784 0.341784
8104.328125 0.000000 605.590454 0.000000 0.978141 0.000000 -0.207942 0.332916 0.332916 0.332916
8078.447754 0.000000 565.826416 0.000000 0.999318 0.000000 -0.036913 0.347870 0.347870 0.347870
8080.733398 0.000000 583.373291 0.000000 0.753948 0.000000 -0.656934 0.403265 0.403265 0.403265
8093.837891 0.000000 617.934631 0.000000 0.205129 0.000000 -0.978735 0.456479 0.456479 0.456479
8103.352051 0.000000 587.525879 0.000000 0.631847 0.000000 -0.775093 0.412017 0.412017 0.412017
8090.208496 0.000000 607.113525 0.000000 0.435414 0.000000 -0.900230 0.445922 0.445922 0.445922
8105.318848 0.000000 599.860474 0.000000 0.789997 0.000000 -0.613111 0.404474 0.404474 0.404474
8118.749512 0.000000 597.665344 0.000000 0.632832 0.000000 -0.774289 0.442933 0.442933 0.442933
8112.431641 0.000000 605.625122 0.000000 0.105403 0.000000 -0.994430 0.474179 0.474179 0.474179
8078.957520 0.000000 567.405823 0.000000 0.902435 0.000000 -0.430827 0.393184 0.393184 0.393184
8102.553711 0.000000 582.057251 0.000000 0.448627 0.000000 -0.893719 0.414015 0.414015 0.414015
8097.683594 0.000000 616.708496 0.000000 0.924410 0.000000 -0.381401 0.425107 0.425107 0.425107
8064.013672 0.000000 565.578613 0.000000 0.526702 0.000000 -0.850050 0.400616 0.400616 0.400616
8082.114258 0.000000 585.041443 0.000000 0.463614 0.000000 -0.886037 0.474747 0.474747 0.474747
8078.951660 0.000000 570.651001 0.000000 0.684130 0.000000 -0.729360 0.443235 0.443235 0.443235
8102.073730 0.000000 583.909973 0.000000 0.567375 0.000000 -0.823460 0.407226 0.407226 0.407226
8102.983398 0.000000 597.707642 0.000000 0.218338 0.000000 -0.975873 0.464066 0.464066 0.464066
8093.803223 0.000000 615.186035 0.000000 0.658486 0.000000 -0.752593 0.455728 0.455728 0.455728
8071.856934 0.000000 571.363342 0.000000 0.980096 0.000000 -0.198525 0.395867 0.395867 0.395867
8106.975098 0.000000 598.980957 0.000000 0.305726 0.000000 -0.952120 0.490916 0.490916 0.490916
8104.733887 0.000000 612.316528 0.000000 0.162959 0.000000 -0.986633 0.448802 0.448802 0.448802
8079.315918 0.000000 568.747192 0.000000 0.769827 0.000000 -0.638253 0.408953 0.408953 0.408953
8118.690430 0.000000 595.503113 0.000000 0.407040 0.000000 -0.913411 0.470089 0.470089 0.470089
8107.347656 0.000000 605.959351 0.000000 0.209599 0.000000 -0.977787 0.483156 0.483156 0.483156
8104.917480 0.000000 598.042175 0.000000 0.092442 0.000000 -0.995718 0.447527 0.447527 0.447527
8096.584473 0.000000 613.509155 0.000000 0.724974 0.000000 -0.688776 0.451026 0.451026 0.451026
8108.438477 0.000000 597.806152 0.000000 0.431120 0.000000 -0.902295 0.471624 0.471624 0.471624
8070.268066 0.000000 573.565796 0.000000 0.993836 0.000000 -0.110864 0.408487 0.408487 0.408487
8110.016602 0.000000 595.922424 0.000000 0.715132 0.000000 -0.698989 0.457389 0.457389 0.457389
8079.972168 0.000000 581.313354 0.000000 0.197289 0.000000 -0.980345 0.503801 0.503801 0.503801
8078.367188 0.000000 580.470947 0.000000 0.388935 0.000000 -0.921265 0.488605 0.488605 0.488605
8098.106934 0.000000 599.781128 0.000000 0.878040 0.000000 -0.478588 0.438124 0.438124 0.438124
8076.800781 0.000000 571.204346 0.000000 0.956828 0.000000 -0.290654 0.416282 0.416282 0.416282
8088.591797 0.000000 614.239380 0.000000 0.998528 0.000000 -0.054234 0.404145 0.404145 0.404145
8101.188477 0.000000 585.553101 0.000000 0.348445 0.000000 -0.937329 0.492810 0.492810 0.492810
8108.259766 0.000000 607.666504 0.000000 0.952445 0.000000 -0.304712 0.423654 0.423654 0.423654
8108.987305 0.000000 606.337769 0.000000 0.721615 0.000000 -0.692295 0.458416 0.458416 0.458416
8067.572266 0.000000 571.775818 0.000000 0.557666 0.000000 -0.830066 0.474807 0.474807 0.474807
8084.308105 0.000000 573.262146 0.000000 0.991756 0.000000 -0.128143 0.409816 0.409816 0.409816
8098.358398 0.000000 578.831604 0.000000 0.083196 0.000000 -0.996533 0.454835 0.454835 0.454835
8116.507324 0.000000 602.275269 0.000000 0.242078 0.000000 -0.970257 0.491388 0.491388 0.491388
8101.705566 0.000000 610.454041 0.000000 0.168204 0.000000 -0.985752 0.507089 0.507089 0.507089
8089.389160 0.000000 584.877502 0.000000 0.911646 0.000000 -0.410977 0.408797 0.408797 0.408797
8110.166504 0.000000 594.228882 0.000000 0.958855 0.000000 -0.283898 0.421344 0.421344 0.421344
8110.706055 0.000000 594.963257 0.000000 0.996283 0.000000 -0.086139 0.406395 0.406395 0.406395
8077.568848 0.000000 572.912476 0.000000 0.672814 0.000000 -0.739812 0.461957 0.461957 0.461957
8100.620117 0.000000 584.194641 0.000000 0.821716 0.000000 -0.569898 0.446324 0.446324 0.446324
8084.056641 0.000000 579.417236 0.000000 0.246495 0.000000 -0.969144 0.500973 0.500973 0.500973
8089.845703 0.000000 581.945923 0.000000 0.422482 0.000000 -0.906371 0.486678 0.486678 0.486678
8080.563477 0.000000 576.307129 0.000000 0.115242 0.000000 -0.993338 0.511177 0.511177 0.511177
8100.894043 0.000000 612.202332 0.000000 0.807365 0.000000 -0.590053 0.448214 0.448214 0.448214
8113.905762 0.000000 596.404846 0.000000 0.085788 0.000000 -0.996313 0.513438 0.513438 0.513438
8071.336426 0.000000 573.738403 0.000000 0.368486 0.000000 -0.929633 0.491170 0.491170 0.491170
8072.656738 0.000000 573.010498 0.000000 0.991253 0.000000 -0.131977 0.410112 0.410112 0.410112
8071.339355 0.000000 572.110962 0.000000 0.851243 0.000000 -0.524772 0.442204 0.442204 0.442204
8115.015137 0.000000 603.246399 0.000000 0.891566 0.000000 -0.452892 0.435906 0.435906 0.435906
8081.699707 0.000000 580.597229 0.000000 0.251560 0.000000 -0.967842 0.500574 0.500574 0.500574
8099.696777 0.000000 603.321289 0.000000 0.260967 0.000000 -0.965348 0.499830 0.499830 0.499830
8087.276367 0.000000 584.775330 0.000000 0.593909 0.000000 -0.804532 0.470020 0.470020 0.470020
8105.110840 0.000000 610.009460 0.000000 0.843725 0.000000 -0.536776 0.443286 0.443286 0.443286
8083.876465 0.000000 618.145752 0.000000 0.664982 0.000000 -0.746860 0.464004 0.464004 0.464004
8096.754883 0.000000 584.349670 0.000000 0.208934 0.000000 -0.977930 0.489317 0.489317 0.489317
8099.969727 0.000000 585.866333 0.000000 0.950217 0.000000 -0.311587 0.424207 0.424207 0.424207
8091.128418 0.000000 608.472839 0.000000 0.681265 0.000000 -0.732037 0.462743 0.462743 0.462743
8079.439941 0.000000 572.433777 0.000000 0.653625 0.000000 -0.756818 0.465579 0.465579 0.465579
8100.125488 0.000000 613.669006 0.000000 0.739734 0.000000 -0.672900 0.456388 0.456388 0.456388
8079.052246 0.000000 576.370422 0.000000 0.792347 0.000000 -0.610071 0.450126 0.450126 0.450126
8118.564941 0.000000 600.660828 0.000000 0.782796 0.000000 -0.622279 0.445777 0.445777 0.445777
8081.132812 0.000000 572.567444 0.000000 0.179276 0.000000 -0.983799 0.500675 0.500675 0.500675
8095.110352 0.000000 605.988220 0.000000 0.668060 0.000000 -0.744107 0.458034 0.458034 0.458034
8071.650391 0.000000 569.719177 0.000000 0.979954 0.000000 -0.199223 0.415322 0.415322 0.415322
8089.888184 0.000000 614.775024 0.000000 0.505787 0.000000 -0.862659 0.479489 0.479489 0.479489
8086.216797 0.000000 577.723755 0.000000 0.302194 0.000000 -0.953247 0.496547 0.496547 0.496547
8099.143555 0.000000 581.260681 0.000000 0.625529 0.000000 -0.780201 0.466808 0.466808 0.466808
8102.307129 0.000000 608.350647 0.000000 0.702804 0.000000 -0.711384 0.460463 0.460463 0.460463
8096.770020 0.000000 619.068298 0.000000 0.615013 0.000000 -0.788517 0.469396 0.469396 0.469396
8075.841797 0.000000 565.156982 0.000000 0.999327 0.000000 -0.036688 0.402803 0.402803 0.402803
8084.812500 0.000000 618.852600 0.000000 0.092185 0.000000 -0.995742 0.512948 0.512948 0.512948
8093.522461 0.000000 612.584290 0.000000 0.180397 0.000000 -0.983594 0.506143 0.506143 0.506143
8098.760254 0.000000 598.019165 0.000000 0.996035 0.000000 -0.088964 0.406805 0.406805 0.406805
8098.335938 0.000000 604.209595 0.000000 0.918550 0.000000 -0.395306 0.431047 0.431047 0.431047
8119.878418 0.000000 591.652100 0.000000 0.994571 0.000000 -0.104059 0.407782 0.407782 0.407782
8098.484375 0.000000 600.965210 0.000000 0.603277 0.000000 -0.797532 0.470527 0.470527 0.470527
8103.812012 0.000000 600.797119 0.000000 0.840155 0.000000 -0.542347 0.442503 0.442503 0.442503
8083.894531 0.000000 584.710327 0.000000 0.358688 0.000000 -0.933458 0.482656 0.482656 0.482656
8098.984375 0.000000 610.421387 0.000000 0.892880 0.000000 -0.450295 0.435683 0.435683 0.435683
8117.198242 0.000000 601.069336 0.000000 0.806138 0.000000 -0.591727 0.448373 0.448373 0.448373
8096.590332 0.000000 602.361450 0.000000 0.997779 0.000000 -0.066618 0.404910 0.404910 0.404910
8087.796387 0.000000 579.671875 0.000000 0.720544 0.000000 -0.693409 0.458534 0.458534 0.458534
8080.693359 0.000000 581.742920 0.000000 0.974681 0.000000 -0.223602 0.417228 0.417228 0.417228
8099.610840 0.000000 606.270020 0.000000 0.222637 0.000000 -0.974901 0.502848 0.502848 0.502848
8089.355469 0.000000 583.617859 0.000000 0.999752 0.000000 -0.022291 0.401642 0.401642 0.401642
8108.641113 0.000000 602.834167 0.000000 0.238125 0.000000 -0.971235 0.501632 0.501632 0.501632
8074.104980 0.000000 572.798950 0.000000 0.309307 0.000000 -0.950962 0.495977 0.495977 0.495977
8112.319336 0.000000 597.596313 0.000000 0.999921 0.000000 -0.012580 0.400961 0.400961 0.400961
8095.105469 0.000000 607.178162 0.000000 0.802868 0.000000 -0.596156 0.448793 0.448793 0.448793
8090.924316 0.000000 615.826294 0.000000 0.007410 0.000000 -0.999973 0.519434 0.519434 0.519434
8097.853027 0.000000 621.141846 0.000000 0.996176 0.000000 -0.087374 0.406181 0.406181 0.406181
8088.420410 0.000000 577.166626 0.000000 0.999591 0.000000 -0.028613 0.402186 0.402186 0.402186
8083.995605 0.000000 582.297668 0.000000 0.745297 0.000000 -0.666732 0.455754 0.455754 0.455754
8100.004395 0.000000 614.786682 0.000000 0.985592 0.000000 -0.169139 0.412984 0.412984 0.412984
8098.732910 0.000000 615.303955 0.000000 0.762164 0.000000 -0.647384 0.453793 0.453793 0.453793
8082.227539 0.000000 578.968689 0.000000 0.535944 0.000000 -0.844254 0.476789 0.476789 0.476789
8100.365234 0.000000 598.434265 0.000000 0.378008 0.000000 -0.925802 0.490386 0.490386 0.490386
8100.714355 0.000000 589.062927 0.000000 0.269270 0.000000 -0.963065 0.499172 0.499172 0.499172
8082.064941 0.000000 577.374817 0.000000 0.823545 0.000000 -0.567250 0.446078 0.446078 0.446078
8109.386230 0.000000 605.553772 0.000000 0.375353 0.000000 -0.926882 0.490605 0.490605 0.490605
8076.073242 0.000000 573.731323 0.000000 0.844426 0.000000 -0.535672 0.442057 0.442057 0.442057
8092.471191 0.000000 609.464294 0.000000 0.413301 0.000000 -0.910594 0.487450 0.487450 0.487450
8098.262207 0.000000 602.434021 0.000000 0.653761 0.000000 -0.756701 0.465566 0.465566 0.465566
8098.441406 0.000000 581.730774 0.000000 0.990808 0.000000 -0.135275 0.410129 0.410129 0.410129
8098.961914 0.000000 582.926025 0.000000 0.085837 0.000000 -0.996309 0.513434 0.513434 0.513434
8087.851074 0.000000 575.613037 0.000000 0.337929 0.000000 -0.941172 0.493666 0.493666 0.493666
8106.019531 0.000000 603.009155 0.000000 0.291447 0.000000 -0.956587 0.497407 0.497407 0.497407
8083.200195 0.000000 580.914551 0.000000 0.496233 0.000000 -0.868190 0.480332 0.480332 0.480332
8113.839355 0.000000 600.120117 0.000000 0.919066 0.000000 -0.394103 0.430947 0.430947 0.430947
8102.437012 0.000000 615.760864 0.000000 0.154881 0.000000 -0.987933 0.507060 0.507060 0.507060
8109.596680 0.000000 602.556702 0.000000 0.177558 0.000000 -0.984110 0.506363 0.506363 0.506363
8113.490723 0.000000 595.403931 0.000000 0.826907 0.000000 -0.562339 0.445624 0.445624 0.445624
8073.729492 0.000000 568.851440 0.000000 0.847684 0.000000 -0.530502 0.442719 0.442719 0.442719
8083.291992 0.000000 571.095764 0.000000 0.841152 0.000000 -0.540798 0.443651 0.443651 0.443651
8101.802734 0.000000 613.466736 0.000000 0.893025 0.000000 -0.450008 0.435659 0.435659 0.435659
8096.153320 0.000000 605.961243 0.000000 0.878859 0.000000 -0.477082 0.437993 0.437993 0.437993
8113.841797 0.000000 601.802490 0.000000 0.927428 0.000000 -0.374002 0.429284 0.429284 0.429284
8064.225098 0.000000 570.103760 0.000000 0.684908 0.000000 -0.728630 0.462362 0.462362 0.462362
8067.274902 0.000000 570.670471 0.000000 0.997827 0.000000 -0.065889 0.405037 0.405037 0.405037
8087.410156 0.000000 576.463501 0.000000 0.033660 0.000000 -0.999433 0.517428 0.517428 0.517428
8082.871582 0.000000 583.444031 0.000000 0.788572 0.000000 -0.614942 0.450597 0.450597 0.450597
8104.163086 0.000000 608.946960 0.000000 0.987071 0.000000 -0.160282 0.412298 0.412298 0.412298
8114.696289 0.000000 596.227478 0.000000 0.991916 0.000000 -0.126900 0.409721 0.409721 0.409721
8083.274414 0.000000 618.678223 0.000000 0.302282 0.000000 -0.953218 0.495909 0.495909 0.495909
8100.937012 0.000000 619.981201 0.000000 0.210289 0.000000 -0.977639 0.503814 0.503814 0.503814
8116.194824 0.000000 593.271851 0.000000 0.797877 0.000000 -0.602820 0.449430 0.449430 0.449430
8101.033691 0.000000 608.938110 0.000000 0.655751 0.000000 -0.754977 0.465365 0.465365 0.465365
8077.483398 0.000000 575.819214 0.000000 0.997263 0.000000 -0.073936 0.405653 0.405653 0.405653
8077.161133 0.000000 577.546753 0.000000 0.263426 0.000000 -0.964680 0.499635 0.499635 0.499635
8089.662109 0.000000 578.177246 0.000000 0.412841 0.000000 -0.910803 0.487489 0.487489 0.487489
8159.716309 0.000000 605.294373 0.000000 0.999225 0.000000 -0.039359 0.209961 0.209961 0.209961
8132.386230 0.000000 575.260742 0.000000 0.879161 0.000000 -0.476525 0.221128 0.221128 0.221128
8132.679688 0.000000 579.080078 0.000000 0.857296 0.000000 -0.514824 0.233970 0.233970 0.233970
8133.125488 0.000000 577.574829 0.000000 0.986129 0.000000 -0.165983 0.269277 0.269277 0.269277
8152.109375 0.000000 607.806946 0.000000 0.464866 0.000000 -0.885381 0.344298 0.344298 0.344298
8141.854004 0.000000 577.211182 0.000000 0.866101 0.000000 -0.499869 0.344887 0.344887 0.344887
8134.265137 0.000000 577.997375 0.000000 0.875150 0.000000 -0.483852 0.326205 0.326205 0.326205
8137.448242 0.000000 577.961792 0.000000 0.949789 0.000000 -0.312890 0.377791 0.377791 0.377791
8150.543945 0.000000 608.930420 0.000000 0.052714 0.000000 -0.998610 0.417462 0.417462 0.417462
8140.104980 0.000000 576.239319 0.000000 0.715319 0.000000 -0.698798 0.354429 0.354429 0.354429
8139.324707 0.000000 577.222168 0.000000 0.999429 0.000000 -0.033781 0.380596 0.380596 0.380596
8137.798340 0.000000 576.072144 0.000000 0.979760 0.000000 -0.200174 0.371965 0.371965 0.371965
8137.736816 0.000000 579.029968 0.000000 0.382498 0.000000 -0.923956 0.402019 0.402019 0.402019
8161.564453 0.000000 609.398865 0.000000 0.980199 0.000000 -0.198017 0.371855 0.371855 0.371855
8149.271973 0.000000 585.401001 0.000000 0.658373 0.000000 -0.752692 0.394360 0.394360 0.394360
8152.443848 0.000000 609.795044 0.000000 0.951712 0.000000 -0.306991 0.423837 0.423837 0.423837
8143.972168 0.000000 581.313354 0.000000 0.762702 0.000000 -0.646750 0.416542 0.416542 0.416542
8145.699707 0.000000 580.597229 0.000000 0.142155 0.000000 -0.989844 0.505894 0.505894 0.505894
8155.128418 0.000000 608.472839 0.000000 0.188562 0.000000 -0.982061 0.505508 0.505508 0.505508
8144.693359 0.000000 581.742920 0.000000 0.851543 0.000000 -0.524285 0.440920 0.440920 0.440920
8147.995605 0.000000 582.297668 0.000000 0.999578 0.000000 -0.029059 0.402039 0.402039 0.402039
8155.745605 0.000000 606.776794 0.000000 0.858055 0.000000 -0.513557 0.441201 0.441201 0.441201
8156.471191 0.000000 609.464294 0.000000 0.632183 0.000000 -0.774819 0.467718 0.467718 0.467718
8147.200195 0.000000 580.914551 0.000000 0.092061 0.000000 -0.995753 0.509635 0.509635 0.509635
8064.010254 0.000000 650.014404 0.000000 0.951426 0.000000 -0.307878 0.222456 0.222456 0.222456
8073.808594 0.000000 643.686401 0.000000 0.174340 0.000000 -0.984685 0.292330 0.292330 0.292330
8101.430176 0.000000 625.795410 0.000000 0.168429 0.000000 -0.985714 0.292459 0.292459 0.292459
8097.012207 0.000000 631.541382 0.000000 0.765417 0.000000 -0.643535 0.299517 0.299517 0.299517
8101.115234 0.000000 622.196228 0.000000 0.814044 0.000000 -0.580803 0.364551 0.364551 0.364551
8101.476562 0.000000 623.448975 0.000000 0.729838 0.000000 -0.683621 0.370169 0.370169 0.370169
8086.319336 0.000000 621.375061 0.000000 0.442368 0.000000 -0.896834 0.385368 0.385368 0.385368
8097.670898 0.000000 622.083801 0.000000 0.767129 0.000000 -0.641492 0.392519 0.392519 0.392519
8096.908203 0.000000 629.915283 0.000000 0.268138 0.000000 -0.963381 0.438114 0.438114 0.438114
8073.565430 0.000000 644.619507 0.000000 0.892225 0.000000 -0.451591 0.421915 0.421915 0.421915
8070.645996 0.000000 643.781128 0.000000 0.762145 0.000000 -0.647406 0.447994 0.447994 0.447994
8101.010742 0.000000 621.347595 0.000000 0.620165 0.000000 -0.784472 0.462366 0.462366 0.462366
8066.838867 0.000000 644.263489 0.000000 0.015256 0.000000 -0.999884 0.515728 0.515728 0.515728
8069.149414 0.000000 647.564087 0.000000 0.904431 0.000000 -0.426621 0.433671 0.433671 0.433671
8098.423340 0.000000 626.057556 0.000000 0.959818 0.000000 -0.280625 0.421730 0.421730 0.421730
8067.346680 0.000000 645.360413 0.000000 0.999497 0.000000 -0.031721 0.402360 0.402360 0.402360
8067.656738 0.000000 647.596252 0.000000 0.683646 0.000000 -0.729813 0.462494 0.462494 0.462494
8067.207520 0.000000 646.925781 0.000000 0.625179 0.000000 -0.780482 0.468406 0.468406 0.468406
6466.854492 0.000000 1403.171997 0.000000 0.147813 0.000000 -0.989015 0.217025 0.217025 0.217025
6469.392090 0.000000 1405.364868 0.000000 0.616297 0.000000 -0.787514 0.283125 0.283125 0.283125
6467.320312 0.000000 1404.413086 0.000000 0.044831 0.000000 -0.998995 0.308832 0.308832 0.308832
6465.433105 0.000000 1402.880737 0.000000 0.039697 0.000000 -0.999212 0.357463 0.357463 0.357463
6469.619141 0.000000 1411.072998 0.000000 0.902671 0.000000 -0.430332 0.296605 0.296605 0.296605
6471.822266 0.000000 1411.858276 0.000000 0.999446 0.000000 -0.033271 0.402542 0.402542 0.402542
6462.328613 0.000000 1417.963135 0.000000 0.851086 0.000000 -0.525026 0.438915 0.438915 0.438915
6474.587402 0.000000 1425.389648 0.000000 0.999905 0.000000 -0.013783 0.220909 0.220909 0.220909
6464.065918 0.000000 1418.146606 0.000000 0.372830 0.000000 -0.927900 0.282177 0.282177 0.282177
6468.280762 0.000000 1421.258545 0.000000 0.979822 0.000000 -0.199873 0.323109 0.323109 0.323109
6471.339355 0.000000 1419.376587 0.000000 0.522279 0.000000 -0.852775 0.457247 0.457247 0.457247
4474.464844 0.000000 2578.084229 0.000000 0.053221 0.000000 -0.998583 0.260822 0.260822 0.260822
4540.200684 0.000000 2529.385254 0.000000 0.369865 0.000000 -0.929086 0.256973 0.256973 0.256973
4552.816895 0.000000 2533.320801 0.000000 0.787099 0.000000 -0.616826 0.223158 0.223158 0.223158
4558.515625 0.000000 2535.259277 0.000000 0.088258 0.000000 -0.996098 0.297210 0.297210 0.297210
4555.079590 0.000000 2541.111572 0.000000 0.816970 0.000000 -0.576680 0.347039 0.347039 0.347039
4556.208496 0.000000 2539.413330 0.000000 0.999270 0.000000 -0.038208 0.302601 0.302601 0.302601
4555.246582 0.000000 2540.040527 0.000000 0.999832 0.000000 -0.018344 0.324503 0.324503 0.324503
4544.926758 0.000000 2540.824219 0.000000 0.990350 0.000000 -0.138589 0.347757 0.347757 0.347757
4554.654785 0.000000 2531.604980 0.000000 0.846581 0.000000 -0.532260 0.436152 0.436152 0.436152
4554.917480 0.000000 2532.531738 0.000000 0.398986 0.000000 -0.916957 0.488647 0.488647 0.488647
4537.532715 0.000000 2556.771484 0.000000 0.188179 0.000000 -0.982135 0.217988 0.217988 0.217988
4507.871582 0.000000 2561.864258 0.000000 0.938437 0.000000 -0.345450 0.248091 0.248091 0.248091
4487.353027 0.000000 2554.498291 0.000000 0.932479 0.000000 -0.361223 0.248381 0.248381 0.248381
4557.791016 0.000000 2541.849609 0.000000 0.896284 0.000000 -0.443480 0.264693 0.264693 0.264693
4427.571777 0.000000 2622.820312 0.000000 0.239088 0.000000 -0.970998 0.313019 0.313019 0.313019
4439.642578 0.000000 2605.700195 0.000000 0.731647 0.000000 -0.681683 0.295537 0.295537 0.295537
4433.163574 0.000000 2618.701904 0.000000 0.267401 0.000000 -0.963585 0.388567 0.388567 0.388567
4440.494629 0.000000 2605.857666 0.000000 0.627067 0.000000 -0.778965 0.460195 0.460195 0.460195
4440.544434 0.000000 2602.806641 0.000000 0.868802 0.000000 -0.495160 0.439574 0.439574 0.439574
4441.412598 0.000000 2602.816162 0.000000 0.798237 0.000000 -0.602343 0.449384 0.449384 0.449384
4506.661621 0.000000 2789.172119 0.000000 0.005379 0.000000 -0.999986 0.211529 0.211529 0.211529
4502.003418 0.000000 2837.921143 0.000000 0.694312 0.000000 -0.719674 0.206117 0.206117 0.206117
7094.755859 0.000000 2906.798584 0.000000 0.255483 0.000000 -0.966813 0.210485 0.210485 0.210485
7096.713379 0.000000 2910.126221 0.000000 0.196710 0.000000 -0.980462 0.238695 0.238695 0.238695
7091.138184 0.000000 2912.715332 0.000000 0.999777 0.000000 -0.021140 0.258138 0.258138 0.258138
7088.071777 0.000000 2904.462891 0.000000 0.430504 0.000000 -0.902589 0.302091 0.302091 0.302091
7086.689453 0.000000 2893.002686 0.000000 0.004347 0.000000 -0.999991 0.379731 0.379731 0.379731
7084.617676 0.000000 2893.679199 0.000000 0.627154 0.000000 -0.778895 0.325279 0.325279 0.325279
7099.085449 0.000000 2891.220215 0.000000 0.924454 0.000000 -0.381294 0.352384 0.352384 0.352384
7090.361328 0.000000 2908.495605 0.000000 0.906805 0.000000 -0.421551 0.352939 0.352939 0.352939
7089.188477 0.000000 2908.409912 0.000000 0.002664 0.000000 -0.999996 0.373259 0.373259 0.373259
7083.276855 0.000000 2892.667480 0.000000 0.706502 0.000000 -0.707711 0.378582 0.378582 0.378582
7087.433105 0.000000 2892.078125 0.000000 0.257939 0.000000 -0.966161 0.370206 0.370206 0.370206
7085.368652 0.000000 2904.167480 0.000000 0.120746 0.000000 -0.992683 0.406145 0.406145 0.406145
7087.470703 0.000000 2907.555908 0.000000 0.823225 0.000000 -0.567715 0.369212 0.369212 0.369212
7087.829590 0.000000 2905.512939 0.000000 0.602604 0.000000 -0.798041 0.378851 0.378851 0.378851
7089.407715 0.000000 2906.474854 0.000000 0.817172 0.000000 -0.576393 0.395280 0.395280 0.395280
7100.446289 0.000000 2890.283936 0.000000 0.087023 0.000000 -0.996206 0.446114 0.446114 0.446114
7080.114258 0.000000 2891.230225 0.000000 0.177307 0.000000 -0.984156 0.405265 0.405265 0.405265
7093.153809 0.000000 2910.326660 0.000000 0.979298 0.000000 -0.202424 0.413282 0.413282 0.413282
7098.467773 0.000000 2893.448486 0.000000 0.747280 0.000000 -0.664509 0.449538 0.449538 0.449538
7100.781250 0.000000 2894.779053 0.000000 0.290040 0.000000 -0.957015 0.497520 0.497520 0.497520
7101.770996 0.000000 2893.421875 0.000000 0.545030 0.000000 -0.838417 0.475964 0.475964 0.475964
7091.584961 0.000000 2910.766846 0.000000 0.971554 0.000000 -0.236817 0.415639 0.415639 0.415639
7101.657227 0.000000 2895.115234 0.000000 0.909911 0.000000 -0.414803 0.432676 0.432676 0.432676
7083.387695 0.000000 2891.781494 0.000000 0.924245 0.000000 -0.381799 0.429927 0.429927 0.429927
7083.041992 0.000000 2890.357666 0.000000 0.944735 0.000000 -0.327834 0.425517 0.425517 0.425517
7084.400879 0.000000 2890.874512 0.000000 0.607474 0.000000 -0.794340 0.470124 0.470124 0.470124
7113.120117 0.000000 2904.978027 0.000000 0.442427 0.000000 -0.896805 0.286215 0.286215 0.286215
7112.640625 0.000000 2903.802734 0.000000 0.871284 0.000000 -0.490779 0.313689 0.313689 0.313689
7110.645996 0.000000 2903.156250 0.000000 0.241266 0.000000 -0.970459 0.495090 0.495090 0.495090
7107.799805 0.000000 2903.109131 0.000000 0.288529 0.000000 -0.957471 0.481686 0.481686 0.481686
"}
