object={
	name="cypress_dense_generator_1_0"
	clamp_to_water_level=no
	render_under_water=no
	generated_content=yes
	layer="semidynamic"
	pdxmesh="tree_cypress_001_mesh"
	count=1916
	transform="2345.206787 0.000000 1590.106201 0.000000 0.954888 0.000000 0.296966 0.377568 0.377568 0.377568
2339.530762 0.000000 1632.151001 0.000000 0.349457 0.000000 0.936953 0.314242 0.314242 0.314242
2343.866699 0.000000 1623.266113 0.000000 0.916428 0.000000 0.400199 0.277487 0.277487 0.277487
2342.465332 0.000000 1606.660278 0.000000 0.818532 0.000000 0.574460 0.327800 0.327800 0.327800
2338.074463 0.000000 1587.082275 0.000000 0.893488 0.000000 0.449088 0.364420 0.364420 0.364420
2342.720947 0.000000 1628.297119 0.000000 0.970818 0.000000 0.239817 0.210053 0.210053 0.210053
2340.590088 0.000000 1591.569214 0.000000 0.974681 0.000000 0.223602 0.198001 0.198001 0.198001
2361.614258 0.000000 1633.943604 0.000000 0.921202 0.000000 0.389085 0.369470 0.369470 0.369470
2366.112061 0.000000 1625.481201 0.000000 0.467564 0.000000 0.883959 0.189849 0.189849 0.189849
2334.227295 0.000000 1586.119873 0.000000 0.972570 0.000000 0.232610 0.259234 0.259234 0.259234
2345.764648 0.000000 1609.886719 0.000000 0.756725 0.000000 0.653733 0.206516 0.206516 0.206516
2362.308594 0.000000 1626.162109 0.000000 0.250107 0.000000 0.968218 0.272631 0.272631 0.272631
2348.877197 0.000000 1615.349487 0.000000 0.069214 0.000000 0.997602 0.195329 0.195329 0.195329
2345.927490 0.000000 1626.295776 0.000000 0.896667 0.000000 0.442705 0.364965 0.364965 0.364965
2339.650879 0.000000 1604.504883 0.000000 0.882103 0.000000 0.471057 0.367864 0.367864 0.367864
2339.373291 0.000000 1608.505859 0.000000 0.997989 0.000000 0.063390 0.263023 0.263023 0.263023
2360.579102 0.000000 1630.724854 0.000000 0.988825 0.000000 0.149080 0.353371 0.353371 0.353371
2336.693359 0.000000 1633.550781 0.000000 0.366898 0.000000 0.930261 0.222281 0.222281 0.222281
2346.549316 0.000000 1592.673828 0.000000 0.656425 0.000000 0.754392 0.271100 0.271100 0.271100
2346.451904 0.000000 1616.496582 0.000000 0.490667 0.000000 0.871347 0.314083 0.314083 0.314083
2342.885986 0.000000 1625.724243 0.000000 0.687129 0.000000 0.726535 0.337871 0.337871 0.337871
2349.602051 0.000000 1621.487427 0.000000 0.913823 0.000000 0.406113 0.264264 0.264264 0.264264
2362.085693 0.000000 1628.721069 0.000000 0.854021 0.000000 0.520238 0.244470 0.244470 0.244470
2356.503418 0.000000 1635.980103 0.000000 0.034994 0.000000 0.999388 0.282674 0.282674 0.282674
2343.437012 0.000000 1608.944458 0.000000 0.082820 0.000000 0.996565 0.303421 0.303421 0.303421
2342.985352 0.000000 1613.426880 0.000000 0.994535 0.000000 0.104404 0.392010 0.392010 0.392010
2359.341309 0.000000 1632.854492 0.000000 0.998021 0.000000 0.062882 0.395193 0.395193 0.395193
2341.505371 0.000000 1637.250122 0.000000 0.402663 0.000000 0.915348 0.242125 0.242125 0.242125
2341.593018 0.000000 1623.773193 0.000000 0.633312 0.000000 0.773896 0.263302 0.263302 0.263302
2337.615479 0.000000 1635.658203 0.000000 0.495438 0.000000 0.868643 0.245373 0.245373 0.245373
2358.447266 0.000000 1630.771973 0.000000 0.257889 0.000000 0.966174 0.299926 0.299926 0.299926
2342.302734 0.000000 1594.629150 0.000000 0.998632 0.000000 0.052280 0.396004 0.396004 0.396004
2341.382812 0.000000 1609.144531 0.000000 0.936682 0.000000 0.350180 0.372669 0.372669 0.372669
2360.393799 0.000000 1626.689209 0.000000 0.365047 0.000000 0.930989 0.284997 0.284997 0.284997
2358.407227 0.000000 1634.598145 0.000000 0.569662 0.000000 0.821879 0.326302 0.326302 0.326302
2360.590820 0.000000 1635.473145 0.000000 0.571320 0.000000 0.820727 0.332946 0.332946 0.332946
2344.504639 0.000000 1624.956177 0.000000 0.932070 0.000000 0.362277 0.371680 0.371680 0.371680
2344.804443 0.000000 1615.686768 0.000000 0.996073 0.000000 0.088538 0.393227 0.393227 0.393227
2339.859863 0.000000 1587.244873 0.000000 0.885163 0.000000 0.465281 0.363029 0.363029 0.363029
2345.043945 0.000000 1593.578125 0.000000 0.569484 0.000000 0.822003 0.326286 0.326286 0.326286
2336.706299 0.000000 1585.711792 0.000000 0.344106 0.000000 0.938931 0.315057 0.315057 0.315057
2341.219971 0.000000 1605.141968 0.000000 0.411500 0.000000 0.911410 0.312399 0.312399 0.312399
2344.332520 0.000000 1619.765503 0.000000 0.132623 0.000000 0.991167 0.290162 0.290162 0.290162
2341.208008 0.000000 1607.601807 0.000000 0.345935 0.000000 0.938259 0.306985 0.306985 0.306985
2360.193359 0.000000 1634.013306 0.000000 0.754907 0.000000 0.655832 0.350178 0.350178 0.350178
2339.060059 0.000000 1635.557373 0.000000 0.296142 0.000000 0.955144 0.302968 0.302968 0.302968
2347.856201 0.000000 1621.136719 0.000000 0.919093 0.000000 0.394040 0.369058 0.369058 0.369058
2344.307861 0.000000 1613.155029 0.000000 0.438636 0.000000 0.898665 0.314689 0.314689 0.314689
2374.599365 0.000000 1634.663452 0.000000 0.506862 0.000000 0.862027 0.246526 0.246526 0.246526
2371.716309 0.000000 1622.668701 0.000000 0.397570 0.000000 0.917572 0.311235 0.311235 0.311235
2372.256348 0.000000 1637.078247 0.000000 0.665694 0.000000 0.746225 0.301969 0.301969 0.301969
2370.240967 0.000000 1623.879883 0.000000 0.481375 0.000000 0.876515 0.318367 0.318367 0.318367
2373.526123 0.000000 1622.628418 0.000000 0.774871 0.000000 0.632119 0.334596 0.334596 0.334596
2373.147461 0.000000 1635.551636 0.000000 0.598782 0.000000 0.800912 0.329044 0.329044 0.329044
2371.034668 0.000000 1635.720825 0.000000 0.001680 0.000000 0.999999 0.289138 0.289138 0.289138
2371.834473 0.000000 1638.049438 0.000000 0.809914 0.000000 0.586548 0.352117 0.352117 0.352117
2407.866699 0.000000 1679.750488 0.000000 0.160061 0.000000 0.987107 0.192142 0.192142 0.192142
2389.428223 0.000000 1670.394531 0.000000 0.973648 0.000000 0.228055 0.197932 0.197932 0.197932
2389.034912 0.000000 1678.764038 0.000000 0.259086 0.000000 0.965854 0.258840 0.258840 0.258840
2394.840820 0.000000 1664.751221 0.000000 0.891071 0.000000 0.453864 0.357081 0.357081 0.357081
2409.605957 0.000000 1675.528320 0.000000 0.976809 0.000000 0.214115 0.213596 0.213596 0.213596
2391.538086 0.000000 1674.333740 0.000000 0.553547 0.000000 0.832818 0.197650 0.197650 0.197650
2373.569092 0.000000 1642.064697 0.000000 0.989635 0.000000 0.143607 0.390718 0.390718 0.390718
2388.194824 0.000000 1683.959717 0.000000 0.283461 0.000000 0.958984 0.315997 0.315997 0.315997
2390.690430 0.000000 1666.063843 0.000000 0.098915 0.000000 0.995096 0.287569 0.287569 0.287569
2410.064209 0.000000 1689.370728 0.000000 0.364076 0.000000 0.931369 0.269005 0.269005 0.269005
2399.822266 0.000000 1664.108032 0.000000 0.352982 0.000000 0.935630 0.232791 0.232791 0.232791
2368.173096 0.000000 1639.871460 0.000000 0.499144 0.000000 0.866519 0.303760 0.303760 0.303760
2391.759277 0.000000 1682.172729 0.000000 0.038749 0.000000 0.999249 0.259064 0.259064 0.259064
2385.116211 0.000000 1685.294434 0.000000 0.485466 0.000000 0.874256 0.250104 0.250104 0.250104
2386.867188 0.000000 1681.010742 0.000000 0.323226 0.000000 0.946322 0.231330 0.231330 0.231330
2409.246582 0.000000 1686.358643 0.000000 0.697606 0.000000 0.716481 0.222626 0.222626 0.222626
2394.616211 0.000000 1662.129272 0.000000 0.045229 0.000000 0.998977 0.271582 0.271582 0.271582
2394.516602 0.000000 1676.825806 0.000000 0.784724 0.000000 0.619846 0.353433 0.353433 0.353433
2389.388916 0.000000 1681.272705 0.000000 0.870164 0.000000 0.492763 0.363981 0.363981 0.363981
2397.193848 0.000000 1664.258057 0.000000 0.639519 0.000000 0.768775 0.333008 0.333008 0.333008
2386.130127 0.000000 1683.140137 0.000000 0.477772 0.000000 0.878484 0.301159 0.301159 0.301159
2408.632324 0.000000 1677.682007 0.000000 0.888174 0.000000 0.459508 0.338071 0.338071 0.338071
2410.151367 0.000000 1680.558472 0.000000 0.374530 0.000000 0.927215 0.274571 0.274571 0.274571
2393.637451 0.000000 1674.744263 0.000000 0.999487 0.000000 0.032031 0.300394 0.300394 0.300394
2387.138916 0.000000 1685.710571 0.000000 0.343396 0.000000 0.939191 0.314395 0.314395 0.314395
2396.327393 0.000000 1665.865479 0.000000 0.104725 0.000000 0.994501 0.288015 0.288015 0.288015
2410.572266 0.000000 1687.625732 0.000000 0.361005 0.000000 0.932564 0.320461 0.320461 0.320461
2390.173340 0.000000 1677.388428 0.000000 0.946852 0.000000 0.321669 0.329564 0.329564 0.329564
2388.010742 0.000000 1682.256226 0.000000 0.956943 0.000000 0.290276 0.377270 0.377270 0.377270
2393.412842 0.000000 1678.158325 0.000000 0.974580 0.000000 0.224040 0.352693 0.352693 0.352693
2368.943115 0.000000 1641.196289 0.000000 0.997546 0.000000 0.070013 0.372618 0.372618 0.372618
2410.445068 0.000000 1676.902710 0.000000 0.826333 0.000000 0.563182 0.355941 0.355941 0.355941
2390.076904 0.000000 1679.832642 0.000000 0.545074 0.000000 0.838388 0.330990 0.330990 0.330990
2390.790283 0.000000 1664.575684 0.000000 0.645850 0.000000 0.763464 0.333639 0.333639 0.333639
2390.808838 0.000000 1681.065796 0.000000 0.462992 0.000000 0.886363 0.324661 0.324661 0.324661
2394.960693 0.000000 1674.335205 0.000000 0.737669 0.000000 0.675163 0.343378 0.343378 0.343378
2411.856201 0.000000 1677.621094 0.000000 0.968281 0.000000 0.249864 0.381401 0.381401 0.381401
2493.733887 0.000000 1672.257080 0.000000 0.156474 0.000000 0.987682 0.192957 0.192957 0.192957
2488.634766 0.000000 1673.835449 0.000000 0.941333 0.000000 0.337479 0.373702 0.373702 0.373702
2481.158936 0.000000 1672.675293 0.000000 0.194218 0.000000 0.980958 0.219936 0.219936 0.219936
2490.989014 0.000000 1671.680908 0.000000 0.509265 0.000000 0.860610 0.235503 0.235503 0.235503
2485.526611 0.000000 1671.982422 0.000000 0.207628 0.000000 0.978208 0.295978 0.295978 0.295978
2484.391602 0.000000 1674.501953 0.000000 0.992543 0.000000 0.121897 0.390665 0.390665 0.390665
2487.001709 0.000000 1673.081543 0.000000 0.407392 0.000000 0.913254 0.312055 0.312055 0.312055
2484.189697 0.000000 1672.120972 0.000000 0.991460 0.000000 0.130409 0.390009 0.390009 0.390009
2514.736816 0.000000 1688.167969 0.000000 0.831235 0.000000 0.555922 0.355262 0.355262 0.355262
2531.530762 0.000000 1688.635376 0.000000 0.187427 0.000000 0.982279 0.195016 0.195016 0.195016
2537.423340 0.000000 1670.469116 0.000000 0.996918 0.000000 0.078454 0.330686 0.330686 0.330686
2541.255371 0.000000 1692.922363 0.000000 0.714954 0.000000 0.699171 0.250975 0.250975 0.250975
2548.449951 0.000000 1670.807373 0.000000 0.549256 0.000000 0.835654 0.194787 0.194787 0.194787
2535.866699 0.000000 1679.750488 0.000000 0.934580 0.000000 0.355752 0.241964 0.241964 0.241964
2521.924805 0.000000 1691.287354 0.000000 0.901654 0.000000 0.432458 0.195981 0.195981 0.195981
2542.271240 0.000000 1675.335327 0.000000 0.134565 0.000000 0.990905 0.300241 0.300241 0.300241
2527.273193 0.000000 1692.923340 0.000000 0.434850 0.000000 0.900503 0.190205 0.190205 0.190205
2543.365234 0.000000 1668.850464 0.000000 0.988235 0.000000 0.152943 0.220896 0.220896 0.220896
2535.675293 0.000000 1692.820801 0.000000 0.750483 0.000000 0.660890 0.345203 0.345203 0.345203
2534.720947 0.000000 1684.781494 0.000000 0.823404 0.000000 0.567456 0.218799 0.218799 0.218799
2519.427979 0.000000 1687.042236 0.000000 0.995309 0.000000 0.096749 0.265568 0.265568 0.265568
2505.597900 0.000000 1687.922363 0.000000 0.625563 0.000000 0.780174 0.331631 0.331631 0.331631
2530.996826 0.000000 1694.010254 0.000000 0.918382 0.000000 0.395696 0.372679 0.372679 0.372679
2545.158936 0.000000 1672.675293 0.000000 0.609686 0.000000 0.792643 0.330089 0.330089 0.330089
2532.176514 0.000000 1682.066528 0.000000 0.977524 0.000000 0.210826 0.230852 0.230852 0.230852
2528.693359 0.000000 1690.035156 0.000000 0.665872 0.000000 0.746066 0.226589 0.226589 0.226589
2502.656738 0.000000 1686.864624 0.000000 0.999469 0.000000 0.032587 0.370248 0.370248 0.370248
2509.152832 0.000000 1683.277954 0.000000 0.985994 0.000000 0.166780 0.350369 0.350369 0.350369
2516.862061 0.000000 1686.713867 0.000000 0.645665 0.000000 0.763621 0.280909 0.280909 0.280909
2541.602051 0.000000 1677.971802 0.000000 0.778328 0.000000 0.627858 0.348144 0.348144 0.348144
2541.452393 0.000000 1666.616699 0.000000 0.415867 0.000000 0.909425 0.233359 0.233359 0.233359
2519.931152 0.000000 1689.764160 0.000000 0.323006 0.000000 0.946397 0.307297 0.307297 0.307297
2539.827148 0.000000 1676.233643 0.000000 0.620433 0.000000 0.784259 0.331130 0.331130 0.331130
2543.221924 0.000000 1671.345459 0.000000 0.685040 0.000000 0.728505 0.279239 0.279239 0.279239
2533.505371 0.000000 1693.734497 0.000000 0.925843 0.000000 0.377907 0.374458 0.374458 0.374458
2529.615479 0.000000 1692.142578 0.000000 0.924805 0.000000 0.380441 0.307078 0.307078 0.307078
2503.561523 0.000000 1689.020752 0.000000 0.052342 0.000000 0.998629 0.299012 0.299012 0.299012
2509.897461 0.000000 1681.154785 0.000000 0.496334 0.000000 0.868131 0.270763 0.270763 0.270763
2547.339844 0.000000 1673.336182 0.000000 0.130844 0.000000 0.991403 0.298408 0.298408 0.298408
2519.825684 0.000000 1691.967285 0.000000 0.758304 0.000000 0.651901 0.321338 0.321338 0.321338
2538.151367 0.000000 1680.558472 0.000000 0.932294 0.000000 0.361702 0.356122 0.356122 0.356122
2536.552490 0.000000 1690.898071 0.000000 0.857547 0.000000 0.514406 0.332185 0.332185 0.332185
2545.077393 0.000000 1670.434814 0.000000 0.954854 0.000000 0.297076 0.347853 0.347853 0.347853
2542.922852 0.000000 1673.368164 0.000000 0.783764 0.000000 0.621058 0.355835 0.355835 0.355835
2541.659912 0.000000 1669.997192 0.000000 0.998387 0.000000 0.056771 0.395288 0.395288 0.395288
2530.607666 0.000000 1690.440796 0.000000 0.814983 0.000000 0.579485 0.336346 0.336346 0.336346
2546.737793 0.000000 1671.544556 0.000000 0.044784 0.000000 0.998997 0.269774 0.269774 0.269774
2539.631348 0.000000 1681.596802 0.000000 0.308432 0.000000 0.951247 0.307343 0.307343 0.307343
2518.371582 0.000000 1690.872925 0.000000 0.196873 0.000000 0.980429 0.289760 0.289760 0.289760
2540.260742 0.000000 1678.980225 0.000000 0.959627 0.000000 0.281275 0.378218 0.378218 0.378218
2541.740479 0.000000 1668.256104 0.000000 0.428279 0.000000 0.903646 0.327538 0.327538 0.327538
2516.687500 0.000000 1690.750000 0.000000 0.802167 0.000000 0.597100 0.351117 0.351117 0.351117
2538.998291 0.000000 1674.713867 0.000000 0.647101 0.000000 0.762404 0.333765 0.333765 0.333765
2518.839355 0.000000 1688.611694 0.000000 0.784400 0.000000 0.620255 0.350056 0.350056 0.350056
2515.869141 0.000000 1689.366577 0.000000 0.609747 0.000000 0.792596 0.330552 0.330552 0.330552
2532.175781 0.000000 1692.961548 0.000000 0.990814 0.000000 0.135234 0.391059 0.391059 0.391059
2536.255371 0.000000 1682.933594 0.000000 0.739605 0.000000 0.673041 0.351339 0.351339 0.351339
2516.429443 0.000000 1688.069580 0.000000 0.706148 0.000000 0.708065 0.339896 0.339896 0.339896
2536.984863 0.000000 1692.270264 0.000000 0.719081 0.000000 0.694926 0.341305 0.341305 0.341305
2531.060059 0.000000 1692.041748 0.000000 0.047756 0.000000 0.998859 0.283650 0.283650 0.283650
2538.991455 0.000000 1693.425781 0.000000 0.590008 0.000000 0.807398 0.331260 0.331260 0.331260
2534.914307 0.000000 1680.828979 0.000000 0.960938 0.000000 0.276765 0.378577 0.378577 0.378577
2539.856201 0.000000 1677.621094 0.000000 0.590459 0.000000 0.807068 0.328253 0.328253 0.328253
2534.915771 0.000000 1693.994629 0.000000 0.959770 0.000000 0.280787 0.378399 0.378399 0.378399
2539.793701 0.000000 1672.703247 0.000000 0.856447 0.000000 0.516236 0.358560 0.358560 0.358560
2541.920898 0.000000 1679.370850 0.000000 0.762225 0.000000 0.647312 0.346214 0.346214 0.346214
2394.616699 0.000000 1700.740723 0.000000 0.998588 0.000000 0.053126 0.211154 0.211154 0.211154
2398.227295 0.000000 1699.088623 0.000000 0.803034 0.000000 0.595933 0.314987 0.314987 0.314987
2439.674561 0.000000 1718.477295 0.000000 0.795263 0.000000 0.606265 0.193983 0.193983 0.193983
2482.281250 0.000000 1737.600464 0.000000 0.288825 0.000000 0.957382 0.191387 0.191387 0.191387
2446.189453 0.000000 1730.974976 0.000000 0.197633 0.000000 0.980276 0.248285 0.248285 0.248285
2495.683594 0.000000 1707.571655 0.000000 0.468605 0.000000 0.883408 0.191482 0.191482 0.191482
2435.589111 0.000000 1706.913452 0.000000 0.948021 0.000000 0.318208 0.327715 0.327715 0.327715
2489.729980 0.000000 1735.320801 0.000000 0.989924 0.000000 0.141596 0.389146 0.389146 0.389146
2476.186279 0.000000 1742.239502 0.000000 0.724539 0.000000 0.689234 0.351589 0.351589 0.351589
2441.163818 0.000000 1733.832031 0.000000 0.737248 0.000000 0.675622 0.236804 0.236804 0.236804
2450.852783 0.000000 1731.138672 0.000000 0.999711 0.000000 0.024045 0.295079 0.295079 0.295079
2448.913574 0.000000 1727.101318 0.000000 0.422918 0.000000 0.906168 0.315057 0.315057 0.315057
2450.408936 0.000000 1722.940796 0.000000 0.822952 0.000000 0.568111 0.201802 0.201802 0.201802
2432.110596 0.000000 1704.895752 0.000000 0.505457 0.000000 0.862852 0.286016 0.286016 0.286016
2432.522217 0.000000 1710.233276 0.000000 0.985529 0.000000 0.169509 0.245566 0.245566 0.245566
2443.714111 0.000000 1732.534424 0.000000 0.612117 0.000000 0.790767 0.218991 0.218991 0.218991
2482.616699 0.000000 1740.584473 0.000000 0.424214 0.000000 0.905562 0.313468 0.313468 0.313468
2434.760010 0.000000 1703.645874 0.000000 0.353479 0.000000 0.935442 0.293482 0.293482 0.293482
2446.569336 0.000000 1728.300049 0.000000 0.600885 0.000000 0.799335 0.235963 0.235963 0.235963
2436.014893 0.000000 1700.618286 0.000000 0.576643 0.000000 0.816996 0.292461 0.292461 0.292461
2438.927734 0.000000 1700.878662 0.000000 0.996002 0.000000 0.089330 0.334597 0.334597 0.334597
2451.150879 0.000000 1728.292847 0.000000 0.797151 0.000000 0.603780 0.254842 0.254842 0.254842
2448.687988 0.000000 1729.716431 0.000000 0.999488 0.000000 0.031987 0.397556 0.397556 0.397556
2482.714844 0.000000 1745.004150 0.000000 0.455373 0.000000 0.890301 0.264543 0.264543 0.264543
2495.940674 0.000000 1713.980713 0.000000 0.022439 0.000000 0.999748 0.296262 0.296262 0.296262
2478.584229 0.000000 1743.311768 0.000000 0.995630 0.000000 0.093383 0.392856 0.392856 0.392856
2448.405029 0.000000 1732.086304 0.000000 0.903002 0.000000 0.429637 0.300202 0.300202 0.300202
2476.263184 0.000000 1744.706299 0.000000 0.958945 0.000000 0.283592 0.272672 0.272672 0.272672
2494.188965 0.000000 1709.605835 0.000000 0.690363 0.000000 0.723463 0.305883 0.305883 0.305883
2440.383301 0.000000 1716.395020 0.000000 0.979054 0.000000 0.203601 0.320267 0.320267 0.320267
2480.736572 0.000000 1741.218140 0.000000 0.064404 0.000000 0.997924 0.284924 0.284924 0.284924
2477.863037 0.000000 1741.348389 0.000000 0.997190 0.000000 0.074910 0.393050 0.393050 0.393050
2482.704590 0.000000 1742.455322 0.000000 0.637934 0.000000 0.770091 0.332851 0.332851 0.332851
2478.145508 0.000000 1738.354248 0.000000 0.997503 0.000000 0.070625 0.376952 0.376952 0.376952
2435.807373 0.000000 1702.333130 0.000000 0.888729 0.000000 0.458432 0.326813 0.326813 0.326813
2489.390381 0.000000 1736.938477 0.000000 0.562957 0.000000 0.826486 0.301162 0.301162 0.301162
2485.913086 0.000000 1742.205200 0.000000 0.162266 0.000000 0.986747 0.309322 0.309322 0.309322
2449.981934 0.000000 1724.443481 0.000000 0.637545 0.000000 0.770413 0.332812 0.332812 0.332812
2432.951172 0.000000 1708.766479 0.000000 0.796396 0.000000 0.604775 0.350383 0.350383 0.350383
2449.551270 0.000000 1728.473267 0.000000 0.520658 0.000000 0.853765 0.321835 0.321835 0.321835
2488.804932 0.000000 1734.045410 0.000000 0.466706 0.000000 0.884412 0.317094 0.317094 0.317094
2524.282227 0.000000 1731.427246 0.000000 0.994679 0.000000 0.103026 0.250103 0.250103 0.250103
2516.950195 0.000000 1703.700439 0.000000 0.995037 0.000000 0.099501 0.199328 0.199328 0.199328
2510.189453 0.000000 1730.974976 0.000000 0.965545 0.000000 0.260235 0.199096 0.199096 0.199096
2541.901367 0.000000 1695.485718 0.000000 0.999866 0.000000 0.016384 0.202637 0.202637 0.202637
2517.428223 0.000000 1726.878906 0.000000 0.961728 0.000000 0.274005 0.269799 0.269799 0.269799
2503.693115 0.000000 1726.363770 0.000000 0.798747 0.000000 0.601668 0.195165 0.195165 0.195165
2534.270752 0.000000 1695.938232 0.000000 0.669320 0.000000 0.742974 0.269879 0.269879 0.269879
2498.164551 0.000000 1713.902832 0.000000 0.639165 0.000000 0.769070 0.289822 0.289822 0.289822
2522.616699 0.000000 1700.740723 0.000000 0.539071 0.000000 0.842260 0.323494 0.323494 0.323494
2515.298584 0.000000 1712.478394 0.000000 0.865923 0.000000 0.500177 0.195488 0.195488 0.195488
2503.651123 0.000000 1712.018677 0.000000 0.694782 0.000000 0.719221 0.338680 0.338680 0.338680
2522.549072 0.000000 1735.844360 0.000000 0.065548 0.000000 0.997849 0.250107 0.250107 0.250107
2514.852783 0.000000 1731.138672 0.000000 0.566195 0.000000 0.824271 0.310519 0.310519 0.310519
2519.538086 0.000000 1730.818115 0.000000 0.673083 0.000000 0.739567 0.313883 0.313883 0.313883
2537.396484 0.000000 1708.290161 0.000000 0.233635 0.000000 0.972324 0.312679 0.312679 0.312679
2518.690430 0.000000 1722.548218 0.000000 0.116325 0.000000 0.993211 0.291565 0.291565 0.291565
2512.913574 0.000000 1727.101318 0.000000 0.767445 0.000000 0.641114 0.346833 0.346833 0.346833
2514.408936 0.000000 1722.940796 0.000000 0.620164 0.000000 0.784472 0.191868 0.191868 0.191868
2507.937012 0.000000 1727.300659 0.000000 0.991524 0.000000 0.129923 0.296227 0.296227 0.296227
2518.596680 0.000000 1715.062378 0.000000 0.827247 0.000000 0.561838 0.254126 0.254126 0.254126
2506.276367 0.000000 1715.138672 0.000000 0.504561 0.000000 0.863376 0.211612 0.211612 0.211612
2519.827881 0.000000 1718.708008 0.000000 0.996850 0.000000 0.079311 0.394113 0.394113 0.394113
2501.963867 0.000000 1715.230225 0.000000 0.696834 0.000000 0.717232 0.224492 0.224492 0.224492
2500.061279 0.000000 1710.740845 0.000000 0.844941 0.000000 0.534860 0.309917 0.309917 0.309917
2535.553711 0.000000 1711.733521 0.000000 0.912824 0.000000 0.408353 0.239883 0.239883 0.239883
2520.358154 0.000000 1703.042236 0.000000 0.440899 0.000000 0.897556 0.314882 0.314882 0.314882
2527.085693 0.000000 1702.160156 0.000000 0.209264 0.000000 0.977859 0.265639 0.265639 0.265639
2525.536865 0.000000 1734.544434 0.000000 0.878671 0.000000 0.477427 0.231433 0.231433 0.231433
2539.534668 0.000000 1710.520996 0.000000 0.569055 0.000000 0.822300 0.240457 0.240457 0.240457
2512.763916 0.000000 1710.483276 0.000000 0.470742 0.000000 0.882271 0.323918 0.323918 0.323918
2507.443359 0.000000 1724.518311 0.000000 0.863120 0.000000 0.504999 0.359558 0.359558 0.359558
2512.687988 0.000000 1729.716431 0.000000 0.988707 0.000000 0.149861 0.389259 0.389259 0.389259
2532.142334 0.000000 1694.626465 0.000000 0.947992 0.000000 0.318295 0.282011 0.282011 0.282011
2500.637939 0.000000 1713.104004 0.000000 0.986290 0.000000 0.165019 0.389198 0.389198 0.389198
2523.827881 0.000000 1698.570435 0.000000 0.797822 0.000000 0.602893 0.257710 0.257710 0.257710
2504.162109 0.000000 1714.252075 0.000000 0.996702 0.000000 0.081147 0.284595 0.284595 0.284595
2524.903564 0.000000 1701.152588 0.000000 0.527422 0.000000 0.849603 0.322442 0.322442 0.322442
2520.466797 0.000000 1721.055298 0.000000 0.224323 0.000000 0.974515 0.256304 0.256304 0.256304
2505.306152 0.000000 1720.205811 0.000000 0.968083 0.000000 0.250630 0.309050 0.309050 0.309050
2520.196777 0.000000 1700.799316 0.000000 0.943523 0.000000 0.331308 0.375973 0.375973 0.375973
2539.536621 0.000000 1708.094360 0.000000 0.175726 0.000000 0.984439 0.280747 0.280747 0.280747
2505.114258 0.000000 1724.645020 0.000000 0.809698 0.000000 0.586847 0.354907 0.354907 0.354907
2521.637451 0.000000 1731.228638 0.000000 0.182510 0.000000 0.983204 0.287241 0.287241 0.287241
2517.939941 0.000000 1719.864624 0.000000 0.322344 0.000000 0.946623 0.306314 0.306314 0.306314
2496.668701 0.000000 1712.301636 0.000000 0.471359 0.000000 0.881942 0.328281 0.328281 0.328281
2507.631592 0.000000 1711.047607 0.000000 0.500639 0.000000 0.865656 0.332335 0.332335 0.332335
2510.853027 0.000000 1711.432983 0.000000 0.418055 0.000000 0.908422 0.312949 0.312949 0.312949
2528.666016 0.000000 1695.170166 0.000000 0.590432 0.000000 0.807087 0.286696 0.286696 0.286696
2536.686523 0.000000 1713.184326 0.000000 0.747457 0.000000 0.664310 0.344494 0.344494 0.344494
2537.985107 0.000000 1715.467896 0.000000 0.617041 0.000000 0.786931 0.326666 0.326666 0.326666
2537.043945 0.000000 1706.546875 0.000000 0.884939 0.000000 0.465707 0.369160 0.369160 0.369160
2520.838135 0.000000 1732.642944 0.000000 0.948958 0.000000 0.315404 0.376448 0.376448 0.376448
2537.913086 0.000000 1711.926025 0.000000 0.086692 0.000000 0.996235 0.299228 0.299228 0.299228
2513.981934 0.000000 1724.443481 0.000000 0.635247 0.000000 0.772309 0.339342 0.339342 0.339342
2523.648926 0.000000 1701.964722 0.000000 0.617169 0.000000 0.786831 0.330813 0.330813 0.330813
2514.458496 0.000000 1729.627197 0.000000 0.907272 0.000000 0.420544 0.366841 0.366841 0.366841
2517.358154 0.000000 1718.423950 0.000000 0.744207 0.000000 0.667949 0.344852 0.344852 0.344852
2521.317871 0.000000 1701.791626 0.000000 0.369724 0.000000 0.929142 0.315181 0.315181 0.315181
2525.555176 0.000000 1702.504517 0.000000 0.147724 0.000000 0.989029 0.291327 0.291327 0.291327
2514.267090 0.000000 1727.055420 0.000000 0.897402 0.000000 0.441213 0.365092 0.365092 0.365092
2523.110840 0.000000 1732.140625 0.000000 0.474694 0.000000 0.880151 0.317786 0.317786 0.317786
2483.915527 0.000000 1763.056885 0.000000 0.776645 0.000000 0.629939 0.231245 0.231245 0.231245
2479.844482 0.000000 1758.126099 0.000000 0.979783 0.000000 0.200062 0.347672 0.347672 0.347672
2489.915771 0.000000 1761.730347 0.000000 0.745184 0.000000 0.666859 0.195502 0.195502 0.195502
2486.117188 0.000000 1758.036987 0.000000 0.987994 0.000000 0.154493 0.383797 0.383797 0.383797
2480.446289 0.000000 1761.846436 0.000000 0.951000 0.000000 0.309191 0.366142 0.366142 0.366142
2483.006592 0.000000 1759.460693 0.000000 0.381976 0.000000 0.924172 0.316416 0.316416 0.316416
2477.456787 0.000000 1755.229126 0.000000 0.777043 0.000000 0.629448 0.242736 0.242736 0.242736
2484.968994 0.000000 1755.373535 0.000000 0.660821 0.000000 0.750543 0.238408 0.238408 0.238408
2487.474609 0.000000 1756.086304 0.000000 0.745555 0.000000 0.666444 0.311875 0.311875 0.311875
2482.636963 0.000000 1761.469971 0.000000 0.914726 0.000000 0.404075 0.340178 0.340178 0.340178
2481.047119 0.000000 1759.840088 0.000000 0.077339 0.000000 0.997005 0.293306 0.293306 0.293306
2484.512451 0.000000 1760.869995 0.000000 0.974961 0.000000 0.222376 0.357949 0.357949 0.357949
2478.857178 0.000000 1756.519531 0.000000 0.067919 0.000000 0.997691 0.274304 0.274304 0.274304
2484.128174 0.000000 1756.500977 0.000000 0.238307 0.000000 0.971190 0.298382 0.298382 0.298382
1698.996948 0.000000 2032.916504 0.000000 0.977748 0.000000 0.209783 0.373130 0.373130 0.373130
1702.643433 0.000000 2028.655273 0.000000 0.970523 0.000000 0.241007 0.273814 0.273814 0.273814
1706.622314 0.000000 2030.978149 0.000000 0.713174 0.000000 0.700987 0.240784 0.240784 0.240784
1788.270508 0.000000 2025.286987 0.000000 0.792700 0.000000 0.609612 0.248976 0.248976 0.248976
1789.042114 0.000000 2032.611206 0.000000 0.795870 0.000000 0.605467 0.237588 0.237588 0.237588
2036.449829 0.000000 1840.260498 0.000000 0.638388 0.000000 0.769714 0.332774 0.332774 0.332774
2020.050049 0.000000 1843.789551 0.000000 0.869391 0.000000 0.494125 0.200709 0.200709 0.200709
2040.851562 0.000000 1839.112427 0.000000 0.760477 0.000000 0.649365 0.265512 0.265512 0.265512
2045.935669 0.000000 1837.530029 0.000000 0.255732 0.000000 0.966748 0.276938 0.276938 0.276938
2023.131470 0.000000 1842.479126 0.000000 0.990980 0.000000 0.134012 0.295019 0.295019 0.295019
2043.206421 0.000000 1837.480713 0.000000 0.608346 0.000000 0.793672 0.341404 0.341404 0.341404
2043.279419 0.000000 1832.701538 0.000000 0.564007 0.000000 0.825770 0.233298 0.233298 0.233298
2022.985352 0.000000 1839.364380 0.000000 0.598374 0.000000 0.801217 0.330629 0.330629 0.330629
2040.713501 0.000000 1836.922974 0.000000 0.624825 0.000000 0.780765 0.335585 0.335585 0.335585
2038.374756 0.000000 1839.049683 0.000000 0.759791 0.000000 0.650168 0.345928 0.345928 0.345928
2046.808594 0.000000 1835.527466 0.000000 0.035951 0.000000 0.999354 0.285812 0.285812 0.285812
2024.804443 0.000000 1841.624268 0.000000 0.659011 0.000000 0.752133 0.336241 0.336241 0.336241
2039.627441 0.000000 1838.127441 0.000000 0.489555 0.000000 0.871972 0.319082 0.319082 0.319082
2023.991211 0.000000 1840.391602 0.000000 0.732194 0.000000 0.681096 0.342761 0.342761 0.342761
2043.155518 0.000000 1835.950317 0.000000 0.915353 0.000000 0.402653 0.369169 0.369169 0.369169
2039.635620 0.000000 1839.783447 0.000000 0.868302 0.000000 0.496036 0.360349 0.360349 0.360349
2045.768066 0.000000 1834.698120 0.000000 0.015964 0.000000 0.999873 0.281220 0.281220 0.281220
2037.027100 0.000000 1839.017090 0.000000 0.407401 0.000000 0.913250 0.312056 0.312056 0.312056
1792.354126 0.000000 2024.921021 0.000000 0.509506 0.000000 0.860467 0.232047 0.232047 0.232047
1827.530884 0.000000 2027.541626 0.000000 0.979411 0.000000 0.201876 0.237443 0.237443 0.237443
1837.255371 0.000000 2031.828613 0.000000 0.525293 0.000000 0.850921 0.332414 0.332414 0.332414
1844.885132 0.000000 2028.704224 0.000000 0.822047 0.000000 0.569420 0.220747 0.220747 0.220747
1798.599243 0.000000 2030.054077 0.000000 0.891216 0.000000 0.453580 0.247008 0.247008 0.247008
1836.186279 0.000000 2024.661377 0.000000 0.639043 0.000000 0.769171 0.261772 0.261772 0.261772
1793.469238 0.000000 2031.501221 0.000000 0.811780 0.000000 0.583964 0.308422 0.308422 0.308422
1841.044556 0.000000 2025.637085 0.000000 0.998189 0.000000 0.060158 0.267513 0.267513 0.267513
1834.064331 0.000000 2028.276978 0.000000 0.915804 0.000000 0.401626 0.345122 0.345122 0.345122
1854.612427 0.000000 2028.593384 0.000000 0.880805 0.000000 0.473480 0.308988 0.308988 0.308988
1792.226196 0.000000 2028.270142 0.000000 0.259280 0.000000 0.965802 0.303957 0.303957 0.303957
1848.579102 0.000000 2026.115479 0.000000 0.231082 0.000000 0.972934 0.297814 0.297814 0.297814
1821.075928 0.000000 2029.353271 0.000000 0.252752 0.000000 0.967531 0.299521 0.299521 0.299521
1833.246460 0.000000 2025.264893 0.000000 0.419288 0.000000 0.907853 0.230917 0.230917 0.230917
1834.622314 0.000000 2030.978149 0.000000 0.996330 0.000000 0.085596 0.394437 0.394437 0.394437
1855.022949 0.000000 2031.118652 0.000000 0.077559 0.000000 0.996988 0.247736 0.247736 0.247736
1838.584106 0.000000 2025.733643 0.000000 0.371284 0.000000 0.928519 0.295037 0.295037 0.295037
1836.263306 0.000000 2027.128174 0.000000 0.850230 0.000000 0.526412 0.353160 0.353160 0.353160
1840.587158 0.000000 2027.879150 0.000000 0.999381 0.000000 0.035181 0.296966 0.296966 0.296966
1846.447144 0.000000 2026.162598 0.000000 0.218226 0.000000 0.975898 0.296806 0.296806 0.296806
1793.798950 0.000000 2026.892212 0.000000 0.890913 0.000000 0.454173 0.364808 0.364808 0.364808
1797.476685 0.000000 2028.231323 0.000000 0.954399 0.000000 0.298533 0.339725 0.339725 0.339725
1793.941895 0.000000 2029.581177 0.000000 0.113847 0.000000 0.993498 0.293080 0.293080 0.293080
1819.270386 0.000000 2028.699341 0.000000 0.769511 0.000000 0.638633 0.288682 0.288682 0.288682
1820.806519 0.000000 2027.316162 0.000000 0.852054 0.000000 0.523454 0.362178 0.362178 0.362178
1849.560059 0.000000 2027.597168 0.000000 0.497620 0.000000 0.867395 0.319790 0.319790 0.319790
1795.034790 0.000000 2031.111450 0.000000 0.134550 0.000000 0.990907 0.299630 0.299630 0.299630
1839.452637 0.000000 2026.932251 0.000000 0.986592 0.000000 0.163205 0.388868 0.388868 0.388868
1856.226196 0.000000 2028.270142 0.000000 0.962399 0.000000 0.271641 0.379740 0.379740 0.379740
1863.561523 0.000000 2027.927002 0.000000 0.561444 0.000000 0.827514 0.254043 0.254043 0.254043
1857.941895 0.000000 2029.581177 0.000000 0.200117 0.000000 0.979772 0.299152 0.299152 0.299152
1858.838379 0.000000 2028.251465 0.000000 0.582865 0.000000 0.812569 0.331674 0.331674 0.331674
1657.729980 0.000000 2074.227051 0.000000 0.832876 0.000000 0.553459 0.355194 0.355194 0.355194
1654.872192 0.000000 2079.771973 0.000000 0.115137 0.000000 0.993350 0.305166 0.305166 0.305166
1649.044556 0.000000 2082.121338 0.000000 0.971783 0.000000 0.235875 0.238982 0.238982 0.238982
1653.811401 0.000000 2074.736572 0.000000 0.861937 0.000000 0.507015 0.270238 0.270238 0.270238
1650.616577 0.000000 2079.490723 0.000000 0.987168 0.000000 0.159687 0.387748 0.387748 0.387748
1653.008667 0.000000 2077.659424 0.000000 0.542830 0.000000 0.839842 0.323835 0.323835 0.323835
1650.714722 0.000000 2083.910400 0.000000 0.590945 0.000000 0.806712 0.339546 0.339546 0.339546
1652.752563 0.000000 2079.834717 0.000000 0.994126 0.000000 0.108227 0.391716 0.391716 0.391716
1648.736572 0.000000 2080.124268 0.000000 0.005230 0.000000 0.999986 0.288388 0.288388 0.288388
1650.704468 0.000000 2081.361572 0.000000 0.999891 0.000000 0.014796 0.398870 0.398870 0.398870
1652.960205 0.000000 2083.496582 0.000000 0.976378 0.000000 0.216067 0.374817 0.374817 0.374817
1657.390381 0.000000 2075.844727 0.000000 0.977992 0.000000 0.208643 0.383943 0.383943 0.383943
1662.566406 0.000000 2089.066162 0.000000 0.960130 0.000000 0.279552 0.379841 0.379841 0.379841
1656.805054 0.000000 2072.951660 0.000000 0.121312 0.000000 0.992614 0.302677 0.302677 0.302677
1656.508789 0.000000 2074.880127 0.000000 0.525388 0.000000 0.850863 0.322259 0.322259 0.322259
1628.282104 0.000000 2126.817871 0.000000 0.646369 0.000000 0.763025 0.333691 0.333691 0.333691
1650.281372 0.000000 2132.990967 0.000000 0.798037 0.000000 0.602608 0.351721 0.351721 0.351721
1641.423462 0.000000 2122.343994 0.000000 0.820238 0.000000 0.572022 0.353478 0.353478 0.353478
1663.683594 0.000000 2102.962402 0.000000 0.535987 0.000000 0.844226 0.212132 0.212132 0.212132
1627.221802 0.000000 2135.950439 0.000000 0.231110 0.000000 0.972928 0.307835 0.307835 0.307835
1657.729980 0.000000 2130.711426 0.000000 0.199992 0.000000 0.979798 0.271389 0.271389 0.271389
1661.524414 0.000000 2095.435303 0.000000 0.888577 0.000000 0.458727 0.365973 0.365973 0.365973
1657.426636 0.000000 2107.320801 0.000000 0.678995 0.000000 0.734143 0.297708 0.297708 0.297708
1644.186279 0.000000 2137.630127 0.000000 0.106878 0.000000 0.994272 0.242239 0.242239 0.242239
1657.915649 0.000000 2100.636719 0.000000 0.790402 0.000000 0.612589 0.237419 0.237419 0.237419
1663.290771 0.000000 2090.326904 0.000000 0.980402 0.000000 0.197006 0.384851 0.384851 0.384851
1663.097656 0.000000 2129.311035 0.000000 0.773525 0.000000 0.633765 0.347562 0.347562 0.347562
1638.720825 0.000000 2136.656494 0.000000 0.976728 0.000000 0.214484 0.385915 0.385915 0.385915
1626.548950 0.000000 2131.234863 0.000000 0.463898 0.000000 0.885889 0.219785 0.219785 0.219785
1623.427856 0.000000 2138.917236 0.000000 0.856000 0.000000 0.516975 0.360257 0.360257 0.360257
1662.127319 0.000000 2107.361816 0.000000 0.939476 0.000000 0.342614 0.196726 0.196726 0.196726
1631.949707 0.000000 2124.177979 0.000000 0.319101 0.000000 0.947721 0.204421 0.204421 0.204421
1662.018555 0.000000 2115.816895 0.000000 0.894473 0.000000 0.447122 0.368754 0.368754 0.368754
1653.757935 0.000000 2109.286621 0.000000 0.953959 0.000000 0.299936 0.378249 0.378249 0.378249
1623.759277 0.000000 2134.047607 0.000000 0.977461 0.000000 0.211114 0.261852 0.261852 0.261852
1648.887695 0.000000 2114.797363 0.000000 0.489675 0.000000 0.871905 0.319092 0.319092 0.319092
1647.152222 0.000000 2135.392578 0.000000 0.383939 0.000000 0.923358 0.221754 0.221754 0.221754
1641.927490 0.000000 2134.655029 0.000000 0.505116 0.000000 0.863051 0.320452 0.320452 0.320452
1626.772095 0.000000 2139.832275 0.000000 0.263740 0.000000 0.964594 0.300389 0.300389 0.300389
1638.643433 0.000000 2141.624023 0.000000 0.999596 0.000000 0.028439 0.397827 0.397827 0.397827
1658.815186 0.000000 2097.490967 0.000000 0.935283 0.000000 0.353900 0.295081 0.295081 0.295081
1650.335327 0.000000 2110.814941 0.000000 0.913631 0.000000 0.406545 0.369270 0.369270 0.369270
1621.436035 0.000000 2141.219727 0.000000 0.101772 0.000000 0.994808 0.300990 0.300990 0.300990
1636.314209 0.000000 2143.317871 0.000000 0.995582 0.000000 0.093899 0.283149 0.283149 0.283149
1650.616577 0.000000 2135.975098 0.000000 0.448749 0.000000 0.893658 0.315551 0.315551 0.315551
1655.879395 0.000000 2133.116699 0.000000 0.199872 0.000000 0.979822 0.249803 0.249803 0.249803
1611.443359 0.000000 2119.908936 0.000000 0.020087 0.000000 0.999798 0.215314 0.215314 0.215314
1642.451904 0.000000 2124.855957 0.000000 0.145013 0.000000 0.989430 0.276305 0.276305 0.276305
1620.862061 0.000000 2138.588867 0.000000 0.309807 0.000000 0.950799 0.304064 0.304064 0.304064
1662.888184 0.000000 2126.546875 0.000000 0.671821 0.000000 0.740714 0.336277 0.336277 0.336277
1622.697754 0.000000 2136.440430 0.000000 0.181906 0.000000 0.983316 0.268041 0.268041 0.268041
1651.409058 0.000000 2115.408203 0.000000 0.647184 0.000000 0.762334 0.333773 0.333773 0.333773
1647.560791 0.000000 2132.685547 0.000000 0.116835 0.000000 0.993151 0.307092 0.307092 0.307092
1628.691528 0.000000 2138.014160 0.000000 0.999790 0.000000 0.020503 0.398434 0.398434 0.398434
1663.836060 0.000000 2094.406006 0.000000 0.916154 0.000000 0.400826 0.368494 0.368494 0.368494
1630.667969 0.000000 2126.303223 0.000000 0.948785 0.000000 0.315924 0.332845 0.332845 0.332845
1626.281006 0.000000 2133.768311 0.000000 0.200082 0.000000 0.979779 0.309405 0.309405 0.309405
1644.873901 0.000000 2134.911133 0.000000 0.846229 0.000000 0.532819 0.270383 0.270383 0.270383
1648.749756 0.000000 2112.529541 0.000000 0.731371 0.000000 0.681980 0.326110 0.326110 0.326110
1640.581299 0.000000 2120.186279 0.000000 0.822890 0.000000 0.568200 0.360774 0.360774 0.360774
1623.825562 0.000000 2143.842285 0.000000 0.902891 0.000000 0.429870 0.287441 0.287441 0.287441
1662.808594 0.000000 2117.949463 0.000000 0.536407 0.000000 0.843959 0.334660 0.334660 0.334660
1657.361084 0.000000 2102.711182 0.000000 0.999071 0.000000 0.043106 0.396706 0.396706 0.396706
1640.273193 0.000000 2140.137451 0.000000 0.481981 0.000000 0.876181 0.329351 0.329351 0.329351
1650.491943 0.000000 2113.562256 0.000000 0.773520 0.000000 0.633772 0.347561 0.347561 0.347561
1619.138916 0.000000 2137.585693 0.000000 0.624718 0.000000 0.780850 0.283328 0.283328 0.283328
1661.048584 0.000000 2129.187256 0.000000 0.303375 0.000000 0.952871 0.273985 0.273985 0.273985
1640.666260 0.000000 2136.244385 0.000000 0.266695 0.000000 0.963781 0.300624 0.300624 0.300624
1660.870728 0.000000 2097.314453 0.000000 0.383833 0.000000 0.923403 0.310095 0.310095 0.310095
1641.461914 0.000000 2145.521484 0.000000 0.070702 0.000000 0.997497 0.296068 0.296068 0.296068
1627.270386 0.000000 2141.668213 0.000000 0.859183 0.000000 0.511669 0.358967 0.358967 0.358967
1628.806519 0.000000 2140.284912 0.000000 0.998476 0.000000 0.055184 0.396402 0.396402 0.396402
1659.325317 0.000000 2102.037109 0.000000 0.775873 0.000000 0.630889 0.349045 0.349045 0.349045
1643.248413 0.000000 2122.747803 0.000000 0.708075 0.000000 0.706137 0.340105 0.340105 0.340105
1639.873657 0.000000 2126.709473 0.000000 0.519059 0.000000 0.854738 0.334232 0.334232 0.334232
1628.971191 0.000000 2135.234619 0.000000 0.936449 0.000000 0.350803 0.367486 0.367486 0.367486
1656.590820 0.000000 2143.832520 0.000000 0.400483 0.000000 0.916304 0.282214 0.282214 0.282214
1654.093628 0.000000 2114.189209 0.000000 0.619579 0.000000 0.784934 0.331047 0.331047 0.331047
1624.941406 0.000000 2140.149658 0.000000 0.986045 0.000000 0.166479 0.387222 0.387222 0.387222
1640.804443 0.000000 2124.046143 0.000000 0.039153 0.000000 0.999233 0.282992 0.282992 0.282992
1642.572388 0.000000 2139.500732 0.000000 0.668916 0.000000 0.743338 0.317660 0.317660 0.317660
1627.848511 0.000000 2143.581055 0.000000 0.976023 0.000000 0.217669 0.383237 0.383237 0.383237
1638.249512 0.000000 2143.614014 0.000000 0.997996 0.000000 0.063275 0.395447 0.395447 0.395447
1642.287964 0.000000 2120.604248 0.000000 0.693532 0.000000 0.720426 0.338547 0.338547 0.338547
1625.175293 0.000000 2132.291504 0.000000 0.389296 0.000000 0.921113 0.321364 0.321364 0.321364
1646.145630 0.000000 2133.744873 0.000000 0.207623 0.000000 0.978209 0.312975 0.312975 0.312975
1657.390381 0.000000 2132.329102 0.000000 0.578157 0.000000 0.815926 0.334957 0.334957 0.334957
1651.333496 0.000000 2134.329590 0.000000 0.336273 0.000000 0.941765 0.306200 0.306200 0.306200
1626.534668 0.000000 2144.717285 0.000000 0.998548 0.000000 0.053870 0.396488 0.396488 0.396488
1634.384521 0.000000 2138.191650 0.000000 0.443291 0.000000 0.896378 0.309887 0.309887 0.309887
1651.356323 0.000000 2112.097168 0.000000 0.176475 0.000000 0.984305 0.293553 0.293553 0.293553
1628.480591 0.000000 2128.482910 0.000000 0.971024 0.000000 0.238984 0.382709 0.382709 0.382709
1636.710693 0.000000 2139.418457 0.000000 0.339811 0.000000 0.940494 0.306487 0.306487 0.306487
1653.040649 0.000000 2118.569336 0.000000 0.675026 0.000000 0.737794 0.336608 0.336608 0.336608
1630.635132 0.000000 2134.485107 0.000000 0.722231 0.000000 0.691652 0.337732 0.337732 0.337732
1622.839355 0.000000 2140.486816 0.000000 0.635674 0.000000 0.771958 0.332627 0.332627 0.332627
1639.682861 0.000000 2138.172852 0.000000 0.501945 0.000000 0.864900 0.320172 0.320172 0.320172
1660.396973 0.000000 2116.209961 0.000000 0.470332 0.000000 0.882490 0.330633 0.330633 0.330633
1621.261719 0.000000 2137.082764 0.000000 0.840235 0.000000 0.542222 0.363087 0.363087 0.363087
1625.614136 0.000000 2141.657471 0.000000 0.509824 0.000000 0.860279 0.320869 0.320869 0.320869
1656.531372 0.000000 2145.382812 0.000000 0.994330 0.000000 0.106342 0.391861 0.391861 0.391861
1659.166870 0.000000 2113.614502 0.000000 0.885605 0.000000 0.464439 0.363101 0.363101 0.363101
1627.274780 0.000000 2132.541748 0.000000 0.958871 0.000000 0.283841 0.380960 0.380960 0.380960
1640.255371 0.000000 2134.808594 0.000000 0.642108 0.000000 0.766614 0.333266 0.333266 0.333266
1650.992432 0.000000 2119.327881 0.000000 0.125256 0.000000 0.992124 0.290676 0.290676 0.290676
1663.011719 0.000000 2099.284180 0.000000 0.734788 0.000000 0.678297 0.343052 0.343052 0.343052
1653.702759 0.000000 2107.758789 0.000000 0.561156 0.000000 0.827710 0.335981 0.335981 0.335981
1659.111816 0.000000 2131.044922 0.000000 0.989435 0.000000 0.144980 0.388885 0.388885 0.388885
1620.429321 0.000000 2139.944580 0.000000 0.965182 0.000000 0.261578 0.379782 0.379782 0.379782
1662.782349 0.000000 2127.941895 0.000000 0.786696 0.000000 0.617341 0.349170 0.349170 0.349170
1627.966187 0.000000 2139.191162 0.000000 0.899803 0.000000 0.436297 0.365510 0.365510 0.365510
1625.114868 0.000000 2144.248291 0.000000 0.031638 0.000000 0.999499 0.284339 0.284339 0.284339
1648.909302 0.000000 2132.968994 0.000000 0.532907 0.000000 0.846174 0.322936 0.322936 0.322936
1642.089600 0.000000 2123.535156 0.000000 0.999780 0.000000 0.020968 0.398398 0.398398 0.398398
1625.668701 0.000000 2139.018555 0.000000 0.941111 0.000000 0.338099 0.373652 0.373652 0.373652
1619.485352 0.000000 2138.891357 0.000000 0.002171 0.000000 0.999998 0.280166 0.280166 0.280166
1662.128906 0.000000 2096.782471 0.000000 0.077220 0.000000 0.997014 0.285905 0.285905 0.285905
1629.621216 0.000000 2127.069336 0.000000 0.012336 0.000000 0.999924 0.280942 0.280942 0.280942
1705.206665 0.000000 2041.981201 0.000000 0.524401 0.000000 0.851471 0.321881 0.321881 0.321881
1671.674683 0.000000 2057.383545 0.000000 0.363848 0.000000 0.931458 0.223905 0.223905 0.223905
1684.950073 0.000000 2042.606689 0.000000 0.694839 0.000000 0.719165 0.245763 0.245763 0.245763
1682.736938 0.000000 2083.558594 0.000000 0.942675 0.000000 0.333713 0.277454 0.277454 0.277454
1699.530884 0.000000 2084.026123 0.000000 0.054714 0.000000 0.998502 0.253114 0.253114 0.253114
1678.189453 0.000000 2069.881348 0.000000 0.999618 0.000000 0.027633 0.393806 0.393806 0.393806
1706.581665 0.000000 2052.242432 0.000000 0.403446 0.000000 0.915004 0.229738 0.229738 0.229738
1695.430420 0.000000 2044.209473 0.000000 0.720699 0.000000 0.693248 0.207806 0.207806 0.207806
1703.866577 0.000000 2075.141113 0.000000 0.881564 0.000000 0.472064 0.203032 0.203032 0.203032
1685.034912 0.000000 2074.154541 0.000000 0.458776 0.000000 0.888552 0.190166 0.190166 0.190166
1667.716309 0.000000 2074.543701 0.000000 0.998322 0.000000 0.057899 0.333728 0.333728 0.333728
1702.270874 0.000000 2034.844482 0.000000 0.904788 0.000000 0.425862 0.279670 0.279670 0.279670
1689.924683 0.000000 2086.677979 0.000000 0.975190 0.000000 0.221371 0.287014 0.287014 0.287014
1678.124634 0.000000 2062.446289 0.000000 0.753425 0.000000 0.657534 0.345184 0.345184 0.345184
1710.271362 0.000000 2070.726074 0.000000 0.744148 0.000000 0.668015 0.345304 0.345304 0.345304
1700.050049 0.000000 2069.727051 0.000000 0.792473 0.000000 0.609908 0.308887 0.308887 0.308887
1677.066528 0.000000 2086.653809 0.000000 0.976905 0.000000 0.213673 0.350117 0.350117 0.350117
1694.599976 0.000000 2083.141113 0.000000 0.945155 0.000000 0.326622 0.284825 0.284825 0.284825
1668.956909 0.000000 2079.604492 0.000000 0.060321 0.000000 0.998179 0.302711 0.302711 0.302711
1689.550537 0.000000 2045.038940 0.000000 0.212923 0.000000 0.977069 0.296392 0.296392 0.296392
1710.917847 0.000000 2054.752197 0.000000 0.175995 0.000000 0.984391 0.202486 0.202486 0.202486
1685.636475 0.000000 2087.939697 0.000000 0.802004 0.000000 0.597318 0.320249 0.320249 0.320249
1706.133911 0.000000 2037.574829 0.000000 0.955797 0.000000 0.294027 0.240031 0.240031 0.240031
1695.949707 0.000000 2067.693604 0.000000 0.997102 0.000000 0.076083 0.394182 0.394182 0.394182
1686.690430 0.000000 2061.454346 0.000000 0.969948 0.000000 0.243314 0.211084 0.211084 0.211084
1697.638062 0.000000 2080.206055 0.000000 0.653602 0.000000 0.756838 0.301296 0.301296 0.301296
1673.597778 0.000000 2083.312988 0.000000 0.435545 0.000000 0.900167 0.224449 0.224449 0.224449
1675.936890 0.000000 2066.206787 0.000000 0.851360 0.000000 0.524582 0.219533 0.219533 0.219533
1700.219849 0.000000 2073.594971 0.000000 0.058596 0.000000 0.998282 0.299957 0.299957 0.299957
1705.897095 0.000000 2033.465820 0.000000 0.799364 0.000000 0.600848 0.295819 0.295819 0.295819
1671.290527 0.000000 2076.282715 0.000000 0.571077 0.000000 0.820897 0.326434 0.326434 0.326434
1698.139526 0.000000 2035.163818 0.000000 0.291440 0.000000 0.956589 0.316514 0.316514 0.316514
1673.888916 0.000000 2088.702637 0.000000 0.998201 0.000000 0.059959 0.377557 0.377557 0.377557
1680.310547 0.000000 2058.232178 0.000000 0.092700 0.000000 0.995694 0.287092 0.287092 0.287092
1692.682983 0.000000 2046.871460 0.000000 0.966973 0.000000 0.254881 0.232269 0.232269 0.232269
1700.675659 0.000000 2066.279541 0.000000 0.593458 0.000000 0.804865 0.210342 0.210342 0.210342
1692.263916 0.000000 2042.733521 0.000000 0.943204 0.000000 0.332214 0.374129 0.374129 0.374129
1716.612793 0.000000 2049.149414 0.000000 0.009668 0.000000 0.999953 0.201896 0.201896 0.201896
1695.085693 0.000000 2041.066406 0.000000 0.961453 0.000000 0.274968 0.378720 0.378720 0.378720
1679.660034 0.000000 2084.602783 0.000000 0.390621 0.000000 0.920552 0.293208 0.293208 0.293208
1702.737793 0.000000 2071.915283 0.000000 0.922362 0.000000 0.386327 0.276906 0.276906 0.276906
1697.860474 0.000000 2042.178711 0.000000 0.708850 0.000000 0.705359 0.340189 0.340189 0.340189
1685.436035 0.000000 2084.735352 0.000000 0.872818 0.000000 0.488046 0.361050 0.361050 0.361050
1707.550903 0.000000 2040.237305 0.000000 0.999347 0.000000 0.036130 0.326877 0.326877 0.326877
1714.278564 0.000000 2064.146484 0.000000 0.542811 0.000000 0.839855 0.329521 0.329521 0.329521
1706.549194 0.000000 2044.548828 0.000000 0.992676 0.000000 0.120807 0.325711 0.325711 0.325711
1693.260010 0.000000 2067.706787 0.000000 0.031339 0.000000 0.999509 0.256267 0.256267 0.256267
1685.228027 0.000000 2071.342529 0.000000 0.994265 0.000000 0.106940 0.301297 0.301297 0.301297
1686.908936 0.000000 2044.437378 0.000000 0.775643 0.000000 0.631172 0.347818 0.347818 0.347818
1676.244629 0.000000 2084.054199 0.000000 0.870313 0.000000 0.492499 0.363611 0.363611 0.363611
1684.109741 0.000000 2045.127197 0.000000 0.999541 0.000000 0.030285 0.330436 0.330436 0.330436
1684.862061 0.000000 2082.104492 0.000000 0.840818 0.000000 0.541319 0.270108 0.270108 0.270108
1668.256348 0.000000 2088.953125 0.000000 0.732588 0.000000 0.680673 0.327034 0.327034 0.327034
1671.626831 0.000000 2079.787842 0.000000 0.957459 0.000000 0.288568 0.377637 0.377637 0.377637
1687.931152 0.000000 2085.154785 0.000000 0.998869 0.000000 0.047541 0.396367 0.396367 0.396367
1700.142212 0.000000 2033.532715 0.000000 0.923369 0.000000 0.383913 0.343205 0.343205 0.343205
1688.755737 0.000000 2052.786621 0.000000 0.952956 0.000000 0.303110 0.376474 0.376474 0.376474
1671.851929 0.000000 2070.614990 0.000000 0.893976 0.000000 0.448115 0.264120 0.264120 0.264120
1680.405029 0.000000 2070.992676 0.000000 0.773566 0.000000 0.633716 0.347567 0.347567 0.347567
1697.762817 0.000000 2044.806030 0.000000 0.621841 0.000000 0.783143 0.338455 0.338455 0.338455
1720.956177 0.000000 2058.853271 0.000000 0.363113 0.000000 0.931745 0.291200 0.291200 0.291200
1692.903564 0.000000 2040.058838 0.000000 0.952527 0.000000 0.304456 0.376366 0.376366 0.376366
1710.967163 0.000000 2048.814453 0.000000 0.958507 0.000000 0.285067 0.313908 0.313908 0.313908
1682.112671 0.000000 2059.629150 0.000000 0.643736 0.000000 0.765248 0.336256 0.336256 0.336256
1698.304321 0.000000 2049.537354 0.000000 0.078374 0.000000 0.996924 0.290464 0.290464 0.290464
1688.281860 0.000000 2055.452637 0.000000 0.987788 0.000000 0.155803 0.388869 0.388869 0.388869
1687.825562 0.000000 2087.357910 0.000000 0.999101 0.000000 0.042402 0.397279 0.397279 0.397279
1705.191162 0.000000 2035.567993 0.000000 0.252920 0.000000 0.967487 0.261522 0.261522 0.261522
1697.051514 0.000000 2065.628906 0.000000 0.606859 0.000000 0.794810 0.331207 0.331207 0.331207
1675.567871 0.000000 2073.590820 0.000000 0.927383 0.000000 0.374114 0.370707 0.370707 0.370707
1680.326904 0.000000 2056.104492 0.000000 0.998233 0.000000 0.059424 0.372105 0.372105 0.372105
1690.413818 0.000000 2041.708984 0.000000 0.494284 0.000000 0.869300 0.319497 0.319497 0.319497
1679.150513 0.000000 2087.048584 0.000000 0.593955 0.000000 0.804499 0.305967 0.305967 0.305967
1710.922729 0.000000 2068.758789 0.000000 0.893770 0.000000 0.448525 0.297514 0.297514 0.297514
1670.226929 0.000000 2078.012451 0.000000 0.297300 0.000000 0.954784 0.303061 0.303061 0.303061
1686.346924 0.000000 2056.081055 0.000000 0.709899 0.000000 0.704304 0.343229 0.343229 0.343229
1673.185303 0.000000 2076.972656 0.000000 0.611604 0.000000 0.791164 0.307760 0.307760 0.307760
1701.990845 0.000000 2070.074951 0.000000 0.255455 0.000000 0.966821 0.304977 0.304977 0.304977
1703.709595 0.000000 2033.439819 0.000000 0.705678 0.000000 0.708533 0.311833 0.311833 0.311833
1719.776123 0.000000 2061.162354 0.000000 0.894994 0.000000 0.446078 0.359447 0.359447 0.359447
1700.999878 0.000000 2068.119141 0.000000 0.690351 0.000000 0.723475 0.302537 0.302537 0.302537
1699.248779 0.000000 2047.798828 0.000000 0.157552 0.000000 0.987511 0.292086 0.292086 0.292086
1673.040405 0.000000 2074.962158 0.000000 0.523683 0.000000 0.851913 0.322106 0.322106 0.322106
1673.975220 0.000000 2070.949463 0.000000 0.097040 0.000000 0.995281 0.287425 0.287425 0.287425
1696.870728 0.000000 2040.682983 0.000000 0.999860 0.000000 0.016722 0.398722 0.398722 0.398722
1666.240967 0.000000 2075.754883 0.000000 0.930986 0.000000 0.365056 0.320612 0.320612 0.320612
1677.842407 0.000000 2084.915283 0.000000 0.982736 0.000000 0.185014 0.383988 0.383988 0.383988
1686.371582 0.000000 2086.263428 0.000000 0.595198 0.000000 0.803579 0.340119 0.340119 0.340119
1679.409668 0.000000 2073.597656 0.000000 0.484288 0.000000 0.874909 0.318621 0.318621 0.318621
1686.760498 0.000000 2042.641968 0.000000 0.950974 0.000000 0.309272 0.375980 0.375980 0.375980
1679.572021 0.000000 2065.037354 0.000000 0.010909 0.000000 0.999941 0.280833 0.280833 0.280833
1688.544067 0.000000 2043.614990 0.000000 0.103315 0.000000 0.994649 0.287907 0.287907 0.287907
1671.856445 0.000000 2078.119141 0.000000 0.675146 0.000000 0.737684 0.336621 0.336621 0.336621
1698.940674 0.000000 2043.523926 0.000000 0.333860 0.000000 0.942623 0.306312 0.306312 0.306312
1692.480591 0.000000 2071.998535 0.000000 0.328720 0.000000 0.944427 0.317312 0.317312 0.317312
1683.982056 0.000000 2087.619629 0.000000 0.978184 0.000000 0.207742 0.364965 0.364965 0.364965
1681.270264 0.000000 2084.255127 0.000000 0.288427 0.000000 0.957502 0.308415 0.308415 0.308415
1696.008667 0.000000 2083.921875 0.000000 0.996991 0.000000 0.077515 0.394072 0.394072 0.394072
1717.526611 0.000000 2067.373047 0.000000 0.534158 0.000000 0.845385 0.328582 0.328582 0.328582
1668.645142 0.000000 2078.051270 0.000000 0.251226 0.000000 0.967928 0.315181 0.315181 0.315181
1676.962891 0.000000 2063.558105 0.000000 0.767299 0.000000 0.641289 0.355332 0.355332 0.355332
1689.614136 0.000000 2085.173096 0.000000 0.452396 0.000000 0.891817 0.315863 0.315863 0.315863
1714.026733 0.000000 2069.521729 0.000000 0.030923 0.000000 0.999522 0.282363 0.282363 0.282363
1679.107910 0.000000 2068.632568 0.000000 0.967978 0.000000 0.251036 0.379796 0.379796 0.379796
1688.543945 0.000000 2047.938843 0.000000 0.935706 0.000000 0.352780 0.376081 0.376081 0.376081
1676.710571 0.000000 2070.171387 0.000000 0.011625 0.000000 0.999932 0.280888 0.280888 0.280888
1679.615479 0.000000 2062.191895 0.000000 0.966224 0.000000 0.257703 0.380088 0.380088 0.380088
1691.648804 0.000000 2040.870972 0.000000 0.689640 0.000000 0.724152 0.338136 0.338136 0.338136
1671.681641 0.000000 2072.355469 0.000000 0.943645 0.000000 0.330960 0.375410 0.375410 0.375410
1711.751465 0.000000 2070.997559 0.000000 0.985965 0.000000 0.166954 0.378823 0.378823 0.378823
1696.099487 0.000000 2070.257080 0.000000 0.523396 0.000000 0.852089 0.322335 0.322335 0.322335
1698.393921 0.000000 2046.130493 0.000000 0.979522 0.000000 0.201335 0.384513 0.384513 0.384513
1689.273560 0.000000 2054.365967 0.000000 0.997355 0.000000 0.072679 0.394824 0.394824 0.394824
1693.555054 0.000000 2041.410767 0.000000 0.912915 0.000000 0.408150 0.367882 0.367882 0.367882
1678.923096 0.000000 2063.658203 0.000000 0.244995 0.000000 0.969524 0.298909 0.298909 0.298909
1674.652832 0.000000 2072.503418 0.000000 0.695693 0.000000 0.718340 0.338777 0.338777 0.338777
1680.139404 0.000000 2072.393555 0.000000 0.684400 0.000000 0.729107 0.337585 0.337585 0.337585
1683.482422 0.000000 2059.127441 0.000000 0.533986 0.000000 0.845494 0.326303 0.326303 0.326303
1697.012085 0.000000 2043.650757 0.000000 0.515680 0.000000 0.856781 0.321391 0.321391 0.321391
1682.458984 0.000000 2084.874756 0.000000 0.928109 0.000000 0.372309 0.370856 0.370856 0.370856
1695.819336 0.000000 2066.173340 0.000000 0.226279 0.000000 0.974063 0.297437 0.297437 0.297437
1699.814331 0.000000 2044.608887 0.000000 0.334098 0.000000 0.942538 0.306024 0.306024 0.306024
1681.509277 0.000000 2060.807861 0.000000 0.725110 0.000000 0.688634 0.341971 0.341971 0.341971
1778.281372 0.000000 2076.506592 0.000000 0.992301 0.000000 0.123847 0.200462 0.200462 0.200462
1789.734009 0.000000 2067.647705 0.000000 0.990521 0.000000 0.137363 0.391021 0.391021 0.391021
1779.915527 0.000000 2045.478760 0.000000 0.879352 0.000000 0.476172 0.195663 0.195663 0.195663
1780.449829 0.000000 2066.197998 0.000000 0.685637 0.000000 0.727944 0.208148 0.208148 0.208148
1789.042114 0.000000 2089.095703 0.000000 0.732897 0.000000 0.680339 0.349157 0.349157 0.349157
1785.915649 0.000000 2044.152222 0.000000 0.075298 0.000000 0.997161 0.285758 0.285758 0.285758
1777.916626 0.000000 2051.227539 0.000000 0.954928 0.000000 0.296838 0.376976 0.376976 0.376976
1779.720459 0.000000 2071.309326 0.000000 0.995091 0.000000 0.098969 0.287377 0.287377 0.287377
1790.112061 0.000000 2077.356201 0.000000 0.348624 0.000000 0.937263 0.213470 0.213470 0.213470
1786.875244 0.000000 2033.592041 0.000000 0.598775 0.000000 0.800917 0.262081 0.262081 0.262081
1781.757935 0.000000 2052.802246 0.000000 0.148227 0.000000 0.988953 0.291366 0.291366 0.291366
1787.875732 0.000000 2047.643677 0.000000 0.255866 0.000000 0.966712 0.247670 0.247670 0.247670
1781.811401 0.000000 2074.736572 0.000000 0.942389 0.000000 0.334518 0.217315 0.217315 0.217315
1776.887695 0.000000 2058.312988 0.000000 0.712830 0.000000 0.701337 0.278747 0.278747 0.278747
1774.444580 0.000000 2084.799805 0.000000 0.283121 0.000000 0.959084 0.218259 0.218259 0.218259
1776.763550 0.000000 2073.243896 0.000000 0.838182 0.000000 0.545390 0.211172 0.211172 0.211172
1778.335327 0.000000 2054.330566 0.000000 0.773477 0.000000 0.633824 0.349270 0.349270 0.349270
1781.610352 0.000000 2068.930420 0.000000 0.710367 0.000000 0.703832 0.236990 0.236990 0.236990
1786.107300 0.000000 2088.637939 0.000000 0.957446 0.000000 0.288614 0.381288 0.381288 0.381288
1780.968994 0.000000 2037.795410 0.000000 0.748732 0.000000 0.662873 0.321494 0.321494 0.321494
1786.989014 0.000000 2067.071533 0.000000 0.964570 0.000000 0.263827 0.305455 0.305455 0.305455
1788.341309 0.000000 2086.605225 0.000000 0.640293 0.000000 0.768131 0.342925 0.342925 0.342925
1775.961792 0.000000 2088.697510 0.000000 0.888712 0.000000 0.458466 0.259864 0.259864 0.259864
1791.545410 0.000000 2065.396484 0.000000 0.216621 0.000000 0.976256 0.261029 0.261029 0.261029
1788.546265 0.000000 2061.377197 0.000000 0.020759 0.000000 0.999785 0.235129 0.235129 0.235129
1784.373535 0.000000 2033.575928 0.000000 0.174324 0.000000 0.984688 0.273675 0.273675 0.273675
1788.605713 0.000000 2065.364014 0.000000 0.976772 0.000000 0.214281 0.385821 0.385821 0.385821
1780.127808 0.000000 2051.320068 0.000000 0.086632 0.000000 0.996240 0.286626 0.286626 0.286626
1785.361084 0.000000 2046.226807 0.000000 0.186446 0.000000 0.982465 0.294327 0.294327 0.294327
1781.305176 0.000000 2047.088379 0.000000 0.040542 0.000000 0.999178 0.283098 0.283098 0.283098
1778.491943 0.000000 2057.077881 0.000000 0.578582 0.000000 0.815624 0.338566 0.338566 0.338566
1788.194946 0.000000 2069.026611 0.000000 0.718227 0.000000 0.695809 0.316834 0.316834 0.316834
1780.116699 0.000000 2035.768433 0.000000 0.125210 0.000000 0.992130 0.264009 0.264009 0.264009
1776.094482 0.000000 2050.546875 0.000000 0.868884 0.000000 0.495015 0.360439 0.360439 0.360439
1783.475952 0.000000 2045.332764 0.000000 0.749856 0.000000 0.661601 0.344771 0.344771 0.344771
1780.288452 0.000000 2054.267578 0.000000 0.432666 0.000000 0.901554 0.314183 0.314183 0.314183
1777.665527 0.000000 2062.200195 0.000000 0.344685 0.000000 0.938718 0.316621 0.316621 0.316621
1788.200928 0.000000 2077.510254 0.000000 0.993341 0.000000 0.115209 0.328097 0.328097 0.328097
1779.232544 0.000000 2052.791504 0.000000 0.562602 0.000000 0.826728 0.325648 0.325648 0.325648
1778.333252 0.000000 2072.374023 0.000000 0.906492 0.000000 0.422223 0.345862 0.345862 0.345862
1782.224854 0.000000 2048.616211 0.000000 0.577127 0.000000 0.816654 0.329074 0.329074 0.329074
1789.407227 0.000000 2070.821045 0.000000 0.454421 0.000000 0.890787 0.303509 0.303509 0.303509
1777.404663 0.000000 2052.895508 0.000000 0.799738 0.000000 0.600349 0.350807 0.350807 0.350807
1791.537720 0.000000 2063.703857 0.000000 0.783889 0.000000 0.620901 0.351494 0.351494 0.351494
1789.998047 0.000000 2066.063477 0.000000 0.931284 0.000000 0.364295 0.375703 0.375703 0.375703
1787.650024 0.000000 2088.391357 0.000000 0.924017 0.000000 0.382351 0.374925 0.374925 0.374925
1776.720703 0.000000 2063.481201 0.000000 0.993152 0.000000 0.116831 0.391990 0.391990 0.391990
1781.702759 0.000000 2051.274414 0.000000 0.067222 0.000000 0.997738 0.285139 0.285139 0.285139
1667.834473 0.000000 2089.924316 0.000000 0.006262 0.000000 0.999980 0.278989 0.278989 0.278989
1667.589233 0.000000 2102.304199 0.000000 0.296444 0.000000 0.955050 0.318209 0.318209 0.318209
1665.476685 0.000000 2096.380615 0.000000 0.821484 0.000000 0.570231 0.353645 0.353645 0.353645
1673.095337 0.000000 2101.909180 0.000000 0.977437 0.000000 0.211227 0.326247 0.326247 0.326247
1673.437988 0.000000 2090.739502 0.000000 0.979455 0.000000 0.201664 0.384488 0.384488 0.384488
1669.568970 0.000000 2093.939697 0.000000 0.737027 0.000000 0.675863 0.207132 0.207132 0.207132
1664.522339 0.000000 2105.624023 0.000000 0.551440 0.000000 0.834215 0.324621 0.324621 0.324621
1681.983643 0.000000 2111.290039 0.000000 0.447306 0.000000 0.894381 0.228116 0.228116 0.228116
1664.205078 0.000000 2112.340576 0.000000 0.840871 0.000000 0.541235 0.311456 0.311456 0.311456
1677.243652 0.000000 2097.163086 0.000000 0.978249 0.000000 0.207434 0.385133 0.385133 0.385133
1674.448364 0.000000 2093.526855 0.000000 0.875817 0.000000 0.482643 0.327438 0.327438 0.327438
1669.178101 0.000000 2115.291992 0.000000 0.265668 0.000000 0.964065 0.315493 0.315493 0.315493
1671.173218 0.000000 2119.128662 0.000000 0.210408 0.000000 0.977614 0.311871 0.311871 0.311871
1680.434082 0.000000 2119.983154 0.000000 0.490811 0.000000 0.871266 0.323417 0.323417 0.323417
1667.928833 0.000000 2120.053711 0.000000 0.929880 0.000000 0.367863 0.371222 0.371222 0.371222
1665.439453 0.000000 2114.301270 0.000000 0.772201 0.000000 0.635378 0.354450 0.354450 0.354450
1682.931519 0.000000 2121.248047 0.000000 0.043347 0.000000 0.999060 0.240590 0.240590 0.240590
1682.112671 0.000000 2116.113525 0.000000 0.721638 0.000000 0.692270 0.280920 0.280920 0.280920
1675.600586 0.000000 2095.643799 0.000000 0.283331 0.000000 0.959022 0.311897 0.311897 0.311897
1672.383423 0.000000 2111.785645 0.000000 0.351408 0.000000 0.936222 0.307431 0.307431 0.307431
1688.196777 0.000000 2096.189941 0.000000 0.204025 0.000000 0.978966 0.295697 0.295697 0.295697
1680.326904 0.000000 2112.588867 0.000000 0.688531 0.000000 0.725207 0.342070 0.342070 0.342070
1664.060181 0.000000 2098.170166 0.000000 0.366182 0.000000 0.930543 0.266091 0.266091 0.266091
1664.668579 0.000000 2107.692383 0.000000 0.523507 0.000000 0.852021 0.322090 0.322090 0.322090
1668.679565 0.000000 2104.158203 0.000000 0.081533 0.000000 0.996671 0.271851 0.271851 0.271851
1676.800293 0.000000 2100.484619 0.000000 0.951095 0.000000 0.308898 0.339211 0.339211 0.339211
1682.017090 0.000000 2113.706543 0.000000 0.000742 0.000000 1.000000 0.294168 0.294168 0.294168
1672.096313 0.000000 2092.106934 0.000000 0.991941 0.000000 0.126704 0.390294 0.390294 0.390294
1665.541504 0.000000 2111.085938 0.000000 0.833321 0.000000 0.552790 0.329070 0.329070 0.329070
1673.625610 0.000000 2100.146729 0.000000 0.372936 0.000000 0.927857 0.286053 0.286053 0.286053
1671.352905 0.000000 2102.623291 0.000000 0.999233 0.000000 0.039171 0.376526 0.376526 0.376526
1671.773682 0.000000 2090.468750 0.000000 0.504261 0.000000 0.863551 0.320376 0.320376 0.320376
1666.930908 0.000000 2121.396484 0.000000 0.538366 0.000000 0.842711 0.323430 0.323430 0.323430
1667.098755 0.000000 2108.045898 0.000000 0.628712 0.000000 0.777638 0.334387 0.334387 0.334387
1669.125366 0.000000 2102.653076 0.000000 0.977680 0.000000 0.210098 0.371043 0.371043 0.371043
1683.123779 0.000000 2112.611084 0.000000 0.324105 0.000000 0.946021 0.316366 0.316366 0.316366
1664.975952 0.000000 2090.442139 0.000000 0.966215 0.000000 0.257737 0.382103 0.382103 0.382103
1669.528809 0.000000 2119.260010 0.000000 0.779044 0.000000 0.626970 0.348231 0.348231 0.348231
1677.933594 0.000000 2095.790771 0.000000 0.818056 0.000000 0.575138 0.347149 0.347149 0.347149
1664.951294 0.000000 2104.156982 0.000000 0.998428 0.000000 0.056041 0.395717 0.395717 0.395717
1667.273560 0.000000 2114.755127 0.000000 0.156521 0.000000 0.987675 0.299418 0.299418 0.299418
1690.265869 0.000000 2094.679932 0.000000 0.922813 0.000000 0.385249 0.369788 0.369788 0.369788
1667.585327 0.000000 2109.515137 0.000000 0.391110 0.000000 0.920344 0.313908 0.313908 0.313908
1669.906494 0.000000 2116.510498 0.000000 0.859627 0.000000 0.510922 0.359033 0.359033 0.359033
1665.465698 0.000000 2094.481201 0.000000 0.214302 0.000000 0.976767 0.296499 0.296499 0.296499
1673.044312 0.000000 2093.123291 0.000000 0.993216 0.000000 0.116280 0.391097 0.391097 0.391097
1769.206665 0.000000 2098.465576 0.000000 0.971070 0.000000 0.238796 0.222924 0.222924 0.222924
1756.282104 0.000000 2126.817871 0.000000 0.974499 0.000000 0.224392 0.382710 0.382710 0.382710
1773.059937 0.000000 2132.313721 0.000000 0.803573 0.000000 0.595206 0.352605 0.352605 0.352605
1791.097656 0.000000 2129.311035 0.000000 0.287313 0.000000 0.957837 0.306735 0.306735 0.306735
1766.720825 0.000000 2136.656494 0.000000 0.988180 0.000000 0.153296 0.198540 0.198540 0.198540
1764.590088 0.000000 2099.928467 0.000000 0.653726 0.000000 0.756731 0.315075 0.315075 0.315075
1770.064331 0.000000 2141.245605 0.000000 0.884892 0.000000 0.465796 0.362984 0.362984 0.362984
1789.935669 0.000000 2119.951904 0.000000 0.467629 0.000000 0.883925 0.194723 0.194723 0.194723
1790.018555 0.000000 2115.816895 0.000000 0.809872 0.000000 0.586607 0.211531 0.211531 0.211531
1766.192993 0.000000 2095.628662 0.000000 0.610826 0.000000 0.791765 0.247745 0.247745 0.247745
1783.010986 0.000000 2144.874756 0.000000 0.266056 0.000000 0.963958 0.306422 0.306422 0.306422
1773.456909 0.000000 2094.135498 0.000000 0.397281 0.000000 0.917697 0.313878 0.313878 0.313878
1784.579102 0.000000 2139.084229 0.000000 0.980837 0.000000 0.194828 0.234337 0.234337 0.234337
1766.643433 0.000000 2141.624023 0.000000 0.482498 0.000000 0.875897 0.295525 0.295525 0.295525
1754.132568 0.000000 2124.373779 0.000000 0.987226 0.000000 0.159325 0.387776 0.387776 0.387776
1757.260010 0.000000 2124.191162 0.000000 0.791675 0.000000 0.610943 0.349790 0.349790 0.349790
1764.193237 0.000000 2097.380859 0.000000 0.992903 0.000000 0.118924 0.391578 0.391578 0.391578
1775.681152 0.000000 2092.823730 0.000000 0.836462 0.000000 0.548026 0.351669 0.351669 0.351669
1766.658447 0.000000 2098.142822 0.000000 0.999586 0.000000 0.028780 0.299385 0.299385 0.299385
1754.516602 0.000000 2128.700684 0.000000 0.439291 0.000000 0.898345 0.286838 0.286838 0.286838
1780.503296 0.000000 2144.339355 0.000000 0.861025 0.000000 0.508562 0.247706 0.247706 0.247706
1768.628784 0.000000 2096.062256 0.000000 0.104758 0.000000 0.994498 0.288018 0.288018 0.288018
1772.263306 0.000000 2140.096924 0.000000 0.277942 0.000000 0.960598 0.301517 0.301517 0.301517
1783.341309 0.000000 2141.213867 0.000000 0.998212 0.000000 0.059778 0.395431 0.395431 0.395431
1761.958618 0.000000 2130.150879 0.000000 0.999040 0.000000 0.043807 0.396959 0.396959 0.396959
1768.273193 0.000000 2140.137451 0.000000 0.125957 0.000000 0.992036 0.289648 0.289648 0.289648
1768.552612 0.000000 2142.772949 0.000000 0.050728 0.000000 0.998713 0.283877 0.283877 0.283877
1775.569580 0.000000 2090.025146 0.000000 0.620208 0.000000 0.784437 0.327648 0.327648 0.327648
1784.590820 0.000000 2143.832520 0.000000 0.314042 0.000000 0.949409 0.315026 0.315026 0.315026
1771.631348 0.000000 2133.471680 0.000000 0.487838 0.000000 0.872934 0.322905 0.322905 0.322905
1772.378174 0.000000 2090.418213 0.000000 0.436163 0.000000 0.899868 0.314244 0.314244 0.314244
1770.243408 0.000000 2095.806885 0.000000 0.999773 0.000000 0.021327 0.398371 0.398371 0.398371
1758.635132 0.000000 2134.485107 0.000000 0.999939 0.000000 0.011013 0.374749 0.374749 0.374749
1775.482178 0.000000 2137.479980 0.000000 0.879865 0.000000 0.475223 0.352929 0.352929 0.352929
1767.286377 0.000000 2096.744141 0.000000 0.896725 0.000000 0.442588 0.370698 0.370698 0.370698
1770.936646 0.000000 2142.422119 0.000000 0.752199 0.000000 0.658936 0.345042 0.345042 0.345042
1773.060913 0.000000 2138.864746 0.000000 0.835833 0.000000 0.548984 0.355604 0.355604 0.355604
1757.245483 0.000000 2125.756592 0.000000 0.626942 0.000000 0.779066 0.331766 0.331766 0.331766
1768.984863 0.000000 2144.145264 0.000000 0.979643 0.000000 0.200749 0.384559 0.384559 0.384559
1765.640869 0.000000 2097.048340 0.000000 0.712838 0.000000 0.701329 0.345085 0.345085 0.345085
1772.225342 0.000000 2136.156250 0.000000 0.911831 0.000000 0.410566 0.367679 0.367679 0.367679
1754.960815 0.000000 2126.210205 0.000000 0.966126 0.000000 0.258070 0.380059 0.380059 0.380059
1773.661743 0.000000 2140.177246 0.000000 0.128171 0.000000 0.991752 0.289819 0.289819 0.289819
1757.621216 0.000000 2127.069336 0.000000 0.230427 0.000000 0.973090 0.297763 0.297763 0.297763
1581.255371 0.000000 2201.281738 0.000000 0.444099 0.000000 0.895978 0.280331 0.280331 0.280331
1575.675415 0.000000 2201.180176 0.000000 1.000000 0.000000 0.000215 0.263301 0.263301 0.263301
1587.720459 0.000000 2184.278076 0.000000 0.678054 0.000000 0.735012 0.233357 0.233357 0.233357
1570.996948 0.000000 2202.369629 0.000000 0.528811 0.000000 0.848740 0.293262 0.293262 0.293262
1582.444580 0.000000 2197.768555 0.000000 0.972346 0.000000 0.233545 0.381992 0.381992 0.381992
1584.763550 0.000000 2186.212646 0.000000 0.425996 0.000000 0.904725 0.320111 0.320111 0.320111
1585.605835 0.000000 2199.260010 0.000000 0.167967 0.000000 0.985793 0.292893 0.292893 0.292893
1596.341309 0.000000 2199.573975 0.000000 0.026040 0.000000 0.999661 0.293174 0.293174 0.293174
1582.584106 0.000000 2195.186768 0.000000 0.886934 0.000000 0.461897 0.368475 0.368475 0.368475
1573.505493 0.000000 2202.093994 0.000000 0.903265 0.000000 0.429084 0.366121 0.366121 0.366121
1598.298462 0.000000 2195.876953 0.000000 0.994901 0.000000 0.100860 0.388180 0.388180 0.388180
1584.587158 0.000000 2197.332275 0.000000 0.998601 0.000000 0.052871 0.395959 0.395959 0.395959
1582.877930 0.000000 2199.829834 0.000000 0.209501 0.000000 0.977809 0.296124 0.296124 0.296124
1579.936890 0.000000 2202.833740 0.000000 0.964200 0.000000 0.265177 0.379497 0.379497 0.379497
1597.048584 0.000000 2185.671631 0.000000 0.999799 0.000000 0.020026 0.398470 0.398470 0.398470
1577.461914 0.000000 2202.005859 0.000000 0.932336 0.000000 0.361594 0.371736 0.371736 0.371736
1584.736572 0.000000 2193.093018 0.000000 0.597756 0.000000 0.801678 0.328946 0.328946 0.328946
1595.122925 0.000000 2185.832520 0.000000 0.504502 0.000000 0.863411 0.300354 0.300354 0.300354
1587.333496 0.000000 2190.813965 0.000000 0.956698 0.000000 0.291081 0.378100 0.378100 0.378100
1599.198608 0.000000 2181.426270 0.000000 0.822133 0.000000 0.569295 0.359629 0.359629 0.359629
1598.039429 0.000000 2186.866455 0.000000 0.333604 0.000000 0.942713 0.317044 0.317044 0.317044
1586.837158 0.000000 2188.082520 0.000000 0.909161 0.000000 0.416444 0.367186 0.367186 0.367186
1596.833740 0.000000 2196.134521 0.000000 0.257541 0.000000 0.966267 0.299899 0.299899 0.299899
1578.991455 0.000000 2201.785156 0.000000 0.100503 0.000000 0.994937 0.287691 0.287691 0.287691
1584.909302 0.000000 2189.453369 0.000000 0.486710 0.000000 0.873564 0.318833 0.318833 0.318833
1607.674683 0.000000 2170.352295 0.000000 0.725514 0.000000 0.688207 0.194789 0.194789 0.194789
1620.950073 0.000000 2155.575439 0.000000 0.559837 0.000000 0.828603 0.192564 0.192564 0.192564
1654.803467 0.000000 2148.472412 0.000000 0.547161 0.000000 0.837028 0.190591 0.190591 0.190591
1619.921631 0.000000 2170.731689 0.000000 0.558101 0.000000 0.829773 0.203299 0.203299 0.203299
1622.797119 0.000000 2147.380859 0.000000 0.840489 0.000000 0.541828 0.230178 0.230178 0.230178
1626.616821 0.000000 2152.615723 0.000000 0.869827 0.000000 0.493356 0.278432 0.278432 0.278432
1614.146729 0.000000 2168.259766 0.000000 0.498767 0.000000 0.866736 0.298571 0.298571 0.298571
1616.020752 0.000000 2190.634521 0.000000 0.999937 0.000000 0.011191 0.399170 0.399170 0.399170
1609.163696 0.000000 2185.707031 0.000000 0.156783 0.000000 0.987633 0.292027 0.292027 0.292027
1601.469238 0.000000 2200.954346 0.000000 0.529690 0.000000 0.848191 0.201046 0.201046 0.201046
1626.661499 0.000000 2167.843994 0.000000 0.816294 0.000000 0.577636 0.324046 0.324046 0.324046
1617.626343 0.000000 2151.615723 0.000000 0.722210 0.000000 0.691674 0.231692 0.231692 0.231692
1604.956909 0.000000 2192.573242 0.000000 0.308283 0.000000 0.951295 0.303941 0.303941 0.303941
1604.861816 0.000000 2174.360840 0.000000 0.685959 0.000000 0.727640 0.337748 0.337748 0.337748
1650.317383 0.000000 2149.597412 0.000000 0.928134 0.000000 0.372246 0.370861 0.370861 0.370861
1631.949707 0.000000 2180.662354 0.000000 0.928703 0.000000 0.370824 0.215756 0.215756 0.215756
1609.424194 0.000000 2174.280029 0.000000 0.087454 0.000000 0.996169 0.211769 0.211769 0.211769
1609.597778 0.000000 2196.281738 0.000000 0.901678 0.000000 0.432408 0.212816 0.212816 0.212816
1617.114990 0.000000 2200.966064 0.000000 0.124697 0.000000 0.992195 0.200152 0.200152 0.200152
1638.192993 0.000000 2152.113037 0.000000 0.999961 0.000000 0.008838 0.310065 0.310065 0.310065
1600.073120 0.000000 2184.967773 0.000000 0.907816 0.000000 0.419368 0.295694 0.295694 0.295694
1610.276367 0.000000 2167.013672 0.000000 0.972429 0.000000 0.233200 0.212282 0.212282 0.212282
1634.040283 0.000000 2164.711182 0.000000 0.848486 0.000000 0.529217 0.357397 0.357397 0.357397
1633.456543 0.000000 2160.331055 0.000000 0.824195 0.000000 0.566306 0.359871 0.359871 0.359871
1617.216431 0.000000 2186.287598 0.000000 0.044544 0.000000 0.999007 0.208735 0.208735 0.208735
1616.310547 0.000000 2171.200928 0.000000 0.164175 0.000000 0.986431 0.242273 0.242273 0.242273
1609.807983 0.000000 2182.111816 0.000000 0.062264 0.000000 0.998060 0.284760 0.284760 0.284760
1628.682983 0.000000 2159.840088 0.000000 0.892956 0.000000 0.450144 0.252099 0.252099 0.252099
1617.983643 0.000000 2167.774414 0.000000 0.083788 0.000000 0.996484 0.286408 0.286408 0.286408
1624.763672 0.000000 2177.137451 0.000000 0.926496 0.000000 0.376304 0.366819 0.366819 0.366819
1639.553711 0.000000 2163.608643 0.000000 0.768792 0.000000 0.639499 0.352017 0.352017 0.352017
1624.358154 0.000000 2154.917236 0.000000 0.416213 0.000000 0.909267 0.312794 0.312794 0.312794
1631.085693 0.000000 2154.035156 0.000000 0.997678 0.000000 0.068111 0.273942 0.273942 0.273942
1612.396729 0.000000 2158.914062 0.000000 0.822091 0.000000 0.569356 0.274858 0.274858 0.274858
1617.653076 0.000000 2154.875732 0.000000 0.855675 0.000000 0.517513 0.364828 0.364828 0.364828
1618.867188 0.000000 2189.370117 0.000000 0.330721 0.000000 0.943729 0.295718 0.295718 0.295718
1639.443970 0.000000 2157.695557 0.000000 0.762779 0.000000 0.646659 0.236591 0.236591 0.236591
1652.340698 0.000000 2146.742432 0.000000 0.559504 0.000000 0.828827 0.325606 0.325606 0.325606
1630.841187 0.000000 2178.038330 0.000000 0.745011 0.000000 0.667053 0.230393 0.230393 0.230393
1616.764038 0.000000 2162.358154 0.000000 0.752211 0.000000 0.658923 0.345043 0.345043 0.345043
1611.443359 0.000000 2176.393311 0.000000 0.764593 0.000000 0.644513 0.225150 0.225150 0.225150
1624.982788 0.000000 2150.280029 0.000000 0.993467 0.000000 0.114119 0.306487 0.306487 0.306487
1615.212769 0.000000 2158.859619 0.000000 0.283625 0.000000 0.958935 0.309537 0.309537 0.309537
1607.290405 0.000000 2181.078613 0.000000 0.690059 0.000000 0.723753 0.279464 0.279464 0.279464
1607.173218 0.000000 2175.613037 0.000000 0.998896 0.000000 0.046987 0.396902 0.396902 0.396902
1619.875488 0.000000 2161.854980 0.000000 0.422426 0.000000 0.906398 0.250753 0.250753 0.250753
1623.654907 0.000000 2180.061768 0.000000 0.039415 0.000000 0.999223 0.226912 0.226912 0.226912
1602.786255 0.000000 2181.306885 0.000000 0.740066 0.000000 0.672535 0.310657 0.310657 0.310657
1619.150757 0.000000 2180.167725 0.000000 0.153733 0.000000 0.988112 0.251330 0.251330 0.251330
1617.307007 0.000000 2157.352051 0.000000 0.342091 0.000000 0.939667 0.285388 0.285388 0.285388
1635.024292 0.000000 2166.978271 0.000000 0.922398 0.000000 0.386240 0.369706 0.369706 0.369706
1624.755737 0.000000 2165.755371 0.000000 0.994797 0.000000 0.101880 0.389195 0.389195 0.389195
1640.628784 0.000000 2152.546631 0.000000 0.322097 0.000000 0.946707 0.319947 0.319947 0.319947
1631.885010 0.000000 2165.596436 0.000000 0.086317 0.000000 0.996268 0.287806 0.287806 0.287806
1634.304321 0.000000 2162.506104 0.000000 0.296435 0.000000 0.955053 0.302991 0.302991 0.302991
1618.130249 0.000000 2191.499512 0.000000 0.123243 0.000000 0.992377 0.299055 0.299055 0.299055
1600.164185 0.000000 2202.745361 0.000000 0.961947 0.000000 0.273235 0.379618 0.379618 0.379618
1601.729858 0.000000 2178.998535 0.000000 0.003965 0.000000 0.999992 0.281041 0.281041 0.281041
1629.291748 0.000000 2157.697266 0.000000 0.677957 0.000000 0.735101 0.336912 0.336912 0.336912
1624.196777 0.000000 2152.674316 0.000000 0.613447 0.000000 0.789736 0.288586 0.288586 0.288586
1616.326904 0.000000 2169.073242 0.000000 0.601440 0.000000 0.798918 0.329297 0.329297 0.329297
1620.672607 0.000000 2165.963623 0.000000 0.195915 0.000000 0.980621 0.296888 0.296888 0.296888
1645.664185 0.000000 2153.401855 0.000000 0.040361 0.000000 0.999185 0.283084 0.283084 0.283084
1602.422852 0.000000 2174.805908 0.000000 0.579640 0.000000 0.814873 0.327234 0.327234 0.327234
1626.413818 0.000000 2154.677734 0.000000 0.999761 0.000000 0.021843 0.398331 0.398331 0.398331
1615.150513 0.000000 2200.017334 0.000000 0.442097 0.000000 0.896967 0.321973 0.321973 0.321973
1605.887573 0.000000 2177.234863 0.000000 0.838860 0.000000 0.544348 0.356027 0.356027 0.356027
1611.631714 0.000000 2162.922607 0.000000 0.999987 0.000000 0.005126 0.347108 0.347108 0.347108
1615.288574 0.000000 2160.944336 0.000000 0.407119 0.000000 0.913375 0.322899 0.322899 0.322899
1622.346924 0.000000 2169.049805 0.000000 0.320011 0.000000 0.947414 0.311101 0.311101 0.311101
1606.067017 0.000000 2179.541748 0.000000 0.976501 0.000000 0.215513 0.377942 0.377942 0.377942
1604.837402 0.000000 2194.645996 0.000000 0.772199 0.000000 0.635381 0.354106 0.354106 0.354106
1632.410645 0.000000 2163.775879 0.000000 0.545941 0.000000 0.837824 0.324119 0.324119 0.324119
1631.909790 0.000000 2161.373779 0.000000 0.858465 0.000000 0.512871 0.338678 0.338678 0.338678
1609.040405 0.000000 2187.930908 0.000000 0.820556 0.000000 0.571566 0.353521 0.353521 0.353521
1643.042236 0.000000 2155.277100 0.000000 0.383522 0.000000 0.923532 0.310069 0.310069 0.310069
1636.762085 0.000000 2167.911377 0.000000 0.998734 0.000000 0.050305 0.396155 0.396155 0.396155
1609.975220 0.000000 2183.918213 0.000000 0.634253 0.000000 0.773125 0.332486 0.332486 0.332486
1624.548584 0.000000 2148.463135 0.000000 0.558563 0.000000 0.829462 0.322690 0.322690 0.322690
1624.050781 0.000000 2164.119141 0.000000 0.767054 0.000000 0.641582 0.352359 0.352359 0.352359
1617.241333 0.000000 2164.037598 0.000000 0.988273 0.000000 0.152695 0.388710 0.388710 0.388710
1627.568481 0.000000 2179.813721 0.000000 0.778300 0.000000 0.627893 0.348140 0.348140 0.348140
1627.789307 0.000000 2181.585938 0.000000 0.866354 0.000000 0.499430 0.365011 0.365011 0.365011
1627.871582 0.000000 2166.473633 0.000000 0.483832 0.000000 0.875161 0.302935 0.302935 0.302935
1601.866943 0.000000 2202.609375 0.000000 0.371662 0.000000 0.928368 0.312359 0.312359 0.312359
1618.442993 0.000000 2162.785400 0.000000 0.415882 0.000000 0.909419 0.313622 0.313622 0.313622
1626.746094 0.000000 2146.433350 0.000000 0.640737 0.000000 0.767761 0.341281 0.341281 0.341281
1602.930908 0.000000 2177.880859 0.000000 0.988352 0.000000 0.152182 0.388329 0.388329 0.388329
1637.219971 0.000000 2169.985596 0.000000 0.987962 0.000000 0.154699 0.388134 0.388134 0.388134
1617.197510 0.000000 2153.199463 0.000000 0.879731 0.000000 0.475472 0.352913 0.352913 0.352913
1600.129395 0.000000 2178.450928 0.000000 0.220448 0.000000 0.975399 0.291527 0.291527 0.291527
1606.216797 0.000000 2193.638184 0.000000 0.437595 0.000000 0.899172 0.318508 0.318508 0.318508
1623.874878 0.000000 2178.481934 0.000000 0.991339 0.000000 0.131326 0.389938 0.389938 0.389938
1619.159302 0.000000 2166.625732 0.000000 0.999978 0.000000 0.006582 0.399505 0.399505 0.399505
1642.243408 0.000000 2152.291260 0.000000 0.851379 0.000000 0.524552 0.362089 0.362089 0.362089
1626.510254 0.000000 2177.199463 0.000000 0.348029 0.000000 0.937484 0.306447 0.306447 0.306447
1641.913086 0.000000 2163.801025 0.000000 0.970342 0.000000 0.241738 0.383847 0.383847 0.383847
1605.528809 0.000000 2175.744385 0.000000 0.997157 0.000000 0.075346 0.394239 0.394239 0.394239
1629.201782 0.000000 2179.072754 0.000000 0.105462 0.000000 0.994423 0.288072 0.288072 0.288072
1617.973755 0.000000 2161.327637 0.000000 0.779438 0.000000 0.626480 0.342640 0.342640 0.342640
1608.825562 0.000000 2180.915283 0.000000 0.052834 0.000000 0.998603 0.288965 0.288965 0.288965
1607.681641 0.000000 2185.324219 0.000000 0.166203 0.000000 0.986091 0.294859 0.294859 0.294859
1629.555054 0.000000 2154.379395 0.000000 0.212833 0.000000 0.977089 0.312299 0.312299 0.312299
1608.168701 0.000000 2182.181885 0.000000 0.866633 0.000000 0.498946 0.360093 0.360093 0.360093
1627.986084 0.000000 2157.164307 0.000000 0.989455 0.000000 0.144843 0.388896 0.388896 0.388896
1632.928833 0.000000 2162.397461 0.000000 0.820215 0.000000 0.572056 0.353475 0.353475 0.353475
1600.022583 0.000000 2182.113037 0.000000 0.911080 0.000000 0.412229 0.367540 0.367540 0.367540
1609.015747 0.000000 2178.388184 0.000000 0.906231 0.000000 0.422783 0.366653 0.366653 0.366653
1618.267090 0.000000 2178.930420 0.000000 0.998654 0.000000 0.051869 0.396036 0.396036 0.396036
1581.901245 0.000000 2203.844971 0.000000 0.691554 0.000000 0.722325 0.293305 0.293305 0.293305
1574.270874 0.000000 2204.297607 0.000000 0.334965 0.000000 0.942231 0.317755 0.317755 0.317755
1599.290771 0.000000 2203.295654 0.000000 0.855670 0.000000 0.517523 0.358445 0.358445 0.358445
1578.133911 0.000000 2207.028076 0.000000 0.975470 0.000000 0.220132 0.333168 0.333168 0.333168
1570.139526 0.000000 2204.616943 0.000000 0.485894 0.000000 0.874018 0.326931 0.326931 0.326931
1579.597290 0.000000 2204.915039 0.000000 0.988101 0.000000 0.153806 0.390054 0.390054 0.390054
1572.142212 0.000000 2202.985840 0.000000 0.925572 0.000000 0.378573 0.370340 0.370340 0.370340
1597.061157 0.000000 2203.447021 0.000000 0.018139 0.000000 0.999835 0.257100 0.257100 0.257100
1575.709595 0.000000 2202.892822 0.000000 0.388381 0.000000 0.921499 0.310472 0.310472 0.310472
1572.465698 0.000000 2204.676514 0.000000 0.527589 0.000000 0.849500 0.322457 0.322457 0.322457
1575.698120 0.000000 2204.848877 0.000000 0.963303 0.000000 0.268417 0.381818 0.381818 0.381818
1573.877441 0.000000 2202.944580 0.000000 0.973916 0.000000 0.226909 0.382513 0.382513 0.382513
1603.834473 0.000000 2202.893066 0.000000 0.591831 0.000000 0.806062 0.197216 0.197216 0.197216
1609.437988 0.000000 2203.708252 0.000000 0.970723 0.000000 0.240203 0.316721 0.316721 0.316721
1613.333862 0.000000 2207.219971 0.000000 0.351740 0.000000 0.936098 0.246411 0.246411 0.246411
1612.406494 0.000000 2203.838867 0.000000 0.400559 0.000000 0.916271 0.243696 0.243696 0.243696
1606.297607 0.000000 2204.238770 0.000000 0.491739 0.000000 0.870743 0.332059 0.332059 0.332059
1614.121460 0.000000 2204.909180 0.000000 0.936739 0.000000 0.350028 0.307288 0.307288 0.307288
1608.096313 0.000000 2205.075684 0.000000 0.659268 0.000000 0.751908 0.334992 0.334992 0.334992
1612.231934 0.000000 2205.727051 0.000000 0.682180 0.000000 0.731184 0.331382 0.331382 0.331382
1610.685181 0.000000 2204.854004 0.000000 0.436339 0.000000 0.899782 0.314494 0.314494 0.314494
1606.675903 0.000000 2205.775635 0.000000 0.803859 0.000000 0.594820 0.358596 0.358596 0.358596
1600.975952 0.000000 2203.410889 0.000000 0.313199 0.000000 0.949688 0.307775 0.307775 0.307775
1780.600708 0.000000 2169.620117 0.000000 0.902970 0.000000 0.429704 0.308967 0.308967 0.308967
1782.803467 0.000000 2148.472412 0.000000 0.051313 0.000000 0.998683 0.281647 0.281647 0.281647
1766.270874 0.000000 2147.813232 0.000000 0.680784 0.000000 0.732485 0.337207 0.337207 0.337207
1785.426636 0.000000 2163.805176 0.000000 0.902985 0.000000 0.429671 0.297267 0.297267 0.297267
1775.365356 0.000000 2177.209961 0.000000 0.349590 0.000000 0.936903 0.216895 0.216895 0.216895
1782.117310 0.000000 2153.427734 0.000000 0.594777 0.000000 0.803891 0.337288 0.337288 0.337288
1764.590088 0.000000 2156.412842 0.000000 0.932166 0.000000 0.362032 0.371700 0.371700 0.371700
1779.521606 0.000000 2174.415039 0.000000 0.302981 0.000000 0.952997 0.303516 0.303516 0.303516
1786.875244 0.000000 2146.560791 0.000000 0.668204 0.000000 0.743978 0.250373 0.250373 0.250373
1781.757935 0.000000 2165.770996 0.000000 0.666418 0.000000 0.745578 0.325476 0.325476 0.325476
1785.786499 0.000000 2150.931152 0.000000 0.873807 0.000000 0.486273 0.361205 0.361205 0.361205
1777.158813 0.000000 2181.034668 0.000000 0.404732 0.000000 0.914435 0.326239 0.326239 0.326239
1776.887695 0.000000 2171.281738 0.000000 0.203088 0.000000 0.979160 0.283213 0.283213 0.283213
1776.446289 0.000000 2157.237061 0.000000 0.938465 0.000000 0.345375 0.307471 0.307471 0.307471
1779.006592 0.000000 2154.851318 0.000000 0.542326 0.000000 0.840168 0.300072 0.300072 0.300072
1787.669312 0.000000 2166.111084 0.000000 0.884282 0.000000 0.466953 0.362884 0.362884 0.362884
1786.815186 0.000000 2153.975342 0.000000 0.463253 0.000000 0.886226 0.316796 0.316796 0.316796
1767.443970 0.000000 2157.695557 0.000000 0.255054 0.000000 0.966927 0.299702 0.299702 0.299702
1778.335327 0.000000 2167.299316 0.000000 0.240224 0.000000 0.970717 0.307534 0.307534 0.307534
1778.278564 0.000000 2177.115234 0.000000 0.214165 0.000000 0.976798 0.296489 0.296489 0.296489
1784.270874 0.000000 2166.916016 0.000000 0.660454 0.000000 0.750866 0.335113 0.335113 0.335113
1763.895264 0.000000 2158.919922 0.000000 0.267936 0.000000 0.963437 0.311104 0.311104 0.311104
1779.409058 0.000000 2171.892578 0.000000 0.035526 0.000000 0.999369 0.298005 0.298005 0.298005
1766.658447 0.000000 2154.627197 0.000000 0.251264 0.000000 0.967919 0.299403 0.299403 0.299403
1784.357544 0.000000 2154.753174 0.000000 0.969309 0.000000 0.245847 0.241989 0.241989 0.241989
1782.928345 0.000000 2163.291260 0.000000 0.707483 0.000000 0.706731 0.273210 0.273210 0.273210
1767.590698 0.000000 2150.021484 0.000000 0.195394 0.000000 0.980725 0.295024 0.295024 0.295024
1774.630737 0.000000 2170.182861 0.000000 0.610111 0.000000 0.792316 0.245964 0.245964 0.245964
1791.940552 0.000000 2165.855713 0.000000 0.802506 0.000000 0.596644 0.249332 0.249332 0.249332
1784.373535 0.000000 2146.544678 0.000000 0.974432 0.000000 0.224684 0.379427 0.379427 0.379427
1768.628784 0.000000 2152.546631 0.000000 0.983338 0.000000 0.181784 0.257163 0.257163 0.257163
1785.682983 0.000000 2148.562012 0.000000 0.876685 0.000000 0.481066 0.361660 0.361660 0.361660
1776.749756 0.000000 2169.013916 0.000000 0.619448 0.000000 0.785037 0.331034 0.331034 0.331034
1780.127808 0.000000 2164.288818 0.000000 0.469265 0.000000 0.883057 0.312799 0.312799 0.312799
1782.374756 0.000000 2177.956055 0.000000 0.982858 0.000000 0.184366 0.386113 0.386113 0.386113
1778.491943 0.000000 2170.046631 0.000000 0.516050 0.000000 0.856559 0.328339 0.328339 0.328339
1788.870728 0.000000 2153.798828 0.000000 0.998944 0.000000 0.045955 0.396488 0.396488 0.396488
1782.278564 0.000000 2146.438232 0.000000 0.259370 0.000000 0.965778 0.307557 0.307557 0.307557
1787.533813 0.000000 2151.980957 0.000000 0.455016 0.000000 0.890483 0.316088 0.316088 0.316088
1780.201538 0.000000 2153.354248 0.000000 0.973640 0.000000 0.228092 0.298370 0.298370 0.298370
1780.288452 0.000000 2167.236328 0.000000 0.035519 0.000000 0.999369 0.294074 0.294074 0.294074
1783.776123 0.000000 2174.131104 0.000000 0.486614 0.000000 0.873617 0.318824 0.318824 0.318824
1785.788940 0.000000 2165.768066 0.000000 0.800383 0.000000 0.599489 0.350889 0.350889 0.350889
1787.459473 0.000000 2155.766357 0.000000 0.189742 0.000000 0.981834 0.300029 0.300029 0.300029
1789.495117 0.000000 2165.566406 0.000000 0.999716 0.000000 0.023847 0.398482 0.398482 0.398482
1765.573853 0.000000 2157.910400 0.000000 0.391837 0.000000 0.920035 0.310758 0.310758 0.310758
1767.815552 0.000000 2155.959961 0.000000 0.318947 0.000000 0.947773 0.304799 0.304799 0.304799
1786.963013 0.000000 2164.544922 0.000000 0.957647 0.000000 0.287946 0.377687 0.377687 0.377687
1766.213745 0.000000 2156.419434 0.000000 0.938208 0.000000 0.346072 0.373004 0.373004 0.373004
1762.940674 0.000000 2156.492676 0.000000 0.321759 0.000000 0.946822 0.305026 0.305026 0.305026
1781.040649 0.000000 2175.053711 0.000000 0.870889 0.000000 0.491480 0.360749 0.360749 0.360749
1788.607178 0.000000 2164.261230 0.000000 0.706093 0.000000 0.708119 0.349909 0.349909 0.349909
1783.627441 0.000000 2177.033691 0.000000 0.023129 0.000000 0.999732 0.300552 0.300552 0.300552
1776.720703 0.000000 2176.449951 0.000000 0.379442 0.000000 0.925216 0.309732 0.309732 0.309732
1787.157593 0.000000 2148.157959 0.000000 0.980449 0.000000 0.196774 0.384869 0.384869 0.384869
1784.550049 0.000000 2168.382080 0.000000 0.983980 0.000000 0.178276 0.376047 0.376047 0.376047
1765.195312 0.000000 2154.998535 0.000000 0.998096 0.000000 0.061673 0.395286 0.395286 0.395286
1782.250977 0.000000 2174.169434 0.000000 0.601322 0.000000 0.799007 0.329286 0.329286 0.329286
1783.597168 0.000000 2153.322510 0.000000 0.937353 0.000000 0.348380 0.376103 0.376103 0.376103
1762.393921 0.000000 2159.099365 0.000000 0.304129 0.000000 0.952631 0.313688 0.313688 0.313688
1778.992432 0.000000 2175.812256 0.000000 0.503967 0.000000 0.863723 0.320350 0.320350 0.320350
1784.234741 0.000000 2148.149170 0.000000 0.999413 0.000000 0.034256 0.397382 0.397382 0.397382
1782.872070 0.000000 2166.791504 0.000000 0.346018 0.000000 0.938228 0.306992 0.306992 0.306992
1765.430054 0.000000 2150.873535 0.000000 0.248903 0.000000 0.968529 0.299217 0.299217 0.299217
1763.814331 0.000000 2157.577637 0.000000 0.788155 0.000000 0.615476 0.349351 0.349351 0.349351
1781.027100 0.000000 2177.923340 0.000000 0.409370 0.000000 0.912368 0.312220 0.312220 0.312220
1786.349854 0.000000 2152.681641 0.000000 0.857529 0.000000 0.514435 0.358720 0.358720 0.358720
1833.206665 0.000000 2041.981201 0.000000 0.974694 0.000000 0.223541 0.385141 0.385141 0.385141
1812.950073 0.000000 2042.606689 0.000000 0.864453 0.000000 0.502714 0.338368 0.338368 0.338368
1827.530884 0.000000 2084.026123 0.000000 0.062520 0.000000 0.998044 0.291976 0.291976 0.291976
1795.589233 0.000000 2045.819702 0.000000 0.141155 0.000000 0.989987 0.239495 0.239495 0.239495
1823.430420 0.000000 2044.209473 0.000000 0.709385 0.000000 0.704822 0.320386 0.320386 0.320386
1831.866577 0.000000 2075.141113 0.000000 0.153056 0.000000 0.988218 0.302393 0.302393 0.302393
1837.901245 0.000000 2034.391968 0.000000 0.623056 0.000000 0.782178 0.333180 0.333180 0.333180
1801.453857 0.000000 2039.756836 0.000000 0.020223 0.000000 0.999795 0.261544 0.261544 0.261544
1792.315308 0.000000 2059.863037 0.000000 0.590028 0.000000 0.807383 0.331966 0.331966 0.331966
1806.124634 0.000000 2062.446289 0.000000 0.275253 0.000000 0.961372 0.279093 0.279093 0.279093
1830.465210 0.000000 2058.535156 0.000000 0.681821 0.000000 0.731519 0.342436 0.342436 0.342436
1828.050049 0.000000 2069.727051 0.000000 0.794619 0.000000 0.607109 0.234655 0.234655 0.234655
1805.066528 0.000000 2086.653809 0.000000 0.833468 0.000000 0.552567 0.194592 0.194592 0.194592
1808.020752 0.000000 2077.665771 0.000000 0.144644 0.000000 0.989484 0.187187 0.187187 0.187187
1841.916626 0.000000 2051.227539 0.000000 0.229337 0.000000 0.973347 0.314183 0.314183 0.314183
1823.273193 0.000000 2088.313965 0.000000 0.990192 0.000000 0.139711 0.198705 0.198705 0.198705
1793.469238 0.000000 2087.985596 0.000000 0.673309 0.000000 0.739361 0.222096 0.222096 0.222096
1837.059937 0.000000 2075.829346 0.000000 0.982291 0.000000 0.187361 0.308216 0.308216 0.308216
1855.097656 0.000000 2072.826660 0.000000 0.303397 0.000000 0.952864 0.189126 0.189126 0.189126
1838.917847 0.000000 2054.752197 0.000000 0.293702 0.000000 0.955897 0.257734 0.257734 0.257734
1833.606079 0.000000 2070.918945 0.000000 0.918848 0.000000 0.394611 0.239134 0.239134 0.239134
1815.538208 0.000000 2069.724365 0.000000 0.938134 0.000000 0.346273 0.375018 0.375018 0.375018
1834.133911 0.000000 2037.574829 0.000000 0.359295 0.000000 0.933224 0.254435 0.254435 0.254435
1797.568970 0.000000 2037.455322 0.000000 0.787489 0.000000 0.616329 0.201148 0.201148 0.201148
1801.424194 0.000000 2061.311279 0.000000 0.987596 0.000000 0.157019 0.208862 0.208862 0.208862
1801.597778 0.000000 2083.312988 0.000000 0.356122 0.000000 0.934439 0.284606 0.284606 0.284606
1809.114990 0.000000 2087.997314 0.000000 0.673348 0.000000 0.739326 0.339966 0.339966 0.339966
1814.003418 0.000000 2047.139893 0.000000 0.378537 0.000000 0.925586 0.198166 0.198166 0.198166
1793.602173 0.000000 2063.810791 0.000000 0.761450 0.000000 0.648224 0.220246 0.220246 0.220246
1792.110718 0.000000 2043.802002 0.000000 0.969974 0.000000 0.243208 0.221791 0.221791 0.221791
1828.219849 0.000000 2073.594971 0.000000 0.976136 0.000000 0.217160 0.383277 0.383277 0.383277
1809.216431 0.000000 2073.318848 0.000000 0.998968 0.000000 0.045427 0.305505 0.305505 0.305505
1851.742432 0.000000 2071.114502 0.000000 0.827477 0.000000 0.561500 0.359068 0.359068 0.359068
1807.712891 0.000000 2052.051758 0.000000 0.893073 0.000000 0.449912 0.269027 0.269027 0.269027
1816.763672 0.000000 2064.168701 0.000000 0.186201 0.000000 0.982512 0.298453 0.298453 0.298453
1846.496216 0.000000 2062.746338 0.000000 0.089603 0.000000 0.995978 0.237503 0.237503 0.237503
1823.085693 0.000000 2041.066406 0.000000 0.646353 0.000000 0.763039 0.241637 0.241637 0.241637
1804.396729 0.000000 2045.945312 0.000000 0.821061 0.000000 0.570840 0.258669 0.258669 0.258669
1836.084717 0.000000 2064.181396 0.000000 0.744516 0.000000 0.667604 0.232280 0.232280 0.232280
1815.871582 0.000000 2072.918457 0.000000 0.781861 0.000000 0.623453 0.245746 0.245746 0.245746
1804.424805 0.000000 2051.857178 0.000000 0.971493 0.000000 0.237069 0.381715 0.381715 0.381715
1830.737793 0.000000 2071.915283 0.000000 0.880605 0.000000 0.473852 0.287831 0.287831 0.287831
1798.656738 0.000000 2082.255371 0.000000 0.999606 0.000000 0.028086 0.397854 0.397854 0.397854
1805.152710 0.000000 2078.668457 0.000000 0.461912 0.000000 0.886926 0.321266 0.321266 0.321266
1794.892212 0.000000 2071.638672 0.000000 0.993955 0.000000 0.109786 0.235741 0.235741 0.235741
1803.443359 0.000000 2063.424561 0.000000 0.049105 0.000000 0.998794 0.298818 0.298818 0.298818
1802.423096 0.000000 2057.185059 0.000000 0.421109 0.000000 0.907010 0.307248 0.307248 0.307248
1851.206421 0.000000 2063.418213 0.000000 0.095666 0.000000 0.995413 0.287320 0.287320 0.287320
1814.908936 0.000000 2044.437378 0.000000 0.939949 0.000000 0.341315 0.297546 0.297546 0.297546
1811.100220 0.000000 2086.184326 0.000000 0.996808 0.000000 0.079832 0.261559 0.261559 0.261559
1812.109741 0.000000 2045.127197 0.000000 0.878179 0.000000 0.478332 0.312573 0.312573 0.312573
1854.888184 0.000000 2070.062500 0.000000 0.976983 0.000000 0.213319 0.285141 0.285141 0.285141
1813.175049 0.000000 2068.655518 0.000000 0.920750 0.000000 0.390153 0.297771 0.297771 0.297771
1796.256348 0.000000 2088.953125 0.000000 0.691011 0.000000 0.722844 0.243820 0.243820 0.243820
1806.452148 0.000000 2089.032227 0.000000 0.113606 0.000000 0.993526 0.300092 0.300092 0.300092
1837.601929 0.000000 2073.362549 0.000000 0.214131 0.000000 0.976805 0.308326 0.308326 0.308326
1837.452271 0.000000 2062.007324 0.000000 0.866879 0.000000 0.498518 0.345035 0.345035 0.345035
1819.115234 0.000000 2062.721191 0.000000 0.100590 0.000000 0.994928 0.296506 0.296506 0.296506
1799.626831 0.000000 2079.787842 0.000000 0.049349 0.000000 0.998782 0.224152 0.224152 0.224152
1794.873169 0.000000 2059.727783 0.000000 0.091335 0.000000 0.995820 0.252909 0.252909 0.252909
1838.630737 0.000000 2057.214111 0.000000 0.788661 0.000000 0.614828 0.247882 0.247882 0.247882
1831.437012 0.000000 2060.819336 0.000000 0.456216 0.000000 0.889869 0.261397 0.261397 0.261397
1800.000732 0.000000 2037.498779 0.000000 0.661582 0.000000 0.749872 0.268702 0.268702 0.268702
1824.506104 0.000000 2078.095215 0.000000 0.955471 0.000000 0.295085 0.377864 0.377864 0.377864
1826.794434 0.000000 2071.697021 0.000000 0.998905 0.000000 0.046783 0.313200 0.313200 0.313200
1807.784668 0.000000 2075.260254 0.000000 0.818962 0.000000 0.573848 0.286859 0.286859 0.286859
1802.112183 0.000000 2051.591309 0.000000 0.818429 0.000000 0.574607 0.344565 0.344565 0.344565
1799.561523 0.000000 2084.411377 0.000000 0.996601 0.000000 0.082383 0.337074 0.337074 0.337074
1805.897339 0.000000 2076.545410 0.000000 0.969368 0.000000 0.245614 0.354643 0.354643 0.354643
1846.374756 0.000000 2064.987305 0.000000 0.630691 0.000000 0.776034 0.285265 0.285265 0.285265
1811.258667 0.000000 2072.331055 0.000000 0.653953 0.000000 0.756536 0.334454 0.334454 0.334454
1821.291748 0.000000 2044.728516 0.000000 0.302684 0.000000 0.953091 0.248959 0.248959 0.248959
1832.507935 0.000000 2057.859863 0.000000 0.672203 0.000000 0.740366 0.323495 0.323495 0.323495
1799.299561 0.000000 2074.175537 0.000000 0.536101 0.000000 0.844154 0.276296 0.276296 0.276296
1794.422852 0.000000 2061.837158 0.000000 0.593206 0.000000 0.805051 0.269492 0.269492 0.269492
1816.739258 0.000000 2062.006592 0.000000 0.786545 0.000000 0.617533 0.280490 0.280490 0.280490
1800.816650 0.000000 2081.445801 0.000000 0.928336 0.000000 0.371741 0.370903 0.370903 0.370903
1835.705322 0.000000 2060.825195 0.000000 0.835525 0.000000 0.549453 0.347149 0.347149 0.347149
1818.051758 0.000000 2065.731689 0.000000 0.481582 0.000000 0.876401 0.314940 0.314940 0.314940
1841.047241 0.000000 2042.261963 0.000000 0.282247 0.000000 0.959342 0.270365 0.270365 0.270365
1803.577515 0.000000 2077.458740 0.000000 0.836933 0.000000 0.547306 0.321224 0.321224 0.321224
1852.870728 0.000000 2040.829956 0.000000 0.972727 0.000000 0.231953 0.294047 0.294047 0.294047
1829.990845 0.000000 2070.074951 0.000000 0.999895 0.000000 0.014509 0.398892 0.398892 0.398892
1842.464111 0.000000 2049.365967 0.000000 0.479850 0.000000 0.877350 0.328388 0.328388 0.328388
1806.853149 0.000000 2050.339355 0.000000 0.581856 0.000000 0.813292 0.317518 0.317518 0.317518
1832.504761 0.000000 2076.831055 0.000000 0.802557 0.000000 0.596575 0.356433 0.356433 0.356433
1832.804443 0.000000 2067.561768 0.000000 0.487798 0.000000 0.872957 0.323167 0.323167 0.323167
1837.502441 0.000000 2055.798340 0.000000 0.097598 0.000000 0.995226 0.304384 0.304384 0.304384
1835.434082 0.000000 2062.527588 0.000000 0.511653 0.000000 0.859192 0.321290 0.321290 0.321290
1850.545166 0.000000 2065.408203 0.000000 0.027073 0.000000 0.999633 0.289006 0.289006 0.289006
1804.302734 0.000000 2053.835938 0.000000 0.384561 0.000000 0.923100 0.310155 0.310155 0.310155
1804.622803 0.000000 2057.069092 0.000000 0.879861 0.000000 0.475232 0.362167 0.362167 0.362167
1797.147461 0.000000 2087.426758 0.000000 0.769149 0.000000 0.639069 0.331568 0.331568 0.331568
1855.198608 0.000000 2068.457520 0.000000 0.780488 0.000000 0.625171 0.350599 0.350599 0.350599
1836.378174 0.000000 2033.933716 0.000000 0.014230 0.000000 0.999899 0.281087 0.281087 0.281087
1828.710693 0.000000 2082.934082 0.000000 0.570623 0.000000 0.821212 0.325696 0.325696 0.325696
1834.998291 0.000000 2070.104492 0.000000 0.827031 0.000000 0.562157 0.358864 0.358864 0.358864
1833.112671 0.000000 2043.875244 0.000000 0.195867 0.000000 0.980631 0.302085 0.302085 0.302085
1824.219360 0.000000 2079.593018 0.000000 0.990727 0.000000 0.135867 0.389929 0.389929 0.389929
1834.445190 0.000000 2072.293457 0.000000 0.661298 0.000000 0.750123 0.339434 0.339434 0.339434
1805.914429 0.000000 2051.680664 0.000000 0.685278 0.000000 0.728281 0.337677 0.337677 0.337677
1831.754639 0.000000 2059.345947 0.000000 0.193737 0.000000 0.981053 0.303482 0.303482 0.303482
1799.681641 0.000000 2072.355469 0.000000 0.890848 0.000000 0.454302 0.367388 0.367388 0.367388
1829.666260 0.000000 2081.273438 0.000000 0.930084 0.000000 0.367347 0.366432 0.366432 0.366432
1814.083252 0.000000 2069.879639 0.000000 0.679441 0.000000 0.733730 0.341797 0.341797 0.341797
1849.878052 0.000000 2064.018799 0.000000 0.362218 0.000000 0.932094 0.308315 0.308315 0.308315
1855.265015 0.000000 2066.889404 0.000000 0.965163 0.000000 0.261650 0.381693 0.381693 0.381693
1853.805542 0.000000 2069.083984 0.000000 0.720304 0.000000 0.693658 0.349669 0.349669 0.349669
1804.990845 0.000000 2050.439697 0.000000 0.999690 0.000000 0.024894 0.398098 0.398098 0.398098
1798.787476 0.000000 2038.328979 0.000000 0.295393 0.000000 0.955376 0.312744 0.312744 0.312744
1817.071655 0.000000 2066.801514 0.000000 0.923749 0.000000 0.382999 0.369974 0.369974 0.369974
1835.856201 0.000000 2073.011719 0.000000 0.997431 0.000000 0.071637 0.394881 0.394881 0.394881
1812.914795 0.000000 2041.159424 0.000000 0.990875 0.000000 0.134786 0.390313 0.390313 0.390313
1857.116211 0.000000 2069.936768 0.000000 0.990407 0.000000 0.138181 0.331448 0.331448 0.331448
1795.834473 0.000000 2089.924316 0.000000 0.437563 0.000000 0.899188 0.240534 0.240534 0.240534
1799.674683 0.000000 2113.867920 0.000000 0.541816 0.000000 0.840497 0.231024 0.231024 0.231024
1812.950073 0.000000 2099.091064 0.000000 0.944030 0.000000 0.329861 0.197734 0.197734 0.197734
1824.264404 0.000000 2111.790283 0.000000 0.801128 0.000000 0.598492 0.303181 0.303181 0.303181
1827.530884 0.000000 2140.510498 0.000000 0.035559 0.000000 0.999368 0.241771 0.241771 0.241771
1822.802368 0.000000 2089.982910 0.000000 0.978361 0.000000 0.206907 0.198075 0.198075 0.198075
1792.290283 0.000000 2124.287109 0.000000 0.331447 0.000000 0.943474 0.189073 0.189073 0.189073
1823.430420 0.000000 2100.693848 0.000000 0.984740 0.000000 0.174032 0.198777 0.198777 0.198777
1831.866577 0.000000 2131.625488 0.000000 0.998636 0.000000 0.052204 0.396154 0.396154 0.396154
1817.268799 0.000000 2106.331055 0.000000 0.938303 0.000000 0.345815 0.345264 0.345264 0.345264
1801.453857 0.000000 2096.241211 0.000000 0.911149 0.000000 0.412077 0.196554 0.196554 0.196554
1792.315308 0.000000 2116.347412 0.000000 0.451839 0.000000 0.892100 0.315816 0.315816 0.315816
1818.616821 0.000000 2096.131348 0.000000 0.872528 0.000000 0.488564 0.217093 0.217093 0.217093
1797.003174 0.000000 2126.049805 0.000000 0.411910 0.000000 0.911225 0.312433 0.312433 0.312433
1817.550537 0.000000 2101.523193 0.000000 0.882518 0.000000 0.470279 0.328088 0.328088 0.328088
1796.861816 0.000000 2117.876465 0.000000 0.901031 0.000000 0.433754 0.365725 0.365725 0.365725
1801.424194 0.000000 2117.795654 0.000000 0.487307 0.000000 0.873231 0.270428 0.270428 0.270428
1814.003418 0.000000 2103.624268 0.000000 0.233931 0.000000 0.972253 0.314032 0.314032 0.314032
1795.605225 0.000000 2113.198486 0.000000 0.995542 0.000000 0.094320 0.274385 0.274385 0.274385
1826.139526 0.000000 2091.648193 0.000000 0.293065 0.000000 0.956092 0.274988 0.274988 0.274988
1833.927490 0.000000 2134.655029 0.000000 0.340560 0.000000 0.940223 0.250792 0.250792 0.250792
1825.456543 0.000000 2103.846680 0.000000 0.363989 0.000000 0.931403 0.228911 0.228911 0.228911
1808.310547 0.000000 2114.716553 0.000000 0.656518 0.000000 0.754310 0.212376 0.212376 0.212376
1828.176392 0.000000 2133.941406 0.000000 0.640664 0.000000 0.767821 0.234250 0.234250 0.234250
1809.983643 0.000000 2111.290039 0.000000 0.061476 0.000000 0.998109 0.262391 0.262391 0.262391
1796.219482 0.000000 2122.555908 0.000000 0.939556 0.000000 0.342395 0.218252 0.218252 0.218252
1816.358154 0.000000 2098.432861 0.000000 0.942852 0.000000 0.333212 0.234082 0.234082 0.234082
1823.085693 0.000000 2097.550781 0.000000 0.545991 0.000000 0.837791 0.250175 0.250175 0.250175
1804.406494 0.000000 2090.870117 0.000000 0.644049 0.000000 0.764985 0.303212 0.303212 0.303212
1820.116333 0.000000 2145.337402 0.000000 0.353732 0.000000 0.935347 0.228698 0.228698 0.228698
1805.243652 0.000000 2097.163086 0.000000 0.354648 0.000000 0.935000 0.232828 0.232828 0.232828
1802.448364 0.000000 2093.526855 0.000000 0.691960 0.000000 0.721936 0.311796 0.311796 0.311796
1807.844482 0.000000 2093.049072 0.000000 0.245411 0.000000 0.969419 0.301349 0.301349 0.301349
1819.115967 0.000000 2108.397217 0.000000 0.976421 0.000000 0.215875 0.341692 0.341692 0.341692
1828.100952 0.000000 2137.783203 0.000000 0.898057 0.000000 0.439878 0.251343 0.251343 0.251343
1799.290405 0.000000 2124.594238 0.000000 0.164809 0.000000 0.986326 0.255170 0.255170 0.255170
1830.885986 0.000000 2134.083496 0.000000 0.061879 0.000000 0.998084 0.265544 0.265544 0.265544
1797.178101 0.000000 2115.291992 0.000000 0.857992 0.000000 0.513663 0.358789 0.358789 0.358789
1806.452148 0.000000 2145.516602 0.000000 0.499271 0.000000 0.866446 0.325800 0.325800 0.325800
1794.786255 0.000000 2124.822510 0.000000 0.877240 0.000000 0.480052 0.273030 0.273030 0.273030
1825.210693 0.000000 2139.364746 0.000000 0.822696 0.000000 0.568481 0.243315 0.243315 0.243315
1794.873169 0.000000 2116.212158 0.000000 0.994503 0.000000 0.104705 0.391986 0.391986 0.391986
1818.002319 0.000000 2103.957275 0.000000 0.950576 0.000000 0.310492 0.254326 0.254326 0.254326
1823.881958 0.000000 2092.571289 0.000000 0.250040 0.000000 0.968236 0.309280 0.309280 0.309280
1827.024292 0.000000 2110.493896 0.000000 0.981160 0.000000 0.193197 0.255843 0.255843 0.255843
1799.851929 0.000000 2127.099365 0.000000 0.402028 0.000000 0.915627 0.283737 0.283737 0.283737
1799.324707 0.000000 2116.531982 0.000000 0.990083 0.000000 0.140484 0.389936 0.389936 0.389936
1805.917725 0.000000 2121.368164 0.000000 0.904319 0.000000 0.426858 0.368841 0.368841 0.368841
1829.505493 0.000000 2145.609619 0.000000 0.422217 0.000000 0.906495 0.285345 0.285345 0.285345
1793.116211 0.000000 2126.421143 0.000000 0.947638 0.000000 0.319345 0.375169 0.375169 0.375169
1816.281860 0.000000 2111.937012 0.000000 0.994211 0.000000 0.107446 0.372706 0.372706 0.372706
1803.600586 0.000000 2095.643799 0.000000 0.657243 0.000000 0.753679 0.345655 0.345655 0.345655
1832.632446 0.000000 2129.557129 0.000000 0.285868 0.000000 0.958269 0.277475 0.277475 0.277475
1834.151367 0.000000 2132.433350 0.000000 0.998567 0.000000 0.053523 0.316272 0.316272 0.316272
1816.196777 0.000000 2096.189941 0.000000 0.939115 0.000000 0.343602 0.284292 0.284292 0.284292
1801.114258 0.000000 2120.035645 0.000000 0.171507 0.000000 0.985183 0.248999 0.248999 0.248999
1815.342529 0.000000 2105.432617 0.000000 0.570832 0.000000 0.821067 0.303903 0.303903 0.303903
1797.852539 0.000000 2112.767334 0.000000 0.979113 0.000000 0.203316 0.301311 0.301311 0.301311
1815.989624 0.000000 2102.951660 0.000000 0.986823 0.000000 0.161806 0.389532 0.389532 0.389532
1823.953247 0.000000 2095.597168 0.000000 0.251871 0.000000 0.967761 0.312833 0.312833 0.312833
1820.806519 0.000000 2140.284912 0.000000 0.999992 0.000000 0.004100 0.343797 0.343797 0.343797
1830.151733 0.000000 2130.245605 0.000000 0.555417 0.000000 0.831572 0.327682 0.327682 0.327682
1824.410645 0.000000 2107.291504 0.000000 0.173598 0.000000 0.984817 0.284377 0.284377 0.284377
1822.899414 0.000000 2142.783691 0.000000 0.881093 0.000000 0.472944 0.336380 0.336380 0.336380
1832.504761 0.000000 2133.315430 0.000000 0.044486 0.000000 0.999010 0.283400 0.283400 0.283400
1802.323975 0.000000 2121.415283 0.000000 0.045696 0.000000 0.998955 0.283492 0.283492 0.283492
1796.253662 0.000000 2129.287842 0.000000 0.473449 0.000000 0.880821 0.317678 0.317678 0.317678
1816.050781 0.000000 2107.634766 0.000000 0.389168 0.000000 0.921167 0.304120 0.304120 0.304120
1819.871582 0.000000 2109.989258 0.000000 0.999371 0.000000 0.035465 0.350169 0.350169 0.350169
1828.916992 0.000000 2141.663086 0.000000 0.133398 0.000000 0.991063 0.300173 0.300173 0.300173
1810.442993 0.000000 2106.301025 0.000000 0.867218 0.000000 0.497928 0.323837 0.323837 0.323837
1796.650269 0.000000 2127.697998 0.000000 0.259079 0.000000 0.965856 0.300021 0.300021 0.300021
1795.459351 0.000000 2126.438232 0.000000 0.495984 0.000000 0.868332 0.319646 0.319646 0.319646
1822.198853 0.000000 2141.169922 0.000000 0.687642 0.000000 0.726050 0.337925 0.337925 0.337925
1804.962891 0.000000 2120.042480 0.000000 0.677118 0.000000 0.735875 0.341574 0.341574 0.341574
1812.786621 0.000000 2107.257812 0.000000 0.705003 0.000000 0.709204 0.340954 0.340954 0.340954
1797.528809 0.000000 2119.260010 0.000000 0.567234 0.000000 0.823557 0.335561 0.335561 0.335561
1822.239746 0.000000 2138.103760 0.000000 0.327537 0.000000 0.944838 0.317846 0.317846 0.317846
1799.944946 0.000000 2117.860107 0.000000 0.993104 0.000000 0.117239 0.391610 0.391610 0.391610
1798.455566 0.000000 2117.827148 0.000000 0.997512 0.000000 0.070498 0.394962 0.394962 0.394962
1793.437988 0.000000 2127.882568 0.000000 0.930060 0.000000 0.367409 0.371259 0.371259 0.371259
1796.396240 0.000000 2116.507568 0.000000 0.998031 0.000000 0.062729 0.395205 0.395205 0.395205
1793.273926 0.000000 2117.441650 0.000000 0.446411 0.000000 0.894828 0.315352 0.315352 0.315352
1797.906494 0.000000 2116.510498 0.000000 0.998557 0.000000 0.053698 0.395896 0.395896 0.395896
1830.914307 0.000000 2132.704102 0.000000 0.600045 0.000000 0.799966 0.334720 0.334720 0.334720
1792.096802 0.000000 2129.959229 0.000000 0.980843 0.000000 0.194801 0.385023 0.385023 0.385023
1813.588501 0.000000 2108.466553 0.000000 0.846809 0.000000 0.531896 0.358555 0.358555 0.358555
1825.218384 0.000000 2092.741211 0.000000 0.335454 0.000000 0.942057 0.306134 0.306134 0.306134
1801.453857 0.000000 2152.725586 0.000000 0.975123 0.000000 0.221665 0.312222 0.312222 0.312222
1829.084961 0.000000 2161.203857 0.000000 0.600564 0.000000 0.799576 0.280606 0.280606 0.280606
1826.074463 0.000000 2151.926025 0.000000 0.979188 0.000000 0.202955 0.339170 0.339170 0.339170
1822.227295 0.000000 2150.963623 0.000000 0.999023 0.000000 0.044188 0.264557 0.264557 0.264557
1826.040283 0.000000 2164.711182 0.000000 0.902813 0.000000 0.430034 0.216969 0.216969 0.216969
1804.406494 0.000000 2147.354492 0.000000 0.187649 0.000000 0.982236 0.271579 0.271579 0.271579
1800.260498 0.000000 2155.411865 0.000000 0.830960 0.000000 0.556333 0.280041 0.280041 0.280041
1807.844482 0.000000 2149.533447 0.000000 0.682395 0.000000 0.730984 0.337375 0.337375 0.337375
1811.922729 0.000000 2150.205566 0.000000 0.706538 0.000000 0.707675 0.294097 0.294097 0.294097
1798.927612 0.000000 2152.753662 0.000000 0.985197 0.000000 0.171425 0.284227 0.284227 0.284227
1800.000732 0.000000 2150.467529 0.000000 0.326777 0.000000 0.945101 0.284023 0.284023 0.284023
1820.442627 0.000000 2146.423584 0.000000 0.173393 0.000000 0.984853 0.242510 0.242510 0.242510
1803.600586 0.000000 2152.128174 0.000000 0.979575 0.000000 0.201078 0.336115 0.336115 0.336115
1809.373657 0.000000 2146.512695 0.000000 0.990340 0.000000 0.138659 0.390207 0.390207 0.390207
1809.982788 0.000000 2149.659912 0.000000 0.927140 0.000000 0.374716 0.370658 0.370658 0.370658
1826.286743 0.000000 2150.033936 0.000000 0.771850 0.000000 0.635805 0.317139 0.317139 0.317139
1793.541504 0.000000 2167.570312 0.000000 0.852249 0.000000 0.523136 0.313266 0.313266 0.313266
1824.870728 0.000000 2153.651855 0.000000 0.359863 0.000000 0.933005 0.294474 0.294474 0.294474
1807.104492 0.000000 2151.258301 0.000000 0.944340 0.000000 0.328972 0.374391 0.374391 0.374391
1808.782227 0.000000 2148.115234 0.000000 0.893115 0.000000 0.449829 0.364356 0.364356 0.364356
1802.685181 0.000000 2148.369629 0.000000 0.682588 0.000000 0.730804 0.319376 0.319376 0.319376
1822.455078 0.000000 2152.484863 0.000000 0.062955 0.000000 0.998016 0.297152 0.297152 0.297152
1806.473389 0.000000 2149.930176 0.000000 0.388432 0.000000 0.921478 0.310476 0.310476 0.310476
2048.290283 0.000000 1841.865112 0.000000 0.848782 0.000000 0.528743 0.253081 0.253081 0.253081
2048.315430 0.000000 1833.925537 0.000000 0.999854 0.000000 0.017113 0.252886 0.252886 0.252886
2053.003174 0.000000 1843.628052 0.000000 0.868224 0.000000 0.496172 0.365911 0.365911 0.365911
2052.861816 0.000000 1835.454590 0.000000 0.716198 0.000000 0.697897 0.213502 0.213502 0.213502
2052.219482 0.000000 1840.134155 0.000000 0.981270 0.000000 0.192636 0.385191 0.385191 0.385191
2050.786133 0.000000 1842.400635 0.000000 0.408152 0.000000 0.912914 0.313881 0.313881 0.313881
2053.887695 0.000000 1838.328613 0.000000 0.978369 0.000000 0.206866 0.326431 0.326431 0.326431
2052.483643 0.000000 1841.929810 0.000000 0.967642 0.000000 0.252329 0.380513 0.380513 0.380513
2050.917725 0.000000 1840.929443 0.000000 0.736502 0.000000 0.676435 0.345842 0.345842 0.345842
2394.844482 0.000000 1978.670654 0.000000 0.996057 0.000000 0.088713 0.271237 0.271237 0.271237
2236.270508 0.000000 2138.255615 0.000000 0.261935 0.000000 0.965086 0.189731 0.189731 0.189731
2221.255371 0.000000 2144.797363 0.000000 0.887152 0.000000 0.461477 0.277537 0.277537 0.277537
2228.885254 0.000000 2141.673096 0.000000 0.112759 0.000000 0.993622 0.212173 0.212173 0.212173
2233.729980 0.000000 2130.711426 0.000000 0.876020 0.000000 0.482274 0.292343 0.292343 0.292343
2230.872314 0.000000 2136.256348 0.000000 0.881772 0.000000 0.471675 0.315731 0.315731 0.315731
2233.614258 0.000000 2142.302979 0.000000 0.259505 0.000000 0.965742 0.309526 0.309526 0.309526
2238.112061 0.000000 2133.840576 0.000000 0.223417 0.000000 0.974723 0.190222 0.190222 0.190222
2237.935791 0.000000 2119.951904 0.000000 0.453596 0.000000 0.891208 0.275386 0.275386 0.275386
2229.811279 0.000000 2131.220947 0.000000 0.480144 0.000000 0.877189 0.251603 0.251603 0.251603
2234.308594 0.000000 2134.521484 0.000000 0.480000 0.000000 0.877269 0.281834 0.281834 0.281834
2231.010986 0.000000 2144.874756 0.000000 0.019238 0.000000 0.999815 0.289992 0.289992 0.289992
2232.579102 0.000000 2139.084229 0.000000 0.424007 0.000000 0.905659 0.204120 0.204120 0.204120
2236.718994 0.000000 2131.153320 0.000000 0.350439 0.000000 0.936586 0.224482 0.224482 0.224482
2231.879395 0.000000 2133.116699 0.000000 0.996120 0.000000 0.088009 0.298632 0.298632 0.298632
2228.503418 0.000000 2144.339355 0.000000 0.593244 0.000000 0.805023 0.261037 0.261037 0.261037
2236.605713 0.000000 2121.848389 0.000000 0.457092 0.000000 0.889419 0.307190 0.307190 0.307190
2238.808594 0.000000 2117.949463 0.000000 0.591321 0.000000 0.806436 0.253255 0.253255 0.253255
2230.447266 0.000000 2139.131348 0.000000 0.965464 0.000000 0.260538 0.379864 0.379864 0.379864
2232.590820 0.000000 2143.832520 0.000000 0.785835 0.000000 0.618437 0.353891 0.353891 0.353891
2233.560059 0.000000 2140.565918 0.000000 0.648976 0.000000 0.760809 0.337622 0.337622 0.337622
2232.193359 0.000000 2142.372803 0.000000 0.487259 0.000000 0.873258 0.326569 0.326569 0.326569
2247.674561 0.000000 2113.867920 0.000000 0.914120 0.000000 0.405443 0.342987 0.342987 0.342987
2258.736816 0.000000 2140.042969 0.000000 0.753175 0.000000 0.657821 0.200559 0.200559 0.200559
2254.189453 0.000000 2126.365723 0.000000 0.991398 0.000000 0.130884 0.287546 0.287546 0.287546
2240.290283 0.000000 2124.287109 0.000000 0.894457 0.000000 0.447153 0.221826 0.221826 0.221826
2267.221924 0.000000 2135.950439 0.000000 0.991972 0.000000 0.126460 0.303905 0.303905 0.303905
2246.599365 0.000000 2143.022705 0.000000 0.624794 0.000000 0.780790 0.335135 0.335135 0.335135
2261.034912 0.000000 2130.638916 0.000000 0.413433 0.000000 0.910535 0.237462 0.237462 0.237462
2243.716309 0.000000 2131.028076 0.000000 0.232174 0.000000 0.972674 0.259415 0.259415 0.259415
2259.298584 0.000000 2107.869141 0.000000 0.744035 0.000000 0.668140 0.348121 0.348121 0.348121
2256.020752 0.000000 2134.150146 0.000000 0.181333 0.000000 0.983422 0.301556 0.301556 0.301556
2266.549072 0.000000 2131.234863 0.000000 0.490266 0.000000 0.871573 0.239323 0.239323 0.239323
2244.861816 0.000000 2117.876465 0.000000 0.087217 0.000000 0.996189 0.278098 0.278098 0.278098
2249.424072 0.000000 2117.795654 0.000000 0.527675 0.000000 0.849446 0.333614 0.333614 0.333614
2258.408936 0.000000 2118.331299 0.000000 0.628875 0.000000 0.777506 0.331956 0.331956 0.331956
2240.390625 0.000000 2133.471924 0.000000 0.996238 0.000000 0.086654 0.316163 0.316163 0.316163
2243.856934 0.000000 2139.993896 0.000000 0.927285 0.000000 0.374356 0.375094 0.375094 0.375094
2263.759277 0.000000 2134.047607 0.000000 0.921950 0.000000 0.387309 0.369617 0.369617 0.369617
2257.216553 0.000000 2129.803223 0.000000 0.737493 0.000000 0.675355 0.297533 0.297533 0.297533
2257.983643 0.000000 2111.290039 0.000000 0.537919 0.000000 0.842997 0.224748 0.224748 0.224748
2264.763672 0.000000 2120.653076 0.000000 0.977810 0.000000 0.209493 0.231947 0.231947 0.231947
2244.219482 0.000000 2122.555908 0.000000 0.892334 0.000000 0.451375 0.247058 0.247058 0.247058
2262.343750 0.000000 2107.314209 0.000000 0.800680 0.000000 0.599092 0.240632 0.240632 0.240632
2246.827393 0.000000 2145.920654 0.000000 0.968062 0.000000 0.250711 0.353348 0.353348 0.353348
2250.423096 0.000000 2113.669434 0.000000 0.377943 0.000000 0.925829 0.308149 0.308149 0.308149
2266.616211 0.000000 2114.004395 0.000000 0.029641 0.000000 0.999561 0.249705 0.249705 0.249705
2262.697754 0.000000 2136.440430 0.000000 0.285671 0.000000 0.958328 0.316524 0.316524 0.316524
2260.724609 0.000000 2119.622314 0.000000 0.261456 0.000000 0.965215 0.272377 0.272377 0.272377
2261.175049 0.000000 2125.139893 0.000000 0.737282 0.000000 0.675586 0.320673 0.320673 0.320673
2245.178223 0.000000 2115.291992 0.000000 0.210376 0.000000 0.977621 0.225803 0.225803 0.225803
2244.256348 0.000000 2145.437500 0.000000 0.738768 0.000000 0.673960 0.252703 0.252703 0.252703
2247.173340 0.000000 2119.128662 0.000000 0.610731 0.000000 0.791838 0.310847 0.310847 0.310847
2259.875488 0.000000 2105.370605 0.000000 0.689431 0.000000 0.724351 0.340634 0.340634 0.340634
2263.655029 0.000000 2123.577393 0.000000 0.346359 0.000000 0.938102 0.227720 0.227720 0.227720
2261.388916 0.000000 2133.147705 0.000000 0.896260 0.000000 0.443529 0.366845 0.366845 0.366845
2247.626709 0.000000 2136.272217 0.000000 0.424399 0.000000 0.905475 0.313483 0.313483 0.313483
2242.873291 0.000000 2116.212158 0.000000 0.546817 0.000000 0.837252 0.293365 0.293365 0.293365
2263.931152 0.000000 2141.639160 0.000000 0.633490 0.000000 0.773751 0.244860 0.244860 0.244860
2240.956543 0.000000 2131.041748 0.000000 0.426234 0.000000 0.904613 0.240252 0.240252 0.240252
2247.324707 0.000000 2116.531982 0.000000 0.018412 0.000000 0.999830 0.258995 0.258995 0.258995
2243.928711 0.000000 2120.053711 0.000000 0.599862 0.000000 0.800104 0.280576 0.280576 0.280576
2255.784668 0.000000 2131.744629 0.000000 0.329144 0.000000 0.944280 0.305622 0.305622 0.305622
2250.112305 0.000000 2108.075684 0.000000 0.401638 0.000000 0.915798 0.306157 0.306157 0.306157
2258.931396 0.000000 2121.248047 0.000000 0.755772 0.000000 0.654834 0.268066 0.268066 0.268066
2247.561523 0.000000 2140.895752 0.000000 0.335787 0.000000 0.941938 0.306161 0.306161 0.306161
2249.306152 0.000000 2115.596436 0.000000 0.999638 0.000000 0.026904 0.359451 0.359451 0.359451
2253.897461 0.000000 2133.029785 0.000000 0.237964 0.000000 0.971274 0.287981 0.287981 0.287981
2254.486328 0.000000 2128.603760 0.000000 0.871087 0.000000 0.491129 0.364497 0.364497 0.364497
2248.383301 0.000000 2111.785645 0.000000 0.962890 0.000000 0.269893 0.291778 0.291778 0.291778
2251.945557 0.000000 2111.990479 0.000000 0.536799 0.000000 0.843710 0.300544 0.300544 0.300544
2242.422852 0.000000 2118.321533 0.000000 0.722140 0.000000 0.691747 0.313736 0.313736 0.313736
2241.799072 0.000000 2139.860840 0.000000 0.713490 0.000000 0.700665 0.344957 0.344957 0.344957
2245.887695 0.000000 2120.750488 0.000000 0.951922 0.000000 0.306340 0.299810 0.299810 0.299810
2257.646729 0.000000 2109.246582 0.000000 0.980405 0.000000 0.196994 0.350961 0.350961 0.350961
2265.195068 0.000000 2135.497559 0.000000 0.253478 0.000000 0.967341 0.299578 0.299578 0.299578
2245.476562 0.000000 2141.200195 0.000000 0.276286 0.000000 0.961075 0.295570 0.295570 0.295570
2243.196289 0.000000 2135.672363 0.000000 0.835866 0.000000 0.548934 0.355608 0.355608 0.355608
2265.175293 0.000000 2132.291504 0.000000 0.059673 0.000000 0.998218 0.289843 0.289843 0.289843
2251.004883 0.000000 2115.741943 0.000000 0.209283 0.000000 0.977855 0.294619 0.294619 0.294619
2261.555908 0.000000 2105.687744 0.000000 0.025733 0.000000 0.999669 0.295081 0.295081 0.295081
2252.416504 0.000000 2131.839844 0.000000 0.319003 0.000000 0.947754 0.306981 0.306981 0.306981
2258.442871 0.000000 2106.301025 0.000000 0.937808 0.000000 0.347155 0.374863 0.374863 0.374863
2260.233154 0.000000 2132.041504 0.000000 0.748435 0.000000 0.663208 0.347684 0.347684 0.347684
2245.392090 0.000000 2139.661621 0.000000 0.651714 0.000000 0.758464 0.334228 0.334228 0.334228
2260.786621 0.000000 2107.257812 0.000000 0.338031 0.000000 0.941135 0.312201 0.312201 0.312201
2263.844482 0.000000 2137.442383 0.000000 0.999176 0.000000 0.040594 0.397354 0.397354 0.397354
2256.417480 0.000000 2135.792969 0.000000 0.995686 0.000000 0.092790 0.393412 0.393412 0.393412
2240.314209 0.000000 2139.663818 0.000000 0.620568 0.000000 0.784152 0.336094 0.336094 0.336094
2241.707275 0.000000 2138.425781 0.000000 0.475378 0.000000 0.879782 0.323752 0.323752 0.323752
2262.808838 0.000000 2132.940918 0.000000 0.999862 0.000000 0.016582 0.398861 0.398861 0.398861
2263.770020 0.000000 2135.479492 0.000000 0.645359 0.000000 0.763879 0.333590 0.333590 0.333590
2261.857178 0.000000 2139.509033 0.000000 0.367321 0.000000 0.930094 0.308734 0.308734 0.308734
2257.435547 0.000000 2133.835938 0.000000 0.998594 0.000000 0.053007 0.396002 0.396002 0.396002
2175.419434 0.000000 2224.762695 0.000000 0.278224 0.000000 0.960516 0.264526 0.264526 0.264526
2226.281250 0.000000 2189.475342 0.000000 0.948623 0.000000 0.316409 0.345834 0.345834 0.345834
2228.600586 0.000000 2169.620117 0.000000 0.573096 0.000000 0.819488 0.338612 0.338612 0.338612
2239.683594 0.000000 2159.446777 0.000000 0.474756 0.000000 0.880117 0.303893 0.303893 0.303893
2221.901367 0.000000 2147.360596 0.000000 0.446625 0.000000 0.894721 0.234896 0.234896 0.234896
2233.729980 0.000000 2187.195801 0.000000 0.935937 0.000000 0.352166 0.354728 0.354728 0.354728
2221.233887 0.000000 2172.303467 0.000000 0.981495 0.000000 0.191489 0.209549 0.209549 0.209549
2220.186279 0.000000 2194.114502 0.000000 0.862738 0.000000 0.505651 0.266395 0.266395 0.266395
2222.271240 0.000000 2183.694824 0.000000 0.013536 0.000000 0.999908 0.212139 0.212139 0.212139
2223.844482 0.000000 2153.516602 0.000000 0.954051 0.000000 0.299645 0.352734 0.352734 0.352734
2221.790771 0.000000 2159.744385 0.000000 0.749607 0.000000 0.661883 0.297352 0.297352 0.297352
2232.634766 0.000000 2182.194824 0.000000 0.034761 0.000000 0.999396 0.256380 0.256380 0.256380
2225.044678 0.000000 2195.090088 0.000000 0.999342 0.000000 0.036280 0.397472 0.397472 0.397472
2234.165039 0.000000 2168.957031 0.000000 0.782057 0.000000 0.623207 0.322243 0.322243 0.322243
2222.917725 0.000000 2167.720947 0.000000 0.220762 0.000000 0.975328 0.220416 0.220416 0.220416
2238.112061 0.000000 2190.324951 0.000000 0.350170 0.000000 0.936686 0.302009 0.302009 0.302009
2237.935791 0.000000 2176.436279 0.000000 0.378083 0.000000 0.925772 0.290512 0.290512 0.290512
2214.192871 0.000000 2152.113037 0.000000 0.924922 0.000000 0.380157 0.246604 0.246604 0.246604
2238.612305 0.000000 2198.046631 0.000000 0.925328 0.000000 0.379167 0.370582 0.370582 0.370582
2231.430908 0.000000 2160.283203 0.000000 0.975287 0.000000 0.220943 0.316436 0.316436 0.316436
2210.996826 0.000000 2202.369629 0.000000 0.277167 0.000000 0.960822 0.301455 0.301455 0.301455
2222.444580 0.000000 2197.768555 0.000000 0.720150 0.000000 0.693818 0.346974 0.346974 0.346974
2220.817139 0.000000 2155.932129 0.000000 0.999984 0.000000 0.005613 0.331427 0.331427 0.331427
2235.742432 0.000000 2184.083252 0.000000 0.949697 0.000000 0.313169 0.376461 0.376461 0.376461
2221.456787 0.000000 2150.619873 0.000000 0.007160 0.000000 0.999974 0.285416 0.285416 0.285416
2232.579102 0.000000 2195.568604 0.000000 0.368624 0.000000 0.929579 0.322197 0.322197 0.322197
2235.669434 0.000000 2166.111084 0.000000 0.748198 0.000000 0.663476 0.349288 0.349288 0.349288
2225.605713 0.000000 2199.260010 0.000000 0.192043 0.000000 0.981387 0.237002 0.237002 0.237002
2229.610352 0.000000 2181.899170 0.000000 0.900035 0.000000 0.435819 0.367577 0.367577 0.367577
2236.718994 0.000000 2187.637695 0.000000 0.796459 0.000000 0.604692 0.345919 0.345919 0.345919
2219.551025 0.000000 2153.206055 0.000000 0.070681 0.000000 0.997499 0.227564 0.227564 0.227564
2234.989014 0.000000 2180.040283 0.000000 0.798407 0.000000 0.602119 0.295761 0.295761 0.295761
2218.549316 0.000000 2157.517578 0.000000 0.869414 0.000000 0.494085 0.227098 0.227098 0.227098
2218.622314 0.000000 2200.431396 0.000000 0.808822 0.000000 0.588054 0.351975 0.351975 0.351975
2237.258057 0.000000 2158.420654 0.000000 0.088142 0.000000 0.996108 0.267152 0.267152 0.267152
2223.560791 0.000000 2189.169922 0.000000 0.998550 0.000000 0.053833 0.279824 0.279824 0.279824
2219.597168 0.000000 2148.430664 0.000000 0.948063 0.000000 0.318084 0.312588 0.312588 0.312588
2228.503418 0.000000 2200.823730 0.000000 0.868906 0.000000 0.494977 0.297586 0.297586 0.297586
2239.545410 0.000000 2178.365234 0.000000 0.930572 0.000000 0.366108 0.262268 0.262268 0.262268
2236.370361 0.000000 2192.302979 0.000000 0.248104 0.000000 0.968733 0.242167 0.242167 0.242167
2225.258545 0.000000 2183.863281 0.000000 0.794986 0.000000 0.606628 0.352972 0.352972 0.352972
2233.397217 0.000000 2184.556641 0.000000 0.927138 0.000000 0.374720 0.366921 0.366921 0.366921
2220.263184 0.000000 2196.581299 0.000000 0.940996 0.000000 0.338417 0.370225 0.370225 0.370225
2220.424072 0.000000 2198.952393 0.000000 0.321808 0.000000 0.946805 0.262346 0.262346 0.262346
2238.188965 0.000000 2161.480957 0.000000 0.876082 0.000000 0.482162 0.295230 0.295230 0.295230
2233.532715 0.000000 2161.380859 0.000000 0.710663 0.000000 0.703533 0.254481 0.254481 0.254481
2220.304199 0.000000 2170.105713 0.000000 0.699294 0.000000 0.714834 0.249552 0.249552 0.249552
2209.615479 0.000000 2200.501953 0.000000 0.991212 0.000000 0.132285 0.363836 0.363836 0.363836
2224.749756 0.000000 2169.013916 0.000000 0.977865 0.000000 0.209239 0.383896 0.383896 0.383896
2227.339844 0.000000 2181.695557 0.000000 0.468384 0.000000 0.883525 0.323730 0.323730 0.323730
2228.417969 0.000000 2176.731201 0.000000 0.778978 0.000000 0.627051 0.350084 0.350084 0.350084
2224.587158 0.000000 2197.332275 0.000000 0.996928 0.000000 0.078325 0.394010 0.394010 0.394010
2230.075195 0.000000 2167.951172 0.000000 0.408350 0.000000 0.912825 0.315006 0.315006 0.315006
2235.060547 0.000000 2188.998535 0.000000 0.283236 0.000000 0.959050 0.301938 0.301938 0.301938
2208.929688 0.000000 2202.883789 0.000000 0.984600 0.000000 0.174821 0.386576 0.386576 0.386576
2216.552490 0.000000 2199.257324 0.000000 0.021545 0.000000 0.999768 0.290278 0.290278 0.290278
2221.664307 0.000000 2153.401855 0.000000 0.925057 0.000000 0.379828 0.374029 0.374029 0.374029
2222.922852 0.000000 2181.727539 0.000000 0.899395 0.000000 0.437136 0.365438 0.365438 0.365438
2236.195068 0.000000 2181.995361 0.000000 0.998545 0.000000 0.053934 0.346007 0.346007 0.346007
2220.434570 0.000000 2158.185059 0.000000 0.519543 0.000000 0.854444 0.285870 0.285870 0.285870
2225.818848 0.000000 2173.154053 0.000000 0.536882 0.000000 0.843657 0.323296 0.323296 0.323296
2217.461914 0.000000 2202.005859 0.000000 0.676805 0.000000 0.736162 0.336793 0.336793 0.336793
2224.864014 0.000000 2190.882324 0.000000 0.809443 0.000000 0.587198 0.311867 0.311867 0.311867
2231.633301 0.000000 2165.124023 0.000000 0.939122 0.000000 0.343584 0.352277 0.352277 0.352277
2224.736572 0.000000 2193.093018 0.000000 0.637363 0.000000 0.770563 0.314837 0.314837 0.314837
2222.857178 0.000000 2151.910156 0.000000 0.127065 0.000000 0.991894 0.267976 0.267976 0.267976
2239.474121 0.000000 2191.630615 0.000000 0.655058 0.000000 0.755579 0.319941 0.319941 0.319941
2235.123047 0.000000 2185.832520 0.000000 0.275624 0.000000 0.961265 0.304557 0.304557 0.304557
2230.093750 0.000000 2170.673584 0.000000 0.999045 0.000000 0.043701 0.346472 0.346472 0.346472
2234.465088 0.000000 2182.693604 0.000000 0.880099 0.000000 0.474791 0.365170 0.365170 0.365170
2235.649170 0.000000 2167.918945 0.000000 0.235277 0.000000 0.971928 0.306798 0.306798 0.306798
2214.249512 0.000000 2200.098389 0.000000 0.773741 0.000000 0.633502 0.341285 0.341285 0.341285
2226.333252 0.000000 2185.342773 0.000000 0.996042 0.000000 0.088889 0.338972 0.338972 0.338972
2234.963135 0.000000 2164.544922 0.000000 0.973256 0.000000 0.229721 0.371940 0.371940 0.371940
2227.356445 0.000000 2168.581543 0.000000 0.999992 0.000000 0.003881 0.384089 0.384089 0.384089
2237.998047 0.000000 2179.032227 0.000000 0.880710 0.000000 0.473656 0.343785 0.343785 0.343785
2223.452637 0.000000 2196.385498 0.000000 0.961094 0.000000 0.276220 0.380647 0.380647 0.380647
2230.872070 0.000000 2166.791504 0.000000 0.999522 0.000000 0.030912 0.397715 0.397715 0.397715
2218.991455 0.000000 2201.785156 0.000000 0.991059 0.000000 0.133426 0.389776 0.389776 0.389776
2225.428223 0.000000 2196.341309 0.000000 0.081985 0.000000 0.996634 0.286270 0.286270 0.286270
2253.467529 0.000000 2161.961426 0.000000 0.140754 0.000000 0.990045 0.212620 0.212620 0.212620
2240.315430 0.000000 2172.831787 0.000000 0.988906 0.000000 0.148546 0.260047 0.260047 0.260047
2242.164551 0.000000 2165.777832 0.000000 0.980825 0.000000 0.194890 0.346881 0.346881 0.346881
2254.716309 0.000000 2156.139893 0.000000 0.485400 0.000000 0.874292 0.318718 0.318718 0.318718
2247.651123 0.000000 2163.893555 0.000000 0.235116 0.000000 0.971967 0.237254 0.237254 0.237254
2243.856934 0.000000 2196.478271 0.000000 0.947383 0.000000 0.320103 0.294226 0.294226 0.294226
2240.522217 0.000000 2162.108398 0.000000 0.649288 0.000000 0.760542 0.303507 0.303507 0.303507
2245.963867 0.000000 2167.105225 0.000000 0.586852 0.000000 0.809694 0.327912 0.327912 0.327912
2257.653076 0.000000 2154.875732 0.000000 0.939905 0.000000 0.341437 0.373381 0.373381 0.373381
2246.114014 0.000000 2185.364746 0.000000 0.946626 0.000000 0.322335 0.374928 0.374928 0.374928
2251.714111 0.000000 2184.409424 0.000000 0.063121 0.000000 0.998006 0.217596 0.217596 0.217596
2250.448242 0.000000 2150.011230 0.000000 0.418800 0.000000 0.908079 0.326941 0.326941 0.326941
2247.290527 0.000000 2181.078613 0.000000 0.747365 0.000000 0.664413 0.287509 0.287509 0.287509
2259.958252 0.000000 2153.118896 0.000000 0.483929 0.000000 0.875108 0.290366 0.290366 0.290366
2245.178223 0.000000 2171.776367 0.000000 0.935639 0.000000 0.352959 0.252336 0.252336 0.252336
2240.974365 0.000000 2159.114014 0.000000 0.991223 0.000000 0.132197 0.377715 0.377715 0.377715
2248.000732 0.000000 2150.467529 0.000000 0.652211 0.000000 0.758038 0.293793 0.293793 0.293793
2242.523438 0.000000 2160.821045 0.000000 0.982235 0.000000 0.187655 0.286959 0.286959 0.286959
2243.661377 0.000000 2167.479736 0.000000 0.296141 0.000000 0.955144 0.303602 0.303602 0.303602
2248.383301 0.000000 2168.270020 0.000000 0.752293 0.000000 0.658829 0.345052 0.345052 0.345052
2251.945557 0.000000 2168.474854 0.000000 0.068178 0.000000 0.997673 0.303218 0.303218 0.303218
2245.852539 0.000000 2169.251709 0.000000 0.931573 0.000000 0.363553 0.374548 0.374548 0.374548
2255.288574 0.000000 2160.944336 0.000000 0.700851 0.000000 0.713308 0.339327 0.339327 0.339327
2249.185303 0.000000 2189.941406 0.000000 0.892656 0.000000 0.450739 0.368831 0.368831 0.368831
2242.093750 0.000000 2157.472656 0.000000 0.341826 0.000000 0.939763 0.295607 0.295607 0.295607
2240.004639 0.000000 2199.720215 0.000000 0.676136 0.000000 0.736777 0.337550 0.337550 0.337550
2242.200195 0.000000 2163.025391 0.000000 0.922032 0.000000 0.387114 0.374000 0.374000 0.374000
2249.040527 0.000000 2187.930908 0.000000 0.496146 0.000000 0.868239 0.319660 0.319660 0.319660
2251.861084 0.000000 2161.075684 0.000000 0.266094 0.000000 0.963947 0.274624 0.274624 0.274624
2241.897461 0.000000 2169.197754 0.000000 0.948122 0.000000 0.317906 0.366600 0.366600 0.366600
2246.203369 0.000000 2183.701416 0.000000 0.987757 0.000000 0.156002 0.389324 0.389324 0.389324
2254.208252 0.000000 2157.654785 0.000000 0.987217 0.000000 0.159384 0.387772 0.387772 0.387772
2249.808594 0.000000 2168.764404 0.000000 0.669238 0.000000 0.743048 0.336011 0.336011 0.336011
2245.821045 0.000000 2164.012451 0.000000 0.748815 0.000000 0.662779 0.349896 0.349896 0.349896
2259.069824 0.000000 2151.434570 0.000000 0.998632 0.000000 0.052298 0.396003 0.396003 0.396003
2254.587891 0.000000 2154.175049 0.000000 0.341258 0.000000 0.939970 0.306605 0.306605 0.306605
2246.769043 0.000000 2182.413574 0.000000 0.947325 0.000000 0.320275 0.377780 0.377780 0.377780
2249.120117 0.000000 2170.681152 0.000000 0.913091 0.000000 0.407756 0.367915 0.367915 0.367915
2217.206787 0.000000 2211.434326 0.000000 0.993620 0.000000 0.112782 0.259744 0.259744 0.259744
2227.915527 0.000000 2214.931885 0.000000 0.586895 0.000000 0.809663 0.246181 0.246181 0.246181
2189.467529 0.000000 2218.445801 0.000000 0.895002 0.000000 0.446062 0.240126 0.240126 0.240126
2210.074463 0.000000 2208.410400 0.000000 0.470041 0.000000 0.882645 0.237135 0.237135 0.237135
2230.117188 0.000000 2209.912109 0.000000 0.929568 0.000000 0.368652 0.210564 0.210564 0.210564
2222.917725 0.000000 2224.205322 0.000000 0.071683 0.000000 0.997427 0.282037 0.282037 0.282037
2226.317383 0.000000 2206.081787 0.000000 0.165205 0.000000 0.986259 0.307945 0.307945 0.307945
2234.875244 0.000000 2203.045166 0.000000 0.761397 0.000000 0.648286 0.226994 0.226994 0.226994
2229.758057 0.000000 2222.255371 0.000000 0.975330 0.000000 0.220753 0.263752 0.263752 0.263752
2206.227295 0.000000 2207.447998 0.000000 0.999990 0.000000 0.004498 0.399688 0.399688 0.399688
2217.896973 0.000000 2202.918945 0.000000 0.999766 0.000000 0.021650 0.398346 0.398346 0.398346
2225.098145 0.000000 2217.266602 0.000000 0.774418 0.000000 0.632675 0.237889 0.237889 0.237889
2200.358154 0.000000 2211.401611 0.000000 0.925678 0.000000 0.378313 0.270073 0.270073 0.270073
2176.205078 0.000000 2225.309326 0.000000 0.629109 0.000000 0.777317 0.246512 0.246512 0.246512
2234.815186 0.000000 2210.459717 0.000000 0.237828 0.000000 0.971307 0.303992 0.303992 0.303992
2230.469482 0.000000 2213.044678 0.000000 0.862338 0.000000 0.506332 0.359440 0.359440 0.359440
2215.443848 0.000000 2214.179932 0.000000 0.464836 0.000000 0.885397 0.237010 0.237010 0.237010
2226.335205 0.000000 2223.783691 0.000000 0.493947 0.000000 0.869492 0.302747 0.302747 0.302747
2188.424805 0.000000 2221.310303 0.000000 0.791814 0.000000 0.610762 0.276148 0.276148 0.276148
2228.340576 0.000000 2203.226807 0.000000 0.994593 0.000000 0.103848 0.363194 0.363194 0.363194
2225.495361 0.000000 2202.990723 0.000000 0.860499 0.000000 0.509453 0.312060 0.312060 0.312060
2212.294922 0.000000 2206.547363 0.000000 0.448131 0.000000 0.893968 0.257142 0.257142 0.257142
2200.982666 0.000000 2206.764404 0.000000 0.586642 0.000000 0.809846 0.255689 0.255689 0.255689
2211.895264 0.000000 2215.404297 0.000000 0.657183 0.000000 0.753731 0.276299 0.276299 0.276299
2232.357666 0.000000 2211.237549 0.000000 0.602355 0.000000 0.798228 0.329385 0.329385 0.329385
2207.881836 0.000000 2205.540039 0.000000 0.148877 0.000000 0.988856 0.291416 0.291416 0.291416
2216.628906 0.000000 2209.031006 0.000000 0.715352 0.000000 0.698764 0.347849 0.347849 0.347849
2180.637939 0.000000 2221.463379 0.000000 0.943106 0.000000 0.332491 0.281579 0.281579 0.281579
2203.827881 0.000000 2206.929688 0.000000 0.103662 0.000000 0.994613 0.297089 0.297089 0.297089
2223.774658 0.000000 2222.079102 0.000000 0.446409 0.000000 0.894829 0.286415 0.286415 0.286415
2204.903564 0.000000 2209.511963 0.000000 0.357309 0.000000 0.933986 0.315259 0.315259 0.315259
2224.749756 0.000000 2225.498291 0.000000 0.578816 0.000000 0.815458 0.302790 0.302790 0.302790
2237.061279 0.000000 2203.447021 0.000000 0.175406 0.000000 0.984496 0.305891 0.305891 0.305891
2217.191162 0.000000 2205.020996 0.000000 0.960705 0.000000 0.277572 0.380900 0.380900 0.380900
2219.536621 0.000000 2216.453613 0.000000 0.527267 0.000000 0.849700 0.253000 0.253000 0.253000
2222.326416 0.000000 2214.008789 0.000000 0.211607 0.000000 0.977355 0.281033 0.281033 0.281033
2227.156250 0.000000 2216.963623 0.000000 0.700215 0.000000 0.713932 0.288606 0.288606 0.288606
2220.434570 0.000000 2214.669434 0.000000 0.439532 0.000000 0.898227 0.319151 0.319151 0.319151
2225.878906 0.000000 2215.234619 0.000000 0.956815 0.000000 0.290698 0.338090 0.338090 0.338090
2233.029541 0.000000 2209.327393 0.000000 0.669814 0.000000 0.742529 0.276839 0.276839 0.276839
2231.475830 0.000000 2214.785889 0.000000 0.825359 0.000000 0.564609 0.286296 0.286296 0.286296
2228.512451 0.000000 2212.745117 0.000000 0.976398 0.000000 0.215981 0.382030 0.382030 0.382030
2210.286865 0.000000 2206.518311 0.000000 0.998807 0.000000 0.048827 0.326380 0.326380 0.326380
2208.666016 0.000000 2203.529541 0.000000 0.536534 0.000000 0.843879 0.323264 0.323264 0.323264
2225.127930 0.000000 2204.718506 0.000000 0.492909 0.000000 0.870081 0.330705 0.330705 0.330705
2188.622803 0.000000 2226.522217 0.000000 0.557434 0.000000 0.830221 0.306223 0.306223 0.306223
2212.465576 0.000000 2204.676514 0.000000 0.996261 0.000000 0.086394 0.360849 0.360849 0.360849
2226.757324 0.000000 2204.238770 0.000000 0.715154 0.000000 0.698967 0.349956 0.349956 0.349956
2227.249023 0.000000 2207.300781 0.000000 0.814866 0.000000 0.579650 0.356348 0.356348 0.356348
2233.855957 0.000000 2211.712646 0.000000 0.940238 0.000000 0.340518 0.373455 0.373455 0.373455
2215.698242 0.000000 2204.848877 0.000000 0.970614 0.000000 0.240641 0.381434 0.381434 0.381434
2202.265869 0.000000 2207.648682 0.000000 0.101942 0.000000 0.994790 0.296968 0.296968 0.296968
2206.456787 0.000000 2205.941406 0.000000 0.924561 0.000000 0.381033 0.370136 0.370136 0.370136
2216.668945 0.000000 2207.543945 0.000000 0.022551 0.000000 0.999746 0.281723 0.281723 0.281723
2183.009521 0.000000 2224.530518 0.000000 0.790145 0.000000 0.612920 0.354046 0.354046 0.354046
2211.260010 0.000000 2205.455078 0.000000 0.075452 0.000000 0.997149 0.285770 0.285770 0.285770
2205.169678 0.000000 2206.490234 0.000000 0.693391 0.000000 0.720561 0.338532 0.338532 0.338532
3554.996826 0.000000 1863.463379 0.000000 0.730221 0.000000 0.683211 0.226220 0.226220 0.226220
3558.352295 0.000000 1856.688477 0.000000 0.994789 0.000000 0.101956 0.393345 0.393345 0.393345
3523.716309 0.000000 1905.090576 0.000000 0.892219 0.000000 0.451603 0.196081 0.196081 0.196081
3529.807861 0.000000 1899.689941 0.000000 0.855609 0.000000 0.517623 0.258258 0.258258 0.258258
3527.290527 0.000000 1898.656738 0.000000 0.983755 0.000000 0.179518 0.234591 0.234591 0.234591
3700.600586 0.000000 2169.620117 0.000000 0.441295 0.000000 0.897362 0.192214 0.192214 0.192214
3686.737793 0.000000 2184.884033 0.000000 0.316138 0.000000 0.948713 0.207828 0.207828 0.207828
3714.873291 0.000000 2172.696533 0.000000 0.432686 0.000000 0.901545 0.232895 0.232895 0.232895
7985.916504 0.000000 413.180634 0.000000 0.674384 0.000000 0.738381 0.336542 0.336542 0.336542
7983.365234 0.000000 426.194275 0.000000 0.305024 0.000000 0.952345 0.317395 0.317395 0.317395
7992.851562 0.000000 427.003052 0.000000 0.578980 0.000000 0.815342 0.252014 0.252014 0.252014
7989.757812 0.000000 414.755371 0.000000 0.730940 0.000000 0.682441 0.342620 0.342620 0.342620
7984.446289 0.000000 406.221436 0.000000 0.997116 0.000000 0.075898 0.394196 0.394196 0.394196
7990.755859 0.000000 421.486023 0.000000 0.871774 0.000000 0.489908 0.360887 0.360887 0.360887
7985.098145 0.000000 409.766541 0.000000 0.563553 0.000000 0.826080 0.325736 0.325736 0.325736
7987.006836 0.000000 403.835724 0.000000 0.169032 0.000000 0.985611 0.265568 0.265568 0.265568
7991.542480 0.000000 418.520416 0.000000 0.660209 0.000000 0.751082 0.335088 0.335088 0.335088
7987.409180 0.000000 420.876862 0.000000 0.296155 0.000000 0.955140 0.302969 0.302969 0.302969
7974.658203 0.000000 403.611633 0.000000 0.253730 0.000000 0.967275 0.233011 0.233011 0.233011
7990.928223 0.000000 412.275696 0.000000 0.007638 0.000000 0.999971 0.280584 0.280584 0.280584
7983.221680 0.000000 428.689270 0.000000 0.236925 0.000000 0.971528 0.261703 0.261703 0.261703
7980.304199 0.000000 419.089996 0.000000 0.380755 0.000000 0.924676 0.319858 0.319858 0.319858
7988.127930 0.000000 413.273071 0.000000 0.998207 0.000000 0.059857 0.395425 0.395425 0.395425
7975.451172 0.000000 410.386139 0.000000 0.581481 0.000000 0.813560 0.316740 0.316740 0.316740
7982.915039 0.000000 404.476410 0.000000 0.163905 0.000000 0.986476 0.292578 0.292578 0.292578
7977.380859 0.000000 411.338257 0.000000 0.167959 0.000000 0.985794 0.292892 0.292892 0.292892
7974.302734 0.000000 408.457336 0.000000 0.606769 0.000000 0.794878 0.330955 0.330955 0.330955
7989.305176 0.000000 409.041534 0.000000 0.985918 0.000000 0.167231 0.387626 0.387626 0.387626
7980.596680 0.000000 414.341949 0.000000 0.634164 0.000000 0.773199 0.332477 0.332477 0.332477
7980.434570 0.000000 407.169312 0.000000 0.838166 0.000000 0.545415 0.355929 0.355929 0.355929
7985.878906 0.000000 407.734528 0.000000 0.903778 0.000000 0.428002 0.366212 0.366212 0.366212
7985.047363 0.000000 404.215118 0.000000 0.900088 0.000000 0.435709 0.365559 0.365559 0.365559
7984.094238 0.000000 412.499878 0.000000 0.007336 0.000000 0.999973 0.280560 0.280560 0.280560
7988.288574 0.000000 416.220734 0.000000 0.927480 0.000000 0.373872 0.370727 0.370727 0.370727
7993.789062 0.000000 414.752411 0.000000 0.035109 0.000000 0.999384 0.279775 0.279775 0.279775
7986.737793 0.000000 428.888306 0.000000 0.798040 0.000000 0.602605 0.324356 0.324356 0.324356
7990.093750 0.000000 419.658020 0.000000 0.508559 0.000000 0.861027 0.320757 0.320757 0.320757
7979.434082 0.000000 424.480682 0.000000 0.935529 0.000000 0.353249 0.375083 0.375083 0.375083
7974.058105 0.000000 411.693054 0.000000 0.999984 0.000000 0.005593 0.364981 0.364981 0.364981
7981.746094 0.000000 415.526611 0.000000 0.308759 0.000000 0.951140 0.303979 0.303979 0.303979
7985.404785 0.000000 414.848755 0.000000 0.389685 0.000000 0.920948 0.310580 0.310580 0.310580
7984.528809 0.000000 416.271606 0.000000 0.992647 0.000000 0.121044 0.390730 0.390730 0.390730
7974.213867 0.000000 405.403900 0.000000 0.622885 0.000000 0.782313 0.342071 0.342071 0.342071
7987.356445 0.000000 417.565979 0.000000 0.729610 0.000000 0.683864 0.342472 0.342472 0.342472
7979.719727 0.000000 412.977295 0.000000 0.012277 0.000000 0.999925 0.280938 0.280938 0.280938
7989.040527 0.000000 424.038086 0.000000 0.573889 0.000000 0.818933 0.326696 0.326696 0.326696
7993.095215 0.000000 419.170258 0.000000 0.983509 0.000000 0.180857 0.388286 0.388286 0.388286
7993.763184 0.000000 416.406250 0.000000 0.199856 0.000000 0.979825 0.295371 0.295371 0.295371
7975.927246 0.000000 408.564636 0.000000 0.947463 0.000000 0.319865 0.375533 0.375533 0.375533
7991.627441 0.000000 426.018097 0.000000 0.556302 0.000000 0.830980 0.325447 0.325447 0.325447
7984.720703 0.000000 425.434387 0.000000 0.481350 0.000000 0.876528 0.318365 0.318365 0.318365
7977.913086 0.000000 412.785400 0.000000 0.779741 0.000000 0.626102 0.348316 0.348316 0.348316
7976.266113 0.000000 424.154083 0.000000 0.365031 0.000000 0.930995 0.308546 0.308546 0.308546
7980.527832 0.000000 403.374390 0.000000 0.573249 0.000000 0.819381 0.331191 0.331191 0.331191
7992.549805 0.000000 417.366425 0.000000 0.986984 0.000000 0.160821 0.387661 0.387661 0.387661
7990.250977 0.000000 423.153900 0.000000 0.985799 0.000000 0.167927 0.387110 0.387110 0.387110
7987.138184 0.000000 427.402771 0.000000 0.997322 0.000000 0.073135 0.394408 0.394408 0.394408
7980.925781 0.000000 411.958008 0.000000 0.768440 0.000000 0.639921 0.349726 0.349726 0.349726
7989.702637 0.000000 413.227570 0.000000 0.756920 0.000000 0.653507 0.345591 0.345591 0.345591
7979.860840 0.000000 420.696686 0.000000 0.710561 0.000000 0.703635 0.340374 0.340374 0.340374
7978.374023 0.000000 408.035370 0.000000 0.831445 0.000000 0.555606 0.354997 0.354997 0.354997
7984.912598 0.000000 411.203674 0.000000 0.999627 0.000000 0.027315 0.397913 0.397913 0.397913
7975.114258 0.000000 425.845428 0.000000 0.272020 0.000000 0.962292 0.301046 0.301046 0.301046
7984.418945 0.000000 421.667267 0.000000 0.439489 0.000000 0.898248 0.314762 0.314762 0.314762
7983.139160 0.000000 409.308899 0.000000 0.325055 0.000000 0.945695 0.305292 0.305292 0.305292
7979.041992 0.000000 415.469452 0.000000 0.950368 0.000000 0.311127 0.376936 0.376936 0.376936
7983.419922 0.000000 418.045044 0.000000 0.571636 0.000000 0.820508 0.326486 0.326486 0.326486
7989.027344 0.000000 426.907684 0.000000 0.293952 0.000000 0.955820 0.302793 0.302793 0.302793
8029.075684 0.000000 447.790833 0.000000 0.179761 0.000000 0.983710 0.308318 0.308318 0.308318
8028.116211 0.000000 450.806244 0.000000 0.870958 0.000000 0.491357 0.247128 0.247128 0.247128
8025.164062 0.000000 451.250061 0.000000 0.862141 0.000000 0.506668 0.249723 0.249723 0.249723
8027.848633 0.000000 449.049835 0.000000 0.946598 0.000000 0.322416 0.374921 0.374921 0.374921
8022.371582 0.000000 448.216614 0.000000 0.119162 0.000000 0.992875 0.294560 0.294560 0.294560
8030.802246 0.000000 451.936157 0.000000 0.885118 0.000000 0.465366 0.232672 0.232672 0.232672
8025.924805 0.000000 505.115479 0.000000 0.645167 0.000000 0.764041 0.192185 0.192185 0.192185
8044.186523 0.000000 499.583221 0.000000 0.427718 0.000000 0.903912 0.313764 0.313764 0.313764
8037.084961 0.000000 466.672607 0.000000 0.724939 0.000000 0.688813 0.193930 0.193930 0.193930
8037.443359 0.000000 471.676971 0.000000 0.471695 0.000000 0.881762 0.317526 0.317526 0.317526
8042.064453 0.000000 503.198792 0.000000 0.686400 0.000000 0.727224 0.337794 0.337794 0.337794
8039.553711 0.000000 469.077301 0.000000 0.693879 0.000000 0.720092 0.225363 0.225363 0.225363
8032.693359 0.000000 503.863251 0.000000 0.911860 0.000000 0.410502 0.367685 0.367685 0.367685
8041.246582 0.000000 500.186768 0.000000 0.964769 0.000000 0.263099 0.311683 0.311683 0.311683
8040.221680 0.000000 472.318237 0.000000 0.950046 0.000000 0.312109 0.375752 0.375752 0.375752
8036.314453 0.000000 505.270905 0.000000 0.768251 0.000000 0.640149 0.354040 0.354040 0.354040
8055.879395 0.000000 495.069824 0.000000 0.027676 0.000000 0.999617 0.296571 0.296571 0.296571
8053.008789 0.000000 496.096863 0.000000 0.394191 0.000000 0.919029 0.310954 0.310954 0.310954
8042.622559 0.000000 505.900055 0.000000 0.276105 0.000000 0.961128 0.313789 0.313789 0.313789
8042.478516 0.000000 477.612122 0.000000 0.548676 0.000000 0.836035 0.324368 0.324368 0.324368
8038.386719 0.000000 474.223083 0.000000 0.429604 0.000000 0.903017 0.313923 0.313923 0.313923
8019.100098 0.000000 504.621948 0.000000 0.909309 0.000000 0.416122 0.332804 0.332804 0.332804
8047.961914 0.000000 507.134888 0.000000 0.037014 0.000000 0.999315 0.232667 0.232667 0.232667
8046.583984 0.000000 500.655579 0.000000 0.071478 0.000000 0.997442 0.285465 0.285465 0.285465
8055.341309 0.000000 503.166992 0.000000 0.501094 0.000000 0.865393 0.311854 0.311854 0.311854
8033.615234 0.000000 505.970734 0.000000 0.899917 0.000000 0.436061 0.365530 0.365530 0.365530
8034.304199 0.000000 467.974823 0.000000 0.997303 0.000000 0.073399 0.383338 0.383338 0.383338
8011.567871 0.000000 492.028351 0.000000 0.166648 0.000000 0.986016 0.254527 0.254527 0.254527
8040.507812 0.000000 476.297363 0.000000 0.827785 0.000000 0.561046 0.354496 0.354496 0.354496
8040.272949 0.000000 502.090637 0.000000 0.011274 0.000000 0.999936 0.280861 0.280861 0.280861
8032.929688 0.000000 508.352509 0.000000 0.665204 0.000000 0.746662 0.335597 0.335597 0.335597
8040.552734 0.000000 504.726135 0.000000 0.938364 0.000000 0.345650 0.359024 0.359024 0.359024
8006.227051 0.000000 496.449982 0.000000 0.870779 0.000000 0.491675 0.358236 0.358236 0.358236
8011.577637 0.000000 495.896118 0.000000 0.258557 0.000000 0.965996 0.292780 0.292780 0.292780
8009.185059 0.000000 495.410217 0.000000 0.933914 0.000000 0.357499 0.372893 0.372893 0.372893
8052.105469 0.000000 494.265961 0.000000 0.955693 0.000000 0.294366 0.353023 0.353023 0.353023
8048.863770 0.000000 496.351013 0.000000 0.438097 0.000000 0.898928 0.324335 0.324335 0.324335
8032.410645 0.000000 469.244537 0.000000 0.496056 0.000000 0.868291 0.319653 0.319653 0.319653
8030.899414 0.000000 504.736816 0.000000 0.988362 0.000000 0.152121 0.388334 0.388334 0.388334
8031.909668 0.000000 466.842438 0.000000 0.991440 0.000000 0.130561 0.321015 0.321015 0.321015
8029.530273 0.000000 506.048401 0.000000 0.029262 0.000000 0.999572 0.282236 0.282236 0.282236
8041.984863 0.000000 472.811646 0.000000 0.993423 0.000000 0.114503 0.391233 0.391233 0.391233
8042.572266 0.000000 501.453888 0.000000 0.974189 0.000000 0.225736 0.382605 0.382605 0.382605
8051.450195 0.000000 504.714203 0.000000 0.800200 0.000000 0.599733 0.357288 0.357288 0.357288
8041.028320 0.000000 478.581848 0.000000 0.591190 0.000000 0.806533 0.329025 0.329025 0.329025
8036.916992 0.000000 503.616211 0.000000 0.739212 0.000000 0.673473 0.343552 0.343552 0.343552
8051.333496 0.000000 496.282715 0.000000 0.410726 0.000000 0.911759 0.312334 0.312334 0.312334
8054.213379 0.000000 494.880310 0.000000 0.999332 0.000000 0.036540 0.385517 0.385517 0.385517
8033.938477 0.000000 502.763519 0.000000 0.838223 0.000000 0.545328 0.355937 0.355937 0.355937
8019.981934 0.000000 506.057190 0.000000 0.634230 0.000000 0.773144 0.336235 0.336235 0.336235
8036.710938 0.000000 501.371643 0.000000 0.316106 0.000000 0.948724 0.318118 0.318118 0.318118
8039.682617 0.000000 500.125977 0.000000 0.807501 0.000000 0.589866 0.354008 0.354008 0.354008
8048.143066 0.000000 504.291595 0.000000 0.947348 0.000000 0.320206 0.362508 0.362508 0.362508
8039.754395 0.000000 477.783508 0.000000 0.722084 0.000000 0.691806 0.341636 0.341636 0.341636
8035.868164 0.000000 467.715881 0.000000 0.697010 0.000000 0.717062 0.340469 0.340469 0.340469
8042.936523 0.000000 504.375305 0.000000 0.704215 0.000000 0.709987 0.344235 0.344235 0.344235
8032.238770 0.000000 505.413422 0.000000 0.459645 0.000000 0.888103 0.316486 0.316486 0.316486
8047.452637 0.000000 501.854126 0.000000 0.721431 0.000000 0.692486 0.341564 0.341564 0.341564
8037.208008 0.000000 477.914337 0.000000 0.827988 0.000000 0.560745 0.355118 0.355118 0.355118
8043.860840 0.000000 477.181061 0.000000 0.704185 0.000000 0.710017 0.339685 0.339685 0.339685
8029.699219 0.000000 507.478485 0.000000 0.999995 0.000000 0.003001 0.399771 0.399771 0.399771
8037.751953 0.000000 502.408356 0.000000 0.462613 0.000000 0.886561 0.316741 0.316741 0.316741
8018.552246 0.000000 506.025787 0.000000 0.999987 0.000000 0.005038 0.399637 0.399637 0.399637
8051.251465 0.000000 501.039062 0.000000 0.242020 0.000000 0.970271 0.298674 0.298674 0.298674
8040.031738 0.000000 503.425537 0.000000 0.918383 0.000000 0.395694 0.368921 0.368921 0.368921
8043.722168 0.000000 503.268677 0.000000 0.777413 0.000000 0.628990 0.348032 0.348032 0.348032
8049.428223 0.000000 501.810150 0.000000 0.972455 0.000000 0.233089 0.382028 0.382028 0.382028
8022.797363 0.000000 509.334015 0.000000 0.742611 0.000000 0.669723 0.281032 0.281032 0.281032
8061.041992 0.000000 564.017517 0.000000 0.680755 0.000000 0.732511 0.337204 0.337204 0.337204
8026.661621 0.000000 529.797058 0.000000 0.835827 0.000000 0.548993 0.355603 0.355603 0.355603
8026.844238 0.000000 510.076843 0.000000 0.249113 0.000000 0.968474 0.224166 0.224166 0.224166
8022.003418 0.000000 522.061768 0.000000 0.929279 0.000000 0.369379 0.372892 0.372892 0.372892
8022.302246 0.000000 513.413452 0.000000 0.101528 0.000000 0.994833 0.229706 0.229706 0.229706
8018.974121 0.000000 509.762299 0.000000 0.962083 0.000000 0.272758 0.348114 0.348114 0.348114
8061.449707 0.000000 517.845520 0.000000 0.006129 0.000000 0.999981 0.297265 0.297265 0.297265
8033.456543 0.000000 522.284241 0.000000 0.984985 0.000000 0.172642 0.386745 0.386745 0.386745
8028.683105 0.000000 521.793274 0.000000 0.992274 0.000000 0.124062 0.353549 0.353549 0.353549
8031.085938 0.000000 515.988220 0.000000 0.762767 0.000000 0.646674 0.354003 0.354003 0.354003
8058.815430 0.000000 515.928528 0.000000 0.944388 0.000000 0.328834 0.362976 0.362976 0.362976
8033.860352 0.000000 517.100525 0.000000 0.776632 0.000000 0.629955 0.292675 0.292675 0.292675
8027.116211 0.000000 526.834595 0.000000 0.995985 0.000000 0.089524 0.393152 0.393152 0.393152
8022.909180 0.000000 519.359192 0.000000 0.788944 0.000000 0.614465 0.350936 0.350936 0.350936
8056.357422 0.000000 516.706299 0.000000 0.408106 0.000000 0.912935 0.313263 0.313263 0.313263
8026.002441 0.000000 522.394714 0.000000 0.836135 0.000000 0.548524 0.360719 0.360719 0.360719
8033.762695 0.000000 519.727905 0.000000 0.933732 0.000000 0.357974 0.356342 0.356342 0.356342
8028.903809 0.000000 514.980774 0.000000 0.808565 0.000000 0.588407 0.301855 0.301855 0.301855
8030.946777 0.000000 521.598328 0.000000 0.569086 0.000000 0.822278 0.326249 0.326249 0.326249
8023.342285 0.000000 523.870117 0.000000 0.253921 0.000000 0.967225 0.305846 0.305846 0.305846
8031.953125 0.000000 514.034546 0.000000 0.495930 0.000000 0.868362 0.331196 0.331196 0.331196
8060.870605 0.000000 515.751892 0.000000 0.983479 0.000000 0.181023 0.315870 0.315870 0.315870
8052.201660 0.000000 515.307373 0.000000 0.117672 0.000000 0.993052 0.289010 0.289010 0.289010
8035.248535 0.000000 522.720764 0.000000 0.564453 0.000000 0.825465 0.336971 0.336971 0.336971
8032.666016 0.000000 508.998291 0.000000 0.566054 0.000000 0.824368 0.325967 0.325967 0.325967
8030.270508 0.000000 517.636169 0.000000 0.994754 0.000000 0.102298 0.368677 0.368677 0.368677
8027.871582 0.000000 528.426819 0.000000 0.242877 0.000000 0.970057 0.298742 0.298742 0.298742
8032.356445 0.000000 520.726257 0.000000 0.719603 0.000000 0.694386 0.341362 0.341362 0.341362
8057.855957 0.000000 517.181519 0.000000 0.286412 0.000000 0.958107 0.303470 0.303470 0.303470
8054.014648 0.000000 513.879456 0.000000 0.337007 0.000000 0.941502 0.316369 0.316369 0.316369
8024.543945 0.000000 522.860718 0.000000 0.468172 0.000000 0.883637 0.317221 0.317221 0.317221
8030.747070 0.000000 509.947388 0.000000 0.043411 0.000000 0.999057 0.283317 0.283317 0.283317
8027.479980 0.000000 522.718384 0.000000 0.577808 0.000000 0.816173 0.335405 0.335405 0.335405
8026.442871 0.000000 523.844482 0.000000 0.798166 0.000000 0.602437 0.356257 0.356257 0.356257
8055.597168 0.000000 515.275574 0.000000 0.499626 0.000000 0.866241 0.319967 0.319967 0.319967
8030.457031 0.000000 511.410065 0.000000 0.756091 0.000000 0.654467 0.345494 0.345494 0.345494
8029.330566 0.000000 524.466553 0.000000 0.879386 0.000000 0.476109 0.362711 0.362711 0.362711
8052.127930 0.000000 513.844727 0.000000 0.901736 0.000000 0.432287 0.368417 0.368417 0.368417
8029.169434 0.000000 511.958984 0.000000 0.632061 0.000000 0.774918 0.332270 0.332270 0.332270
8030.441895 0.000000 520.323425 0.000000 0.988593 0.000000 0.150614 0.388450 0.388450 0.388450
8105.423340 0.000000 540.781616 0.000000 0.764464 0.000000 0.644666 0.301756 0.301756 0.301756
8090.616699 0.000000 514.568787 0.000000 0.996001 0.000000 0.089343 0.394037 0.394037 0.394037
8100.049805 0.000000 544.648926 0.000000 0.930982 0.000000 0.365065 0.371451 0.371451 0.371451
8109.791016 0.000000 521.697510 0.000000 0.999942 0.000000 0.010756 0.199898 0.199898 0.199898
8089.550293 0.000000 519.960815 0.000000 0.333414 0.000000 0.942781 0.305968 0.305968 0.305968
8110.917969 0.000000 529.674133 0.000000 0.880796 0.000000 0.473496 0.204041 0.204041 0.204041
8105.605957 0.000000 545.840881 0.000000 0.923402 0.000000 0.383834 0.358660 0.358660 0.358660
8101.993652 0.000000 537.922729 0.000000 0.522643 0.000000 0.852552 0.325836 0.325836 0.325836
8112.887695 0.000000 533.234863 0.000000 0.762727 0.000000 0.646721 0.349961 0.349961 0.349961
8123.742676 0.000000 546.036377 0.000000 0.515110 0.000000 0.857124 0.303888 0.303888 0.303888
8088.357910 0.000000 516.870361 0.000000 0.143422 0.000000 0.989662 0.290995 0.290995 0.290995
8093.536621 0.000000 548.372498 0.000000 0.144805 0.000000 0.989460 0.274409 0.274409 0.274409
8103.443848 0.000000 519.648743 0.000000 0.998574 0.000000 0.053378 0.395920 0.395920 0.395920
8102.737793 0.000000 546.837280 0.000000 0.221872 0.000000 0.975076 0.289736 0.289736 0.289736
8097.860352 0.000000 517.100525 0.000000 0.165084 0.000000 0.986279 0.237861 0.237861 0.237861
8073.349609 0.000000 560.914429 0.000000 0.294736 0.000000 0.955579 0.306554 0.306554 0.306554
8093.260254 0.000000 542.628601 0.000000 0.989130 0.000000 0.147042 0.338550 0.338550 0.338550
8100.193359 0.000000 515.818359 0.000000 0.964856 0.000000 0.262780 0.381346 0.381346 0.381346
8102.885742 0.000000 552.521057 0.000000 0.041712 0.000000 0.999130 0.278390 0.278390 0.278390
8110.630859 0.000000 532.136047 0.000000 0.880976 0.000000 0.473161 0.343815 0.343815 0.343815
8119.370605 0.000000 542.014771 0.000000 0.926408 0.000000 0.376520 0.292279 0.292279 0.292279
8098.441895 0.000000 542.322693 0.000000 0.672104 0.000000 0.740456 0.336306 0.336306 0.336306
8102.985352 0.000000 540.223816 0.000000 0.985675 0.000000 0.168655 0.357667 0.357667 0.357667
8095.881836 0.000000 511.008850 0.000000 0.036154 0.000000 0.999346 0.227577 0.227577 0.227577
8094.667969 0.000000 544.740723 0.000000 0.348537 0.000000 0.937295 0.307197 0.307197 0.307197
8096.505859 0.000000 553.017212 0.000000 0.046444 0.000000 0.998921 0.269840 0.269840 0.269840
8098.794434 0.000000 546.618835 0.000000 0.999984 0.000000 0.005581 0.399574 0.399574 0.399574
8091.828125 0.000000 512.398560 0.000000 0.892857 0.000000 0.450341 0.364313 0.364313 0.364313
8112.749512 0.000000 530.966980 0.000000 0.153346 0.000000 0.988173 0.305203 0.305203 0.305203
8099.097656 0.000000 550.459412 0.000000 0.452610 0.000000 0.891709 0.315882 0.315882 0.315882
8097.051758 0.000000 540.550842 0.000000 0.494451 0.000000 0.869205 0.319511 0.319511 0.319511
8086.294922 0.000000 515.832458 0.000000 0.917257 0.000000 0.398296 0.352989 0.352989 0.352989
8088.196777 0.000000 514.627380 0.000000 0.833730 0.000000 0.552172 0.355312 0.355312 0.355312
8076.277832 0.000000 563.615601 0.000000 0.993575 0.000000 0.113174 0.335746 0.335746 0.335746
8107.536621 0.000000 521.922424 0.000000 0.781089 0.000000 0.624420 0.306348 0.306348 0.306348
8097.958496 0.000000 548.588318 0.000000 0.001520 0.000000 0.999999 0.280116 0.280116 0.280116
8119.657227 0.000000 548.733154 0.000000 0.017958 0.000000 0.999839 0.280627 0.280627 0.280627
8098.456055 0.000000 553.312317 0.000000 0.773026 0.000000 0.634375 0.336143 0.336143 0.336143
8072.026367 0.000000 562.813782 0.000000 0.999423 0.000000 0.033974 0.397404 0.397404 0.397404
8101.990723 0.000000 544.996704 0.000000 0.999589 0.000000 0.028675 0.397809 0.397809 0.397809
8102.151855 0.000000 548.683167 0.000000 0.962250 0.000000 0.272168 0.381557 0.381557 0.381557
8101.000000 0.000000 543.040894 0.000000 0.822099 0.000000 0.569344 0.353654 0.353654 0.353654
8103.873535 0.000000 545.146851 0.000000 0.755779 0.000000 0.654827 0.327961 0.327961 0.327961
8100.653320 0.000000 546.624268 0.000000 0.083044 0.000000 0.996546 0.286351 0.286351 0.286351
8123.123047 0.000000 547.785583 0.000000 0.334348 0.000000 0.942450 0.294567 0.294567 0.294567
8122.464844 0.000000 544.646790 0.000000 0.946590 0.000000 0.322441 0.327522 0.327522 0.327522
8096.870605 0.000000 515.604919 0.000000 0.751672 0.000000 0.659537 0.344981 0.344981 0.344981
8099.859863 0.000000 514.041748 0.000000 0.600409 0.000000 0.799693 0.329199 0.329199 0.329199
8117.498535 0.000000 545.835571 0.000000 0.630098 0.000000 0.776515 0.332742 0.332742 0.332742
8098.989746 0.000000 540.573792 0.000000 0.145410 0.000000 0.989372 0.291148 0.291148 0.291148
8103.815430 0.000000 517.913086 0.000000 0.687663 0.000000 0.726030 0.345173 0.345173 0.345173
8086.760742 0.000000 517.563782 0.000000 0.975130 0.000000 0.221635 0.382927 0.382927 0.382927
8069.147461 0.000000 562.348572 0.000000 0.778772 0.000000 0.627307 0.348198 0.348198 0.348198
8102.209961 0.000000 541.859253 0.000000 0.995566 0.000000 0.094068 0.361539 0.361539 0.361539
8094.604492 0.000000 541.639526 0.000000 0.536747 0.000000 0.843743 0.323283 0.323283 0.323283
8096.706543 0.000000 512.508606 0.000000 0.705772 0.000000 0.708439 0.339856 0.339856 0.339856
8088.543945 0.000000 518.536865 0.000000 0.440167 0.000000 0.897916 0.314819 0.314819 0.314819
8098.527344 0.000000 515.466919 0.000000 0.997523 0.000000 0.070344 0.394622 0.394622 0.394622
8092.480469 0.000000 546.920288 0.000000 0.111625 0.000000 0.993750 0.302750 0.302750 0.302750
8105.198730 0.000000 544.367432 0.000000 0.997656 0.000000 0.068435 0.377077 0.377077 0.377077
8106.500977 0.000000 523.144958 0.000000 0.646794 0.000000 0.762665 0.343277 0.343277 0.343277
8101.195312 0.000000 516.951721 0.000000 0.020898 0.000000 0.999782 0.281597 0.281597 0.281597
8096.099609 0.000000 545.178955 0.000000 0.518424 0.000000 0.855124 0.321635 0.321635 0.321635
8070.498535 0.000000 562.902466 0.000000 0.523070 0.000000 0.852290 0.322051 0.322051 0.322051
8099.450684 0.000000 517.020142 0.000000 0.907622 0.000000 0.419788 0.366905 0.366905 0.366905
8101.564453 0.000000 553.013062 0.000000 0.520228 0.000000 0.854027 0.330742 0.330742 0.330742
8101.641113 0.000000 515.485779 0.000000 0.570213 0.000000 0.821497 0.332370 0.332370 0.332370
8072.569824 0.000000 564.296326 0.000000 0.061753 0.000000 0.998091 0.286604 0.286604 0.286604
8094.551758 0.000000 543.114197 0.000000 0.737608 0.000000 0.675230 0.343371 0.343371 0.343371
8088.170898 0.000000 519.860229 0.000000 0.750742 0.000000 0.660595 0.344873 0.344873 0.344873
8120.429688 0.000000 545.554810 0.000000 0.019099 0.000000 0.999818 0.281459 0.281459 0.281459
8099.771973 0.000000 542.516235 0.000000 0.396734 0.000000 0.917934 0.311166 0.311166 0.311166
8095.819336 0.000000 541.095154 0.000000 0.438497 0.000000 0.898733 0.314677 0.314677 0.314677
8061.524414 0.000000 570.357178 0.000000 0.994029 0.000000 0.109115 0.239039 0.239039 0.239039
8063.291016 0.000000 565.248840 0.000000 0.107230 0.000000 0.994234 0.291861 0.291861 0.291861
8058.875000 0.000000 564.998230 0.000000 0.986827 0.000000 0.161781 0.252198 0.252198 0.252198
8060.365723 0.000000 567.571411 0.000000 0.806299 0.000000 0.591509 0.359549 0.359549 0.359549
8061.061035 0.000000 565.400085 0.000000 0.133298 0.000000 0.991076 0.290214 0.290214 0.290214
8061.973633 0.000000 568.818909 0.000000 0.177777 0.000000 0.984071 0.296434 0.296434 0.296434
8050.281250 0.000000 664.397339 0.000000 0.575055 0.000000 0.818115 0.236214 0.236214 0.236214
8052.885254 0.000000 673.079224 0.000000 0.897280 0.000000 0.441461 0.365070 0.365070 0.365070
8057.729980 0.000000 662.117615 0.000000 0.930624 0.000000 0.365976 0.371376 0.371376 0.371376
8054.872070 0.000000 667.662537 0.000000 0.570335 0.000000 0.821412 0.196933 0.196933 0.196933
8058.308594 0.000000 665.927673 0.000000 0.941623 0.000000 0.336668 0.354638 0.354638 0.354638
8046.444824 0.000000 672.690369 0.000000 0.027547 0.000000 0.999620 0.216967 0.216967 0.216967
8050.616699 0.000000 667.381348 0.000000 0.222374 0.000000 0.974962 0.248975 0.248975 0.248975
8050.714844 0.000000 671.801025 0.000000 0.846974 0.000000 0.531634 0.362217 0.362217 0.362217
8051.450195 0.000000 674.167297 0.000000 0.559950 0.000000 0.828526 0.325403 0.325403 0.325403
8052.959961 0.000000 671.387207 0.000000 0.830561 0.000000 0.556927 0.354875 0.354875 0.354875
8049.522949 0.000000 675.999939 0.000000 0.112226 0.000000 0.993683 0.288592 0.288592 0.288592
8048.143066 0.000000 673.744690 0.000000 0.907832 0.000000 0.419334 0.370581 0.370581 0.370581
8050.969727 0.000000 675.586792 0.000000 0.870231 0.000000 0.492644 0.360647 0.360647 0.360647
8048.308105 0.000000 675.191895 0.000000 0.437655 0.000000 0.899143 0.314606 0.314606 0.314606
8050.359863 0.000000 673.075256 0.000000 0.621002 0.000000 0.783809 0.331186 0.331186 0.331186
8116.600586 0.000000 588.057556 0.000000 0.742599 0.000000 0.669736 0.193862 0.193862 0.193862
8099.530762 0.000000 615.432312 0.000000 0.509099 0.000000 0.860708 0.320805 0.320805 0.320805
8065.476562 0.000000 571.302429 0.000000 0.982970 0.000000 0.183765 0.385881 0.385881 0.385881
8103.675293 0.000000 619.617615 0.000000 0.171711 0.000000 0.985147 0.235771 0.235771 0.235771
8085.636230 0.000000 619.346008 0.000000 0.975774 0.000000 0.218780 0.383150 0.383150 0.383150
8118.755859 0.000000 590.939148 0.000000 0.529234 0.000000 0.848476 0.324375 0.324375 0.324375
8090.771973 0.000000 614.754028 0.000000 0.188859 0.000000 0.982004 0.294515 0.294515 0.294515
8102.643555 0.000000 616.545837 0.000000 0.983477 0.000000 0.181036 0.384239 0.384239 0.384239
8093.536621 0.000000 604.856873 0.000000 0.998266 0.000000 0.058868 0.312774 0.312774 0.312774
8108.084473 0.000000 595.587524 0.000000 0.883836 0.000000 0.467798 0.257633 0.257633 0.257633
8102.737793 0.000000 603.321655 0.000000 0.924065 0.000000 0.382236 0.368349 0.368349 0.368349
8105.246582 0.000000 613.155518 0.000000 0.937828 0.000000 0.347101 0.354041 0.354041 0.354041
8076.406250 0.000000 565.792053 0.000000 0.978652 0.000000 0.205523 0.384187 0.384187 0.384187
8085.436035 0.000000 616.141724 0.000000 0.994631 0.000000 0.103487 0.392080 0.392080 0.392080
8100.314453 0.000000 618.239624 0.000000 0.959283 0.000000 0.282445 0.378125 0.378125 0.378125
8077.243652 0.000000 572.084900 0.000000 0.738652 0.000000 0.674086 0.344966 0.344966 0.344966
8074.448242 0.000000 568.448669 0.000000 0.984882 0.000000 0.173225 0.386699 0.386699 0.386699
8080.764160 0.000000 580.795715 0.000000 0.694282 0.000000 0.719703 0.338627 0.338627 0.338627
8079.212891 0.000000 577.297058 0.000000 0.014291 0.000000 0.999898 0.281092 0.281092 0.281092
8106.452148 0.000000 599.777893 0.000000 0.885271 0.000000 0.465075 0.365100 0.365100 0.365100
8066.759766 0.000000 573.958374 0.000000 0.901796 0.000000 0.432161 0.304002 0.304002 0.304002
8083.922852 0.000000 568.643188 0.000000 0.833147 0.000000 0.553052 0.304434 0.304434 0.304434
8111.560547 0.000000 607.607422 0.000000 0.937357 0.000000 0.348369 0.342171 0.342171 0.342171
8068.015137 0.000000 570.930847 0.000000 0.844092 0.000000 0.536199 0.356766 0.356766 0.356766
8102.352539 0.000000 614.032288 0.000000 0.810933 0.000000 0.585139 0.352718 0.352718 0.352718
8115.473145 0.000000 605.221619 0.000000 0.674444 0.000000 0.738326 0.259510 0.259510 0.259510
8119.370605 0.000000 598.499146 0.000000 0.845809 0.000000 0.533485 0.363474 0.363474 0.363474
8098.441895 0.000000 598.807068 0.000000 0.666036 0.000000 0.745920 0.335682 0.335682 0.335682
8102.985352 0.000000 596.708191 0.000000 0.914185 0.000000 0.405298 0.361140 0.361140 0.361140
8072.000977 0.000000 568.904968 0.000000 0.535292 0.000000 0.844667 0.323152 0.323152 0.323152
8081.307129 0.000000 575.789673 0.000000 0.078707 0.000000 0.996898 0.286019 0.286019 0.286019
8090.280762 0.000000 608.690125 0.000000 0.814894 0.000000 0.579610 0.352769 0.352769 0.352769
8097.651855 0.000000 601.041199 0.000000 0.951801 0.000000 0.306716 0.364306 0.364306 0.364306
8089.450195 0.000000 612.540588 0.000000 0.423723 0.000000 0.905792 0.279491 0.279491 0.279491
8111.221680 0.000000 598.142395 0.000000 0.999602 0.000000 0.028209 0.398162 0.398162 0.398162
8083.281738 0.000000 620.498169 0.000000 0.840386 0.000000 0.541988 0.356241 0.356241 0.356241
8101.593262 0.000000 607.054443 0.000000 0.440153 0.000000 0.897923 0.314818 0.314818 0.314818
8097.615234 0.000000 618.939453 0.000000 0.931757 0.000000 0.363082 0.371614 0.371614 0.371614
8075.600586 0.000000 570.565552 0.000000 0.993687 0.000000 0.112187 0.391411 0.391411 0.391411
8115.339844 0.000000 600.133118 0.000000 0.454925 0.000000 0.890530 0.316080 0.316080 0.316080
8104.632324 0.000000 604.478882 0.000000 0.999977 0.000000 0.006730 0.324673 0.324673 0.324673
8106.151367 0.000000 607.355347 0.000000 0.938276 0.000000 0.345887 0.373019 0.373019 0.373019
8095.716309 0.000000 605.294373 0.000000 0.732008 0.000000 0.681296 0.348167 0.348167 0.348167
8097.958496 0.000000 605.072693 0.000000 0.619398 0.000000 0.785077 0.331030 0.331030 0.331030
8084.672363 0.000000 584.401123 0.000000 0.592396 0.000000 0.805647 0.335686 0.335686 0.335686
8096.929688 0.000000 621.321228 0.000000 0.983956 0.000000 0.178410 0.387327 0.387327 0.387327
8081.646484 0.000000 584.168579 0.000000 0.815425 0.000000 0.578863 0.305043 0.305043 0.305043
8078.121582 0.000000 566.862244 0.000000 0.787467 0.000000 0.616357 0.334805 0.334805 0.334805
8079.288574 0.000000 579.381714 0.000000 0.529667 0.000000 0.848206 0.322644 0.322644 0.322644
8109.660156 0.000000 596.794067 0.000000 0.137144 0.000000 0.990551 0.308758 0.308758 0.308758
8104.666504 0.000000 611.166260 0.000000 0.785110 0.000000 0.619357 0.348974 0.348974 0.348974
8083.108398 0.000000 574.820923 0.000000 0.792543 0.000000 0.609816 0.349898 0.349898 0.349898
8100.845703 0.000000 610.823608 0.000000 0.667503 0.000000 0.744607 0.335833 0.335833 0.335833
8076.800293 0.000000 575.406555 0.000000 0.401414 0.000000 0.915897 0.311555 0.311555 0.311555
8091.270508 0.000000 616.590027 0.000000 0.989742 0.000000 0.142868 0.386636 0.386636 0.386636
8092.530762 0.000000 606.518738 0.000000 0.795580 0.000000 0.605848 0.353530 0.353530 0.353530
8092.806641 0.000000 615.206726 0.000000 0.744897 0.000000 0.667180 0.352224 0.352224 0.352224
8102.151855 0.000000 605.167542 0.000000 0.876264 0.000000 0.481832 0.339593 0.339593 0.339593
8078.853027 0.000000 581.745544 0.000000 0.837515 0.000000 0.546414 0.356271 0.356271 0.356271
8116.948730 0.000000 591.569824 0.000000 0.333145 0.000000 0.942876 0.284993 0.284993 0.284993
8101.000000 0.000000 599.525269 0.000000 0.795270 0.000000 0.606255 0.350241 0.350241 0.350241
8072.096191 0.000000 567.028748 0.000000 0.914496 0.000000 0.404595 0.368179 0.368179 0.368179
8103.873535 0.000000 601.631226 0.000000 0.896573 0.000000 0.442897 0.365979 0.365979 0.365979
8100.653320 0.000000 603.108643 0.000000 0.985002 0.000000 0.172541 0.387012 0.387012 0.387012
8074.858887 0.000000 572.372375 0.000000 0.839195 0.000000 0.543830 0.356074 0.356074 0.356074
8084.110352 0.000000 578.481567 0.000000 0.360201 0.000000 0.932875 0.308150 0.308150 0.308150
8076.231934 0.000000 567.680298 0.000000 0.870385 0.000000 0.492372 0.364913 0.364913 0.364913
8107.631348 0.000000 608.393677 0.000000 0.755435 0.000000 0.655223 0.345418 0.345418 0.345418
8119.086426 0.000000 601.460083 0.000000 0.243693 0.000000 0.969853 0.309719 0.309719 0.309719
8094.384766 0.000000 606.438416 0.000000 0.573112 0.000000 0.819477 0.326623 0.326623 0.326623
8086.371582 0.000000 617.669739 0.000000 0.880031 0.000000 0.474917 0.362195 0.362195 0.362195
8081.241211 0.000000 582.475098 0.000000 0.923033 0.000000 0.384722 0.346068 0.346068 0.346068
8079.876465 0.000000 573.291992 0.000000 0.498272 0.000000 0.867021 0.319848 0.319848 0.319848
8100.916992 0.000000 616.584961 0.000000 0.945211 0.000000 0.326459 0.374595 0.374595 0.374595
8083.362793 0.000000 573.155396 0.000000 0.800402 0.000000 0.599464 0.350891 0.350891 0.350891
8074.685059 0.000000 566.807007 0.000000 0.988050 0.000000 0.154131 0.388178 0.388178 0.388178
8102.209961 0.000000 598.343628 0.000000 0.309271 0.000000 0.950974 0.304020 0.304020 0.304020
8091.020508 0.000000 613.051941 0.000000 0.961013 0.000000 0.276502 0.378598 0.378598 0.378598
8071.773438 0.000000 565.390747 0.000000 0.128035 0.000000 0.991770 0.289808 0.289808 0.289808
8090.534668 0.000000 619.639221 0.000000 0.799686 0.000000 0.600419 0.320956 0.320956 0.320956
8108.260742 0.000000 605.777100 0.000000 0.984554 0.000000 0.175080 0.386556 0.386556 0.386556
8111.049805 0.000000 594.053711 0.000000 0.042350 0.000000 0.999103 0.286671 0.286671 0.286671
8101.219727 0.000000 588.423157 0.000000 0.760893 0.000000 0.648877 0.346057 0.346057 0.346057
8097.938477 0.000000 615.732300 0.000000 0.340749 0.000000 0.940154 0.313586 0.313586 0.313586
8083.981934 0.000000 619.025940 0.000000 0.380742 0.000000 0.924681 0.310429 0.310429 0.310429
8103.006836 0.000000 584.247498 0.000000 0.996682 0.000000 0.081391 0.369814 0.369814 0.369814
8087.098145 0.000000 583.858093 0.000000 0.991466 0.000000 0.130364 0.390045 0.390045 0.390045
8100.710938 0.000000 614.340393 0.000000 0.398101 0.000000 0.917342 0.311279 0.311279 0.311279
8117.040527 0.000000 593.491211 0.000000 0.763644 0.000000 0.645637 0.346382 0.346382 0.346382
8084.687500 0.000000 617.546875 0.000000 0.109116 0.000000 0.994029 0.288353 0.288353 0.288353
8096.008789 0.000000 615.328125 0.000000 0.994036 0.000000 0.109049 0.392280 0.392280 0.392280
8094.635254 0.000000 609.407043 0.000000 0.974294 0.000000 0.225281 0.383492 0.383492 0.383492
8078.208008 0.000000 576.092285 0.000000 0.137767 0.000000 0.990465 0.290558 0.290558 0.290558
8079.744141 0.000000 575.804077 0.000000 0.406264 0.000000 0.913756 0.311961 0.311961 0.311961
8070.675781 0.000000 567.728882 0.000000 0.165559 0.000000 0.986200 0.301823 0.301823 0.301823
8072.235840 0.000000 572.226379 0.000000 0.440321 0.000000 0.897840 0.314832 0.314832 0.314832
8077.791016 0.000000 564.896423 0.000000 0.096505 0.000000 0.995332 0.287384 0.287384 0.287384
8068.025391 0.000000 569.069092 0.000000 0.994665 0.000000 0.103162 0.392389 0.392389 0.392389
8112.720703 0.000000 594.887512 0.000000 0.934450 0.000000 0.356093 0.372186 0.372186 0.372186
8097.783691 0.000000 608.407898 0.000000 0.189836 0.000000 0.981816 0.301825 0.301825 0.301825
8077.933594 0.000000 570.712646 0.000000 0.934215 0.000000 0.356710 0.374850 0.374850 0.374850
8081.973633 0.000000 579.765137 0.000000 0.703555 0.000000 0.710641 0.339617 0.339617 0.339617
8096.219238 0.000000 610.999329 0.000000 0.630841 0.000000 0.775912 0.332150 0.332150 0.332150
8116.391602 0.000000 601.298767 0.000000 0.227556 0.000000 0.973765 0.297538 0.297538 0.297538
8085.329102 0.000000 575.468140 0.000000 0.995457 0.000000 0.095208 0.392716 0.392716 0.392716
8106.445312 0.000000 603.699646 0.000000 0.997935 0.000000 0.064226 0.395090 0.395090 0.395090
8069.442383 0.000000 571.783875 0.000000 0.999396 0.000000 0.034745 0.397345 0.397345 0.397345
8101.666016 0.000000 612.679565 0.000000 0.940883 0.000000 0.338733 0.373600 0.373600 0.373600
8082.551758 0.000000 576.736328 0.000000 0.319744 0.000000 0.947504 0.304863 0.304863 0.304863
8099.868164 0.000000 580.684631 0.000000 0.714551 0.000000 0.699583 0.342163 0.342163 0.342163
8080.717773 0.000000 577.180908 0.000000 0.834867 0.000000 0.550452 0.355469 0.355469 0.355469
8069.380859 0.000000 565.001770 0.000000 0.999362 0.000000 0.035710 0.397619 0.397619 0.397619
8114.992676 0.000000 594.249817 0.000000 0.989535 0.000000 0.144292 0.388938 0.388938 0.388938
8096.238770 0.000000 618.382202 0.000000 0.660634 0.000000 0.750709 0.335131 0.335131 0.335131
8109.321289 0.000000 603.326660 0.000000 0.999786 0.000000 0.020699 0.398419 0.398419 0.398419
8078.587891 0.000000 572.612488 0.000000 0.014390 0.000000 0.999896 0.281099 0.281099 0.281099
8064.065918 0.000000 570.880981 0.000000 0.999208 0.000000 0.039799 0.396959 0.396959 0.396959
8075.846680 0.000000 569.090881 0.000000 0.894487 0.000000 0.447093 0.364590 0.364590 0.364590
8085.138184 0.000000 620.659851 0.000000 0.477854 0.000000 0.878439 0.318060 0.318060 0.318060
8107.522461 0.000000 606.947571 0.000000 0.995265 0.000000 0.097196 0.392563 0.392563 0.392563
8088.170898 0.000000 576.344604 0.000000 0.793188 0.000000 0.608977 0.349979 0.349979 0.349979
8097.452148 0.000000 602.387512 0.000000 0.734426 0.000000 0.678688 0.345060 0.345060 0.345060
8099.360352 0.000000 614.092468 0.000000 0.195071 0.000000 0.980789 0.294998 0.294998 0.294998
8109.920898 0.000000 606.167725 0.000000 0.405865 0.000000 0.913933 0.311927 0.311927 0.311927
8098.804199 0.000000 588.825928 0.000000 0.530455 0.000000 0.847713 0.322715 0.322715 0.322715
8108.932129 0.000000 602.032349 0.000000 0.398999 0.000000 0.916951 0.311354 0.311354 0.311354
8111.812988 0.000000 596.948242 0.000000 0.445730 0.000000 0.895168 0.315293 0.315293 0.315293
8155.221680 0.000000 610.872314 0.000000 0.942772 0.000000 0.333439 0.226766 0.226766 0.226766
8151.759277 0.000000 608.969543 0.000000 0.667218 0.000000 0.744862 0.310263 0.310263 0.310263
8143.212891 0.000000 577.297058 0.000000 0.356515 0.000000 0.934290 0.290888 0.290888 0.290888
8148.109863 0.000000 576.533386 0.000000 0.577590 0.000000 0.816327 0.223769 0.223769 0.223769
8147.875488 0.000000 580.292542 0.000000 0.822334 0.000000 0.569006 0.355119 0.355119 0.355119
8160.505859 0.000000 609.501587 0.000000 0.911801 0.000000 0.410633 0.340782 0.340782 0.340782
8143.288574 0.000000 579.381714 0.000000 0.071744 0.000000 0.997423 0.294052 0.294052 0.294052
8138.587402 0.000000 578.124084 0.000000 0.962487 0.000000 0.271330 0.382302 0.382302 0.382302
8159.343262 0.000000 607.980530 0.000000 0.792149 0.000000 0.610328 0.340376 0.340376 0.340376
8146.442871 0.000000 581.222839 0.000000 0.219598 0.000000 0.975590 0.299946 0.299946 0.299946
8158.635254 0.000000 609.407043 0.000000 0.838509 0.000000 0.544887 0.355977 0.355977 0.355977
8148.786621 0.000000 582.179688 0.000000 0.829893 0.000000 0.557922 0.343927 0.343927 0.343927
8155.274902 0.000000 607.463684 0.000000 0.341356 0.000000 0.939934 0.306613 0.306613 0.306613
8071.674805 0.000000 645.274170 0.000000 0.738675 0.000000 0.674062 0.343492 0.343492 0.343492
8068.861816 0.000000 649.282654 0.000000 0.302930 0.000000 0.953013 0.278168 0.278168 0.278168
8067.605469 0.000000 644.604675 0.000000 0.631007 0.000000 0.775777 0.333939 0.333939 0.333939
8065.602051 0.000000 651.701416 0.000000 0.873754 0.000000 0.486368 0.212046 0.212046 0.212046
8098.139648 0.000000 623.054443 0.000000 0.163915 0.000000 0.986475 0.292579 0.292579 0.292579
8069.963867 0.000000 642.027100 0.000000 0.375389 0.000000 0.926867 0.320057 0.320057 0.320057
8097.860352 0.000000 630.069275 0.000000 0.692359 0.000000 0.721553 0.260152 0.260152 0.260152
8100.294922 0.000000 624.984863 0.000000 0.901926 0.000000 0.431890 0.252538 0.252538 0.252538
8069.178223 0.000000 646.698181 0.000000 0.959837 0.000000 0.280557 0.378275 0.378275 0.378275
8100.142090 0.000000 621.423340 0.000000 0.612118 0.000000 0.790766 0.336927 0.336927 0.336927
8084.737793 0.000000 621.331116 0.000000 0.555398 0.000000 0.831585 0.324984 0.324984 0.324984
8073.306152 0.000000 647.002747 0.000000 0.641599 0.000000 0.767040 0.286608 0.286608 0.286608
8096.870605 0.000000 628.573669 0.000000 0.334392 0.000000 0.942434 0.305038 0.305038 0.305038
8099.859863 0.000000 627.010498 0.000000 0.999652 0.000000 0.026387 0.397984 0.397984 0.397984
8098.527344 0.000000 628.435669 0.000000 0.975148 0.000000 0.221555 0.384160 0.384160 0.384160
8068.395996 0.000000 647.913940 0.000000 0.726533 0.000000 0.687132 0.342129 0.342129 0.342129
8069.906250 0.000000 647.916870 0.000000 0.057331 0.000000 0.998355 0.284382 0.284382 0.284382
8083.355469 0.000000 621.361877 0.000000 0.734919 0.000000 0.678155 0.343067 0.343067 0.343067
8101.877441 0.000000 621.382080 0.000000 0.962271 0.000000 0.272092 0.380943 0.380943 0.380943
8099.259766 0.000000 623.892517 0.000000 0.522337 0.000000 0.852739 0.321986 0.321986 0.321986
6467.856934 0.000000 1405.696899 0.000000 0.823173 0.000000 0.567790 0.257801 0.257801 0.257801
6473.889160 0.000000 1410.890015 0.000000 0.393965 0.000000 0.919126 0.289131 0.289131 0.289131
6470.827637 0.000000 1411.623901 0.000000 0.182813 0.000000 0.983148 0.294045 0.294045 0.294045
6462.677246 0.000000 1414.655396 0.000000 0.815219 0.000000 0.579153 0.355525 0.355525 0.355525
6465.476562 0.000000 1418.568115 0.000000 0.534670 0.000000 0.845061 0.236978 0.236978 0.236978
6469.348633 0.000000 1420.551147 0.000000 0.388036 0.000000 0.921644 0.274353 0.274353 0.274353
6464.173340 0.000000 1413.933960 0.000000 0.349718 0.000000 0.936855 0.209188 0.209188 0.209188
6466.759766 0.000000 1421.223999 0.000000 0.704028 0.000000 0.710172 0.232162 0.232162 0.232162
6468.015137 0.000000 1418.196411 0.000000 0.958697 0.000000 0.284431 0.287172 0.287172 0.287172
6470.927734 0.000000 1418.456787 0.000000 0.260194 0.000000 0.965556 0.313930 0.313930 0.313930
4465.098145 0.000000 2556.172852 0.000000 0.839014 0.000000 0.544110 0.226169 0.226169 0.226169
4541.041992 0.000000 2540.970703 0.000000 0.281751 0.000000 0.959488 0.189950 0.189950 0.189950
4557.066406 0.000000 2538.528809 0.000000 0.968398 0.000000 0.249411 0.293482 0.293482 0.293482
4545.469238 0.000000 2539.860596 0.000000 0.616104 0.000000 0.787665 0.264404 0.264404 0.264404
4557.883301 0.000000 2533.808594 0.000000 0.234470 0.000000 0.972123 0.314401 0.314401 0.314401
4559.660156 0.000000 2536.477783 0.000000 0.225259 0.000000 0.974299 0.271003 0.271003 0.271003
4545.867188 0.000000 2541.515625 0.000000 0.517723 0.000000 0.855549 0.297287 0.297287 0.297287
4555.621582 0.000000 2531.236084 0.000000 0.999987 0.000000 0.005106 0.399671 0.399671 0.399671
4556.281738 0.000000 2537.314453 0.000000 0.448430 0.000000 0.893818 0.315524 0.315524 0.315524
4554.106445 0.000000 2533.859131 0.000000 0.659609 0.000000 0.751609 0.335027 0.335027 0.335027
4507.116211 0.000000 2560.272217 0.000000 0.484875 0.000000 0.874583 0.223685 0.223685 0.223685
4430.146973 0.000000 2620.134766 0.000000 0.982955 0.000000 0.183844 0.198292 0.198292 0.198292
4438.302246 0.000000 2603.335205 0.000000 0.335690 0.000000 0.941973 0.216657 0.216657 0.216657
4440.357910 0.000000 2606.792236 0.000000 0.479548 0.000000 0.877515 0.229657 0.229657 0.229657
4440.196777 0.000000 2604.549316 0.000000 0.766652 0.000000 0.642063 0.353005 0.353005 0.353005
4441.317871 0.000000 2605.541504 0.000000 0.512090 0.000000 0.858932 0.330357 0.330357 0.330357
4512.264648 0.000000 2789.602783 0.000000 0.181491 0.000000 0.983393 0.189775 0.189775 0.189775
4511.430176 0.000000 2834.990723 0.000000 0.153259 0.000000 0.988186 0.189918 0.189918 0.189918
4501.035156 0.000000 2864.935791 0.000000 0.788603 0.000000 0.614902 0.194792 0.194792 0.194792
7092.449707 0.000000 2913.463623 0.000000 0.816510 0.000000 0.577332 0.225533 0.225533 0.225533
7085.233887 0.000000 2906.600342 0.000000 0.979424 0.000000 0.201814 0.268466 0.268466 0.268466
7077.084961 0.000000 2895.500732 0.000000 0.691890 0.000000 0.722003 0.238335 0.238335 0.238335
7087.844727 0.000000 2887.813477 0.000000 0.709625 0.000000 0.704579 0.195961 0.195961 0.195961
7091.521484 0.000000 2908.711914 0.000000 0.784182 0.000000 0.620531 0.307440 0.307440 0.307440
7102.127441 0.000000 2898.143066 0.000000 0.129367 0.000000 0.991597 0.194351 0.194351 0.194351
7088.887695 0.000000 2905.578613 0.000000 0.622240 0.000000 0.782827 0.252479 0.252479 0.252479
7090.278320 0.000000 2911.412109 0.000000 0.572145 0.000000 0.820153 0.337097 0.337097 0.337097
7091.409180 0.000000 2906.189453 0.000000 0.984317 0.000000 0.176407 0.252976 0.252976 0.252976
7086.630859 0.000000 2904.479736 0.000000 0.712751 0.000000 0.701417 0.306387 0.306387 0.306387
7086.915039 0.000000 2889.788818 0.000000 0.803853 0.000000 0.594828 0.331858 0.331858 0.331858
7084.434570 0.000000 2892.481934 0.000000 0.999254 0.000000 0.038625 0.296861 0.296861 0.296861
7087.143066 0.000000 2906.380615 0.000000 0.900610 0.000000 0.434628 0.323229 0.323229 0.323229
7099.459473 0.000000 2890.063232 0.000000 0.937369 0.000000 0.348338 0.321355 0.321355 0.321355
7099.325195 0.000000 2892.818359 0.000000 0.999787 0.000000 0.020650 0.398593 0.398593 0.398593
7101.121582 0.000000 2896.928223 0.000000 0.939294 0.000000 0.343114 0.373818 0.373818 0.373818
7111.674805 0.000000 2904.649170 0.000000 0.253509 0.000000 0.967333 0.312379 0.312379 0.312379
7106.164551 0.000000 2900.074707 0.000000 0.367848 0.000000 0.929886 0.246049 0.246049 0.246049
7104.205078 0.000000 2903.121826 0.000000 0.943243 0.000000 0.332104 0.247624 0.247624 0.247624
7110.676758 0.000000 2905.953369 0.000000 0.664516 0.000000 0.747274 0.343744 0.343744 0.343744
7108.648926 0.000000 2902.813232 0.000000 0.813931 0.000000 0.580961 0.352797 0.352797 0.352797
"}
object={
	name="cypress_dense_generator_1_1"
	clamp_to_water_level=no
	render_under_water=no
	generated_content=yes
	layer="semidynamic"
	pdxmesh="tree_cypress_002_mesh"
	count=1854
	transform="2336.264404 0.000000 1603.431030 0.000000 0.084762 0.000000 -0.996401 0.210202 0.210202 0.210202
2345.423340 0.000000 1613.984741 0.000000 0.772823 0.000000 -0.634621 0.452523 0.452523 0.452523
2356.885254 0.000000 1633.313599 0.000000 0.145379 0.000000 -0.989376 0.508854 0.508854 0.508854
2361.729980 0.000000 1622.352051 0.000000 0.300142 0.000000 -0.953894 0.211694 0.211694 0.211694
2341.084961 0.000000 1596.360107 0.000000 0.580235 0.000000 -0.814449 0.208911 0.208911 0.208911
2358.872314 0.000000 1627.896851 0.000000 0.814353 0.000000 -0.580370 0.216406 0.216406 0.216406
2349.059814 0.000000 1623.954346 0.000000 0.786823 0.000000 -0.617179 0.311740 0.311740 0.311740
2345.605957 0.000000 1619.043945 0.000000 0.952025 0.000000 -0.306021 0.423759 0.423759 0.423759
2345.396484 0.000000 1595.321411 0.000000 0.173576 0.000000 -0.984820 0.506672 0.506672 0.506672
2341.993652 0.000000 1611.125854 0.000000 0.691408 0.000000 -0.722464 0.347390 0.347390 0.347390
2338.996826 0.000000 1637.525879 0.000000 0.986990 0.000000 -0.160781 0.356979 0.356979 0.356979
2359.010986 0.000000 1636.515381 0.000000 0.827088 0.000000 -0.562072 0.441575 0.441575 0.441575
2340.176514 0.000000 1625.582153 0.000000 0.012220 0.000000 -0.999925 0.519066 0.519066 0.519066
2343.131348 0.000000 1616.541626 0.000000 0.737781 0.000000 -0.675040 0.232972 0.232972 0.232972
2343.443848 0.000000 1592.851929 0.000000 0.219440 0.000000 -0.975626 0.497034 0.497034 0.497034
2346.699707 0.000000 1621.941284 0.000000 0.779923 0.000000 -0.625875 0.451662 0.451662 0.451662
2342.737793 0.000000 1620.040405 0.000000 0.508043 0.000000 -0.861332 0.280452 0.280452 0.280452
2345.246582 0.000000 1629.874268 0.000000 0.735821 0.000000 -0.677176 0.300689 0.300689 0.300689
2364.718994 0.000000 1622.793945 0.000000 0.736332 0.000000 -0.676620 0.335557 0.335557 0.335557
2340.314209 0.000000 1634.958374 0.000000 0.077886 0.000000 -0.996962 0.393234 0.393234 0.393234
2347.827148 0.000000 1619.749268 0.000000 0.109302 0.000000 -0.994009 0.496676 0.496676 0.496676
2344.581299 0.000000 1611.826904 0.000000 0.808744 0.000000 -0.588161 0.406934 0.406934 0.406934
2343.451416 0.000000 1596.557983 0.000000 0.094433 0.000000 -0.995531 0.368368 0.368368 0.368368
2344.632324 0.000000 1621.197632 0.000000 0.987510 0.000000 -0.157555 0.412087 0.412087 0.412087
2346.151367 0.000000 1624.074097 0.000000 0.651526 0.000000 -0.758627 0.462781 0.462781 0.462781
2363.060547 0.000000 1624.154785 0.000000 0.015711 0.000000 -0.999877 0.467204 0.467204 0.467204
2345.381104 0.000000 1597.510132 0.000000 0.244010 0.000000 -0.969773 0.352182 0.352182 0.352182
2340.267090 0.000000 1606.453247 0.000000 0.746620 0.000000 -0.665250 0.455602 0.455602 0.455602
2344.666260 0.000000 1627.885010 0.000000 0.744436 0.000000 -0.667694 0.455852 0.455852 0.455852
2340.845703 0.000000 1627.542358 0.000000 0.374552 0.000000 -0.927206 0.429033 0.429033 0.429033
2338.286865 0.000000 1585.190186 0.000000 0.415660 0.000000 -0.909520 0.408073 0.408073 0.408073
2338.607666 0.000000 1633.956421 0.000000 0.889737 0.000000 -0.456473 0.433491 0.433491 0.433491
2347.248291 0.000000 1614.388550 0.000000 0.858005 0.000000 -0.513641 0.435822 0.435822 0.435822
2364.200928 0.000000 1625.635132 0.000000 0.286630 0.000000 -0.958041 0.379943 0.379943 0.379943
2347.631348 0.000000 1625.112427 0.000000 0.820314 0.000000 -0.571913 0.444384 0.444384 0.444384
2346.287842 0.000000 1612.244751 0.000000 0.979776 0.000000 -0.200100 0.348076 0.348076 0.348076
2361.560059 0.000000 1632.206543 0.000000 0.500803 0.000000 -0.865561 0.479929 0.479929 0.479929
2360.254883 0.000000 1628.944824 0.000000 0.098525 0.000000 -0.995135 0.457411 0.457411 0.457411
2342.210205 0.000000 1615.062378 0.000000 0.156186 0.000000 -0.987728 0.406208 0.406208 0.406208
2346.998291 0.000000 1618.229492 0.000000 0.624895 0.000000 -0.780709 0.459265 0.459265 0.459265
2345.112793 0.000000 1592.000244 0.000000 0.107940 0.000000 -0.994157 0.511738 0.511738 0.511738
2345.330078 0.000000 1622.724243 0.000000 0.996624 0.000000 -0.082101 0.406197 0.406197 0.406197
2343.927490 0.000000 1594.736450 0.000000 0.022793 0.000000 -0.999740 0.518259 0.518259 0.518259
2345.198730 0.000000 1617.570557 0.000000 0.945032 0.000000 -0.326979 0.424533 0.424533 0.424533
2346.445068 0.000000 1620.418335 0.000000 0.094436 0.000000 -0.995531 0.512775 0.512775 0.512775
2344.255371 0.000000 1626.449219 0.000000 0.977130 0.000000 -0.212642 0.416370 0.416370 0.416370
2343.114014 0.000000 1612.017334 0.000000 0.822319 0.000000 -0.569027 0.446243 0.446243 0.446243
2342.914307 0.000000 1624.344604 0.000000 0.789430 0.000000 -0.613840 0.450490 0.450490 0.450490
2347.522217 0.000000 1623.666260 0.000000 0.080239 0.000000 -0.996776 0.513864 0.513864 0.513864
2358.159912 0.000000 1632.209229 0.000000 0.976768 0.000000 -0.214299 0.416499 0.416499 0.416499
2340.343018 0.000000 1624.269653 0.000000 0.634416 0.000000 -0.772992 0.467498 0.467498 0.467498
2357.067139 0.000000 1634.765381 0.000000 0.566872 0.000000 -0.823806 0.473957 0.473957 0.473957
2369.469238 0.000000 1636.110596 0.000000 0.681886 0.000000 -0.731458 0.252221 0.252221 0.252221
2368.390625 0.000000 1625.112671 0.000000 0.703000 0.000000 -0.711190 0.318106 0.318106 0.318106
2371.856934 0.000000 1631.634399 0.000000 0.771439 0.000000 -0.636303 0.210944 0.210944 0.210944
2371.168213 0.000000 1625.515137 0.000000 0.802301 0.000000 -0.596919 0.385669 0.385669 0.385669
2371.898438 0.000000 1634.319092 0.000000 0.986663 0.000000 -0.162774 0.411552 0.411552 0.411552
2368.956543 0.000000 1622.682373 0.000000 0.698283 0.000000 -0.715821 0.300755 0.300755 0.300755
2373.476562 0.000000 1632.840698 0.000000 0.305773 0.000000 -0.952104 0.496260 0.496260 0.496260
2370.331055 0.000000 1621.508301 0.000000 0.333202 0.000000 -0.942855 0.466885 0.466885 0.466885
2372.253662 0.000000 1620.928345 0.000000 0.983608 0.000000 -0.180322 0.376906 0.376906 0.376906
2370.838379 0.000000 1632.860840 0.000000 0.926102 0.000000 -0.377273 0.392646 0.392646 0.392646
2396.282227 0.000000 1674.942871 0.000000 0.722720 0.000000 -0.691141 0.376168 0.376168 0.376168
2412.186279 0.000000 1685.755127 0.000000 0.997949 0.000000 -0.064014 0.272666 0.272666 0.272666
2384.020752 0.000000 1682.275146 0.000000 0.816370 0.000000 -0.577529 0.232529 0.232529 0.232529
2413.059814 0.000000 1680.438721 0.000000 0.871182 0.000000 -0.490961 0.205507 0.205507 0.205507
2394.549072 0.000000 1679.359985 0.000000 0.671073 0.000000 -0.741392 0.274897 0.274897 0.274897
2399.949707 0.000000 1672.302856 0.000000 0.113906 0.000000 -0.993492 0.218753 0.218753 0.218753
2391.827881 0.000000 1662.223633 0.000000 0.278773 0.000000 -0.960357 0.275600 0.275600 0.275600
2409.927490 0.000000 1682.780151 0.000000 0.993975 0.000000 -0.109604 0.261112 0.261112 0.261112
2397.234619 0.000000 1661.755615 0.000000 0.607035 0.000000 -0.794675 0.277963 0.277963 0.277963
2392.763672 0.000000 1668.778076 0.000000 0.524530 0.000000 -0.851392 0.267716 0.267716 0.267716
2394.132568 0.000000 1672.498657 0.000000 0.999359 0.000000 -0.035812 0.402584 0.402584 0.402584
2391.871582 0.000000 1677.527954 0.000000 0.000387 0.000000 -1.000000 0.413093 0.413093 0.413093
2410.699707 0.000000 1678.425659 0.000000 0.467842 0.000000 -0.883812 0.481455 0.481455 0.481455
2370.492188 0.000000 1641.636475 0.000000 0.728766 0.000000 -0.684763 0.457623 0.457623 0.457623
2397.260010 0.000000 1672.316162 0.000000 0.494024 0.000000 -0.869448 0.384390 0.384390 0.384390
2388.724609 0.000000 1667.747314 0.000000 0.904047 0.000000 -0.427432 0.275428 0.275428 0.275428
2391.655029 0.000000 1671.702393 0.000000 0.545235 0.000000 -0.838283 0.283658 0.283658 0.283658
2388.386963 0.000000 1664.843994 0.000000 0.116062 0.000000 -0.993242 0.283203 0.283203 0.283203
2412.263184 0.000000 1688.221924 0.000000 0.993351 0.000000 -0.115128 0.315433 0.315433 0.315433
2411.827148 0.000000 1676.233643 0.000000 0.787654 0.000000 -0.616118 0.448888 0.448888 0.448888
2391.550293 0.000000 1679.835815 0.000000 0.998958 0.000000 -0.045649 0.403169 0.403169 0.403169
2392.466797 0.000000 1664.570923 0.000000 0.957752 0.000000 -0.287597 0.421120 0.421120 0.421120
2372.206299 0.000000 1640.301758 0.000000 0.978082 0.000000 -0.208219 0.416024 0.416024 0.416024
2390.646240 0.000000 1668.712646 0.000000 0.975787 0.000000 -0.218721 0.394640 0.394640 0.394640
2392.739258 0.000000 1666.616089 0.000000 0.848244 0.000000 -0.529605 0.403133 0.403133 0.403133
2370.304932 0.000000 1639.396729 0.000000 0.420686 0.000000 -0.907206 0.486829 0.486829 0.486829
2408.666260 0.000000 1684.369385 0.000000 0.566223 0.000000 -0.824252 0.336092 0.336092 0.336092
2410.718262 0.000000 1684.545898 0.000000 0.463520 0.000000 -0.886086 0.483181 0.483181 0.483181
2389.837891 0.000000 1682.994141 0.000000 0.997582 0.000000 -0.069504 0.399828 0.399828 0.399828
2395.789307 0.000000 1673.226562 0.000000 0.399419 0.000000 -0.916769 0.483688 0.483688 0.483688
2392.838135 0.000000 1676.158569 0.000000 0.990956 0.000000 -0.134188 0.409879 0.409879 0.409879
2388.233154 0.000000 1680.166504 0.000000 0.999966 0.000000 -0.008207 0.400574 0.400574 0.400574
2370.702148 0.000000 1643.209595 0.000000 0.984096 0.000000 -0.177635 0.413643 0.413643 0.413643
2372.025635 0.000000 1642.272217 0.000000 0.699112 0.000000 -0.715012 0.451312 0.451312 0.451312
2391.405273 0.000000 1667.416016 0.000000 0.975684 0.000000 -0.219180 0.416881 0.416881 0.416881
2390.003174 0.000000 1667.263184 0.000000 0.581391 0.000000 -0.813624 0.472602 0.472602 0.472602
2395.110840 0.000000 1675.656250 0.000000 0.929441 0.000000 -0.368970 0.428869 0.428869 0.428869
2484.449951 0.000000 1670.807373 0.000000 0.195672 0.000000 -0.980669 0.504955 0.504955 0.504955
2483.720459 0.000000 1675.918701 0.000000 0.127864 0.000000 -0.991792 0.418976 0.418976 0.418976
2491.742432 0.000000 1675.723877 0.000000 0.729963 0.000000 -0.683487 0.228031 0.228031 0.228031
2485.610352 0.000000 1673.539673 0.000000 0.913206 0.000000 -0.407499 0.432064 0.432064 0.432064
2487.370361 0.000000 1671.702271 0.000000 0.915497 0.000000 -0.402324 0.417290 0.417290 0.417290
2483.339844 0.000000 1673.336182 0.000000 0.844541 0.000000 -0.535492 0.443170 0.443170 0.443170
2482.737793 0.000000 1671.544556 0.000000 0.645075 0.000000 -0.764120 0.351047 0.351047 0.351047
2489.096924 0.000000 1672.111816 0.000000 0.433661 0.000000 -0.901076 0.485733 0.485733 0.485733
2485.498779 0.000000 1675.523071 0.000000 0.782130 0.000000 -0.623115 0.451392 0.451392 0.451392
2506.048096 0.000000 1683.547241 0.000000 0.706224 0.000000 -0.707988 0.460095 0.460095 0.460095
2502.599365 0.000000 1691.147827 0.000000 0.268350 0.000000 -0.963322 0.244682 0.244682 0.244682
2541.059814 0.000000 1680.438721 0.000000 0.174023 0.000000 -0.984742 0.326841 0.326841 0.326841
2547.720459 0.000000 1675.918701 0.000000 0.510065 0.000000 -0.860136 0.236948 0.236948 0.236948
2537.605957 0.000000 1675.528320 0.000000 0.513287 0.000000 -0.858217 0.285857 0.285857 0.285857
2517.636475 0.000000 1692.549072 0.000000 0.405062 0.000000 -0.914289 0.280048 0.280048 0.280048
2540.877197 0.000000 1671.833862 0.000000 0.872991 0.000000 -0.487737 0.438923 0.438923 0.438923
2537.927490 0.000000 1682.780151 0.000000 0.980075 0.000000 -0.198626 0.413179 0.413179 0.413179
2544.763672 0.000000 1677.853271 0.000000 0.037746 0.000000 -0.999287 0.239360 0.239360 0.239360
2506.748779 0.000000 1680.239746 0.000000 0.003081 0.000000 -0.999995 0.489095 0.489095 0.489095
2540.084717 0.000000 1668.790649 0.000000 0.959952 0.000000 -0.280165 0.416836 0.416836 0.416836
2538.699707 0.000000 1678.425659 0.000000 0.993532 0.000000 -0.113553 0.408694 0.408694 0.408694
2517.436035 0.000000 1689.344849 0.000000 0.148005 0.000000 -0.988987 0.508652 0.508652 0.508652
2532.314209 0.000000 1691.442749 0.000000 0.807676 0.000000 -0.589626 0.346312 0.346312 0.346312
2538.622314 0.000000 1692.071899 0.000000 0.852083 0.000000 -0.523407 0.440294 0.440294 0.440294
2538.451904 0.000000 1672.980957 0.000000 0.999904 0.000000 -0.013833 0.401057 0.401057 0.401057
2515.100342 0.000000 1690.793823 0.000000 0.527958 0.000000 -0.849270 0.476243 0.476243 0.476243
2534.885986 0.000000 1682.208618 0.000000 0.407849 0.000000 -0.913050 0.480438 0.480438 0.480438
2503.626709 0.000000 1684.397095 0.000000 0.021582 0.000000 -0.999767 0.292619 0.292619 0.292619
2507.346924 0.000000 1686.010864 0.000000 0.143939 0.000000 -0.989587 0.346210 0.346210 0.346210
2545.258545 0.000000 1675.503906 0.000000 0.035741 0.000000 -0.999361 0.354400 0.354400 0.354400
2536.581299 0.000000 1668.311279 0.000000 0.311668 0.000000 -0.950191 0.315497 0.315497 0.315497
2540.435303 0.000000 1674.021973 0.000000 0.669134 0.000000 -0.743142 0.464000 0.464000 0.464000
2528.929688 0.000000 1694.524414 0.000000 0.529803 0.000000 -0.848121 0.359160 0.359160 0.359160
2504.816650 0.000000 1686.055176 0.000000 0.852318 0.000000 -0.523024 0.442047 0.442047 0.442047
2507.577393 0.000000 1682.067993 0.000000 0.107154 0.000000 -0.994242 0.511798 0.511798 0.511798
2537.461914 0.000000 1693.646484 0.000000 0.964467 0.000000 -0.264204 0.420426 0.420426 0.420426
2539.248291 0.000000 1670.872925 0.000000 0.864146 0.000000 -0.503240 0.440286 0.440286 0.440286
2543.125977 0.000000 1676.963989 0.000000 0.948582 0.000000 -0.316531 0.401680 0.401680 0.401680
2536.504639 0.000000 1681.440552 0.000000 0.098555 0.000000 -0.995132 0.506579 0.506579 0.506579
2538.287842 0.000000 1668.729126 0.000000 0.936115 0.000000 -0.351695 0.427455 0.427455 0.427455
2507.621582 0.000000 1683.970459 0.000000 0.993466 0.000000 -0.114127 0.408738 0.408738 0.408738
2504.076660 0.000000 1687.486328 0.000000 0.211036 0.000000 -0.977478 0.503756 0.503756 0.503756
2538.445068 0.000000 1676.902710 0.000000 0.746660 0.000000 -0.665205 0.455597 0.455597 0.455597
2506.104736 0.000000 1685.137695 0.000000 0.664540 0.000000 -0.747253 0.461310 0.461310 0.461310
2541.321289 0.000000 1676.529785 0.000000 0.071160 0.000000 -0.997465 0.514559 0.514559 0.514559
2541.534424 0.000000 1673.068359 0.000000 0.835006 0.000000 -0.550241 0.444511 0.444511 0.444511
2538.089600 0.000000 1671.660156 0.000000 0.851624 0.000000 -0.524153 0.442148 0.442148 0.442148
2514.458984 0.000000 1689.484009 0.000000 0.697944 0.000000 -0.716152 0.460585 0.460585 0.460585
2540.932129 0.000000 1675.235474 0.000000 0.997093 0.000000 -0.076196 0.405827 0.405827 0.405827
2431.683594 0.000000 1707.571655 0.000000 0.815495 0.000000 -0.578763 0.296082 0.296082 0.296082
2396.903564 0.000000 1701.152588 0.000000 0.219788 0.000000 -0.975548 0.392179 0.392179 0.392179
2399.953369 0.000000 1700.206421 0.000000 0.662742 0.000000 -0.748848 0.329367 0.329367 0.329367
2441.453857 0.000000 1700.850586 0.000000 0.426199 0.000000 -0.904629 0.280978 0.280978 0.280978
2434.164551 0.000000 1713.902832 0.000000 0.372386 0.000000 -0.928078 0.209946 0.209946 0.209946
2446.124512 0.000000 1723.540039 0.000000 0.847116 0.000000 -0.531407 0.204546 0.204546 0.204546
2439.651123 0.000000 1712.018677 0.000000 0.730674 0.000000 -0.682727 0.457409 0.457409 0.457409
2486.872314 0.000000 1740.865601 0.000000 0.917237 0.000000 -0.398341 0.203682 0.203682 0.203682
2488.634766 0.000000 1730.319824 0.000000 0.181358 0.000000 -0.983417 0.230511 0.230511 0.230511
2481.044678 0.000000 1743.215210 0.000000 0.919190 0.000000 -0.393814 0.430923 0.430923 0.430923
2494.127197 0.000000 1711.971191 0.000000 0.676428 0.000000 -0.736509 0.463246 0.463246 0.463246
2437.569092 0.000000 1698.549072 0.000000 0.877447 0.000000 -0.479674 0.217517 0.217517 0.217517
2437.348877 0.000000 1702.973022 0.000000 0.171317 0.000000 -0.985216 0.413664 0.413664 0.413664
2478.444580 0.000000 1745.893433 0.000000 0.231025 0.000000 -0.972948 0.320710 0.320710 0.320710
2479.152100 0.000000 1740.001953 0.000000 0.999221 0.000000 -0.039464 0.403016 0.403016 0.403016
2491.742432 0.000000 1732.208252 0.000000 0.907174 0.000000 -0.420757 0.237319 0.237319 0.237319
2441.807861 0.000000 1730.236816 0.000000 0.931365 0.000000 -0.364088 0.425491 0.425491 0.425491
2437.963867 0.000000 1715.230225 0.000000 0.775134 0.000000 -0.631796 0.253793 0.253793 0.253793
2436.061279 0.000000 1710.740845 0.000000 0.891001 0.000000 -0.454001 0.375052 0.375052 0.375052
2438.798828 0.000000 1708.798218 0.000000 0.643133 0.000000 -0.765754 0.355363 0.355363 0.355363
2484.391846 0.000000 1742.917969 0.000000 0.213065 0.000000 -0.977038 0.487347 0.487347 0.487347
2487.033203 0.000000 1732.979126 0.000000 0.871182 0.000000 -0.490961 0.295919 0.295919 0.295919
2487.879395 0.000000 1737.726074 0.000000 0.832334 0.000000 -0.554274 0.242111 0.242111 0.242111
2432.974365 0.000000 1707.239014 0.000000 0.167967 0.000000 -0.985793 0.507107 0.507107 0.507107
2448.434082 0.000000 1724.592407 0.000000 0.933651 0.000000 -0.358184 0.427985 0.427985 0.427985
2489.397217 0.000000 1732.681519 0.000000 0.997881 0.000000 -0.065063 0.404373 0.404373 0.404373
2436.637939 0.000000 1713.104004 0.000000 0.113517 0.000000 -0.993536 0.304161 0.304161 0.304161
2440.162109 0.000000 1714.252075 0.000000 0.425550 0.000000 -0.904935 0.396818 0.396818 0.396818
2450.931396 0.000000 1725.857422 0.000000 0.945871 0.000000 -0.324542 0.332612 0.332612 0.332612
2434.523438 0.000000 1708.946167 0.000000 0.078021 0.000000 -0.996952 0.503599 0.503599 0.503599
2436.679688 0.000000 1708.767578 0.000000 0.528495 0.000000 -0.848937 0.394549 0.394549 0.394549
2484.752686 0.000000 1740.928589 0.000000 0.372359 0.000000 -0.928089 0.387070 0.387070 0.387070
2487.657227 0.000000 1734.905029 0.000000 0.212087 0.000000 -0.977251 0.403705 0.403705 0.403705
2434.093750 0.000000 1705.597656 0.000000 0.486889 0.000000 -0.873464 0.352211 0.352211 0.352211
2438.215332 0.000000 1710.684570 0.000000 0.494857 0.000000 -0.868974 0.480453 0.480453 0.480453
2480.864014 0.000000 1739.007202 0.000000 0.964320 0.000000 -0.264739 0.329100 0.329100 0.329100
2438.483887 0.000000 1713.463623 0.000000 0.497905 0.000000 -0.867232 0.480185 0.480185 0.480185
2495.487793 0.000000 1710.859375 0.000000 0.979712 0.000000 -0.200409 0.415414 0.415414 0.415414
2493.121826 0.000000 1710.756226 0.000000 0.997541 0.000000 -0.070087 0.404536 0.404536 0.404536
2443.164307 0.000000 1731.086426 0.000000 0.287419 0.000000 -0.957805 0.453344 0.453344 0.453344
2479.482178 0.000000 1742.089355 0.000000 0.962719 0.000000 -0.270505 0.420926 0.420926 0.420926
2477.060791 0.000000 1743.473999 0.000000 0.142232 0.000000 -0.989833 0.490914 0.490914 0.490914
2448.015625 0.000000 1728.315552 0.000000 0.331208 0.000000 -0.943558 0.494210 0.494210 0.494210
2449.383301 0.000000 1731.038696 0.000000 0.368359 0.000000 -0.929684 0.491181 0.491181 0.491181
2449.384521 0.000000 1725.736572 0.000000 0.343690 0.000000 -0.939083 0.493198 0.493198 0.493198
2440.168701 0.000000 1730.306885 0.000000 0.965476 0.000000 -0.260493 0.418027 0.418027 0.418027
2483.251709 0.000000 1743.695312 0.000000 0.263065 0.000000 -0.964778 0.499664 0.499664 0.499664
2488.508789 0.000000 1735.973999 0.000000 0.499586 0.000000 -0.866264 0.480036 0.480036 0.480036
2537.206787 0.000000 1703.074951 0.000000 0.316295 0.000000 -0.948661 0.209978 0.209978 0.209978
2503.674561 0.000000 1718.477295 0.000000 0.235831 0.000000 -0.971794 0.289512 0.289512 0.289512
2526.802246 0.000000 1694.592407 0.000000 0.241994 0.000000 -0.970278 0.212583 0.212583 0.212583
2515.921631 0.000000 1718.856689 0.000000 0.464537 0.000000 -0.885553 0.240346 0.240346 0.240346
2538.581543 0.000000 1713.336060 0.000000 0.793564 0.000000 -0.608487 0.368708 0.368708 0.368708
2527.430420 0.000000 1705.303223 0.000000 0.908043 0.000000 -0.418877 0.204046 0.204046 0.204046
2509.467529 0.000000 1710.086548 0.000000 0.990701 0.000000 -0.136059 0.410427 0.410427 0.410427
2505.424072 0.000000 1722.405029 0.000000 0.877285 0.000000 -0.479969 0.345305 0.345305 0.345305
2526.227295 0.000000 1699.088623 0.000000 0.378613 0.000000 -0.925555 0.218639 0.218639 0.218639
2496.522217 0.000000 1710.233276 0.000000 0.777839 0.000000 -0.628464 0.420804 0.420804 0.420804
2537.896973 0.000000 1694.559570 0.000000 0.076804 0.000000 -0.997046 0.340479 0.340479 0.340479
2530.139648 0.000000 1696.257568 0.000000 0.928977 0.000000 -0.370138 0.231687 0.231687 0.231687
2511.712891 0.000000 1713.145386 0.000000 0.064947 0.000000 -0.997889 0.507892 0.507892 0.507892
2524.263916 0.000000 1703.827271 0.000000 0.966253 0.000000 -0.257594 0.419903 0.419903 0.419903
2508.424805 0.000000 1712.951050 0.000000 0.304862 0.000000 -0.952396 0.491296 0.491296 0.491296
2536.221680 0.000000 1714.974487 0.000000 0.532725 0.000000 -0.846289 0.431947 0.431947 0.431947
2517.175049 0.000000 1729.749268 0.000000 0.926229 0.000000 -0.376962 0.390085 0.390085 0.390085
2522.516602 0.000000 1733.310181 0.000000 0.925680 0.000000 -0.378308 0.429639 0.429639 0.429639
2512.434082 0.000000 1724.592407 0.000000 0.195905 0.000000 -0.980623 0.477232 0.477232 0.477232
2515.150879 0.000000 1728.292847 0.000000 0.281728 0.000000 -0.959494 0.498182 0.498182 0.498182
2516.386963 0.000000 1721.328369 0.000000 0.255277 0.000000 -0.966868 0.500280 0.500280 0.500280
2516.470947 0.000000 1716.356812 0.000000 0.923933 0.000000 -0.382555 0.427735 0.427735 0.427735
2509.917725 0.000000 1725.977417 0.000000 0.992032 0.000000 -0.125983 0.294945 0.294945 0.294945
2507.910645 0.000000 1722.214233 0.000000 0.188485 0.000000 -0.982076 0.505514 0.505514 0.505514
2506.112305 0.000000 1712.685181 0.000000 0.554146 0.000000 -0.832420 0.472184 0.472184 0.472184
2514.931396 0.000000 1725.857422 0.000000 0.658883 0.000000 -0.752245 0.317147 0.317147 0.317147
2516.672607 0.000000 1714.088623 0.000000 0.681188 0.000000 -0.732108 0.428888 0.428888 0.428888
2537.381104 0.000000 1710.478882 0.000000 0.939846 0.000000 -0.341599 0.423673 0.423673 0.423673
2522.413818 0.000000 1702.802734 0.000000 0.484577 0.000000 -0.874748 0.481354 0.481354 0.481354
2527.953369 0.000000 1700.206421 0.000000 0.782783 0.000000 -0.622295 0.362681 0.362681 0.362681
2518.346924 0.000000 1717.174927 0.000000 0.949850 0.000000 -0.312705 0.337056 0.337056 0.337056
2502.215332 0.000000 1710.684570 0.000000 0.462419 0.000000 -0.886661 0.450462 0.450462 0.450462
2504.084717 0.000000 1710.166260 0.000000 0.515008 0.000000 -0.857186 0.408780 0.408780 0.408780
2502.483887 0.000000 1713.463623 0.000000 0.996622 0.000000 -0.082127 0.406281 0.406281 0.406281
2534.039062 0.000000 1712.632935 0.000000 0.426777 0.000000 -0.904357 0.419858 0.419858 0.419858
2524.480713 0.000000 1733.092163 0.000000 0.217544 0.000000 -0.976050 0.494474 0.494474 0.494474
2535.006836 0.000000 1713.935059 0.000000 0.239825 0.000000 -0.970816 0.429855 0.429855 0.429855
2530.589355 0.000000 1694.729370 0.000000 0.787609 0.000000 -0.616175 0.444584 0.444584 0.444584
2509.914307 0.000000 1712.774292 0.000000 0.369011 0.000000 -0.929425 0.486362 0.486362 0.486362
2501.821045 0.000000 1712.137451 0.000000 0.029911 0.000000 -0.999553 0.500404 0.500404 0.500404
2507.124756 0.000000 1713.787720 0.000000 0.558926 0.000000 -0.829217 0.471762 0.471762 0.471762
2513.551270 0.000000 1728.473267 0.000000 0.404018 0.000000 -0.914751 0.482461 0.482461 0.482461
2523.908447 0.000000 1700.034790 0.000000 0.416230 0.000000 -0.909259 0.487204 0.487204 0.487204
2518.790283 0.000000 1721.060059 0.000000 0.877819 0.000000 -0.478992 0.438159 0.438159 0.438159
2512.015625 0.000000 1728.315552 0.000000 0.459794 0.000000 -0.888026 0.478044 0.478044 0.478044
2508.990967 0.000000 1711.533447 0.000000 0.510126 0.000000 -0.860100 0.479104 0.479104 0.479104
2506.271729 0.000000 1723.633057 0.000000 0.851524 0.000000 -0.524316 0.442163 0.442163 0.442163
2504.764404 0.000000 1712.996826 0.000000 0.638442 0.000000 -0.769670 0.467099 0.467099 0.467099
2515.827393 0.000000 1727.032593 0.000000 0.865517 0.000000 -0.500879 0.440078 0.440078 0.440078
2515.806641 0.000000 1729.832520 0.000000 0.648199 0.000000 -0.761471 0.466125 0.466125 0.466125
2473.206787 0.000000 1759.559326 0.000000 0.948040 0.000000 -0.318150 0.222594 0.222594 0.222594
2482.317383 0.000000 1754.206787 0.000000 0.119277 0.000000 -0.992861 0.232663 0.232663 0.232663
2474.134033 0.000000 1755.152954 0.000000 0.987960 0.000000 -0.154709 0.253949 0.253949 0.253949
2470.192871 0.000000 1756.722534 0.000000 0.117968 0.000000 -0.993017 0.239739 0.239739 0.239739
2486.469482 0.000000 1761.169678 0.000000 0.712196 0.000000 -0.701980 0.340848 0.340848 0.340848
2475.551025 0.000000 1757.815430 0.000000 0.615745 0.000000 -0.787945 0.300849 0.300849 0.300849
2482.542236 0.000000 1756.814209 0.000000 0.383457 0.000000 -0.923559 0.445976 0.445976 0.445976
2472.628906 0.000000 1757.155884 0.000000 0.779840 0.000000 -0.625979 0.353413 0.353413 0.353413
2484.201660 0.000000 1757.963623 0.000000 0.586581 0.000000 -0.809890 0.472114 0.472114 0.472114
2481.566406 0.000000 1758.198242 0.000000 0.978182 0.000000 -0.207750 0.385570 0.385570 0.385570
2485.819092 0.000000 1759.641357 0.000000 0.930082 0.000000 -0.367351 0.428736 0.428736 0.428736
1703.675415 0.000000 2031.727051 0.000000 0.506742 0.000000 -0.862098 0.422912 0.422912 0.422912
1706.064331 0.000000 2028.276978 0.000000 0.652812 0.000000 -0.757520 0.213952 0.213952 0.213952
1700.314209 0.000000 2030.348999 0.000000 0.442830 0.000000 -0.896606 0.283398 0.283398 0.283398
1701.505493 0.000000 2032.640747 0.000000 0.917852 0.000000 -0.396922 0.383556 0.383556 0.383556
1696.929810 0.000000 2033.430664 0.000000 0.758453 0.000000 -0.651727 0.321029 0.321029 0.321029
1704.552612 0.000000 2029.804321 0.000000 0.996100 0.000000 -0.088230 0.320251 0.320251 0.320251
1705.461914 0.000000 2032.552734 0.000000 0.153456 0.000000 -0.988155 0.371000 0.371000 0.371000
1702.249512 0.000000 2030.645386 0.000000 0.958478 0.000000 -0.285167 0.383730 0.383730 0.383730
1790.612427 0.000000 2028.593384 0.000000 0.923263 0.000000 -0.384169 0.303880 0.303880 0.303880
1786.107300 0.000000 2032.153564 0.000000 0.940827 0.000000 -0.338887 0.297586 0.297586 0.297586
1788.341309 0.000000 2030.120972 0.000000 0.995484 0.000000 -0.094933 0.253941 0.253941 0.253941
1790.298462 0.000000 2026.423828 0.000000 0.322963 0.000000 -0.946412 0.480925 0.480925 0.480925
1788.833740 0.000000 2026.681396 0.000000 0.019583 0.000000 -0.999808 0.509597 0.509597 0.509597
2025.423462 0.000000 1839.922241 0.000000 0.606365 0.000000 -0.795187 0.462198 0.462198 0.462198
2042.134033 0.000000 1834.964478 0.000000 0.573510 0.000000 -0.819199 0.471422 0.471422 0.471422
2046.018555 0.000000 1833.395142 0.000000 0.058395 0.000000 -0.998294 0.350495 0.350495 0.350495
2020.675659 0.000000 1840.342041 0.000000 0.646541 0.000000 -0.762879 0.380738 0.380738 0.380738
2038.496216 0.000000 1836.808838 0.000000 0.229480 0.000000 -0.973313 0.387014 0.387014 0.387014
2034.278564 0.000000 1838.208862 0.000000 0.920789 0.000000 -0.390061 0.430611 0.430611 0.430611
2039.370483 0.000000 1841.155396 0.000000 0.985363 0.000000 -0.170466 0.293897 0.293897 0.293897
2044.546265 0.000000 1835.439697 0.000000 0.045000 0.000000 -0.998987 0.516561 0.516561 0.516561
2036.417847 0.000000 1837.825073 0.000000 0.655706 0.000000 -0.755016 0.377362 0.377362 0.377362
2033.077515 0.000000 1839.887939 0.000000 0.880776 0.000000 -0.473533 0.306753 0.306753 0.306753
2022.210083 0.000000 1840.999878 0.000000 0.379761 0.000000 -0.925085 0.490242 0.490242 0.490242
2037.526611 0.000000 1841.435547 0.000000 0.979850 0.000000 -0.199736 0.394736 0.394736 0.394736
2035.138062 0.000000 1839.512207 0.000000 0.719273 0.000000 -0.694728 0.458674 0.458674 0.458674
1846.872192 0.000000 2023.287476 0.000000 0.151844 0.000000 -0.988404 0.256355 0.256355 0.256355
1823.273193 0.000000 2031.829590 0.000000 0.778580 0.000000 -0.627545 0.227091 0.227091 0.227091
1822.599976 0.000000 2026.656738 0.000000 0.993644 0.000000 -0.112569 0.406013 0.406013 0.406013
1849.614258 0.000000 2029.334229 0.000000 0.087008 0.000000 -0.996208 0.255929 0.255929 0.255929
1795.856934 0.000000 2027.025024 0.000000 0.999669 0.000000 -0.025739 0.274013 0.274013 0.274013
1838.444580 0.000000 2028.315308 0.000000 0.255297 0.000000 -0.966863 0.354862 0.354862 0.354862
1818.772095 0.000000 2026.863403 0.000000 0.999777 0.000000 -0.021125 0.290797 0.290797 0.290797
1841.605835 0.000000 2029.807007 0.000000 0.999386 0.000000 -0.035048 0.241492 0.241492 0.241492
1824.693359 0.000000 2028.941406 0.000000 0.999363 0.000000 -0.035700 0.231347 0.231347 0.231347
1795.898438 0.000000 2029.709717 0.000000 0.972158 0.000000 -0.234326 0.417065 0.417065 0.417065
1796.256348 0.000000 2032.468872 0.000000 0.981709 0.000000 -0.190386 0.255808 0.255808 0.255808
1825.210693 0.000000 2026.395996 0.000000 0.550994 0.000000 -0.834509 0.366928 0.366928 0.366928
1847.341309 0.000000 2028.245117 0.000000 0.965294 0.000000 -0.261167 0.298907 0.298907 0.298907
1836.424194 0.000000 2029.499146 0.000000 0.377452 0.000000 -0.926029 0.467245 0.467245 0.467245
1835.936890 0.000000 2033.380615 0.000000 0.989319 0.000000 -0.145769 0.411176 0.411176 0.411176
1792.004639 0.000000 2030.267212 0.000000 0.995567 0.000000 -0.094060 0.337741 0.337741 0.337741
1822.899414 0.000000 2029.814941 0.000000 0.775747 0.000000 -0.631044 0.430799 0.430799 0.430799
1848.254761 0.000000 2024.335449 0.000000 0.999846 0.000000 -0.017541 0.401340 0.401340 0.401340
1797.147461 0.000000 2030.942261 0.000000 0.574647 0.000000 -0.818401 0.442756 0.442756 0.442756
1822.198853 0.000000 2028.201294 0.000000 0.582699 0.000000 -0.812688 0.446715 0.446715 0.446715
1794.838379 0.000000 2028.251465 0.000000 0.562634 0.000000 -0.826706 0.470219 0.470219 0.470219
1792.314087 0.000000 2026.695190 0.000000 0.994474 0.000000 -0.104980 0.407851 0.407851 0.407851
1834.991455 0.000000 2032.332031 0.000000 0.647508 0.000000 -0.762058 0.466195 0.466195 0.466195
1846.159790 0.000000 2027.599854 0.000000 0.698466 0.000000 -0.715643 0.460928 0.460928 0.460928
1857.469238 0.000000 2031.501221 0.000000 0.560786 0.000000 -0.827961 0.334883 0.334883 0.334883
1859.898438 0.000000 2029.709717 0.000000 0.172709 0.000000 -0.984973 0.470165 0.470165 0.470165
1861.476685 0.000000 2028.231323 0.000000 0.994264 0.000000 -0.106954 0.381199 0.381199 0.381199
1650.281372 0.000000 2076.506592 0.000000 0.979196 0.000000 -0.202915 0.285399 0.285399 0.285399
1652.885132 0.000000 2085.188721 0.000000 0.379461 0.000000 -0.925208 0.224004 0.224004 0.224004
1661.042114 0.000000 2089.095703 0.000000 0.044547 0.000000 -0.999007 0.310370 0.310370 0.310370
1652.391968 0.000000 2081.824219 0.000000 0.320617 0.000000 -0.947209 0.495066 0.495066 0.495066
1655.879395 0.000000 2076.632324 0.000000 0.045324 0.000000 -0.998972 0.516536 0.516536 0.516536
1655.657227 0.000000 2073.811279 0.000000 0.832665 0.000000 -0.553777 0.326345 0.326345 0.326345
1654.766602 0.000000 2078.038086 0.000000 0.026391 0.000000 -0.999652 0.500633 0.500633 0.500633
1654.213257 0.000000 2076.442871 0.000000 0.985914 0.000000 -0.167256 0.412838 0.412838 0.412838
1653.912964 0.000000 2081.111572 0.000000 0.921863 0.000000 -0.387517 0.430400 0.430400 0.430400
1655.191162 0.000000 2075.328125 0.000000 0.946198 0.000000 -0.323589 0.425173 0.425173 0.425173
1653.717285 0.000000 2078.919922 0.000000 0.625885 0.000000 -0.779916 0.468337 0.468337 0.468337
1652.600708 0.000000 2113.135742 0.000000 0.087367 0.000000 -0.996176 0.492677 0.492677 0.492677
1618.736938 0.000000 2140.042969 0.000000 0.364235 0.000000 -0.931307 0.428025 0.428025 0.428025
1635.530884 0.000000 2140.510498 0.000000 0.847453 0.000000 -0.530870 0.440377 0.440377 0.440377
1663.419312 0.000000 2111.793945 0.000000 0.453167 0.000000 -0.891426 0.209753 0.209753 0.209753
1645.233887 0.000000 2115.819092 0.000000 0.601891 0.000000 -0.798579 0.206927 0.206927 0.206927
1625.924683 0.000000 2143.162354 0.000000 0.902999 0.000000 -0.429642 0.433926 0.433926 0.433926
1658.134033 0.000000 2117.386230 0.000000 0.747371 0.000000 -0.664407 0.287052 0.287052 0.287052
1639.675415 0.000000 2144.695801 0.000000 0.747898 0.000000 -0.663813 0.426276 0.426276 0.426276
1630.599976 0.000000 2139.625488 0.000000 0.293790 0.000000 -0.955870 0.451333 0.451333 0.451333
1658.165039 0.000000 2112.472656 0.000000 0.696989 0.000000 -0.717081 0.461085 0.461085 0.461085
1651.521606 0.000000 2117.930664 0.000000 0.999834 0.000000 -0.018211 0.401391 0.401391 0.401391
1657.614258 0.000000 2142.302979 0.000000 0.563916 0.000000 -0.825832 0.364870 0.364870 0.364870
1641.606079 0.000000 2127.403320 0.000000 0.798033 0.000000 -0.602614 0.442951 0.442951 0.442951
1620.194824 0.000000 2135.834717 0.000000 0.197050 0.000000 -0.980393 0.283035 0.283035 0.283035
1609.424194 0.000000 2117.795654 0.000000 0.224105 0.000000 -0.974565 0.213522 0.213522 0.213522
1632.344604 0.000000 2128.239502 0.000000 0.757479 0.000000 -0.652859 0.409975 0.409975 0.409975
1641.764648 0.000000 2118.246094 0.000000 0.350715 0.000000 -0.936482 0.225707 0.225707 0.225707
1653.811401 0.000000 2131.220947 0.000000 0.965562 0.000000 -0.260172 0.263122 0.263122 0.263122
1661.449707 0.000000 2099.407959 0.000000 0.793800 0.000000 -0.608178 0.444558 0.444558 0.444558
1655.010986 0.000000 2144.874756 0.000000 0.556584 0.000000 -0.830791 0.474907 0.474907 0.474907
1654.755981 0.000000 2116.017334 0.000000 0.561239 0.000000 -0.827654 0.413557 0.413557 0.413557
1629.565796 0.000000 2133.220703 0.000000 0.524581 0.000000 -0.851361 0.296675 0.296675 0.296675
1652.612793 0.000000 2105.633789 0.000000 0.872985 0.000000 -0.487747 0.283220 0.283220 0.283220
1654.496216 0.000000 2119.230713 0.000000 0.245926 0.000000 -0.969289 0.380041 0.380041 0.380041
1639.131470 0.000000 2124.901123 0.000000 0.927534 0.000000 -0.373738 0.429262 0.429262 0.429262
1629.536743 0.000000 2129.935059 0.000000 0.931842 0.000000 -0.362863 0.426607 0.426607 0.426607
1644.084717 0.000000 2120.665771 0.000000 0.102527 0.000000 -0.994730 0.277562 0.277562 0.277562
1615.660034 0.000000 2141.087158 0.000000 0.485325 0.000000 -0.874334 0.254888 0.254888 0.254888
1630.662720 0.000000 2136.112305 0.000000 0.008460 0.000000 -0.999964 0.471116 0.471116 0.471116
1648.015381 0.000000 2117.703369 0.000000 0.202936 0.000000 -0.979192 0.362910 0.362910 0.362910
1660.365845 0.000000 2092.649658 0.000000 0.919373 0.000000 -0.393386 0.304170 0.304170 0.304170
1641.246460 0.000000 2138.233643 0.000000 0.953621 0.000000 -0.301010 0.422671 0.422671 0.422671
1660.718994 0.000000 2131.153320 0.000000 0.771753 0.000000 -0.635922 0.452651 0.452651 0.452651
1660.880859 0.000000 2113.151611 0.000000 0.926987 0.000000 -0.375094 0.425918 0.425918 0.425918
1625.163940 0.000000 2145.781250 0.000000 0.947358 0.000000 -0.320175 0.424491 0.424491 0.424491
1629.260010 0.000000 2124.191162 0.000000 0.581480 0.000000 -0.813561 0.314426 0.314426 0.314426
1655.542480 0.000000 2113.051758 0.000000 0.881331 0.000000 -0.472500 0.395642 0.395642 0.395642
1661.258179 0.000000 2101.936279 0.000000 0.999826 0.000000 -0.018669 0.260338 0.260338 0.260338
1645.452271 0.000000 2118.491699 0.000000 0.840972 0.000000 -0.541079 0.348040 0.348040 0.348040
1659.279419 0.000000 2115.123291 0.000000 0.321017 0.000000 -0.947073 0.495034 0.495034 0.495034
1654.928345 0.000000 2106.806885 0.000000 0.166005 0.000000 -0.986125 0.427037 0.427037 0.427037
1638.352295 0.000000 2139.110352 0.000000 0.663416 0.000000 -0.748251 0.464585 0.464585 0.464585
1663.450562 0.000000 2097.851074 0.000000 0.738216 0.000000 -0.674565 0.456561 0.456561 0.456561
1623.931152 0.000000 2141.639160 0.000000 0.816522 0.000000 -0.577314 0.447016 0.447016 0.447016
1652.503296 0.000000 2144.339355 0.000000 0.859949 0.000000 -0.510380 0.350556 0.350556 0.350556
1660.546265 0.000000 2117.861572 0.000000 0.494681 0.000000 -0.869075 0.467583 0.467583 0.467583
1625.450073 0.000000 2137.618652 0.000000 0.923795 0.000000 -0.382887 0.403187 0.403187 0.403187
1657.532715 0.000000 2104.896484 0.000000 0.107136 0.000000 -0.994244 0.511800 0.511800 0.511800
1656.956177 0.000000 2115.337646 0.000000 0.407710 0.000000 -0.913112 0.487919 0.487919 0.487919
1662.677124 0.000000 2092.468018 0.000000 0.916559 0.000000 -0.399898 0.431429 0.431429 0.431429
1652.127808 0.000000 2107.804443 0.000000 0.881111 0.000000 -0.472909 0.432343 0.432343 0.432343
1661.061157 0.000000 2090.478271 0.000000 0.805671 0.000000 -0.592364 0.363812 0.363812 0.363812
1652.417847 0.000000 2120.246826 0.000000 0.817826 0.000000 -0.575466 0.333780 0.333780 0.333780
1659.060547 0.000000 2132.514160 0.000000 0.996086 0.000000 -0.088392 0.389430 0.389430 0.389430
1640.552612 0.000000 2142.772949 0.000000 0.862537 0.000000 -0.505994 0.425703 0.425703 0.425703
1631.860107 0.000000 2137.755371 0.000000 0.988765 0.000000 -0.149476 0.390624 0.390624 0.390624
1643.705322 0.000000 2117.309570 0.000000 0.102727 0.000000 -0.994710 0.512138 0.512138 0.512138
1625.195190 0.000000 2135.497559 0.000000 0.978996 0.000000 -0.203882 0.415429 0.415429 0.415429
1649.818970 0.000000 2116.669678 0.000000 0.788119 0.000000 -0.615523 0.338169 0.338169 0.338169
1652.105469 0.000000 2132.312744 0.000000 0.074430 0.000000 -0.997226 0.414810 0.414810 0.414810
1652.288452 0.000000 2110.751953 0.000000 0.587287 0.000000 -0.809378 0.460039 0.460039 0.460039
1655.776123 0.000000 2117.646729 0.000000 0.725488 0.000000 -0.688235 0.402617 0.402617 0.402617
1630.427490 0.000000 2128.208984 0.000000 0.655077 0.000000 -0.755562 0.398885 0.398885 0.398885
1652.948608 0.000000 2116.647949 0.000000 0.362271 0.000000 -0.932073 0.491680 0.491680 0.491680
1659.459473 0.000000 2099.281982 0.000000 0.203290 0.000000 -0.979119 0.504361 0.504361 0.504361
1642.718262 0.000000 2136.420898 0.000000 0.088311 0.000000 -0.996093 0.507693 0.507693 0.507693
1643.434082 0.000000 2119.011963 0.000000 0.369549 0.000000 -0.929211 0.491083 0.491083 0.491083
1641.028320 0.000000 2116.628662 0.000000 0.609115 0.000000 -0.793082 0.395913 0.395913 0.395913
1651.232544 0.000000 2109.275879 0.000000 0.856542 0.000000 -0.516078 0.439531 0.439531 0.439531
1631.343506 0.000000 2133.058594 0.000000 0.546326 0.000000 -0.837573 0.418974 0.418974 0.418974
1636.916992 0.000000 2141.663086 0.000000 0.925633 0.000000 -0.378421 0.429648 0.429648 0.429648
1663.180664 0.000000 2096.023193 0.000000 0.471286 0.000000 -0.881981 0.482510 0.482510 0.482510
1627.981201 0.000000 2133.863525 0.000000 0.903923 0.000000 -0.427695 0.429238 0.429238 0.429238
1654.224854 0.000000 2105.100586 0.000000 0.058690 0.000000 -0.998276 0.445891 0.445891 0.445891
1627.020386 0.000000 2138.130127 0.000000 0.956120 0.000000 -0.292975 0.422715 0.422715 0.422715
1655.988525 0.000000 2105.545166 0.000000 0.917796 0.000000 -0.397052 0.388673 0.388673 0.388673
1617.270264 0.000000 2140.739502 0.000000 0.634252 0.000000 -0.773126 0.432441 0.432441 0.432441
1657.095215 0.000000 2113.701416 0.000000 0.956310 0.000000 -0.292355 0.422665 0.422665 0.422665
1641.198730 0.000000 2125.929932 0.000000 0.564475 0.000000 -0.825450 0.474179 0.474179 0.474179
1630.239746 0.000000 2138.103760 0.000000 0.559269 0.000000 -0.828986 0.434741 0.434741 0.434741
1660.446655 0.000000 2094.179688 0.000000 0.684331 0.000000 -0.729172 0.458343 0.458343 0.458343
1660.956909 0.000000 2114.687744 0.000000 0.997856 0.000000 -0.065446 0.405003 0.405003 0.405003
1655.532715 0.000000 2114.531738 0.000000 0.834953 0.000000 -0.550322 0.444519 0.444519 0.444519
1642.734131 0.000000 2137.936035 0.000000 0.986731 0.000000 -0.162363 0.411848 0.411848 0.411848
1652.736572 0.000000 2114.772949 0.000000 0.671537 0.000000 -0.740971 0.463752 0.463752 0.463752
1637.751831 0.000000 2140.455322 0.000000 0.825208 0.000000 -0.564829 0.445854 0.445854 0.445854
1629.439453 0.000000 2136.808594 0.000000 0.533959 0.000000 -0.845510 0.476969 0.476969 0.476969
1643.314575 0.000000 2135.107178 0.000000 0.676995 0.000000 -0.735987 0.463188 0.463188 0.463188
1662.061768 0.000000 2098.110107 0.000000 0.997420 0.000000 -0.071793 0.405489 0.405489 0.405489
1621.857300 0.000000 2139.509033 0.000000 0.619914 0.000000 -0.784670 0.468920 0.468920 0.468920
1692.282104 0.000000 2070.333496 0.000000 0.396623 0.000000 -0.917982 0.477811 0.477811 0.477811
1716.600708 0.000000 2056.651367 0.000000 0.835179 0.000000 -0.549977 0.203853 0.203853 0.203853
1683.921631 0.000000 2057.762939 0.000000 0.911679 0.000000 -0.410904 0.430657 0.430657 0.430657
1716.449829 0.000000 2066.197998 0.000000 0.147336 0.000000 -0.989086 0.500888 0.500888 0.500888
1670.599243 0.000000 2086.538330 0.000000 0.357151 0.000000 -0.934047 0.268385 0.268385 0.268385
1697.639404 0.000000 2063.475098 0.000000 0.875720 0.000000 -0.482820 0.346720 0.346720 0.346720
1701.084961 0.000000 2048.235107 0.000000 0.997736 0.000000 -0.067248 0.404486 0.404486 0.404486
1690.616821 0.000000 2039.646973 0.000000 0.996043 0.000000 -0.088874 0.248114 0.248114 0.248114
1709.790894 0.000000 2046.775635 0.000000 0.003668 0.000000 -0.999993 0.353833 0.353833 0.353833
1713.916626 0.000000 2051.227539 0.000000 0.033770 0.000000 -0.999430 0.517420 0.517420 0.517420
1698.074463 0.000000 2038.957275 0.000000 0.032740 0.000000 -0.999464 0.215385 0.215385 0.215385
1673.163696 0.000000 2072.738281 0.000000 0.861624 0.000000 -0.507547 0.440667 0.440667 0.440667
1665.469238 0.000000 2087.985596 0.000000 0.898301 0.000000 -0.439381 0.210962 0.210962 0.210962
1690.661499 0.000000 2054.875244 0.000000 0.985270 0.000000 -0.171003 0.251941 0.251941 0.251941
1690.548950 0.000000 2074.750488 0.000000 0.366709 0.000000 -0.930336 0.359905 0.359905 0.359905
1687.427856 0.000000 2082.432861 0.000000 0.886759 0.000000 -0.462231 0.387195 0.387195 0.387195
1682.852783 0.000000 2070.044922 0.000000 0.842543 0.000000 -0.538629 0.436637 0.436637 0.436637
1705.606079 0.000000 2070.918945 0.000000 0.267861 0.000000 -0.963458 0.303409 0.303409 0.303409
1705.396362 0.000000 2047.196411 0.000000 0.592501 0.000000 -0.805570 0.307112 0.307112 0.307112
1682.408936 0.000000 2061.846924 0.000000 0.391405 0.000000 -0.920218 0.311797 0.311797 0.311797
1677.646240 0.000000 2074.183838 0.000000 0.626613 0.000000 -0.779331 0.468266 0.468266 0.468266
1681.114990 0.000000 2087.997314 0.000000 0.696149 0.000000 -0.717897 0.407588 0.407588 0.407588
1686.003418 0.000000 2047.139893 0.000000 0.208231 0.000000 -0.978080 0.449642 0.449642 0.449642
1686.596802 0.000000 2053.968750 0.000000 0.773021 0.000000 -0.634380 0.452499 0.452499 0.452499
1696.344604 0.000000 2071.755127 0.000000 0.995016 0.000000 -0.099718 0.407606 0.407606 0.407606
1713.158813 0.000000 2068.065918 0.000000 0.346294 0.000000 -0.938126 0.492986 0.492986 0.492986
1687.828003 0.000000 2057.614258 0.000000 0.819264 0.000000 -0.573417 0.444365 0.444365 0.444365
1710.165649 0.000000 2050.979736 0.000000 0.946035 0.000000 -0.324065 0.421587 0.421587 0.421587
1697.456543 0.000000 2047.362427 0.000000 0.994540 0.000000 -0.104359 0.357847 0.357847 0.357847
1681.216431 0.000000 2073.318848 0.000000 0.277070 0.000000 -0.960850 0.498553 0.498553 0.498553
1673.807983 0.000000 2069.143066 0.000000 0.775145 0.000000 -0.631783 0.284746 0.284746 0.284746
1718.755981 0.000000 2059.532959 0.000000 0.058773 0.000000 -0.998271 0.422207 0.422207 0.422207
1690.772095 0.000000 2083.347900 0.000000 0.991425 0.000000 -0.130679 0.246575 0.246575 0.246575
1688.358154 0.000000 2041.948486 0.000000 0.916887 0.000000 -0.399146 0.310565 0.310565 0.310565
1718.496216 0.000000 2062.746338 0.000000 0.649928 0.000000 -0.759996 0.438644 0.438644 0.438644
1674.748779 0.000000 2075.630371 0.000000 0.308509 0.000000 -0.951221 0.496041 0.496041 0.496041
1693.536743 0.000000 2073.450684 0.000000 0.957940 0.000000 -0.286968 0.422235 0.422235 0.422235
1690.132568 0.000000 2067.889404 0.000000 0.974807 0.000000 -0.223050 0.240032 0.240032 0.240032
1703.443970 0.000000 2044.726929 0.000000 0.927268 0.000000 -0.374397 0.243793 0.243793 0.243793
1696.693359 0.000000 2085.425781 0.000000 0.067617 0.000000 -0.997711 0.496818 0.496818 0.496818
1706.699829 0.000000 2073.816406 0.000000 0.723885 0.000000 -0.689921 0.252538 0.252538 0.252538
1686.343750 0.000000 2050.829834 0.000000 0.233250 0.000000 -0.972417 0.322148 0.322148 0.322148
1670.113892 0.000000 2072.395996 0.000000 0.999695 0.000000 -0.024697 0.401801 0.401801 0.401801
1717.610352 0.000000 2068.930420 0.000000 0.997453 0.000000 -0.071330 0.238699 0.238699 0.238699
1707.534790 0.000000 2049.427246 0.000000 0.999000 0.000000 -0.044701 0.402992 0.402992 0.402992
1670.827515 0.000000 2089.436279 0.000000 0.693050 0.000000 -0.720889 0.417856 0.417856 0.417856
1675.714111 0.000000 2071.440674 0.000000 0.999162 0.000000 -0.040939 0.403128 0.403128 0.403128
1673.349487 0.000000 2085.992676 0.000000 0.197403 0.000000 -0.980322 0.381989 0.381989 0.381989
1683.100220 0.000000 2086.184326 0.000000 0.141745 0.000000 -0.989903 0.455018 0.455018 0.455018
1719.542480 0.000000 2056.567383 0.000000 0.760945 0.000000 -0.648816 0.267058 0.267058 0.267058
1678.569336 0.000000 2067.206299 0.000000 0.055602 0.000000 -0.998453 0.341114 0.341114 0.341114
1699.895264 0.000000 2045.951172 0.000000 0.200311 0.000000 -0.979732 0.504593 0.504593 0.504593
1709.601929 0.000000 2073.362549 0.000000 0.261075 0.000000 -0.965319 0.277389 0.277389 0.277389
1690.516602 0.000000 2072.216309 0.000000 0.390843 0.000000 -0.920457 0.483194 0.483194 0.483194
1697.210693 0.000000 2082.880371 0.000000 0.525670 0.000000 -0.850689 0.477716 0.477716 0.477716
1680.434082 0.000000 2063.498779 0.000000 0.484072 0.000000 -0.875028 0.402935 0.402935 0.402935
1698.441895 0.000000 2067.400879 0.000000 0.445708 0.000000 -0.895178 0.333321 0.333321 0.333321
1690.002319 0.000000 2047.472900 0.000000 0.389835 0.000000 -0.920885 0.362013 0.362013 0.362013
1680.003174 0.000000 2060.740234 0.000000 0.194682 0.000000 -0.980866 0.505032 0.505032 0.505032
1684.471069 0.000000 2055.263184 0.000000 0.223479 0.000000 -0.974709 0.487331 0.487331 0.487331
1694.667969 0.000000 2069.818848 0.000000 0.996437 0.000000 -0.084346 0.400751 0.400751 0.400751
1713.258545 0.000000 2070.894531 0.000000 0.749760 0.000000 -0.661710 0.342989 0.342989 0.342989
1677.917725 0.000000 2064.883789 0.000000 0.996526 0.000000 -0.083286 0.405496 0.405496 0.405496
1698.794434 0.000000 2071.697021 0.000000 1.000000 0.000000 -0.000482 0.370894 0.370894 0.370894
1697.651611 0.000000 2069.635010 0.000000 0.603971 0.000000 -0.797006 0.431653 0.431653 0.431653
1711.774780 0.000000 2052.625977 0.000000 0.409737 0.000000 -0.912204 0.476565 0.476565 0.476565
1701.593018 0.000000 2075.648193 0.000000 0.909379 0.000000 -0.415969 0.287496 0.287496 0.287496
1676.076904 0.000000 2068.748047 0.000000 0.978162 0.000000 -0.207845 0.415995 0.415995 0.415995
1699.886841 0.000000 2064.062012 0.000000 0.862201 0.000000 -0.506567 0.435276 0.435276 0.435276
1664.164185 0.000000 2089.776611 0.000000 0.998209 0.000000 -0.059821 0.374041 0.374041 0.374041
1715.339844 0.000000 2068.726807 0.000000 0.948014 0.000000 -0.318228 0.424741 0.424741 0.424741
1678.486328 0.000000 2072.119385 0.000000 0.166876 0.000000 -0.985978 0.507192 0.507192 0.507192
1683.258667 0.000000 2072.331055 0.000000 0.043589 0.000000 -0.999050 0.512856 0.512856 0.512856
1693.291748 0.000000 2044.728516 0.000000 0.995747 0.000000 -0.092133 0.406012 0.406012 0.406012
1716.417847 0.000000 2063.762451 0.000000 0.588501 0.000000 -0.808497 0.372353 0.372353 0.372353
1707.536621 0.000000 2047.000610 0.000000 0.449241 0.000000 -0.893410 0.368546 0.368546 0.368546
1695.716431 0.000000 2073.888184 0.000000 0.984895 0.000000 -0.173155 0.285784 0.285784 0.285784
1669.188354 0.000000 2076.177490 0.000000 0.790882 0.000000 -0.611968 0.448830 0.448830 0.448830
1685.939941 0.000000 2058.770996 0.000000 0.622618 0.000000 -0.782526 0.380649 0.380649 0.380649
1671.299561 0.000000 2074.175537 0.000000 0.902253 0.000000 -0.431208 0.434059 0.434059 0.434059
1687.989624 0.000000 2046.467285 0.000000 0.876308 0.000000 -0.481751 0.402787 0.402787 0.402787
1695.953247 0.000000 2039.112671 0.000000 0.277603 0.000000 -0.960696 0.434353 0.434353 0.434353
1708.596680 0.000000 2052.388916 0.000000 0.436193 0.000000 -0.899853 0.417786 0.417786 0.417786
1675.119385 0.000000 2087.056641 0.000000 0.696487 0.000000 -0.717570 0.442191 0.442191 0.442191
1672.026367 0.000000 2087.891846 0.000000 0.174923 0.000000 -0.984582 0.441482 0.441482 0.441482
1712.094482 0.000000 2050.546875 0.000000 0.687893 0.000000 -0.725812 0.462049 0.462049 0.462049
1682.017090 0.000000 2057.222168 0.000000 0.618332 0.000000 -0.785917 0.465462 0.465462 0.465462
1681.040649 0.000000 2085.972900 0.000000 0.572300 0.000000 -0.820045 0.468892 0.468892 0.468892
1714.464111 0.000000 2049.365967 0.000000 0.478785 0.000000 -0.877932 0.447815 0.447815 0.447815
1692.530762 0.000000 2075.112549 0.000000 0.922056 0.000000 -0.387056 0.426492 0.426492 0.426492
1694.427490 0.000000 2071.724609 0.000000 0.468329 0.000000 -0.883554 0.476545 0.476545 0.476545
1714.737793 0.000000 2066.935059 0.000000 0.923870 0.000000 -0.382706 0.430002 0.430002 0.430002
1691.430664 0.000000 2045.465210 0.000000 0.429206 0.000000 -0.903206 0.486110 0.486110 0.486110
1699.914307 0.000000 2062.196533 0.000000 0.984045 0.000000 -0.177918 0.375590 0.375590 0.375590
1700.653442 0.000000 2071.702393 0.000000 0.268337 0.000000 -0.963325 0.494057 0.494057 0.494057
1696.666016 0.000000 2034.076416 0.000000 0.293622 0.000000 -0.955921 0.430263 0.430263 0.430263
1707.042236 0.000000 2042.308228 0.000000 0.049896 0.000000 -0.998754 0.461821 0.461821 0.461821
1694.270752 0.000000 2042.714233 0.000000 0.625351 0.000000 -0.780344 0.459897 0.459897 0.459897
1688.941406 0.000000 2083.665283 0.000000 0.304191 0.000000 -0.952611 0.431304 0.431304 0.431304
1690.396606 0.000000 2043.475220 0.000000 0.312948 0.000000 -0.949770 0.495684 0.495684 0.495684
1705.043945 0.000000 2045.453125 0.000000 0.807918 0.000000 -0.589294 0.404273 0.404273 0.404273
1698.989624 0.000000 2065.651855 0.000000 0.999007 0.000000 -0.044544 0.402959 0.402959 0.402959
1668.253662 0.000000 2072.803467 0.000000 0.963922 0.000000 -0.266186 0.413447 0.413447 0.413447
1709.137695 0.000000 2048.497559 0.000000 0.398306 0.000000 -0.917253 0.474499 0.474499 0.474499
1688.050781 0.000000 2051.150391 0.000000 0.180390 0.000000 -0.983595 0.411615 0.411615 0.411615
1696.125000 0.000000 2042.579590 0.000000 0.643597 0.000000 -0.765365 0.466586 0.466586 0.466586
1674.837524 0.000000 2085.045654 0.000000 0.185933 0.000000 -0.982562 0.505022 0.505022 0.505022
1691.705688 0.000000 2073.476318 0.000000 0.992430 0.000000 -0.122815 0.408761 0.408761 0.408761
1669.526245 0.000000 2074.503418 0.000000 0.930581 0.000000 -0.366085 0.428632 0.428632 0.428632
1665.866943 0.000000 2089.640625 0.000000 0.252521 0.000000 -0.967591 0.440600 0.440600 0.440600
1676.416504 0.000000 2075.355469 0.000000 0.055987 0.000000 -0.998432 0.515721 0.515721 0.515721
1709.746216 0.000000 2053.573486 0.000000 0.806296 0.000000 -0.591512 0.393500 0.393500 0.393500
1694.604736 0.000000 2066.717773 0.000000 0.399406 0.000000 -0.916774 0.488612 0.488612 0.488612
1696.356323 0.000000 2045.804321 0.000000 0.999970 0.000000 -0.007770 0.400532 0.400532 0.400532
1697.938477 0.000000 2084.325928 0.000000 0.722785 0.000000 -0.691073 0.449144 0.449144 0.449144
1676.826050 0.000000 2072.623535 0.000000 0.222108 0.000000 -0.975022 0.502890 0.502890 0.502890
1712.299683 0.000000 2069.583984 0.000000 0.912054 0.000000 -0.410070 0.432279 0.432279 0.432279
1687.097900 0.000000 2052.451904 0.000000 0.651929 0.000000 -0.758280 0.465750 0.465750 0.465750
1707.719849 0.000000 2051.024170 0.000000 0.413028 0.000000 -0.910718 0.471285 0.471285 0.471285
1698.589355 0.000000 2033.635620 0.000000 0.890042 0.000000 -0.455879 0.412991 0.412991 0.412991
1686.839355 0.000000 2084.002441 0.000000 0.880348 0.000000 -0.474329 0.437754 0.437754 0.437754
1681.954346 0.000000 2071.461670 0.000000 0.348420 0.000000 -0.937339 0.492812 0.492812 0.492812
1705.112671 0.000000 2043.875244 0.000000 0.438316 0.000000 -0.898821 0.481713 0.481713 0.481713
1683.123779 0.000000 2056.126709 0.000000 0.808287 0.000000 -0.588789 0.445580 0.445580 0.445580
1683.869141 0.000000 2084.757080 0.000000 0.538978 0.000000 -0.842320 0.476515 0.476515 0.476515
1675.164307 0.000000 2069.992676 0.000000 0.978716 0.000000 -0.205222 0.414500 0.414500 0.414500
1706.500732 0.000000 2048.223145 0.000000 0.631024 0.000000 -0.775764 0.459409 0.459409 0.459409
1718.250977 0.000000 2061.200684 0.000000 0.064628 0.000000 -0.997909 0.474854 0.474854 0.474854
1699.868042 0.000000 2049.278320 0.000000 0.994350 0.000000 -0.106149 0.407806 0.407806 0.407806
1685.358154 0.000000 2057.330078 0.000000 0.426985 0.000000 -0.904259 0.486298 0.486298 0.486298
1708.925659 0.000000 2050.004883 0.000000 0.851396 0.000000 -0.524523 0.439562 0.439562 0.439562
1674.169800 0.000000 2074.011230 0.000000 0.999804 0.000000 -0.019798 0.401513 0.401513 0.401513
1699.450684 0.000000 2042.098267 0.000000 0.976116 0.000000 -0.217251 0.416676 0.416676 0.416676
1691.986084 0.000000 2044.195557 0.000000 0.590913 0.000000 -0.806735 0.471704 0.471704 0.471704
1688.171021 0.000000 2044.938354 0.000000 0.759876 0.000000 -0.650068 0.454062 0.454062 0.454062
1697.452271 0.000000 2070.981201 0.000000 0.857709 0.000000 -0.514136 0.441118 0.441118 0.441118
1680.687134 0.000000 2059.551270 0.000000 0.148065 0.000000 -0.988978 0.508647 0.508647 0.508647
1677.373169 0.000000 2068.706299 0.000000 0.761619 0.000000 -0.648025 0.453857 0.453857 0.453857
1780.600708 0.000000 2056.651367 0.000000 0.058527 0.000000 -0.998286 0.498537 0.498537 0.498537
1782.803467 0.000000 2035.503662 0.000000 0.831967 0.000000 -0.554825 0.367203 0.367203 0.367203
1773.255371 0.000000 2088.312988 0.000000 0.728615 0.000000 -0.684923 0.289025 0.289025 0.289025
1782.117310 0.000000 2040.458862 0.000000 0.992279 0.000000 -0.124023 0.386818 0.386818 0.386818
1779.521606 0.000000 2061.446289 0.000000 0.603208 0.000000 -0.797584 0.390427 0.390427 0.390427
1774.917847 0.000000 2054.752197 0.000000 0.689249 0.000000 -0.724524 0.217257 0.217257 0.217257
1789.935669 0.000000 2063.467529 0.000000 0.890244 0.000000 -0.455483 0.359637 0.359637 0.359637
1790.018555 0.000000 2059.332520 0.000000 0.973643 0.000000 -0.228076 0.313394 0.313394 0.313394
1783.430908 0.000000 2047.314575 0.000000 0.200110 0.000000 -0.979773 0.504609 0.504609 0.504609
1774.165649 0.000000 2050.979736 0.000000 0.672530 0.000000 -0.740070 0.463650 0.463650 0.463650
1783.010986 0.000000 2088.390381 0.000000 0.622063 0.000000 -0.782967 0.237726 0.237726 0.237726
1787.742432 0.000000 2071.114502 0.000000 0.354892 0.000000 -0.934907 0.425370 0.425370 0.425370
1780.612793 0.000000 2049.149414 0.000000 0.756834 0.000000 -0.653607 0.454419 0.454419 0.454419
1777.605835 0.000000 2086.291260 0.000000 0.618015 0.000000 -0.786166 0.262921 0.262921 0.262921
1782.469360 0.000000 2043.591553 0.000000 0.569158 0.000000 -0.822228 0.469889 0.469889 0.469889
1776.015381 0.000000 2061.218994 0.000000 0.333263 0.000000 -0.942834 0.494044 0.494044 0.494044
1788.718994 0.000000 2074.668945 0.000000 0.303658 0.000000 -0.952781 0.306900 0.306900 0.306900
1779.409058 0.000000 2058.923828 0.000000 0.999996 0.000000 -0.002985 0.400210 0.400210 0.400210
1782.928345 0.000000 2050.322510 0.000000 0.956432 0.000000 -0.291954 0.387809 0.387809 0.387809
1791.022949 0.000000 2087.603027 0.000000 0.992551 0.000000 -0.121826 0.330748 0.330748 0.330748
1779.473267 0.000000 2073.815430 0.000000 0.496390 0.000000 -0.868100 0.423537 0.423537 0.423537
1783.474731 0.000000 2038.508179 0.000000 0.542500 0.000000 -0.840056 0.402719 0.402719 0.402719
1785.682983 0.000000 2035.593262 0.000000 0.620830 0.000000 -0.783945 0.300685 0.300685 0.300685
1775.774780 0.000000 2052.625977 0.000000 0.914253 0.000000 -0.405145 0.431867 0.431867 0.431867
1774.967163 0.000000 2048.814453 0.000000 0.307299 0.000000 -0.951613 0.413574 0.413574 0.413574
1790.808594 0.000000 2061.465088 0.000000 0.153506 0.000000 -0.988148 0.508226 0.508226 0.508226
1777.818970 0.000000 2060.185303 0.000000 0.884279 0.000000 -0.466959 0.437116 0.437116 0.437116
1781.193481 0.000000 2072.772461 0.000000 0.080377 0.000000 -0.996765 0.388242 0.388242 0.388242
1778.464111 0.000000 2049.365967 0.000000 0.062228 0.000000 -0.998062 0.515243 0.515243 0.515243
1780.512451 0.000000 2043.291870 0.000000 0.998783 0.000000 -0.049327 0.350702 0.350702 0.350702
1780.201538 0.000000 2040.385498 0.000000 0.754053 0.000000 -0.656814 0.406052 0.406052 0.406052
1786.464966 0.000000 2069.724854 0.000000 0.163480 0.000000 -0.986547 0.407508 0.407508 0.407508
1781.692383 0.000000 2045.172485 0.000000 0.937095 0.000000 -0.349073 0.368420 0.368420 0.368420
1783.988525 0.000000 2049.060791 0.000000 0.972127 0.000000 -0.234456 0.397994 0.397994 0.397994
1779.356323 0.000000 2055.612793 0.000000 0.600598 0.000000 -0.799551 0.468470 0.468470 0.468470
1786.732300 0.000000 2087.110352 0.000000 0.996718 0.000000 -0.080949 0.393613 0.393613 0.393613
1789.900391 0.000000 2086.505371 0.000000 0.521721 0.000000 -0.853116 0.466589 0.466589 0.466589
1788.529175 0.000000 2066.870850 0.000000 0.061436 0.000000 -0.998111 0.498347 0.498347 0.498347
1782.458008 0.000000 2046.346924 0.000000 0.619964 0.000000 -0.784630 0.468915 0.468915 0.468915
1774.218384 0.000000 2052.313965 0.000000 0.356433 0.000000 -0.934321 0.492158 0.492158 0.492158
1671.674683 0.000000 2113.867920 0.000000 0.893743 0.000000 -0.448579 0.207453 0.207453 0.207453
1683.921631 0.000000 2114.247314 0.000000 0.995497 0.000000 -0.094797 0.215134 0.215134 0.215134
1664.315308 0.000000 2116.347412 0.000000 0.495276 0.000000 -0.868736 0.437431 0.437431 0.437431
1666.164551 0.000000 2109.293457 0.000000 0.608554 0.000000 -0.793512 0.467503 0.467503 0.467503
1690.616821 0.000000 2096.131348 0.000000 0.932173 0.000000 -0.362014 0.206505 0.206505 0.206505
1668.861816 0.000000 2117.876465 0.000000 0.429908 0.000000 -0.902873 0.486051 0.486051 0.486051
1677.333862 0.000000 2094.251221 0.000000 0.589700 0.000000 -0.807622 0.435653 0.435653 0.435653
1673.424194 0.000000 2117.795654 0.000000 0.352901 0.000000 -0.935661 0.492447 0.492447 0.492447
1682.408936 0.000000 2118.331299 0.000000 0.993466 0.000000 -0.114126 0.408738 0.408738 0.408738
1667.605225 0.000000 2113.198486 0.000000 0.398231 0.000000 -0.917285 0.360180 0.360180 0.360180
1665.602173 0.000000 2120.295166 0.000000 0.913045 0.000000 -0.407859 0.271259 0.271259 0.271259
1664.173096 0.000000 2091.746582 0.000000 0.747044 0.000000 -0.664774 0.449925 0.449925 0.449925
1680.310547 0.000000 2114.716553 0.000000 0.729190 0.000000 -0.684312 0.426453 0.426453 0.426453
1675.269287 0.000000 2099.251953 0.000000 0.718671 0.000000 -0.695350 0.372244 0.372244 0.372244
1688.358154 0.000000 2098.432861 0.000000 0.415995 0.000000 -0.909367 0.487224 0.487224 0.487224
1670.798706 0.000000 2104.188965 0.000000 0.580162 0.000000 -0.814501 0.251724 0.251724 0.251724
1666.492065 0.000000 2093.511475 0.000000 0.318514 0.000000 -0.947918 0.495236 0.495236 0.495236
1670.202026 0.000000 2101.434570 0.000000 0.860489 0.000000 -0.509468 0.319478 0.319478 0.319478
1670.297607 0.000000 2091.270020 0.000000 0.824001 0.000000 -0.566588 0.446017 0.446017 0.446017
1664.974365 0.000000 2102.629639 0.000000 0.625699 0.000000 -0.780065 0.390577 0.390577 0.390577
1666.873169 0.000000 2116.212158 0.000000 0.412301 0.000000 -0.911048 0.487534 0.487534 0.487534
1680.003174 0.000000 2117.224609 0.000000 0.777426 0.000000 -0.628975 0.364391 0.364391 0.364391
1672.000732 0.000000 2093.983154 0.000000 0.280246 0.000000 -0.959928 0.498300 0.498300 0.498300
1671.324707 0.000000 2116.531982 0.000000 0.921453 0.000000 -0.388491 0.388190 0.388190 0.388190
1672.162109 0.000000 2109.642578 0.000000 0.092684 0.000000 -0.995696 0.335329 0.335329 0.335329
1666.523438 0.000000 2104.336670 0.000000 0.431880 0.000000 -0.901931 0.485884 0.485884 0.485884
1667.661377 0.000000 2110.995361 0.000000 0.497326 0.000000 -0.867564 0.428073 0.428073 0.428073
1664.013672 0.000000 2094.444580 0.000000 0.480286 0.000000 -0.877112 0.481728 0.481728 0.481728
1666.422852 0.000000 2118.321533 0.000000 0.990004 0.000000 -0.141040 0.410811 0.410811 0.410811
1669.887573 0.000000 2120.750488 0.000000 0.958651 0.000000 -0.284583 0.422045 0.422045 0.422045
1666.305054 0.000000 2091.271729 0.000000 0.786686 0.000000 -0.617354 0.448173 0.448173 0.448173
1666.200317 0.000000 2106.541016 0.000000 0.080039 0.000000 -0.996792 0.513879 0.513879 0.513879
1674.859009 0.000000 2097.450439 0.000000 0.995354 0.000000 -0.096282 0.406308 0.406308 0.406308
1672.607910 0.000000 2103.757324 0.000000 0.632312 0.000000 -0.774714 0.365819 0.365819 0.365819
1664.520874 0.000000 2109.691895 0.000000 0.956695 0.000000 -0.291094 0.422048 0.422048 0.422048
1686.760498 0.000000 2099.126221 0.000000 0.663501 0.000000 -0.748176 0.405544 0.405544 0.405544
1664.942993 0.000000 2093.071289 0.000000 0.740389 0.000000 -0.672179 0.432621 0.432621 0.432621
1681.981812 0.000000 2119.833984 0.000000 0.483899 0.000000 -0.875124 0.477156 0.477156 0.477156
1669.380859 0.000000 2090.079834 0.000000 0.382431 0.000000 -0.923984 0.480313 0.480313 0.480313
1689.317871 0.000000 2097.182129 0.000000 0.656233 0.000000 -0.754559 0.465316 0.465316 0.465316
1691.908447 0.000000 2095.425537 0.000000 0.291941 0.000000 -0.956436 0.497368 0.497368 0.497368
1664.011719 0.000000 2114.774902 0.000000 0.199730 0.000000 -0.979851 0.490618 0.490618 0.490618
1668.396240 0.000000 2116.507568 0.000000 0.994758 0.000000 -0.102259 0.407826 0.407826 0.407826
1664.065918 0.000000 2095.959229 0.000000 0.094336 0.000000 -0.995540 0.512783 0.512783 0.512783
1681.019165 0.000000 2118.539551 0.000000 0.398309 0.000000 -0.917251 0.484065 0.484065 0.484065
1683.367432 0.000000 2119.929199 0.000000 0.140372 0.000000 -0.990099 0.509241 0.509241 0.509241
1667.718384 0.000000 2118.715820 0.000000 0.338822 0.000000 -0.940851 0.493593 0.493593 0.493593
1683.671875 0.000000 2118.656738 0.000000 0.996676 0.000000 -0.081470 0.406231 0.406231 0.406231
1782.803467 0.000000 2091.988037 0.000000 0.097295 0.000000 -0.995256 0.255770 0.255770 0.255770
1773.901245 0.000000 2090.876221 0.000000 0.643060 0.000000 -0.765816 0.422965 0.422965 0.422965
1780.885132 0.000000 2141.673096 0.000000 0.421675 0.000000 -0.906747 0.274077 0.274077 0.274077
1772.186279 0.000000 2137.630127 0.000000 0.969125 0.000000 -0.246568 0.419033 0.419033 0.419033
1760.909058 0.000000 2132.165283 0.000000 0.498981 0.000000 -0.866613 0.480090 0.480090 0.480090
1762.074463 0.000000 2095.441650 0.000000 0.181584 0.000000 -0.983375 0.260174 0.260174 0.260174
1767.675415 0.000000 2144.695801 0.000000 0.179184 0.000000 -0.983816 0.436281 0.436281 0.436281
1785.614258 0.000000 2142.302979 0.000000 0.807531 0.000000 -0.589825 0.442838 0.442838 0.442838
1770.133911 0.000000 2094.059326 0.000000 0.679254 0.000000 -0.733903 0.462953 0.462953 0.462953
1759.949707 0.000000 2124.177979 0.000000 0.996737 0.000000 -0.080715 0.324569 0.324569 0.324569
1775.152222 0.000000 2135.392578 0.000000 0.295908 0.000000 -0.955216 0.317413 0.317413 0.317413
1757.536743 0.000000 2129.935059 0.000000 0.676648 0.000000 -0.736306 0.335657 0.335657 0.335657
1770.699829 0.000000 2130.300781 0.000000 0.755234 0.000000 -0.655455 0.310522 0.310522 0.310522
1761.860474 0.000000 2098.663086 0.000000 0.413991 0.000000 -0.910281 0.274241 0.274241 0.274241
1769.246460 0.000000 2138.233643 0.000000 0.832909 0.000000 -0.553410 0.444802 0.444802 0.444802
1771.550903 0.000000 2096.721680 0.000000 0.801510 0.000000 -0.597982 0.448967 0.448967 0.448967
1770.622314 0.000000 2143.947021 0.000000 0.875047 0.000000 -0.484038 0.438599 0.438599 0.438599
1766.352295 0.000000 2139.110352 0.000000 0.839382 0.000000 -0.543541 0.352096 0.352096 0.352096
1774.584106 0.000000 2138.702393 0.000000 0.847367 0.000000 -0.531008 0.279338 0.279338 0.279338
1758.667969 0.000000 2126.303223 0.000000 0.797199 0.000000 -0.603717 0.354998 0.354998 0.354998
1760.506104 0.000000 2134.579590 0.000000 0.760667 0.000000 -0.649142 0.447444 0.447444 0.447444
1772.873901 0.000000 2134.911133 0.000000 0.925623 0.000000 -0.378448 0.429650 0.429650 0.429650
1763.097656 0.000000 2132.021973 0.000000 0.994729 0.000000 -0.102538 0.407283 0.407283 0.407283
1770.151367 0.000000 2132.433350 0.000000 0.934633 0.000000 -0.355615 0.426413 0.426413 0.426413
1790.808594 0.000000 2117.949463 0.000000 0.230955 0.000000 -0.972964 0.372802 0.372802 0.372802
1791.035522 0.000000 2131.530029 0.000000 0.895083 0.000000 -0.445900 0.350213 0.350213 0.350213
1769.461914 0.000000 2145.521484 0.000000 0.395384 0.000000 -0.918516 0.488947 0.488947 0.488947
1782.407227 0.000000 2142.957520 0.000000 0.923125 0.000000 -0.384499 0.430150 0.430150 0.430150
1773.863159 0.000000 2136.739014 0.000000 0.118619 0.000000 -0.992940 0.510917 0.510917 0.510917
1770.718262 0.000000 2136.420898 0.000000 0.828212 0.000000 -0.560415 0.445446 0.445446 0.445446
1770.572388 0.000000 2139.500732 0.000000 0.545556 0.000000 -0.838074 0.475916 0.475916 0.475916
1771.779663 0.000000 2094.903320 0.000000 0.360213 0.000000 -0.932870 0.491849 0.491849 0.491849
1755.789307 0.000000 2125.101562 0.000000 0.758329 0.000000 -0.651872 0.454244 0.454244 0.454244
1759.343506 0.000000 2133.058594 0.000000 0.793328 0.000000 -0.608795 0.450003 0.450003 0.450003
1785.560059 0.000000 2140.565918 0.000000 0.777186 0.000000 -0.629271 0.450466 0.450466 0.450466
1762.527588 0.000000 2097.029541 0.000000 0.979276 0.000000 -0.202531 0.392493 0.392493 0.392493
1773.450073 0.000000 2092.441406 0.000000 0.899759 0.000000 -0.436387 0.431792 0.431792 0.431792
1761.783813 0.000000 2133.486084 0.000000 0.428234 0.000000 -0.903668 0.486193 0.486193 0.486193
1772.179810 0.000000 2093.344971 0.000000 0.919904 0.000000 -0.392143 0.428369 0.428369 0.428369
1770.734131 0.000000 2137.936035 0.000000 0.935627 0.000000 -0.352989 0.427560 0.427560 0.427560
1768.668823 0.000000 2094.575195 0.000000 0.381594 0.000000 -0.924330 0.486852 0.486852 0.486852
1770.270874 0.000000 2097.413574 0.000000 0.716353 0.000000 -0.697738 0.458994 0.458994 0.458994
1784.193359 0.000000 2142.372803 0.000000 0.209010 0.000000 -0.977913 0.492368 0.492368 0.492368
1771.522339 0.000000 2132.025635 0.000000 0.684184 0.000000 -0.729310 0.459377 0.459377 0.459377
1768.031860 0.000000 2141.472412 0.000000 0.701712 0.000000 -0.712461 0.460581 0.460581 0.460581
1782.159790 0.000000 2140.568604 0.000000 0.828187 0.000000 -0.560452 0.445449 0.445449 0.445449
1771.721924 0.000000 2141.315430 0.000000 0.292558 0.000000 -0.956248 0.497318 0.497318 0.497318
1755.110962 0.000000 2127.531250 0.000000 0.278671 0.000000 -0.960387 0.498425 0.498425 0.498425
1586.281372 0.000000 2189.475342 0.000000 0.831425 0.000000 -0.555638 0.445006 0.445006 0.445006
1597.734009 0.000000 2180.616455 0.000000 0.802849 0.000000 -0.596182 0.267016 0.267016 0.267016
1596.270508 0.000000 2194.739990 0.000000 0.491551 0.000000 -0.870849 0.480743 0.480743 0.480743
1597.042114 0.000000 2202.064453 0.000000 0.585685 0.000000 -0.810539 0.340983 0.340983 0.340983
1599.097656 0.000000 2185.795410 0.000000 0.241461 0.000000 -0.970410 0.501370 0.501370 0.501370
1585.044556 0.000000 2195.090088 0.000000 0.644345 0.000000 -0.764735 0.466511 0.466511 0.466511
1598.612427 0.000000 2198.046631 0.000000 0.999447 0.000000 -0.033249 0.385102 0.385102 0.385102
1583.152222 0.000000 2191.876953 0.000000 0.656812 0.000000 -0.754055 0.276624 0.276624 0.276624
1595.742432 0.000000 2184.083252 0.000000 0.843983 0.000000 -0.536370 0.372867 0.372867 0.372867
1596.718994 0.000000 2187.637695 0.000000 0.454726 0.000000 -0.890631 0.483937 0.483937 0.483937
1586.616577 0.000000 2192.459473 0.000000 0.866655 0.000000 -0.498908 0.391940 0.391940 0.391940
1578.622314 0.000000 2200.431396 0.000000 0.323354 0.000000 -0.946278 0.494846 0.494846 0.494846
1598.888184 0.000000 2183.031250 0.000000 0.967855 0.000000 -0.251510 0.419422 0.419422 0.419422
1583.961792 0.000000 2201.666260 0.000000 0.358408 0.000000 -0.933565 0.328860 0.328860 0.328860
1599.022949 0.000000 2200.571777 0.000000 0.994230 0.000000 -0.107272 0.407084 0.407084 0.407084
1587.473267 0.000000 2186.784180 0.000000 0.223147 0.000000 -0.974785 0.492393 0.492393 0.492393
1595.743408 0.000000 2197.133789 0.000000 0.003727 0.000000 -0.999993 0.296034 0.296034 0.296034
1580.424194 0.000000 2198.952393 0.000000 0.203273 0.000000 -0.979122 0.375438 0.375438 0.375438
1584.863892 0.000000 2190.882324 0.000000 0.952196 0.000000 -0.305487 0.423717 0.423717 0.423717
1585.177856 0.000000 2188.019531 0.000000 0.934743 0.000000 -0.355323 0.427751 0.427751 0.427751
1584.143311 0.000000 2198.822754 0.000000 0.917180 0.000000 -0.398474 0.431310 0.431310 0.431310
1597.091431 0.000000 2198.117920 0.000000 0.981136 0.000000 -0.193318 0.413454 0.413454 0.413454
1597.900391 0.000000 2199.474121 0.000000 0.956882 0.000000 -0.290478 0.420382 0.420382 0.420382
1583.452637 0.000000 2196.385498 0.000000 0.725968 0.000000 -0.687728 0.457934 0.457934 0.457934
1598.566406 0.000000 2202.034912 0.000000 0.768744 0.000000 -0.639556 0.453012 0.453012 0.453012
1576.984863 0.000000 2200.629639 0.000000 0.099891 0.000000 -0.994998 0.512356 0.512356 0.512356
1598.782349 0.000000 2184.426270 0.000000 0.961982 0.000000 -0.273112 0.421133 0.421133 0.421133
1574.915771 0.000000 2202.354004 0.000000 0.123594 0.000000 -0.992333 0.510534 0.510534 0.510534
1585.428345 0.000000 2196.341309 0.000000 0.730681 0.000000 -0.682719 0.457409 0.457409 0.457409
1641.206665 0.000000 2154.949951 0.000000 0.999913 0.000000 -0.013173 0.400977 0.400977 0.400977
1632.264404 0.000000 2168.274658 0.000000 0.585174 0.000000 -0.810908 0.226554 0.226554 0.226554
1600.290283 0.000000 2180.771484 0.000000 0.762287 0.000000 -0.647240 0.453778 0.453778 0.453778
1642.581665 0.000000 2165.211182 0.000000 0.969486 0.000000 -0.245145 0.228657 0.228657 0.228657
1631.430420 0.000000 2157.178223 0.000000 0.218756 0.000000 -0.975780 0.389046 0.389046 0.389046
1613.467529 0.000000 2161.961426 0.000000 0.461590 0.000000 -0.887093 0.483347 0.483347 0.483347
1625.268799 0.000000 2162.815430 0.000000 0.367865 0.000000 -0.929879 0.358353 0.358353 0.358353
1621.428101 0.000000 2178.753906 0.000000 0.306305 0.000000 -0.951933 0.486785 0.486785 0.486785
1606.599243 0.000000 2199.507080 0.000000 0.433691 0.000000 -0.901062 0.209946 0.209946 0.209946
1607.693237 0.000000 2178.238770 0.000000 0.999710 0.000000 -0.024095 0.392489 0.392489 0.392489
1638.270874 0.000000 2147.813232 0.000000 0.991444 0.000000 -0.130536 0.286971 0.286971 0.286971
1600.315308 0.000000 2172.831787 0.000000 0.936380 0.000000 -0.350988 0.237384 0.237384 0.237384
1637.084961 0.000000 2161.203857 0.000000 0.699355 0.000000 -0.714775 0.381837 0.381837 0.381837
1647.844604 0.000000 2153.516602 0.000000 0.358076 0.000000 -0.933693 0.492024 0.492024 0.492024
1619.298462 0.000000 2164.353516 0.000000 0.372457 0.000000 -0.928050 0.490844 0.490844 0.490844
1613.066528 0.000000 2199.622559 0.000000 0.183212 0.000000 -0.983073 0.429473 0.429473 0.429473
1614.716187 0.000000 2156.139893 0.000000 0.099446 0.000000 -0.995043 0.357069 0.357069 0.357069
1630.773926 0.000000 2162.877930 0.000000 0.015042 0.000000 -0.999887 0.518851 0.518851 0.518851
1627.974365 0.000000 2178.135742 0.000000 0.977087 0.000000 -0.212841 0.416385 0.416385 0.416385
1637.443237 0.000000 2166.208252 0.000000 0.148880 0.000000 -0.988855 0.508584 0.508584 0.508584
1617.893799 0.000000 2159.720947 0.000000 0.491622 0.000000 -0.870809 0.375576 0.375576 0.375576
1641.396362 0.000000 2160.165039 0.000000 0.853968 0.000000 -0.520325 0.213159 0.213159 0.213159
1616.913574 0.000000 2178.976318 0.000000 0.083612 0.000000 -0.996498 0.416054 0.416054 0.416054
1611.936890 0.000000 2179.175537 0.000000 0.999003 0.000000 -0.044649 0.301670 0.301670 0.301670
1626.844482 0.000000 2148.123779 0.000000 0.558214 0.000000 -0.829697 0.349267 0.349267 0.349267
1622.596802 0.000000 2166.937500 0.000000 0.241057 0.000000 -0.970511 0.501401 0.501401 0.501401
1622.302124 0.000000 2151.460205 0.000000 0.990635 0.000000 -0.136538 0.219076 0.219076 0.219076
1601.602173 0.000000 2176.779541 0.000000 0.832634 0.000000 -0.553823 0.254637 0.254637 0.254637
1641.897095 0.000000 2146.434570 0.000000 0.999748 0.000000 -0.022464 0.287454 0.287454 0.287454
1607.290527 0.000000 2189.251465 0.000000 0.978979 0.000000 -0.203963 0.415692 0.415692 0.415692
1644.817139 0.000000 2155.932129 0.000000 0.854592 0.000000 -0.519301 0.439942 0.439942 0.439942
1635.651001 0.000000 2169.348633 0.000000 0.720273 0.000000 -0.693691 0.450717 0.450717 0.450717
1628.263916 0.000000 2155.702393 0.000000 0.656758 0.000000 -0.754101 0.455239 0.455239 0.455239
1604.219482 0.000000 2179.040283 0.000000 0.956434 0.000000 -0.291950 0.361926 0.361926 0.361926
1617.116211 0.000000 2193.653809 0.000000 0.825150 0.000000 -0.564914 0.330715 0.330715 0.330715
1626.132568 0.000000 2180.858154 0.000000 0.505347 0.000000 -0.862916 0.469652 0.469652 0.469652
1606.656738 0.000000 2195.224121 0.000000 0.999190 0.000000 -0.040233 0.402884 0.402884 0.402884
1622.343750 0.000000 2163.798584 0.000000 0.415674 0.000000 -0.909514 0.431409 0.431409 0.431409
1606.113892 0.000000 2185.364746 0.000000 0.197139 0.000000 -0.980376 0.502785 0.502785 0.502785
1643.550903 0.000000 2153.206055 0.000000 0.932271 0.000000 -0.361761 0.425413 0.425413 0.425413
1611.714111 0.000000 2184.409424 0.000000 0.648676 0.000000 -0.761064 0.318914 0.318914 0.318914
1629.260010 0.000000 2180.675537 0.000000 0.952362 0.000000 -0.304970 0.413469 0.413469 0.413469
1638.386963 0.000000 2168.754395 0.000000 0.549728 0.000000 -0.835343 0.307092 0.307092 0.307092
1619.958252 0.000000 2153.118896 0.000000 0.909743 0.000000 -0.415171 0.416845 0.416845 0.416845
1619.922729 0.000000 2150.205566 0.000000 0.948739 0.000000 -0.316061 0.286014 0.286014 0.286014
1620.724731 0.000000 2176.106689 0.000000 0.336007 0.000000 -0.941860 0.396470 0.396470 0.396470
1621.175049 0.000000 2181.624268 0.000000 0.460233 0.000000 -0.887798 0.281591 0.281591 0.281591
1614.452148 0.000000 2202.000977 0.000000 0.805288 0.000000 -0.592883 0.255481 0.255481 0.255481
1638.658447 0.000000 2154.627197 0.000000 0.074870 0.000000 -0.997193 0.403205 0.403205 0.403205
1607.626831 0.000000 2192.756592 0.000000 0.412620 0.000000 -0.910903 0.483504 0.483504 0.483504
1602.873169 0.000000 2172.696533 0.000000 0.828076 0.000000 -0.560616 0.391613 0.391613 0.391613
1616.434082 0.000000 2176.467529 0.000000 0.976120 0.000000 -0.217232 0.288141 0.288141 0.288141
1636.534668 0.000000 2163.584229 0.000000 0.022881 0.000000 -0.999738 0.516320 0.516320 0.516320
1607.851929 0.000000 2183.583740 0.000000 0.129131 0.000000 -0.991628 0.413973 0.413973 0.413973
1607.324707 0.000000 2173.016357 0.000000 0.904442 0.000000 -0.426597 0.268008 0.268008 0.268008
1625.026123 0.000000 2146.654053 0.000000 0.204644 0.000000 -0.978837 0.504255 0.504255 0.504255
1603.928833 0.000000 2176.538086 0.000000 0.978336 0.000000 -0.207025 0.415931 0.415931 0.415931
1609.640015 0.000000 2179.633301 0.000000 0.999901 0.000000 -0.014067 0.401075 0.401075 0.401075
1627.827881 0.000000 2150.445312 0.000000 0.762590 0.000000 -0.646883 0.279983 0.279983 0.279983
1618.931519 0.000000 2177.732422 0.000000 0.542753 0.000000 -0.839892 0.419195 0.419195 0.419195
1601.116211 0.000000 2182.905518 0.000000 0.297680 0.000000 -0.954666 0.496909 0.496909 0.496909
1607.561523 0.000000 2197.380127 0.000000 0.210557 0.000000 -0.977582 0.451173 0.451173 0.451173
1624.281860 0.000000 2168.421387 0.000000 0.322500 0.000000 -0.946570 0.494914 0.494914 0.494914
1612.277832 0.000000 2201.662598 0.000000 0.980134 0.000000 -0.198336 0.353957 0.353957 0.353957
1648.601685 0.000000 2151.248535 0.000000 0.910964 0.000000 -0.412487 0.385695 0.385695 0.385695
1609.114258 0.000000 2176.520020 0.000000 0.066366 0.000000 -0.997795 0.504035 0.504035 0.504035
1641.380981 0.000000 2162.353760 0.000000 0.863862 0.000000 -0.503728 0.434926 0.434926 0.434926
1607.299561 0.000000 2187.144287 0.000000 0.633009 0.000000 -0.774144 0.465868 0.465868 0.465868
1638.302734 0.000000 2159.472900 0.000000 0.075559 0.000000 -0.997141 0.329606 0.329606 0.329606
1622.646118 0.000000 2177.072021 0.000000 0.933056 0.000000 -0.359731 0.403045 0.403045 0.403045
1617.646729 0.000000 2165.730957 0.000000 0.983393 0.000000 -0.181488 0.413441 0.413441 0.413441
1606.226929 0.000000 2190.981201 0.000000 0.262463 0.000000 -0.964942 0.499712 0.499712 0.499712
1605.476685 0.000000 2197.684570 0.000000 0.677290 0.000000 -0.735716 0.359246 0.359246 0.359246
1652.116699 0.000000 2148.737061 0.000000 0.871240 0.000000 -0.490858 0.439196 0.439196 0.439196
1626.051758 0.000000 2178.700439 0.000000 0.305069 0.000000 -0.952330 0.496317 0.496317 0.496317
1609.185303 0.000000 2189.941406 0.000000 0.618728 0.000000 -0.785605 0.462042 0.462042 0.462042
1654.278564 0.000000 2146.438232 0.000000 0.102378 0.000000 -0.994746 0.497870 0.497870 0.497870
1614.853149 0.000000 2163.308105 0.000000 0.330814 0.000000 -0.943696 0.349166 0.349166 0.349166
1635.805054 0.000000 2165.320557 0.000000 0.804490 0.000000 -0.593966 0.448585 0.448585 0.448585
1635.248779 0.000000 2160.767578 0.000000 0.972442 0.000000 -0.233144 0.324319 0.324319 0.324319
1640.686523 0.000000 2165.059326 0.000000 0.727095 0.000000 -0.686537 0.457809 0.457809 0.457809
1611.861206 0.000000 2161.075684 0.000000 0.965087 0.000000 -0.261929 0.417203 0.417203 0.417203
1626.396606 0.000000 2156.444092 0.000000 0.655066 0.000000 -0.755571 0.465434 0.465434 0.465434
1634.022705 0.000000 2168.441895 0.000000 0.718150 0.000000 -0.695888 0.450919 0.450919 0.450919
1638.039062 0.000000 2164.508057 0.000000 0.970862 0.000000 -0.239640 0.418487 0.418487 0.418487
1613.681030 0.000000 2160.178955 0.000000 0.900258 0.000000 -0.435357 0.434411 0.434411 0.434411
1638.058228 0.000000 2162.708740 0.000000 0.736306 0.000000 -0.676648 0.451396 0.451396 0.451396
1639.815552 0.000000 2155.959961 0.000000 0.977390 0.000000 -0.211442 0.348570 0.348570 0.348570
1649.566528 0.000000 2153.588867 0.000000 0.623791 0.000000 -0.781591 0.468542 0.468542 0.468542
1617.260742 0.000000 2188.970459 0.000000 0.695292 0.000000 -0.718727 0.417687 0.417687 0.417687
1624.544067 0.000000 2156.583740 0.000000 0.602300 0.000000 -0.798270 0.403640 0.403640 0.403640
1607.856445 0.000000 2191.087891 0.000000 0.655656 0.000000 -0.755060 0.465374 0.465374 0.465374
1639.006714 0.000000 2165.810059 0.000000 0.998433 0.000000 -0.055958 0.404277 0.404277 0.404277
1623.097900 0.000000 2165.420654 0.000000 0.960203 0.000000 -0.279303 0.421625 0.421625 0.421625
1625.662842 0.000000 2169.201660 0.000000 0.659218 0.000000 -0.751951 0.465013 0.465013 0.465013
1604.645142 0.000000 2191.020020 0.000000 0.998631 0.000000 -0.052306 0.401046 0.401046 0.401046
1625.591064 0.000000 2164.387939 0.000000 0.476098 0.000000 -0.879392 0.462101 0.462101 0.462101
1644.527954 0.000000 2154.389893 0.000000 0.914803 0.000000 -0.403901 0.430414 0.430414 0.430414
1653.482910 0.000000 2147.728516 0.000000 0.384804 0.000000 -0.922998 0.489531 0.489531 0.489531
1635.868042 0.000000 2162.247070 0.000000 0.938081 0.000000 -0.346415 0.427024 0.427024 0.427024
1607.944946 0.000000 2174.344482 0.000000 0.864049 0.000000 -0.503408 0.434769 0.434769 0.434769
1606.455566 0.000000 2174.311523 0.000000 0.968305 0.000000 -0.249773 0.416638 0.416638 0.416638
1625.273560 0.000000 2167.334717 0.000000 0.198157 0.000000 -0.980170 0.504761 0.504761 0.504761
1602.917725 0.000000 2179.835693 0.000000 0.567904 0.000000 -0.823095 0.473861 0.473861 0.473861
1642.270874 0.000000 2153.897949 0.000000 0.476098 0.000000 -0.879393 0.473776 0.473776 0.473776
1645.066284 0.000000 2152.004639 0.000000 0.988533 0.000000 -0.151003 0.411580 0.411580 0.411580
1622.136108 0.000000 2179.984863 0.000000 0.039503 0.000000 -0.999219 0.516981 0.516981 0.516981
1619.827271 0.000000 2178.907715 0.000000 0.988992 0.000000 -0.147972 0.411346 0.411346 0.411346
1635.134155 0.000000 2163.707764 0.000000 0.999437 0.000000 -0.033561 0.402564 0.402564 0.402564
1625.071655 0.000000 2179.770264 0.000000 0.989256 0.000000 -0.146192 0.411208 0.411208 0.411208
1653.412354 0.000000 2149.202148 0.000000 0.961692 0.000000 -0.274133 0.421214 0.421214 0.421214
1601.603149 0.000000 2180.359619 0.000000 0.841999 0.000000 -0.539479 0.443531 0.443531 0.443531
1617.435669 0.000000 2190.320312 0.000000 0.991697 0.000000 -0.128599 0.409562 0.409562 0.409562
1603.718384 0.000000 2175.200195 0.000000 0.463197 0.000000 -0.886256 0.483209 0.483209 0.483209
1607.816406 0.000000 2176.869385 0.000000 0.616394 0.000000 -0.787438 0.469262 0.469262 0.469262
1577.897095 0.000000 2202.918945 0.000000 0.605640 0.000000 -0.795739 0.470300 0.470300 0.470300
1581.456909 0.000000 2207.104248 0.000000 0.247946 0.000000 -0.968774 0.361285 0.361285 0.361285
1598.677124 0.000000 2205.436768 0.000000 0.494229 0.000000 -0.869332 0.467090 0.467090 0.467090
1579.779663 0.000000 2207.872070 0.000000 0.593984 0.000000 -0.804477 0.383665 0.383665 0.383665
1581.450073 0.000000 2205.410156 0.000000 0.585267 0.000000 -0.810840 0.437470 0.437470 0.437470
1615.347534 0.000000 2203.174805 0.000000 0.982921 0.000000 -0.184026 0.247531 0.247531 0.247531
1600.173096 0.000000 2204.715332 0.000000 0.278689 0.000000 -0.960381 0.488453 0.488453 0.488453
1610.448364 0.000000 2206.495605 0.000000 0.293604 0.000000 -0.955927 0.348951 0.348951 0.348951
1615.844482 0.000000 2206.017822 0.000000 0.956457 0.000000 -0.291873 0.253066 0.253066 0.253066
1608.000732 0.000000 2206.951904 0.000000 0.093012 0.000000 -0.995665 0.505875 0.505875 0.505875
1609.455688 0.000000 2207.657715 0.000000 0.714187 0.000000 -0.699955 0.455554 0.455554 0.455554
1769.206665 0.000000 2154.949951 0.000000 0.999799 0.000000 -0.020071 0.200185 0.200185 0.200185
1779.915527 0.000000 2158.447510 0.000000 0.822076 0.000000 -0.569377 0.228656 0.228656 0.228656
1780.449829 0.000000 2179.166748 0.000000 0.984721 0.000000 -0.174139 0.219552 0.219552 0.219552
1791.419312 0.000000 2168.278320 0.000000 0.815370 0.000000 -0.578940 0.320797 0.320797 0.320797
1789.524414 0.000000 2151.919678 0.000000 0.438544 0.000000 -0.898710 0.433187 0.433187 0.433187
1786.134033 0.000000 2173.870605 0.000000 0.558951 0.000000 -0.829201 0.372370 0.372370 0.372370
1765.084961 0.000000 2161.203857 0.000000 0.399485 0.000000 -0.916740 0.285821 0.285821 0.285821
1785.915649 0.000000 2157.121094 0.000000 0.961653 0.000000 -0.274269 0.202497 0.202497 0.202497
1786.165039 0.000000 2168.957031 0.000000 0.956154 0.000000 -0.292863 0.366887 0.366887 0.366887
1774.917847 0.000000 2167.720947 0.000000 0.957622 0.000000 -0.288030 0.216301 0.216301 0.216301
1766.192993 0.000000 2152.113037 0.000000 0.999170 0.000000 -0.040722 0.403112 0.403112 0.403112
1769.897095 0.000000 2146.434570 0.000000 0.312435 0.000000 -0.949939 0.495725 0.495725 0.495725
1789.449707 0.000000 2155.892334 0.000000 0.594541 0.000000 -0.804065 0.465530 0.465530 0.465530
1782.755981 0.000000 2172.501709 0.000000 0.389109 0.000000 -0.921192 0.409445 0.409445 0.409445
1780.612793 0.000000 2162.118164 0.000000 0.687997 0.000000 -0.725713 0.233931 0.233931 0.233931
1782.496216 0.000000 2175.715088 0.000000 0.096973 0.000000 -0.995287 0.512580 0.512580 0.512580
1788.365845 0.000000 2149.134033 0.000000 0.999416 0.000000 -0.034185 0.364745 0.364745 0.364745
1780.340698 0.000000 2146.742432 0.000000 0.313727 0.000000 -0.949513 0.348255 0.348255 0.348255
1764.294800 0.000000 2150.062988 0.000000 0.980109 0.000000 -0.198459 0.415263 0.415263 0.415263
1788.880859 0.000000 2169.635986 0.000000 0.994239 0.000000 -0.107188 0.348704 0.348704 0.348704
1783.542480 0.000000 2169.536133 0.000000 0.974013 0.000000 -0.226492 0.245951 0.245951 0.245951
1764.193237 0.000000 2153.865234 0.000000 0.955517 0.000000 -0.294936 0.422872 0.422872 0.422872
1783.474731 0.000000 2151.476807 0.000000 0.803702 0.000000 -0.595032 0.308319 0.308319 0.308319
1775.221924 0.000000 2179.704834 0.000000 0.463970 0.000000 -0.885851 0.477979 0.477979 0.477979
1784.713501 0.000000 2175.829346 0.000000 0.814082 0.000000 -0.580751 0.409174 0.409174 0.409174
1780.417847 0.000000 2176.731201 0.000000 0.931534 0.000000 -0.363654 0.428433 0.428433 0.428433
1769.191162 0.000000 2148.536621 0.000000 0.503067 0.000000 -0.864247 0.476081 0.476081 0.476081
1782.075073 0.000000 2167.951172 0.000000 0.969663 0.000000 -0.244447 0.418866 0.418866 0.418866
1789.359375 0.000000 2167.479736 0.000000 0.497557 0.000000 -0.867431 0.480215 0.480215 0.480215
1777.077515 0.000000 2178.794189 0.000000 0.776685 0.000000 -0.629890 0.452056 0.452056 0.452056
1774.922729 0.000000 2181.727539 0.000000 0.824622 0.000000 -0.565684 0.419071 0.419071 0.419071
1778.636963 0.000000 2156.860596 0.000000 0.441980 0.000000 -0.897025 0.419009 0.419009 0.419009
1785.029419 0.000000 2152.843018 0.000000 0.621815 0.000000 -0.783164 0.468735 0.468735 0.468735
1767.709595 0.000000 2146.408447 0.000000 0.796788 0.000000 -0.604260 0.449567 0.449567 0.449567
1783.633301 0.000000 2165.124023 0.000000 0.229310 0.000000 -0.973353 0.502325 0.502325 0.502325
1780.948608 0.000000 2173.132324 0.000000 0.003089 0.000000 -0.999995 0.519764 0.519764 0.519764
1778.737793 0.000000 2179.903809 0.000000 0.939992 0.000000 -0.341196 0.426600 0.426600 0.426600
1784.122925 0.000000 2149.749756 0.000000 0.466674 0.000000 -0.884430 0.482909 0.482909 0.482909
1787.649170 0.000000 2167.918945 0.000000 0.893600 0.000000 -0.448864 0.435561 0.435561 0.435561
1779.356323 0.000000 2168.581543 0.000000 0.672453 0.000000 -0.740140 0.463658 0.463658 0.463658
1786.833618 0.000000 2149.671875 0.000000 0.991464 0.000000 -0.130383 0.409989 0.409989 0.409989
1789.973755 0.000000 2150.381348 0.000000 0.258300 0.000000 -0.966065 0.443553 0.443553 0.443553
1788.241577 0.000000 2157.148682 0.000000 0.700255 0.000000 -0.713892 0.411580 0.411580 0.411580
1785.763306 0.000000 2167.421875 0.000000 0.153049 0.000000 -0.988219 0.508262 0.508262 0.508262
1767.286377 0.000000 2153.228516 0.000000 0.527563 0.000000 -0.849516 0.477545 0.477545 0.477545
1790.777100 0.000000 2166.834473 0.000000 0.121158 0.000000 -0.992633 0.510721 0.510721 0.510721
1767.698120 0.000000 2148.364502 0.000000 0.694142 0.000000 -0.719838 0.461388 0.461388 0.461388
1779.138062 0.000000 2178.418457 0.000000 0.970542 0.000000 -0.240932 0.418589 0.418589 0.418589
1765.640869 0.000000 2153.532715 0.000000 0.798647 0.000000 -0.601800 0.449332 0.449332 0.449332
1767.477661 0.000000 2151.664062 0.000000 0.992523 0.000000 -0.122057 0.409348 0.409348 0.409348
1795.834473 0.000000 2033.440063 0.000000 0.877426 0.000000 -0.479712 0.228499 0.228499 0.228499
1833.423462 0.000000 2065.859619 0.000000 0.991614 0.000000 -0.129233 0.324054 0.324054 0.324054
1834.581665 0.000000 2052.242432 0.000000 0.507493 0.000000 -0.861656 0.351376 0.351376 0.351376
1802.048218 0.000000 2078.937744 0.000000 0.158451 0.000000 -0.987367 0.507844 0.507844 0.507844
1805.467529 0.000000 2048.992676 0.000000 0.947244 0.000000 -0.320513 0.424925 0.424925 0.424925
1813.428101 0.000000 2065.785156 0.000000 0.764235 0.000000 -0.644938 0.205162 0.205162 0.205162
1798.599243 0.000000 2086.538330 0.000000 0.823026 0.000000 -0.568003 0.267598 0.267598 0.267598
1813.034912 0.000000 2074.154541 0.000000 0.544976 0.000000 -0.838451 0.452520 0.452520 0.452520
1795.716309 0.000000 2074.543701 0.000000 0.869579 0.000000 -0.493793 0.203868 0.203868 0.203868
1818.840820 0.000000 2060.141846 0.000000 0.941884 0.000000 -0.335938 0.339227 0.339227 0.339227
1850.134033 0.000000 2060.901855 0.000000 0.098126 0.000000 -0.995174 0.495581 0.495581 0.495581
1838.271362 0.000000 2070.726074 0.000000 0.173054 0.000000 -0.984912 0.234802 0.234802 0.234802
1824.909058 0.000000 2075.680908 0.000000 0.810936 0.000000 -0.585134 0.222679 0.222679 0.222679
1806.146729 0.000000 2055.291016 0.000000 0.936584 0.000000 -0.350444 0.239773 0.239773 0.239773
1819.974365 0.000000 2065.166992 0.000000 0.998620 0.000000 -0.052513 0.374794 0.374794 0.374794
1822.599976 0.000000 2083.141113 0.000000 0.483483 0.000000 -0.875354 0.248138 0.248138 0.248138
1830.720825 0.000000 2080.172119 0.000000 0.998487 0.000000 -0.054994 0.232769 0.232769 0.232769
1805.883423 0.000000 2081.933594 0.000000 0.790199 0.000000 -0.612851 0.272570 0.272570 0.272570
1810.852783 0.000000 2070.044922 0.000000 0.989645 0.000000 -0.143534 0.278039 0.278039 0.278039
1797.348755 0.000000 2041.879272 0.000000 0.210737 0.000000 -0.977543 0.426448 0.426448 0.426448
1825.638062 0.000000 2080.206055 0.000000 0.998834 0.000000 -0.048279 0.403219 0.403219 0.403219
1848.851562 0.000000 2065.049805 0.000000 0.534546 0.000000 -0.845139 0.476916 0.476916 0.476916
1853.935669 0.000000 2063.467529 0.000000 0.974791 0.000000 -0.223119 0.282386 0.282386 0.282386
1805.646240 0.000000 2074.183838 0.000000 0.840943 0.000000 -0.541124 0.284695 0.284695 0.284695
1814.302124 0.000000 2038.491577 0.000000 0.787448 0.000000 -0.616382 0.244560 0.244560 0.244560
1834.157837 0.000000 2056.273682 0.000000 0.220552 0.000000 -0.975375 0.349903 0.349903 0.349903
1802.276367 0.000000 2054.044922 0.000000 0.947549 0.000000 -0.319610 0.358295 0.358295 0.358295
1833.764648 0.000000 2061.761719 0.000000 0.853646 0.000000 -0.520854 0.349732 0.349732 0.349732
1804.652466 0.000000 2058.864258 0.000000 0.996875 0.000000 -0.079000 0.406041 0.406041 0.406041
1849.786499 0.000000 2037.962280 0.000000 0.912907 0.000000 -0.408168 0.428131 0.428131 0.428131
1838.165649 0.000000 2050.979736 0.000000 0.892277 0.000000 -0.451488 0.432511 0.432511 0.432511
1833.927490 0.000000 2078.170654 0.000000 0.987932 0.000000 -0.154889 0.285300 0.285300 0.285300
1825.456543 0.000000 2047.362427 0.000000 0.996302 0.000000 -0.085915 0.219578 0.219578 0.219578
1808.310547 0.000000 2058.232178 0.000000 0.853967 0.000000 -0.520326 0.235297 0.235297 0.235297
1828.176392 0.000000 2077.457031 0.000000 0.415824 0.000000 -0.909445 0.458281 0.458281 0.458281
1820.263916 0.000000 2042.733521 0.000000 0.414624 0.000000 -0.909993 0.418976 0.418976 0.418976
1837.456909 0.000000 2037.651001 0.000000 0.975376 0.000000 -0.220550 0.300077 0.300077 0.300077
1850.815186 0.000000 2041.006592 0.000000 0.669914 0.000000 -0.742439 0.354033 0.354033 0.354033
1818.132568 0.000000 2067.889404 0.000000 0.556015 0.000000 -0.831173 0.293014 0.293014 0.293014
1824.693359 0.000000 2085.425781 0.000000 0.264367 0.000000 -0.964422 0.343861 0.343861 0.343861
1834.699829 0.000000 2073.816406 0.000000 0.504127 0.000000 -0.863630 0.474431 0.474431 0.474431
1821.075928 0.000000 2085.837646 0.000000 0.736516 0.000000 -0.676420 0.342337 0.342337 0.342337
1822.662720 0.000000 2079.627930 0.000000 0.315577 0.000000 -0.948900 0.273442 0.273442 0.273442
1798.113892 0.000000 2072.395996 0.000000 0.999998 0.000000 -0.002030 0.400140 0.400140 0.400140
1852.365845 0.000000 2036.165161 0.000000 0.490567 0.000000 -0.871404 0.268451 0.268451 0.268451
1820.116333 0.000000 2088.853027 0.000000 0.923522 0.000000 -0.383545 0.240330 0.240330 0.240330
1835.550903 0.000000 2040.237305 0.000000 0.568681 0.000000 -0.822558 0.463179 0.463179 0.463179
1807.212769 0.000000 2045.890869 0.000000 0.444367 0.000000 -0.895845 0.276374 0.276374 0.276374
1828.100952 0.000000 2081.298828 0.000000 0.991298 0.000000 -0.131635 0.396644 0.396644 0.396644
1813.228027 0.000000 2071.342529 0.000000 0.400986 0.000000 -0.916084 0.433836 0.433836 0.433836
1834.478760 0.000000 2059.174561 0.000000 0.175093 0.000000 -0.984552 0.343674 0.343674 0.343674
1795.898438 0.000000 2086.194092 0.000000 0.376041 0.000000 -0.926603 0.331248 0.331248 0.331248
1834.451904 0.000000 2068.371582 0.000000 0.665893 0.000000 -0.746047 0.287069 0.287069 0.287069
1811.958252 0.000000 2040.150024 0.000000 0.520258 0.000000 -0.854009 0.359577 0.359577 0.359577
1794.759888 0.000000 2042.552124 0.000000 0.853384 0.000000 -0.521283 0.330247 0.330247 0.330247
1830.885986 0.000000 2077.599121 0.000000 0.999129 0.000000 -0.041722 0.402949 0.402949 0.402949
1815.654907 0.000000 2067.093018 0.000000 0.951655 0.000000 -0.307170 0.420344 0.420344 0.420344
1796.014893 0.000000 2039.524536 0.000000 0.325468 0.000000 -0.945553 0.389166 0.389166 0.389166
1803.346924 0.000000 2081.401611 0.000000 0.998192 0.000000 -0.060102 0.369481 0.369481 0.369481
1825.210693 0.000000 2082.880371 0.000000 0.207757 0.000000 -0.978180 0.429870 0.429870 0.429870
1835.597290 0.000000 2035.462036 0.000000 0.728573 0.000000 -0.684968 0.451804 0.451804 0.451804
1798.927612 0.000000 2039.784912 0.000000 0.895880 0.000000 -0.444297 0.431608 0.431608 0.431608
1799.851929 0.000000 2070.614990 0.000000 0.601126 0.000000 -0.799154 0.320700 0.320700 0.320700
1805.917725 0.000000 2064.883789 0.000000 0.767134 0.000000 -0.641486 0.384241 0.384241 0.384241
1835.827026 0.000000 2071.624268 0.000000 0.115291 0.000000 -0.993332 0.500274 0.500274 0.500274
1839.774780 0.000000 2052.625977 0.000000 0.460947 0.000000 -0.887428 0.414868 0.414868 0.414868
1852.605713 0.000000 2065.364014 0.000000 0.877964 0.000000 -0.478728 0.313268 0.313268 0.313268
1829.593018 0.000000 2075.648193 0.000000 0.984516 0.000000 -0.175294 0.413461 0.413461 0.413461
1820.903564 0.000000 2040.058838 0.000000 0.656545 0.000000 -0.754287 0.296800 0.296800 0.296800
1827.097656 0.000000 2075.537598 0.000000 0.996358 0.000000 -0.085273 0.362708 0.362708 0.362708
1848.713501 0.000000 2062.860596 0.000000 0.882003 0.000000 -0.471245 0.437487 0.437487 0.437487
1834.151367 0.000000 2075.948975 0.000000 0.705642 0.000000 -0.708569 0.454850 0.454850 0.454850
1814.295044 0.000000 2040.910645 0.000000 0.449937 0.000000 -0.893060 0.324479 0.324479 0.324479
1803.945557 0.000000 2055.506104 0.000000 0.546896 0.000000 -0.837200 0.387643 0.387643 0.387643
1801.114258 0.000000 2063.551270 0.000000 0.982050 0.000000 -0.188621 0.321521 0.321521 0.321521
1807.150513 0.000000 2087.048584 0.000000 0.334985 0.000000 -0.942224 0.445667 0.445667 0.445667
1836.596680 0.000000 2052.388916 0.000000 0.306355 0.000000 -0.951917 0.448966 0.448966 0.448966
1842.636963 0.000000 2043.891846 0.000000 0.927403 0.000000 -0.374064 0.350806 0.350806 0.350806
1807.288574 0.000000 2047.975464 0.000000 0.733786 0.000000 -0.679380 0.418957 0.418957 0.418957
1797.476685 0.000000 2084.715820 0.000000 0.823188 0.000000 -0.567768 0.417851 0.417851 0.417851
1849.029419 0.000000 2039.874268 0.000000 0.988425 0.000000 -0.151710 0.315527 0.315527 0.315527
1828.845703 0.000000 2079.417480 0.000000 0.275529 0.000000 -0.961293 0.391360 0.391360 0.391360
1805.989746 0.000000 2060.352051 0.000000 0.866672 0.000000 -0.498878 0.418511 0.418511 0.418511
1826.455933 0.000000 2078.390381 0.000000 0.291141 0.000000 -0.956680 0.453124 0.453124 0.453124
1840.094482 0.000000 2050.546875 0.000000 0.044371 0.000000 -0.999015 0.495402 0.495402 0.495402
1851.533813 0.000000 2039.012329 0.000000 0.998427 0.000000 -0.056066 0.403935 0.403935 0.403935
1830.151733 0.000000 2073.761230 0.000000 0.812613 0.000000 -0.582804 0.368676 0.368676 0.368676
1810.928345 0.000000 2074.342285 0.000000 0.855951 0.000000 -0.517057 0.397008 0.397008 0.397008
1826.607544 0.000000 2085.831543 0.000000 0.867304 0.000000 -0.497779 0.401137 0.401137 0.401137
1828.653442 0.000000 2071.702393 0.000000 0.725277 0.000000 -0.688458 0.458011 0.458011 0.458011
1848.122925 0.000000 2036.781006 0.000000 0.975387 0.000000 -0.220501 0.414875 0.414875 0.414875
1821.530396 0.000000 2087.610840 0.000000 0.519743 0.000000 -0.854323 0.448145 0.448145 0.448145
1822.270752 0.000000 2042.714233 0.000000 0.978003 0.000000 -0.208590 0.380804 0.380804 0.380804
1802.323975 0.000000 2064.930908 0.000000 0.497460 0.000000 -0.867487 0.388699 0.388699 0.388699
1835.631348 0.000000 2076.987305 0.000000 0.972133 0.000000 -0.234431 0.378562 0.378562 0.378562
1796.253662 0.000000 2072.803467 0.000000 0.962554 0.000000 -0.271091 0.420972 0.420972 0.420972
1805.681030 0.000000 2047.210205 0.000000 0.930826 0.000000 -0.365462 0.425499 0.425499 0.425499
1837.746216 0.000000 2053.573486 0.000000 0.895378 0.000000 -0.445307 0.404456 0.404456 0.404456
1841.566528 0.000000 2040.620117 0.000000 0.903095 0.000000 -0.429441 0.409973 0.409973 0.409973
1826.384521 0.000000 2081.707275 0.000000 0.600734 0.000000 -0.799449 0.460825 0.460825 0.460825
1837.740601 0.000000 2063.646729 0.000000 0.726772 0.000000 -0.686879 0.413841 0.413841 0.413841
1827.246582 0.000000 2079.855957 0.000000 0.927574 0.000000 -0.373640 0.402622 0.402622 0.402622
1803.621582 0.000000 2079.361084 0.000000 0.698701 0.000000 -0.715414 0.460903 0.460903 0.460903
1798.216797 0.000000 2080.669434 0.000000 0.856794 0.000000 -0.515658 0.441389 0.441389 0.441389
1837.450073 0.000000 2035.956909 0.000000 0.251353 0.000000 -0.967895 0.497960 0.497960 0.497960
1806.942017 0.000000 2059.078125 0.000000 0.439240 0.000000 -0.898370 0.481637 0.481637 0.481637
1812.233154 0.000000 2075.557129 0.000000 0.941478 0.000000 -0.337075 0.413026 0.413026 0.413026
1853.998047 0.000000 2066.063477 0.000000 0.163801 0.000000 -0.986493 0.507430 0.507430 0.507430
1818.510254 0.000000 2064.230713 0.000000 0.973779 0.000000 -0.227496 0.384244 0.384244 0.384244
1833.330078 0.000000 2074.599121 0.000000 0.377683 0.000000 -0.925935 0.451126 0.451126 0.451126
1814.662964 0.000000 2068.328857 0.000000 0.985334 0.000000 -0.170636 0.412115 0.412115 0.412115
1792.011719 0.000000 2058.290527 0.000000 0.820929 0.000000 -0.571031 0.444002 0.444002 0.444002
1852.529175 0.000000 2066.870850 0.000000 0.542300 0.000000 -0.840185 0.476213 0.476213 0.476213
1793.273926 0.000000 2060.957275 0.000000 0.109612 0.000000 -0.993975 0.511609 0.511609 0.511609
1830.914307 0.000000 2076.219727 0.000000 0.268992 0.000000 -0.963142 0.491739 0.491739 0.491739
1812.586182 0.000000 2072.741455 0.000000 0.948563 0.000000 -0.316588 0.424609 0.424609 0.424609
1850.078369 0.000000 2062.710205 0.000000 0.917497 0.000000 -0.397743 0.431250 0.431250 0.431250
1799.451538 0.000000 2081.155273 0.000000 0.237577 0.000000 -0.971369 0.501675 0.501675 0.501675
1859.834473 0.000000 2033.440063 0.000000 0.999924 0.000000 -0.012294 0.226504 0.226504 0.226504
1856.073120 0.000000 2071.999023 0.000000 0.193229 0.000000 -0.981154 0.227591 0.227591 0.227591
1807.347534 0.000000 2090.206055 0.000000 0.917104 0.000000 -0.398647 0.420925 0.420925 0.420925
1799.693237 0.000000 2121.754395 0.000000 0.964938 0.000000 -0.262477 0.206626 0.206626 0.206626
1795.716309 0.000000 2131.028076 0.000000 0.882463 0.000000 -0.470382 0.437412 0.437412 0.437412
1806.146729 0.000000 2111.775391 0.000000 0.997222 0.000000 -0.074486 0.221704 0.221704 0.221704
1811.298462 0.000000 2107.869141 0.000000 0.359314 0.000000 -0.933217 0.401596 0.401596 0.401596
1805.066528 0.000000 2143.138184 0.000000 0.057759 0.000000 -0.998331 0.213221 0.213221 0.213221
1826.074463 0.000000 2095.441650 0.000000 0.999831 0.000000 -0.018396 0.238960 0.238960 0.238960
1822.773926 0.000000 2106.393555 0.000000 0.168746 0.000000 -0.985659 0.436823 0.436823 0.436823
1823.273193 0.000000 2144.798340 0.000000 0.369090 0.000000 -0.929394 0.243180 0.243180 0.243180
1818.661499 0.000000 2111.359619 0.000000 0.941091 0.000000 -0.338154 0.290254 0.290254 0.290254
1829.443237 0.000000 2109.723877 0.000000 0.925116 0.000000 -0.379685 0.348546 0.348546 0.348546
1822.599976 0.000000 2139.625488 0.000000 0.977320 0.000000 -0.211766 0.414170 0.414170 0.414170
1830.720825 0.000000 2136.656494 0.000000 0.229005 0.000000 -0.973425 0.286742 0.286742 0.286742
1805.333862 0.000000 2094.251221 0.000000 0.582533 0.000000 -0.812807 0.401885 0.401885 0.401885
1809.114990 0.000000 2144.481689 0.000000 0.516460 0.000000 -0.856311 0.468017 0.468017 0.468017
1814.596802 0.000000 2110.453125 0.000000 0.554948 0.000000 -0.831885 0.315325 0.315325 0.315325
1792.073120 0.000000 2128.483398 0.000000 0.450684 0.000000 -0.892684 0.484283 0.484283 0.484283
1814.302124 0.000000 2094.975830 0.000000 0.969426 0.000000 -0.245386 0.300825 0.300825 0.300825
1793.602173 0.000000 2120.295166 0.000000 0.363669 0.000000 -0.931528 0.233688 0.233688 0.233688
1822.227295 0.000000 2094.479248 0.000000 0.515651 0.000000 -0.856799 0.456171 0.456171 0.456171
1826.996948 0.000000 2145.885254 0.000000 0.972107 0.000000 -0.234539 0.275574 0.275574 0.275574
1828.219849 0.000000 2130.079346 0.000000 0.957887 0.000000 -0.287146 0.254165 0.254165 0.254165
1826.040283 0.000000 2108.226807 0.000000 0.997011 0.000000 -0.077255 0.298111 0.298111 0.298111
1821.587891 0.000000 2109.589600 0.000000 0.630889 0.000000 -0.775873 0.257310 0.257310 0.257310
1824.693359 0.000000 2141.910156 0.000000 0.058661 0.000000 -0.998278 0.417191 0.417191 0.417191
1834.699829 0.000000 2130.300781 0.000000 0.812642 0.000000 -0.582763 0.380782 0.380782 0.380782
1821.075928 0.000000 2142.322021 0.000000 0.098085 0.000000 -0.995178 0.358698 0.358698 0.358698
1822.662720 0.000000 2136.112305 0.000000 0.968101 0.000000 -0.250560 0.267655 0.267655 0.267655
1830.737793 0.000000 2128.399658 0.000000 0.172254 0.000000 -0.985053 0.323848 0.323848 0.323848
1814.343750 0.000000 2107.314209 0.000000 0.862590 0.000000 -0.505903 0.402973 0.402973 0.402973
1828.314209 0.000000 2143.317871 0.000000 0.970969 0.000000 -0.239207 0.372750 0.372750 0.372750
1794.892212 0.000000 2128.123047 0.000000 0.960842 0.000000 -0.277098 0.421449 0.421449 0.421449
1803.443359 0.000000 2119.908936 0.000000 0.907528 0.000000 -0.419992 0.433112 0.433112 0.433112
1814.908936 0.000000 2100.921631 0.000000 0.299462 0.000000 -0.954108 0.302619 0.302619 0.302619
1799.173218 0.000000 2119.128662 0.000000 0.890981 0.000000 -0.454040 0.402384 0.402384 0.402384
1819.921387 0.000000 2105.877686 0.000000 0.983564 0.000000 -0.180562 0.303578 0.303578 0.303578
1792.956543 0.000000 2131.041748 0.000000 0.572659 0.000000 -0.819794 0.473419 0.473419 0.473419
1820.691528 0.000000 2138.014160 0.000000 0.745299 0.000000 -0.666730 0.329708 0.329708 0.329708
1800.000732 0.000000 2093.983154 0.000000 0.473589 0.000000 -0.880746 0.307990 0.307990 0.307990
1821.269653 0.000000 2092.081299 0.000000 0.999555 0.000000 -0.029841 0.333982 0.333982 0.333982
1816.755737 0.000000 2109.270996 0.000000 0.218763 0.000000 -0.975778 0.503151 0.503151 0.503151
1823.885010 0.000000 2109.112061 0.000000 0.502783 0.000000 -0.864413 0.474542 0.474542 0.474542
1819.827881 0.000000 2093.960938 0.000000 0.761038 0.000000 -0.648708 0.293117 0.293117 0.293117
1793.439453 0.000000 2114.301270 0.000000 0.567307 0.000000 -0.823506 0.417664 0.417664 0.417664
1792.010498 0.000000 2118.608154 0.000000 0.619841 0.000000 -0.784727 0.457890 0.457890 0.457890
1808.326904 0.000000 2112.588867 0.000000 0.874343 0.000000 -0.485309 0.349414 0.349414 0.349414
1812.672607 0.000000 2109.479248 0.000000 0.409246 0.000000 -0.912424 0.484921 0.484921 0.484921
1794.422852 0.000000 2118.321533 0.000000 0.190527 0.000000 -0.981682 0.464036 0.464036 0.464036
1806.121460 0.000000 2091.940430 0.000000 0.521141 0.000000 -0.853471 0.458880 0.458880 0.458880
1821.062500 0.000000 2107.598145 0.000000 0.997452 0.000000 -0.071339 0.370060 0.370060 0.370060
1826.286743 0.000000 2093.549561 0.000000 0.694134 0.000000 -0.719846 0.389229 0.389229 0.389229
1812.110352 0.000000 2103.559570 0.000000 0.398661 0.000000 -0.917098 0.357169 0.357169 0.357169
1824.666016 0.000000 2090.560791 0.000000 0.668753 0.000000 -0.743484 0.424016 0.424016 0.424016
1804.231934 0.000000 2092.758301 0.000000 0.873580 0.000000 -0.486681 0.436927 0.436927 0.436927
1794.331055 0.000000 2129.867676 0.000000 0.092471 0.000000 -0.995715 0.512926 0.512926 0.512926
1796.483643 0.000000 2124.351807 0.000000 0.085736 0.000000 -0.996318 0.506398 0.506398 0.506398
1824.706299 0.000000 2094.071045 0.000000 0.868617 0.000000 -0.495485 0.434037 0.434037 0.434037
1816.544067 0.000000 2100.099365 0.000000 0.084550 0.000000 -0.996419 0.419338 0.419338 0.419338
1815.097900 0.000000 2108.936279 0.000000 0.293830 0.000000 -0.955858 0.485780 0.485780 0.485780
1822.637329 0.000000 2108.090820 0.000000 0.836235 0.000000 -0.548372 0.441442 0.441442 0.441442
1833.330078 0.000000 2131.083496 0.000000 0.813216 0.000000 -0.581961 0.447452 0.447452 0.447452
1795.273560 0.000000 2114.755127 0.000000 0.730140 0.000000 -0.683298 0.457469 0.457469 0.457469
1797.865234 0.000000 2124.747803 0.000000 0.691875 0.000000 -0.722017 0.457802 0.457802 0.457802
1802.271729 0.000000 2119.023682 0.000000 0.796795 0.000000 -0.604250 0.449567 0.449567 0.449567
1804.118530 0.000000 2121.254639 0.000000 0.939050 0.000000 -0.343779 0.424795 0.424795 0.424795
1793.161133 0.000000 2129.201904 0.000000 0.586981 0.000000 -0.809601 0.472076 0.472076 0.472076
1812.950073 0.000000 2155.575439 0.000000 0.067207 0.000000 -0.997739 0.212199 0.212199 0.212199
1822.802368 0.000000 2146.467285 0.000000 0.406469 0.000000 -0.913665 0.238523 0.238523 0.238523
1807.347534 0.000000 2146.690430 0.000000 0.270824 0.000000 -0.962629 0.494517 0.494517 0.494517
1814.797119 0.000000 2147.380859 0.000000 0.713467 0.000000 -0.700689 0.206784 0.206784 0.206784
1806.716187 0.000000 2156.139893 0.000000 0.823993 0.000000 -0.566600 0.252390 0.252390 0.252390
1801.437988 0.000000 2147.223877 0.000000 0.901400 0.000000 -0.432987 0.266922 0.266922 0.266922
1809.626343 0.000000 2151.615723 0.000000 0.999632 0.000000 -0.027134 0.402073 0.402073 0.402073
1805.333862 0.000000 2150.735596 0.000000 0.351394 0.000000 -0.936228 0.492570 0.492570 0.492570
1810.973877 0.000000 2147.809082 0.000000 0.156225 0.000000 -0.987721 0.318212 0.318212 0.318212
1826.139526 0.000000 2148.132568 0.000000 0.758920 0.000000 -0.651184 0.387597 0.387597 0.387597
1825.456543 0.000000 2160.331055 0.000000 0.440042 0.000000 -0.897977 0.239375 0.239375 0.239375
1831.553711 0.000000 2163.608643 0.000000 0.256848 0.000000 -0.966452 0.271731 0.271731 0.271731
1803.269287 0.000000 2155.736328 0.000000 0.956666 0.000000 -0.291187 0.307053 0.307053 0.307053
1792.205078 0.000000 2168.824951 0.000000 0.992580 0.000000 -0.121596 0.251010 0.251010 0.251010
1823.085693 0.000000 2154.035156 0.000000 0.839435 0.000000 -0.543460 0.243159 0.243159 0.243159
1805.243652 0.000000 2153.647461 0.000000 0.437047 0.000000 -0.899439 0.428598 0.428598 0.428598
1802.448364 0.000000 2150.011230 0.000000 0.193640 0.000000 -0.981073 0.490342 0.490342 0.490342
1811.958252 0.000000 2153.118896 0.000000 0.233176 0.000000 -0.972435 0.293959 0.293959 0.293959
1828.534668 0.000000 2163.584229 0.000000 0.983388 0.000000 -0.181517 0.309487 0.309487 0.309487
1828.142212 0.000000 2146.501465 0.000000 0.844077 0.000000 -0.536223 0.336056 0.336056 0.336056
1807.571045 0.000000 2153.018799 0.000000 0.987552 0.000000 -0.157296 0.355639 0.355639 0.355639
1826.304321 0.000000 2162.506104 0.000000 0.366000 0.000000 -0.930615 0.327148 0.327148 0.327148
1823.953247 0.000000 2152.081543 0.000000 0.478521 0.000000 -0.878076 0.446273 0.446273 0.446273
1806.121460 0.000000 2148.424805 0.000000 0.347078 0.000000 -0.937836 0.492922 0.492922 0.492922
1813.078003 0.000000 2148.533936 0.000000 0.719072 0.000000 -0.694936 0.345979 0.345979 0.345979
1800.096313 0.000000 2148.591309 0.000000 0.713343 0.000000 -0.700815 0.357299 0.357299 0.357299
1802.859009 0.000000 2153.934814 0.000000 0.940090 0.000000 -0.340927 0.360534 0.360534 0.360534
1804.231934 0.000000 2149.242676 0.000000 0.998428 0.000000 -0.056056 0.404285 0.404285 0.404285
1803.846924 0.000000 2150.653320 0.000000 0.996467 0.000000 -0.083989 0.405521 0.405521 0.405521
1808.411865 0.000000 2150.800781 0.000000 0.634370 0.000000 -0.773030 0.467502 0.467502 0.467502
2055.693115 0.000000 1839.332520 0.000000 0.656221 0.000000 -0.754569 0.263344 0.263344 0.263344
2055.290527 0.000000 1842.172363 0.000000 0.734837 0.000000 -0.678244 0.307384 0.307384 0.307384
2051.928711 0.000000 1837.631958 0.000000 0.198483 0.000000 -0.980104 0.306608 0.306608 0.306608
2054.067139 0.000000 1840.635498 0.000000 0.773169 0.000000 -0.634200 0.392057 0.392057 0.392057
2053.865234 0.000000 1842.326050 0.000000 0.401492 0.000000 -0.915863 0.476010 0.476010 0.476010
2226.569092 0.000000 2145.895752 0.000000 0.389481 0.000000 -0.921035 0.210522 0.210522 0.210522
2235.742432 0.000000 2127.598877 0.000000 0.711417 0.000000 -0.702770 0.250244 0.250244 0.250244
2228.391846 0.000000 2138.308594 0.000000 0.376727 0.000000 -0.926324 0.322416 0.322416 0.322416
2238.830811 0.000000 2137.156982 0.000000 0.361014 0.000000 -0.932560 0.319958 0.319958 0.319958
2233.397217 0.000000 2128.072266 0.000000 0.838523 0.000000 -0.544866 0.297585 0.297585 0.297585
2238.298584 0.000000 2139.392578 0.000000 0.933902 0.000000 -0.357530 0.285908 0.285908 0.285908
2228.752686 0.000000 2136.319092 0.000000 0.156168 0.000000 -0.987731 0.345821 0.345821 0.345821
2240.354004 0.000000 2137.889648 0.000000 0.732198 0.000000 -0.681092 0.457239 0.457239 0.457239
2259.921631 0.000000 2114.247314 0.000000 0.221468 0.000000 -0.975168 0.252414 0.252414 0.252414
2253.467529 0.000000 2105.477051 0.000000 0.186237 0.000000 -0.982505 0.211571 0.211571 0.211571
2261.428223 0.000000 2122.269531 0.000000 0.622660 0.000000 -0.782493 0.346456 0.346456 0.346456
2247.693115 0.000000 2121.754395 0.000000 0.113105 0.000000 -0.993583 0.211280 0.211280 0.211280
2240.315430 0.000000 2116.347412 0.000000 0.633127 0.000000 -0.774048 0.236223 0.236223 0.236223
2266.840820 0.000000 2116.626221 0.000000 0.983456 0.000000 -0.181149 0.263786 0.263786 0.263786
2247.651123 0.000000 2107.409180 0.000000 0.337378 0.000000 -0.941369 0.217758 0.217758 0.217758
2244.956787 0.000000 2136.088867 0.000000 0.021329 0.000000 -0.999772 0.518370 0.518370 0.518370
2263.427979 0.000000 2138.917236 0.000000 0.979641 0.000000 -0.200757 0.320771 0.320771 0.320771
2260.194824 0.000000 2135.834717 0.000000 0.997380 0.000000 -0.072335 0.390799 0.390799 0.390799
2262.690430 0.000000 2117.938721 0.000000 0.497201 0.000000 -0.867635 0.351794 0.351794 0.351794
2253.646240 0.000000 2130.668213 0.000000 0.997847 0.000000 -0.065588 0.404900 0.404900 0.404900
2241.602295 0.000000 2120.295166 0.000000 0.998685 0.000000 -0.051273 0.287114 0.287114 0.287114
2250.276367 0.000000 2110.529297 0.000000 0.338235 0.000000 -0.941062 0.399485 0.399485 0.399485
2252.652588 0.000000 2115.348633 0.000000 0.243961 0.000000 -0.969785 0.301053 0.301053 0.301053
2249.888916 0.000000 2145.187012 0.000000 0.666592 0.000000 -0.745423 0.249944 0.249944 0.249944
2256.310547 0.000000 2114.716553 0.000000 0.382082 0.000000 -0.924128 0.258145 0.258145 0.258145
2255.712891 0.000000 2108.536133 0.000000 0.161447 0.000000 -0.986881 0.249069 0.249069 0.249069
2240.226318 0.000000 2141.238770 0.000000 0.782895 0.000000 -0.622154 0.290962 0.290962 0.290962
2257.116211 0.000000 2137.169434 0.000000 0.985008 0.000000 -0.172511 0.411167 0.411167 0.411167
2258.867188 0.000000 2132.885742 0.000000 0.575567 0.000000 -0.817755 0.467650 0.467650 0.467650
2252.424805 0.000000 2108.341553 0.000000 0.159822 0.000000 -0.987146 0.275013 0.275013 0.275013
2246.656738 0.000000 2138.739746 0.000000 0.627983 0.000000 -0.778227 0.468131 0.468131 0.468131
2253.152832 0.000000 2135.152832 0.000000 0.536428 0.000000 -0.843946 0.476746 0.476746 0.476746
2261.436035 0.000000 2141.219727 0.000000 0.957747 0.000000 -0.287612 0.333618 0.333618 0.333618
2256.763916 0.000000 2105.873779 0.000000 0.927056 0.000000 -0.374922 0.286376 0.286376 0.286376
2251.443359 0.000000 2119.908936 0.000000 0.635884 0.000000 -0.771785 0.424946 0.424946 0.424946
2243.168213 0.000000 2133.874512 0.000000 0.640124 0.000000 -0.768272 0.405641 0.405641 0.405641
2249.349609 0.000000 2142.477051 0.000000 0.931086 0.000000 -0.364800 0.265391 0.265391 0.265391
2260.862061 0.000000 2138.588867 0.000000 0.472998 0.000000 -0.881063 0.482361 0.482361 0.482361
2267.115234 0.000000 2119.205566 0.000000 0.791610 0.000000 -0.611027 0.354017 0.354017 0.354017
2242.854492 0.000000 2137.468750 0.000000 0.983768 0.000000 -0.179444 0.413783 0.413783 0.413783
2266.281006 0.000000 2133.768311 0.000000 0.847595 0.000000 -0.530643 0.364637 0.364637 0.364637
2265.450195 0.000000 2137.618652 0.000000 0.718657 0.000000 -0.695365 0.446055 0.446055 0.446055
2251.910645 0.000000 2117.604736 0.000000 0.972570 0.000000 -0.232608 0.415297 0.415297 0.415297
2263.550293 0.000000 2131.710938 0.000000 0.637946 0.000000 -0.770081 0.317945 0.317945 0.317945
2241.278564 0.000000 2135.797119 0.000000 0.847942 0.000000 -0.530090 0.420660 0.420660 0.420660
2258.112793 0.000000 2116.113525 0.000000 0.207016 0.000000 -0.978338 0.488425 0.488425 0.488425
2264.281738 0.000000 2111.937012 0.000000 0.610579 0.000000 -0.791955 0.307892 0.307892 0.307892
2258.130127 0.000000 2135.015137 0.000000 0.748973 0.000000 -0.662600 0.367594 0.367594 0.367594
2241.729736 0.000000 2122.514160 0.000000 0.005966 0.000000 -0.999982 0.356968 0.356968 0.356968
2251.567871 0.000000 2130.075195 0.000000 0.998193 0.000000 -0.060089 0.306706 0.306706 0.306706
2260.672607 0.000000 2109.479248 0.000000 0.434331 0.000000 -0.900754 0.402497 0.402497 0.402497
2264.739258 0.000000 2118.490967 0.000000 0.909155 0.000000 -0.416458 0.429276 0.429276 0.429276
2251.631592 0.000000 2106.438232 0.000000 0.701703 0.000000 -0.712469 0.367680 0.367680 0.367680
2259.138916 0.000000 2137.585693 0.000000 0.163627 0.000000 -0.986522 0.499368 0.499368 0.499368
2244.837402 0.000000 2138.161621 0.000000 0.985811 0.000000 -0.167862 0.412885 0.412885 0.412885
2242.240967 0.000000 2132.239258 0.000000 0.996952 0.000000 -0.078021 0.365803 0.365803 0.365803
2261.837891 0.000000 2134.869141 0.000000 0.836770 0.000000 -0.547554 0.420525 0.420525 0.420525
2257.241455 0.000000 2107.553223 0.000000 0.594470 0.000000 -0.804118 0.461338 0.461338 0.461338
2255.409668 0.000000 2130.082031 0.000000 0.591733 0.000000 -0.806134 0.471627 0.471627 0.471627
2260.010742 0.000000 2134.131104 0.000000 0.920518 0.000000 -0.390699 0.410087 0.410087 0.410087
2245.147461 0.000000 2143.911133 0.000000 0.211459 0.000000 -0.977387 0.496944 0.496944 0.496944
2257.260742 0.000000 2132.486084 0.000000 0.060359 0.000000 -0.998177 0.513878 0.513878 0.513878
2246.216797 0.000000 2137.153809 0.000000 0.434661 0.000000 -0.900594 0.485648 0.485648 0.485648
2252.826172 0.000000 2129.107910 0.000000 0.503217 0.000000 -0.864160 0.469035 0.469035 0.469035
2261.261719 0.000000 2137.082764 0.000000 0.740969 0.000000 -0.671540 0.431144 0.431144 0.431144
2245.528809 0.000000 2119.260010 0.000000 0.389478 0.000000 -0.921036 0.439254 0.439254 0.439254
2247.945557 0.000000 2142.327881 0.000000 0.257851 0.000000 -0.966185 0.494844 0.494844 0.494844
2260.429443 0.000000 2139.944580 0.000000 0.113864 0.000000 -0.993496 0.511283 0.511283 0.511283
2259.367432 0.000000 2119.929199 0.000000 0.869188 0.000000 -0.494482 0.439514 0.439514 0.439514
2240.036377 0.000000 2136.517090 0.000000 0.544228 0.000000 -0.838937 0.476037 0.476037 0.476037
2247.451660 0.000000 2137.639648 0.000000 0.997492 0.000000 -0.070773 0.405411 0.405411 0.405411
2259.671875 0.000000 2118.656738 0.000000 0.892373 0.000000 -0.451299 0.435769 0.435769 0.435769
2171.596436 0.000000 2219.416992 0.000000 0.444168 0.000000 -0.895944 0.349483 0.349483 0.349483
2170.963135 0.000000 2221.029297 0.000000 0.544008 0.000000 -0.839080 0.476057 0.476057 0.476057
2237.733887 0.000000 2180.616455 0.000000 0.999777 0.000000 -0.021111 0.349419 0.349419 0.349419
2221.255371 0.000000 2201.281738 0.000000 0.914833 0.000000 -0.403831 0.284695 0.284695 0.284695
2228.449951 0.000000 2179.166748 0.000000 0.984288 0.000000 -0.176572 0.330518 0.330518 0.330518
2239.419434 0.000000 2168.278320 0.000000 0.806322 0.000000 -0.591477 0.334461 0.334461 0.334461
2228.885254 0.000000 2198.157471 0.000000 0.168731 0.000000 -0.985662 0.493405 0.493405 0.493405
2233.426514 0.000000 2163.805176 0.000000 0.861587 0.000000 -0.507610 0.292620 0.292620 0.292620
2237.042236 0.000000 2202.064453 0.000000 0.439081 0.000000 -0.898448 0.455157 0.455157 0.455157
2230.872314 0.000000 2192.740723 0.000000 0.320646 0.000000 -0.947199 0.406596 0.406596 0.406596
2207.273193 0.000000 2201.282715 0.000000 0.341129 0.000000 -0.940016 0.316138 0.316138 0.316138
2215.675293 0.000000 2201.180176 0.000000 0.989533 0.000000 -0.144304 0.387968 0.387968 0.387968
2227.720459 0.000000 2184.278076 0.000000 0.850718 0.000000 -0.525622 0.367017 0.367017 0.367017
2239.097656 0.000000 2185.795410 0.000000 0.440437 0.000000 -0.897783 0.244792 0.244792 0.244792
2227.521729 0.000000 2174.415039 0.000000 0.647218 0.000000 -0.762305 0.280910 0.280910 0.280910
2226.569092 0.000000 2202.380127 0.000000 0.998298 0.000000 -0.058312 0.347687 0.347687 0.347687
2218.134033 0.000000 2150.543701 0.000000 0.769237 0.000000 -0.638963 0.206576 0.206576 0.206576
2238.127197 0.000000 2163.846191 0.000000 0.958451 0.000000 -0.285258 0.225694 0.225694 0.225694
2218.064209 0.000000 2197.729980 0.000000 0.570461 0.000000 -0.821325 0.298122 0.298122 0.298122
2238.018555 0.000000 2172.301270 0.000000 0.213759 0.000000 -0.976886 0.398821 0.398821 0.398821
2229.758057 0.000000 2165.770996 0.000000 0.863158 0.000000 -0.504934 0.251131 0.251131 0.251131
2235.875732 0.000000 2160.612549 0.000000 0.909229 0.000000 -0.416297 0.328691 0.328691 0.328691
2229.811279 0.000000 2187.705322 0.000000 0.998362 0.000000 -0.057214 0.324834 0.324834 0.324834
2234.308594 0.000000 2191.005859 0.000000 0.035634 0.000000 -0.999365 0.351217 0.351217 0.351217
2225.158936 0.000000 2181.034668 0.000000 0.823256 0.000000 -0.567670 0.446117 0.446117 0.446117
2224.887695 0.000000 2171.281738 0.000000 0.744422 0.000000 -0.667710 0.455854 0.455854 0.455854
2237.449707 0.000000 2155.892334 0.000000 0.748466 0.000000 -0.663173 0.241675 0.241675 0.241675
2230.755859 0.000000 2172.501709 0.000000 0.649453 0.000000 -0.760402 0.386295 0.386295 0.386295
2224.763672 0.000000 2186.212646 0.000000 0.218159 0.000000 -0.975913 0.503199 0.503199 0.503199
2228.612793 0.000000 2162.118164 0.000000 0.765913 0.000000 -0.642944 0.295554 0.295554 0.295554
2230.496338 0.000000 2175.715088 0.000000 0.678988 0.000000 -0.734150 0.343845 0.343845 0.343845
2214.643555 0.000000 2198.108398 0.000000 0.920109 0.000000 -0.391661 0.316531 0.316531 0.316531
2228.391846 0.000000 2194.792969 0.000000 0.979638 0.000000 -0.200774 0.389988 0.389988 0.389988
2224.015381 0.000000 2174.187744 0.000000 0.012183 0.000000 -0.999926 0.261483 0.261483 0.261483
2226.278564 0.000000 2177.115234 0.000000 0.019929 0.000000 -0.999801 0.294168 0.294168 0.294168
2231.879395 0.000000 2189.601074 0.000000 0.647390 0.000000 -0.762159 0.295743 0.295743 0.295743
2229.008789 0.000000 2190.628174 0.000000 0.291293 0.000000 -0.956634 0.342972 0.342972 0.342972
2238.830811 0.000000 2193.641357 0.000000 0.967244 0.000000 -0.253850 0.270102 0.270102 0.270102
2235.206543 0.000000 2176.386963 0.000000 0.942473 0.000000 -0.334281 0.357736 0.357736 0.357736
2231.542480 0.000000 2169.536133 0.000000 0.559439 0.000000 -0.828872 0.369435 0.369435 0.369435
2236.341309 0.000000 2199.573975 0.000000 0.639113 0.000000 -0.769113 0.301452 0.301452 0.301452
2223.961914 0.000000 2201.666260 0.000000 0.656203 0.000000 -0.754584 0.395934 0.395934 0.395934
2223.681152 0.000000 2149.308105 0.000000 0.987607 0.000000 -0.156947 0.340331 0.340331 0.340331
2227.409180 0.000000 2171.892578 0.000000 0.809774 0.000000 -0.586742 0.447902 0.447902 0.447902
2230.928223 0.000000 2163.291260 0.000000 0.585465 0.000000 -0.810698 0.371060 0.371060 0.371060
2234.085693 0.000000 2193.564941 0.000000 0.595578 0.000000 -0.803297 0.279618 0.279618 0.279618
2222.630859 0.000000 2170.182861 0.000000 0.916076 0.000000 -0.401004 0.431521 0.431521 0.431521
2239.022949 0.000000 2200.571777 0.000000 0.326598 0.000000 -0.945163 0.442931 0.442931 0.442931
2227.473145 0.000000 2186.784180 0.000000 0.705169 0.000000 -0.709040 0.419804 0.419804 0.419804
2231.370361 0.000000 2180.061768 0.000000 0.923554 0.000000 -0.383469 0.425545 0.425545 0.425545
2226.714844 0.000000 2196.879150 0.000000 0.391372 0.000000 -0.920233 0.393874 0.393874 0.393874
2222.584229 0.000000 2195.186768 0.000000 0.514166 0.000000 -0.857690 0.361302 0.361302 0.361302
2235.596436 0.000000 2162.932617 0.000000 0.955451 0.000000 -0.295148 0.387988 0.387988 0.387988
2231.341309 0.000000 2197.698242 0.000000 0.562283 0.000000 -0.826945 0.283216 0.283216 0.283216
2223.221924 0.000000 2179.704834 0.000000 0.887326 0.000000 -0.461143 0.312661 0.312661 0.312661
2236.605713 0.000000 2178.332764 0.000000 0.911178 0.000000 -0.412014 0.392092 0.392092 0.392092
2213.505371 0.000000 2202.093994 0.000000 0.622214 0.000000 -0.782848 0.417062 0.417062 0.417062
2232.956055 0.000000 2171.822021 0.000000 0.985233 0.000000 -0.171221 0.281060 0.281060 0.281060
2239.035400 0.000000 2188.014404 0.000000 0.292039 0.000000 -0.956406 0.476144 0.476144 0.476144
2238.998535 0.000000 2170.387939 0.000000 0.284331 0.000000 -0.958726 0.372279 0.372279 0.372279
2230.447266 0.000000 2195.615723 0.000000 0.394293 0.000000 -0.918985 0.437386 0.437386 0.437386
2222.877930 0.000000 2199.829834 0.000000 0.739837 0.000000 -0.672786 0.397343 0.397343 0.397343
2226.491943 0.000000 2170.046631 0.000000 0.374527 0.000000 -0.927216 0.490673 0.490673 0.490673
2219.937012 0.000000 2202.833740 0.000000 0.866721 0.000000 -0.498794 0.361737 0.361737 0.361737
2228.105469 0.000000 2188.797119 0.000000 0.844490 0.000000 -0.535572 0.416986 0.416986 0.416986
2231.776123 0.000000 2174.131104 0.000000 0.797653 0.000000 -0.603117 0.337618 0.337618 0.337618
2223.143311 0.000000 2172.083740 0.000000 0.563981 0.000000 -0.825788 0.431400 0.431400 0.431400
2236.200928 0.000000 2190.479004 0.000000 0.081611 0.000000 -0.996664 0.497029 0.497029 0.497029
2225.177734 0.000000 2188.019531 0.000000 0.946336 0.000000 -0.323185 0.380825 0.380825 0.380825
2232.254883 0.000000 2193.788574 0.000000 0.436340 0.000000 -0.899782 0.472373 0.472373 0.472373
2229.913086 0.000000 2194.080322 0.000000 0.442839 0.000000 -0.896601 0.440744 0.440744 0.440744
2222.407715 0.000000 2173.576172 0.000000 0.902849 0.000000 -0.429957 0.402205 0.402205 0.402205
2224.299561 0.000000 2182.552734 0.000000 0.867389 0.000000 -0.497630 0.437580 0.437580 0.437580
2229.526611 0.000000 2180.341797 0.000000 0.553131 0.000000 -0.833094 0.470799 0.470799 0.470799
2237.135498 0.000000 2189.132812 0.000000 0.556066 0.000000 -0.831138 0.472505 0.472505 0.472505
2228.736572 0.000000 2171.257324 0.000000 0.106066 0.000000 -0.994359 0.495063 0.495063 0.495063
2221.066406 0.000000 2152.004639 0.000000 0.199994 0.000000 -0.979797 0.491284 0.491284 0.491284
2224.418945 0.000000 2172.682861 0.000000 0.927773 0.000000 -0.373144 0.429213 0.429213 0.429213
2214.915771 0.000000 2202.354004 0.000000 0.148964 0.000000 -0.988843 0.508578 0.508578 0.508578
2239.412109 0.000000 2199.254395 0.000000 0.359204 0.000000 -0.933259 0.491030 0.491030 0.491030
2240.354004 0.000000 2194.374023 0.000000 0.947534 0.000000 -0.319656 0.247620 0.247620 0.247620
2247.674561 0.000000 2170.352295 0.000000 0.969329 0.000000 -0.245768 0.417234 0.417234 0.417234
2243.589111 0.000000 2158.788574 0.000000 0.479379 0.000000 -0.877608 0.475391 0.475391 0.475391
2247.693115 0.000000 2178.238770 0.000000 0.827282 0.000000 -0.561787 0.205064 0.205064 0.205064
2241.476562 0.000000 2152.864990 0.000000 0.823747 0.000000 -0.566957 0.227375 0.227375 0.227375
2249.163818 0.000000 2185.707031 0.000000 0.975814 0.000000 -0.218605 0.416836 0.416836 0.416836
2249.437988 0.000000 2147.223877 0.000000 0.356770 0.000000 -0.934192 0.418951 0.418951 0.418951
2241.469238 0.000000 2200.954346 0.000000 0.857420 0.000000 -0.514617 0.295370 0.295370 0.295370
2257.626221 0.000000 2151.615723 0.000000 0.603154 0.000000 -0.797625 0.272664 0.272664 0.272664
2245.003174 0.000000 2182.534180 0.000000 0.299220 0.000000 -0.954184 0.223606 0.223606 0.223606
2245.348877 0.000000 2154.848145 0.000000 0.953853 0.000000 -0.300273 0.221173 0.221173 0.221173
2243.605225 0.000000 2169.682861 0.000000 0.674716 0.000000 -0.738078 0.463009 0.463009 0.463009
2241.602295 0.000000 2176.779541 0.000000 0.660973 0.000000 -0.750410 0.234425 0.234425 0.234425
2250.276367 0.000000 2167.013672 0.000000 0.420729 0.000000 -0.907187 0.347413 0.347413 0.347413
2240.110596 0.000000 2156.770752 0.000000 0.882996 0.000000 -0.469381 0.437325 0.437325 0.437325
2252.652588 0.000000 2171.833008 0.000000 0.957468 0.000000 -0.288538 0.212777 0.212777 0.212777
2258.973877 0.000000 2147.809082 0.000000 0.722249 0.000000 -0.691633 0.242255 0.242255 0.242255
2247.290527 0.000000 2189.251465 0.000000 0.164309 0.000000 -0.986409 0.507391 0.507391 0.507391
2249.807861 0.000000 2182.111816 0.000000 0.728501 0.000000 -0.685045 0.457652 0.457652 0.457652
2244.061279 0.000000 2162.615967 0.000000 0.763034 0.000000 -0.646359 0.449304 0.449304 0.449304
2240.226318 0.000000 2197.723145 0.000000 0.999370 0.000000 -0.035503 0.378423 0.378423 0.378423
2240.205078 0.000000 2168.824951 0.000000 0.941769 0.000000 -0.336260 0.405399 0.405399 0.405399
2252.396729 0.000000 2158.914062 0.000000 0.626990 0.000000 -0.779028 0.468229 0.468229 0.468229
2255.212646 0.000000 2158.859619 0.000000 0.279360 0.000000 -0.960186 0.486798 0.486798 0.486798
2250.423096 0.000000 2170.153809 0.000000 0.431618 0.000000 -0.902056 0.398045 0.398045 0.398045
2246.297607 0.000000 2147.754395 0.000000 0.771375 0.000000 -0.636380 0.452697 0.452697 0.452697
2243.898438 0.000000 2199.162842 0.000000 0.606494 0.000000 -0.795088 0.292926 0.292926 0.292926
2242.760010 0.000000 2155.520752 0.000000 0.977905 0.000000 -0.209051 0.325820 0.325820 0.325820
2259.922852 0.000000 2150.205566 0.000000 0.620676 0.000000 -0.784068 0.468846 0.468846 0.468846
2242.873291 0.000000 2172.696533 0.000000 0.999804 0.000000 -0.019819 0.366278 0.366278 0.366278
2257.306885 0.000000 2157.352051 0.000000 0.532374 0.000000 -0.846509 0.385441 0.385441 0.385441
2247.852051 0.000000 2183.583740 0.000000 0.730520 0.000000 -0.682891 0.451234 0.451234 0.451234
2244.637939 0.000000 2164.979004 0.000000 0.853881 0.000000 -0.520468 0.437855 0.437855 0.437855
2241.439453 0.000000 2170.785645 0.000000 0.252413 0.000000 -0.967620 0.397114 0.397114 0.397114
2248.162109 0.000000 2166.126953 0.000000 0.844134 0.000000 -0.536133 0.443228 0.443228 0.443228
2245.188232 0.000000 2189.146240 0.000000 0.132917 0.000000 -0.991127 0.359094 0.359094 0.359094
2247.299561 0.000000 2187.144287 0.000000 0.528829 0.000000 -0.848729 0.477432 0.477432 0.477432
2240.060303 0.000000 2154.654541 0.000000 0.808385 0.000000 -0.588654 0.406966 0.406966 0.406966
2240.668701 0.000000 2164.176758 0.000000 0.480565 0.000000 -0.876959 0.422948 0.422948 0.422948
2241.799072 0.000000 2196.345215 0.000000 0.832486 0.000000 -0.554046 0.408757 0.408757 0.408757
2241.941895 0.000000 2199.034180 0.000000 0.997562 0.000000 -0.069783 0.405266 0.405266 0.405266
2246.483887 0.000000 2165.338623 0.000000 0.988407 0.000000 -0.151826 0.410616 0.410616 0.410616
2249.975098 0.000000 2183.918213 0.000000 0.864260 0.000000 -0.503045 0.440269 0.440269 0.440269
2255.876465 0.000000 2154.854492 0.000000 0.994033 0.000000 -0.109081 0.408350 0.408350 0.408350
2259.362549 0.000000 2154.717773 0.000000 0.523536 0.000000 -0.852003 0.477907 0.477907 0.477907
2245.526123 0.000000 2187.472168 0.000000 0.936945 0.000000 -0.349476 0.368440 0.368440 0.368440
2247.773682 0.000000 2146.953125 0.000000 0.663147 0.000000 -0.748489 0.464613 0.464613 0.464613
2257.197510 0.000000 2153.199463 0.000000 0.494710 0.000000 -0.869058 0.476784 0.476784 0.476784
2255.744385 0.000000 2157.366699 0.000000 0.981271 0.000000 -0.192630 0.414808 0.414808 0.414808
2248.825684 0.000000 2180.915283 0.000000 0.973801 0.000000 -0.227403 0.417526 0.417526 0.417526
2247.681641 0.000000 2185.324219 0.000000 0.368603 0.000000 -0.929587 0.491161 0.491161 0.491161
2246.677002 0.000000 2171.656494 0.000000 0.496400 0.000000 -0.868094 0.472968 0.472968 0.472968
2248.168701 0.000000 2182.181885 0.000000 0.772874 0.000000 -0.634560 0.452516 0.452516 0.452516
2247.009521 0.000000 2168.046143 0.000000 0.996807 0.000000 -0.079849 0.406107 0.406107 0.406107
2248.040039 0.000000 2171.650146 0.000000 0.997315 0.000000 -0.073238 0.405600 0.405600 0.405600
2206.802246 0.000000 2202.951660 0.000000 0.486355 0.000000 -0.873761 0.481198 0.481198 0.481198
2221.901367 0.000000 2203.844971 0.000000 0.922763 0.000000 -0.385367 0.209143 0.209143 0.209143
2214.270752 0.000000 2204.297607 0.000000 0.762964 0.000000 -0.646441 0.453698 0.453698 0.453698
2176.315430 0.000000 2229.316162 0.000000 0.799470 0.000000 -0.600706 0.325599 0.325599 0.325599
2237.524414 0.000000 2208.404053 0.000000 0.700980 0.000000 -0.713181 0.206740 0.206740 0.206740
2213.084961 0.000000 2217.688232 0.000000 0.479543 0.000000 -0.877518 0.401662 0.401662 0.401662
2202.616699 0.000000 2209.100098 0.000000 0.989365 0.000000 -0.145457 0.409767 0.409767 0.409767
2233.915771 0.000000 2213.605469 0.000000 0.659562 0.000000 -0.751650 0.460943 0.460943 0.460943
2221.790771 0.000000 2216.228760 0.000000 0.849259 0.000000 -0.527977 0.284327 0.284327 0.284327
2225.916504 0.000000 2220.680664 0.000000 0.942402 0.000000 -0.334483 0.264725 0.264725 0.264725
2239.290771 0.000000 2203.295654 0.000000 0.738205 0.000000 -0.674577 0.397463 0.397463 0.397463
2218.134033 0.000000 2207.028076 0.000000 0.999024 0.000000 -0.044160 0.303922 0.303922 0.303922
2217.396484 0.000000 2216.649414 0.000000 0.959619 0.000000 -0.281305 0.257620 0.257620 0.257620
2202.844482 0.000000 2204.608154 0.000000 0.096029 0.000000 -0.995379 0.283603 0.283603 0.283603
2214.192871 0.000000 2208.597412 0.000000 0.871195 0.000000 -0.490937 0.275774 0.275774 0.275774
2188.652588 0.000000 2228.317383 0.000000 0.729560 0.000000 -0.683916 0.230585 0.230585 0.230585
2210.040283 0.000000 2221.195557 0.000000 0.492867 0.000000 -0.870105 0.300368 0.300368 0.300368
2210.139648 0.000000 2204.616943 0.000000 0.948855 0.000000 -0.315713 0.424539 0.424539 0.424539
2220.817139 0.000000 2212.416504 0.000000 0.927922 0.000000 -0.372774 0.425654 0.425654 0.425654
2224.446289 0.000000 2213.721436 0.000000 0.994347 0.000000 -0.106176 0.408127 0.408127 0.408127
2227.006592 0.000000 2211.335693 0.000000 0.659166 0.000000 -0.751997 0.465018 0.465018 0.465018
2228.612793 0.000000 2218.602539 0.000000 0.457298 0.000000 -0.889314 0.311320 0.311320 0.311320
2221.456787 0.000000 2207.104248 0.000000 0.539573 0.000000 -0.841938 0.413369 0.413369 0.413369
2236.365723 0.000000 2205.618408 0.000000 0.665961 0.000000 -0.745987 0.304611 0.304611 0.304611
2219.551025 0.000000 2209.690430 0.000000 0.953306 0.000000 -0.302006 0.407035 0.407035 0.407035
2218.549316 0.000000 2214.001953 0.000000 0.993082 0.000000 -0.117427 0.388781 0.388781 0.388781
2226.542236 0.000000 2208.689209 0.000000 0.128914 0.000000 -0.991656 0.321985 0.321985 0.321985
2215.590820 0.000000 2206.505859 0.000000 0.509848 0.000000 -0.860264 0.312559 0.312559 0.312559
2178.873291 0.000000 2229.180908 0.000000 0.982484 0.000000 -0.186348 0.372454 0.372454 0.372454
2212.142334 0.000000 2202.985840 0.000000 0.821491 0.000000 -0.570222 0.401674 0.401674 0.401674
2205.269775 0.000000 2205.050049 0.000000 0.158330 0.000000 -0.987386 0.493402 0.493402 0.493402
2183.324707 0.000000 2229.500732 0.000000 0.074055 0.000000 -0.997254 0.320376 0.320376 0.320376
2228.127686 0.000000 2220.773193 0.000000 0.967876 0.000000 -0.251429 0.287880 0.287880 0.287880
2185.306152 0.000000 2228.565186 0.000000 0.069066 0.000000 -0.997612 0.366065 0.366065 0.366065
2184.383301 0.000000 2224.754395 0.000000 0.392712 0.000000 -0.919662 0.335120 0.335120 0.335120
2200.196777 0.000000 2209.158691 0.000000 0.660532 0.000000 -0.750798 0.411532 0.411532 0.411532
2224.601807 0.000000 2207.732910 0.000000 0.406942 0.000000 -0.913454 0.403891 0.403891 0.403891
2202.413818 0.000000 2211.162109 0.000000 0.980332 0.000000 -0.197353 0.318282 0.318282 0.318282
2207.953369 0.000000 2208.565918 0.000000 0.869446 0.000000 -0.494028 0.362806 0.362806 0.362806
2226.636963 0.000000 2213.344971 0.000000 0.970354 0.000000 -0.241687 0.399645 0.399645 0.399645
2223.881836 0.000000 2215.623047 0.000000 0.998768 0.000000 -0.049619 0.340472 0.340472 0.340472
2215.709717 0.000000 2202.892822 0.000000 0.077978 0.000000 -0.996955 0.514037 0.514037 0.514037
2226.464111 0.000000 2218.819092 0.000000 0.597085 0.000000 -0.802178 0.395157 0.395157 0.395157
2219.042236 0.000000 2211.761475 0.000000 0.646377 0.000000 -0.763018 0.427129 0.427129 0.427129
2232.204834 0.000000 2213.151367 0.000000 0.880079 0.000000 -0.474828 0.435451 0.435451 0.435451
2227.232666 0.000000 2222.244629 0.000000 0.975535 0.000000 -0.219846 0.362139 0.362139 0.362139
2213.573975 0.000000 2214.394775 0.000000 0.737547 0.000000 -0.675296 0.384940 0.384940 0.384940
2208.706299 0.000000 2207.039795 0.000000 0.532956 0.000000 -0.846143 0.470008 0.470008 0.470008
2225.404785 0.000000 2222.348633 0.000000 0.500055 0.000000 -0.865993 0.468493 0.468493 0.468493
2224.528809 0.000000 2223.771729 0.000000 0.985368 0.000000 -0.170440 0.411203 0.411203 0.411203
2218.243408 0.000000 2208.775635 0.000000 0.681714 0.000000 -0.731619 0.437587 0.437587 0.437587
2210.589355 0.000000 2203.088867 0.000000 0.689834 0.000000 -0.723968 0.461844 0.461844 0.461844
2202.472168 0.000000 2206.124268 0.000000 0.533882 0.000000 -0.845559 0.470687 0.470687 0.470687
2206.746826 0.000000 2204.478760 0.000000 0.983149 0.000000 -0.182805 0.414044 0.414044 0.414044
2179.273438 0.000000 2227.723877 0.000000 0.082275 0.000000 -0.996610 0.498101 0.498101 0.498101
2203.908447 0.000000 2208.394287 0.000000 0.984063 0.000000 -0.177818 0.411961 0.411961 0.411961
2209.218262 0.000000 2205.709961 0.000000 0.828520 0.000000 -0.559959 0.445404 0.445404 0.445404
3555.530762 0.000000 1858.088501 0.000000 0.983725 0.000000 -0.179681 0.219622 0.219622 0.219622
3558.720947 0.000000 1854.234619 0.000000 0.999743 0.000000 -0.022684 0.279572 0.279572 0.279572
3541.261719 0.000000 1854.660889 0.000000 0.798236 0.000000 -0.602344 0.430005 0.430005 0.430005
3542.690430 0.000000 1892.001343 0.000000 0.777233 0.000000 -0.629212 0.332099 0.332099 0.332099
3520.073242 0.000000 1902.545898 0.000000 0.855778 0.000000 -0.517343 0.308217 0.308217 0.308217
3522.892334 0.000000 1902.185669 0.000000 0.352008 0.000000 -0.935997 0.298399 0.298399 0.298399
3525.526123 0.000000 1905.050293 0.000000 0.849803 0.000000 -0.527101 0.398960 0.398960 0.398960
3689.605957 0.000000 2183.887695 0.000000 0.891315 0.000000 -0.453385 0.241533 0.241533 0.241533
3703.542480 0.000000 2169.536133 0.000000 0.972064 0.000000 -0.234715 0.413862 0.413862 0.413862
3723.937012 0.000000 2179.175537 0.000000 0.024519 0.000000 -0.999699 0.375725 0.375725 0.375725
3723.443359 0.000000 2176.393311 0.000000 0.852386 0.000000 -0.522914 0.250245 0.250245 0.250245
7978.157715 0.000000 418.226868 0.000000 0.998035 0.000000 -0.062654 0.375337 0.375337 0.375337
7988.612793 0.000000 411.102600 0.000000 0.595279 0.000000 -0.803519 0.471290 0.471290 0.471290
7990.496094 0.000000 424.699524 0.000000 0.962570 0.000000 -0.271033 0.420968 0.420968 0.420968
7992.270996 0.000000 415.900330 0.000000 0.380996 0.000000 -0.924577 0.405195 0.405195 0.405195
7980.193359 0.000000 416.335175 0.000000 0.977539 0.000000 -0.210754 0.416222 0.416222 0.416222
7974.985352 0.000000 427.255066 0.000000 0.872679 0.000000 -0.488295 0.436042 0.436042 0.436042
7976.581055 0.000000 425.654999 0.000000 0.988653 0.000000 -0.150215 0.411519 0.411519 0.411519
7982.967285 0.000000 410.767456 0.000000 0.815211 0.000000 -0.579164 0.447189 0.447189 0.447189
7990.375000 0.000000 426.940338 0.000000 0.908413 0.000000 -0.418073 0.405360 0.405360 0.405360
7988.417969 0.000000 425.715637 0.000000 0.748148 0.000000 -0.663532 0.455426 0.455426 0.455426
7990.075195 0.000000 416.935638 0.000000 0.390383 0.000000 -0.920652 0.489362 0.489362 0.489362
7982.326660 0.000000 406.508698 0.000000 0.961373 0.000000 -0.275250 0.421303 0.421303 0.421303
7981.664062 0.000000 402.386261 0.000000 0.999660 0.000000 -0.026059 0.401867 0.401867 0.401867
7987.156250 0.000000 409.463684 0.000000 0.297801 0.000000 -0.954628 0.496899 0.496899 0.496899
7985.077637 0.000000 427.778564 0.000000 0.411238 0.000000 -0.911528 0.487623 0.487623 0.487623
7986.491699 0.000000 419.030884 0.000000 0.295236 0.000000 -0.955424 0.497104 0.497104 0.497104
7986.636719 0.000000 405.844940 0.000000 0.915075 0.000000 -0.403284 0.431712 0.431712 0.431712
7983.881836 0.000000 408.123138 0.000000 0.979287 0.000000 -0.202476 0.415576 0.415576 0.415576
7986.463867 0.000000 411.318970 0.000000 0.244190 0.000000 -0.969727 0.501155 0.501155 0.501155
7991.775879 0.000000 423.115570 0.000000 0.867046 0.000000 -0.498228 0.439844 0.439844 0.439844
7991.633301 0.000000 414.108490 0.000000 0.553276 0.000000 -0.832998 0.475211 0.475211 0.475211
7988.948730 0.000000 422.116699 0.000000 0.222337 0.000000 -0.974970 0.502872 0.502872 0.502872
7981.502441 0.000000 417.751434 0.000000 0.964900 0.000000 -0.262618 0.420301 0.420301 0.420301
7981.137695 0.000000 410.450714 0.000000 0.454002 0.000000 -0.891001 0.479607 0.479607 0.479607
7987.232422 0.000000 414.744537 0.000000 0.083798 0.000000 -0.996483 0.513591 0.513591 0.513591
7985.566406 0.000000 402.573242 0.000000 0.973092 0.000000 -0.230415 0.417762 0.417762 0.417762
7974.209961 0.000000 428.890533 0.000000 0.752653 0.000000 -0.658417 0.411771 0.411771 0.411771
7983.049805 0.000000 424.600555 0.000000 0.996688 0.000000 -0.081317 0.361364 0.361364 0.361364
7982.407715 0.000000 422.560638 0.000000 0.355112 0.000000 -0.934824 0.434888 0.434888 0.434888
7978.500977 0.000000 410.176178 0.000000 0.911696 0.000000 -0.410865 0.432346 0.432346 0.432346
7986.992676 0.000000 424.796722 0.000000 0.535990 0.000000 -0.844224 0.476785 0.476785 0.476785
7991.532715 0.000000 420.000488 0.000000 0.707020 0.000000 -0.707194 0.460009 0.460009 0.460009
7988.736328 0.000000 420.241638 0.000000 0.991207 0.000000 -0.132320 0.410138 0.410138 0.410138
7990.872070 0.000000 415.776001 0.000000 0.920115 0.000000 -0.391648 0.430743 0.430743 0.430743
8031.273438 0.000000 450.267029 0.000000 0.883948 0.000000 -0.467585 0.249163 0.249163 0.249163
8021.436035 0.000000 446.688568 0.000000 0.092057 0.000000 -0.995754 0.469788 0.469788 0.469788
8023.931152 0.000000 447.107880 0.000000 0.789979 0.000000 -0.613133 0.447785 0.447785 0.447785
8023.825684 0.000000 449.311005 0.000000 0.780887 0.000000 -0.624673 0.449018 0.449018 0.449018
8027.270508 0.000000 447.136902 0.000000 0.304236 0.000000 -0.952597 0.485044 0.485044 0.485044
8029.530273 0.000000 449.564026 0.000000 0.943848 0.000000 -0.330381 0.424209 0.424209 0.424209
8025.614258 0.000000 447.126282 0.000000 0.787643 0.000000 -0.616132 0.450712 0.450712 0.450712
8025.114746 0.000000 449.717072 0.000000 0.723814 0.000000 -0.689995 0.458173 0.458173 0.458173
8050.281250 0.000000 494.944214 0.000000 0.797953 0.000000 -0.602720 0.387376 0.387376 0.387376
8049.044434 0.000000 500.558960 0.000000 0.903086 0.000000 -0.429459 0.433911 0.433911 0.433911
8021.636230 0.000000 506.377228 0.000000 0.512574 0.000000 -0.858643 0.473472 0.473472 0.473472
8042.157715 0.000000 474.711243 0.000000 0.883719 0.000000 -0.468018 0.437208 0.437208 0.437208
8007.290527 0.000000 494.720093 0.000000 0.992064 0.000000 -0.125736 0.395118 0.395118 0.395118
8034.040527 0.000000 470.179932 0.000000 0.826555 0.000000 -0.562856 0.445671 0.445671 0.445671
8047.152344 0.000000 497.345703 0.000000 0.634863 0.000000 -0.772624 0.223209 0.223209 0.223209
8033.456543 0.000000 465.799896 0.000000 0.778050 0.000000 -0.628202 0.325396 0.325396 0.325396
8010.749023 0.000000 494.067871 0.000000 0.556061 0.000000 -0.831141 0.401946 0.401946 0.401946
8038.643555 0.000000 503.577087 0.000000 0.681041 0.000000 -0.732245 0.462767 0.462767 0.462767
8029.075684 0.000000 504.275208 0.000000 0.482349 0.000000 -0.875979 0.477551 0.477551 0.477551
8028.116211 0.000000 507.290619 0.000000 0.142025 0.000000 -0.989863 0.509113 0.509113 0.509113
8050.616699 0.000000 497.928223 0.000000 0.923956 0.000000 -0.382498 0.429985 0.429985 0.429985
8044.193359 0.000000 472.819550 0.000000 0.902013 0.000000 -0.431710 0.314168 0.314168 0.314168
8045.452148 0.000000 480.444824 0.000000 0.967822 0.000000 -0.251635 0.403918 0.403918 0.403918
8038.352539 0.000000 501.063507 0.000000 0.488575 0.000000 -0.872522 0.477298 0.477298 0.477298
8039.437012 0.000000 479.256897 0.000000 0.950756 0.000000 -0.309939 0.305223 0.305223 0.305223
8036.534668 0.000000 469.053040 0.000000 0.220831 0.000000 -0.975312 0.498951 0.498951 0.498951
8035.024414 0.000000 472.447144 0.000000 0.777763 0.000000 -0.628558 0.448531 0.448531 0.448531
8031.885254 0.000000 471.065094 0.000000 0.952402 0.000000 -0.304846 0.322084 0.322084 0.322084
8044.304199 0.000000 475.574371 0.000000 0.643041 0.000000 -0.765832 0.466641 0.466641 0.466641
8019.281738 0.000000 507.529449 0.000000 0.155503 0.000000 -0.987835 0.502068 0.502068 0.502068
8054.447266 0.000000 501.084473 0.000000 0.936349 0.000000 -0.351071 0.427225 0.427225 0.427225
8036.267090 0.000000 476.765717 0.000000 0.210345 0.000000 -0.977627 0.502453 0.502453 0.502453
8043.705078 0.000000 479.262756 0.000000 0.877130 0.000000 -0.480252 0.438269 0.438269 0.438269
8052.752441 0.000000 498.272339 0.000000 0.994044 0.000000 -0.108982 0.408342 0.408342 0.408342
8034.607422 0.000000 504.268951 0.000000 0.994160 0.000000 -0.107920 0.408261 0.408261 0.408261
8048.736816 0.000000 498.561829 0.000000 0.105340 0.000000 -0.994436 0.511938 0.511938 0.511938
8045.863281 0.000000 498.692108 0.000000 0.712771 0.000000 -0.701397 0.459386 0.459386 0.459386
8035.805176 0.000000 470.789368 0.000000 0.616610 0.000000 -0.787269 0.469241 0.469241 0.469241
8035.248535 0.000000 466.236389 0.000000 0.478465 0.000000 -0.878106 0.450958 0.450958 0.450958
8040.686523 0.000000 470.528107 0.000000 0.951573 0.000000 -0.307422 0.422936 0.422936 0.422936
8036.762207 0.000000 473.380127 0.000000 0.979351 0.000000 -0.202167 0.415552 0.415552 0.415552
8040.327148 0.000000 474.146851 0.000000 0.960177 0.000000 -0.279391 0.421632 0.421632 0.421632
8045.502441 0.000000 474.235809 0.000000 0.310585 0.000000 -0.950546 0.495874 0.495874 0.495874
8034.022949 0.000000 473.910767 0.000000 0.033253 0.000000 -0.999447 0.509782 0.509782 0.509782
8038.249512 0.000000 505.567230 0.000000 0.763132 0.000000 -0.646242 0.426340 0.426340 0.426340
8050.704590 0.000000 499.799072 0.000000 0.002868 0.000000 -0.999996 0.519781 0.519781 0.519781
8052.959961 0.000000 501.934052 0.000000 0.895676 0.000000 -0.444706 0.435206 0.435206 0.435206
8033.168457 0.000000 472.167297 0.000000 0.733283 0.000000 -0.679924 0.427534 0.427534 0.427534
8054.766602 0.000000 496.475555 0.000000 0.517474 0.000000 -0.855699 0.478449 0.478449 0.478449
8053.913086 0.000000 499.548981 0.000000 0.911675 0.000000 -0.410911 0.432349 0.432349 0.432349
8007.856445 0.000000 496.556702 0.000000 0.998251 0.000000 -0.059118 0.392312 0.392312 0.392312
8037.219727 0.000000 475.454437 0.000000 0.878158 0.000000 -0.478371 0.438105 0.438105 0.438105
8046.407715 0.000000 479.045013 0.000000 0.903800 0.000000 -0.427955 0.409878 0.409878 0.409878
8039.006836 0.000000 471.278748 0.000000 0.657902 0.000000 -0.753104 0.465147 0.465147 0.465147
8030.198730 0.000000 503.123169 0.000000 0.907267 0.000000 -0.420554 0.431101 0.431101 0.431101
8032.008789 0.000000 502.359375 0.000000 0.264460 0.000000 -0.964397 0.499554 0.499554 0.499554
8042.833008 0.000000 476.107819 0.000000 0.478908 0.000000 -0.877865 0.481848 0.481848 0.481848
8039.139160 0.000000 475.602722 0.000000 0.989493 0.000000 -0.144580 0.411084 0.411084 0.411084
8047.481934 0.000000 499.433075 0.000000 0.260367 0.000000 -0.965510 0.499878 0.499878 0.499878
8043.594727 0.000000 474.274750 0.000000 0.999968 0.000000 -0.008055 0.400615 0.400615 0.400615
8045.061035 0.000000 500.817780 0.000000 0.965722 0.000000 -0.259579 0.420060 0.420060 0.420060
8038.613281 0.000000 472.745758 0.000000 0.886992 0.000000 -0.461784 0.436670 0.436670 0.436670
8044.225586 0.000000 498.109406 0.000000 0.521541 0.000000 -0.853226 0.478086 0.478086 0.478086
8035.060059 0.000000 505.869934 0.000000 0.370692 0.000000 -0.928756 0.490989 0.490989 0.490989
8021.138184 0.000000 507.691101 0.000000 0.042091 0.000000 -0.999114 0.508769 0.508769 0.508769
8035.134277 0.000000 469.176605 0.000000 0.982326 0.000000 -0.187180 0.414384 0.414384 0.414384
8032.928711 0.000000 467.866241 0.000000 0.147787 0.000000 -0.989019 0.508668 0.508668 0.508668
8045.479492 0.000000 476.414581 0.000000 0.807368 0.000000 -0.590048 0.446481 0.446481 0.446481
8045.661621 0.000000 502.130463 0.000000 0.974240 0.000000 -0.225513 0.417377 0.417377 0.417377
8033.772949 0.000000 507.300415 0.000000 0.982103 0.000000 -0.188345 0.414475 0.414475 0.414475
8053.717285 0.000000 497.357361 0.000000 0.849803 0.000000 -0.527100 0.442413 0.442413 0.442413
8031.430176 0.000000 519.131348 0.000000 0.830413 0.000000 -0.557148 0.439391 0.439391 0.439391
8025.268555 0.000000 524.768494 0.000000 0.062343 0.000000 -0.998055 0.515234 0.515234 0.515234
8026.616699 0.000000 514.568787 0.000000 0.479126 0.000000 -0.877746 0.214828 0.214828 0.214828
8025.550293 0.000000 519.960815 0.000000 0.752283 0.000000 -0.658840 0.353715 0.353715 0.353715
8030.227539 0.000000 512.916748 0.000000 0.391916 0.000000 -0.920001 0.487194 0.487194 0.487194
8057.786621 0.000000 512.884216 0.000000 0.743545 0.000000 -0.668686 0.451017 0.451017 0.451017
8028.263672 0.000000 517.655396 0.000000 0.866530 0.000000 -0.499124 0.296167 0.296167 0.296167
8024.357910 0.000000 516.870361 0.000000 0.119428 0.000000 -0.992843 0.393164 0.393164 0.393164
8022.343750 0.000000 525.751587 0.000000 0.010408 0.000000 -0.999946 0.492202 0.492202 0.492202
8020.109863 0.000000 520.049011 0.000000 0.635951 0.000000 -0.771729 0.333268 0.333268 0.333268
8035.895020 0.000000 520.872986 0.000000 0.880626 0.000000 -0.473812 0.380013 0.380013 0.380013
8027.921387 0.000000 524.315125 0.000000 0.929648 0.000000 -0.368449 0.428827 0.428827 0.428827
8063.022949 0.000000 562.524963 0.000000 0.046899 0.000000 -0.998900 0.501579 0.501579 0.501579
8063.450684 0.000000 516.288696 0.000000 0.912053 0.000000 -0.410073 0.303455 0.303455 0.303455
8029.269531 0.000000 510.518738 0.000000 0.281850 0.000000 -0.959459 0.498172 0.498172 0.498172
8031.881836 0.000000 511.008850 0.000000 0.664910 0.000000 -0.746924 0.464433 0.464433 0.464433
8024.755859 0.000000 527.708618 0.000000 0.515137 0.000000 -0.857108 0.410281 0.410281 0.410281
8055.474609 0.000000 513.430054 0.000000 0.692480 0.000000 -0.721437 0.454925 0.454925 0.454925
8020.737793 0.000000 508.362335 0.000000 0.433626 0.000000 -0.901093 0.472287 0.472287 0.472287
8028.442383 0.000000 508.376770 0.000000 0.514934 0.000000 -0.857230 0.478676 0.478676 0.478676
8029.291992 0.000000 519.650452 0.000000 0.931922 0.000000 -0.362659 0.320470 0.320470 0.320470
8022.294922 0.000000 515.832458 0.000000 0.994736 0.000000 -0.102466 0.406868 0.406868 0.406868
8024.196777 0.000000 514.627380 0.000000 0.999997 0.000000 -0.002467 0.312690 0.312690 0.312690
8023.989746 0.000000 521.389221 0.000000 0.700530 0.000000 -0.713623 0.433143 0.433143 0.433143
8028.897949 0.000000 529.998291 0.000000 0.944538 0.000000 -0.328402 0.314358 0.314358 0.314358
8029.062500 0.000000 526.035645 0.000000 0.929623 0.000000 -0.368511 0.426382 0.426382 0.426382
8057.029297 0.000000 514.796143 0.000000 0.679772 0.000000 -0.733424 0.462899 0.462899 0.462899
8021.078125 0.000000 510.487030 0.000000 0.889050 0.000000 -0.457811 0.371368 0.371368 0.371368
8059.459473 0.000000 517.719543 0.000000 0.728297 0.000000 -0.685262 0.452397 0.452397 0.452397
8031.909668 0.000000 523.326843 0.000000 0.296165 0.000000 -0.955137 0.492591 0.492591 0.492591
8029.993164 0.000000 523.157288 0.000000 0.902049 0.000000 -0.431633 0.432981 0.432981 0.432981
8024.050781 0.000000 526.072388 0.000000 0.952264 0.000000 -0.305277 0.374915 0.374915 0.374915
8022.760742 0.000000 517.563782 0.000000 0.029036 0.000000 -0.999578 0.517781 0.517781 0.517781
8054.518555 0.000000 512.048462 0.000000 0.526172 0.000000 -0.850378 0.469294 0.469294 0.469294
8020.698242 0.000000 513.543396 0.000000 0.997121 0.000000 -0.075821 0.365693 0.365693 0.365693
8026.288574 0.000000 528.192078 0.000000 0.930685 0.000000 -0.365822 0.428611 0.428611 0.428611
8030.455078 0.000000 514.437927 0.000000 0.590211 0.000000 -0.807249 0.461451 0.461451 0.461451
8026.808105 0.000000 525.365234 0.000000 0.245264 0.000000 -0.969456 0.501070 0.501070 0.501070
8062.566406 0.000000 563.988037 0.000000 0.796655 0.000000 -0.604435 0.443265 0.443265 0.443265
8029.531738 0.000000 509.203003 0.000000 0.702445 0.000000 -0.711738 0.460502 0.460502 0.460502
8028.146484 0.000000 509.719971 0.000000 0.324049 0.000000 -0.946040 0.494789 0.494789 0.494789
8070.599121 0.000000 561.460327 0.000000 0.935001 0.000000 -0.354644 0.390085 0.390085 0.390085
8098.074219 0.000000 513.879150 0.000000 0.761597 0.000000 -0.648051 0.387402 0.387402 0.387402
8065.469238 0.000000 562.907471 0.000000 0.694871 0.000000 -0.719135 0.455100 0.455100 0.455100
8120.634766 0.000000 544.147949 0.000000 0.853070 0.000000 -0.521796 0.441937 0.441937 0.441937
8105.396484 0.000000 522.118286 0.000000 0.682761 0.000000 -0.730642 0.417180 0.417180 0.417180
8090.844238 0.000000 510.076843 0.000000 0.932799 0.000000 -0.360397 0.428166 0.428166 0.428166
8102.192871 0.000000 514.066284 0.000000 0.604256 0.000000 -0.796790 0.282100 0.282100 0.282100
8094.227539 0.000000 512.916748 0.000000 0.247764 0.000000 -0.968820 0.500873 0.500873 0.500873
8100.219727 0.000000 548.516846 0.000000 0.355208 0.000000 -0.934787 0.486530 0.486530 0.486530
8100.675781 0.000000 541.201416 0.000000 0.820328 0.000000 -0.571893 0.336261 0.336261 0.336261
8103.131348 0.000000 543.338501 0.000000 0.079321 0.000000 -0.996849 0.497924 0.497924 0.497924
8119.033203 0.000000 546.807312 0.000000 0.975712 0.000000 -0.219059 0.416155 0.416155 0.416155
8105.246582 0.000000 556.671143 0.000000 0.065023 0.000000 -0.997884 0.375860 0.375860 0.375860
8117.610352 0.000000 543.852173 0.000000 0.493090 0.000000 -0.869979 0.286368 0.286368 0.286368
8094.841309 0.000000 539.991516 0.000000 0.943670 0.000000 -0.330887 0.319343 0.319343 0.319343
8086.909180 0.000000 519.359192 0.000000 0.284062 0.000000 -0.958806 0.453542 0.453542 0.453542
8068.256348 0.000000 563.875061 0.000000 0.501909 0.000000 -0.864920 0.479832 0.479832 0.479832
8102.658203 0.000000 516.580383 0.000000 0.481820 0.000000 -0.876270 0.461697 0.461697 0.461697
8093.269531 0.000000 510.518738 0.000000 0.714665 0.000000 -0.699467 0.459179 0.459179 0.459179
8121.397461 0.000000 546.509705 0.000000 0.944423 0.000000 -0.328734 0.425171 0.425171 0.425171
8097.651855 0.000000 544.556824 0.000000 0.995992 0.000000 -0.089441 0.406842 0.406842 0.406842
8101.593262 0.000000 550.570068 0.000000 0.386715 0.000000 -0.922199 0.460183 0.460183 0.460183
8099.886719 0.000000 538.983887 0.000000 0.997069 0.000000 -0.076506 0.385286 0.385286 0.385286
8064.164062 0.000000 564.698425 0.000000 0.880007 0.000000 -0.474961 0.376163 0.376163 0.376163
8104.632324 0.000000 547.994507 0.000000 0.896686 0.000000 -0.442667 0.347514 0.347514 0.347514
8095.716309 0.000000 548.809998 0.000000 0.965959 0.000000 -0.258695 0.419990 0.419990 0.419990
8102.302734 0.000000 521.426086 0.000000 0.960416 0.000000 -0.278569 0.421566 0.421566 0.421566
8090.413574 0.000000 516.630920 0.000000 0.190958 0.000000 -0.981598 0.364905 0.364905 0.364905
8104.666504 0.000000 554.681885 0.000000 0.068617 0.000000 -0.997643 0.506129 0.506129 0.506129
8117.193359 0.000000 547.694336 0.000000 0.289145 0.000000 -0.957285 0.484515 0.484515 0.484515
8094.427246 0.000000 546.646545 0.000000 0.993225 0.000000 -0.116203 0.408897 0.408897 0.408897
8104.504883 0.000000 551.752991 0.000000 0.529144 0.000000 -0.848532 0.470321 0.470321 0.470321
8104.804199 0.000000 542.483704 0.000000 0.324215 0.000000 -0.945983 0.487343 0.487343 0.487343
8119.086426 0.000000 544.975708 0.000000 0.277236 0.000000 -0.960802 0.497251 0.497251 0.497251
8094.384766 0.000000 549.954041 0.000000 0.875319 0.000000 -0.483547 0.438556 0.438556 0.438556
8090.396484 0.000000 518.397095 0.000000 0.836866 0.000000 -0.547408 0.352278 0.352278 0.352278
8105.043945 0.000000 520.375000 0.000000 0.714240 0.000000 -0.699901 0.459225 0.459225 0.459225
8101.573730 0.000000 519.863647 0.000000 0.174110 0.000000 -0.984726 0.490253 0.490253 0.490253
8095.343262 0.000000 551.496155 0.000000 0.582484 0.000000 -0.812842 0.428650 0.428650 0.428650
8065.867188 0.000000 564.562439 0.000000 0.446835 0.000000 -0.894616 0.404909 0.404909 0.404909
8102.213867 0.000000 518.372681 0.000000 0.083015 0.000000 -0.996548 0.513651 0.513651 0.513651
8067.034668 0.000000 562.517700 0.000000 0.511624 0.000000 -0.859209 0.468906 0.468906 0.468906
8103.927246 0.000000 521.533386 0.000000 0.485429 0.000000 -0.874276 0.481279 0.481279 0.481279
8097.783691 0.000000 551.923523 0.000000 0.106084 0.000000 -0.994357 0.511881 0.511881 0.511881
8090.472168 0.000000 511.593048 0.000000 0.487323 0.000000 -0.873222 0.481114 0.481114 0.481114
8116.391602 0.000000 544.814392 0.000000 0.061347 0.000000 -0.998116 0.514180 0.514180 0.514180
8091.648926 0.000000 515.792847 0.000000 0.338903 0.000000 -0.940821 0.481659 0.481659 0.481659
8090.266113 0.000000 513.117493 0.000000 0.213487 0.000000 -0.976946 0.503564 0.503564 0.503564
8089.317871 0.000000 515.619751 0.000000 0.999849 0.000000 -0.017366 0.401327 0.401327 0.401327
8091.908691 0.000000 513.862915 0.000000 0.995143 0.000000 -0.098439 0.407532 0.407532 0.407532
8064.046387 0.000000 563.122681 0.000000 0.999693 0.000000 -0.024774 0.401701 0.401701 0.401701
8093.245605 0.000000 544.194153 0.000000 0.231207 0.000000 -0.972905 0.491157 0.491157 0.491157
8098.905762 0.000000 543.740356 0.000000 0.850153 0.000000 -0.526536 0.442362 0.442362 0.442362
8120.805176 0.000000 547.873535 0.000000 0.250762 0.000000 -0.968049 0.498992 0.498992 0.498992
8097.198730 0.000000 543.210449 0.000000 0.488447 0.000000 -0.872593 0.481015 0.481015 0.481015
8093.169434 0.000000 511.958984 0.000000 0.922304 0.000000 -0.386464 0.430313 0.430313 0.430313
8097.452148 0.000000 545.903137 0.000000 0.999901 0.000000 -0.014068 0.401075 0.401075 0.401075
8073.361328 0.000000 562.367615 0.000000 0.575205 0.000000 -0.818009 0.473181 0.473181 0.473181
8111.419922 0.000000 531.013794 0.000000 0.991388 0.000000 -0.130959 0.410033 0.410033 0.410033
8096.756836 0.000000 547.981384 0.000000 0.042317 0.000000 -0.999104 0.516766 0.516766 0.516766
8098.794922 0.000000 545.267212 0.000000 0.491897 0.000000 -0.870653 0.480713 0.480713 0.480713
8063.180664 0.000000 570.945190 0.000000 0.843758 0.000000 -0.536723 0.430622 0.430622 0.430622
8058.833496 0.000000 568.109253 0.000000 0.856082 0.000000 -0.516840 0.440274 0.440274 0.440274
8059.157715 0.000000 566.595520 0.000000 0.938086 0.000000 -0.346403 0.427023 0.427023 0.427023
8060.446777 0.000000 569.101685 0.000000 0.979656 0.000000 -0.200682 0.415032 0.415032 0.415032
8061.733887 0.000000 655.538330 0.000000 0.923655 0.000000 -0.383226 0.213895 0.213895 0.213895
8045.255371 0.000000 676.203613 0.000000 0.762154 0.000000 -0.647395 0.205010 0.205010 0.205010
8049.044434 0.000000 670.012085 0.000000 0.999732 0.000000 -0.023145 0.232285 0.232285 0.232285
8057.614258 0.000000 673.709290 0.000000 0.808018 0.000000 -0.589158 0.214048 0.214048 0.214048
8050.569336 0.000000 677.301941 0.000000 0.227779 0.000000 -0.973713 0.304400 0.304400 0.304400
8059.742676 0.000000 659.005127 0.000000 0.995353 0.000000 -0.096291 0.406790 0.406790 0.406790
8049.605957 0.000000 674.182007 0.000000 0.017250 0.000000 -0.999851 0.518682 0.518682 0.518682
8060.718750 0.000000 662.559570 0.000000 0.353524 0.000000 -0.935426 0.384834 0.384834 0.384834
8055.879395 0.000000 664.522949 0.000000 0.282145 0.000000 -0.959372 0.326730 0.326730 0.326730
8052.503418 0.000000 675.745728 0.000000 0.913665 0.000000 -0.406468 0.328315 0.328315 0.328315
8055.341309 0.000000 672.620117 0.000000 0.776010 0.000000 -0.630721 0.444300 0.444300 0.444300
8048.587402 0.000000 672.254150 0.000000 0.970670 0.000000 -0.240417 0.413009 0.413009 0.413009
8059.060547 0.000000 663.920410 0.000000 0.575148 0.000000 -0.818050 0.473187 0.473187 0.473187
8054.447266 0.000000 670.537598 0.000000 0.986706 0.000000 -0.162518 0.411452 0.411452 0.411452
8046.877930 0.000000 674.751587 0.000000 0.458409 0.000000 -0.888741 0.340157 0.340157 0.340157
8061.048828 0.000000 660.593445 0.000000 0.438181 0.000000 -0.898887 0.485349 0.485349 0.485349
8059.123047 0.000000 660.754333 0.000000 0.712525 0.000000 -0.701647 0.459412 0.459412 0.459412
8057.390625 0.000000 663.735291 0.000000 0.184617 0.000000 -0.982810 0.505815 0.505815 0.505815
8061.407227 0.000000 658.711670 0.000000 0.856877 0.000000 -0.515521 0.441376 0.441376 0.441376
8059.111816 0.000000 662.451172 0.000000 0.511851 0.000000 -0.859074 0.478950 0.478950 0.478950
8057.143066 0.000000 665.106689 0.000000 0.814677 0.000000 -0.579915 0.444634 0.444634 0.444634
8056.508789 0.000000 662.770813 0.000000 0.051559 0.000000 -0.998670 0.516059 0.516059 0.516059
8067.834473 0.000000 564.846252 0.000000 0.699905 0.000000 -0.714235 0.394515 0.394515 0.394515
8094.600098 0.000000 614.547363 0.000000 0.433430 0.000000 -0.901187 0.404075 0.404075 0.404075
8095.949707 0.000000 599.099731 0.000000 0.993370 0.000000 -0.114958 0.201671 0.201671 0.201671
8069.568848 0.000000 568.861633 0.000000 0.587728 0.000000 -0.809059 0.469417 0.469417 0.469417
8069.348633 0.000000 573.285522 0.000000 0.850672 0.000000 -0.525697 0.427109 0.427109 0.427109
8097.638184 0.000000 611.612366 0.000000 0.671839 0.000000 -0.740697 0.463721 0.463721 0.463721
8081.114746 0.000000 619.403625 0.000000 0.813406 0.000000 -0.581696 0.245140 0.245140 0.245140
8098.997070 0.000000 620.807190 0.000000 0.622422 0.000000 -0.782682 0.468676 0.468676 0.468676
8082.974121 0.000000 566.246643 0.000000 0.793545 0.000000 -0.608512 0.269888 0.269888 0.269888
8100.219727 0.000000 605.001221 0.000000 0.801056 0.000000 -0.598590 0.449025 0.449025 0.449025
8100.176270 0.000000 608.863342 0.000000 0.032365 0.000000 -0.999476 0.517527 0.517527 0.517527
8079.712891 0.000000 583.457886 0.000000 0.740701 0.000000 -0.671834 0.323199 0.323199 0.323199
8112.763672 0.000000 604.650208 0.000000 0.995466 0.000000 -0.095113 0.393299 0.393299 0.393299
8075.269531 0.000000 574.173828 0.000000 0.653752 0.000000 -0.756709 0.465567 0.465567 0.465567
8076.396484 0.000000 577.351501 0.000000 0.669072 0.000000 -0.743197 0.464006 0.464006 0.464006
8081.653320 0.000000 573.313171 0.000000 0.429844 0.000000 -0.902903 0.481557 0.481557 0.481557
8119.033203 0.000000 603.291687 0.000000 0.835857 0.000000 -0.548947 0.287469 0.287469 0.287469
8106.699707 0.000000 605.222534 0.000000 0.945781 0.000000 -0.324804 0.418537 0.418537 0.418537
8093.075684 0.000000 617.243958 0.000000 0.949550 0.000000 -0.313616 0.397755 0.397755 0.397755
8117.610352 0.000000 600.336548 0.000000 0.031445 0.000000 -0.999505 0.517597 0.517597 0.517597
8072.260254 0.000000 573.849426 0.000000 0.947065 0.000000 -0.321042 0.424968 0.424968 0.424968
8079.844238 0.000000 567.970947 0.000000 0.067644 0.000000 -0.997710 0.448836 0.448836 0.448836
8070.297363 0.000000 566.191895 0.000000 0.606717 0.000000 -0.794918 0.464232 0.464232 0.464232
8100.101074 0.000000 612.705078 0.000000 0.999997 0.000000 -0.002322 0.400177 0.400177 0.400177
8083.958008 0.000000 571.556335 0.000000 0.176169 0.000000 -0.984360 0.506471 0.506471 0.506471
8109.602051 0.000000 604.768738 0.000000 0.628918 0.000000 -0.777472 0.468040 0.468040 0.468040
8083.875488 0.000000 580.292542 0.000000 0.665704 0.000000 -0.746216 0.464351 0.464351 0.464351
8097.210938 0.000000 614.286560 0.000000 0.995348 0.000000 -0.096349 0.406818 0.406818 0.406818
8070.927734 0.000000 571.191162 0.000000 0.918286 0.000000 -0.395918 0.407845 0.407845 0.407845
8087.931152 0.000000 616.561035 0.000000 0.089841 0.000000 -0.995956 0.513127 0.513127 0.513127
8094.667969 0.000000 601.225098 0.000000 0.768694 0.000000 -0.639617 0.271991 0.271991 0.271991
8113.258789 0.000000 602.300720 0.000000 0.138003 0.000000 -0.990432 0.509424 0.509424 0.509424
8079.571289 0.000000 571.456238 0.000000 0.356212 0.000000 -0.934405 0.467023 0.467023 0.467023
8096.505859 0.000000 609.501587 0.000000 0.955075 0.000000 -0.296364 0.421408 0.421408 0.421408
8098.794434 0.000000 603.103210 0.000000 0.943042 0.000000 -0.332673 0.425908 0.425908 0.425908
8107.827148 0.000000 603.030518 0.000000 0.924315 0.000000 -0.381631 0.429913 0.429913 0.429913
8108.874023 0.000000 609.833008 0.000000 0.796598 0.000000 -0.604510 0.446350 0.446350 0.446350
8101.505371 0.000000 620.531433 0.000000 0.293875 0.000000 -0.955844 0.488000 0.488000 0.488000
8108.435059 0.000000 600.818909 0.000000 0.703558 0.000000 -0.710637 0.460382 0.460382 0.460382
8099.097656 0.000000 606.943787 0.000000 0.767484 0.000000 -0.641069 0.453162 0.453162 0.453162
8087.825684 0.000000 618.764160 0.000000 0.563369 0.000000 -0.826205 0.474281 0.474281 0.474281
8118.375000 0.000000 596.393494 0.000000 0.957681 0.000000 -0.287831 0.407395 0.407395 0.407395
8068.206055 0.000000 567.098694 0.000000 0.536230 0.000000 -0.844072 0.471495 0.471495 0.471495
8086.294922 0.000000 572.316833 0.000000 0.929439 0.000000 -0.368976 0.346828 0.346828 0.346828
8110.922852 0.000000 600.165039 0.000000 0.995966 0.000000 -0.089733 0.390665 0.390665 0.390665
8095.859863 0.000000 612.677246 0.000000 0.189825 0.000000 -0.981818 0.494731 0.494731 0.494731
8098.456055 0.000000 609.796692 0.000000 0.949662 0.000000 -0.313276 0.424342 0.424342 0.424342
8081.982910 0.000000 568.097473 0.000000 0.796913 0.000000 -0.604094 0.438499 0.438499 0.438499
8101.990723 0.000000 601.481079 0.000000 0.585391 0.000000 -0.810751 0.472226 0.472226 0.472226
8094.427246 0.000000 603.130920 0.000000 0.975886 0.000000 -0.218280 0.358462 0.358462 0.358462
8098.607422 0.000000 617.237671 0.000000 0.183506 0.000000 -0.983019 0.505901 0.505901 0.505901
8114.737793 0.000000 598.341431 0.000000 0.992722 0.000000 -0.120431 0.408801 0.408801 0.408801
8106.718262 0.000000 611.342773 0.000000 0.279521 0.000000 -0.960140 0.462037 0.462037 0.462037
8094.899414 0.000000 617.705566 0.000000 0.284845 0.000000 -0.958574 0.443697 0.443697 0.443697
8111.125977 0.000000 603.760864 0.000000 0.986325 0.000000 -0.164809 0.412648 0.412648 0.412648
8087.245605 0.000000 620.504272 0.000000 0.702141 0.000000 -0.712038 0.371845 0.371845 0.371845
8093.530273 0.000000 619.017151 0.000000 0.747451 0.000000 -0.664317 0.447707 0.447707 0.447707
8104.504883 0.000000 608.237366 0.000000 0.960811 0.000000 -0.277205 0.421458 0.421458 0.421458
8088.941406 0.000000 615.071411 0.000000 0.601892 0.000000 -0.798577 0.470659 0.470659 0.470659
8104.804199 0.000000 598.968079 0.000000 0.989908 0.000000 -0.141712 0.377229 0.377229 0.377229
8079.104492 0.000000 569.695862 0.000000 0.867913 0.000000 -0.496717 0.399747 0.399747 0.399747
8111.226074 0.000000 605.787964 0.000000 0.909498 0.000000 -0.415709 0.432752 0.432752 0.432752
8091.848633 0.000000 618.502930 0.000000 0.033773 0.000000 -0.999430 0.421687 0.421687 0.421687
8117.498535 0.000000 602.319946 0.000000 0.671613 0.000000 -0.740902 0.457495 0.457495 0.457495
8102.039062 0.000000 582.945435 0.000000 0.316873 0.000000 -0.948468 0.421035 0.421035 0.421035
8073.625488 0.000000 575.068604 0.000000 0.928074 0.000000 -0.372397 0.429151 0.429151 0.429151
8095.343262 0.000000 607.980530 0.000000 0.969368 0.000000 -0.245612 0.418957 0.418957 0.418957
8080.782227 0.000000 566.552734 0.000000 0.312322 0.000000 -0.949976 0.430864 0.430864 0.430864
8085.555664 0.000000 580.609497 0.000000 0.562399 0.000000 -0.826866 0.469267 0.469267 0.469267
8114.333496 0.000000 603.780334 0.000000 0.988672 0.000000 -0.150095 0.411510 0.411510 0.411510
8082.442871 0.000000 581.222839 0.000000 0.946066 0.000000 -0.323973 0.425204 0.425204 0.425204
8091.980957 0.000000 608.785461 0.000000 0.253958 0.000000 -0.967215 0.500384 0.500384 0.500384
8088.543945 0.000000 575.021240 0.000000 0.433379 0.000000 -0.901212 0.444476 0.444476 0.444476
8077.156250 0.000000 573.780212 0.000000 0.997037 0.000000 -0.076921 0.405728 0.405728 0.405728
8098.384277 0.000000 613.113586 0.000000 0.190098 0.000000 -0.981765 0.505389 0.505389 0.505389
8099.246582 0.000000 611.262146 0.000000 0.351404 0.000000 -0.936224 0.492569 0.492569 0.492569
8081.197754 0.000000 571.636841 0.000000 0.622218 0.000000 -0.782844 0.460614 0.460614 0.460614
8074.945312 0.000000 564.989868 0.000000 0.217337 0.000000 -0.976097 0.503263 0.503263 0.503263
8083.159180 0.000000 585.063293 0.000000 0.148663 0.000000 -0.988888 0.497599 0.497599 0.497599
8112.299805 0.000000 600.990234 0.000000 0.512511 0.000000 -0.858681 0.478892 0.478892 0.478892
8084.698242 0.000000 570.027771 0.000000 0.528534 0.000000 -0.848912 0.427652 0.427652 0.427652
8094.198730 0.000000 616.091919 0.000000 0.315888 0.000000 -0.948796 0.441933 0.441933 0.441933
8106.998047 0.000000 601.510681 0.000000 0.837809 0.000000 -0.545964 0.444121 0.444121 0.444121
8103.682617 0.000000 613.094727 0.000000 0.959822 0.000000 -0.280611 0.421729 0.421729 0.421729
8117.526855 0.000000 598.779236 0.000000 0.593081 0.000000 -0.805143 0.460517 0.460517 0.460517
8105.330078 0.000000 606.005432 0.000000 0.639549 0.000000 -0.768750 0.466989 0.466989 0.466989
8085.721191 0.000000 577.016479 0.000000 0.815329 0.000000 -0.578997 0.447173 0.447173 0.447173
8066.702148 0.000000 570.006470 0.000000 0.441928 0.000000 -0.897050 0.485031 0.485031 0.485031
8119.627441 0.000000 595.471252 0.000000 0.511197 0.000000 -0.859463 0.462717 0.462717 0.462717
8084.786621 0.000000 582.179688 0.000000 0.251560 0.000000 -0.967842 0.494657 0.494657 0.494657
8089.591309 0.000000 582.825500 0.000000 0.207901 0.000000 -0.978150 0.500262 0.500262 0.500262
8089.614258 0.000000 616.579407 0.000000 0.557209 0.000000 -0.830372 0.474849 0.474849 0.474849
8100.175781 0.000000 619.758484 0.000000 0.303694 0.000000 -0.952770 0.496427 0.496427 0.496427
8073.760254 0.000000 573.545471 0.000000 0.365984 0.000000 -0.930621 0.491376 0.491376 0.491376
8114.026855 0.000000 600.927917 0.000000 0.845324 0.000000 -0.534255 0.443058 0.443058 0.443058
8105.198730 0.000000 600.851807 0.000000 0.955783 0.000000 -0.294072 0.422803 0.422803 0.422803
8073.455566 0.000000 569.610779 0.000000 0.993122 0.000000 -0.117085 0.408965 0.408965 0.408965
8094.239746 0.000000 613.025574 0.000000 0.244929 0.000000 -0.969541 0.490855 0.490855 0.490855
8088.543945 0.000000 579.345093 0.000000 0.711682 0.000000 -0.702501 0.459504 0.459504 0.459504
8118.250977 0.000000 592.607056 0.000000 0.518149 0.000000 -0.855290 0.467117 0.467117 0.467117
8111.751465 0.000000 602.403931 0.000000 0.118751 0.000000 -0.992924 0.510907 0.510907 0.510907
8115.138184 0.000000 596.855896 0.000000 0.108256 0.000000 -0.994123 0.511714 0.511714 0.511714
8104.255371 0.000000 609.730469 0.000000 0.549885 0.000000 -0.835240 0.475521 0.475521 0.475521
8070.925293 0.000000 572.940979 0.000000 0.222447 0.000000 -0.974945 0.502863 0.502863 0.502863
8104.332520 0.000000 603.046753 0.000000 0.701894 0.000000 -0.712281 0.460561 0.460561 0.460561
8101.751953 0.000000 615.377075 0.000000 0.945465 0.000000 -0.325724 0.425346 0.425346 0.425346
8098.905762 0.000000 600.224731 0.000000 0.988704 0.000000 -0.149879 0.411493 0.411493 0.411493
8080.534668 0.000000 578.671509 0.000000 0.803351 0.000000 -0.595505 0.448732 0.448732 0.448732
8093.439453 0.000000 611.730469 0.000000 0.322461 0.000000 -0.946583 0.494918 0.494918 0.494918
8101.564453 0.000000 609.497437 0.000000 0.030348 0.000000 -0.999539 0.517681 0.517681 0.517681
8082.552246 0.000000 618.994568 0.000000 0.223569 0.000000 -0.974688 0.502103 0.502103 0.502103
8080.744141 0.000000 574.438538 0.000000 0.032287 0.000000 -0.999479 0.517533 0.517533 0.517533
8070.787598 0.000000 569.735291 0.000000 0.797710 0.000000 -0.603042 0.449451 0.449451 0.449451
8099.060059 0.000000 618.838684 0.000000 0.446803 0.000000 -0.894632 0.484615 0.484615 0.484615
8082.493652 0.000000 571.143066 0.000000 0.022091 0.000000 -0.999756 0.518312 0.518312 0.518312
8099.134277 0.000000 582.145386 0.000000 0.908841 0.000000 -0.417142 0.432872 0.432872 0.432872
8109.534668 0.000000 599.865234 0.000000 0.893591 0.000000 -0.448882 0.433238 0.433238 0.433238
8085.588379 0.000000 583.388428 0.000000 0.130314 0.000000 -0.991473 0.503545 0.503545 0.503545
8069.604004 0.000000 570.442749 0.000000 0.985099 0.000000 -0.171986 0.413204 0.413204 0.413204
8076.093750 0.000000 572.931274 0.000000 0.254510 0.000000 -0.967070 0.497717 0.497717 0.497717
8084.915039 0.000000 572.565674 0.000000 0.070565 0.000000 -0.997507 0.514605 0.514605 0.514605
8091.966309 0.000000 614.112976 0.000000 0.982869 0.000000 -0.184307 0.414161 0.414161 0.414161
8073.044434 0.000000 568.045105 0.000000 0.029037 0.000000 -0.999578 0.517781 0.517781 0.517781
8099.771973 0.000000 599.000610 0.000000 0.673817 0.000000 -0.738899 0.463517 0.463517 0.463517
8100.342773 0.000000 607.550964 0.000000 0.979233 0.000000 -0.202736 0.415596 0.415596 0.415596
8096.756836 0.000000 604.465759 0.000000 0.589599 0.000000 -0.807696 0.471829 0.471829 0.471829
8117.027344 0.000000 596.360840 0.000000 0.141282 0.000000 -0.989969 0.509171 0.509171 0.509171
8098.794922 0.000000 601.751587 0.000000 0.715968 0.000000 -0.698133 0.459037 0.459037 0.459037
8156.282227 0.000000 601.739746 0.000000 0.974401 0.000000 -0.224816 0.201868 0.201868 0.201868
8148.950195 0.000000 574.012939 0.000000 0.832013 0.000000 -0.554757 0.245873 0.245873 0.245873
8147.298340 0.000000 582.790955 0.000000 0.860210 0.000000 -0.509940 0.437540 0.437540 0.437540
8154.548828 0.000000 606.156799 0.000000 0.472174 0.000000 -0.881505 0.482433 0.482433 0.482433
8145.893555 0.000000 578.158508 0.000000 0.430586 0.000000 -0.902550 0.427417 0.427417 0.427417
8157.565918 0.000000 608.142517 0.000000 0.835786 0.000000 -0.549056 0.444403 0.444403 0.444403
8134.798828 0.000000 579.110718 0.000000 0.937960 0.000000 -0.346743 0.289274 0.289274 0.289274
8157.536621 0.000000 604.856873 0.000000 0.847215 0.000000 -0.531251 0.442787 0.442787 0.442787
8140.396484 0.000000 577.351501 0.000000 0.394971 0.000000 -0.918694 0.369338 0.369338 0.369338
8144.764160 0.000000 580.795715 0.000000 0.787627 0.000000 -0.616152 0.449223 0.449223 0.449223
8134.202148 0.000000 576.356567 0.000000 0.737655 0.000000 -0.675178 0.334136 0.334136 0.334136
8154.280762 0.000000 608.690125 0.000000 0.349257 0.000000 -0.937027 0.492744 0.492744 0.492744
8151.550293 0.000000 606.632690 0.000000 0.914887 0.000000 -0.403711 0.316951 0.316951 0.316951
8148.672363 0.000000 584.401123 0.000000 0.202722 0.000000 -0.979236 0.418691 0.418691 0.418691
8156.530762 0.000000 606.518738 0.000000 0.825254 0.000000 -0.564762 0.445848 0.445848 0.445848
8142.853027 0.000000 581.745544 0.000000 0.960161 0.000000 -0.279449 0.393276 0.393276 0.393276
8139.020996 0.000000 576.085999 0.000000 0.954527 0.000000 -0.298123 0.395598 0.395598 0.395598
8136.607910 0.000000 578.679199 0.000000 0.614141 0.000000 -0.789196 0.389800 0.389800 0.389800
8139.861328 0.000000 579.513306 0.000000 0.621242 0.000000 -0.783619 0.458000 0.458000 0.458000
8158.384766 0.000000 606.438416 0.000000 0.218576 0.000000 -0.975820 0.450722 0.450722 0.450722
8141.681152 0.000000 578.616455 0.000000 0.944167 0.000000 -0.329466 0.425649 0.425649 0.425649
8155.705566 0.000000 604.882629 0.000000 0.987546 0.000000 -0.157331 0.410689 0.410689 0.410689
8155.980957 0.000000 608.785461 0.000000 0.111516 0.000000 -0.993763 0.511463 0.511463 0.511463
8064.315430 0.000000 647.753723 0.000000 0.756181 0.000000 -0.654363 0.380884 0.380884 0.380884
8098.074219 0.000000 626.847900 0.000000 0.856650 0.000000 -0.515898 0.441410 0.441410 0.441410
8066.873047 0.000000 647.618347 0.000000 0.966672 0.000000 -0.256017 0.419778 0.419778 0.419778
8071.324707 0.000000 647.938171 0.000000 0.669962 0.000000 -0.742395 0.461199 0.461199 0.461199
8069.852539 0.000000 644.173706 0.000000 0.910879 0.000000 -0.412674 0.432497 0.432497 0.432497
8066.422852 0.000000 649.727722 0.000000 0.915742 0.000000 -0.401766 0.401775 0.401775 0.401775
8081.373535 0.000000 621.434631 0.000000 0.267654 0.000000 -0.963515 0.368283 0.368283 0.368283
8098.286621 0.000000 624.955872 0.000000 0.918389 0.000000 -0.395678 0.431078 0.431078 0.431078
8096.666016 0.000000 621.967041 0.000000 0.862963 0.000000 -0.505267 0.437424 0.437424 0.437424
8098.589355 0.000000 621.526245 0.000000 0.947929 0.000000 -0.318482 0.424762 0.424762 0.424762
8067.273438 0.000000 646.161377 0.000000 0.439597 0.000000 -0.898195 0.485229 0.485229 0.485229
8070.676758 0.000000 646.578308 0.000000 0.933592 0.000000 -0.358337 0.426808 0.426808 0.426808
8099.450684 0.000000 629.988892 0.000000 0.094280 0.000000 -0.995546 0.504678 0.504678 0.504678
8068.866211 0.000000 645.286621 0.000000 0.825008 0.000000 -0.565122 0.445881 0.445881 0.445881
8049.495117 0.000000 677.912537 0.000000 0.970569 0.000000 -0.240821 0.305459 0.305459 0.305459
6470.599121 0.000000 1408.725952 0.000000 0.661740 0.000000 -0.749734 0.458619 0.458619 0.458619
6473.597656 0.000000 1405.500488 0.000000 0.785146 0.000000 -0.619311 0.214454 0.214454 0.214454
6468.256348 0.000000 1411.140747 0.000000 0.048806 0.000000 -0.998808 0.325686 0.325686 0.325686
6472.026367 0.000000 1410.079346 0.000000 0.633766 0.000000 -0.773525 0.375730 0.375730 0.375730
6470.498535 0.000000 1410.168091 0.000000 0.507241 0.000000 -0.861804 0.479360 0.479360 0.479360
6471.945312 0.000000 1408.031006 0.000000 0.919047 0.000000 -0.394148 0.428017 0.428017 0.428017
6463.291016 0.000000 1412.514404 0.000000 0.764012 0.000000 -0.645201 0.299574 0.299574 0.299574
6463.835938 0.000000 1416.593506 0.000000 0.286869 0.000000 -0.957970 0.490104 0.490104 0.490104
6473.453613 0.000000 1418.428711 0.000000 0.797340 0.000000 -0.603530 0.449498 0.449498 0.449498
6473.437988 0.000000 1412.927002 0.000000 0.487159 0.000000 -0.873313 0.474235 0.474235 0.474235
6472.260254 0.000000 1421.114990 0.000000 0.467487 0.000000 -0.884000 0.423718 0.423718 0.423718
6470.297363 0.000000 1413.457520 0.000000 0.252236 0.000000 -0.967666 0.292065 0.292065 0.292065
6464.013672 0.000000 1416.632080 0.000000 0.912637 0.000000 -0.408772 0.428491 0.428491 0.428491
6472.235840 0.000000 1419.491943 0.000000 0.079010 0.000000 -0.996874 0.513958 0.513958 0.513958
4479.683594 0.000000 2554.837402 0.000000 0.994951 0.000000 -0.100364 0.214061 0.214061 0.214061
4475.742676 0.000000 2579.473877 0.000000 0.411995 0.000000 -0.911186 0.254849 0.254849 0.254849
4542.612305 0.000000 2536.952881 0.000000 0.999979 0.000000 -0.006427 0.254469 0.254469 0.254469
4543.022949 0.000000 2539.478027 0.000000 0.113826 0.000000 -0.993501 0.419634 0.419634 0.419634
4554.048340 0.000000 2530.812744 0.000000 0.710976 0.000000 -0.703216 0.450235 0.450235 0.450235
4544.226074 0.000000 2536.629395 0.000000 0.710969 0.000000 -0.703223 0.271131 0.271131 0.271131
4556.244629 0.000000 2535.929199 0.000000 0.060444 0.000000 -0.998172 0.513117 0.513117 0.513117
4555.346680 0.000000 2533.276611 0.000000 0.149511 0.000000 -0.988760 0.508535 0.508535 0.508535
4544.164062 0.000000 2541.651611 0.000000 0.778171 0.000000 -0.628052 0.371138 0.371138 0.371138
4555.119141 0.000000 2538.931641 0.000000 0.389445 0.000000 -0.921050 0.339659 0.339659 0.339659
4557.842285 0.000000 2536.790283 0.000000 0.999985 0.000000 -0.005556 0.400424 0.400424 0.400424
4556.884766 0.000000 2532.294922 0.000000 0.983316 0.000000 -0.181907 0.411737 0.411737 0.411737
4556.418457 0.000000 2534.388428 0.000000 0.883981 0.000000 -0.467523 0.436436 0.436436 0.436436
4554.104492 0.000000 2532.403320 0.000000 0.959992 0.000000 -0.280028 0.421683 0.421683 0.421683
4526.917969 0.000000 2563.111572 0.000000 0.956581 0.000000 -0.291468 0.253058 0.253058 0.253058
4436.950195 0.000000 2607.450439 0.000000 0.816830 0.000000 -0.576879 0.204145 0.204145 0.204145
4435.298340 0.000000 2616.228516 0.000000 0.672992 0.000000 -0.739650 0.241985 0.241985 0.241985
4440.982910 0.000000 2602.155029 0.000000 0.606195 0.000000 -0.795316 0.470247 0.470247 0.470247
4438.909180 0.000000 2609.281006 0.000000 0.560778 0.000000 -0.827966 0.295642 0.295642 0.295642
4511.430176 0.000000 2891.475098 0.000000 0.998504 0.000000 -0.054683 0.200464 0.200464 0.200464
7081.206543 0.000000 2889.246826 0.000000 0.329703 0.000000 -0.944085 0.224606 0.224606 0.224606
7103.683594 0.000000 2893.743652 0.000000 0.741569 0.000000 -0.670876 0.452875 0.452875 0.452875
7091.915527 0.000000 2892.744385 0.000000 0.165264 0.000000 -0.986249 0.210872 0.210872 0.210872
7097.915527 0.000000 2891.417969 0.000000 0.586027 0.000000 -0.810292 0.231779 0.231779 0.231779
7086.917969 0.000000 2902.017822 0.000000 0.342035 0.000000 -0.939687 0.231252 0.231252 0.231252
7081.396484 0.000000 2894.461914 0.000000 0.374764 0.000000 -0.927120 0.284972 0.284972 0.284972
7099.875488 0.000000 2894.909424 0.000000 0.020806 0.000000 -0.999784 0.310945 0.310945 0.310945
7101.449707 0.000000 2890.189209 0.000000 0.667855 0.000000 -0.744292 0.412470 0.412470 0.412470
7084.817383 0.000000 2890.229004 0.000000 0.210298 0.000000 -0.977637 0.503814 0.503814 0.503814
7088.446289 0.000000 2891.533936 0.000000 0.586855 0.000000 -0.809692 0.385508 0.385508 0.385508
7079.553711 0.000000 2897.905518 0.000000 0.387748 0.000000 -0.921765 0.273390 0.273390 0.273390
7094.496094 0.000000 2910.011963 0.000000 0.129724 0.000000 -0.991550 0.381462 0.381462 0.381462
7088.015137 0.000000 2908.484619 0.000000 0.816317 0.000000 -0.577605 0.339145 0.339145 0.339145
7082.549316 0.000000 2891.814453 0.000000 0.489659 0.000000 -0.871914 0.480909 0.480909 0.480909
7101.258301 0.000000 2892.717529 0.000000 0.116797 0.000000 -0.993156 0.511057 0.511057 0.511057
7102.188965 0.000000 2895.777832 0.000000 0.609382 0.000000 -0.792877 0.392983 0.392983 0.392983
7084.304199 0.000000 2904.402588 0.000000 0.996240 0.000000 -0.086639 0.346644 0.346644 0.346644
7079.451172 0.000000 2895.698730 0.000000 0.602642 0.000000 -0.798011 0.422814 0.422814 0.422814
7092.417969 0.000000 2911.028076 0.000000 0.981190 0.000000 -0.193043 0.412658 0.412658 0.412658
7086.326660 0.000000 2891.821289 0.000000 0.983572 0.000000 -0.180517 0.413867 0.413867 0.413867
7078.302734 0.000000 2893.769775 0.000000 0.986319 0.000000 -0.164850 0.310117 0.310117 0.310117
7089.818848 0.000000 2907.450928 0.000000 0.714594 0.000000 -0.699539 0.403412 0.403412 0.403412
7087.881836 0.000000 2893.435547 0.000000 0.508894 0.000000 -0.860829 0.360069 0.360069 0.360069
7089.665527 0.000000 2909.465820 0.000000 0.986020 0.000000 -0.166625 0.323083 0.323083 0.323083
7083.041992 0.000000 2889.573975 0.000000 0.501100 0.000000 -0.865389 0.388516 0.388516 0.388516
7100.241699 0.000000 2891.445557 0.000000 0.598228 0.000000 -0.801326 0.417173 0.417173 0.417173
7101.523438 0.000000 2894.288574 0.000000 0.438724 0.000000 -0.898622 0.485303 0.485303 0.485303
7090.992676 0.000000 2910.109131 0.000000 0.762383 0.000000 -0.647126 0.446036 0.446036 0.446036
7083.614258 0.000000 2890.927490 0.000000 0.927215 0.000000 -0.374530 0.429327 0.429327 0.429327
7107.605469 0.000000 2903.979736 0.000000 0.300930 0.000000 -0.953646 0.480856 0.480856 0.480856
7109.963867 0.000000 2901.402100 0.000000 0.754262 0.000000 -0.656573 0.253066 0.253066 0.253066
7107.661133 0.000000 2901.776611 0.000000 0.979194 0.000000 -0.202926 0.280692 0.280692 0.280692
7112.383301 0.000000 2902.566895 0.000000 0.915798 0.000000 -0.401638 0.310648 0.310648 0.310648
7109.852539 0.000000 2903.548584 0.000000 0.146575 0.000000 -0.989200 0.508407 0.508407 0.508407
7111.009277 0.000000 2902.343018 0.000000 0.353755 0.000000 -0.935338 0.486641 0.486641 0.486641
"}
