object={
	name="cypress_mediterranean_sparse_generator_1_0"
	clamp_to_water_level=no
	render_under_water=no
	generated_content=yes
	layer="semidynamic"
	pdxmesh="tree_cypress_mediterranean_02_mesh"
	count=1024
	transform="3989.428223 0.000000 2404.691406 0.000000 0.130990 0.000000 0.991384 0.190225 0.190225 0.190225
4001.639404 0.000000 2402.381348 0.000000 0.632773 0.000000 0.774337 0.215817 0.215817 0.215817
3975.693115 0.000000 2404.176270 0.000000 0.474754 0.000000 0.880119 0.215616 0.215616 0.215616
3995.974365 0.000000 2404.073242 0.000000 0.677233 0.000000 0.735768 0.223596 0.223596 0.223596
4031.097656 0.000000 2411.732910 0.000000 0.887481 0.000000 0.460844 0.221095 0.221095 0.221095
4005.443359 0.000000 2392.145752 0.000000 0.080135 0.000000 0.996784 0.228158 0.228158 0.228158
4019.521729 0.000000 2400.352539 0.000000 0.596274 0.000000 0.802781 0.281006 0.281006 0.281006
3986.852783 0.000000 2408.951172 0.000000 0.996903 0.000000 -0.078636 0.211546 0.211546 0.211546
4005.993652 0.000000 2401.906982 0.000000 0.856726 0.000000 0.515772 0.225308 0.225308 0.225308
3986.408936 0.000000 2400.753174 0.000000 0.892907 0.000000 0.450242 0.196735 0.196735 0.196735
4024.851562 0.000000 2403.956055 0.000000 0.246208 0.000000 0.969217 0.230010 0.230010 0.230010
4002.040283 0.000000 2390.648682 0.000000 0.769990 0.000000 0.638056 0.258241 0.258241 0.258241
4004.675781 0.000000 2405.185791 0.000000 0.955089 0.000000 0.296320 0.294333 0.294333 0.294333
4022.496338 0.000000 2401.652588 0.000000 0.637213 0.000000 0.770688 0.208119 0.208119 0.208119
3994.132568 0.000000 2406.795654 0.000000 0.996914 0.000000 0.078506 0.268121 0.268121 0.268121
4023.033203 0.000000 2410.791748 0.000000 0.110703 0.000000 0.993853 0.254527 0.254527 0.254527
3979.443359 0.000000 2402.330811 0.000000 0.538370 0.000000 0.842708 0.231000 0.231000 0.231000
4030.888184 0.000000 2408.968750 0.000000 0.760983 0.000000 0.648772 0.281725 0.281725 0.281725
3991.655029 0.000000 2405.999268 0.000000 0.851344 0.000000 -0.524609 0.271338 0.271338 0.271338
3987.150879 0.000000 2406.105225 0.000000 0.823258 0.000000 -0.567667 0.232803 0.232803 0.232803
4002.441895 0.000000 2406.307129 0.000000 0.571665 0.000000 0.820487 0.282883 0.282883 0.282883
4003.024170 0.000000 2392.915771 0.000000 0.555086 0.000000 0.831793 0.282623 0.282623 0.282623
3992.755615 0.000000 2391.692871 0.000000 0.834291 0.000000 0.551325 0.229667 0.229667 0.229667
4003.886963 0.000000 2402.968262 0.000000 0.224975 0.000000 0.974365 0.276397 0.276397 0.276397
3986.112793 0.000000 2398.535400 0.000000 0.066642 0.000000 0.997777 0.258071 0.258071 0.258071
4022.374756 0.000000 2403.893555 0.000000 0.071416 0.000000 0.997447 0.232344 0.232344 0.232344
4020.417969 0.000000 2402.668701 0.000000 0.541454 0.000000 0.840730 0.264581 0.264581 0.264581
4023.657227 0.000000 2412.717529 0.000000 0.522559 0.000000 0.852603 0.268204 0.268204 0.268204
4003.804932 0.000000 2391.258057 0.000000 0.898840 0.000000 -0.438277 0.273582 0.273582 0.273582
4002.989746 0.000000 2404.558105 0.000000 0.990649 0.000000 -0.136435 0.302419 0.302419 0.302419
4005.460205 0.000000 2403.678955 0.000000 0.930016 0.000000 -0.367520 0.295922 0.295922 0.295922
4021.040771 0.000000 2400.991211 0.000000 0.935184 0.000000 -0.354162 0.306372 0.306372 0.306372
4018.992432 0.000000 2401.749756 0.000000 0.737812 0.000000 0.675006 0.284210 0.284210 0.284210
4002.905762 0.000000 2407.724609 0.000000 0.994820 0.000000 -0.101656 0.301811 0.301811 0.301811
4077.255371 0.000000 2427.219238 0.000000 0.940378 0.000000 0.340131 0.229896 0.229896 0.229896
4071.866699 0.000000 2414.047363 0.000000 0.458693 0.000000 0.888595 0.281191 0.281191 0.281191
4039.693115 0.000000 2404.176270 0.000000 0.563251 0.000000 0.826286 0.242435 0.242435 0.242435
4046.124512 0.000000 2401.352539 0.000000 0.876125 0.000000 -0.482084 0.207311 0.207311 0.207311
4071.675293 0.000000 2427.117676 0.000000 0.757000 0.000000 0.653414 0.196862 0.196862 0.196862
4048.913574 0.000000 2404.913818 0.000000 0.840972 0.000000 0.541078 0.285485 0.285485 0.285485
4043.937012 0.000000 2405.113037 0.000000 0.023987 0.000000 0.999712 0.208404 0.208404 0.208404
4033.602295 0.000000 2402.717041 0.000000 0.206743 0.000000 0.978395 0.235845 0.235845 0.235845
4073.927490 0.000000 2417.076904 0.000000 0.980185 0.000000 0.198083 0.235755 0.235755 0.235755
4068.176514 0.000000 2416.363281 0.000000 0.774121 0.000000 0.633037 0.219200 0.219200 0.219200
4036.219482 0.000000 2404.977783 0.000000 0.002062 0.000000 0.999998 0.219229 0.219229 0.219229
4043.443359 0.000000 2402.330811 0.000000 0.779226 0.000000 0.626743 0.215066 0.215066 0.215066
4039.290527 0.000000 2407.016113 0.000000 0.906323 0.000000 -0.422585 0.295700 0.295700 0.295700
4079.961914 0.000000 2427.603760 0.000000 0.937453 0.000000 -0.348111 0.225862 0.225862 0.225862
4034.873291 0.000000 2398.634033 0.000000 0.998773 0.000000 -0.049532 0.300915 0.300915 0.300915
4048.434082 0.000000 2402.405029 0.000000 0.220719 0.000000 0.975337 0.240349 0.240349 0.240349
4045.917725 0.000000 2403.790039 0.000000 0.793434 0.000000 0.608657 0.283601 0.283601 0.283601
4041.639893 0.000000 2405.570801 0.000000 0.711243 0.000000 0.702946 0.235972 0.235972 0.235972
4041.114258 0.000000 2402.457520 0.000000 0.991253 0.000000 0.131976 0.250269 0.250269 0.250269
4038.067139 0.000000 2405.479248 0.000000 0.673048 0.000000 0.739599 0.244108 0.244108 0.244108
4072.504639 0.000000 2415.737305 0.000000 0.941393 0.000000 0.337313 0.293725 0.293725 0.293725
4078.419189 0.000000 2428.057617 0.000000 0.073608 0.000000 0.997287 0.271800 0.271800 0.271800
3986.736816 0.000000 2478.949219 0.000000 0.892750 0.000000 -0.450552 0.262587 0.262587 0.262587
4003.530762 0.000000 2479.416748 0.000000 0.931114 0.000000 -0.364728 0.214451 0.214451 0.214451
4020.885254 0.000000 2480.579346 0.000000 0.223311 0.000000 0.974747 0.190594 0.190594 0.190594
3993.924805 0.000000 2482.068604 0.000000 0.408506 0.000000 0.912756 0.279272 0.279272 0.279272
3998.600098 0.000000 2478.531738 0.000000 0.929512 0.000000 -0.368793 0.273732 0.273732 0.273732
3972.956787 0.000000 2474.995117 0.000000 0.985063 0.000000 0.172192 0.266838 0.266838 0.266838
3977.597900 0.000000 2478.703613 0.000000 0.922995 0.000000 0.384813 0.206721 0.206721 0.206721
3974.656738 0.000000 2477.645996 0.000000 0.946525 0.000000 0.322629 0.253380 0.253380 0.253380
3993.163818 0.000000 2484.687500 0.000000 0.922819 0.000000 -0.385235 0.235506 0.235506 0.235506
3988.862061 0.000000 2477.495117 0.000000 0.952251 0.000000 -0.305316 0.260663 0.260663 0.260663
3975.626709 0.000000 2475.178467 0.000000 0.681306 0.000000 0.731998 0.256000 0.256000 0.256000
4023.341309 0.000000 2480.120117 0.000000 0.257636 0.000000 0.966242 0.260948 0.260948 0.260948
3975.561523 0.000000 2479.802002 0.000000 0.218094 0.000000 0.975928 0.229692 0.229692 0.229692
3987.138916 0.000000 2476.491943 0.000000 0.570104 0.000000 0.821572 0.245557 0.245557 0.245557
3995.270508 0.000000 2480.574463 0.000000 0.830147 0.000000 -0.557544 0.303556 0.303556 0.303556
4022.407227 0.000000 2481.863770 0.000000 0.893811 0.000000 -0.448445 0.287293 0.287293 0.287293
3996.806396 0.000000 2479.191162 0.000000 0.618624 0.000000 0.785687 0.246300 0.246300 0.246300
3995.848389 0.000000 2482.487305 0.000000 0.408051 0.000000 0.912959 0.278028 0.278028 0.278028
3994.534668 0.000000 2483.623535 0.000000 0.940656 0.000000 0.339362 0.293387 0.293387 0.293387
4077.901367 0.000000 2429.782471 0.000000 0.567120 0.000000 0.823635 0.282858 0.282858 0.282858
4063.273193 0.000000 2483.704590 0.000000 0.770651 0.000000 0.637257 0.221249 0.221249 0.221249
4062.600098 0.000000 2478.531738 0.000000 0.523940 0.000000 0.851755 0.234343 0.234343 0.234343
4082.569092 0.000000 2484.802002 0.000000 0.871218 0.000000 0.490897 0.244212 0.244212 0.244212
4073.896973 0.000000 2428.856445 0.000000 0.375556 0.000000 0.926800 0.223082 0.223082 0.223082
4058.772217 0.000000 2478.738525 0.000000 0.009496 0.000000 0.999955 0.232573 0.232573 0.232573
4060.116211 0.000000 2484.243652 0.000000 0.764746 0.000000 0.644332 0.231104 0.231104 0.231104
4057.163818 0.000000 2484.687500 0.000000 0.451034 0.000000 0.892507 0.243850 0.243850 0.243850
4079.681152 0.000000 2431.729980 0.000000 0.433615 0.000000 0.901098 0.278860 0.278860 0.278860
4084.503418 0.000000 2483.245605 0.000000 0.359740 0.000000 0.933053 0.232306 0.232306 0.232306
4073.191162 0.000000 2430.958496 0.000000 0.646182 0.000000 0.763183 0.259426 0.259426 0.259426
4073.461914 0.000000 2484.427734 0.000000 0.656370 0.000000 0.754439 0.241287 0.241287 0.241287
4059.270508 0.000000 2480.574463 0.000000 0.670790 0.000000 0.741647 0.284700 0.284700 0.284700
4079.569580 0.000000 2428.931396 0.000000 0.114761 0.000000 0.993393 0.272578 0.272578 0.272578
4061.530273 0.000000 2483.001465 0.000000 0.734007 0.000000 0.679142 0.286664 0.286664 0.286664
4059.848389 0.000000 2482.487305 0.000000 0.320082 0.000000 0.947390 0.276223 0.276223 0.276223
4058.534668 0.000000 2483.623535 0.000000 0.761948 0.000000 0.647638 0.286545 0.286545 0.286545
4077.449951 0.000000 2431.347656 0.000000 0.986264 0.000000 0.165179 0.297048 0.297048 0.297048
4076.378174 0.000000 2429.324463 0.000000 0.468898 0.000000 0.883252 0.280821 0.280821 0.280821
3954.281250 0.000000 2528.381592 0.000000 0.872802 0.000000 -0.488074 0.243083 0.243083 0.243083
3924.950195 0.000000 2494.481689 0.000000 0.985242 0.000000 -0.171168 0.211146 0.211146 0.211146
3951.844482 0.000000 2492.422852 0.000000 0.629577 0.000000 0.776938 0.255593 0.255593 0.255593
3938.074463 0.000000 2490.832275 0.000000 0.140373 0.000000 0.990099 0.206506 0.206506 0.206506
3955.720459 0.000000 2523.184326 0.000000 0.909177 0.000000 0.416409 0.207532 0.207532 0.207532
3960.634766 0.000000 2521.101074 0.000000 0.623129 0.000000 0.782119 0.283084 0.283084 0.283084
3967.097656 0.000000 2524.701660 0.000000 0.864937 0.000000 0.501880 0.206236 0.206236 0.206236
3966.127197 0.000000 2502.752441 0.000000 0.234680 0.000000 0.972073 0.192410 0.192410 0.192410
3951.152100 0.000000 2530.783203 0.000000 0.999171 0.000000 0.040705 0.215069 0.215069 0.215069
3952.763672 0.000000 2525.118896 0.000000 0.898387 0.000000 -0.439206 0.216844 0.216844 0.216844
3959.033203 0.000000 2523.760498 0.000000 0.659759 0.000000 0.751478 0.285321 0.285321 0.285321
3962.989014 0.000000 2518.946533 0.000000 0.835633 0.000000 0.549288 0.243949 0.243949 0.243949
3921.306885 0.000000 2496.258301 0.000000 0.974767 0.000000 -0.223223 0.231559 0.231559 0.231559
3961.397217 0.000000 2523.462891 0.000000 0.226807 0.000000 0.973940 0.234636 0.234636 0.234636
3963.533691 0.000000 2490.887207 0.000000 0.054011 0.000000 0.998540 0.234037 0.234037 0.234037
3952.864014 0.000000 2529.788574 0.000000 0.904382 0.000000 0.426725 0.283411 0.283411 0.283411
3953.177734 0.000000 2526.925781 0.000000 0.713805 0.000000 0.700344 0.279565 0.279565 0.279565
3959.086426 0.000000 2521.928711 0.000000 0.901364 0.000000 0.433063 0.292251 0.292251 0.292251
3957.498779 0.000000 2522.788818 0.000000 0.999672 0.000000 -0.025610 0.275154 0.275154 0.275154
3954.333252 0.000000 2524.249023 0.000000 0.922706 0.000000 -0.385505 0.291540 0.291540 0.291540
3966.576172 0.000000 2497.575928 0.000000 0.364927 0.000000 0.931036 0.277224 0.277224 0.277224
3988.950195 0.000000 2494.481689 0.000000 0.234168 0.000000 0.972196 0.275214 0.275214 0.275214
4028.270508 0.000000 2533.646240 0.000000 0.350503 0.000000 0.936562 0.218842 0.218842 0.218842
3974.599365 0.000000 2538.413330 0.000000 0.663322 0.000000 0.748334 0.194300 0.194300 0.194300
4029.042236 0.000000 2540.970703 0.000000 0.735063 0.000000 0.677999 0.208188 0.208188 0.208188
3981.066650 0.000000 2538.528809 0.000000 0.343470 0.000000 0.939164 0.242406 0.242406 0.242406
3984.020752 0.000000 2529.540771 0.000000 0.923615 0.000000 0.383322 0.197338 0.197338 0.197338
3982.716309 0.000000 2495.046143 0.000000 0.996269 0.000000 0.086306 0.209130 0.209130 0.209130
4002.074463 0.000000 2490.832275 0.000000 0.846329 0.000000 -0.532660 0.267304 0.267304 0.267304
3977.163818 0.000000 2524.613281 0.000000 0.090039 0.000000 0.995938 0.238254 0.238254 0.238254
4024.634766 0.000000 2521.101074 0.000000 0.997635 0.000000 0.068735 0.203697 0.203697 0.203697
3993.550537 0.000000 2496.913818 0.000000 0.839009 0.000000 0.544118 0.268714 0.268714 0.268714
3981.883301 0.000000 2533.808594 0.000000 0.965497 0.000000 0.260413 0.209391 0.209391 0.209391
3977.597900 0.000000 2535.187988 0.000000 0.999117 0.000000 0.042019 0.210592 0.210592 0.210592
4030.612305 0.000000 2536.952881 0.000000 0.999995 0.000000 0.003319 0.299940 0.299940 0.299940
3968.110596 0.000000 2495.677002 0.000000 0.987948 0.000000 -0.154787 0.230894 0.230894 0.230894
3979.269287 0.000000 2494.642578 0.000000 0.665830 0.000000 0.746103 0.285366 0.285366 0.285366
3985.116211 0.000000 2532.560059 0.000000 0.962889 0.000000 -0.269896 0.217669 0.217669 0.217669
3981.152832 0.000000 2530.543457 0.000000 0.947647 0.000000 0.319321 0.215981 0.215981 0.215981
4018.278564 0.000000 2516.021484 0.000000 0.997666 0.000000 -0.068280 0.254314 0.254314 0.254314
3976.260498 0.000000 2494.318115 0.000000 0.996935 0.000000 -0.078240 0.282685 0.282685 0.282685
3981.243652 0.000000 2492.553711 0.000000 0.878454 0.000000 0.477827 0.217709 0.217709 0.217709
4030.830811 0.000000 2532.547607 0.000000 0.448224 0.000000 0.893921 0.255157 0.255157 0.255157
3988.109619 0.000000 2497.002197 0.000000 0.767429 0.000000 0.641134 0.287907 0.287907 0.287907
4028.341309 0.000000 2538.480225 0.000000 0.416719 0.000000 0.909035 0.241408 0.241408 0.241408
4015.560791 0.000000 2528.076172 0.000000 0.077397 0.000000 0.997000 0.213239 0.213239 0.213239
4031.022949 0.000000 2539.478027 0.000000 0.819040 0.000000 0.573737 0.246756 0.246756 0.246756
3994.002197 0.000000 2499.347900 0.000000 0.881048 0.000000 -0.473027 0.276467 0.276467 0.276467
3993.026123 0.000000 2485.560303 0.000000 0.957179 0.000000 -0.289498 0.234515 0.234515 0.234515
4024.713623 0.000000 2514.735596 0.000000 0.983773 0.000000 0.179420 0.264542 0.264542 0.264542
3982.936279 0.000000 2531.884521 0.000000 0.961135 0.000000 0.276078 0.253981 0.253981 0.253981
4023.657227 0.000000 2525.686279 0.000000 0.564224 0.000000 0.825622 0.283123 0.283123 0.283123
4021.193359 0.000000 2524.647461 0.000000 0.888941 0.000000 -0.458021 0.265043 0.265043 0.265043
3978.859131 0.000000 2492.841064 0.000000 0.880792 0.000000 0.473503 0.275185 0.275185 0.275185
3972.253662 0.000000 2524.678467 0.000000 0.903356 0.000000 -0.428892 0.298760 0.298760 0.298760
3977.625488 0.000000 2495.537354 0.000000 0.950548 0.000000 -0.310579 0.286240 0.286240 0.286240
3978.837402 0.000000 2536.920654 0.000000 0.843503 0.000000 -0.537124 0.301958 0.301958 0.301958
3990.760498 0.000000 2494.516846 0.000000 0.172012 0.000000 0.985095 0.268072 0.268072 0.268072
3994.746094 0.000000 2485.339600 0.000000 0.455054 0.000000 0.890464 0.265070 0.265070 0.265070
3989.720947 0.000000 2497.485352 0.000000 0.889727 0.000000 0.456493 0.291763 0.291763 0.291763
4023.627441 0.000000 2515.939941 0.000000 0.974230 0.000000 0.225555 0.285195 0.285195 0.285195
3989.329346 0.000000 2495.936768 0.000000 0.973366 0.000000 0.229256 0.295704 0.295704 0.295704
4029.768066 0.000000 2512.510742 0.000000 0.953517 0.000000 0.301339 0.294154 0.294154 0.294154
4032.354004 0.000000 2533.280273 0.000000 0.813212 0.000000 0.581968 0.285702 0.285702 0.285702
4086.803467 0.000000 2487.378662 0.000000 0.547334 0.000000 0.836914 0.277050 0.277050 0.277050
4074.581543 0.000000 2504.117432 0.000000 0.927887 0.000000 0.372862 0.292860 0.292860 0.292860
4063.430420 0.000000 2496.084473 0.000000 0.038928 0.000000 0.999242 0.193936 0.193936 0.193936
4077.901367 0.000000 2486.266846 0.000000 0.803253 0.000000 0.595638 0.289033 0.289033 0.289033
4053.428223 0.000000 2517.660156 0.000000 0.269692 0.000000 0.962947 0.194675 0.194675 0.194675
4065.639404 0.000000 2515.350098 0.000000 0.288975 0.000000 0.957337 0.277656 0.277656 0.277656
4035.716309 0.000000 2526.418701 0.000000 0.946299 0.000000 -0.323292 0.306090 0.306090 0.306090
4070.270752 0.000000 2486.719482 0.000000 0.894377 0.000000 -0.447314 0.203196 0.203196 0.203196
4058.840820 0.000000 2512.016846 0.000000 0.392257 0.000000 0.919856 0.234674 0.234674 0.234674
4046.124512 0.000000 2514.321289 0.000000 0.993763 0.000000 -0.111516 0.245199 0.245199 0.245199
4070.465332 0.000000 2510.410156 0.000000 0.151237 0.000000 0.988497 0.273218 0.273218 0.273218
4077.790771 0.000000 2498.650635 0.000000 0.830725 0.000000 0.556682 0.195917 0.195917 0.195917
4066.074463 0.000000 2490.832275 0.000000 0.587056 0.000000 0.809546 0.202957 0.202957 0.202957
4033.469238 0.000000 2539.860596 0.000000 0.843232 0.000000 -0.537550 0.225399 0.225399 0.225399
4059.974365 0.000000 2517.041992 0.000000 0.977137 0.000000 -0.212612 0.293335 0.293335 0.293335
4069.443359 0.000000 2505.114502 0.000000 0.987968 0.000000 0.154657 0.207486 0.207486 0.207486
4036.956787 0.000000 2531.479492 0.000000 0.999739 0.000000 0.022844 0.277259 0.277259 0.277259
4057.550537 0.000000 2496.913818 0.000000 0.732968 0.000000 0.680263 0.222278 0.222278 0.222278
4045.883301 0.000000 2533.808594 0.000000 0.915741 0.000000 -0.401770 0.243834 0.243834 0.243834
4082.317383 0.000000 2488.503662 0.000000 0.735519 0.000000 0.677504 0.194815 0.194815 0.194815
4055.538086 0.000000 2521.599365 0.000000 0.175090 0.000000 0.984553 0.240257 0.240257 0.240257
4074.134033 0.000000 2489.449951 0.000000 0.778155 0.000000 0.628072 0.249066 0.249066 0.249066
4052.194824 0.000000 2531.225342 0.000000 0.223903 0.000000 0.974611 0.192831 0.192831 0.192831
4054.690430 0.000000 2513.329346 0.000000 0.572741 0.000000 0.819736 0.216161 0.216161 0.216161
4063.822266 0.000000 2511.373535 0.000000 0.942924 0.000000 0.333008 0.262961 0.262961 0.262961
4045.646240 0.000000 2526.058838 0.000000 0.391681 0.000000 0.920101 0.195118 0.195118 0.195118
4090.875244 0.000000 2485.467041 0.000000 0.941172 0.000000 -0.337929 0.206156 0.206156 0.206156
4032.390625 0.000000 2528.862549 0.000000 0.589650 0.000000 0.807659 0.240291 0.240291 0.240291
4074.157715 0.000000 2508.148682 0.000000 0.785592 0.000000 0.618745 0.228301 0.228301 0.228301
4089.786621 0.000000 2489.837402 0.000000 0.072225 0.000000 0.997388 0.196148 0.196148 0.196148
4073.896973 0.000000 2485.340820 0.000000 0.999981 0.000000 0.006232 0.251188 0.251188 0.251188
4039.290527 0.000000 2528.157715 0.000000 0.838323 0.000000 -0.545174 0.245546 0.245546 0.245546
4080.446289 0.000000 2496.143311 0.000000 0.811845 0.000000 0.583873 0.249750 0.249750 0.249750
4067.650879 0.000000 2508.254883 0.000000 0.923848 0.000000 0.382759 0.292969 0.292969 0.292969
4056.763672 0.000000 2516.043701 0.000000 0.329991 0.000000 0.943984 0.278087 0.278087 0.278087
4032.226318 0.000000 2536.629395 0.000000 0.427835 0.000000 0.903857 0.280303 0.280303 0.280303
4077.456787 0.000000 2489.526123 0.000000 0.276168 0.000000 0.961109 0.274984 0.274984 0.274984
4071.553711 0.000000 2502.514893 0.000000 0.990733 0.000000 -0.135826 0.221637 0.221637 0.221637
4063.085693 0.000000 2492.941406 0.000000 0.963246 0.000000 0.268621 0.241549 0.241549 0.241549
4058.132568 0.000000 2519.764404 0.000000 0.553094 0.000000 0.833119 0.281598 0.281598 0.281598
4050.867188 0.000000 2528.276367 0.000000 0.448126 0.000000 0.893970 0.243810 0.243810 0.243810
4038.656738 0.000000 2534.130371 0.000000 0.768872 0.000000 0.639403 0.209661 0.209661 0.209661
4045.152832 0.000000 2530.543457 0.000000 0.300327 0.000000 0.953836 0.241845 0.241845 0.241845
4075.534668 0.000000 2501.302246 0.000000 0.992012 0.000000 0.126141 0.255866 0.255866 0.255866
4072.221680 0.000000 2505.755859 0.000000 0.961750 0.000000 -0.273930 0.305185 0.305185 0.305185
4081.495361 0.000000 2485.412598 0.000000 0.728369 0.000000 0.685185 0.217520 0.217520 0.217520
4035.168213 0.000000 2529.265137 0.000000 0.993015 0.000000 -0.117991 0.302206 0.302206 0.302206
4053.228027 0.000000 2523.217529 0.000000 0.452473 0.000000 0.891778 0.260132 0.260132 0.260132
4079.681152 0.000000 2488.214355 0.000000 0.996564 0.000000 -0.082823 0.242060 0.242060 0.242060
4059.115234 0.000000 2514.596191 0.000000 0.199987 0.000000 0.979798 0.275794 0.275794 0.275794
4055.655029 0.000000 2518.968018 0.000000 0.810213 0.000000 0.586135 0.283546 0.283546 0.283546
4053.388916 0.000000 2528.538330 0.000000 0.827252 0.000000 -0.561831 0.244571 0.244571 0.244571
4075.597168 0.000000 2487.336914 0.000000 0.958844 0.000000 -0.283933 0.260966 0.260966 0.260966
4051.150879 0.000000 2519.073975 0.000000 0.967323 0.000000 -0.253549 0.302094 0.302094 0.302094
4032.956543 0.000000 2526.432373 0.000000 0.802181 0.000000 0.597082 0.247457 0.247457 0.247457
4071.437012 0.000000 2512.694336 0.000000 0.115851 0.000000 0.993267 0.274124 0.274124 0.274124
4034.854492 0.000000 2532.859375 0.000000 0.968328 0.000000 -0.249683 0.304640 0.304640 0.304640
4070.985352 0.000000 2517.177002 0.000000 0.877233 0.000000 -0.480064 0.251805 0.251805 0.251805
4057.026123 0.000000 2485.560303 0.000000 0.987507 0.000000 0.157572 0.255476 0.255476 0.255476
4033.278564 0.000000 2531.187744 0.000000 0.455002 0.000000 0.890490 0.222958 0.222958 0.222958
4056.466797 0.000000 2511.836670 0.000000 0.330376 0.000000 0.943849 0.242235 0.242235 0.242235
4067.886963 0.000000 2515.937012 0.000000 0.036800 0.000000 0.999323 0.272828 0.272828 0.272828
4078.967041 0.000000 2500.689453 0.000000 0.901590 0.000000 0.432591 0.248179 0.248179 0.248179
4060.442627 0.000000 2485.329834 0.000000 0.922913 0.000000 0.385008 0.234271 0.234271 0.234271
4051.258789 0.000000 2524.206055 0.000000 0.324551 0.000000 0.945868 0.225989 0.225989 0.225989
4073.191162 0.000000 2487.442871 0.000000 0.038567 0.000000 0.999256 0.238566 0.238566 0.238566
4073.381104 0.000000 2501.260010 0.000000 0.708359 0.000000 0.705853 0.247779 0.247779 0.247779
4037.188232 0.000000 2528.052490 0.000000 0.278581 0.000000 0.960413 0.258884 0.258884 0.258884
4064.249023 0.000000 2513.688232 0.000000 0.904665 0.000000 -0.426123 0.308391 0.308391 0.308391
4033.799072 0.000000 2535.251465 0.000000 0.937435 0.000000 0.348161 0.286922 0.286922 0.286922
4069.382812 0.000000 2512.894531 0.000000 0.207125 0.000000 0.978315 0.273985 0.273985 0.273985
4063.429199 0.000000 2509.240723 0.000000 0.597754 0.000000 0.801680 0.242435 0.242435 0.242435
4063.953369 0.000000 2490.987793 0.000000 0.962051 0.000000 -0.272868 0.278715 0.278715 0.278715
4068.267090 0.000000 2510.203125 0.000000 0.999817 0.000000 -0.019149 0.300366 0.300366 0.300366
4076.596680 0.000000 2504.263916 0.000000 0.775012 0.000000 0.631947 0.251083 0.251083 0.251083
4037.476562 0.000000 2536.590820 0.000000 0.972098 0.000000 -0.234574 0.252876 0.252876 0.252876
4084.116699 0.000000 2487.643311 0.000000 0.808956 0.000000 0.587869 0.243404 0.243404 0.243404
4058.051758 0.000000 2517.606689 0.000000 0.648656 0.000000 0.761081 0.276111 0.276111 0.276111
4079.881836 0.000000 2498.044922 0.000000 0.773709 0.000000 0.633542 0.248979 0.248979 0.248979
4049.982666 0.000000 2488.566162 0.000000 0.979403 0.000000 0.201913 0.279016 0.279016 0.279016
4086.278564 0.000000 2485.344482 0.000000 0.921668 0.000000 0.387978 0.258956 0.258956 0.258956
4033.941895 0.000000 2537.940430 0.000000 0.996365 0.000000 0.085186 0.298512 0.298512 0.298512
4059.430664 0.000000 2497.340088 0.000000 0.362050 0.000000 0.932159 0.261613 0.261613 0.261613
4067.914307 0.000000 2514.071533 0.000000 0.992532 0.000000 0.121983 0.297834 0.297834 0.297834
4065.555908 0.000000 2511.986816 0.000000 0.999987 0.000000 -0.005105 0.300093 0.300093 0.300093
4072.686523 0.000000 2503.965576 0.000000 0.955149 0.000000 -0.296127 0.284854 0.284854 0.284854
4034.331055 0.000000 2525.258301 0.000000 0.313128 0.000000 0.949711 0.274209 0.274209 0.274209
4035.196289 0.000000 2531.062988 0.000000 0.916317 0.000000 -0.400453 0.307236 0.307236 0.307236
4034.240967 0.000000 2527.629883 0.000000 0.983810 0.000000 0.179214 0.296667 0.296667 0.296667
4066.170654 0.000000 2513.669922 0.000000 0.589833 0.000000 0.807525 0.282048 0.282048 0.282048
4036.253662 0.000000 2524.678467 0.000000 0.954109 0.000000 -0.299461 0.305262 0.305262 0.305262
4059.568604 0.000000 2518.719971 0.000000 0.634790 0.000000 0.772685 0.283324 0.283324 0.283324
4047.572021 0.000000 2516.912354 0.000000 0.662236 0.000000 0.749295 0.285061 0.285061 0.285061
4066.717041 0.000000 2510.675537 0.000000 0.946250 0.000000 0.323436 0.293710 0.293710 0.293710
4077.449951 0.000000 2487.832031 0.000000 0.957622 0.000000 0.288028 0.294978 0.294978 0.294978
4075.719727 0.000000 2502.899170 0.000000 0.986201 0.000000 -0.165552 0.282860 0.282860 0.282860
4036.650391 0.000000 2523.088623 0.000000 0.986612 0.000000 0.163085 0.296871 0.296871 0.296871
4058.510254 0.000000 2516.105713 0.000000 0.999617 0.000000 0.027673 0.289474 0.289474 0.289474
4044.962891 0.000000 2515.433105 0.000000 0.932481 0.000000 -0.361220 0.291721 0.291721 0.291721
4071.139160 0.000000 2509.040283 0.000000 0.891289 0.000000 -0.453435 0.308988 0.308988 0.308988
4071.754639 0.000000 2511.220947 0.000000 0.985886 0.000000 -0.167421 0.303175 0.303175 0.303175
4069.208008 0.000000 2511.351807 0.000000 0.833646 0.000000 -0.552300 0.311175 0.311175 0.311175
4034.917725 0.000000 2518.741943 0.000000 0.965626 0.000000 -0.259935 0.304894 0.304894 0.304894
4057.071777 0.000000 2518.676514 0.000000 0.992121 0.000000 -0.125284 0.302366 0.302366 0.302366
4057.687256 0.000000 2514.893555 0.000000 0.462017 0.000000 0.886871 0.279703 0.279703 0.279703
4035.614258 0.000000 2527.891357 0.000000 0.638680 0.000000 0.769472 0.283757 0.283757 0.283757
4075.041992 0.000000 2505.391357 0.000000 0.981719 0.000000 0.190335 0.296421 0.296421 0.296421
7150.271484 0.000000 884.554138 0.000000 0.949465 0.000000 0.313874 0.236688 0.236688 0.236688
7153.158691 0.000000 881.893982 0.000000 0.943332 0.000000 -0.331850 0.218208 0.218208 0.218208
7148.435059 0.000000 883.240784 0.000000 0.152816 0.000000 0.988255 0.272930 0.272930 0.272930
7159.657227 0.000000 887.639404 0.000000 0.840256 0.000000 -0.542189 0.310279 0.310279 0.310279
7157.193359 0.000000 886.600586 0.000000 0.607629 0.000000 0.794221 0.241568 0.241568 0.241568
7157.498535 0.000000 884.741821 0.000000 0.836219 0.000000 0.548395 0.282737 0.282737 0.282737
7149.321289 0.000000 885.748535 0.000000 0.663555 0.000000 0.748127 0.283857 0.283857 0.283857
7160.805176 0.000000 886.779785 0.000000 0.723479 0.000000 0.690346 0.285704 0.285704 0.285704
7149.534668 0.000000 882.287109 0.000000 0.660038 0.000000 0.751232 0.283768 0.283768 0.283768
7148.932129 0.000000 884.454224 0.000000 0.996784 0.000000 0.080134 0.298468 0.298468 0.298468
7219.720703 0.000000 659.199890 0.000000 0.996240 0.000000 0.086633 0.199394 0.199394 0.199394
7224.634766 0.000000 657.116699 0.000000 0.957053 0.000000 0.289912 0.199308 0.199308 0.199308
7218.569336 0.000000 677.301941 0.000000 0.856040 0.000000 0.516910 0.260233 0.260233 0.260233
7227.742676 0.000000 659.005127 0.000000 0.964698 0.000000 0.263358 0.294910 0.294910 0.294910
7223.033203 0.000000 659.776062 0.000000 0.039745 0.000000 0.999210 0.250264 0.250264 0.250264
7227.123047 0.000000 660.754333 0.000000 0.825699 0.000000 -0.564110 0.311447 0.311447 0.311447
7226.464844 0.000000 657.615540 0.000000 0.882976 0.000000 0.469419 0.290022 0.290022 0.290022
7245.066406 0.000000 731.028687 0.000000 0.971179 0.000000 -0.238352 0.229989 0.229989 0.229989
7245.883301 0.000000 726.308716 0.000000 0.999531 0.000000 0.030617 0.292218 0.292218 0.292218
7244.244629 0.000000 728.429138 0.000000 0.104959 0.000000 0.994476 0.272008 0.272008 0.272008
7245.842285 0.000000 729.290283 0.000000 0.993853 0.000000 -0.110705 0.302119 0.302119 0.302119
7244.418457 0.000000 726.888428 0.000000 0.499436 0.000000 0.866351 0.275641 0.275641 0.275641
7244.281738 0.000000 729.814514 0.000000 0.862263 0.000000 -0.506461 0.310143 0.310143 0.310143
7246.189453 0.000000 770.740601 0.000000 0.998279 0.000000 -0.058644 0.252509 0.252509 0.252509
7257.550293 0.000000 745.898315 0.000000 0.997498 0.000000 -0.070700 0.276359 0.276359 0.276359
7249.216309 0.000000 774.178162 0.000000 0.992552 0.000000 0.121818 0.220491 0.220491 0.220491
7256.357910 0.000000 742.807861 0.000000 0.803149 0.000000 0.595778 0.287811 0.287811 0.287811
7254.909180 0.000000 745.296692 0.000000 0.895953 0.000000 0.444148 0.214821 0.214821 0.214821
7260.903809 0.000000 740.918274 0.000000 0.980968 0.000000 -0.194168 0.303644 0.303644 0.303644
7246.486328 0.000000 772.978699 0.000000 0.944026 0.000000 -0.329871 0.305967 0.305967 0.305967
7258.413574 0.000000 742.568420 0.000000 0.998611 0.000000 0.052690 0.298993 0.298993 0.298993
7247.409668 0.000000 774.457092 0.000000 0.647816 0.000000 0.761797 0.283978 0.283978 0.283978
7254.760742 0.000000 743.501282 0.000000 0.995719 0.000000 0.092435 0.298232 0.298232 0.298232
7256.543945 0.000000 744.474365 0.000000 0.988186 0.000000 0.153261 0.273155 0.273155 0.273155
7334.643555 0.000000 785.998962 0.000000 0.886467 0.000000 0.462791 0.234447 0.234447 0.234447
7333.505371 0.000000 789.984558 0.000000 0.336096 0.000000 0.941828 0.227596 0.227596 0.227596
7235.589355 0.000000 803.163513 0.000000 0.894529 0.000000 -0.447009 0.220992 0.220992 0.220992
7273.605957 0.000000 828.262756 0.000000 0.495255 0.000000 0.868748 0.194937 0.194937 0.194937
7245.333984 0.000000 795.110596 0.000000 0.999452 0.000000 0.033101 0.216249 0.216249 0.216249
7255.828125 0.000000 814.958069 0.000000 0.993336 0.000000 -0.115254 0.206746 0.206746 0.206746
7236.061523 0.000000 806.990845 0.000000 0.702416 0.000000 0.711767 0.232219 0.232219 0.232219
7242.448242 0.000000 794.386169 0.000000 0.067656 0.000000 0.997709 0.271293 0.271293 0.271293
7261.260254 0.000000 825.050476 0.000000 0.584717 0.000000 0.811237 0.212194 0.212194 0.212194
7253.175293 0.000000 825.999268 0.000000 0.641147 0.000000 0.767418 0.215399 0.215399 0.215399
7252.387207 0.000000 817.578369 0.000000 0.588855 0.000000 0.808239 0.235211 0.235211 0.235211
7252.471191 0.000000 812.606812 0.000000 0.599428 0.000000 0.800429 0.283666 0.283666 0.283666
7275.827148 0.000000 828.968018 0.000000 0.999980 0.000000 0.006333 0.254546 0.254546 0.254546
7274.151367 0.000000 833.292847 0.000000 0.440131 0.000000 0.897934 0.227795 0.227795 0.227795
7236.679688 0.000000 805.017578 0.000000 0.470095 0.000000 0.882616 0.279347 0.279347 0.279347
7272.804199 0.000000 824.905579 0.000000 0.992407 0.000000 0.122996 0.278010 0.278010 0.278010
7262.632324 0.000000 818.091370 0.000000 0.857708 0.000000 0.514137 0.277628 0.277628 0.277628
7261.201660 0.000000 823.447876 0.000000 0.953539 0.000000 0.301271 0.292584 0.292584 0.292584
7243.846680 0.000000 795.028381 0.000000 0.981715 0.000000 0.190359 0.296342 0.296342 0.296342
7275.855957 0.000000 830.355469 0.000000 0.747113 0.000000 0.664697 0.286114 0.286114 0.286114
7277.901367 0.000000 848.220032 0.000000 0.858512 0.000000 -0.512794 0.228081 0.228081 0.228081
7277.457031 0.000000 851.479187 0.000000 0.969360 0.000000 -0.245645 0.304740 0.304740 0.304740
7279.681152 0.000000 850.167419 0.000000 0.568328 0.000000 0.822802 0.266052 0.266052 0.266052
7276.179688 0.000000 850.688660 0.000000 0.251478 0.000000 0.967863 0.274855 0.274855 0.274855
7343.844727 0.000000 797.891724 0.000000 0.753451 0.000000 0.657504 0.237694 0.237694 0.237694
7330.139648 0.000000 792.507568 0.000000 0.848790 0.000000 -0.528729 0.239440 0.239440 0.239440
7332.294922 0.000000 794.437988 0.000000 0.056005 0.000000 0.998430 0.204321 0.204321 0.204321
7312.003418 0.000000 818.083923 0.000000 0.979583 0.000000 0.201040 0.252738 0.252738 0.252738
7314.112793 0.000000 816.972839 0.000000 0.999872 0.000000 0.016004 0.248277 0.248277 0.248277
7313.981934 0.000000 820.693481 0.000000 0.895288 0.000000 -0.445488 0.307971 0.307971 0.307971
7342.835449 0.000000 794.831787 0.000000 0.089275 0.000000 0.996007 0.271707 0.271707 0.271707
7315.671875 0.000000 819.516052 0.000000 0.266456 0.000000 0.963847 0.275151 0.275151 0.275151
7323.430664 0.000000 859.293335 0.000000 0.992949 0.000000 -0.118545 0.302269 0.302269 0.302269
7320.543945 0.000000 857.443115 0.000000 0.382289 0.000000 0.924043 0.277492 0.277492 0.277492
7323.985840 0.000000 858.023682 0.000000 0.008171 0.000000 0.999967 0.270156 0.270156 0.270156
7156.969238 0.000000 908.107849 0.000000 0.999527 0.000000 -0.030744 0.244876 0.244876 0.244876
7160.123047 0.000000 907.093567 0.000000 0.654003 0.000000 0.756492 0.284900 0.284900 0.284900
7154.757324 0.000000 905.098206 0.000000 0.996851 0.000000 0.079303 0.295307 0.295307 0.295307
7157.412598 0.000000 906.546021 0.000000 0.992905 0.000000 -0.118908 0.302276 0.302276 0.302276
6738.736816 0.000000 1518.714844 0.000000 0.391400 0.000000 0.920221 0.261109 0.261109 0.261109
6755.530762 0.000000 1519.182251 0.000000 0.733544 0.000000 0.679642 0.205547 0.205547 0.205547
6743.427734 0.000000 1517.589111 0.000000 0.839654 0.000000 -0.543121 0.266272 0.266272 0.266272
6733.646484 0.000000 1509.339966 0.000000 0.999257 0.000000 -0.038551 0.205609 0.205609 0.205609
6743.759277 0.000000 1512.719604 0.000000 0.167412 0.000000 0.985887 0.275524 0.275524 0.275524
6730.749023 0.000000 1510.786621 0.000000 0.860070 0.000000 -0.510176 0.251011 0.251011 0.251011
6752.693359 0.000000 1520.582031 0.000000 0.640834 0.000000 0.767679 0.253761 0.253761 0.253761
6733.152832 0.000000 1513.824829 0.000000 0.408093 0.000000 0.912940 0.229413 0.229413 0.229413
6741.436035 0.000000 1519.891724 0.000000 0.470271 0.000000 0.882522 0.279351 0.279351 0.279351
6740.862305 0.000000 1517.260742 0.000000 0.999994 0.000000 0.003515 0.247859 0.247859 0.247859
6743.931152 0.000000 1520.311035 0.000000 0.999963 0.000000 0.008599 0.239406 0.239406 0.239406
6743.550293 0.000000 1510.382690 0.000000 0.946425 0.000000 0.322923 0.256620 0.256620 0.256620
6726.227051 0.000000 1513.168701 0.000000 0.990177 0.000000 -0.139822 0.297852 0.297852 0.297852
6729.040527 0.000000 1510.118286 0.000000 0.841713 0.000000 -0.539926 0.310359 0.310359 0.310359
6741.837891 0.000000 1513.541016 0.000000 0.940578 0.000000 -0.339578 0.275054 0.275054 0.275054
6732.416504 0.000000 1510.511719 0.000000 0.834300 0.000000 0.551311 0.289373 0.289373 0.289373
6727.856445 0.000000 1513.275391 0.000000 0.568954 0.000000 0.822370 0.279454 0.279454 0.279454
6742.839355 0.000000 1519.158569 0.000000 0.174559 0.000000 0.984647 0.275128 0.275128 0.275128
6741.857422 0.000000 1518.180908 0.000000 0.572978 0.000000 0.819571 0.281653 0.281653 0.281653
7187.921875 0.000000 928.075439 0.000000 0.713861 0.000000 0.700287 0.194751 0.194751 0.194751
7184.434082 0.000000 933.811157 0.000000 0.029128 0.000000 0.999576 0.270556 0.270556 0.270556
7184.003418 0.000000 931.052673 0.000000 0.475105 0.000000 0.879929 0.225698 0.225698 0.225698
7181.917480 0.000000 935.196228 0.000000 0.518734 0.000000 0.854935 0.258246 0.258246 0.258246
7185.981934 0.000000 933.662231 0.000000 0.991413 0.000000 -0.130766 0.302505 0.302505 0.302505
7185.019043 0.000000 932.367554 0.000000 0.263642 0.000000 0.964621 0.275095 0.275095 0.275095
7187.060547 0.000000 930.960571 0.000000 0.970132 0.000000 0.242579 0.295320 0.295320 0.295320
7444.950195 0.000000 912.919189 0.000000 0.778383 0.000000 0.627790 0.195510 0.195510 0.195510
7450.616699 0.000000 909.959412 0.000000 0.976458 0.000000 0.215708 0.221298 0.221298 0.221298
7453.536621 0.000000 943.763123 0.000000 0.822111 0.000000 0.569327 0.212513 0.212513 0.212513
7460.314453 0.000000 957.145874 0.000000 0.996369 0.000000 -0.085139 0.237001 0.237001 0.237001
7446.760742 0.000000 912.954407 0.000000 0.404640 0.000000 0.914476 0.267627 0.267627 0.267627
7448.535645 0.000000 938.793579 0.000000 0.759820 0.000000 0.650133 0.286483 0.286483 0.286483
7448.837891 0.000000 941.861694 0.000000 0.943998 0.000000 -0.329952 0.306422 0.306422 0.306422
7446.663086 0.000000 938.641235 0.000000 0.985690 0.000000 -0.168566 0.303235 0.303235 0.303235
7460.175781 0.000000 958.664734 0.000000 0.908678 0.000000 -0.417497 0.298557 0.298557 0.298557
7444.371582 0.000000 940.288086 0.000000 0.879272 0.000000 0.476320 0.290518 0.290518 0.290518
7446.136230 0.000000 937.328613 0.000000 0.279009 0.000000 0.960288 0.276510 0.276510 0.276510
7462.916016 0.000000 959.697693 0.000000 0.421394 0.000000 0.906878 0.278308 0.278308 0.278308
7453.621094 0.000000 940.897400 0.000000 0.874425 0.000000 0.485160 0.290326 0.290326 0.290326
7458.074219 0.000000 965.754150 0.000000 0.949443 0.000000 0.313938 0.223648 0.223648 0.223648
7478.117188 0.000000 967.255798 0.000000 0.961396 0.000000 -0.275167 0.305324 0.305324 0.305324
7466.157715 0.000000 983.070618 0.000000 0.988388 0.000000 0.151953 0.297087 0.297087 0.297087
7454.227539 0.000000 964.791748 0.000000 0.520576 0.000000 0.853815 0.280457 0.280457 0.280457
7455.085938 0.000000 967.863220 0.000000 0.166410 0.000000 0.986057 0.234404 0.234404 0.234404
7476.969238 0.000000 964.592224 0.000000 0.950335 0.000000 0.311228 0.237261 0.237261 0.237261
7466.478516 0.000000 985.971497 0.000000 0.948680 0.000000 0.316239 0.293855 0.293855 0.293855
7455.881836 0.000000 962.883850 0.000000 0.956541 0.000000 -0.291597 0.294058 0.294058 0.294058
7468.304199 0.000000 983.933716 0.000000 0.954533 0.000000 -0.298106 0.305781 0.305781 0.305781
7472.094238 0.000000 977.343628 0.000000 0.748527 0.000000 0.663104 0.286154 0.286154 0.286154
7456.870605 0.000000 967.479919 0.000000 0.995312 0.000000 -0.096718 0.301676 0.301676 0.301676
7467.594727 0.000000 982.634155 0.000000 0.918955 0.000000 -0.394363 0.307742 0.307742 0.307742
7467.860840 0.000000 985.540405 0.000000 0.302578 0.000000 0.953125 0.275871 0.275871 0.275871
7469.479492 0.000000 984.773987 0.000000 0.421255 0.000000 0.906942 0.278305 0.278305 0.278305
4828.282227 0.000000 2239.786621 0.000000 0.939870 0.000000 0.341532 0.210346 0.210346 0.210346
4841.423340 0.000000 2235.312744 0.000000 0.678796 0.000000 0.734327 0.242664 0.242664 0.242664
4842.581543 0.000000 2221.695557 0.000000 0.889210 0.000000 0.457500 0.198559 0.198559 0.198559
4846.271484 0.000000 2240.179199 0.000000 0.762525 0.000000 0.646959 0.286562 0.286562 0.286562
4847.844727 0.000000 2210.000977 0.000000 0.999900 0.000000 0.014167 0.222563 0.222563 0.222563
4845.791016 0.000000 2216.228760 0.000000 0.206314 0.000000 0.978486 0.227621 0.227621 0.227621
4830.773926 0.000000 2219.362305 0.000000 0.979517 0.000000 -0.201362 0.278815 0.278815 0.278815
4851.720703 0.000000 2240.762451 0.000000 0.883096 0.000000 0.469191 0.290673 0.290673 0.290673
4856.634766 0.000000 2238.679199 0.000000 0.520926 0.000000 0.853602 0.280465 0.280465 0.280465
4831.949707 0.000000 2237.146729 0.000000 0.179599 0.000000 0.983740 0.273449 0.273449 0.273449
4841.396484 0.000000 2216.649414 0.000000 0.562852 0.000000 0.826558 0.279825 0.279825 0.279825
4832.344727 0.000000 2241.208252 0.000000 0.541429 0.000000 0.840746 0.218871 0.218871 0.218871
4849.158691 0.000000 2237.519043 0.000000 0.880811 0.000000 -0.473468 0.309124 0.309124 0.309124
4844.817383 0.000000 2212.416504 0.000000 0.676829 0.000000 0.736140 0.234418 0.234418 0.234418
4833.456543 0.000000 2216.815430 0.000000 0.782999 0.000000 0.622022 0.226160 0.226160 0.226160
4848.763672 0.000000 2242.697021 0.000000 0.428115 0.000000 0.903724 0.278449 0.278449 0.278449
4829.536621 0.000000 2242.903809 0.000000 0.721707 0.000000 0.692199 0.234583 0.234583 0.234583
4826.132812 0.000000 2237.342529 0.000000 0.861660 0.000000 -0.507485 0.310166 0.310166 0.310166
4853.610352 0.000000 2238.383545 0.000000 0.466913 0.000000 0.884304 0.246549 0.246549 0.246549
4843.534668 0.000000 2218.880371 0.000000 0.823506 0.000000 0.567308 0.278209 0.278209 0.278209
4843.550781 0.000000 2209.690430 0.000000 0.995793 0.000000 -0.091632 0.301711 0.301711 0.301711
4840.221680 0.000000 2223.333984 0.000000 0.750892 0.000000 0.660425 0.235570 0.235570 0.235570
4830.841309 0.000000 2234.522705 0.000000 0.902593 0.000000 0.430494 0.292350 0.292350 0.292350
4842.549316 0.000000 2214.001953 0.000000 0.995571 0.000000 0.094011 0.298325 0.298325 0.298325
4842.452148 0.000000 2237.824707 0.000000 0.538303 0.000000 0.842751 0.280856 0.280856 0.280856
4827.115234 0.000000 2232.174316 0.000000 0.996675 0.000000 0.081476 0.298442 0.298442 0.298442
4849.258789 0.000000 2240.347656 0.000000 0.200287 0.000000 0.979737 0.273851 0.273851 0.273851
4843.536621 0.000000 2216.453613 0.000000 0.976713 0.000000 -0.214552 0.303863 0.303863 0.303863
4841.380859 0.000000 2218.838135 0.000000 0.999927 0.000000 -0.012083 0.300225 0.300225 0.300225
4846.922852 0.000000 2238.211914 0.000000 0.529624 0.000000 0.848233 0.280660 0.280660 0.280660
4860.194824 0.000000 2238.479736 0.000000 0.551921 0.000000 0.833896 0.261284 0.261284 0.261284
4844.434570 0.000000 2214.669434 0.000000 0.946872 0.000000 0.321612 0.256097 0.256097 0.256097
4826.051758 0.000000 2235.184814 0.000000 0.832516 0.000000 -0.554001 0.311214 0.311214 0.311214
4850.737793 0.000000 2236.388184 0.000000 0.992648 0.000000 -0.121035 0.302317 0.302317 0.302317
4843.248535 0.000000 2235.716553 0.000000 0.848319 0.000000 0.529485 0.256878 0.256878 0.256878
4832.410645 0.000000 2220.260254 0.000000 0.730921 0.000000 0.682462 0.286667 0.286667 0.286667
4847.125977 0.000000 2241.807861 0.000000 0.357607 0.000000 0.933872 0.276984 0.276984 0.276984
4858.464844 0.000000 2239.177979 0.000000 0.692458 0.000000 0.721458 0.284608 0.284608 0.284608
4843.041992 0.000000 2211.761475 0.000000 0.985617 0.000000 -0.168994 0.303243 0.303243 0.303243
4829.381836 0.000000 2233.485840 0.000000 0.955661 0.000000 -0.294468 0.270931 0.270931 0.270931
4840.804199 0.000000 2237.014893 0.000000 0.493730 0.000000 0.869615 0.279862 0.279862 0.279862
4840.327148 0.000000 2225.162598 0.000000 0.461822 0.000000 0.886973 0.247467 0.247467 0.247467
4857.096680 0.000000 2236.955566 0.000000 0.841119 0.000000 -0.540850 0.272778 0.272778 0.272778
4853.498535 0.000000 2240.366943 0.000000 0.510476 0.000000 0.859892 0.260586 0.260586 0.260586
4827.568359 0.000000 2236.298096 0.000000 0.948495 0.000000 0.316792 0.293844 0.293844 0.293844
4830.604492 0.000000 2236.170898 0.000000 0.902874 0.000000 0.429905 0.291513 0.291513 0.291513
4861.407227 0.000000 2240.274170 0.000000 0.159258 0.000000 0.987237 0.273055 0.273055 0.273055
4826.510254 0.000000 2233.683838 0.000000 0.249675 0.000000 0.968330 0.274819 0.274819 0.274819
4853.526855 0.000000 2236.826172 0.000000 0.595616 0.000000 0.803269 0.280000 0.280000 0.280000
4844.527832 0.000000 2210.874268 0.000000 0.827184 0.000000 -0.561931 0.311397 0.311397 0.311397
4842.500977 0.000000 2217.676270 0.000000 0.946986 0.000000 0.321275 0.294158 0.294158 0.294158
4847.751465 0.000000 2240.450684 0.000000 0.745515 0.000000 0.666489 0.286068 0.286068 0.286068
4826.272949 0.000000 2230.974121 0.000000 0.074248 0.000000 0.997240 0.271419 0.271419 0.271419
4845.321289 0.000000 2241.373535 0.000000 0.101668 0.000000 0.994818 0.271945 0.271945 0.271945
4842.270996 0.000000 2210.382324 0.000000 0.882509 0.000000 -0.470296 0.309351 0.309351 0.309351
4845.066406 0.000000 2208.489014 0.000000 0.203027 0.000000 0.979173 0.273905 0.273905 0.273905
4830.551758 0.000000 2237.645508 0.000000 0.949733 0.000000 0.313062 0.293919 0.293919 0.293919
4862.782227 0.000000 2240.910645 0.000000 0.592627 0.000000 0.805477 0.282115 0.282115 0.282115
4856.429688 0.000000 2240.085938 0.000000 0.450984 0.000000 0.892532 0.278936 0.278936 0.278936
4842.089355 0.000000 2236.503906 0.000000 0.939861 0.000000 0.341558 0.293343 0.293343 0.293343
4843.793457 0.000000 2237.546875 0.000000 0.885221 0.000000 0.465170 0.290760 0.290760 0.290760
4844.932129 0.000000 2240.079346 0.000000 0.868547 0.000000 0.495606 0.290097 0.290097 0.290097
4845.841309 0.000000 2211.214844 0.000000 0.821180 0.000000 0.570669 0.288401 0.288401 0.288401
4924.270508 0.000000 2138.255615 0.000000 0.520151 0.000000 0.854074 0.193048 0.193048 0.193048
4923.743652 0.000000 2140.649414 0.000000 0.948479 0.000000 -0.316840 0.260812 0.260812 0.260812
4928.073242 0.000000 2128.483398 0.000000 0.256072 0.000000 0.966658 0.200562 0.200562 0.200562
4930.892090 0.000000 2128.123047 0.000000 0.856064 0.000000 -0.516870 0.274187 0.274187 0.274187
4930.331055 0.000000 2129.867676 0.000000 0.823887 0.000000 -0.566754 0.274978 0.274978 0.274978
4911.844727 0.000000 2153.516602 0.000000 0.619819 0.000000 0.784745 0.222347 0.222347 0.222347
4914.317383 0.000000 2149.597412 0.000000 0.279734 0.000000 0.960077 0.225988 0.225988 0.225988
4897.496582 0.000000 2170.636963 0.000000 0.620680 0.000000 0.784064 0.235654 0.235654 0.235654
4892.282227 0.000000 2239.786621 0.000000 0.866707 0.000000 -0.498817 0.208620 0.208620 0.208620
4864.290527 0.000000 2237.255859 0.000000 0.931985 0.000000 -0.362496 0.202473 0.202473 0.202473
4916.885254 0.000000 2254.641846 0.000000 0.963994 0.000000 0.265923 0.279111 0.279111 0.279111
4885.035156 0.000000 2243.607666 0.000000 0.682215 0.000000 0.731151 0.211736 0.211736 0.211736
4867.716309 0.000000 2243.996826 0.000000 0.293661 0.000000 0.955910 0.271502 0.271502 0.271502
4902.465332 0.000000 2227.988281 0.000000 0.030151 0.000000 0.999545 0.197780 0.197780 0.197780
4900.049805 0.000000 2239.180176 0.000000 0.359837 0.000000 0.933015 0.195878 0.195878 0.195878
4913.044434 0.000000 2251.574463 0.000000 0.320878 0.000000 0.947120 0.223976 0.223976 0.223976
4890.548828 0.000000 2244.203613 0.000000 0.215091 0.000000 0.976594 0.274140 0.274140 0.274140
4902.192871 0.000000 2208.597412 0.000000 0.995784 0.000000 0.091731 0.283463 0.283463 0.283463
4864.073242 0.000000 2241.452148 0.000000 0.829234 0.000000 -0.558902 0.311327 0.311327 0.311327
4887.759277 0.000000 2247.016357 0.000000 0.035574 0.000000 0.999367 0.270680 0.270680 0.270680
4896.344727 0.000000 2241.208252 0.000000 0.972943 0.000000 -0.231046 0.263737 0.263737 0.263737
4898.997070 0.000000 2258.854004 0.000000 0.997465 0.000000 -0.071153 0.228399 0.228399 0.228399
4905.927734 0.000000 2247.623779 0.000000 0.970473 0.000000 0.241209 0.224350 0.224350 0.224350
4903.131348 0.000000 2237.869873 0.000000 0.824971 0.000000 0.565175 0.255275 0.255275 0.255275
4893.536621 0.000000 2242.903809 0.000000 0.878283 0.000000 -0.478142 0.309073 0.309073 0.309073
4890.132812 0.000000 2237.342529 0.000000 0.733189 0.000000 0.680025 0.226449 0.226449 0.226449
4900.314453 0.000000 2256.286621 0.000000 0.881831 0.000000 -0.471565 0.227656 0.227656 0.227656
4866.892090 0.000000 2241.091797 0.000000 0.997849 0.000000 0.065554 0.298747 0.298747 0.298747
4890.516602 0.000000 2241.669434 0.000000 0.876474 0.000000 0.481450 0.244337 0.244337 0.244337
4885.389160 0.000000 2246.116455 0.000000 0.973703 0.000000 0.227819 0.292783 0.292783 0.292783
4898.794434 0.000000 2241.150146 0.000000 0.641661 0.000000 0.766988 0.283976 0.283976 0.283976
4879.784668 0.000000 2244.713379 0.000000 0.945854 0.000000 -0.324593 0.260332 0.260332 0.260332
4865.116211 0.000000 2239.389893 0.000000 0.708668 0.000000 0.705542 0.273351 0.273351 0.273351
4899.886719 0.000000 2233.515137 0.000000 0.848006 0.000000 0.529987 0.290231 0.290231 0.290231
4882.130371 0.000000 2247.983887 0.000000 0.970147 0.000000 0.242517 0.295744 0.295744 0.295744
4896.929688 0.000000 2259.368164 0.000000 0.195277 0.000000 0.980748 0.269387 0.269387 0.269387
4871.299805 0.000000 2243.628662 0.000000 0.998544 0.000000 0.053947 0.298969 0.298969 0.298969
4885.837891 0.000000 2247.837891 0.000000 0.199567 0.000000 0.979884 0.273660 0.273660 0.273660
4868.253418 0.000000 2242.256592 0.000000 0.868241 0.000000 0.496143 0.290085 0.290085 0.290085
4891.789062 0.000000 2238.070312 0.000000 0.691618 0.000000 0.722263 0.284586 0.284586 0.284586
4891.705566 0.000000 2242.929443 0.000000 0.603034 0.000000 0.797716 0.282362 0.282362 0.282362
4887.132812 0.000000 2240.839355 0.000000 0.802559 0.000000 0.596573 0.285916 0.285916 0.285916
4869.526367 0.000000 2243.956543 0.000000 0.979578 0.000000 -0.201065 0.303866 0.303866 0.303866
4889.412598 0.000000 2243.002197 0.000000 0.978402 0.000000 0.206710 0.296023 0.296023 0.296023
4868.650391 0.000000 2240.666748 0.000000 0.837152 0.000000 0.546971 0.289337 0.289337 0.289337
4891.274902 0.000000 2245.510498 0.000000 0.690446 0.000000 0.723384 0.284555 0.284555 0.284555
4878.479004 0.000000 2247.371338 0.000000 0.870852 0.000000 0.491545 0.290629 0.290629 0.290629
4865.437988 0.000000 2240.851318 0.000000 0.817930 0.000000 -0.575317 0.311707 0.311707 0.311707
4886.880859 0.000000 2243.453857 0.000000 0.908184 0.000000 0.418570 0.291752 0.291752 0.291752
4425.597656 0.000000 2365.734863 0.000000 0.977950 0.000000 0.208839 0.214764 0.214764 0.214764
4151.474609 0.000000 2546.867432 0.000000 0.818204 0.000000 -0.574928 0.287083 0.287083 0.287083
4157.061035 0.000000 2542.353271 0.000000 0.954962 0.000000 -0.296728 0.305370 0.305370 0.305370
4155.459473 0.000000 2551.156982 0.000000 0.915611 0.000000 -0.402066 0.263685 0.263685 0.263685
4152.204590 0.000000 2552.057617 0.000000 0.291082 0.000000 0.956698 0.277695 0.277695 0.277695
4164.861816 0.000000 2569.751465 0.000000 0.770552 0.000000 0.637377 0.228583 0.228583 0.228583
4183.538086 0.000000 2578.083740 0.000000 0.960486 0.000000 -0.278329 0.202834 0.202834 0.202834
4191.949707 0.000000 2576.052979 0.000000 0.867725 0.000000 0.497045 0.224984 0.224984 0.224984
4169.424316 0.000000 2569.670654 0.000000 0.382093 0.000000 0.924124 0.193521 0.193521 0.193521
4184.763672 0.000000 2572.528076 0.000000 0.883752 0.000000 -0.467955 0.229959 0.229959 0.229959
4167.324707 0.000000 2568.406982 0.000000 0.463240 0.000000 0.886233 0.229569 0.229569 0.229569
4173.917480 0.000000 2573.243164 0.000000 0.958197 0.000000 -0.286109 0.245421 0.245421 0.245421
4171.910645 0.000000 2569.479736 0.000000 0.989794 0.000000 0.142508 0.257870 0.257870 0.257870
4195.886719 0.000000 2572.421387 0.000000 0.776111 0.000000 0.630596 0.254740 0.254740 0.254740
4193.051758 0.000000 2573.988281 0.000000 0.112125 0.000000 0.993694 0.225633 0.225633 0.225633
4160.060059 0.000000 2550.045166 0.000000 0.913606 0.000000 0.406600 0.271512 0.271512 0.271512
4175.615723 0.000000 2570.551270 0.000000 0.990266 0.000000 0.139186 0.294847 0.294847 0.294847
4430.189453 0.000000 2521.756348 0.000000 0.772725 0.000000 0.634741 0.287124 0.287124 0.287124
4435.921875 0.000000 2509.637939 0.000000 0.839766 0.000000 0.542949 0.282842 0.282842 0.282842
4434.409180 0.000000 2513.721924 0.000000 0.309338 0.000000 0.950952 0.268437 0.268437 0.268437
4427.937012 0.000000 2518.081787 0.000000 0.134000 0.000000 0.990981 0.215228 0.215228 0.215228
4433.216309 0.000000 2525.193848 0.000000 0.871739 0.000000 -0.489970 0.253699 0.253699 0.253699
4433.983398 0.000000 2506.680664 0.000000 0.880653 0.000000 -0.473761 0.308983 0.308983 0.308983
4468.612793 0.000000 2501.024414 0.000000 0.261921 0.000000 0.965089 0.219911 0.219911 0.219911
4462.630859 0.000000 2509.089111 0.000000 0.475149 0.000000 0.879905 0.221170 0.221170 0.221170
4432.405273 0.000000 2522.867676 0.000000 0.858732 0.000000 0.512424 0.243924 0.243924 0.243924
4434.112793 0.000000 2511.504150 0.000000 0.893762 0.000000 -0.448541 0.287885 0.287885 0.287885
4432.326660 0.000000 2507.979492 0.000000 0.910008 0.000000 0.414591 0.292220 0.292220 0.292220
4437.939941 0.000000 2510.645996 0.000000 0.921783 0.000000 -0.387706 0.299205 0.299205 0.299205
4430.324707 0.000000 2509.200439 0.000000 0.264031 0.000000 0.964514 0.276616 0.276616 0.276616
4433.646484 0.000000 2504.637207 0.000000 0.926821 0.000000 -0.375503 0.307309 0.307309 0.307309
4430.008789 0.000000 2505.057617 0.000000 0.989378 0.000000 -0.145364 0.288255 0.288255 0.288255
4430.941895 0.000000 2510.953125 0.000000 0.962317 0.000000 -0.271930 0.296626 0.296626 0.296626
4435.123535 0.000000 2508.001709 0.000000 0.974043 0.000000 0.226361 0.288451 0.288451 0.288451
4431.107910 0.000000 2520.507568 0.000000 0.995074 0.000000 0.099131 0.298141 0.298141 0.298141
4437.357910 0.000000 2509.205078 0.000000 0.810915 0.000000 0.585164 0.288858 0.288858 0.288858
4431.678223 0.000000 2521.729736 0.000000 0.577598 0.000000 0.816322 0.282118 0.282118 0.282118
4468.449707 0.000000 2574.557373 0.000000 0.943586 0.000000 -0.331129 0.202292 0.202292 0.202292
4455.866699 0.000000 2583.500488 0.000000 0.220854 0.000000 0.975307 0.258492 0.258492 0.258492
4460.186523 0.000000 2589.505127 0.000000 0.990828 0.000000 0.135132 0.274520 0.274520 0.274520
4448.909180 0.000000 2584.040283 0.000000 0.512256 0.000000 0.858833 0.207871 0.207871 0.207871
4469.811523 0.000000 2583.095947 0.000000 0.819195 0.000000 0.573515 0.199718 0.199718 0.199718
4463.152344 0.000000 2587.267578 0.000000 0.900681 0.000000 0.434482 0.242274 0.242274 0.242274
4442.771973 0.000000 2591.707275 0.000000 0.872661 0.000000 -0.488326 0.235450 0.235450 0.235450
4471.033203 0.000000 2580.244873 0.000000 0.983130 0.000000 0.182910 0.242516 0.242516 0.242516
4444.116211 0.000000 2597.212402 0.000000 0.436417 0.000000 0.899745 0.243649 0.243649 0.243649
4452.314453 0.000000 2595.192871 0.000000 0.173931 0.000000 0.984758 0.256381 0.256381 0.256381
4441.164062 0.000000 2597.656250 0.000000 0.957197 0.000000 0.289436 0.242942 0.242942 0.242942
4452.101074 0.000000 2589.658203 0.000000 0.794858 0.000000 0.606796 0.221615 0.221615 0.221615
4467.473145 0.000000 2582.174805 0.000000 0.531173 0.000000 0.847263 0.257952 0.257952 0.257952
4460.874023 0.000000 2586.786133 0.000000 0.756442 0.000000 0.654061 0.252274 0.252274 0.252274
4453.593262 0.000000 2584.007568 0.000000 0.991757 0.000000 0.128133 0.272413 0.272413 0.272413
4444.806641 0.000000 2592.159912 0.000000 0.842252 0.000000 -0.539085 0.287648 0.287648 0.287648
4440.941406 0.000000 2592.024658 0.000000 0.998311 0.000000 0.058105 0.296220 0.296220 0.296220
4452.916992 0.000000 2593.538086 0.000000 0.233985 0.000000 0.972240 0.256313 0.256313 0.256313
4466.333496 0.000000 2580.733398 0.000000 0.197962 0.000000 0.980210 0.255787 0.255787 0.255787
4446.198730 0.000000 2593.044922 0.000000 0.828268 0.000000 -0.560332 0.310625 0.310625 0.310625
4441.614258 0.000000 2593.532471 0.000000 0.151604 0.000000 0.988441 0.273306 0.273306 0.273306
4534.872070 0.000000 2531.646973 0.000000 0.193811 0.000000 0.981039 0.190417 0.190417 0.190417
4530.569336 0.000000 2541.286377 0.000000 0.208052 0.000000 0.978118 0.274003 0.274003 0.274003
4542.112305 0.000000 2529.231201 0.000000 0.272684 0.000000 0.962104 0.219037 0.219037 0.219037
4532.392090 0.000000 2533.699219 0.000000 0.533268 0.000000 0.845946 0.212162 0.212162 0.212162
4531.450195 0.000000 2538.151611 0.000000 0.229569 0.000000 0.973292 0.275226 0.275226 0.275226
4530.969727 0.000000 2539.571289 0.000000 0.996319 0.000000 -0.085726 0.301588 0.301588 0.301588
4547.716309 0.000000 2526.418701 0.000000 0.830900 0.000000 0.556422 0.288730 0.288730 0.288730
4544.390625 0.000000 2528.862549 0.000000 0.946231 0.000000 -0.323491 0.208346 0.208346 0.208346
4547.167969 0.000000 2529.265137 0.000000 0.009758 0.000000 0.999952 0.270186 0.270186 0.270186
4549.188477 0.000000 2528.052490 0.000000 0.985615 0.000000 -0.169004 0.303243 0.303243 0.303243
4546.331055 0.000000 2525.258301 0.000000 0.954416 0.000000 0.298481 0.294211 0.294211 0.294211
4546.240723 0.000000 2527.629883 0.000000 0.786100 0.000000 0.618099 0.287274 0.287274 0.287274
4548.253418 0.000000 2524.678467 0.000000 0.989019 0.000000 -0.147789 0.302833 0.302833 0.302833
4549.526367 0.000000 2526.378418 0.000000 0.164145 0.000000 0.986436 0.271200 0.271200 0.271200
4548.645020 0.000000 2529.926270 0.000000 0.331904 0.000000 0.943313 0.276461 0.276461 0.276461
4547.614258 0.000000 2527.891357 0.000000 0.875079 0.000000 -0.483981 0.309649 0.309649 0.309649
4512.264648 0.000000 2563.665283 0.000000 0.216998 0.000000 0.976172 0.246058 0.246058 0.246058
4506.840820 0.000000 2568.501221 0.000000 0.986429 0.000000 0.164189 0.294421 0.294421 0.294421
4497.893555 0.000000 2555.111572 0.000000 0.794313 0.000000 0.607509 0.215808 0.215808 0.215808
4530.317383 0.000000 2544.988037 0.000000 0.930020 0.000000 0.367509 0.262468 0.262468 0.262468
4502.690430 0.000000 2569.813721 0.000000 0.967051 0.000000 0.254581 0.260793 0.260793 0.260793
4489.424316 0.000000 2569.670654 0.000000 0.488874 0.000000 0.872355 0.240391 0.240391 0.240391
4491.937012 0.000000 2574.566162 0.000000 0.838827 0.000000 -0.544398 0.294914 0.294914 0.294914
4492.652344 0.000000 2567.223633 0.000000 0.457130 0.000000 0.889400 0.280093 0.280093 0.280093
4503.828125 0.000000 2565.973633 0.000000 0.552157 0.000000 0.833740 0.204164 0.204164 0.204164
4489.808105 0.000000 2577.502441 0.000000 0.309487 0.000000 0.950904 0.277468 0.277468 0.277468
4490.422852 0.000000 2565.544434 0.000000 0.992568 0.000000 -0.121693 0.302330 0.302330 0.302330
4522.549316 0.000000 2552.908203 0.000000 0.936430 0.000000 0.350854 0.223285 0.223285 0.223285
4497.307129 0.000000 2552.742676 0.000000 0.995829 0.000000 -0.091235 0.260810 0.260810 0.260810
4491.910645 0.000000 2569.479736 0.000000 0.580357 0.000000 0.814362 0.281825 0.281825 0.281825
4528.601562 0.000000 2546.639160 0.000000 0.993229 0.000000 -0.116177 0.287798 0.287798 0.287798
4491.945801 0.000000 2563.865479 0.000000 0.253579 0.000000 0.967315 0.234955 0.234955 0.234955
4489.114258 0.000000 2571.910645 0.000000 0.997044 0.000000 0.076831 0.270921 0.270921 0.270921
4493.989746 0.000000 2568.711426 0.000000 0.859942 0.000000 0.510392 0.250302 0.250302 0.250302
4490.324219 0.000000 2573.290283 0.000000 0.962124 0.000000 0.272611 0.257832 0.257832 0.257832
4491.004883 0.000000 2567.616943 0.000000 0.996676 0.000000 0.081466 0.298522 0.298522 0.298522
4492.302734 0.000000 2562.195312 0.000000 0.189812 0.000000 0.981820 0.260386 0.260386 0.260386
4505.662598 0.000000 2564.592285 0.000000 0.892985 0.000000 -0.450086 0.308899 0.308899 0.308899
4488.825684 0.000000 2576.305908 0.000000 0.943162 0.000000 0.332334 0.293923 0.293923 0.293923
4489.808594 0.000000 2564.155029 0.000000 0.993268 0.000000 -0.115842 0.302217 0.302217 0.302217
4489.120117 0.000000 2566.071777 0.000000 0.999842 0.000000 -0.017790 0.300339 0.300339 0.300339
4488.168945 0.000000 2577.572510 0.000000 0.443576 0.000000 0.896237 0.280067 0.280067 0.280067
4490.621582 0.000000 2569.012939 0.000000 0.666947 0.000000 0.745105 0.283944 0.283944 0.283944
4488.040039 0.000000 2567.040771 0.000000 0.982265 0.000000 0.187499 0.296405 0.296405 0.296405
4359.693359 0.000000 2630.113770 0.000000 0.756181 0.000000 0.654362 0.195316 0.195316 0.195316
4357.002930 0.000000 2634.409180 0.000000 0.912830 0.000000 0.408339 0.270417 0.270417 0.270417
4359.290527 0.000000 2632.953613 0.000000 0.999969 0.000000 -0.007866 0.300136 0.300136 0.300136
4359.852051 0.000000 2635.458740 0.000000 0.709145 0.000000 0.705062 0.252415 0.252415 0.252415
4356.483398 0.000000 2632.711182 0.000000 0.892531 0.000000 0.450986 0.266554 0.266554 0.266554
4457.206543 0.000000 2606.824951 0.000000 0.229636 0.000000 0.973277 0.235153 0.235153 0.235153
4423.693359 0.000000 2630.113770 0.000000 0.866709 0.000000 -0.498815 0.226176 0.226176 0.226176
4453.084961 0.000000 2613.078857 0.000000 0.263704 0.000000 0.964604 0.192123 0.192123 0.192123
4452.590332 0.000000 2608.287842 0.000000 0.983967 0.000000 0.178353 0.235963 0.235963 0.235963
4438.003418 0.000000 2611.983643 0.000000 0.456839 0.000000 0.889549 0.280293 0.280293 0.280293
4450.040527 0.000000 2616.586182 0.000000 0.355719 0.000000 0.934593 0.213416 0.213416 0.213416
4447.085938 0.000000 2605.910156 0.000000 0.966064 0.000000 0.258303 0.210504 0.210504 0.210504
4455.443848 0.000000 2609.570557 0.000000 0.975358 0.000000 -0.220630 0.266469 0.266469 0.266469
4427.443359 0.000000 2628.268311 0.000000 0.367380 0.000000 0.930071 0.272770 0.272770 0.272770
4454.658203 0.000000 2606.502197 0.000000 0.626680 0.000000 0.779277 0.284608 0.284608 0.284608
4456.628906 0.000000 2604.421631 0.000000 0.034263 0.000000 0.999413 0.273474 0.273474 0.273474
4425.640137 0.000000 2631.508301 0.000000 0.509179 0.000000 0.860661 0.227107 0.227107 0.227107
4427.910645 0.000000 2625.964111 0.000000 0.419832 0.000000 0.907602 0.278275 0.278275 0.278275
4450.304199 0.000000 2614.381104 0.000000 0.921391 0.000000 0.388637 0.233153 0.233153 0.233153
4425.114258 0.000000 2628.395020 0.000000 0.498137 0.000000 0.867099 0.242015 0.242015 0.242015
4432.326660 0.000000 2620.948242 0.000000 0.965668 0.000000 -0.259778 0.282561 0.282561 0.282561
4454.302734 0.000000 2611.347900 0.000000 0.085073 0.000000 0.996375 0.236773 0.236773 0.236773
4439.989746 0.000000 2611.311035 0.000000 0.889434 0.000000 -0.457065 0.308533 0.308533 0.308533
4451.248535 0.000000 2612.642578 0.000000 0.848547 0.000000 0.529119 0.253197 0.253197 0.253197
4448.125000 0.000000 2607.423340 0.000000 0.861574 0.000000 -0.507632 0.309152 0.309152 0.309152
4446.747070 0.000000 2599.869385 0.000000 0.966029 0.000000 -0.258435 0.304992 0.304992 0.304992
4453.195312 0.000000 2606.873535 0.000000 0.571964 0.000000 0.820279 0.281629 0.281629 0.281629
4426.621582 0.000000 2625.497314 0.000000 0.919132 0.000000 -0.393949 0.307734 0.307734 0.307734
4757.428223 0.000000 2461.175781 0.000000 0.216225 0.000000 0.976344 0.248915 0.248915 0.248915
4762.840820 0.000000 2455.532471 0.000000 0.977291 0.000000 -0.211902 0.303750 0.303750 0.303750
4762.661621 0.000000 2450.265869 0.000000 0.927792 0.000000 0.373099 0.292698 0.292698 0.292698
4758.690430 0.000000 2456.844971 0.000000 0.837725 0.000000 0.546092 0.240829 0.240829 0.240829
4758.596680 0.000000 2449.359375 0.000000 0.828128 0.000000 0.560539 0.204628 0.204628 0.204628
4759.828125 0.000000 2453.004883 0.000000 0.979121 0.000000 0.203279 0.241191 0.241191 0.241191
4766.841309 0.000000 2460.460205 0.000000 0.698016 0.000000 0.716082 0.286280 0.286280 0.286280
4762.616211 0.000000 2452.910645 0.000000 0.316216 0.000000 0.948687 0.221952 0.221952 0.221952
4756.724609 0.000000 2458.528564 0.000000 0.822012 0.000000 -0.569470 0.271440 0.271440 0.271440
4765.193848 0.000000 2455.039307 0.000000 0.062256 0.000000 0.998060 0.232238 0.232238 0.232238
4760.281738 0.000000 2450.843262 0.000000 0.173907 0.000000 0.984762 0.273338 0.273338 0.273338
4764.897949 0.000000 2450.467041 0.000000 0.268953 0.000000 0.963153 0.275201 0.275201 0.275201
4758.347168 0.000000 2451.471680 0.000000 0.976664 0.000000 -0.214775 0.303948 0.303948 0.303948
4766.604492 0.000000 2462.108398 0.000000 0.998634 0.000000 0.052246 0.299098 0.299098 0.299098
4763.663086 0.000000 2451.623779 0.000000 0.081754 0.000000 0.996653 0.271563 0.271563 0.271563
4761.662598 0.000000 2451.623535 0.000000 0.539180 0.000000 0.842191 0.280876 0.280876 0.280876
4768.531738 0.000000 2452.015869 0.000000 0.994853 0.000000 0.101327 0.298061 0.298061 0.298061
4905.423340 0.000000 2291.797119 0.000000 0.712276 0.000000 0.701900 0.258625 0.258625 0.258625
4908.186523 0.000000 2307.083252 0.000000 0.697428 0.000000 0.716655 0.280202 0.280202 0.280202
4901.084961 0.000000 2274.172607 0.000000 0.999968 0.000000 0.007971 0.234374 0.234374 0.234374
4925.041992 0.000000 2315.033203 0.000000 0.950144 0.000000 0.311812 0.212235 0.212235 0.212235
4911.844727 0.000000 2266.485352 0.000000 0.698880 0.000000 0.715239 0.195730 0.195730 0.195730
4900.590332 0.000000 2269.381592 0.000000 0.693692 0.000000 0.720272 0.284641 0.284641 0.284641
4910.917969 0.000000 2280.689697 0.000000 0.981883 0.000000 0.189489 0.244092 0.244092 0.244092
4905.396484 0.000000 2273.133789 0.000000 0.808371 0.000000 0.588673 0.214429 0.214429 0.214429
4901.993652 0.000000 2288.938232 0.000000 0.986718 0.000000 0.162442 0.253212 0.253212 0.253212
4906.157715 0.000000 2282.211182 0.000000 0.958618 0.000000 0.284697 0.258757 0.258757 0.258757
4905.764648 0.000000 2287.699219 0.000000 0.990502 0.000000 0.137498 0.297490 0.297490 0.297490
4923.875488 0.000000 2273.581299 0.000000 0.167771 0.000000 0.985826 0.250626 0.250626 0.250626
4911.152344 0.000000 2304.845703 0.000000 0.967770 0.000000 0.251836 0.210558 0.210558 0.210558
4923.742676 0.000000 2297.052002 0.000000 0.924458 0.000000 0.381285 0.262805 0.262805 0.262805
4916.612793 0.000000 2275.086914 0.000000 0.942865 0.000000 -0.333176 0.290675 0.290675 0.290675
4907.534668 0.000000 2275.364746 0.000000 0.961154 0.000000 0.276013 0.294984 0.294984 0.294984
4922.107422 0.000000 2314.575439 0.000000 0.073541 0.000000 0.997292 0.222827 0.222827 0.222827
4906.478516 0.000000 2285.112061 0.000000 0.874820 0.000000 0.484448 0.228859 0.228859 0.228859
4908.193359 0.000000 2280.319580 0.000000 0.987367 0.000000 -0.158449 0.267928 0.267928 0.267928
4899.895020 0.000000 2271.888672 0.000000 0.999085 0.000000 -0.042758 0.259638 0.259638 0.259638
4900.193359 0.000000 2266.833984 0.000000 0.612213 0.000000 0.790693 0.242651 0.242651 0.242651
4924.341309 0.000000 2312.542725 0.000000 0.815502 0.000000 -0.578754 0.277566 0.277566 0.277566
4909.452148 0.000000 2287.944824 0.000000 0.981991 0.000000 0.188927 0.221544 0.221544 0.221544
4900.142090 0.000000 2259.470215 0.000000 0.879603 0.000000 -0.475709 0.234139 0.234139 0.234139
4895.881836 0.000000 2262.024414 0.000000 0.767835 0.000000 0.640647 0.250423 0.250423 0.250423
4908.304199 0.000000 2283.074463 0.000000 0.184343 0.000000 0.982862 0.229797 0.229797 0.229797
4892.903809 0.000000 2265.996338 0.000000 0.989113 0.000000 -0.147156 0.302550 0.302550 0.302550
4898.304199 0.000000 2275.474854 0.000000 0.615494 0.000000 0.788141 0.283886 0.283886 0.283886
4907.536621 0.000000 2272.937988 0.000000 0.109869 0.000000 0.993946 0.228486 0.228486 0.228486
4913.077637 0.000000 2291.762939 0.000000 0.813373 0.000000 0.581743 0.277932 0.277932 0.277932
4916.752441 0.000000 2305.772217 0.000000 0.993661 0.000000 0.112421 0.272637 0.272637 0.272637
4898.286621 0.000000 2263.002686 0.000000 0.190825 0.000000 0.981624 0.250945 0.250945 0.250945
4913.665527 0.000000 2288.137695 0.000000 0.148828 0.000000 0.988863 0.272853 0.272853 0.272853
4914.737793 0.000000 2292.872559 0.000000 0.991987 0.000000 0.126343 0.254206 0.254206 0.254206
4909.863281 0.000000 2306.192139 0.000000 0.602777 0.000000 0.797909 0.278160 0.278160 0.278160
4899.248535 0.000000 2273.736328 0.000000 0.992397 0.000000 0.123078 0.297805 0.297805 0.297805
4909.502441 0.000000 2281.735840 0.000000 0.952901 0.000000 -0.303282 0.269896 0.269896 0.269896
4905.028320 0.000000 2286.081787 0.000000 0.985417 0.000000 0.170158 0.296888 0.296888 0.296888
4901.573730 0.000000 2270.879150 0.000000 0.013830 0.000000 0.999904 0.270264 0.270264 0.270264
4900.465820 0.000000 2261.160889 0.000000 0.892167 0.000000 0.451706 0.286136 0.286136 0.286136
4898.940430 0.000000 2269.461426 0.000000 0.903184 0.000000 -0.429254 0.288154 0.288154 0.288154
4912.720703 0.000000 2289.418701 0.000000 0.955551 0.000000 0.294825 0.294284 0.294284 0.294284
4905.913086 0.000000 2276.769775 0.000000 0.469022 0.000000 0.883186 0.279324 0.279324 0.279324
4911.481934 0.000000 2306.933105 0.000000 0.937036 0.000000 -0.349234 0.306560 0.306560 0.306560
4906.500977 0.000000 2274.160645 0.000000 0.824820 0.000000 0.565396 0.289221 0.289221 0.289221
4899.868164 0.000000 2275.215820 0.000000 0.335091 0.000000 0.942186 0.278183 0.278183 0.278183
4898.394043 0.000000 2272.068115 0.000000 0.657114 0.000000 0.753791 0.284812 0.284812 0.284812
4893.555176 0.000000 2267.348145 0.000000 0.954789 0.000000 0.297285 0.294235 0.294235 0.294235
4972.186523 0.000000 2363.567627 0.000000 0.121273 0.000000 0.992619 0.210732 0.210732 0.210732
4946.853027 0.000000 2352.466797 0.000000 0.925870 0.000000 -0.377842 0.203002 0.203002 0.203002
4928.073242 0.000000 2354.420898 0.000000 0.043460 0.000000 0.999055 0.203729 0.203729 0.203729
4960.344727 0.000000 2354.177002 0.000000 0.132154 0.000000 0.991229 0.214725 0.214725 0.214725
4954.771973 0.000000 2365.769775 0.000000 0.998732 0.000000 0.050338 0.219451 0.219451 0.219451
4957.075684 0.000000 2368.259521 0.000000 0.959437 0.000000 -0.281925 0.248831 0.248831 0.248831
4930.892090 0.000000 2354.060547 0.000000 0.727251 0.000000 0.686371 0.250690 0.250690 0.250690
4944.405273 0.000000 2353.414551 0.000000 0.954098 0.000000 -0.299495 0.251922 0.251922 0.251922
4958.899414 0.000000 2368.721191 0.000000 0.897780 0.000000 0.440444 0.291545 0.291545 0.291545
4958.198730 0.000000 2367.107422 0.000000 0.967493 0.000000 -0.252899 0.303239 0.303239 0.303239
4935.674805 0.000000 2396.289795 0.000000 0.998235 0.000000 0.059390 0.217143 0.217143 0.217143
4959.430176 0.000000 2383.115723 0.000000 0.839977 0.000000 -0.542622 0.208999 0.208999 0.208999
4935.650879 0.000000 2389.831055 0.000000 0.100782 0.000000 0.994909 0.191931 0.191931 0.191931
4950.003418 0.000000 2386.046143 0.000000 0.848789 0.000000 -0.528731 0.225896 0.225896 0.225896
4958.227539 0.000000 2376.901123 0.000000 0.794450 0.000000 0.607329 0.231597 0.231597 0.231597
4961.860352 0.000000 2381.084961 0.000000 0.122538 0.000000 0.992464 0.254228 0.254228 0.254228
4958.946777 0.000000 2385.582764 0.000000 0.097422 0.000000 0.995243 0.227392 0.227392 0.227392
4960.125000 0.000000 2381.485840 0.000000 0.988913 0.000000 0.148496 0.272673 0.272673 0.272673
5101.255371 0.000000 2653.156738 0.000000 0.893693 0.000000 0.448678 0.256489 0.256489 0.256489
5098.622559 0.000000 2652.306396 0.000000 0.960640 0.000000 0.277795 0.277841 0.277841 0.277841
5103.961914 0.000000 2653.541260 0.000000 0.914540 0.000000 -0.404496 0.241534 0.241534 0.241534
5099.937012 0.000000 2654.708740 0.000000 0.310072 0.000000 0.950713 0.276021 0.276021 0.276021
5097.461914 0.000000 2653.880859 0.000000 0.989127 0.000000 0.147066 0.297247 0.297247 0.297247
5096.984863 0.000000 2652.504639 0.000000 0.974838 0.000000 0.222916 0.295808 0.295808 0.295808
5097.206543 0.000000 2663.309326 0.000000 0.975170 0.000000 0.221456 0.295886 0.295886 0.295886
5101.901367 0.000000 2655.719971 0.000000 0.817995 0.000000 0.575225 0.220924 0.220924 0.220924
5094.270996 0.000000 2656.172607 0.000000 0.987492 0.000000 0.157671 0.198893 0.198893 0.198893
5103.844727 0.000000 2661.875977 0.000000 0.865966 0.000000 0.500103 0.213742 0.213742 0.213742
5094.192871 0.000000 2660.472412 0.000000 0.991376 0.000000 -0.131046 0.302417 0.302417 0.302417
5102.165527 0.000000 2672.307861 0.000000 0.785642 0.000000 0.618681 0.282361 0.282361 0.282361
5100.817383 0.000000 2664.291504 0.000000 0.845951 0.000000 0.533261 0.212347 0.212347 0.212347
5105.098145 0.000000 2669.141602 0.000000 0.124862 0.000000 0.992174 0.271468 0.271468 0.271468
5108.612793 0.000000 2670.477539 0.000000 0.869587 0.000000 0.493780 0.290137 0.290137 0.290137
5101.457031 0.000000 2658.979248 0.000000 0.677934 0.000000 0.735123 0.202837 0.202837 0.202837
5094.658203 0.000000 2662.986572 0.000000 0.999995 0.000000 0.003002 0.246745 0.246745 0.246745
5110.928223 0.000000 2671.650635 0.000000 0.976647 0.000000 0.214850 0.296205 0.296205 0.296205
5099.597168 0.000000 2656.790039 0.000000 0.994391 0.000000 -0.105769 0.283099 0.283099 0.283099
5096.628906 0.000000 2660.906006 0.000000 0.935351 0.000000 0.353722 0.293582 0.293582 0.293582
5108.127930 0.000000 2672.648193 0.000000 0.962769 0.000000 0.270326 0.294772 0.294772 0.294772
5102.326660 0.000000 2665.883789 0.000000 0.968808 0.000000 -0.247811 0.288144 0.288144 0.288144
5101.664062 0.000000 2661.761230 0.000000 0.752325 0.000000 0.658793 0.285085 0.285085 0.285085
5109.305176 0.000000 2668.416504 0.000000 0.964832 0.000000 -0.262866 0.303415 0.303415 0.303415
5107.156250 0.000000 2668.838623 0.000000 0.824360 0.000000 -0.566066 0.310996 0.310996 0.310996
5106.636719 0.000000 2665.219971 0.000000 0.126500 0.000000 0.991967 0.236798 0.236798 0.236798
5105.878906 0.000000 2667.109619 0.000000 0.563353 0.000000 0.826217 0.281429 0.281429 0.281429
5103.881836 0.000000 2667.498047 0.000000 0.963184 0.000000 -0.268843 0.260197 0.260197 0.260197
5106.463867 0.000000 2670.694092 0.000000 0.695660 0.000000 0.718371 0.248585 0.248585 0.248585
5111.633301 0.000000 2673.483398 0.000000 0.008557 0.000000 0.999963 0.270163 0.270163 0.270163
5099.041992 0.000000 2663.636475 0.000000 0.911931 0.000000 0.410343 0.257035 0.257035 0.257035
5111.988281 0.000000 2670.388916 0.000000 0.970388 0.000000 0.241551 0.295724 0.295724 0.295724
5109.702637 0.000000 2672.602539 0.000000 0.895185 0.000000 -0.445696 0.308823 0.308823 0.308823
5096.668945 0.000000 2659.418945 0.000000 0.993930 0.000000 -0.110015 0.302105 0.302105 0.302105
5138.736816 0.000000 2648.402344 0.000000 0.988744 0.000000 0.149615 0.297329 0.297329 0.297329
5152.264648 0.000000 2620.149658 0.000000 0.994454 0.000000 0.105176 0.214534 0.214534 0.214534
5162.581543 0.000000 2617.086182 0.000000 0.341929 0.000000 0.939726 0.194728 0.194728 0.194728
5141.035156 0.000000 2638.998291 0.000000 0.583397 0.000000 0.812187 0.196209 0.196209 0.196209
5177.729980 0.000000 2639.070801 0.000000 0.684098 0.000000 0.729391 0.285919 0.285919 0.285919
5156.049805 0.000000 2634.570801 0.000000 0.467469 0.000000 0.884010 0.192582 0.192582 0.192582
5136.020996 0.000000 2642.509521 0.000000 0.906405 0.000000 0.422409 0.208019 0.208019 0.208019
5146.661621 0.000000 2619.718994 0.000000 0.986621 0.000000 -0.163029 0.302815 0.302815 0.302815
5146.548828 0.000000 2639.594238 0.000000 0.002717 0.000000 0.999996 0.270052 0.270052 0.270052
5143.427734 0.000000 2647.276611 0.000000 0.653358 0.000000 0.757049 0.230484 0.230484 0.230484
5141.636230 0.000000 2652.783447 0.000000 0.656206 0.000000 0.754581 0.280792 0.280792 0.280792
5140.194824 0.000000 2644.194092 0.000000 0.932823 0.000000 -0.360336 0.307040 0.307040 0.307040
5137.114746 0.000000 2652.841064 0.000000 0.991580 0.000000 0.129497 0.297534 0.297534 0.297534
5143.759277 0.000000 2642.406982 0.000000 0.999792 0.000000 0.020411 0.299610 0.299610 0.299610
5154.997070 0.000000 2654.244629 0.000000 0.924065 0.000000 0.382236 0.205117 0.205117 0.205117
5179.742676 0.000000 2635.958252 0.000000 0.459908 0.000000 0.887967 0.239007 0.239007 0.239007
5156.675781 0.000000 2631.123291 0.000000 0.925440 0.000000 -0.378893 0.264538 0.264538 0.264538
5149.565918 0.000000 2641.580078 0.000000 0.564384 0.000000 0.825513 0.261997 0.261997 0.261997
5149.234863 0.000000 2621.989990 0.000000 0.969482 0.000000 -0.245161 0.269673 0.269673 0.269673
5159.131348 0.000000 2633.260498 0.000000 0.405999 0.000000 0.913873 0.276822 0.276822 0.276822
5137.116211 0.000000 2645.528809 0.000000 0.963817 0.000000 0.266565 0.294847 0.294847 0.294847
5149.536621 0.000000 2638.294434 0.000000 0.702601 0.000000 0.711584 0.260994 0.260994 0.260994
5135.660156 0.000000 2649.446533 0.000000 0.997217 0.000000 -0.074559 0.279805 0.279805 0.279805
5141.436035 0.000000 2649.579102 0.000000 0.997987 0.000000 0.063419 0.298788 0.298788 0.298788
5160.221680 0.000000 2618.724609 0.000000 0.142958 0.000000 0.989729 0.211905 0.211905 0.211905
5178.988770 0.000000 2631.915283 0.000000 0.928911 0.000000 0.370302 0.251141 0.251141 0.251141
5175.879395 0.000000 2641.476074 0.000000 0.956391 0.000000 -0.292091 0.220734 0.220734 0.220734
5145.164062 0.000000 2654.140625 0.000000 0.995814 0.000000 0.091407 0.270163 0.270163 0.270163
5158.386719 0.000000 2620.629395 0.000000 0.094546 0.000000 0.995520 0.255694 0.255694 0.255694
5139.100098 0.000000 2651.028076 0.000000 0.088064 0.000000 0.996115 0.271684 0.271684 0.271684
5164.193359 0.000000 2619.225830 0.000000 0.879686 0.000000 -0.475555 0.234138 0.234138 0.234138
5140.862305 0.000000 2646.948242 0.000000 0.971708 0.000000 -0.236185 0.304554 0.304554 0.304554
5142.697754 0.000000 2644.799805 0.000000 0.800914 0.000000 0.598779 0.287739 0.287739 0.287739
5165.452148 0.000000 2626.851074 0.000000 0.838849 0.000000 0.544364 0.264520 0.264520 0.264520
5141.389160 0.000000 2641.507080 0.000000 0.980810 0.000000 0.194965 0.296252 0.296252 0.296252
5172.503418 0.000000 2652.698730 0.000000 0.851586 0.000000 -0.524215 0.309877 0.309877 0.309877
5139.281738 0.000000 2653.935791 0.000000 0.966224 0.000000 0.257705 0.295022 0.295022 0.295022
5144.281738 0.000000 2620.296387 0.000000 0.627886 0.000000 0.778305 0.234736 0.234736 0.234736
5143.825684 0.000000 2652.201660 0.000000 0.967945 0.000000 0.251164 0.245570 0.245570 0.245570
5134.936035 0.000000 2644.853271 0.000000 0.874178 0.000000 -0.485605 0.259534 0.259534 0.259534
5160.507812 0.000000 2622.703613 0.000000 0.927678 0.000000 -0.373382 0.306692 0.306692 0.306692
5137.040527 0.000000 2650.816650 0.000000 0.445422 0.000000 0.895321 0.280104 0.280104 0.280104
5148.530762 0.000000 2639.956299 0.000000 0.748197 0.000000 0.663477 0.261915 0.261915 0.261915
5157.000000 0.000000 2632.962891 0.000000 0.972115 0.000000 0.234504 0.273064 0.273064 0.273064
5179.123047 0.000000 2637.707520 0.000000 0.993613 0.000000 0.112838 0.298048 0.298048 0.298048
5156.762207 0.000000 2619.786377 0.000000 0.907257 0.000000 0.420576 0.291710 0.291710 0.291710
5160.327148 0.000000 2620.553223 0.000000 0.984964 0.000000 0.172760 0.296684 0.296684 0.296684
5177.096680 0.000000 2632.346191 0.000000 0.550521 0.000000 0.834821 0.281134 0.281134 0.281134
5142.371582 0.000000 2651.107178 0.000000 0.781166 0.000000 0.624323 0.287350 0.287350 0.287350
5145.175293 0.000000 2640.650879 0.000000 0.890977 0.000000 0.454049 0.290999 0.290999 0.290999
5147.871582 0.000000 2618.348633 0.000000 0.181911 0.000000 0.983315 0.276144 0.276144 0.276144
5158.209961 0.000000 2631.781250 0.000000 0.917428 0.000000 -0.397903 0.304091 0.304091 0.304091
5137.633301 0.000000 2647.110107 0.000000 0.914965 0.000000 0.403534 0.292067 0.292067 0.292067
5139.981934 0.000000 2652.463379 0.000000 0.903113 0.000000 -0.429404 0.308477 0.308477 0.308477
5140.687500 0.000000 2650.984375 0.000000 0.364373 0.000000 0.931253 0.277123 0.277123 0.277123
5140.232910 0.000000 2640.400879 0.000000 0.292157 0.000000 0.956370 0.275662 0.275662 0.275662
5139.869141 0.000000 2649.600830 0.000000 0.638218 0.000000 0.769856 0.284371 0.284371 0.284371
5143.844727 0.000000 2645.801758 0.000000 0.997257 0.000000 -0.074018 0.301415 0.301415 0.301415
5162.833008 0.000000 2622.514160 0.000000 0.999999 0.000000 -0.001573 0.300029 0.300029 0.300029
5136.417480 0.000000 2644.152344 0.000000 0.069400 0.000000 0.997589 0.271327 0.271327 0.271327
5147.274902 0.000000 2640.901123 0.000000 0.840410 0.000000 0.541950 0.289061 0.289061 0.289061
5142.076660 0.000000 2640.067139 0.000000 0.432657 0.000000 0.901559 0.278545 0.278545 0.278545
5163.860840 0.000000 2623.587402 0.000000 0.998616 0.000000 0.052586 0.299019 0.299019 0.299019
5176.805176 0.000000 2637.795410 0.000000 0.998091 0.000000 -0.061757 0.301180 0.301180 0.301180
5138.552246 0.000000 2652.432129 0.000000 0.908343 0.000000 -0.418227 0.308241 0.308241 0.308241
5142.808594 0.000000 2641.300293 0.000000 0.996228 0.000000 -0.086778 0.301659 0.301659 0.301659
5177.143066 0.000000 2642.059814 0.000000 0.527452 0.000000 0.849585 0.281600 0.281600 0.281600
5173.732422 0.000000 2653.843506 0.000000 0.566500 0.000000 0.824062 0.282663 0.282663 0.282663
5165.479492 0.000000 2622.820801 0.000000 0.987531 0.000000 0.157423 0.297010 0.297010 0.297010
5176.429688 0.000000 2635.476562 0.000000 0.676307 0.000000 0.736620 0.284185 0.284185 0.284185
5162.581543 0.000000 2673.570557 0.000000 0.599582 0.000000 0.800313 0.198426 0.198426 0.198426
5129.453613 0.000000 2661.084961 0.000000 0.934510 0.000000 0.355936 0.292140 0.292140 0.292140
5157.084961 0.000000 2669.563232 0.000000 0.268615 0.000000 0.963248 0.275194 0.275194 0.275194
5158.465332 0.000000 2679.863281 0.000000 0.985234 0.000000 -0.171215 0.256119 0.256119 0.256119
5167.844727 0.000000 2661.875977 0.000000 0.462970 0.000000 0.886374 0.253412 0.253412 0.253412
5161.396484 0.000000 2668.524414 0.000000 0.891961 0.000000 0.452112 0.259099 0.259099 0.259099
5146.844238 0.000000 2656.483154 0.000000 0.929379 0.000000 0.369127 0.292779 0.292779 0.292779
5142.302246 0.000000 2659.819580 0.000000 0.990425 0.000000 -0.138054 0.272774 0.272774 0.272774
5150.227539 0.000000 2659.322998 0.000000 0.734830 0.000000 0.678251 0.217083 0.217083 0.217083
5138.974121 0.000000 2656.168457 0.000000 0.989885 0.000000 0.141870 0.278280 0.278280 0.278280
5154.139648 0.000000 2656.491943 0.000000 0.158864 0.000000 0.987301 0.233836 0.233836 0.233836
5169.098145 0.000000 2669.141602 0.000000 0.908905 0.000000 0.417003 0.234445 0.234445 0.234445
5159.443848 0.000000 2666.054932 0.000000 0.999894 0.000000 0.014590 0.262837 0.262837 0.262837
5163.534668 0.000000 2670.755371 0.000000 0.863053 0.000000 -0.505114 0.227414 0.227414 0.227414
5160.221680 0.000000 2675.208984 0.000000 0.847129 0.000000 -0.531387 0.310700 0.310700 0.310700
5128.260254 0.000000 2663.771240 0.000000 0.987074 0.000000 -0.160265 0.233221 0.233221 0.233221
5172.340820 0.000000 2655.101807 0.000000 0.979395 0.000000 -0.201955 0.255349 0.255349 0.255349
5155.895020 0.000000 2667.279297 0.000000 0.663880 0.000000 0.747839 0.262286 0.262286 0.262286
5139.922852 0.000000 2658.564941 0.000000 0.664093 0.000000 0.747650 0.238847 0.238847 0.238847
5128.000977 0.000000 2658.826904 0.000000 0.903429 0.000000 -0.428738 0.308197 0.308197 0.308197
5153.762695 0.000000 2666.134277 0.000000 0.744852 0.000000 0.667230 0.229227 0.229227 0.229227
5147.828125 0.000000 2658.804688 0.000000 0.964262 0.000000 -0.264950 0.305091 0.305091 0.305091
5148.903809 0.000000 2661.386963 0.000000 0.721187 0.000000 0.692741 0.286760 0.286760 0.286760
5166.967285 0.000000 2670.142578 0.000000 0.999658 0.000000 -0.026145 0.236400 0.236400 0.236400
5159.451172 0.000000 2669.761230 0.000000 0.419220 0.000000 0.907884 0.278262 0.278262 0.278262
5160.507812 0.000000 2679.187988 0.000000 0.789297 0.000000 0.614012 0.241457 0.241457 0.241457
5168.601562 0.000000 2659.607910 0.000000 0.717586 0.000000 0.696469 0.285285 0.285285 0.285285
5161.380859 0.000000 2670.713135 0.000000 0.824224 0.000000 -0.566264 0.295921 0.295921 0.295921
5158.302734 0.000000 2667.832275 0.000000 0.986959 0.000000 -0.160975 0.265111 0.265111 0.265111
5143.051758 0.000000 2657.813477 0.000000 0.827485 0.000000 0.561488 0.288614 0.288614 0.288614
5141.078125 0.000000 2656.893311 0.000000 0.144901 0.000000 0.989446 0.272777 0.272777 0.272777
5166.857422 0.000000 2660.269531 0.000000 0.043602 0.000000 0.999049 0.247524 0.247524 0.247524
5155.248535 0.000000 2669.126953 0.000000 0.875109 0.000000 -0.483926 0.298572 0.298572 0.298572
5160.686523 0.000000 2673.418701 0.000000 0.981710 0.000000 0.190381 0.257261 0.257261 0.257261
5161.984863 0.000000 2675.702148 0.000000 0.233159 0.000000 0.972439 0.274494 0.274494 0.274494
5169.127930 0.000000 2656.593506 0.000000 0.987297 0.000000 -0.158883 0.302832 0.302832 0.302832
5144.548340 0.000000 2656.822510 0.000000 0.978828 0.000000 -0.204684 0.303937 0.303937 0.303937
5130.945312 0.000000 2654.911865 0.000000 0.624687 0.000000 0.780875 0.269604 0.269604 0.269604
5146.472168 0.000000 2657.999268 0.000000 0.823295 0.000000 0.567614 0.288472 0.288472 0.288472
5129.455566 0.000000 2659.532715 0.000000 0.893790 0.000000 0.448485 0.291396 0.291396 0.291396
5159.754395 0.000000 2680.674072 0.000000 0.970252 0.000000 0.242098 0.295568 0.295568 0.295568
5146.266113 0.000000 2659.523682 0.000000 0.881570 0.000000 -0.472053 0.309334 0.309334 0.309334
5168.982910 0.000000 2658.196777 0.000000 0.968564 0.000000 0.248766 0.295199 0.295199 0.295199
5235.915527 0.000000 2666.806885 0.000000 0.946175 0.000000 -0.323654 0.297506 0.297506 0.297506
5221.084961 0.000000 2669.563232 0.000000 0.951791 0.000000 0.306748 0.225351 0.225351 0.225351
5229.791016 0.000000 2668.103760 0.000000 0.007757 0.000000 0.999970 0.216899 0.216899 0.216899
5218.074219 0.000000 2660.285400 0.000000 0.939922 0.000000 0.341389 0.236381 0.236381 0.236381
5225.396484 0.000000 2668.524414 0.000000 0.867189 0.000000 0.497980 0.235089 0.235089 0.235089
5222.192871 0.000000 2660.472412 0.000000 0.794306 0.000000 0.607518 0.235267 0.235267 0.235267
5228.817383 0.000000 2664.291504 0.000000 0.497070 0.000000 0.867711 0.250959 0.250959 0.250959
5236.612793 0.000000 2670.477539 0.000000 0.999837 0.000000 -0.018039 0.300342 0.300342 0.300342
5223.553711 0.000000 2671.968018 0.000000 0.971975 0.000000 -0.235083 0.260918 0.260918 0.260918
5238.469238 0.000000 2664.919678 0.000000 0.989922 0.000000 0.141615 0.232479 0.232479 0.232479
5223.443848 0.000000 2666.054932 0.000000 0.574039 0.000000 0.818828 0.268644 0.268644 0.268644
5234.335449 0.000000 2675.658691 0.000000 0.937616 0.000000 -0.347672 0.262374 0.262374 0.262374
5219.895020 0.000000 2667.279297 0.000000 0.977699 0.000000 0.210012 0.269051 0.269051 0.269051
5220.193359 0.000000 2662.224609 0.000000 0.775120 0.000000 0.631814 0.252124 0.252124 0.252124
5238.928223 0.000000 2671.650635 0.000000 0.827506 0.000000 0.561457 0.271545 0.271545 0.271545
5220.534668 0.000000 2671.943604 0.000000 0.687594 0.000000 0.726095 0.266301 0.266301 0.266301
5236.127930 0.000000 2672.648193 0.000000 0.519714 0.000000 0.854340 0.233282 0.233282 0.233282
5225.380859 0.000000 2670.713135 0.000000 0.990361 0.000000 0.138510 0.255161 0.255161 0.255161
5241.361328 0.000000 2667.554932 0.000000 0.994137 0.000000 -0.108130 0.271225 0.271225 0.271225
5234.636719 0.000000 2665.219971 0.000000 0.999879 0.000000 0.015548 0.253316 0.253316 0.253316
5239.476074 0.000000 2666.660889 0.000000 0.997498 0.000000 -0.070690 0.259987 0.259987 0.259987
5223.815430 0.000000 2664.319336 0.000000 0.754302 0.000000 0.656527 0.261528 0.261528 0.261528
5285.084961 0.000000 2669.563232 0.000000 0.882299 0.000000 -0.470690 0.272889 0.272889 0.272889
5255.650879 0.000000 2672.252930 0.000000 0.728111 0.000000 0.685460 0.194909 0.194909 0.194909
5287.553711 0.000000 2671.968018 0.000000 0.168444 0.000000 0.985711 0.273232 0.273232 0.273232
5288.221680 0.000000 2675.208984 0.000000 0.821864 0.000000 -0.569684 0.258927 0.258927 0.258927
5256.162109 0.000000 2674.486328 0.000000 0.892689 0.000000 0.450674 0.241536 0.241536 0.241536
5282.304199 0.000000 2670.865479 0.000000 0.475636 0.000000 0.879642 0.252122 0.252122 0.252122
5286.058105 0.000000 2671.068115 0.000000 0.268434 0.000000 0.963298 0.275190 0.275190 0.275190
5433.614258 0.000000 2650.662354 0.000000 0.112208 0.000000 0.993685 0.201369 0.201369 0.201369
5438.612305 0.000000 2649.921631 0.000000 0.992542 0.000000 0.121906 0.215503 0.215503 0.215503
5432.579102 0.000000 2647.443604 0.000000 0.057974 0.000000 0.998318 0.215949 0.215949 0.215949
5439.022949 0.000000 2652.446777 0.000000 0.840720 0.000000 -0.541471 0.243726 0.243726 0.243726
5435.743652 0.000000 2649.008789 0.000000 0.776864 0.000000 0.629669 0.250600 0.250600 0.250600
5433.560059 0.000000 2648.925293 0.000000 0.885056 0.000000 -0.465484 0.286395 0.286395 0.286395
5449.453613 0.000000 2661.084961 0.000000 0.131574 0.000000 0.991306 0.205940 0.205940 0.205940
5477.084961 0.000000 2669.563232 0.000000 0.495640 0.000000 0.868528 0.222409 0.222409 0.222409
5454.716309 0.000000 2664.499268 0.000000 0.851984 0.000000 0.523568 0.218305 0.218305 0.218305
5449.437988 0.000000 2655.583252 0.000000 0.396299 0.000000 0.918122 0.200219 0.200219 0.200219
5457.653320 0.000000 2663.235107 0.000000 0.994136 0.000000 0.108136 0.214509 0.214509 0.214509
5450.448242 0.000000 2658.370605 0.000000 0.905828 0.000000 0.423645 0.217171 0.217171 0.217171
5446.297363 0.000000 2656.113770 0.000000 0.759637 0.000000 0.650347 0.225799 0.225799 0.225799
5448.000977 0.000000 2658.826904 0.000000 0.929118 0.000000 0.369783 0.275307 0.275307 0.275307
5481.380859 0.000000 2670.713135 0.000000 0.996699 0.000000 -0.081191 0.264074 0.264074 0.264074
5455.876465 0.000000 2663.213867 0.000000 0.144383 0.000000 0.989522 0.263902 0.263902 0.263902
5453.156250 0.000000 2663.702148 0.000000 0.029710 0.000000 0.999559 0.271375 0.271375 0.271375
5452.093750 0.000000 2662.853271 0.000000 0.537237 0.000000 0.843431 0.281358 0.281358 0.281358
5502.112305 0.000000 2755.168701 0.000000 0.190804 0.000000 0.981628 0.199538 0.199538 0.199538
5454.189453 0.000000 2804.178223 0.000000 0.814962 0.000000 0.579515 0.289167 0.289167 0.289167
5467.221680 0.000000 2813.762939 0.000000 0.936112 0.000000 0.351701 0.227609 0.227609 0.227609
5479.675293 0.000000 2822.508301 0.000000 0.267756 0.000000 0.963487 0.209110 0.209110 0.209110
5453.646484 0.000000 2808.480713 0.000000 0.741760 0.000000 0.670666 0.251992 0.251992 0.251992
5466.280762 0.000000 2811.580811 0.000000 0.549589 0.000000 0.835435 0.281928 0.281928 0.281928
5455.784668 0.000000 2809.557129 0.000000 0.572380 0.000000 0.819988 0.224831 0.224831 0.224831
5463.550293 0.000000 2809.523438 0.000000 0.812937 0.000000 0.582352 0.289222 0.289222 0.289222
5467.274902 0.000000 2810.354248 0.000000 0.876544 0.000000 -0.481322 0.309177 0.309177 0.309177
5462.076660 0.000000 2809.520264 0.000000 0.148902 0.000000 0.988852 0.275356 0.275356 0.275356
5504.354004 0.000000 2759.217773 0.000000 0.938069 0.000000 0.346447 0.239569 0.239569 0.239569
5545.423340 0.000000 2743.672119 0.000000 0.674950 0.000000 0.737863 0.248743 0.248743 0.248743
5531.221680 0.000000 2757.278564 0.000000 0.976720 0.000000 -0.214519 0.210921 0.210921 0.210921
5507.716309 0.000000 2752.356201 0.000000 0.896688 0.000000 -0.442663 0.247820 0.247820 0.247820
5536.909180 0.000000 2753.493408 0.000000 0.547383 0.000000 0.836882 0.239188 0.239188 0.239188
5508.957031 0.000000 2757.416992 0.000000 0.228640 0.000000 0.973511 0.192366 0.192366 0.192366
5541.993652 0.000000 2740.813232 0.000000 0.921878 0.000000 0.387481 0.231549 0.231549 0.231549
5504.390625 0.000000 2754.800049 0.000000 0.490503 0.000000 0.871440 0.222350 0.222350 0.222350
5536.344727 0.000000 2749.567627 0.000000 0.711699 0.000000 0.702484 0.247837 0.247837 0.247837
5511.290527 0.000000 2754.095215 0.000000 0.925587 0.000000 -0.378536 0.280888 0.280888 0.280888
5545.927734 0.000000 2755.983154 0.000000 0.670993 0.000000 0.741464 0.263943 0.263943 0.263943
5504.956543 0.000000 2752.369873 0.000000 0.938401 0.000000 0.345549 0.230922 0.230922 0.230922
5543.437012 0.000000 2738.631836 0.000000 0.905598 0.000000 0.424137 0.243474 0.243474 0.243474
5538.794434 0.000000 2749.509521 0.000000 0.520956 0.000000 0.853583 0.252318 0.252318 0.252318
5548.424316 0.000000 2763.796143 0.000000 0.074977 0.000000 0.997185 0.232860 0.232860 0.232860
5505.798828 0.000000 2761.188965 0.000000 0.996294 0.000000 -0.086018 0.301580 0.301580 0.301580
5529.195312 0.000000 2756.825684 0.000000 0.588848 0.000000 0.808244 0.242809 0.242809 0.242809
5544.504883 0.000000 2754.643555 0.000000 0.924412 0.000000 -0.381395 0.281517 0.281517 0.281517
5511.856445 0.000000 2755.931641 0.000000 0.266661 0.000000 0.963790 0.256794 0.256794 0.256794
5504.313965 0.000000 2760.991943 0.000000 0.972761 0.000000 0.231810 0.295707 0.295707 0.295707
5543.114258 0.000000 2741.704834 0.000000 0.360746 0.000000 0.932664 0.277049 0.277049 0.277049
5565.733887 0.000000 2801.944580 0.000000 0.964036 0.000000 0.265771 0.210989 0.210989 0.210989
5540.176270 0.000000 2811.753906 0.000000 0.576016 0.000000 0.817438 0.238073 0.238073 0.238073
5540.675781 0.000000 2800.576416 0.000000 0.983102 0.000000 0.183057 0.207816 0.207816 0.207816
5542.737793 0.000000 2806.212158 0.000000 0.996556 0.000000 -0.082927 0.266923 0.266923 0.266923
5538.441895 0.000000 2801.697754 0.000000 0.633906 0.000000 0.773410 0.227143 0.227143 0.227143
5533.269531 0.000000 2769.893799 0.000000 0.277285 0.000000 0.960788 0.217112 0.217112 0.217112
5538.794434 0.000000 2805.993896 0.000000 0.999653 0.000000 0.026329 0.244248 0.244248 0.244248
5542.151855 0.000000 2808.058105 0.000000 0.647947 0.000000 0.761686 0.253883 0.253883 0.253883
5538.940430 0.000000 2777.820801 0.000000 0.996950 0.000000 -0.078041 0.290597 0.290597 0.290597
5571.605469 0.000000 2791.010986 0.000000 0.126130 0.000000 0.992014 0.270104 0.270104 0.270104
5478.270996 0.000000 2825.625732 0.000000 0.994307 0.000000 -0.106555 0.255904 0.255904 0.255904
5503.097656 0.000000 2863.607910 0.000000 0.105591 0.000000 0.994410 0.213018 0.213018 0.213018
5482.133789 0.000000 2828.356201 0.000000 0.997938 0.000000 -0.064187 0.255958 0.255958 0.255958
5498.308594 0.000000 2868.818359 0.000000 0.957717 0.000000 0.287712 0.242419 0.242419 0.242419
5474.139648 0.000000 2825.945068 0.000000 0.954973 0.000000 0.296692 0.283488 0.283488 0.283488
5485.457031 0.000000 2828.432373 0.000000 0.803563 0.000000 0.595220 0.230703 0.230703 0.230703
5500.718750 0.000000 2865.450195 0.000000 0.926411 0.000000 -0.376513 0.253435 0.253435 0.253435
5495.879395 0.000000 2867.413574 0.000000 0.617418 0.000000 0.786636 0.257402 0.257402 0.257402
5476.294922 0.000000 2827.875488 0.000000 0.885023 0.000000 0.465547 0.291259 0.291259 0.291259
5476.193359 0.000000 2831.677734 0.000000 0.825669 0.000000 0.564155 0.242163 0.242163 0.242163
5481.191406 0.000000 2826.349121 0.000000 0.972519 0.000000 -0.232822 0.302886 0.302886 0.302886
5486.857422 0.000000 2829.722656 0.000000 0.810875 0.000000 -0.585220 0.272288 0.272288 0.272288
5477.573730 0.000000 2835.722900 0.000000 0.829091 0.000000 -0.559114 0.310621 0.310621 0.310621
5477.911621 0.000000 2827.378418 0.000000 0.677982 0.000000 0.735078 0.285095 0.285095 0.285095
5476.465820 0.000000 2826.004639 0.000000 0.921129 0.000000 0.389256 0.292783 0.292783 0.292783
5474.589355 0.000000 2824.416992 0.000000 0.303177 0.000000 0.952934 0.268335 0.268335 0.268335
5492.600586 0.000000 2903.916992 0.000000 0.991361 0.000000 -0.131161 0.228965 0.228965 0.228965
5494.117188 0.000000 2887.724609 0.000000 0.185515 0.000000 0.982641 0.204436 0.204436 0.204436
5491.521484 0.000000 2908.711914 0.000000 0.540124 0.000000 0.841586 0.234555 0.234555 0.234555
5502.127441 0.000000 2898.143066 0.000000 0.364093 0.000000 0.931363 0.197427 0.197427 0.197427
5497.786621 0.000000 2885.228027 0.000000 0.994477 0.000000 -0.104958 0.291027 0.291027 0.291027
5494.469238 0.000000 2890.857178 0.000000 0.734881 0.000000 0.678196 0.233753 0.233753 0.233753
5490.278320 0.000000 2911.412109 0.000000 0.138302 0.000000 0.990390 0.236463 0.236463 0.236463
5495.542480 0.000000 2903.833008 0.000000 0.544475 0.000000 0.838777 0.281294 0.281294 0.281294
5491.409180 0.000000 2906.189453 0.000000 0.995517 0.000000 -0.094583 0.233706 0.233706 0.233706
5496.357422 0.000000 2889.050049 0.000000 0.899687 0.000000 -0.436536 0.258290 0.258290 0.258290
5502.188965 0.000000 2895.777832 0.000000 0.590229 0.000000 0.807236 0.233198 0.233198 0.233198
5491.339844 0.000000 2915.992432 0.000000 0.822093 0.000000 0.569353 0.276610 0.276610 0.276610
5494.075195 0.000000 2902.248047 0.000000 0.974002 0.000000 0.226540 0.295704 0.295704 0.295704
5496.123047 0.000000 2884.046631 0.000000 0.916733 0.000000 -0.399501 0.295887 0.295887 0.295887
5494.093750 0.000000 2904.970459 0.000000 0.638708 0.000000 0.769449 0.271387 0.271387 0.271387
5494.518555 0.000000 2884.392090 0.000000 0.911263 0.000000 0.411824 0.292513 0.292513 0.292513
5567.419434 0.000000 2846.090820 0.000000 0.908525 0.000000 0.417830 0.269202 0.269202 0.269202
5566.018555 0.000000 2850.113770 0.000000 0.901804 0.000000 -0.432145 0.248863 0.248863 0.248863
5504.073242 0.000000 2862.780273 0.000000 0.944013 0.000000 -0.329909 0.306421 0.306421 0.306421
5550.444824 0.000000 2875.581055 0.000000 0.844383 0.000000 -0.535739 0.217739 0.217739 0.217739
5513.889160 0.000000 2879.483887 0.000000 0.999754 0.000000 0.022190 0.296825 0.296825 0.296825
5553.605957 0.000000 2877.072510 0.000000 0.960600 0.000000 0.277935 0.215806 0.215806 0.215806
5513.640137 0.000000 2857.445801 0.000000 0.970434 0.000000 -0.241366 0.265596 0.265596 0.265596
5566.998535 0.000000 2848.200439 0.000000 0.882932 0.000000 -0.469501 0.268152 0.268152 0.268152
5513.114258 0.000000 2854.332520 0.000000 0.970144 0.000000 -0.242529 0.261013 0.261013 0.261013
5550.877930 0.000000 2877.642334 0.000000 0.241944 0.000000 0.970290 0.240616 0.240616 0.240616
5512.026367 0.000000 2878.673096 0.000000 0.639572 0.000000 0.768731 0.282430 0.282430 0.282430
5566.777344 0.000000 2844.646973 0.000000 0.587692 0.000000 0.809085 0.281998 0.281998 0.281998
5505.161133 0.000000 2863.498779 0.000000 0.981135 0.000000 0.193324 0.296284 0.296284 0.296284
5571.589355 0.000000 2836.601074 0.000000 0.287502 0.000000 0.957780 0.259019 0.259019 0.259019
5577.453613 0.000000 2830.538086 0.000000 0.883217 0.000000 0.468965 0.219405 0.219405 0.219405
5573.348633 0.000000 2832.660645 0.000000 0.781624 0.000000 0.623749 0.207717 0.207717 0.207717
5571.605469 0.000000 2847.495361 0.000000 0.981407 0.000000 -0.191938 0.222703 0.222703 0.222703
5572.061523 0.000000 2840.428467 0.000000 0.554531 0.000000 0.832163 0.207778 0.207778 0.207778
5573.178223 0.000000 2849.588867 0.000000 0.998461 0.000000 -0.055452 0.221495 0.221495 0.221495
5576.000977 0.000000 2828.280029 0.000000 0.232225 0.000000 0.972662 0.270468 0.270468 0.270468
5569.439453 0.000000 2848.598145 0.000000 0.912248 0.000000 0.409638 0.231842 0.231842 0.231842
5570.523438 0.000000 2838.633545 0.000000 0.433389 0.000000 0.901207 0.247062 0.247062 0.247062
5570.200195 0.000000 2840.837891 0.000000 0.995119 0.000000 0.098686 0.262858 0.262858 0.262858
5577.455566 0.000000 2828.985840 0.000000 0.185168 0.000000 0.982707 0.269687 0.269687 0.269687
5571.273438 0.000000 2849.052002 0.000000 0.631141 0.000000 0.775668 0.283577 0.283577 0.283577
5558.117188 0.000000 2887.724609 0.000000 0.164295 0.000000 0.986411 0.273152 0.273152 0.273152
5561.786621 0.000000 2885.228027 0.000000 0.953788 0.000000 0.300481 0.204692 0.204692 0.204692
5550.165527 0.000000 2898.245361 0.000000 0.814199 0.000000 -0.580586 0.264450 0.264450 0.264450
5552.446289 0.000000 2891.533936 0.000000 0.997794 0.000000 0.066387 0.209843 0.209843 0.209843
5553.098145 0.000000 2895.079102 0.000000 0.994252 0.000000 0.107064 0.260534 0.260534 0.260534
5558.469238 0.000000 2890.857178 0.000000 0.800846 0.000000 0.598870 0.249521 0.249521 0.249521
5553.495117 0.000000 2880.803223 0.000000 0.489973 0.000000 0.871738 0.265172 0.265172 0.265172
5512.000977 0.000000 2884.764404 0.000000 0.902488 0.000000 -0.430714 0.253528 0.253528 0.253528
5551.774902 0.000000 2899.891602 0.000000 0.956911 0.000000 -0.290380 0.260471 0.260471 0.260471
5552.601562 0.000000 2885.545410 0.000000 0.823105 0.000000 0.567889 0.257850 0.257850 0.257850
5508.386230 0.000000 2891.120117 0.000000 0.330662 0.000000 0.943749 0.237844 0.237844 0.237844
5555.156250 0.000000 2894.776123 0.000000 0.936562 0.000000 0.350501 0.293161 0.293161 0.293161
5554.636719 0.000000 2891.157471 0.000000 0.998004 0.000000 -0.063150 0.294876 0.294876 0.294876
5552.094238 0.000000 2897.812500 0.000000 0.897794 0.000000 0.440416 0.249676 0.249676 0.249676
5558.014648 0.000000 2886.223145 0.000000 0.197701 0.000000 0.980262 0.273801 0.273801 0.273801
5559.597168 0.000000 2887.619385 0.000000 0.487720 0.000000 0.873000 0.279730 0.279730 0.279730
"}
object={
	name="cypress_mediterranean_sparse_generator_1_1"
	clamp_to_water_level=no
	render_under_water=no
	generated_content=yes
	layer="semidynamic"
	pdxmesh="tree_cypress_mediterranean_01_mesh"
	count=421
	transform="4013.233887 0.000000 2398.240967 0.000000 0.789446 0.000000 -0.613821 0.204570 0.204570 0.204570
3991.538086 0.000000 2408.630615 0.000000 0.701738 0.000000 -0.712435 0.205543 0.205543 0.205543
3979.937012 0.000000 2405.113037 0.000000 0.092774 0.000000 -0.995687 0.223228 0.223228 0.223228
4018.278564 0.000000 2403.052734 0.000000 0.666991 0.000000 -0.745066 0.225976 0.225976 0.225976
3997.260010 0.000000 2406.613037 0.000000 0.719786 0.000000 -0.694196 0.228338 0.228338 0.228338
4027.206543 0.000000 2402.324463 0.000000 0.767501 0.000000 -0.641048 0.268994 0.268994 0.268994
4010.478760 0.000000 2398.080811 0.000000 0.747668 0.000000 -0.664073 0.233946 0.233946 0.233946
3989.175049 0.000000 2407.561768 0.000000 0.612310 0.000000 -0.790618 0.271102 0.271102 0.271102
4031.545410 0.000000 2404.302734 0.000000 0.759919 0.000000 -0.650018 0.259517 0.259517 0.259517
4001.051514 0.000000 2404.535156 0.000000 0.234665 0.000000 -0.972076 0.270648 0.270648 0.270648
3995.789307 0.000000 2407.523438 0.000000 0.251040 0.000000 -0.967977 0.287067 0.287067 0.287067
4037.003174 0.000000 2408.471680 0.000000 0.543250 0.000000 -0.839571 0.271544 0.271544 0.271544
4070.885986 0.000000 2416.505371 0.000000 0.302812 0.000000 -0.953050 0.276780 0.276780 0.276780
4044.962891 0.000000 2402.464355 0.000000 0.552885 0.000000 -0.833258 0.310650 0.310650 0.310650
3969.469238 0.000000 2483.376221 0.000000 0.641510 0.000000 -0.767115 0.229887 0.229887 0.229887
3991.427979 0.000000 2477.823486 0.000000 0.627548 0.000000 -0.778578 0.222797 0.222797 0.222797
4025.614258 0.000000 2481.209229 0.000000 0.086932 0.000000 -0.996214 0.324177 0.324177 0.324177
3988.194824 0.000000 2474.740967 0.000000 0.420192 0.000000 -0.907435 0.271418 0.271418 0.271418
3985.116211 0.000000 2476.075684 0.000000 0.500556 0.000000 -0.865704 0.260991 0.260991 0.260991
3997.075928 0.000000 2481.228271 0.000000 0.764126 0.000000 -0.645066 0.313390 0.313390 0.313390
3990.697754 0.000000 2475.346680 0.000000 0.189612 0.000000 -0.981859 0.235633 0.235633 0.235633
4020.960205 0.000000 2478.887207 0.000000 0.362226 0.000000 -0.932090 0.300755 0.300755 0.300755
4067.530762 0.000000 2479.416748 0.000000 0.778125 0.000000 -0.628109 0.265781 0.265781 0.265781
4070.270752 0.000000 2430.235107 0.000000 0.630677 0.000000 -0.776046 0.206099 0.206099 0.206099
4057.924805 0.000000 2482.068604 0.000000 0.267609 0.000000 -0.963528 0.307427 0.307427 0.307427
4065.638184 0.000000 2475.596680 0.000000 0.805363 0.000000 -0.592782 0.218889 0.218889 0.218889
4087.010986 0.000000 2483.781006 0.000000 0.289462 0.000000 -0.957190 0.252897 0.252897 0.252897
4064.693359 0.000000 2480.816406 0.000000 0.374779 0.000000 -0.927114 0.240728 0.240728 0.240728
4061.075928 0.000000 2481.228271 0.000000 0.021481 0.000000 -0.999769 0.326689 0.326689 0.326689
4068.101074 0.000000 2476.689453 0.000000 0.707982 0.000000 -0.706230 0.243507 0.243507 0.243507
4065.210693 0.000000 2478.270996 0.000000 0.367780 0.000000 -0.929913 0.272120 0.272120 0.272120
4075.937012 0.000000 2485.255615 0.000000 0.655951 0.000000 -0.754804 0.258804 0.258804 0.258804
4079.227539 0.000000 2430.347412 0.000000 0.777297 0.000000 -0.629134 0.312817 0.312817 0.312817
3955.915527 0.000000 2497.353760 0.000000 0.172511 0.000000 -0.985008 0.224469 0.224469 0.224469
3917.467529 0.000000 2500.867676 0.000000 0.538707 0.000000 -0.842493 0.292762 0.292762 0.292762
3953.044678 0.000000 2533.996338 0.000000 0.381555 0.000000 -0.924346 0.208126 0.208126 0.208126
3952.446289 0.000000 2496.143311 0.000000 0.336855 0.000000 -0.941556 0.258652 0.258652 0.258652
3942.658447 0.000000 2493.533447 0.000000 0.726231 0.000000 -0.687451 0.228854 0.228854 0.228854
3951.560791 0.000000 2528.076172 0.000000 0.434814 0.000000 -0.900520 0.243195 0.243195 0.243195
3955.473145 0.000000 2525.690430 0.000000 0.084943 0.000000 -0.996386 0.308356 0.308356 0.308356
3950.914795 0.000000 2494.398193 0.000000 0.522386 0.000000 -0.852709 0.283050 0.283050 0.283050
3967.211670 0.000000 2496.144287 0.000000 0.641241 0.000000 -0.767340 0.316640 0.316640 0.316640
3953.047119 0.000000 2494.136963 0.000000 0.256542 0.000000 -0.966533 0.324014 0.324014 0.324014
4026.134033 0.000000 2512.776855 0.000000 0.012245 0.000000 -0.999925 0.272696 0.272696 0.272696
3977.095459 0.000000 2497.299805 0.000000 0.386793 0.000000 -0.922166 0.284487 0.284487 0.284487
4030.112061 0.000000 2529.231201 0.000000 0.679801 0.000000 -0.733397 0.217427 0.217427 0.217427
3968.173096 0.000000 2487.137207 0.000000 0.477753 0.000000 -0.878494 0.267510 0.267510 0.267510
4021.811279 0.000000 2526.611572 0.000000 0.556019 0.000000 -0.831169 0.216855 0.216855 0.216855
4027.742432 0.000000 2522.989502 0.000000 0.742456 0.000000 -0.669894 0.211966 0.211966 0.211966
4022.496338 0.000000 2514.621338 0.000000 0.362578 0.000000 -0.931953 0.307783 0.307783 0.307783
4023.033203 0.000000 2523.760498 0.000000 0.071513 0.000000 -0.997440 0.298702 0.298702 0.298702
3974.114014 0.000000 2524.270996 0.000000 0.800786 0.000000 -0.598951 0.274907 0.274907 0.274907
3977.349609 0.000000 2537.867676 0.000000 0.580818 0.000000 -0.814033 0.269128 0.269128 0.269128
3990.908936 0.000000 2496.312256 0.000000 0.199115 0.000000 -0.979976 0.256416 0.256416 0.256416
3995.921387 0.000000 2501.268311 0.000000 0.706028 0.000000 -0.708184 0.238720 0.238720 0.238720
4028.546387 0.000000 2513.252197 0.000000 0.806981 0.000000 -0.590577 0.312066 0.312066 0.312066
4025.397217 0.000000 2523.462891 0.000000 0.525937 0.000000 -0.850524 0.268699 0.268699 0.268699
4030.298584 0.000000 2534.783203 0.000000 0.515903 0.000000 -0.856647 0.305076 0.305076 0.305076
4017.077393 0.000000 2517.700439 0.000000 0.011880 0.000000 -0.999929 0.266852 0.266852 0.266852
3979.119385 0.000000 2538.931641 0.000000 0.210319 0.000000 -0.977633 0.312906 0.312906 0.312906
3988.110352 0.000000 2498.950195 0.000000 0.203059 0.000000 -0.979167 0.305863 0.305863 0.305863
3970.331055 0.000000 2525.258301 0.000000 0.166332 0.000000 -0.986070 0.294723 0.294723 0.294723
3968.096924 0.000000 2525.349854 0.000000 0.238772 0.000000 -0.971076 0.324499 0.324499 0.324499
4064.264404 0.000000 2507.180908 0.000000 0.646561 0.000000 -0.762862 0.265047 0.265047 0.265047
4073.423340 0.000000 2517.734619 0.000000 0.211841 0.000000 -0.977304 0.210436 0.210436 0.210436
4032.290283 0.000000 2519.677734 0.000000 0.243634 0.000000 -0.969867 0.259095 0.259095 0.259095
4083.915527 0.000000 2497.353760 0.000000 0.585172 0.000000 -0.810909 0.261066 0.261066 0.261066
4042.048096 0.000000 2530.812744 0.000000 0.508426 0.000000 -0.861106 0.209996 0.209996 0.209996
4053.034912 0.000000 2526.029541 0.000000 0.625298 0.000000 -0.780386 0.247673 0.247673 0.247673
4048.020752 0.000000 2529.540771 0.000000 0.668628 0.000000 -0.743597 0.267742 0.267742 0.267742
4049.626221 0.000000 2490.521973 0.000000 0.160037 0.000000 -0.987111 0.326930 0.326930 0.326930
4037.003174 0.000000 2521.440430 0.000000 0.504113 0.000000 -0.863638 0.282714 0.282714 0.282714
4049.893799 0.000000 2498.627197 0.000000 0.026710 0.000000 -0.999643 0.221222 0.221222 0.221222
4048.913574 0.000000 2517.882568 0.000000 0.509879 0.000000 -0.860246 0.298901 0.298901 0.298901
4069.993652 0.000000 2514.875732 0.000000 0.134496 0.000000 -0.990914 0.325434 0.325434 0.325434
4032.073242 0.000000 2523.874023 0.000000 0.721539 0.000000 -0.692373 0.208031 0.208031 0.208031
4035.856934 0.000000 2535.384521 0.000000 0.373805 0.000000 -0.927508 0.263233 0.263233 0.263233
4073.764648 0.000000 2513.636719 0.000000 0.463034 0.000000 -0.886340 0.254027 0.254027 0.254027
4055.827881 0.000000 2509.489258 0.000000 0.148530 0.000000 -0.988908 0.258883 0.258883 0.258883
4049.216553 0.000000 2525.193848 0.000000 0.628441 0.000000 -0.777857 0.248239 0.248239 0.248239
4060.683105 0.000000 2498.746338 0.000000 0.118255 0.000000 -0.992983 0.260497 0.260497 0.260497
4067.373291 0.000000 2512.255859 0.000000 0.235903 0.000000 -0.971777 0.325452 0.325452 0.325452
4081.098145 0.000000 2499.688477 0.000000 0.051136 0.000000 -0.998692 0.276125 0.276125 0.276125
4038.114014 0.000000 2524.270996 0.000000 0.457370 0.000000 -0.889277 0.242949 0.242949 0.242949
4084.340576 0.000000 2485.648682 0.000000 0.478873 0.000000 -0.877884 0.260034 0.260034 0.260034
4034.892334 0.000000 2523.513672 0.000000 0.517446 0.000000 -0.855716 0.319305 0.319305 0.319305
4070.386963 0.000000 2507.660645 0.000000 0.355439 0.000000 -0.934699 0.271651 0.271651 0.271651
4034.786133 0.000000 2520.213135 0.000000 0.801392 0.000000 -0.598139 0.311885 0.311885 0.311885
4065.496826 0.000000 2509.543213 0.000000 0.633536 0.000000 -0.773713 0.283658 0.283658 0.283658
4058.002197 0.000000 2499.347900 0.000000 0.135459 0.000000 -0.990783 0.266718 0.266718 0.266718
4072.581299 0.000000 2515.576904 0.000000 0.311791 0.000000 -0.950151 0.255796 0.255796 0.255796
4045.897461 0.000000 2528.420410 0.000000 0.443259 0.000000 -0.896394 0.271103 0.271103 0.271103
4078.326416 0.000000 2496.430664 0.000000 0.059621 0.000000 -0.998221 0.276021 0.276021 0.276021
4083.156250 0.000000 2499.385498 0.000000 0.517241 0.000000 -0.855840 0.262007 0.262007 0.262007
4056.739258 0.000000 2513.881592 0.000000 0.149604 0.000000 -0.988746 0.282002 0.282002 0.282002
4081.878906 0.000000 2497.656494 0.000000 0.045744 0.000000 -0.998953 0.276192 0.276192 0.276192
4050.928467 0.000000 2526.217285 0.000000 0.393957 0.000000 -0.919129 0.271771 0.271771 0.271771
4036.837402 0.000000 2533.552246 0.000000 0.004709 0.000000 -0.999989 0.329910 0.329910 0.329910
4037.526123 0.000000 2526.378418 0.000000 0.342196 0.000000 -0.939629 0.299159 0.299159 0.299159
4069.219971 0.000000 2508.891846 0.000000 0.520934 0.000000 -0.853597 0.318309 0.318309 0.318309
4038.216797 0.000000 2532.544434 0.000000 0.672560 0.000000 -0.740042 0.289687 0.289687 0.289687
4076.378174 0.000000 2485.808838 0.000000 0.575723 0.000000 -0.817645 0.296466 0.296466 0.296466
4035.459473 0.000000 2521.828857 0.000000 0.194588 0.000000 -0.980885 0.325487 0.325487 0.325487
4076.179932 0.000000 2488.735596 0.000000 0.753090 0.000000 -0.657918 0.308683 0.308683 0.308683
7165.041992 0.000000 902.923767 0.000000 0.384418 0.000000 -0.923159 0.224530 0.224530 0.224530
7146.699707 0.000000 887.644409 0.000000 0.281058 0.000000 -0.959691 0.301406 0.301406 0.301406
7147.827148 0.000000 885.452393 0.000000 0.305538 0.000000 -0.952180 0.315839 0.315839 0.315839
7150.922852 0.000000 882.586914 0.000000 0.214117 0.000000 -0.976808 0.281151 0.281151 0.281151
7221.610352 0.000000 656.820923 0.000000 0.776560 0.000000 -0.630043 0.263411 0.263411 0.263411
7220.340820 0.000000 678.148560 0.000000 0.373200 0.000000 -0.927751 0.268270 0.268270 0.268270
7218.757324 0.000000 679.160706 0.000000 0.126519 0.000000 -0.991964 0.295295 0.295295 0.295295
7247.660156 0.000000 728.977783 0.000000 0.211218 0.000000 -0.977439 0.288267 0.288267 0.288267
7247.977051 0.000000 726.879578 0.000000 0.076693 0.000000 -0.997055 0.288817 0.288817 0.288817
7258.616699 0.000000 740.506287 0.000000 0.527840 0.000000 -0.849344 0.317594 0.317594 0.317594
7260.263672 0.000000 743.592896 0.000000 0.630430 0.000000 -0.776246 0.240920 0.240920 0.240920
7259.648926 0.000000 741.730347 0.000000 0.026492 0.000000 -0.999649 0.326776 0.326776 0.326776
7273.764648 0.000000 819.105469 0.000000 0.421201 0.000000 -0.906967 0.272659 0.272659 0.272659
7238.798828 0.000000 805.048218 0.000000 0.735523 0.000000 -0.677500 0.233517 0.233517 0.233517
7240.000977 0.000000 794.842468 0.000000 0.218739 0.000000 -0.975783 0.272762 0.272762 0.272762
7253.939941 0.000000 816.114685 0.000000 0.283720 0.000000 -0.958907 0.259902 0.259902 0.259902
7244.231934 0.000000 793.617798 0.000000 0.262011 0.000000 -0.965065 0.295261 0.295261 0.295261
7242.685059 0.000000 792.744507 0.000000 0.068494 0.000000 -0.997652 0.328691 0.328691 0.328691
7253.357910 0.000000 814.673889 0.000000 0.019938 0.000000 -0.999801 0.329619 0.329619 0.329619
7242.621582 0.000000 817.997437 0.000000 0.799110 0.000000 -0.601184 0.312222 0.312222 0.312222
7281.916504 0.000000 865.055603 0.000000 0.038799 0.000000 -0.999247 0.214818 0.214818 0.214818
7318.909180 0.000000 858.265442 0.000000 0.128050 0.000000 -0.991768 0.296576 0.296576 0.296576
7320.170898 0.000000 858.766479 0.000000 0.531343 0.000000 -0.847157 0.319301 0.319301 0.319301
7156.340820 0.000000 904.086060 0.000000 0.583772 0.000000 -0.811917 0.259857 0.259857 0.259857
7155.249023 0.000000 908.160217 0.000000 0.709660 0.000000 -0.704544 0.308525 0.308525 0.308525
6733.897461 0.000000 1511.701660 0.000000 0.713646 0.000000 -0.700507 0.314125 0.314125 0.314125
6729.185059 0.000000 1512.128906 0.000000 0.754168 0.000000 -0.656681 0.268650 0.268650 0.268650
6740.429199 0.000000 1518.616455 0.000000 0.581106 0.000000 -0.813828 0.318157 0.318157 0.318157
7182.124512 0.000000 932.758789 0.000000 0.309900 0.000000 -0.950769 0.218985 0.218985 0.218985
7191.828125 0.000000 927.926819 0.000000 0.123989 0.000000 -0.992284 0.316290 0.316290 0.316290
7189.939941 0.000000 929.083435 0.000000 0.299716 0.000000 -0.954029 0.324187 0.324187 0.324187
7190.645996 0.000000 934.415771 0.000000 0.065828 0.000000 -0.997831 0.328742 0.328742 0.328742
7190.347168 0.000000 926.393677 0.000000 0.406379 0.000000 -0.913705 0.311496 0.311496 0.311496
7183.572266 0.000000 935.349854 0.000000 0.106908 0.000000 -0.994269 0.327954 0.327954 0.327954
7191.875000 0.000000 935.825806 0.000000 0.258587 0.000000 -0.965988 0.325005 0.325005 0.325005
7447.538086 0.000000 940.036804 0.000000 0.257426 0.000000 -0.966298 0.258938 0.258938 0.258938
7448.982910 0.000000 907.623901 0.000000 0.501354 0.000000 -0.865242 0.225899 0.225899 0.225899
7462.249512 0.000000 957.442200 0.000000 0.796346 0.000000 -0.604841 0.302094 0.302094 0.302094
7473.916504 0.000000 978.024353 0.000000 0.522282 0.000000 -0.852773 0.319505 0.319505 0.319505
7470.917969 0.000000 981.549133 0.000000 0.713348 0.000000 -0.700810 0.206330 0.206330 0.206330
7471.774902 0.000000 979.422913 0.000000 0.003625 0.000000 -0.999993 0.257232 0.257232 0.257232
7455.953125 0.000000 965.909546 0.000000 0.410958 0.000000 -0.911654 0.321912 0.321912 0.321912
7474.463867 0.000000 976.162720 0.000000 0.007586 0.000000 -0.999971 0.328392 0.328392 0.328392
7464.327148 0.000000 982.506226 0.000000 0.334630 0.000000 -0.942350 0.323483 0.323483 0.323483
7469.502441 0.000000 982.595154 0.000000 0.476673 0.000000 -0.879081 0.320511 0.320511 0.320511
7473.404785 0.000000 979.692505 0.000000 0.438812 0.000000 -0.898579 0.321324 0.321324 0.321324
7458.527344 0.000000 967.341919 0.000000 0.483599 0.000000 -0.875290 0.301881 0.301881 0.301881
7466.833008 0.000000 984.467163 0.000000 0.782889 0.000000 -0.622162 0.312825 0.312825 0.312825
7479.597168 0.000000 967.150574 0.000000 0.730053 0.000000 -0.683391 0.314370 0.314370 0.314370
7472.912598 0.000000 976.047424 0.000000 0.574509 0.000000 -0.818498 0.318312 0.318312 0.318312
4826.840820 0.000000 2229.594971 0.000000 0.516933 0.000000 -0.856026 0.207183 0.207183 0.207183
4827.974121 0.000000 2234.620117 0.000000 0.763737 0.000000 -0.645528 0.313402 0.313402 0.313402
4844.877441 0.000000 2236.677490 0.000000 0.221581 0.000000 -0.975142 0.323967 0.323967 0.323967
4859.742676 0.000000 2240.567627 0.000000 0.803213 0.000000 -0.595691 0.312187 0.312187 0.312187
4829.234863 0.000000 2226.599365 0.000000 0.640836 0.000000 -0.767677 0.254765 0.254765 0.254765
4855.033203 0.000000 2241.338623 0.000000 0.371047 0.000000 -0.928614 0.322740 0.322740 0.322740
4829.260254 0.000000 2237.159912 0.000000 0.348863 0.000000 -0.937174 0.316366 0.316366 0.316366
4862.888184 0.000000 2239.515625 0.000000 0.022511 0.000000 -0.999747 0.329570 0.329570 0.329570
4830.667969 0.000000 2239.271973 0.000000 0.365831 0.000000 -0.930681 0.322623 0.322623 0.322623
4857.397461 0.000000 2241.041016 0.000000 0.616859 0.000000 -0.787074 0.317304 0.317304 0.317304
4831.885254 0.000000 2222.080811 0.000000 0.775686 0.000000 -0.631120 0.263428 0.263428 0.263428
4847.221680 0.000000 2236.189209 0.000000 0.400138 0.000000 -0.916455 0.322138 0.322138 0.322138
4844.435059 0.000000 2238.865723 0.000000 0.064999 0.000000 -0.997885 0.290936 0.290936 0.290936
4831.716309 0.000000 2243.341309 0.000000 0.479160 0.000000 -0.877728 0.279972 0.279972 0.279972
4845.664062 0.000000 2209.886230 0.000000 0.006256 0.000000 -0.999980 0.329881 0.329881 0.329881
4850.333496 0.000000 2241.827148 0.000000 0.763102 0.000000 -0.646278 0.313421 0.313421 0.313421
4842.243164 0.000000 2208.775635 0.000000 0.754907 0.000000 -0.655832 0.313340 0.313340 0.313340
4830.637207 0.000000 2221.059570 0.000000 0.513631 0.000000 -0.858011 0.319698 0.319698 0.319698
4842.374023 0.000000 2215.535400 0.000000 0.033303 0.000000 -0.999445 0.327349 0.327349 0.327349
4827.789062 0.000000 2233.311523 0.000000 0.637036 0.000000 -0.770834 0.316810 0.316810 0.316810
4926.830566 0.000000 2137.156982 0.000000 0.141817 0.000000 -0.989893 0.231647 0.231647 0.231647
4928.354004 0.000000 2137.889648 0.000000 0.685585 0.000000 -0.727993 0.209590 0.209590 0.209590
4896.693359 0.000000 2198.394531 0.000000 0.239651 0.000000 -0.970859 0.288511 0.288511 0.288511
4880.020996 0.000000 2247.118896 0.000000 0.556670 0.000000 -0.830734 0.300560 0.300560 0.300560
4898.074219 0.000000 2208.410400 0.000000 0.139309 0.000000 -0.990249 0.242424 0.242424 0.242424
4873.163574 0.000000 2242.191406 0.000000 0.133252 0.000000 -0.991082 0.327447 0.327447 0.327447
4895.085938 0.000000 2210.519531 0.000000 0.480840 0.000000 -0.876809 0.228548 0.228548 0.228548
4887.871582 0.000000 2242.371582 0.000000 0.226349 0.000000 -0.974046 0.325639 0.325639 0.325639
4896.693359 0.000000 2254.878906 0.000000 0.255244 0.000000 -0.966877 0.286366 0.286366 0.286366
4870.113770 0.000000 2241.849121 0.000000 0.398754 0.000000 -0.917058 0.236140 0.236140 0.236140
4900.845703 0.000000 2248.870605 0.000000 0.017731 0.000000 -0.999843 0.287647 0.287647 0.287647
4892.530762 0.000000 2244.565674 0.000000 0.262378 0.000000 -0.964965 0.324930 0.324930 0.324930
4866.331055 0.000000 2242.836426 0.000000 0.194858 0.000000 -0.980831 0.314466 0.314466 0.314466
4889.175293 0.000000 2245.260254 0.000000 0.595945 0.000000 -0.803025 0.317807 0.317807 0.317807
4886.173340 0.000000 2242.232178 0.000000 0.089715 0.000000 -0.995968 0.328284 0.328284 0.328284
4884.010742 0.000000 2247.099854 0.000000 0.677238 0.000000 -0.735764 0.310507 0.310507 0.310507
4892.480469 0.000000 2241.451660 0.000000 0.260182 0.000000 -0.965560 0.324973 0.324973 0.324973
4890.960938 0.000000 2239.178955 0.000000 0.772033 0.000000 -0.635583 0.313154 0.313154 0.313154
4893.621094 0.000000 2240.038086 0.000000 0.783746 0.000000 -0.621082 0.312798 0.312798 0.312798
4427.346680 0.000000 2363.823486 0.000000 0.458981 0.000000 -0.888446 0.245403 0.245403 0.245403
4151.010742 0.000000 2540.265381 0.000000 0.665727 0.000000 -0.746196 0.291663 0.291663 0.291663
4154.165039 0.000000 2564.347656 0.000000 0.590648 0.000000 -0.806929 0.237148 0.237148 0.237148
4148.612793 0.000000 2557.508789 0.000000 0.733615 0.000000 -0.679566 0.226966 0.226966 0.226966
4148.969238 0.000000 2546.154785 0.000000 0.395501 0.000000 -0.918466 0.247351 0.247351 0.247351
4156.880859 0.000000 2565.026611 0.000000 0.530207 0.000000 -0.847868 0.282302 0.282302 0.282302
4146.542480 0.000000 2547.595459 0.000000 0.060699 0.000000 -0.998156 0.296234 0.296234 0.296234
4150.278809 0.000000 2541.828857 0.000000 0.663730 0.000000 -0.747972 0.291703 0.291703 0.291703
4167.674805 0.000000 2565.742920 0.000000 0.241413 0.000000 -0.970422 0.298148 0.298148 0.298148
4174.124512 0.000000 2570.805664 0.000000 0.434071 0.000000 -0.900879 0.316093 0.316093 0.316093
4189.260254 0.000000 2576.066162 0.000000 0.215079 0.000000 -0.976597 0.275367 0.275367 0.275367
4183.654785 0.000000 2575.452393 0.000000 0.782730 0.000000 -0.622362 0.238794 0.238794 0.238794
4176.434082 0.000000 2571.858154 0.000000 0.122347 0.000000 -0.992487 0.320930 0.320930 0.320930
4179.150879 0.000000 2575.558350 0.000000 0.110410 0.000000 -0.993886 0.243336 0.243336 0.243336
4182.663086 0.000000 2576.688232 0.000000 0.169734 0.000000 -0.985490 0.313572 0.313572 0.313572
4177.981934 0.000000 2571.708984 0.000000 0.693817 0.000000 -0.720151 0.310125 0.310125 0.310125
4430.146973 0.000000 2507.166016 0.000000 0.400867 0.000000 -0.916136 0.321689 0.321689 0.321689
4462.917969 0.000000 2506.627197 0.000000 0.103485 0.000000 -0.994631 0.280659 0.280659 0.280659
4432.310547 0.000000 2510.107178 0.000000 0.309522 0.000000 -0.950892 0.300958 0.300958 0.300958
4432.003418 0.000000 2512.615234 0.000000 0.343361 0.000000 -0.939204 0.306184 0.306184 0.306184
4436.471191 0.000000 2507.138184 0.000000 0.262189 0.000000 -0.965016 0.258884 0.258884 0.258884
4431.814941 0.000000 2505.944580 0.000000 0.371399 0.000000 -0.928473 0.304436 0.304436 0.304436
4434.017090 0.000000 2509.097168 0.000000 0.109755 0.000000 -0.993959 0.315864 0.315864 0.315864
4428.623047 0.000000 2508.944092 0.000000 0.759128 0.000000 -0.650941 0.280018 0.280018 0.280018
4444.282227 0.000000 2578.692871 0.000000 0.310447 0.000000 -0.950591 0.321856 0.321856 0.321856
4466.281250 0.000000 2584.865967 0.000000 0.299490 0.000000 -0.954099 0.226518 0.226518 0.226518
4473.729980 0.000000 2582.586426 0.000000 0.795693 0.000000 -0.605700 0.311866 0.311866 0.311866
4441.924805 0.000000 2595.037354 0.000000 0.309223 0.000000 -0.950990 0.252680 0.252680 0.252680
4447.273438 0.000000 2596.673340 0.000000 0.026549 0.000000 -0.999647 0.329493 0.329493 0.329493
4457.605957 0.000000 2579.278320 0.000000 0.697789 0.000000 -0.716304 0.258154 0.258154 0.258154
4452.176270 0.000000 2585.816406 0.000000 0.785549 0.000000 -0.618800 0.283662 0.283662 0.283662
4454.643555 0.000000 2593.499023 0.000000 0.676682 0.000000 -0.736275 0.315805 0.315805 0.315805
4448.693359 0.000000 2593.785156 0.000000 0.168798 0.000000 -0.985651 0.237085 0.237085 0.237085
4445.075684 0.000000 2594.197021 0.000000 0.589212 0.000000 -0.807979 0.236556 0.236556 0.236556
4446.662598 0.000000 2587.987305 0.000000 0.504188 0.000000 -0.863594 0.268387 0.268387 0.268387
4449.210938 0.000000 2591.239746 0.000000 0.806230 0.000000 -0.591602 0.292794 0.292794 0.292794
4454.352539 0.000000 2590.985352 0.000000 0.570806 0.000000 -0.821085 0.317424 0.317424 0.317424
4444.691406 0.000000 2589.889160 0.000000 0.771533 0.000000 -0.636190 0.312498 0.312498 0.312498
4458.151367 0.000000 2584.308350 0.000000 0.140578 0.000000 -0.990070 0.324736 0.324736 0.324736
4447.859863 0.000000 2589.630371 0.000000 0.499620 0.000000 -0.866245 0.289041 0.289041 0.289041
4469.193359 0.000000 2581.131836 0.000000 0.200236 0.000000 -0.979748 0.299414 0.299414 0.299414
4454.151855 0.000000 2582.120605 0.000000 0.533778 0.000000 -0.845625 0.292847 0.292847 0.292847
4466.737793 0.000000 2575.294434 0.000000 0.788998 0.000000 -0.614396 0.267364 0.267364 0.267364
4461.863281 0.000000 2588.614014 0.000000 0.464245 0.000000 -0.885707 0.292128 0.292128 0.292128
4459.631348 0.000000 2585.346680 0.000000 0.682567 0.000000 -0.730823 0.314179 0.314179 0.314179
4443.848633 0.000000 2595.456055 0.000000 0.084724 0.000000 -0.996405 0.299166 0.299166 0.299166
4452.710938 0.000000 2591.293457 0.000000 0.552482 0.000000 -0.833525 0.306270 0.306270 0.306270
4455.682617 0.000000 2590.047852 0.000000 0.411528 0.000000 -0.911397 0.320740 0.320740 0.320740
4445.439453 0.000000 2588.683594 0.000000 0.271547 0.000000 -0.962425 0.323486 0.323486 0.323486
4532.885254 0.000000 2537.063721 0.000000 0.098879 0.000000 -0.995099 0.211245 0.211245 0.211245
4528.587402 0.000000 2536.238525 0.000000 0.455515 0.000000 -0.890228 0.255981 0.255981 0.255981
4521.206543 0.000000 2550.340576 0.000000 0.552115 0.000000 -0.833768 0.318829 0.318829 0.318829
4494.146973 0.000000 2563.650391 0.000000 0.705823 0.000000 -0.708389 0.205444 0.205444 0.205444
4521.396484 0.000000 2555.555664 0.000000 0.096236 0.000000 -0.995359 0.213144 0.213144 0.213144
4490.276367 0.000000 2562.404297 0.000000 0.683040 0.000000 -0.730381 0.259601 0.259601 0.259601
4492.424805 0.000000 2560.216553 0.000000 0.319277 0.000000 -0.947662 0.270855 0.270855 0.270855
4491.443359 0.000000 2571.783936 0.000000 0.260246 0.000000 -0.965542 0.294001 0.294001 0.294001
4489.640137 0.000000 2575.023926 0.000000 0.293361 0.000000 -0.956002 0.308298 0.308298 0.308298
4489.306152 0.000000 2567.471436 0.000000 0.309188 0.000000 -0.951001 0.323950 0.323950 0.323950
4505.702148 0.000000 2567.239014 0.000000 0.166490 0.000000 -0.986043 0.296669 0.296669 0.296669
4490.960449 0.000000 2575.961670 0.000000 0.321777 0.000000 -0.946815 0.305256 0.305256 0.305256
4446.802246 0.000000 2598.342285 0.000000 0.685043 0.000000 -0.728502 0.315587 0.315587 0.315587
4441.550293 0.000000 2609.882568 0.000000 0.122442 0.000000 -0.992476 0.227398 0.227398 0.227398
4425.424316 0.000000 2626.155029 0.000000 0.622471 0.000000 -0.782643 0.259914 0.259914 0.259914
4446.227539 0.000000 2602.838623 0.000000 0.566366 0.000000 -0.824154 0.219788 0.219788 0.219788
4428.652344 0.000000 2623.708008 0.000000 0.456906 0.000000 -0.889515 0.250380 0.250380 0.250380
4449.860352 0.000000 2607.022461 0.000000 0.631682 0.000000 -0.775227 0.315248 0.315248 0.315248
4426.422852 0.000000 2622.028809 0.000000 0.526572 0.000000 -0.850131 0.241556 0.241556 0.241556
4445.269531 0.000000 2600.440674 0.000000 0.685025 0.000000 -0.728520 0.267468 0.267468 0.267468
4429.917480 0.000000 2629.727539 0.000000 0.728223 0.000000 -0.685340 0.273374 0.273374 0.273374
4444.442383 0.000000 2598.298584 0.000000 0.298846 0.000000 -0.954301 0.297274 0.297274 0.297274
4426.324219 0.000000 2629.774658 0.000000 0.645354 0.000000 -0.763883 0.306265 0.306265 0.306265
4448.870605 0.000000 2605.526855 0.000000 0.498351 0.000000 -0.866975 0.318268 0.318268 0.318268
4455.815430 0.000000 2607.834961 0.000000 0.592651 0.000000 -0.805459 0.316131 0.316131 0.316131
4427.004883 0.000000 2624.101318 0.000000 0.808224 0.000000 -0.588875 0.312026 0.312026 0.312026
4767.949707 0.000000 2463.084229 0.000000 0.567152 0.000000 -0.823613 0.316707 0.316707 0.316707
4765.234863 0.000000 2452.536865 0.000000 0.416970 0.000000 -0.908920 0.321786 0.321786 0.321786
4765.260254 0.000000 2463.097412 0.000000 0.394989 0.000000 -0.918686 0.321809 0.321809 0.321809
4769.496582 0.000000 2453.058838 0.000000 0.081087 0.000000 -0.996707 0.328450 0.328450 0.328450
4756.387207 0.000000 2455.625244 0.000000 0.013467 0.000000 -0.999909 0.242981 0.242981 0.242981
4767.429199 0.000000 2452.756348 0.000000 0.001452 0.000000 -0.999999 0.329913 0.329913 0.329913
4769.556152 0.000000 2455.502441 0.000000 0.507677 0.000000 -0.861547 0.283908 0.283908 0.283908
4896.264648 0.000000 2281.243408 0.000000 0.690824 0.000000 -0.723023 0.210732 0.210732 0.210732
4894.802246 0.000000 2259.436035 0.000000 0.581060 0.000000 -0.813860 0.209371 0.209371 0.209371
4909.233887 0.000000 2285.272217 0.000000 0.119619 0.000000 -0.992820 0.286286 0.286286 0.286286
4921.426758 0.000000 2276.773926 0.000000 0.746147 0.000000 -0.665782 0.313778 0.313778 0.313778
4918.872070 0.000000 2305.709473 0.000000 0.017439 0.000000 -0.999848 0.292245 0.292245 0.292245
4894.227539 0.000000 2263.932373 0.000000 0.203243 0.000000 -0.979128 0.276159 0.276159 0.276159
4898.139648 0.000000 2261.101318 0.000000 0.618478 0.000000 -0.785802 0.315775 0.315775 0.315775
4919.879395 0.000000 2302.569824 0.000000 0.697839 0.000000 -0.716254 0.228613 0.228613 0.228613
4900.294922 0.000000 2263.031738 0.000000 0.540774 0.000000 -0.841168 0.280268 0.280268 0.280268
4911.560547 0.000000 2302.138672 0.000000 0.068330 0.000000 -0.997663 0.262336 0.262336 0.262336
4918.928223 0.000000 2276.260010 0.000000 0.054742 0.000000 -0.998501 0.263778 0.263778 0.263778
4908.263184 0.000000 2309.550049 0.000000 0.571168 0.000000 -0.820833 0.250825 0.250825 0.250825
4895.885254 0.000000 2278.565186 0.000000 0.277075 0.000000 -0.960848 0.324638 0.324638 0.324638
4908.874023 0.000000 2304.364258 0.000000 0.616805 0.000000 -0.787116 0.279024 0.279024 0.279024
4899.886719 0.000000 2289.999512 0.000000 0.687508 0.000000 -0.726177 0.259530 0.259530 0.259530
4918.075195 0.000000 2280.919922 0.000000 0.284306 0.000000 -0.958734 0.309738 0.309738 0.309738
4895.953125 0.000000 2265.050293 0.000000 0.795057 0.000000 -0.606535 0.268438 0.268438 0.268438
4907.705078 0.000000 2286.762695 0.000000 0.605395 0.000000 -0.795925 0.295913 0.295913 0.295913
4920.590820 0.000000 2313.285645 0.000000 0.213168 0.000000 -0.977016 0.324882 0.324882 0.324882
4917.692383 0.000000 2271.110107 0.000000 0.186444 0.000000 -0.982466 0.325486 0.325486 0.325486
4917.498535 0.000000 2296.851318 0.000000 0.707980 0.000000 -0.706233 0.300593 0.300593 0.300593
4928.110840 0.000000 2269.739502 0.000000 0.471322 0.000000 -0.881961 0.230483 0.230483 0.230483
4929.602051 0.000000 2346.232666 0.000000 0.625363 0.000000 -0.780334 0.230072 0.230072 0.230072
4945.216309 0.000000 2355.740723 0.000000 0.511940 0.000000 -0.859021 0.261459 0.261459 0.261459
4961.210938 0.000000 2365.302246 0.000000 0.058914 0.000000 -0.998263 0.268900 0.268900 0.268900
4944.687988 0.000000 2351.044434 0.000000 0.619396 0.000000 -0.785079 0.244099 0.244099 0.244099
4935.693359 0.000000 2404.176270 0.000000 0.189451 0.000000 -0.981890 0.209476 0.209476 0.209476
4962.040527 0.000000 2390.648682 0.000000 0.710159 0.000000 -0.704042 0.217094 0.217094 0.217094
4932.219238 0.000000 2404.977783 0.000000 0.071892 0.000000 -0.997412 0.230986 0.230986 0.230986
4950.343750 0.000000 2389.736084 0.000000 0.249151 0.000000 -0.968465 0.257132 0.257132 0.257132
5107.915527 0.000000 2666.806885 0.000000 0.593638 0.000000 -0.804732 0.206538 0.206538 0.206538
5105.916504 0.000000 2672.555664 0.000000 0.642056 0.000000 -0.766657 0.308813 0.308813 0.308813
5098.133789 0.000000 2658.903076 0.000000 0.469251 0.000000 -0.883065 0.302764 0.302764 0.302764
5109.757812 0.000000 2674.130371 0.000000 0.188058 0.000000 -0.982158 0.265463 0.265463 0.265463
5097.896973 0.000000 2654.793945 0.000000 0.591506 0.000000 -0.806300 0.296174 0.296174 0.296174
5104.446289 0.000000 2665.596436 0.000000 0.515501 0.000000 -0.856889 0.319656 0.319656 0.319656
5095.590820 0.000000 2658.380859 0.000000 0.057509 0.000000 -0.998345 0.328901 0.328901 0.328901
5103.774902 0.000000 2673.954102 0.000000 0.564779 0.000000 -0.825242 0.309161 0.309161 0.309161
5099.779785 0.000000 2659.747070 0.000000 0.694686 0.000000 -0.719313 0.298433 0.298433 0.298433
5095.286133 0.000000 2661.587891 0.000000 0.243217 0.000000 -0.969972 0.324365 0.324365 0.324365
5172.885254 0.000000 2650.032471 0.000000 0.521005 0.000000 -0.853553 0.310644 0.310644 0.310644
5165.233887 0.000000 2624.178467 0.000000 0.012348 0.000000 -0.999924 0.284443 0.284443 0.284443
5176.634766 0.000000 2634.069824 0.000000 0.427319 0.000000 -0.904101 0.321567 0.321567 0.321567
5157.443359 0.000000 2618.083252 0.000000 0.196982 0.000000 -0.980407 0.326213 0.326213 0.326213
5157.993652 0.000000 2627.844482 0.000000 0.179508 0.000000 -0.983757 0.288708 0.288708 0.288708
5176.851562 0.000000 2629.893555 0.000000 0.060051 0.000000 -0.998195 0.227284 0.227284 0.227284
5162.157715 0.000000 2621.117432 0.000000 0.625810 0.000000 -0.779976 0.315780 0.315780 0.315780
5176.579102 0.000000 2647.443604 0.000000 0.341609 0.000000 -0.939842 0.292146 0.292146 0.292146
5138.867188 0.000000 2641.245117 0.000000 0.773610 0.000000 -0.633662 0.279710 0.279710 0.279710
5180.718750 0.000000 2639.512695 0.000000 0.253217 0.000000 -0.967410 0.251398 0.251398 0.251398
5134.452148 0.000000 2653.875977 0.000000 0.800802 0.000000 -0.598929 0.234942 0.234942 0.234942
5153.496582 0.000000 2622.511963 0.000000 0.559189 0.000000 -0.829040 0.304889 0.304889 0.304889
5166.630859 0.000000 2622.057861 0.000000 0.702036 0.000000 -0.712141 0.247209 0.247209 0.247209
5158.985352 0.000000 2630.145752 0.000000 0.705893 0.000000 -0.708318 0.310456 0.310456 0.310456
5177.397461 0.000000 2636.431641 0.000000 0.804878 0.000000 -0.593441 0.312134 0.312134 0.312134
5154.794434 0.000000 2636.540771 0.000000 0.449313 0.000000 -0.893374 0.321100 0.321100 0.321100
5143.550293 0.000000 2640.070312 0.000000 0.082992 0.000000 -0.996550 0.328413 0.328413 0.328413
5135.977051 0.000000 2647.348389 0.000000 0.018877 0.000000 -0.999822 0.260945 0.260945 0.260945
5157.382812 0.000000 2625.863281 0.000000 0.116747 0.000000 -0.993162 0.323006 0.323006 0.323006
5148.897949 0.000000 2619.920166 0.000000 0.471073 0.000000 -0.882094 0.284480 0.284480 0.284480
5145.195312 0.000000 2643.856934 0.000000 0.713716 0.000000 -0.700435 0.263340 0.263340 0.263340
5139.139160 0.000000 2645.945068 0.000000 0.673028 0.000000 -0.739617 0.260366 0.260366 0.260366
5176.393555 0.000000 2643.407959 0.000000 0.800225 0.000000 -0.599699 0.311657 0.311657 0.311657
5147.705566 0.000000 2638.320068 0.000000 0.702249 0.000000 -0.711932 0.315131 0.315131 0.315131
5177.390625 0.000000 2640.688477 0.000000 0.661071 0.000000 -0.750324 0.288068 0.288068 0.288068
5157.219727 0.000000 2621.860596 0.000000 0.190697 0.000000 -0.981649 0.326336 0.326336 0.326336
5137.270508 0.000000 2649.098877 0.000000 0.554868 0.000000 -0.831938 0.318766 0.318766 0.318766
5146.288574 0.000000 2618.114014 0.000000 0.546812 0.000000 -0.837255 0.317055 0.317055 0.317055
5141.261719 0.000000 2645.442139 0.000000 0.275220 0.000000 -0.961381 0.324675 0.324675 0.324675
5163.594727 0.000000 2620.680908 0.000000 0.285196 0.000000 -0.958469 0.322605 0.322605 0.322605
5140.429199 0.000000 2648.303955 0.000000 0.289541 0.000000 -0.957166 0.324390 0.324390 0.324390
5178.382812 0.000000 2633.157959 0.000000 0.721170 0.000000 -0.692758 0.314100 0.314100 0.314100
5143.770020 0.000000 2643.838867 0.000000 0.240990 0.000000 -0.970528 0.325352 0.325352 0.325352
5141.857422 0.000000 2647.868408 0.000000 0.249975 0.000000 -0.968252 0.325175 0.325175 0.325175
5142.797363 0.000000 2655.740234 0.000000 0.675022 0.000000 -0.737798 0.313645 0.313645 0.313645
5159.553711 0.000000 2671.968018 0.000000 0.325320 0.000000 -0.945604 0.228153 0.228153 0.228153
5144.982910 0.000000 2658.639404 0.000000 0.639370 0.000000 -0.768899 0.316752 0.316752 0.316752
5145.025879 0.000000 2655.013428 0.000000 0.711997 0.000000 -0.702183 0.282190 0.282190 0.282190
5128.096191 0.000000 2656.950684 0.000000 0.601792 0.000000 -0.798653 0.269423 0.269423 0.269423
5160.327148 0.000000 2677.037598 0.000000 0.452717 0.000000 -0.891654 0.319708 0.319708 0.319708
5157.573730 0.000000 2666.269775 0.000000 0.222064 0.000000 -0.975032 0.292626 0.292626 0.292626
5140.698242 0.000000 2659.949707 0.000000 0.248479 0.000000 -0.968637 0.323425 0.323425 0.323425
5141.480469 0.000000 2658.523682 0.000000 0.371821 0.000000 -0.928305 0.321120 0.321120 0.321120
5169.868164 0.000000 2659.206787 0.000000 0.532293 0.000000 -0.846560 0.319280 0.319280 0.319280
5220.590332 0.000000 2664.772217 0.000000 0.071550 0.000000 -0.997437 0.326387 0.326387 0.326387
5237.757812 0.000000 2674.130371 0.000000 0.572352 0.000000 -0.820008 0.258788 0.258788 0.258788
5229.664062 0.000000 2661.761230 0.000000 0.756202 0.000000 -0.654339 0.278267 0.278267 0.278267
5222.302734 0.000000 2667.832275 0.000000 0.399475 0.000000 -0.916744 0.300783 0.300783 0.300783
5228.434570 0.000000 2666.544434 0.000000 0.028857 0.000000 -0.999584 0.307900 0.307900 0.307900
5219.248535 0.000000 2669.126953 0.000000 0.511334 0.000000 -0.859382 0.288849 0.288849 0.288849
5239.988281 0.000000 2670.388916 0.000000 0.794747 0.000000 -0.606941 0.290071 0.290071 0.290071
5282.040527 0.000000 2673.070557 0.000000 0.148898 0.000000 -0.988853 0.250588 0.250588 0.250588
5275.116211 0.000000 2673.240967 0.000000 0.780229 0.000000 -0.625494 0.241814 0.241814 0.241814
5284.534668 0.000000 2671.943604 0.000000 0.295448 0.000000 -0.955359 0.324272 0.324272 0.324272
5287.451172 0.000000 2669.761230 0.000000 0.703651 0.000000 -0.710546 0.273222 0.273222 0.273222
5259.945801 0.000000 2676.834229 0.000000 0.058235 0.000000 -0.998303 0.281239 0.281239 0.281239
5441.469238 0.000000 2652.829346 0.000000 0.172894 0.000000 -0.984940 0.209452 0.209452 0.209452
5479.553711 0.000000 2671.968018 0.000000 0.535975 0.000000 -0.844234 0.238997 0.238997 0.238997
5479.443848 0.000000 2666.054932 0.000000 0.170085 0.000000 -0.985429 0.238336 0.238336 0.238336
5453.243652 0.000000 2662.006836 0.000000 0.586512 0.000000 -0.809940 0.317535 0.317535 0.317535
5448.096191 0.000000 2656.950684 0.000000 0.445712 0.000000 -0.895176 0.298112 0.298112 0.298112
5502.830566 0.000000 2758.485107 0.000000 0.524720 0.000000 -0.851275 0.231165 0.231165 0.231165
5461.035156 0.000000 2808.451416 0.000000 0.128632 0.000000 -0.991692 0.324999 0.324999 0.324999
5456.020996 0.000000 2811.962646 0.000000 0.490285 0.000000 -0.871562 0.275434 0.275434 0.275434
5466.548828 0.000000 2809.047363 0.000000 0.324417 0.000000 -0.945914 0.266364 0.266364 0.266364
5458.867188 0.000000 2810.698242 0.000000 0.484022 0.000000 -0.875056 0.260588 0.260588 0.260588
5467.980957 0.000000 2811.676025 0.000000 0.516006 0.000000 -0.856585 0.318798 0.318798 0.318798
5467.020508 0.000000 2815.942627 0.000000 0.226116 0.000000 -0.974100 0.310695 0.310695 0.310695
5460.232910 0.000000 2809.854004 0.000000 0.324777 0.000000 -0.945791 0.321500 0.321500 0.321500
5548.186523 0.000000 2758.958252 0.000000 0.785882 0.000000 -0.618376 0.277035 0.277035 0.277035
5507.167969 0.000000 2755.202637 0.000000 0.170085 0.000000 -0.985429 0.288191 0.288191 0.288191
5548.263184 0.000000 2761.425049 0.000000 0.018571 0.000000 -0.999828 0.314025 0.314025 0.314025
5510.227051 0.000000 2755.824951 0.000000 0.138206 0.000000 -0.990403 0.295778 0.295778 0.295778
5549.863281 0.000000 2758.067139 0.000000 0.218222 0.000000 -0.975899 0.286238 0.286238 0.286238
5534.802246 0.000000 2767.795410 0.000000 0.639394 0.000000 -0.768879 0.205693 0.205693 0.205693
5543.866699 0.000000 2809.437988 0.000000 0.784251 0.000000 -0.620444 0.274065 0.274065 0.274065
5567.419434 0.000000 2789.606445 0.000000 0.299276 0.000000 -0.954167 0.295343 0.295343 0.295343
5553.127930 0.000000 2769.562256 0.000000 0.805938 0.000000 -0.592001 0.301233 0.301233 0.301233
5571.167969 0.000000 2811.687012 0.000000 0.519766 0.000000 -0.854309 0.229994 0.229994 0.229994
5487.844727 0.000000 2831.329102 0.000000 0.536530 0.000000 -0.843881 0.213394 0.213394 0.213394
5476.590332 0.000000 2834.225342 0.000000 0.325913 0.000000 -0.945400 0.322175 0.322175 0.322175
5478.192871 0.000000 2829.925537 0.000000 0.179450 0.000000 -0.983767 0.240142 0.240142 0.240142
5481.896973 0.000000 2824.247070 0.000000 0.439394 0.000000 -0.898295 0.273661 0.273661 0.273661
5478.658203 0.000000 2832.439697 0.000000 0.186131 0.000000 -0.982525 0.290555 0.290555 0.290555
5498.085938 0.000000 2871.377441 0.000000 0.153303 0.000000 -0.988179 0.244191 0.244191 0.244191
5479.709473 0.000000 2824.220947 0.000000 0.654876 0.000000 -0.755737 0.264915 0.264915 0.264915
5496.393555 0.000000 2869.345459 0.000000 0.540876 0.000000 -0.841102 0.283998 0.283998 0.283998
5479.815430 0.000000 2833.772461 0.000000 0.279950 0.000000 -0.960015 0.289220 0.289220 0.289220
5503.683594 0.000000 2893.743652 0.000000 0.605882 0.000000 -0.795555 0.206224 0.206224 0.206224
5497.915527 0.000000 2891.417969 0.000000 0.807779 0.000000 -0.589486 0.236017 0.236017 0.236017
5495.474609 0.000000 2885.773682 0.000000 0.797212 0.000000 -0.603700 0.311432 0.311432 0.311432
5490.491699 0.000000 2904.343506 0.000000 0.717026 0.000000 -0.697047 0.302837 0.302837 0.302837
5497.029297 0.000000 2887.139893 0.000000 0.108734 0.000000 -0.994071 0.304052 0.304052 0.304052
5490.737793 0.000000 2914.200684 0.000000 0.158806 0.000000 -0.987310 0.307861 0.307861 0.307861
5511.693359 0.000000 2856.051270 0.000000 0.548893 0.000000 -0.835893 0.213284 0.213284 0.213284
5506.892090 0.000000 2862.419922 0.000000 0.536390 0.000000 -0.843970 0.264836 0.264836 0.264836
5567.940430 0.000000 2843.668213 0.000000 0.439959 0.000000 -0.898018 0.248716 0.248716 0.248716
5505.437988 0.000000 2862.179443 0.000000 0.401977 0.000000 -0.915650 0.322099 0.322099 0.322099
5568.315430 0.000000 2850.644287 0.000000 0.640928 0.000000 -0.767601 0.237151 0.237151 0.237151
5568.974121 0.000000 2836.926514 0.000000 0.570257 0.000000 -0.821466 0.245937 0.245937 0.245937
5574.927734 0.000000 2830.566162 0.000000 0.244386 0.000000 -0.969678 0.264164 0.264164 0.264164
5507.589355 0.000000 2893.085449 0.000000 0.388169 0.000000 -0.921588 0.311179 0.311179 0.311179
5555.915527 0.000000 2892.744385 0.000000 0.012298 0.000000 -0.999924 0.329765 0.329765 0.329765
5553.916504 0.000000 2898.493164 0.000000 0.505631 0.000000 -0.862750 0.319174 0.319174 0.319174
5513.437988 0.000000 2881.520752 0.000000 0.661986 0.000000 -0.749517 0.302205 0.302205 0.302205
5504.522461 0.000000 2896.405273 0.000000 0.435724 0.000000 -0.900081 0.246283 0.246283 0.246283
"}
