object={
	name="european_dynamic_forestry_objects_generator_2_0"
	clamp_to_water_level=no
	render_under_water=no
	generated_content=yes
	layer="forestry_dynamic"
	pdxmesh="generic_forestry_lumberpile_02_mesh"
	count=3788
	transform="105.423424 0.000000 3252.031494 0.000000 0.976559 0.000000 0.215251 0.000000 0.000000 0.000000
124.270508 0.000000 3267.943115 0.000000 0.036285 0.000000 -0.999341 0.000000 0.000000 0.000000
98.996933 0.000000 3275.572754 0.000000 0.480478 0.000000 0.877007 0.000000 0.000000 0.000000
122.308548 0.000000 3264.208984 0.000000 0.746751 0.000000 -0.665104 0.000000 0.000000 0.000000
102.643478 0.000000 3271.311523 0.000000 0.882238 0.000000 -0.470804 0.000000 0.000000 0.000000
100.314240 0.000000 3273.005371 0.000000 0.998318 0.000000 0.057968 0.000000 0.000000 0.000000
98.607605 0.000000 3272.003418 0.000000 0.394667 0.000000 -0.918824 1.000000 1.000000 1.000000
128.354095 0.000000 3267.577148 0.000000 0.633551 0.000000 -0.773701 0.000000 0.000000 0.000000
142.189468 0.000000 3256.053223 0.000000 0.833857 0.000000 -0.551980 0.000000 0.000000 0.000000
131.716354 0.000000 3260.715576 0.000000 0.890422 0.000000 0.455137 0.000000 0.000000 0.000000
153.924713 0.000000 3272.849854 0.000000 0.404423 0.000000 -0.914572 0.000000 0.000000 0.000000
144.020782 0.000000 3263.837646 0.000000 0.338864 0.000000 -0.940835 0.000000 0.000000 0.000000
137.163696 0.000000 3258.910156 0.000000 0.777112 0.000000 0.629362 0.000000 0.000000 0.000000
159.273239 0.000000 3274.485840 0.000000 0.185718 0.000000 -0.982603 0.000000 0.000000 0.000000
158.599976 0.000000 3269.312988 0.000000 0.865173 0.000000 0.501474 0.000000 0.000000 0.000000
149.636459 0.000000 3274.111572 0.000000 0.929557 0.000000 -0.368678 0.000000 0.000000 0.000000
137.424164 0.000000 3247.483154 0.000000 0.321117 0.000000 0.947040 0.000000 0.000000 0.000000
145.114960 0.000000 3274.169189 0.000000 0.989030 0.000000 0.147718 0.000000 0.000000 0.000000
135.290512 0.000000 3262.454590 0.000000 0.673058 0.000000 0.739589 0.000000 0.000000 0.000000
145.216461 0.000000 3259.490723 0.000000 0.917936 0.000000 0.396728 0.000000 0.000000 0.000000
157.075897 0.000000 3272.009521 0.000000 0.595429 0.000000 0.803408 0.000000 0.000000 0.000000
141.152710 0.000000 3264.840332 0.000000 0.080265 0.000000 0.996774 0.000000 0.000000 0.000000
134.113907 0.000000 3258.567871 0.000000 0.897761 0.000000 -0.440483 0.000000 0.000000 0.000000
156.116287 0.000000 3275.024902 0.000000 0.348637 0.000000 -0.937258 0.000000 0.000000 0.000000
139.714066 0.000000 3257.612549 0.000000 0.420929 0.000000 -0.907094 0.000000 0.000000 0.000000
153.163895 0.000000 3275.468750 0.000000 0.520757 0.000000 -0.853705 0.000000 0.000000 0.000000
135.299622 0.000000 3260.347412 0.000000 0.971010 0.000000 0.239038 0.000000 0.000000 0.000000
157.530334 0.000000 3273.782715 0.000000 0.086297 0.000000 -0.996269 0.000000 0.000000 0.000000
42.581665 0.000000 3294.898682 0.000000 0.179777 0.000000 0.983707 0.000000 0.000000 0.000000
33.639385 0.000000 3306.131348 0.000000 0.484920 0.000000 0.874559 0.000000 0.000000 0.000000
58.134033 0.000000 3303.558105 0.000000 0.882160 0.000000 0.470950 0.000000 0.000000 0.000000
61.042171 0.000000 3331.751953 0.000000 0.120644 0.000000 -0.992696 0.000000 0.000000 0.000000
49.916603 0.000000 3293.883789 0.000000 0.014578 0.000000 -0.999894 0.000000 0.000000 0.000000
1.469219 0.000000 3330.641846 0.000000 0.810166 0.000000 -0.586200 0.000000 0.000000 0.000000
50.569160 0.000000 3332.067627 0.000000 0.798615 0.000000 -0.601843 0.000000 0.000000 0.000000
18.852833 0.000000 3312.701172 0.000000 0.999279 0.000000 -0.037964 0.000000 0.000000 0.000000
42.133942 0.000000 3280.231201 0.000000 0.517115 0.000000 -0.855916 0.000000 0.000000 0.000000
31.949722 0.000000 3310.349854 0.000000 0.019712 0.000000 0.999806 0.000000 0.000000 0.000000
61.935719 0.000000 3306.123779 0.000000 0.765032 0.000000 -0.643992 0.000000 0.000000 0.000000
3.856933 0.000000 3326.165771 0.000000 0.051909 0.000000 0.998652 0.000000 0.000000 0.000000
41.764648 0.000000 3304.417969 0.000000 0.995318 0.000000 -0.096659 0.000000 0.000000 0.000000
46.165600 0.000000 3293.635986 0.000000 0.873798 0.000000 -0.486289 0.000000 0.000000 0.000000
44.817150 0.000000 3285.619629 0.000000 0.029172 0.000000 -0.999574 0.000000 0.000000 0.000000
55.010967 0.000000 3331.046631 0.000000 0.688147 0.000000 -0.725571 0.000000 0.000000 0.000000
17.216465 0.000000 3315.975098 0.000000 0.254986 0.000000 -0.966945 0.000000 0.000000 0.000000
36.675682 0.000000 3308.935791 0.000000 0.120858 0.000000 -0.992670 0.000000 0.000000 0.000000
0.226205 0.000000 3327.410645 0.000000 0.972031 0.000000 -0.234854 0.000000 0.000000 0.000000
45.456879 0.000000 3280.307373 0.000000 0.319078 0.000000 -0.947728 0.000000 0.000000 0.000000
26.132584 0.000000 3310.545654 0.000000 0.935000 0.000000 -0.354647 0.000000 0.000000 0.000000
43.534752 0.000000 3292.083496 0.000000 0.998970 0.000000 -0.045368 0.000000 0.000000 0.000000
43.550938 0.000000 3282.893555 0.000000 0.364182 0.000000 -0.931328 0.000000 0.000000 0.000000
42.549194 0.000000 3287.205078 0.000000 0.923650 0.000000 0.383238 0.000000 0.000000 0.000000
29.260029 0.000000 3310.363037 0.000000 0.017774 0.000000 0.999842 1.000000 1.000000 1.000000
59.206463 0.000000 3306.074463 0.000000 0.783179 0.000000 0.621797 0.000000 0.000000 0.000000
26.516586 0.000000 3314.872559 0.000000 0.866089 0.000000 0.499891 0.000000 0.000000 0.000000
43.597260 0.000000 3278.118164 0.000000 0.195536 0.000000 0.980696 0.000000 0.000000 0.000000
34.441849 0.000000 3310.057129 0.000000 0.597815 0.000000 0.801634 0.000000 0.000000 0.000000
52.503307 0.000000 3330.511230 0.000000 0.114350 0.000000 -0.993441 0.000000 0.000000 0.000000
39.437035 0.000000 3303.475586 0.000000 0.435816 0.000000 0.900036 0.000000 0.000000 0.000000
60.546299 0.000000 3304.033447 0.000000 0.009762 0.000000 -0.999952 0.000000 0.000000 0.000000
16.405039 0.000000 3313.648926 0.000000 0.982717 0.000000 0.185113 0.000000 0.000000 0.000000
46.967155 0.000000 3291.470703 0.000000 0.093809 0.000000 -0.995590 0.000000 0.000000 0.000000
19.258684 0.000000 3314.987305 0.000000 0.590372 0.000000 -0.807131 0.000000 0.000000 0.000000
62.808575 0.000000 3304.121338 0.000000 0.670346 0.000000 0.742049 0.000000 0.000000 0.000000
33.051567 0.000000 3308.285156 0.000000 0.990165 0.000000 0.139905 0.000000 0.000000 0.000000
46.914906 0.000000 3285.179443 0.000000 0.853869 0.000000 -0.520489 0.000000 0.000000 0.000000
45.664192 0.000000 3283.089355 0.000000 0.276405 0.000000 0.961041 1.000000 1.000000 1.000000
44.434555 0.000000 3287.872559 0.000000 0.109809 0.000000 0.993953 0.000000 0.000000 0.000000
4.837370 0.000000 3324.333496 0.000000 0.154605 0.000000 0.987976 0.000000 0.000000 0.000000
45.137653 0.000000 3291.153809 0.000000 0.618331 0.000000 -0.785917 1.000000 1.000000 1.000000
64.290283 0.000000 3310.458984 0.000000 0.999074 0.000000 -0.043033 0.000000 0.000000 0.000000
115.915550 0.000000 3288.135010 0.000000 1.000000 0.000000 -0.000651 0.000000 0.000000 0.000000
121.426590 0.000000 3293.492676 0.000000 0.938040 0.000000 -0.346528 0.000000 0.000000 0.000000
78.124611 0.000000 3305.102539 0.000000 0.170921 0.000000 -0.985285 0.000000 0.000000 0.000000
101.084946 0.000000 3290.891357 0.000000 0.665209 0.000000 0.746657 0.000000 0.000000 0.000000
78.146744 0.000000 3297.947266 0.000000 0.996928 0.000000 0.078318 0.000000 0.000000 0.000000
109.790878 0.000000 3289.431885 0.000000 0.429424 0.000000 -0.903103 0.000000 0.000000 0.000000
73.163704 0.000000 3315.394531 0.000000 0.079456 0.000000 0.996838 0.000000 0.000000 0.000000
69.003143 0.000000 3312.221680 0.000000 0.758263 0.000000 -0.651949 0.000000 0.000000 0.000000
68.956871 0.000000 3322.260742 0.000000 0.952294 0.000000 -0.305181 0.000000 0.000000 0.000000
81.893784 0.000000 3289.408447 0.000000 0.240967 0.000000 -0.970533 0.000000 0.000000 0.000000
114.317383 0.000000 3279.284912 0.000000 0.773339 0.000000 0.633992 0.000000 0.000000 0.000000
126.127296 0.000000 3293.533691 0.000000 0.279797 0.000000 0.960059 0.000000 0.000000 0.000000
105.396393 0.000000 3289.852539 0.000000 0.833035 0.000000 0.553220 0.000000 0.000000 0.000000
73.597809 0.000000 3325.969238 0.000000 0.144733 0.000000 -0.989471 0.000000 0.000000 0.000000
77.646271 0.000000 3316.840088 0.000000 0.660955 0.000000 -0.750426 0.000000 0.000000 0.000000
86.003387 0.000000 3289.796143 0.000000 0.855602 0.000000 0.517635 0.000000 0.000000 0.000000
67.605263 0.000000 3299.370361 0.000000 0.138329 0.000000 -0.990386 0.000000 0.000000 0.000000
65.602211 0.000000 3306.467041 0.000000 0.999711 0.000000 0.024053 0.000000 0.000000 0.000000
67.856934 0.000000 3326.165771 0.000000 0.925994 0.000000 -0.377539 0.000000 0.000000 0.000000
74.276337 0.000000 3296.701172 0.000000 0.501563 0.000000 0.865121 0.000000 0.000000 0.000000
119.430862 0.000000 3289.970703 0.000000 0.254743 0.000000 0.967009 0.000000 0.000000 0.000000
123.875702 0.000000 3290.300049 0.000000 0.609370 0.000000 -0.792886 0.000000 0.000000 0.000000
76.652473 0.000000 3301.520508 0.000000 0.354795 0.000000 0.934944 0.000000 0.000000 0.000000
108.817154 0.000000 3285.619629 0.000000 0.422158 0.000000 -0.906522 0.000000 0.000000 0.000000
73.888924 0.000000 3331.358887 0.000000 0.988470 0.000000 -0.151418 0.000000 0.000000 0.000000
73.807976 0.000000 3311.799316 0.000000 0.194900 0.000000 -0.980823 0.000000 0.000000 0.000000
69.963753 0.000000 3296.792725 0.000000 0.980009 0.000000 0.198954 0.000000 0.000000 0.000000
68.219467 0.000000 3308.727783 0.000000 0.900416 0.000000 -0.435029 0.000000 0.000000 0.000000
103.553665 0.000000 3293.296143 0.000000 0.973837 0.000000 -0.227248 0.000000 0.000000 0.000000
74.748795 0.000000 3318.286621 0.000000 0.729168 0.000000 -0.684335 0.000000 0.000000 0.000000
64.205124 0.000000 3298.512451 0.000000 0.143290 0.000000 0.989681 0.000000 0.000000 0.000000
81.653122 0.000000 3284.563232 0.000000 0.305890 0.000000 0.952067 0.000000 0.000000 0.000000
76.424805 0.000000 3294.513428 0.000000 0.955671 0.000000 -0.294436 0.000000 0.000000 0.000000
70.656693 0.000000 3324.911621 0.000000 0.998091 0.000000 -0.061765 0.000000 0.000000 0.000000
107.550934 0.000000 3282.893555 0.000000 0.487712 0.000000 -0.873005 0.000000 0.000000 0.000000
75.714066 0.000000 3314.096924 0.000000 0.715195 0.000000 0.698925 0.000000 0.000000 0.000000
116.969040 0.000000 3280.451660 0.000000 0.057675 0.000000 -0.998335 0.000000 0.000000 0.000000
74.423073 0.000000 3299.841309 0.000000 0.481996 0.000000 -0.876173 1.000000 1.000000 1.000000
106.549194 0.000000 3287.205078 0.000000 0.946109 0.000000 0.323848 0.000000 0.000000 0.000000
71.290436 0.000000 3310.766113 0.000000 0.641631 0.000000 0.767013 0.000000 0.000000 0.000000
99.895203 0.000000 3288.607422 0.000000 0.995242 0.000000 -0.097437 0.000000 0.000000 0.000000
114.542305 0.000000 3281.892334 0.000000 0.897041 0.000000 0.441947 0.000000 0.000000 0.000000
78.452164 0.000000 3331.688477 0.000000 0.405839 0.000000 0.913945 0.000000 0.000000 0.000000
66.786247 0.000000 3310.994385 0.000000 0.935641 0.000000 -0.352953 0.000000 0.000000 0.000000
71.626793 0.000000 3322.444092 0.000000 0.974205 0.000000 -0.225664 0.000000 0.000000 0.000000
75.346909 0.000000 3324.057861 0.000000 0.572165 0.000000 0.820138 0.000000 0.000000 0.000000
81.306976 0.000000 3287.039551 0.000000 0.233146 0.000000 0.972442 0.000000 0.000000 0.000000
67.661331 0.000000 3297.167236 0.000000 0.986433 0.000000 -0.164163 0.000000 0.000000 0.000000
72.383369 0.000000 3297.957520 0.000000 0.768756 0.000000 -0.639542 0.000000 0.000000 0.000000
75.567841 0.000000 3316.247070 0.000000 0.996587 0.000000 -0.082551 1.000000 1.000000 1.000000
76.277771 0.000000 3331.350098 0.000000 0.755791 0.000000 0.654813 1.000000 1.000000 1.000000
107.536674 0.000000 3289.656738 0.000000 0.574150 0.000000 0.818750 0.000000 0.000000 0.000000
75.945610 0.000000 3298.162354 0.000000 0.991084 0.000000 0.133236 1.000000 1.000000 1.000000
110.914902 0.000000 3285.179443 0.000000 0.919788 0.000000 0.392415 0.000000 0.000000 0.000000
109.664192 0.000000 3283.089355 0.000000 0.662188 0.000000 -0.749338 0.000000 0.000000 0.000000
75.119385 0.000000 3329.712891 0.000000 0.999293 0.000000 0.037593 1.000000 1.000000 1.000000
116.116714 0.000000 3278.424561 0.000000 0.999866 0.000000 0.016378 0.000000 0.000000 0.000000
68.837372 0.000000 3324.333496 0.000000 0.897015 0.000000 -0.442000 0.000000 0.000000 0.000000
68.483620 0.000000 3310.523682 0.000000 0.550355 0.000000 -0.834931 0.000000 0.000000 0.000000
79.876366 0.000000 3284.541992 0.000000 0.449526 0.000000 -0.893267 1.000000 1.000000 1.000000
41.206707 0.000000 3341.121826 0.000000 0.673251 0.000000 0.739414 0.000000 0.000000 0.000000
7.674679 0.000000 3356.524170 0.000000 0.485287 0.000000 0.874355 0.000000 0.000000 0.000000
32.264427 0.000000 3354.446533 0.000000 0.111618 0.000000 -0.993751 0.000000 0.000000 0.000000
63.683571 0.000000 3345.618652 0.000000 0.159282 0.000000 0.987233 0.000000 0.000000 0.000000
42.581665 0.000000 3351.383057 0.000000 0.905001 0.000000 -0.425410 0.000000 0.000000 0.000000
31.430414 0.000000 3343.350098 0.000000 0.299525 0.000000 0.954089 0.000000 0.000000 0.000000
10.048204 0.000000 3378.078369 0.000000 0.722863 0.000000 -0.690992 0.000000 0.000000 0.000000
13.467558 0.000000 3348.133301 0.000000 0.604818 0.000000 0.796363 0.000000 0.000000 0.000000
33.639385 0.000000 3362.615723 0.000000 0.833769 0.000000 0.552113 0.000000 0.000000 0.000000
3.716350 0.000000 3373.684326 0.000000 0.707628 0.000000 -0.706586 0.000000 0.000000 0.000000
45.233910 0.000000 3358.475342 0.000000 0.946344 0.000000 0.323162 0.000000 0.000000 0.000000
38.465237 0.000000 3357.675781 0.000000 0.140246 0.000000 -0.990117 0.000000 0.000000 0.000000
57.915657 0.000000 3343.292969 0.000000 0.138756 0.000000 -0.990327 0.000000 0.000000 0.000000
45.790882 0.000000 3345.916260 0.000000 0.903121 0.000000 0.429386 0.000000 0.000000 0.000000
16.020777 0.000000 3376.806396 0.000000 0.936395 0.000000 -0.350948 0.000000 0.000000 0.000000
49.916603 0.000000 3350.368164 0.000000 0.773564 0.000000 -0.633718 0.000000 0.000000 0.000000
34.074413 0.000000 3338.097900 0.000000 0.580374 0.000000 -0.814350 0.000000 0.000000 0.000000
7.651003 0.000000 3350.065430 0.000000 0.993991 0.000000 0.109459 0.000000 0.000000 0.000000
26.661556 0.000000 3354.015869 0.000000 0.792807 0.000000 -0.609473 0.000000 0.000000 0.000000
25.550480 0.000000 3344.179443 0.000000 0.665679 0.000000 0.746238 0.000000 0.000000 0.000000
13.883410 0.000000 3381.074219 0.000000 0.526273 0.000000 0.850316 0.000000 0.000000 0.000000
50.317387 0.000000 3335.769287 0.000000 0.119163 0.000000 -0.992875 0.000000 0.000000 0.000000
62.127296 0.000000 3350.018066 0.000000 0.923204 0.000000 0.384311 0.000000 0.000000 0.000000
41.396389 0.000000 3346.336914 0.000000 0.099640 0.000000 -0.995024 0.000000 0.000000 0.000000
37.993706 0.000000 3362.141357 0.000000 0.879992 0.000000 0.474989 0.000000 0.000000 0.000000
9.597809 0.000000 3382.453613 0.000000 0.942378 0.000000 0.334550 0.000000 0.000000 0.000000
31.822269 0.000000 3358.639160 0.000000 0.453334 0.000000 0.891341 0.000000 0.000000 0.000000
13.646273 0.000000 3373.324463 0.000000 0.732543 0.000000 -0.680721 0.000000 0.000000 0.000000
58.875202 0.000000 3332.732666 0.000000 0.998463 0.000000 -0.055416 0.000000 0.000000 0.000000
38.192966 0.000000 3338.284912 0.000000 0.926249 0.000000 -0.376913 0.000000 0.000000 0.000000
0.390508 0.000000 3376.128174 0.000000 0.013972 0.000000 -0.999902 0.000000 0.000000 0.000000
53.757950 0.000000 3351.942871 0.000000 0.001360 0.000000 0.999999 0.000000 0.000000 0.000000
3.856933 0.000000 3382.650146 0.000000 0.118472 0.000000 -0.992957 0.000000 0.000000 0.000000
10.276335 0.000000 3353.185547 0.000000 0.084360 0.000000 -0.996435 0.000000 0.000000 0.000000
32.344559 0.000000 3370.895752 0.000000 0.698524 0.000000 -0.715587 0.000000 0.000000 0.000000
57.786556 0.000000 3337.103027 0.000000 0.960084 0.000000 0.279713 0.000000 0.000000 0.000000
61.449684 0.000000 3342.064209 0.000000 0.610706 0.000000 0.791857 1.000000 1.000000 1.000000
46.165600 0.000000 3350.120361 0.000000 0.671047 0.000000 0.741415 0.000000 0.000000 0.000000
44.817150 0.000000 3342.104004 0.000000 0.433386 0.000000 0.901208 0.000000 0.000000 0.000000
35.650982 0.000000 3355.520508 0.000000 0.139594 0.000000 -0.990209 0.000000 0.000000 0.000000
36.675682 0.000000 3365.420166 0.000000 0.637265 0.000000 0.770644 0.000000 0.000000 0.000000
35.373230 0.000000 3359.521484 0.000000 0.725227 0.000000 -0.688510 0.000000 0.000000 0.000000
30.089840 0.000000 3361.513428 0.000000 0.476376 0.000000 -0.879241 0.000000 0.000000 0.000000
0.226205 0.000000 3383.895020 0.000000 0.275839 0.000000 0.961204 0.000000 0.000000 0.000000
45.456879 0.000000 3336.791748 0.000000 0.440815 0.000000 0.897598 0.000000 0.000000 0.000000
39.553669 0.000000 3349.780518 0.000000 0.909370 0.000000 0.415988 0.000000 0.000000 0.000000
59.669350 0.000000 3352.282959 0.000000 0.234415 0.000000 0.972137 0.000000 0.000000 0.000000
39.131432 0.000000 3367.557373 0.000000 0.863991 0.000000 -0.503507 0.000000 0.000000 0.000000
10.748798 0.000000 3374.770996 0.000000 0.801094 0.000000 -0.598539 0.000000 0.000000 0.000000
58.815208 0.000000 3340.147217 0.000000 0.206059 0.000000 0.978540 0.000000 0.000000 0.000000
12.424801 0.000000 3350.997803 0.000000 0.963654 0.000000 0.267155 0.000000 0.000000 0.000000
6.656691 0.000000 3381.395996 0.000000 0.840617 0.000000 -0.541630 0.000000 0.000000 0.000000
13.152718 0.000000 3377.809082 0.000000 0.293127 0.000000 0.956073 0.000000 0.000000 0.000000
60.365807 0.000000 3335.305908 0.000000 0.393832 0.000000 -0.919183 0.000000 0.000000 0.000000
43.534752 0.000000 3348.567871 0.000000 0.597886 0.000000 -0.801581 0.000000 0.000000 0.000000
11.714067 0.000000 3370.581299 0.000000 0.010507 0.000000 -0.999945 0.000000 0.000000 0.000000
52.340645 0.000000 3332.914307 0.000000 0.977517 0.000000 0.210858 0.000000 0.000000 0.000000
36.294857 0.000000 3336.234863 0.000000 0.835747 0.000000 0.549115 0.000000 0.000000 0.000000
3.168203 0.000000 3376.530762 0.000000 0.300696 0.000000 0.953720 0.000000 0.000000 0.000000
3.898390 0.000000 3385.334717 0.000000 0.702830 0.000000 -0.711357 0.000000 0.000000 0.000000
26.616224 0.000000 3356.660645 0.000000 0.937704 0.000000 0.347434 0.000000 0.000000 0.000000
47.681183 0.000000 3335.479980 0.000000 0.864531 0.000000 0.502580 0.000000 0.000000 0.000000
61.258160 0.000000 3344.592529 0.000000 0.981235 0.000000 0.192814 0.000000 0.000000 0.000000
56.357548 0.000000 3340.925049 0.000000 0.091338 0.000000 0.995820 0.000000 0.000000 0.000000
33.496731 0.000000 3356.808838 0.000000 0.689007 0.000000 -0.724754 0.000000 0.000000 0.000000
63.940563 0.000000 3352.027588 0.000000 0.141381 0.000000 0.989955 0.000000 0.000000 0.000000
56.373596 0.000000 3332.716553 0.000000 0.688347 0.000000 0.725382 0.000000 0.000000 0.000000
57.682972 0.000000 3334.733887 0.000000 0.004352 0.000000 -0.999991 0.000000 0.000000 0.000000
10.112189 0.000000 3350.731934 0.000000 0.573993 0.000000 -0.818860 0.000000 0.000000 0.000000
35.886871 0.000000 3363.202637 0.000000 0.403375 0.000000 0.915035 0.000000 0.000000 0.000000
46.967155 0.000000 3347.955078 0.000000 0.799799 0.000000 0.600268 0.000000 0.000000 0.000000
7.561575 0.000000 3383.552002 0.000000 0.148221 0.000000 0.988954 0.000000 0.000000 0.000000
24.281860 0.000000 3354.593262 0.000000 0.752856 0.000000 0.658185 0.000000 0.000000 0.000000
52.127781 0.000000 3350.460693 0.000000 0.836301 0.000000 -0.548271 0.000000 0.000000 0.000000
13.897385 0.000000 3375.686035 0.000000 0.925357 0.000000 0.379097 0.000000 0.000000 0.000000
48.601688 0.000000 3337.420410 0.000000 0.876386 0.000000 0.481609 0.000000 0.000000 0.000000
46.914906 0.000000 3341.663818 0.000000 0.563461 0.000000 0.826142 1.000000 1.000000 1.000000
61.359409 0.000000 3353.651611 0.000000 0.466944 0.000000 0.884287 0.000000 0.000000 0.000000
41.381035 0.000000 3348.525635 0.000000 0.975510 0.000000 0.219955 0.000000 0.000000 0.000000
32.249134 0.000000 3360.953857 0.000000 0.661483 0.000000 0.749960 0.000000 0.000000 0.000000
46.326488 0.000000 3343.696289 0.000000 0.551411 0.000000 0.834234 0.000000 0.000000 0.000000
36.267094 0.000000 3357.468750 0.000000 0.949708 0.000000 0.313137 0.000000 0.000000 0.000000
54.278576 0.000000 3332.610107 0.000000 0.957354 0.000000 0.288917 0.000000 0.000000 0.000000
46.857185 0.000000 3338.082031 0.000000 0.251765 0.000000 0.967788 1.000000 1.000000 1.000000
27.430645 0.000000 3344.605713 0.000000 0.042377 0.000000 0.999102 0.000000 0.000000 0.000000
61.495090 0.000000 3351.738281 0.000000 0.683335 0.000000 -0.730105 0.000000 0.000000 0.000000
33.555931 0.000000 3359.252441 0.000000 0.653109 0.000000 -0.757264 1.000000 1.000000 1.000000
49.566475 0.000000 3339.760742 0.000000 0.768297 0.000000 0.640093 1.000000 1.000000 1.000000
67.834518 0.000000 3332.580566 0.000000 0.030804 0.000000 -0.999525 0.000000 0.000000 0.000000
79.347572 0.000000 3332.862305 0.000000 0.726166 0.000000 0.687519 0.000000 0.000000 0.000000
77.467560 0.000000 3348.133301 0.000000 0.763092 0.000000 0.646290 0.000000 0.000000 0.000000
73.453827 0.000000 3338.897461 0.000000 0.981513 0.000000 -0.191397 0.000000 0.000000 0.000000
66.164543 0.000000 3351.949707 0.000000 0.959317 0.000000 -0.282331 0.000000 0.000000 0.000000
71.651001 0.000000 3350.065430 0.000000 0.750517 0.000000 0.660851 0.000000 0.000000 0.000000
73.438019 0.000000 3333.395752 0.000000 0.011682 0.000000 -0.999932 0.000000 0.000000 0.000000
69.568970 0.000000 3336.595947 0.000000 0.984193 0.000000 0.177097 1.000000 1.000000 1.000000
69.348785 0.000000 3341.020020 0.000000 0.614308 0.000000 -0.789066 0.000000 0.000000 0.000000
68.061295 0.000000 3348.787842 0.000000 0.138102 0.000000 -0.990418 0.000000 0.000000 0.000000
70.798706 0.000000 3346.845215 0.000000 0.997854 0.000000 0.065484 0.000000 0.000000 0.000000
66.492096 0.000000 3336.167725 0.000000 0.998003 0.000000 0.063158 0.000000 0.000000 0.000000
68.014954 0.000000 3338.665283 0.000000 0.591729 0.000000 -0.806137 0.000000 0.000000 0.000000
70.927620 0.000000 3338.925537 0.000000 0.626460 0.000000 0.779454 1.000000 1.000000 1.000000
68.206177 0.000000 3334.833008 0.000000 0.353455 0.000000 0.935451 0.000000 0.000000 0.000000
182.803513 0.000000 3278.159912 0.000000 0.865721 0.000000 -0.500527 0.000000 0.000000 0.000000
158.802338 0.000000 3276.154785 0.000000 0.130470 0.000000 -0.991452 0.000000 0.000000 0.000000
153.268784 0.000000 3292.502930 0.000000 0.451461 0.000000 -0.892291 0.000000 0.000000 0.000000
150.797165 0.000000 3277.068359 0.000000 0.823442 0.000000 0.567401 0.000000 0.000000 0.000000
165.084946 0.000000 3290.891357 0.000000 0.431032 0.000000 -0.902337 0.000000 0.000000 0.000000
165.443268 0.000000 3295.895752 0.000000 0.736669 0.000000 -0.676254 0.000000 0.000000 0.000000
169.396393 0.000000 3289.852539 0.000000 0.879481 0.000000 0.475935 0.000000 0.000000 0.000000
185.786560 0.000000 3280.618652 0.000000 0.940109 0.000000 0.340874 0.000000 0.000000 0.000000
162.040314 0.000000 3294.398682 0.000000 0.542381 0.000000 0.840132 0.000000 0.000000 0.000000
172.817154 0.000000 3285.619629 0.000000 0.986491 0.000000 0.163818 0.000000 0.000000 0.000000
167.553665 0.000000 3293.296143 0.000000 0.989991 0.000000 0.141134 0.000000 0.000000 0.000000
140.396713 0.000000 3288.601562 0.000000 0.039042 0.000000 0.999238 0.000000 0.000000 0.000000
130.492096 0.000000 3279.683350 0.000000 0.756724 0.000000 0.653734 0.000000 0.000000 0.000000
155.921402 0.000000 3292.049561 0.000000 0.954206 0.000000 -0.299150 0.000000 0.000000 0.000000
154.002274 0.000000 3290.129150 0.000000 0.810757 0.000000 -0.585383 0.000000 0.000000 0.000000
164.534653 0.000000 3293.271729 0.000000 0.824099 0.000000 0.566446 0.000000 0.000000 0.000000
162.304291 0.000000 3292.193604 0.000000 0.785643 0.000000 -0.618680 0.000000 0.000000 0.000000
167.451385 0.000000 3291.089355 0.000000 0.613373 0.000000 -0.789793 0.000000 0.000000 0.000000
174.326492 0.000000 3287.211914 0.000000 0.159748 0.000000 -0.987158 0.000000 0.000000 0.000000
163.805023 0.000000 3295.008057 0.000000 0.747052 0.000000 -0.664766 0.000000 0.000000 0.000000
1965.255371 0.000000 2992.062988 0.000000 0.023225 0.000000 0.999730 0.000000 0.000000 0.000000
1959.866577 0.000000 2978.891113 0.000000 0.243915 0.000000 0.969797 0.000000 0.000000 0.000000
1958.720825 0.000000 2983.922119 0.000000 0.975764 0.000000 -0.218824 0.000000 0.000000 0.000000
1962.064331 0.000000 2988.511230 0.000000 0.998478 0.000000 -0.055144 0.000000 0.000000 0.000000
1966.444580 0.000000 2988.549805 0.000000 0.312143 0.000000 -0.950035 0.000000 0.000000 0.000000
1969.605835 0.000000 2990.041260 0.000000 0.469502 0.000000 0.882932 0.000000 0.000000 0.000000
1958.643433 0.000000 2988.889648 0.000000 0.996266 0.000000 -0.086332 0.000000 0.000000 0.000000
1968.587158 0.000000 2988.113525 0.000000 0.987556 0.000000 -0.157266 0.000000 0.000000 0.000000
1950.802368 0.000000 2993.732910 0.000000 0.946916 0.000000 -0.321480 0.000000 0.000000 0.000000
1962.581665 0.000000 3012.476807 0.000000 0.832184 0.000000 -0.554499 0.000000 0.000000 0.000000
1965.901245 0.000000 2994.626221 0.000000 0.834711 0.000000 0.550688 0.000000 0.000000 0.000000
1958.465210 0.000000 3018.769531 0.000000 0.178055 0.000000 -0.984021 0.000000 0.000000 0.000000
1963.550903 0.000000 3000.471680 0.000000 0.916321 0.000000 0.400445 0.000000 0.000000 0.000000
1958.386963 0.000000 3016.020020 0.000000 0.999997 0.000000 -0.002433 0.000000 0.000000 0.000000
1919.683594 0.000000 3063.196777 0.000000 0.978240 0.000000 -0.207476 0.000000 0.000000 0.000000
6738.736816 0.000000 727.933533 0.000000 0.427503 0.000000 0.904014 0.000000 0.000000 0.000000
6752.264648 0.000000 699.681030 0.000000 0.844727 0.000000 -0.535198 0.000000 0.000000 0.000000
6762.581543 0.000000 696.617310 0.000000 0.873919 0.000000 -0.486071 0.000000 0.000000 0.000000
6777.729980 0.000000 718.601990 0.000000 0.954182 0.000000 -0.299228 0.000000 0.000000 0.000000
6765.791016 0.000000 691.150635 0.000000 0.818291 0.000000 -0.574803 0.000000 0.000000 0.000000
6774.872070 0.000000 724.146912 0.000000 0.932877 0.000000 -0.360194 0.000000 0.000000 0.000000
6777.614258 0.000000 730.193665 0.000000 0.541181 0.000000 0.840906 0.000000 0.000000 0.000000
6782.112305 0.000000 721.731201 0.000000 0.987876 0.000000 -0.155244 0.000000 0.000000 0.000000
6761.396484 0.000000 691.571411 0.000000 0.981244 0.000000 0.192771 0.000000 0.000000 0.000000
6782.612305 0.000000 729.452759 0.000000 0.083149 0.000000 0.996537 0.000000 0.000000 0.000000
6773.811523 0.000000 719.111572 0.000000 0.809608 0.000000 -0.586970 0.000000 0.000000 0.000000
6767.152344 0.000000 723.283203 0.000000 0.914687 0.000000 0.404164 0.000000 0.000000 0.000000
6775.033203 0.000000 716.260437 0.000000 0.538889 0.000000 0.842377 0.000000 0.000000 0.000000
6763.534668 0.000000 693.802246 0.000000 0.358509 0.000000 -0.933526 1.000000 1.000000 1.000000
6778.107422 0.000000 733.012878 0.000000 0.785903 0.000000 -0.618349 0.000000 0.000000 0.000000
6783.022949 0.000000 731.978088 0.000000 0.804896 0.000000 0.593416 1.000000 1.000000 1.000000
6780.370605 0.000000 723.709167 0.000000 0.995468 0.000000 -0.095098 0.000000 0.000000 0.000000
6763.536621 0.000000 691.375549 0.000000 0.388152 0.000000 -0.921595 1.000000 1.000000 1.000000
6761.380859 0.000000 693.760132 0.000000 0.984173 0.000000 0.177213 1.000000 1.000000 1.000000
6775.657227 0.000000 718.186279 0.000000 0.777705 0.000000 -0.628630 0.000000 0.000000 0.000000
6773.193359 0.000000 717.147461 0.000000 0.045693 0.000000 -0.998955 0.000000 0.000000 0.000000
6768.863770 0.000000 722.288513 0.000000 0.185157 0.000000 0.982709 0.000000 0.000000 0.000000
6780.200684 0.000000 721.885193 0.000000 0.992842 0.000000 -0.119437 0.000000 0.000000 0.000000
6752.264648 0.000000 756.165405 0.000000 0.964363 0.000000 -0.264582 0.000000 0.000000 0.000000
6758.270996 0.000000 735.703796 0.000000 0.436471 0.000000 0.899719 0.000000 0.000000 0.000000
6781.524414 0.000000 739.810303 0.000000 0.984047 0.000000 0.177907 0.000000 0.000000 0.000000
6742.797363 0.000000 735.271484 0.000000 0.273484 0.000000 -0.961877 0.000000 0.000000 0.000000
6736.020996 0.000000 778.525146 0.000000 0.139031 0.000000 0.990288 0.000000 0.000000 0.000000
6774.117188 0.000000 741.318298 0.000000 0.100576 0.000000 -0.994929 0.000000 0.000000 0.000000
6777.786621 0.000000 738.821716 0.000000 0.588871 0.000000 -0.808227 0.000000 0.000000 0.000000
6781.449707 0.000000 743.783020 0.000000 0.146528 0.000000 -0.989207 0.000000 0.000000 0.000000
6782.677246 0.000000 736.842896 0.000000 0.166952 0.000000 0.985965 0.000000 0.000000 0.000000
6829.255371 0.000000 732.687988 0.000000 0.487041 0.000000 -0.873379 0.000000 0.000000 0.000000
6823.866699 0.000000 719.516052 0.000000 0.065868 0.000000 -0.997828 0.000000 0.000000 0.000000
6811.221680 0.000000 723.841064 0.000000 0.642974 0.000000 0.765888 0.000000 0.000000 0.000000
6836.885254 0.000000 729.563599 0.000000 0.751546 0.000000 0.659681 0.000000 0.000000 0.000000
6790.599121 0.000000 730.913452 0.000000 0.946372 0.000000 0.323078 0.000000 0.000000 0.000000
6805.035156 0.000000 718.529602 0.000000 0.576862 0.000000 0.816841 0.000000 0.000000 0.000000
6841.729980 0.000000 718.601990 0.000000 0.588889 0.000000 0.808214 0.000000 0.000000 0.000000
6828.186523 0.000000 725.520691 0.000000 0.787018 0.000000 -0.616929 0.000000 0.000000 0.000000
6798.124512 0.000000 706.821289 0.000000 0.372768 0.000000 -0.927924 0.000000 0.000000 0.000000
6816.909180 0.000000 720.055786 0.000000 0.637345 0.000000 -0.770579 0.000000 0.000000 0.000000
6845.041992 0.000000 733.470642 0.000000 0.217515 0.000000 -0.976057 0.000000 0.000000 0.000000
6791.650879 0.000000 695.299866 0.000000 0.725643 0.000000 -0.688071 0.000000 0.000000 0.000000
6838.872070 0.000000 724.146912 0.000000 0.902379 0.000000 0.430943 0.000000 0.000000 0.000000
6823.675293 0.000000 732.586365 0.000000 0.665185 0.000000 0.746678 0.000000 0.000000 0.000000
6785.469238 0.000000 732.360596 0.000000 0.946227 0.000000 0.323504 1.000000 1.000000 1.000000
6806.690430 0.000000 705.829407 0.000000 0.630979 0.000000 0.775800 0.000000 0.000000 0.000000
6800.913574 0.000000 710.382568 0.000000 0.999527 0.000000 -0.030743 0.000000 0.000000 0.000000
6793.424316 0.000000 705.686279 0.000000 0.869372 0.000000 0.494158 0.000000 0.000000 0.000000
6826.064453 0.000000 729.136292 0.000000 0.998859 0.000000 0.047752 1.000000 1.000000 1.000000
6796.652344 0.000000 703.239319 0.000000 0.997300 0.000000 0.073437 0.000000 0.000000 0.000000
6837.811523 0.000000 719.111572 0.000000 0.957306 0.000000 0.289077 0.000000 0.000000 0.000000
6842.308594 0.000000 722.412048 0.000000 0.946771 0.000000 0.321908 1.000000 1.000000 1.000000
6825.927734 0.000000 722.545776 0.000000 0.141473 0.000000 -0.989942 0.000000 0.000000 0.000000
6801.216309 0.000000 717.693787 0.000000 0.934278 0.000000 0.356546 0.000000 0.000000 0.000000
6813.565918 0.000000 721.111267 0.000000 0.999676 0.000000 0.025474 0.000000 0.000000 0.000000
6808.763672 0.000000 708.543701 0.000000 0.994433 0.000000 0.105366 1.000000 1.000000 1.000000
6840.579102 0.000000 726.974915 0.000000 0.026466 0.000000 -0.999650 1.000000 1.000000 1.000000
6813.536621 0.000000 717.825623 0.000000 0.798815 0.000000 -0.601577 0.000000 0.000000 0.000000
6836.392090 0.000000 726.199219 0.000000 0.178905 0.000000 -0.983866 0.000000 0.000000 0.000000
6790.827637 0.000000 733.811340 0.000000 0.852408 0.000000 -0.522878 0.000000 0.000000 0.000000
6826.622559 0.000000 731.837585 0.000000 0.576140 0.000000 0.817351 0.000000 0.000000 0.000000
6798.569336 0.000000 711.581238 0.000000 0.973141 0.000000 -0.230210 1.000000 1.000000 1.000000
6788.256348 0.000000 733.328186 0.000000 0.798943 0.000000 0.601406 0.000000 0.000000 0.000000
6842.085938 0.000000 724.971130 0.000000 0.022588 0.000000 -0.999745 1.000000 1.000000 1.000000
6828.263184 0.000000 727.987610 0.000000 0.265757 0.000000 0.964040 0.000000 0.000000 0.000000
6839.341309 0.000000 729.104492 0.000000 0.848049 0.000000 0.529918 1.000000 1.000000 1.000000
6828.424316 0.000000 730.358521 0.000000 0.461697 0.000000 0.887038 0.000000 0.000000 0.000000
6795.910645 0.000000 705.495483 0.000000 0.957450 0.000000 -0.288598 1.000000 1.000000 1.000000
6796.076660 0.000000 713.122986 0.000000 0.997082 0.000000 -0.076334 1.000000 1.000000 1.000000
6784.164062 0.000000 734.151550 0.000000 0.878037 0.000000 0.478593 1.000000 1.000000 1.000000
6815.716309 0.000000 718.263123 0.000000 0.327681 0.000000 0.944789 0.000000 0.000000 0.000000
6843.060547 0.000000 720.404785 0.000000 0.997298 0.000000 0.073467 1.000000 1.000000 1.000000
6809.637695 0.000000 714.509888 0.000000 0.463844 0.000000 -0.885917 0.000000 0.000000 0.000000
6838.447266 0.000000 727.021973 0.000000 0.535324 0.000000 -0.844647 0.000000 0.000000 0.000000
6824.272949 0.000000 728.028137 0.000000 0.503583 0.000000 -0.863947 0.000000 0.000000 0.000000
6824.552734 0.000000 730.663635 0.000000 0.331827 0.000000 -0.943340 0.000000 0.000000 0.000000
6810.051758 0.000000 710.106750 0.000000 0.214102 0.000000 -0.976811 0.000000 0.000000 0.000000
6824.666504 0.000000 724.135010 0.000000 0.997806 0.000000 0.066199 0.000000 0.000000 0.000000
6797.989746 0.000000 704.726990 0.000000 0.056982 0.000000 0.998375 0.000000 0.000000 0.000000
6825.461914 0.000000 733.412170 0.000000 0.970374 0.000000 -0.241610 0.000000 0.000000 0.000000
6836.105469 0.000000 720.203491 0.000000 0.166252 0.000000 -0.986083 0.000000 0.000000 0.000000
6840.393555 0.000000 722.939148 0.000000 0.514343 0.000000 -0.857585 1.000000 1.000000 1.000000
6812.530762 0.000000 719.487488 0.000000 0.856865 0.000000 -0.515541 1.000000 1.000000 1.000000
6842.541992 0.000000 726.983521 0.000000 0.175973 0.000000 -0.984395 1.000000 1.000000 1.000000
6840.590820 0.000000 731.723206 0.000000 0.398469 0.000000 0.917182 1.000000 1.000000 1.000000
6826.572266 0.000000 727.391418 0.000000 0.443179 0.000000 0.896433 1.000000 1.000000 1.000000
6841.560059 0.000000 728.456482 0.000000 0.718659 0.000000 0.695362 1.000000 1.000000 1.000000
6840.254883 0.000000 725.194885 0.000000 0.772988 0.000000 0.634420 1.000000 1.000000 1.000000
6785.867188 0.000000 734.015564 0.000000 0.297547 0.000000 0.954707 1.000000 1.000000 1.000000
6848.354004 0.000000 725.780396 0.000000 0.982886 0.000000 -0.184213 0.000000 0.000000 0.000000
6854.599121 0.000000 730.913452 0.000000 0.122100 0.000000 0.992518 0.000000 0.000000 0.000000
6887.675293 0.000000 732.586365 0.000000 0.435427 0.000000 -0.900224 0.000000 0.000000 0.000000
6897.044434 0.000000 726.496460 0.000000 0.073773 0.000000 -0.997275 0.000000 0.000000 0.000000
6898.569336 0.000000 733.786316 0.000000 0.843137 0.000000 -0.537699 0.000000 0.000000 0.000000
6851.856934 0.000000 727.884460 0.000000 0.986709 0.000000 0.162499 0.000000 0.000000 0.000000
6897.605957 0.000000 730.666382 0.000000 0.977443 0.000000 -0.211201 0.000000 0.000000 0.000000
6851.898438 0.000000 730.569153 0.000000 0.811839 0.000000 0.583882 1.000000 1.000000 1.000000
6852.256348 0.000000 733.328186 0.000000 0.288180 0.000000 -0.957576 1.000000 1.000000 1.000000
6885.505371 0.000000 733.500183 0.000000 0.841722 0.000000 0.539911 0.000000 0.000000 0.000000
6896.587402 0.000000 728.738525 0.000000 0.927175 0.000000 0.374629 0.000000 0.000000 0.000000
6853.476562 0.000000 729.090698 0.000000 0.985228 0.000000 -0.171249 0.000000 0.000000 0.000000
6853.147461 0.000000 731.801697 0.000000 0.123480 0.000000 0.992347 1.000000 1.000000 1.000000
6819.530762 0.000000 784.885437 0.000000 0.763026 0.000000 -0.646368 0.000000 0.000000 0.000000
6847.419434 0.000000 756.168945 0.000000 0.999995 0.000000 0.003177 0.000000 0.000000 0.000000
6805.035156 0.000000 775.013977 0.000000 0.566733 0.000000 -0.823901 0.000000 0.000000 0.000000
6798.124512 0.000000 763.305664 0.000000 0.715944 0.000000 0.698158 0.000000 0.000000 0.000000
6833.916504 0.000000 752.086853 0.000000 0.619608 0.000000 0.784912 0.000000 0.000000 0.000000
6818.074219 0.000000 739.816650 0.000000 0.979277 0.000000 -0.202524 0.000000 0.000000 0.000000
6815.273438 0.000000 789.173279 0.000000 0.205883 0.000000 -0.978577 0.000000 0.000000 0.000000
6793.437988 0.000000 735.114563 0.000000 0.677188 0.000000 0.735810 0.000000 0.000000 0.000000
6788.957031 0.000000 780.463989 0.000000 0.969062 0.000000 -0.246819 0.000000 0.000000 0.000000
6842.165039 0.000000 756.847595 0.000000 0.896850 0.000000 0.442334 1.000000 1.000000 1.000000
6820.590332 0.000000 744.303528 0.000000 0.295627 0.000000 -0.955304 0.000000 0.000000 0.000000
6788.861816 0.000000 762.251404 0.000000 0.997135 0.000000 -0.075643 0.000000 0.000000 0.000000
6797.333984 0.000000 738.626221 0.000000 0.733239 0.000000 -0.679971 0.000000 0.000000 0.000000
6842.875000 0.000000 734.451355 0.000000 0.823123 0.000000 0.567863 0.000000 0.000000 0.000000
6822.192871 0.000000 740.003784 0.000000 0.449648 0.000000 -0.893206 0.000000 0.000000 0.000000
6784.173340 0.000000 736.121521 0.000000 0.985562 0.000000 -0.169313 0.000000 0.000000 0.000000
6825.896973 0.000000 734.325256 0.000000 0.706780 0.000000 0.707434 0.000000 0.000000 0.000000
6818.139648 0.000000 736.023193 0.000000 0.526282 0.000000 -0.850310 0.000000 0.000000 0.000000
6831.152344 0.000000 779.767578 0.000000 0.387672 0.000000 0.921797 0.000000 0.000000 0.000000
6835.006836 0.000000 742.741943 0.000000 0.342944 0.000000 -0.939356 0.000000 0.000000 0.000000
6840.579102 0.000000 783.459290 0.000000 0.994832 0.000000 -0.101539 0.000000 0.000000 0.000000
6843.669434 0.000000 754.001770 0.000000 0.970979 0.000000 0.239165 0.000000 0.000000 0.000000
6786.492188 0.000000 737.886475 0.000000 0.848749 0.000000 -0.528796 0.000000 0.000000 0.000000
6797.243652 0.000000 741.538025 0.000000 0.654270 0.000000 -0.756261 0.000000 0.000000 0.000000
6820.294922 0.000000 737.953613 0.000000 0.768694 0.000000 0.639617 1.000000 1.000000 1.000000
6844.880859 0.000000 757.526550 0.000000 0.889988 0.000000 -0.455984 0.000000 0.000000 0.000000
6840.270996 0.000000 754.806580 0.000000 0.928685 0.000000 -0.370870 0.000000 0.000000 0.000000
6798.569336 0.000000 768.065613 0.000000 0.141641 0.000000 0.989918 0.000000 0.000000 0.000000
6819.895020 0.000000 746.810486 0.000000 0.975574 0.000000 -0.219672 0.000000 0.000000 0.000000
6822.658203 0.000000 742.517883 0.000000 0.808704 0.000000 0.588216 0.000000 0.000000 0.000000
6843.279297 0.000000 759.498413 0.000000 0.486692 0.000000 -0.873573 0.000000 0.000000 0.000000
6842.085938 0.000000 781.455505 0.000000 0.220510 0.000000 -0.975385 0.000000 0.000000 0.000000
6823.590820 0.000000 737.912048 0.000000 0.176896 0.000000 0.984230 1.000000 1.000000 1.000000
6786.854492 0.000000 781.843811 0.000000 0.767268 0.000000 -0.641326 0.000000 0.000000 0.000000
6820.142090 0.000000 734.392090 0.000000 0.529286 0.000000 0.848443 0.000000 0.000000 0.000000
6840.373535 0.000000 734.435303 0.000000 0.826166 0.000000 0.563427 0.000000 0.000000 0.000000
6833.258789 0.000000 771.753845 0.000000 0.015212 0.000000 -0.999884 0.000000 0.000000 0.000000
6797.917480 0.000000 765.743103 0.000000 0.701156 0.000000 -0.713008 0.000000 0.000000 0.000000
6785.278809 0.000000 780.172119 0.000000 0.903929 0.000000 -0.427682 0.000000 0.000000 0.000000
6825.191406 0.000000 736.427368 0.000000 0.755588 0.000000 -0.655047 0.000000 0.000000 0.000000
6786.305176 0.000000 735.646729 0.000000 0.993939 0.000000 -0.109934 1.000000 1.000000 1.000000
6834.636719 0.000000 744.751221 0.000000 0.792847 0.000000 0.609421 0.000000 0.000000 0.000000
6823.709473 0.000000 734.299133 0.000000 0.988133 0.000000 0.153602 1.000000 1.000000 1.000000
6821.911621 0.000000 737.456604 0.000000 0.977985 0.000000 0.208677 1.000000 1.000000 1.000000
6820.465820 0.000000 736.082764 0.000000 0.453989 0.000000 0.891007 1.000000 1.000000 1.000000
6876.282227 0.000000 771.192871 0.000000 0.674182 0.000000 0.738566 0.000000 0.000000 0.000000
6868.950195 0.000000 743.466064 0.000000 0.952903 0.000000 -0.303276 0.000000 0.000000 0.000000
6880.264648 0.000000 756.165405 0.000000 0.939672 0.000000 -0.342076 0.000000 0.000000 0.000000
6899.915527 0.000000 746.338196 0.000000 0.724050 0.000000 0.689748 0.000000 0.000000 0.000000
6861.467773 0.000000 749.852173 0.000000 0.257842 0.000000 0.966187 0.000000 0.000000 0.000000
6851.716309 0.000000 775.403015 0.000000 0.864951 0.000000 -0.501856 0.000000 0.000000 0.000000
6897.916504 0.000000 752.086853 0.000000 0.723350 0.000000 0.690482 0.000000 0.000000 0.000000
6882.074219 0.000000 739.816650 0.000000 0.999800 0.000000 0.020006 0.000000 0.000000 0.000000
6865.626465 0.000000 739.506348 0.000000 0.824094 0.000000 -0.566453 0.000000 0.000000 0.000000
6906.165039 0.000000 756.847595 0.000000 0.906807 0.000000 -0.421545 0.000000 0.000000 0.000000
6865.893555 0.000000 747.611633 0.000000 0.905828 0.000000 0.423645 0.000000 0.000000 0.000000
6910.018555 0.000000 760.191956 0.000000 0.781833 0.000000 -0.623488 1.000000 1.000000 1.000000
6882.139648 0.000000 736.023193 0.000000 0.817025 0.000000 -0.576603 0.000000 0.000000 0.000000
6892.817383 0.000000 743.822876 0.000000 0.997101 0.000000 -0.076087 0.000000 0.000000 0.000000
6903.010742 0.000000 789.249817 0.000000 0.451824 0.000000 -0.892107 0.000000 0.000000 0.000000
6883.373047 0.000000 761.240173 0.000000 0.706109 0.000000 0.708103 1.000000 1.000000 1.000000
6893.457031 0.000000 738.510437 0.000000 0.885821 0.000000 -0.464028 0.000000 0.000000 0.000000
6859.269531 0.000000 743.626953 0.000000 0.397081 0.000000 0.917783 0.000000 0.000000 0.000000
6907.669434 0.000000 754.001770 0.000000 0.953285 0.000000 0.302073 0.000000 0.000000 0.000000
6860.396484 0.000000 746.804626 0.000000 0.965986 0.000000 -0.258594 1.000000 1.000000 1.000000
6865.653320 0.000000 742.766296 0.000000 0.190587 0.000000 -0.981670 0.000000 0.000000 0.000000
6898.335449 0.000000 755.189941 0.000000 0.953578 0.000000 0.301145 0.000000 0.000000 0.000000
6891.550781 0.000000 741.096680 0.000000 0.660464 0.000000 0.750858 0.000000 0.000000 0.000000
6856.260254 0.000000 743.302551 0.000000 0.298060 0.000000 -0.954547 1.000000 1.000000 1.000000
6884.294922 0.000000 737.953613 0.000000 0.949143 0.000000 -0.314845 0.000000 0.000000 0.000000
6854.202148 0.000000 745.809692 0.000000 0.517171 0.000000 0.855882 0.000000 0.000000 0.000000
6863.212891 0.000000 746.750183 0.000000 0.431921 0.000000 -0.901911 1.000000 1.000000 1.000000
6904.270996 0.000000 754.806580 0.000000 0.470187 0.000000 0.882567 0.000000 0.000000 0.000000
6854.927734 0.000000 740.644287 0.000000 0.566882 0.000000 0.823799 1.000000 1.000000 1.000000
6900.503418 0.000000 788.714478 0.000000 0.990984 0.000000 -0.133977 0.000000 0.000000 0.000000
6865.307129 0.000000 745.242798 0.000000 0.175074 0.000000 -0.984555 0.000000 0.000000 0.000000
6884.142090 0.000000 734.392090 0.000000 0.811418 0.000000 0.584467 1.000000 1.000000 1.000000
6910.998535 0.000000 758.278442 0.000000 0.634111 0.000000 -0.773242 0.000000 0.000000 0.000000
6894.915039 0.000000 743.382629 0.000000 0.014879 0.000000 -0.999889 0.000000 0.000000 0.000000
6893.664062 0.000000 741.292480 0.000000 0.406983 0.000000 0.913436 1.000000 1.000000 1.000000
6860.800293 0.000000 744.859680 0.000000 0.125766 0.000000 0.992060 1.000000 1.000000 1.000000
6887.709473 0.000000 734.299133 0.000000 0.014126 0.000000 -0.999900 1.000000 1.000000 1.000000
6882.286621 0.000000 737.924622 0.000000 0.972457 0.000000 0.233083 0.000000 0.000000 0.000000
6899.232422 0.000000 753.650818 0.000000 0.868200 0.000000 0.496215 1.000000 1.000000 1.000000
6716.270508 0.000000 839.115112 0.000000 0.998164 0.000000 0.060562 0.000000 0.000000 0.000000
6718.112305 0.000000 834.699951 0.000000 0.128630 0.000000 0.991693 0.000000 0.000000 0.000000
6727.674805 0.000000 814.727295 0.000000 0.994587 0.000000 -0.103911 0.000000 0.000000 0.000000
6727.693359 0.000000 822.613831 0.000000 0.551670 0.000000 0.834063 0.000000 0.000000 0.000000
6733.066406 0.000000 843.997437 0.000000 0.985839 0.000000 -0.167696 0.000000 0.000000 0.000000
6729.095215 0.000000 802.768677 0.000000 0.577976 0.000000 -0.816054 0.000000 0.000000 0.000000
6751.273438 0.000000 845.657654 0.000000 0.117251 0.000000 0.993102 0.000000 0.000000 0.000000
6783.291016 0.000000 791.186340 0.000000 0.188542 0.000000 0.982065 0.000000 0.000000 0.000000
6724.957031 0.000000 836.948364 0.000000 0.107041 0.000000 0.994255 0.000000 0.000000 0.000000
6777.614258 0.000000 843.162415 0.000000 0.706786 0.000000 0.707427 0.000000 0.000000 0.000000
6733.883301 0.000000 839.277466 0.000000 0.263246 0.000000 -0.964729 0.000000 0.000000 0.000000
6782.127441 0.000000 808.221252 0.000000 0.851104 0.000000 -0.524997 0.000000 0.000000 0.000000
6729.424316 0.000000 818.655029 0.000000 0.244171 0.000000 -0.969732 0.000000 0.000000 0.000000
6729.597656 0.000000 840.656677 0.000000 0.488218 0.000000 -0.872722 0.000000 0.000000 0.000000
6720.390625 0.000000 834.331360 0.000000 0.558627 0.000000 0.829419 0.000000 0.000000 0.000000
6773.757812 0.000000 810.145996 0.000000 0.843270 0.000000 0.537490 1.000000 1.000000 1.000000
6782.612305 0.000000 842.421509 0.000000 0.392742 0.000000 -0.919649 1.000000 1.000000 1.000000
6723.856934 0.000000 840.853210 0.000000 0.977557 0.000000 0.210672 0.000000 0.000000 0.000000
6730.276367 0.000000 811.388672 0.000000 0.672492 0.000000 -0.740105 0.000000 0.000000 0.000000
6775.430664 0.000000 804.658264 0.000000 0.631717 0.000000 0.775199 0.000000 0.000000 0.000000
6779.875488 0.000000 804.987488 0.000000 0.233683 0.000000 0.972313 0.000000 0.000000 0.000000
6781.449707 0.000000 800.267395 0.000000 0.817568 0.000000 0.575832 1.000000 1.000000 1.000000
6774.755859 0.000000 816.876648 0.000000 0.654940 0.000000 -0.755681 0.000000 0.000000 0.000000
6772.612793 0.000000 806.493225 0.000000 0.485036 0.000000 0.874494 0.000000 0.000000 0.000000
6779.669434 0.000000 810.486145 0.000000 0.997441 0.000000 -0.071489 0.000000 0.000000 0.000000
6732.396484 0.000000 803.289001 0.000000 0.334662 0.000000 0.942338 0.000000 0.000000 0.000000
6770.335449 0.000000 811.674316 0.000000 0.053509 0.000000 0.998567 0.000000 0.000000 0.000000
6732.424805 0.000000 809.200989 0.000000 0.947791 0.000000 -0.318892 1.000000 1.000000 1.000000
6726.656738 0.000000 839.598999 0.000000 0.990473 0.000000 0.137705 1.000000 1.000000 1.000000
6726.827637 0.000000 846.780090 0.000000 0.739318 0.000000 -0.673356 0.000000 0.000000 0.000000
6733.243652 0.000000 798.022400 0.000000 0.981151 0.000000 -0.193244 0.000000 0.000000 0.000000
6723.167969 0.000000 834.733948 0.000000 0.433062 0.000000 -0.901364 0.000000 0.000000 0.000000
6782.830566 0.000000 838.016357 0.000000 0.998615 0.000000 0.052619 0.000000 0.000000 0.000000
6776.270996 0.000000 811.290955 0.000000 0.177433 0.000000 0.984133 0.000000 0.000000 0.000000
6729.349609 0.000000 843.336304 0.000000 0.992811 0.000000 0.119691 1.000000 1.000000 1.000000
6741.228027 0.000000 828.686401 0.000000 0.003602 0.000000 -0.999994 0.000000 0.000000 0.000000
6775.542480 0.000000 813.911011 0.000000 0.436276 0.000000 0.899813 1.000000 1.000000 1.000000
6780.341309 0.000000 843.949097 0.000000 0.376345 0.000000 -0.926480 0.000000 0.000000 0.000000
6781.258301 0.000000 802.795593 0.000000 0.757799 0.000000 0.652488 0.000000 0.000000 0.000000
6727.626953 0.000000 837.131470 0.000000 0.772955 0.000000 -0.634461 0.000000 0.000000 0.000000
6774.928223 0.000000 807.666321 0.000000 0.390269 0.000000 0.920701 1.000000 1.000000 1.000000
6731.346680 0.000000 838.745300 0.000000 0.723242 0.000000 0.690594 0.000000 0.000000 0.000000
6783.022949 0.000000 844.946838 0.000000 0.059368 0.000000 -0.998236 1.000000 1.000000 1.000000
6783.450684 0.000000 798.710571 0.000000 0.417187 0.000000 -0.908821 1.000000 1.000000 1.000000
6722.854492 0.000000 838.328186 0.000000 0.671314 0.000000 -0.741173 0.000000 0.000000 0.000000
6779.596680 0.000000 807.307678 0.000000 0.106769 0.000000 -0.994284 1.000000 1.000000 1.000000
6782.188965 0.000000 805.855835 0.000000 0.059134 0.000000 0.998250 1.000000 1.000000 1.000000
6777.532715 0.000000 805.755859 0.000000 0.142722 0.000000 0.989763 0.000000 0.000000 0.000000
6721.278809 0.000000 836.656494 0.000000 0.555855 0.000000 -0.831280 0.000000 0.000000 0.000000
6776.956055 0.000000 816.196960 0.000000 0.701610 0.000000 0.712561 0.000000 0.000000 0.000000
6727.561523 0.000000 841.755127 0.000000 0.949612 0.000000 0.313429 0.000000 0.000000 0.000000
6782.677246 0.000000 793.327271 0.000000 0.999995 0.000000 0.003222 0.000000 0.000000 0.000000
6772.127930 0.000000 808.663696 0.000000 0.998788 0.000000 0.049209 0.000000 0.000000 0.000000
6782.298340 0.000000 840.251892 0.000000 0.591440 0.000000 0.806349 0.000000 0.000000 0.000000
6728.383301 0.000000 812.645020 0.000000 0.985679 0.000000 -0.168635 1.000000 1.000000 1.000000
6774.075195 0.000000 812.326294 0.000000 0.852766 0.000000 0.522294 1.000000 1.000000 1.000000
6783.211914 0.000000 801.613037 0.000000 0.837559 0.000000 0.546347 1.000000 1.000000 1.000000
6731.631836 0.000000 807.297546 0.000000 0.439459 0.000000 0.898263 0.000000 0.000000 0.000000
6730.587402 0.000000 804.061584 0.000000 0.981074 0.000000 0.193634 0.000000 0.000000 0.000000
6772.288574 0.000000 811.611389 0.000000 0.699148 0.000000 0.714977 1.000000 1.000000 1.000000
6777.789062 0.000000 810.143005 0.000000 0.907104 0.000000 0.420907 0.000000 0.000000 0.000000
6775.633301 0.000000 809.499146 0.000000 0.987205 0.000000 0.159456 1.000000 1.000000 1.000000
6724.837402 0.000000 839.020996 0.000000 0.944825 0.000000 0.327574 1.000000 1.000000 1.000000
6728.607910 0.000000 804.616699 0.000000 0.632190 0.000000 -0.774813 0.000000 0.000000 0.000000
6774.093750 0.000000 815.048645 0.000000 0.550285 0.000000 0.834977 1.000000 1.000000 1.000000
6731.861328 0.000000 805.450806 0.000000 0.863286 0.000000 -0.504715 0.000000 0.000000 0.000000
6723.196289 0.000000 836.531738 0.000000 0.727679 0.000000 0.685918 1.000000 1.000000 1.000000
6730.837402 0.000000 842.389404 0.000000 0.238487 0.000000 -0.971146 0.000000 0.000000 0.000000
6778.962891 0.000000 808.919983 0.000000 0.864687 0.000000 0.502312 1.000000 1.000000 1.000000
6692.049805 0.000000 883.555176 0.000000 0.995320 0.000000 -0.096632 0.000000 0.000000 0.000000
6713.614258 0.000000 899.646790 0.000000 0.673995 0.000000 -0.738736 0.000000 0.000000 0.000000
6712.579102 0.000000 896.428040 0.000000 0.575845 0.000000 0.817559 0.000000 0.000000 0.000000
6723.834473 0.000000 847.268127 0.000000 0.966118 0.000000 0.258100 0.000000 0.000000 0.000000
6740.950195 0.000000 856.434814 0.000000 0.975853 0.000000 0.218428 0.000000 0.000000 0.000000
6750.802246 0.000000 847.326782 0.000000 0.685163 0.000000 0.728390 0.000000 0.000000 0.000000
6723.589355 0.000000 859.647888 0.000000 0.219954 0.000000 -0.975510 0.000000 0.000000 0.000000
6730.048340 0.000000 892.765930 0.000000 0.992272 0.000000 -0.124078 0.000000 0.000000 0.000000
6723.716309 0.000000 888.371765 0.000000 0.890444 0.000000 0.455093 0.000000 0.000000 0.000000
6733.066406 0.000000 900.481812 0.000000 0.764278 0.000000 0.644887 0.000000 0.000000 0.000000
6734.716309 0.000000 856.999268 0.000000 0.942826 0.000000 -0.333284 0.000000 0.000000 0.000000
6783.291016 0.000000 847.670715 0.000000 0.909859 0.000000 0.414918 0.000000 0.000000 0.000000
6729.437988 0.000000 848.083313 0.000000 0.261159 0.000000 -0.965296 0.000000 0.000000 0.000000
6776.634766 0.000000 883.054199 0.000000 0.847433 0.000000 -0.530902 0.000000 0.000000 0.000000
6771.521484 0.000000 875.274475 0.000000 0.658632 0.000000 -0.752465 0.000000 0.000000 0.000000
6762.133789 0.000000 851.402954 0.000000 0.319081 0.000000 -0.947728 0.000000 0.000000 0.000000
6768.887695 0.000000 872.141113 0.000000 0.854093 0.000000 0.520120 0.000000 0.000000 0.000000
6779.742676 0.000000 884.942627 0.000000 0.256588 0.000000 0.966521 0.000000 0.000000 0.000000
6731.269531 0.000000 856.595703 0.000000 0.851852 0.000000 0.523783 1.000000 1.000000 1.000000
6732.396484 0.000000 859.773376 0.000000 0.882924 0.000000 -0.469515 0.000000 0.000000 0.000000
6770.278320 0.000000 877.974548 0.000000 0.066547 0.000000 -0.997783 0.000000 0.000000 0.000000
6726.827637 0.000000 903.264465 0.000000 0.216315 0.000000 -0.976324 0.000000 0.000000 0.000000
6728.260254 0.000000 856.271301 0.000000 0.960578 0.000000 -0.278010 1.000000 1.000000 1.000000
6733.243652 0.000000 854.506775 0.000000 0.444987 0.000000 0.895537 1.000000 1.000000 1.000000
6726.297363 0.000000 848.613770 0.000000 0.520692 0.000000 0.853744 0.000000 0.000000 0.000000
6729.349609 0.000000 899.820679 0.000000 0.972743 0.000000 0.231884 0.000000 0.000000 0.000000
6724.256348 0.000000 902.781311 0.000000 0.017267 0.000000 0.999851 0.000000 0.000000 0.000000
6775.370605 0.000000 880.921021 0.000000 0.418847 0.000000 0.908057 0.000000 0.000000 0.000000
6728.000977 0.000000 851.326843 0.000000 0.621030 0.000000 -0.783786 0.000000 0.000000 0.000000
6731.600586 0.000000 852.987427 0.000000 0.852044 0.000000 0.523470 0.000000 0.000000 0.000000
6772.417969 0.000000 877.590637 0.000000 0.837423 0.000000 0.546556 0.000000 0.000000 0.000000
6780.194824 0.000000 882.854736 0.000000 0.999666 0.000000 0.025835 1.000000 1.000000 1.000000
6732.800293 0.000000 857.828430 0.000000 0.377045 0.000000 0.926195 1.000000 1.000000 1.000000
6731.020996 0.000000 858.507874 0.000000 0.968351 0.000000 -0.249594 1.000000 1.000000 1.000000
6730.858887 0.000000 854.794250 0.000000 0.764562 0.000000 0.644550 1.000000 1.000000 1.000000
6729.625488 0.000000 857.490479 0.000000 0.760760 0.000000 0.649033 1.000000 1.000000 1.000000
6785.476562 0.000000 797.239929 0.000000 0.993024 0.000000 0.117915 0.000000 0.000000 0.000000
6803.298340 0.000000 808.728455 0.000000 0.969401 0.000000 0.245481 0.000000 0.000000 0.000000
6793.095215 0.000000 802.768677 0.000000 0.591371 0.000000 0.806400 0.000000 0.000000 0.000000
6785.469238 0.000000 845.329346 0.000000 0.864801 0.000000 -0.502115 1.000000 1.000000 1.000000
6801.893555 0.000000 804.096008 0.000000 0.915575 0.000000 0.402147 0.000000 0.000000 0.000000
6802.853027 0.000000 827.388672 0.000000 0.893769 0.000000 0.448527 0.000000 0.000000 0.000000
6800.913574 0.000000 823.351318 0.000000 0.257166 0.000000 -0.966367 0.000000 0.000000 0.000000
6795.937012 0.000000 823.550659 0.000000 0.908409 0.000000 0.418083 0.000000 0.000000 0.000000
6845.935547 0.000000 820.811279 0.000000 0.997670 0.000000 -0.068222 1.000000 1.000000 1.000000
6810.844238 0.000000 792.498718 0.000000 0.657183 0.000000 -0.753731 0.000000 0.000000 0.000000
6806.596680 0.000000 811.312378 0.000000 0.395258 0.000000 -0.918570 0.000000 0.000000 0.000000
6784.110840 0.000000 801.145752 0.000000 0.751717 0.000000 0.659486 0.000000 0.000000 0.000000
6784.522461 0.000000 806.483276 0.000000 0.962945 0.000000 0.269697 0.000000 0.000000 0.000000
6807.828125 0.000000 814.958069 0.000000 0.010806 0.000000 -0.999942 1.000000 1.000000 1.000000
6784.226074 0.000000 842.098267 0.000000 0.329741 0.000000 0.944071 0.000000 0.000000 0.000000
6842.988770 0.000000 824.415344 0.000000 0.906326 0.000000 0.422578 0.000000 0.000000 0.000000
6800.764160 0.000000 806.733215 0.000000 0.611512 0.000000 0.791235 0.000000 0.000000 0.000000
6790.202148 0.000000 802.294067 0.000000 0.944443 0.000000 -0.328675 0.000000 0.000000 0.000000
6843.206543 0.000000 820.762024 0.000000 0.697537 0.000000 -0.716549 0.000000 0.000000 0.000000
6798.569336 0.000000 824.549988 0.000000 0.541720 0.000000 0.840559 1.000000 1.000000 1.000000
6784.974121 0.000000 803.489014 0.000000 0.842015 0.000000 0.539455 0.000000 0.000000 0.000000
6803.150879 0.000000 824.542786 0.000000 0.770576 0.000000 0.637348 0.000000 0.000000 0.000000
6800.687988 0.000000 825.966431 0.000000 0.783047 0.000000 -0.621963 1.000000 1.000000 1.000000
6847.545410 0.000000 822.740356 0.000000 0.143014 0.000000 -0.989721 0.000000 0.000000 0.000000
6804.387207 0.000000 817.578369 0.000000 0.656411 0.000000 -0.754403 0.000000 0.000000 0.000000
6804.471191 0.000000 812.606812 0.000000 0.005930 0.000000 0.999982 1.000000 1.000000 1.000000
6797.917480 0.000000 822.227478 0.000000 0.598673 0.000000 -0.800993 0.000000 0.000000 0.000000
6844.605469 0.000000 822.707886 0.000000 0.907045 0.000000 -0.421033 1.000000 1.000000 1.000000
6786.523438 0.000000 805.196106 0.000000 0.161255 0.000000 0.986913 0.000000 0.000000 0.000000
6804.672363 0.000000 810.338623 0.000000 0.921553 0.000000 0.388253 1.000000 1.000000 1.000000
6784.060059 0.000000 799.029480 0.000000 0.368767 0.000000 -0.929522 0.000000 0.000000 0.000000
6806.347168 0.000000 813.424927 0.000000 0.726942 0.000000 0.686699 1.000000 1.000000 1.000000
6785.941895 0.000000 843.409241 0.000000 0.161360 0.000000 -0.986896 0.000000 0.000000 0.000000
6784.004883 0.000000 844.095337 0.000000 0.240301 0.000000 0.970698 1.000000 1.000000 1.000000
6791.854492 0.000000 801.529297 0.000000 0.993734 0.000000 -0.111770 1.000000 1.000000 1.000000
6790.638672 0.000000 800.334167 0.000000 0.949333 0.000000 0.314271 1.000000 1.000000 1.000000
6854.599121 0.000000 843.882202 0.000000 0.392446 0.000000 -0.919775 0.000000 0.000000 0.000000
6881.639160 0.000000 820.818848 0.000000 0.971233 0.000000 -0.238132 0.000000 0.000000 0.000000
6848.315430 0.000000 817.206848 0.000000 0.914241 0.000000 -0.405170 0.000000 0.000000 0.000000
6850.164551 0.000000 810.152771 0.000000 0.345890 0.000000 -0.938275 0.000000 0.000000 0.000000
6874.616699 0.000000 796.990662 0.000000 0.839150 0.000000 -0.543900 0.000000 0.000000 0.000000
6861.066406 0.000000 843.997437 0.000000 0.866993 0.000000 -0.498320 0.000000 0.000000 0.000000
6893.791016 0.000000 804.119385 0.000000 0.947765 0.000000 -0.318971 0.000000 0.000000 0.000000
6875.974121 0.000000 822.510803 0.000000 0.468954 0.000000 -0.883223 0.000000 0.000000 0.000000
6884.590332 0.000000 800.787903 0.000000 0.999931 0.000000 -0.011711 0.000000 0.000000 0.000000
6857.597656 0.000000 840.656677 0.000000 0.081063 0.000000 0.996709 0.000000 0.000000 0.000000
6874.844238 0.000000 792.498718 0.000000 0.713717 0.000000 -0.700434 1.000000 1.000000 1.000000
6851.605469 0.000000 814.057800 0.000000 0.994808 0.000000 0.101771 0.000000 0.000000 0.000000
6878.227539 0.000000 795.338623 0.000000 0.978637 0.000000 0.205596 0.000000 0.000000 0.000000
6880.344727 0.000000 829.098877 0.000000 0.336965 0.000000 -0.941517 0.000000 0.000000 0.000000
6863.712891 0.000000 809.395386 0.000000 0.773808 0.000000 0.633420 0.000000 0.000000 0.000000
6872.357910 0.000000 799.292236 0.000000 0.583216 0.000000 0.812317 0.000000 0.000000 0.000000
6854.656738 0.000000 839.598999 0.000000 0.188399 0.000000 -0.982093 0.000000 0.000000 0.000000
6872.982910 0.000000 794.655151 0.000000 0.716338 0.000000 -0.697753 0.000000 0.000000 0.000000
6857.349609 0.000000 843.336304 0.000000 0.262354 0.000000 0.964972 0.000000 0.000000 0.000000
6860.244629 0.000000 841.397888 0.000000 0.234868 0.000000 -0.972027 0.000000 0.000000 0.000000
6886.658203 0.000000 799.002258 0.000000 0.644701 0.000000 -0.764435 0.000000 0.000000 0.000000
6850.873047 0.000000 817.071472 0.000000 0.991796 0.000000 -0.127831 0.000000 0.000000 0.000000
6875.828125 0.000000 794.820435 0.000000 0.032180 0.000000 0.999482 1.000000 1.000000 1.000000
6870.294922 0.000000 798.254333 0.000000 0.877054 0.000000 0.480392 0.000000 0.000000 0.000000
6872.196777 0.000000 797.049255 0.000000 0.451699 0.000000 0.892170 1.000000 1.000000 1.000000
6858.837402 0.000000 842.389404 0.000000 0.951416 0.000000 -0.307907 1.000000 1.000000 1.000000
6887.815430 0.000000 800.334961 0.000000 0.989224 0.000000 -0.146408 1.000000 1.000000 1.000000
6825.423340 0.000000 879.687866 0.000000 0.187256 0.000000 0.982311 0.000000 0.000000 0.000000
6815.430176 0.000000 858.037598 0.000000 0.690011 0.000000 0.723799 0.000000 0.000000 0.000000
6822.270996 0.000000 848.672546 0.000000 0.075567 0.000000 -0.997141 0.000000 0.000000 0.000000
6830.271484 0.000000 884.554138 0.000000 0.888556 0.000000 -0.458768 0.000000 0.000000 0.000000
6822.465332 0.000000 872.363342 0.000000 0.993080 0.000000 0.117442 0.000000 0.000000 0.000000
6845.041992 0.000000 902.923767 0.000000 0.896478 0.000000 -0.443089 0.000000 0.000000 0.000000
6838.872070 0.000000 893.600037 0.000000 0.992868 0.000000 0.119220 0.000000 0.000000 0.000000
6831.365234 0.000000 878.069275 0.000000 0.982048 0.000000 0.188633 0.000000 0.000000 0.000000
6842.165039 0.000000 869.816345 0.000000 0.307260 0.000000 -0.951626 0.000000 0.000000 0.000000
6826.133789 0.000000 851.402954 0.000000 0.795168 0.000000 0.606389 0.000000 0.000000 0.000000
6846.018555 0.000000 873.160706 0.000000 0.983937 0.000000 -0.178513 0.000000 0.000000 0.000000
6846.612305 0.000000 898.905884 0.000000 0.874110 0.000000 0.485729 0.000000 0.000000 0.000000
6826.157715 0.000000 870.101868 0.000000 0.632698 0.000000 -0.774398 0.000000 0.000000 0.000000
6837.811523 0.000000 888.564697 0.000000 0.968814 0.000000 0.247788 1.000000 1.000000 1.000000
6842.308594 0.000000 891.865173 0.000000 0.334240 0.000000 -0.942488 0.000000 0.000000 0.000000
6828.877441 0.000000 881.052612 0.000000 0.589594 0.000000 0.807700 0.000000 0.000000 0.000000
6823.553711 0.000000 864.467896 0.000000 0.930496 0.000000 0.366302 0.000000 0.000000 0.000000
6828.084473 0.000000 878.009399 0.000000 0.796847 0.000000 0.604181 0.000000 0.000000 0.000000
6837.610352 0.000000 882.758423 0.000000 0.623910 0.000000 0.781496 0.000000 0.000000 0.000000
6839.879395 0.000000 890.460449 0.000000 0.469124 0.000000 -0.883132 1.000000 1.000000 1.000000
6837.008789 0.000000 891.487488 0.000000 0.674688 0.000000 -0.738103 1.000000 1.000000 1.000000
6844.880859 0.000000 870.495300 0.000000 0.235502 0.000000 -0.971874 0.000000 0.000000 0.000000
6846.830566 0.000000 894.500732 0.000000 0.089308 0.000000 -0.996004 1.000000 1.000000 1.000000
6844.341309 0.000000 900.433472 0.000000 0.461597 0.000000 0.887090 0.000000 0.000000 0.000000
6847.022949 0.000000 901.431213 0.000000 0.374694 0.000000 0.927148 0.000000 0.000000 0.000000
6823.451172 0.000000 862.261169 0.000000 0.614106 0.000000 0.789224 0.000000 0.000000 0.000000
6846.298340 0.000000 896.736267 0.000000 0.333763 0.000000 0.942657 1.000000 1.000000 1.000000
6825.191406 0.000000 849.396118 0.000000 0.981336 0.000000 0.192301 0.000000 0.000000 0.000000
6837.193359 0.000000 886.600586 0.000000 0.793957 0.000000 0.607974 1.000000 1.000000 1.000000
6836.105469 0.000000 889.656616 0.000000 0.721717 0.000000 -0.692188 1.000000 1.000000 1.000000
6840.393555 0.000000 892.392273 0.000000 0.998358 0.000000 -0.057285 0.000000 0.000000 0.000000
6838.766602 0.000000 891.866211 0.000000 0.310457 0.000000 -0.950587 1.000000 1.000000 1.000000
6880.264648 0.000000 869.134155 0.000000 0.838313 0.000000 0.545189 0.000000 0.000000 0.000000
6908.270508 0.000000 895.599487 0.000000 0.674741 0.000000 -0.738054 0.000000 0.000000 0.000000
6848.315430 0.000000 873.691223 0.000000 0.517399 0.000000 -0.855745 0.000000 0.000000 0.000000
6873.924805 0.000000 900.506104 0.000000 0.163519 0.000000 0.986540 0.000000 0.000000 0.000000
6885.084961 0.000000 862.063232 0.000000 0.926895 0.000000 -0.375321 0.000000 0.000000 0.000000
6861.066406 0.000000 900.481812 0.000000 0.396265 0.000000 -0.918136 0.000000 0.000000 0.000000
6887.675293 0.000000 902.039490 0.000000 0.351632 0.000000 -0.936138 0.000000 0.000000 0.000000
6885.443359 0.000000 867.067627 0.000000 0.960953 0.000000 0.276712 0.000000 0.000000 0.000000
6884.590332 0.000000 857.272278 0.000000 0.803224 0.000000 0.595677 0.000000 0.000000 0.000000
6899.521484 0.000000 875.274475 0.000000 0.888639 0.000000 0.458607 0.000000 0.000000 0.000000
6871.427734 0.000000 896.260986 0.000000 0.267801 0.000000 0.963474 0.000000 0.000000 0.000000
6861.883301 0.000000 895.761841 0.000000 0.612797 0.000000 -0.790240 0.000000 0.000000 0.000000
6869.636230 0.000000 901.767883 0.000000 0.234445 0.000000 0.972130 0.000000 0.000000 0.000000
6897.158691 0.000000 881.893982 0.000000 0.139747 0.000000 -0.990187 0.000000 0.000000 0.000000
6882.040527 0.000000 865.570557 0.000000 0.915164 0.000000 -0.403081 0.000000 0.000000 0.000000
6892.877441 0.000000 881.052612 0.000000 0.935691 0.000000 0.352820 0.000000 0.000000 0.000000
6857.889160 0.000000 902.530640 0.000000 0.416755 0.000000 -0.909019 0.000000 0.000000 0.000000
6865.116211 0.000000 894.513123 0.000000 0.915891 0.000000 -0.401427 0.000000 0.000000 0.000000
6887.443848 0.000000 858.554993 0.000000 0.423270 0.000000 -0.906004 0.000000 0.000000 0.000000
6863.660156 0.000000 898.430908 0.000000 0.314674 0.000000 -0.949200 0.000000 0.000000 0.000000
6854.656738 0.000000 896.083374 0.000000 0.999815 0.000000 -0.019238 0.000000 0.000000 0.000000
6896.015137 0.000000 875.047058 0.000000 0.454916 0.000000 -0.890535 0.000000 0.000000 0.000000
6898.278320 0.000000 877.974548 0.000000 0.999905 0.000000 0.013784 0.000000 0.000000 0.000000
6910.830566 0.000000 894.500732 0.000000 0.993858 0.000000 0.110660 0.000000 0.000000 0.000000
6873.164062 0.000000 903.125061 0.000000 0.239893 0.000000 0.970799 0.000000 0.000000 0.000000
6860.244629 0.000000 897.882263 0.000000 0.999952 0.000000 -0.009782 0.000000 0.000000 0.000000
6883.024414 0.000000 867.837769 0.000000 0.935620 0.000000 -0.353009 0.000000 0.000000 0.000000
6895.221680 0.000000 880.564270 0.000000 0.919620 0.000000 -0.392810 1.000000 1.000000 1.000000
6871.825684 0.000000 901.186035 0.000000 0.946591 0.000000 0.322436 0.000000 0.000000 0.000000
6863.977051 0.000000 896.332703 0.000000 0.099753 0.000000 -0.995012 0.000000 0.000000 0.000000
6886.302734 0.000000 860.332336 0.000000 0.874590 0.000000 0.484864 0.000000 0.000000 0.000000
6849.798828 0.000000 897.204712 0.000000 0.762799 0.000000 0.646635 0.000000 0.000000 0.000000
6897.077637 0.000000 879.653564 0.000000 0.165694 0.000000 -0.986177 0.000000 0.000000 0.000000
6859.119141 0.000000 900.884827 0.000000 0.059175 0.000000 -0.998248 1.000000 1.000000 1.000000
6856.026367 0.000000 901.720032 0.000000 0.991036 0.000000 -0.133592 0.000000 0.000000 0.000000
6897.665527 0.000000 876.028198 0.000000 0.919555 0.000000 -0.392961 0.000000 0.000000 0.000000
6883.805176 0.000000 866.179993 0.000000 0.725448 0.000000 0.688276 0.000000 0.000000 0.000000
6861.842285 0.000000 898.743408 0.000000 0.407898 0.000000 0.913027 1.000000 1.000000 1.000000
6885.573730 0.000000 858.769897 0.000000 0.813829 0.000000 -0.581104 0.000000 0.000000 0.000000
6887.815430 0.000000 856.819336 0.000000 0.280793 0.000000 -0.959768 1.000000 1.000000 1.000000
6865.633301 0.000000 896.094482 0.000000 0.888152 0.000000 -0.459550 1.000000 1.000000 1.000000
6926.189453 0.000000 770.740601 0.000000 0.530482 0.000000 0.847696 0.000000 0.000000 0.000000
6925.467773 0.000000 749.852173 0.000000 0.013231 0.000000 0.999912 0.000000 0.000000 0.000000
6939.221680 0.000000 780.325439 0.000000 0.773031 0.000000 -0.634368 0.000000 0.000000 0.000000
6937.268555 0.000000 750.705994 0.000000 0.454368 0.000000 -0.890814 0.000000 0.000000 0.000000
6964.885254 0.000000 786.047974 0.000000 0.307795 0.000000 -0.951453 0.000000 0.000000 0.000000
6945.639160 0.000000 764.334473 0.000000 0.978354 0.000000 -0.206940 0.000000 0.000000 0.000000
6912.315430 0.000000 760.722473 0.000000 0.381929 0.000000 0.924192 0.000000 0.000000 0.000000
6970.133789 0.000000 761.761353 0.000000 0.933590 0.000000 0.358343 0.000000 0.000000 0.000000
6949.084961 0.000000 749.094482 0.000000 0.964052 0.000000 -0.265712 0.000000 0.000000 0.000000
6951.675293 0.000000 789.070740 0.000000 0.630601 0.000000 -0.776107 0.000000 0.000000 0.000000
6957.060059 0.000000 776.688660 0.000000 0.869085 0.000000 -0.494662 0.000000 0.000000 0.000000
6916.957031 0.000000 780.463989 0.000000 0.652067 0.000000 0.758161 0.000000 0.000000 0.000000
6938.548828 0.000000 775.609924 0.000000 0.973287 0.000000 -0.229593 1.000000 1.000000 1.000000
6916.861816 0.000000 762.251404 0.000000 0.999887 0.000000 -0.015018 1.000000 1.000000 1.000000
6962.569336 0.000000 790.270691 0.000000 0.940178 0.000000 -0.340683 0.000000 0.000000 0.000000
6949.993652 0.000000 763.860229 0.000000 0.204713 0.000000 -0.978822 0.000000 0.000000 0.000000
6921.424316 0.000000 762.170654 0.000000 0.298321 0.000000 -0.954466 1.000000 1.000000 1.000000
6923.937012 0.000000 767.066284 0.000000 0.999571 0.000000 0.029294 0.000000 0.000000 0.000000
6944.344727 0.000000 772.614502 0.000000 0.980190 0.000000 -0.198059 0.000000 0.000000 0.000000
6953.764648 0.000000 762.621094 0.000000 0.999874 0.000000 0.015855 0.000000 0.000000 0.000000
6958.444824 0.000000 785.659119 0.000000 0.894231 0.000000 -0.447607 0.000000 0.000000 0.000000
6953.927734 0.000000 779.030151 0.000000 0.958324 0.000000 0.285685 0.000000 0.000000 0.000000
6945.456543 0.000000 748.221741 0.000000 0.413388 0.000000 -0.910555 0.000000 0.000000 0.000000
6966.755859 0.000000 760.392273 0.000000 0.494911 0.000000 0.868944 1.000000 1.000000 1.000000
6947.373047 0.000000 761.240173 0.000000 0.981692 0.000000 -0.190474 0.000000 0.000000 0.000000
6941.587891 0.000000 753.964661 0.000000 0.999400 0.000000 -0.034648 0.000000 0.000000 0.000000
6966.496094 0.000000 763.605774 0.000000 0.970830 0.000000 -0.239769 1.000000 1.000000 1.000000
6961.605957 0.000000 787.150757 0.000000 0.382777 0.000000 0.923841 1.000000 1.000000 1.000000
6956.084473 0.000000 765.040649 0.000000 0.524720 0.000000 0.851275 0.000000 0.000000 0.000000
6962.335449 0.000000 755.189941 0.000000 0.172098 0.000000 0.985080 0.000000 0.000000 0.000000
6918.656738 0.000000 783.114624 0.000000 0.786603 0.000000 -0.617459 0.000000 0.000000 0.000000
6928.764160 0.000000 750.248840 0.000000 0.500950 0.000000 0.865476 0.000000 0.000000 0.000000
6923.443359 0.000000 764.283936 0.000000 0.316906 0.000000 -0.948457 1.000000 1.000000 1.000000
6922.422852 0.000000 758.044434 0.000000 0.421868 0.000000 0.906657 0.000000 0.000000 0.000000
6954.622559 0.000000 788.321960 0.000000 0.847426 0.000000 0.530914 1.000000 1.000000 1.000000
6954.478516 0.000000 760.033997 0.000000 0.181750 0.000000 0.983345 1.000000 1.000000 1.000000
6967.542480 0.000000 757.426636 0.000000 0.821266 0.000000 -0.570546 0.000000 0.000000 0.000000
6919.173340 0.000000 763.503601 0.000000 0.973244 0.000000 -0.229772 1.000000 1.000000 1.000000
6959.961914 0.000000 789.556763 0.000000 0.665587 0.000000 -0.746320 0.000000 0.000000 0.000000
6957.452148 0.000000 762.866699 0.000000 0.588048 0.000000 -0.808826 1.000000 1.000000 1.000000
6938.516602 0.000000 773.075806 0.000000 0.830812 0.000000 -0.556554 0.000000 0.000000 0.000000
6914.873047 0.000000 760.587097 0.000000 0.463391 0.000000 -0.886154 0.000000 0.000000 0.000000
6932.471191 0.000000 756.122437 0.000000 0.199454 0.000000 0.979907 1.000000 1.000000 1.000000
6919.324707 0.000000 760.906921 0.000000 0.794222 0.000000 0.607628 0.000000 0.000000 0.000000
6925.917480 0.000000 765.743103 0.000000 0.614005 0.000000 -0.789302 1.000000 1.000000 1.000000
6938.280762 0.000000 778.143250 0.000000 0.893365 0.000000 -0.449332 0.000000 0.000000 0.000000
6943.885254 0.000000 753.486938 0.000000 0.063495 0.000000 0.997982 0.000000 0.000000 0.000000
6956.424316 0.000000 786.842896 0.000000 0.156235 0.000000 -0.987720 0.000000 0.000000 0.000000
6923.910645 0.000000 761.979858 0.000000 0.958824 0.000000 -0.284001 0.000000 0.000000 0.000000
6956.874023 0.000000 779.286133 0.000000 0.824046 0.000000 -0.566523 0.000000 0.000000 0.000000
6913.439453 0.000000 758.676270 0.000000 0.989201 0.000000 0.146563 0.000000 0.000000 0.000000
6968.956055 0.000000 759.712585 0.000000 0.218808 0.000000 0.975768 0.000000 0.000000 0.000000
6924.076660 0.000000 769.607361 0.000000 0.547699 0.000000 0.836676 0.000000 0.000000 0.000000
6947.886719 0.000000 764.921387 0.000000 0.072390 0.000000 -0.997376 1.000000 1.000000 1.000000
6921.306152 0.000000 759.971497 0.000000 0.972787 0.000000 -0.231700 1.000000 1.000000 1.000000
6954.151367 0.000000 776.808472 0.000000 0.925978 0.000000 -0.377578 1.000000 1.000000 1.000000
6958.877930 0.000000 787.720337 0.000000 0.982029 0.000000 0.188732 1.000000 1.000000 1.000000
6929.646484 0.000000 753.621704 0.000000 0.877285 0.000000 0.479971 0.000000 0.000000 0.000000
6955.937012 0.000000 790.724426 0.000000 0.725429 0.000000 0.688297 1.000000 1.000000 1.000000
6955.705078 0.000000 761.684631 0.000000 0.641235 0.000000 -0.767345 1.000000 1.000000 1.000000
6937.195312 0.000000 779.872681 0.000000 0.081028 0.000000 -0.996712 0.000000 0.000000 0.000000
6967.775879 0.000000 762.021851 0.000000 0.132235 0.000000 0.991218 1.000000 1.000000 1.000000
6964.948730 0.000000 761.022949 0.000000 0.987741 0.000000 -0.156100 0.000000 0.000000 0.000000
6916.837402 0.000000 782.536621 0.000000 0.370341 0.000000 0.928896 1.000000 1.000000 1.000000
6947.914551 0.000000 763.055969 0.000000 0.220258 0.000000 -0.975442 1.000000 1.000000 1.000000
6944.410645 0.000000 751.666382 0.000000 0.602932 0.000000 0.797793 1.000000 1.000000 1.000000
6947.248535 0.000000 748.658264 0.000000 0.978421 0.000000 -0.206622 0.000000 0.000000 0.000000
6966.093750 0.000000 758.564270 0.000000 0.332708 0.000000 0.943030 1.000000 1.000000 1.000000
6952.504883 0.000000 777.690491 0.000000 0.960312 0.000000 0.278928 1.000000 1.000000 1.000000
6922.324219 0.000000 765.790344 0.000000 0.811012 0.000000 0.585030 1.000000 1.000000 1.000000
6955.631348 0.000000 777.846802 0.000000 0.883456 0.000000 -0.468515 1.000000 1.000000 1.000000
6946.170410 0.000000 762.654175 0.000000 0.318185 0.000000 -0.948029 1.000000 1.000000 1.000000
6963.450195 0.000000 787.136047 0.000000 0.839340 0.000000 0.543607 0.000000 0.000000 0.000000
6955.434082 0.000000 763.386902 0.000000 0.638080 0.000000 -0.769970 1.000000 1.000000 1.000000
6953.028320 0.000000 761.003723 0.000000 0.014006 0.000000 0.999902 0.000000 0.000000 0.000000
6937.175293 0.000000 776.666382 0.000000 0.206579 0.000000 0.978430 1.000000 1.000000 1.000000
6939.705566 0.000000 774.335754 0.000000 0.416227 0.000000 0.909261 1.000000 1.000000 1.000000
7026.281250 0.000000 777.366089 0.000000 0.955053 0.000000 0.296436 0.000000 0.000000 0.000000
7008.264648 0.000000 756.165405 0.000000 0.164051 0.000000 -0.986452 0.000000 0.000000 0.000000
6976.290527 0.000000 768.662048 0.000000 0.805055 0.000000 0.593200 0.000000 0.000000 0.000000
7015.866699 0.000000 776.000427 0.000000 0.225189 0.000000 -0.974315 0.000000 0.000000 0.000000
7012.049805 0.000000 770.586426 0.000000 0.533356 0.000000 0.845891 0.000000 0.000000 0.000000
6992.020996 0.000000 778.525146 0.000000 0.405425 0.000000 -0.914128 0.000000 0.000000 0.000000
7015.675293 0.000000 789.070740 0.000000 0.034095 0.000000 0.999419 0.000000 0.000000 0.000000
7014.720703 0.000000 781.031555 0.000000 0.005722 0.000000 0.999984 0.000000 0.000000 0.000000
7002.548828 0.000000 775.609924 0.000000 0.403202 0.000000 -0.915111 0.000000 0.000000 0.000000
7017.605957 0.000000 771.778381 0.000000 0.496882 0.000000 0.867818 1.000000 1.000000 1.000000
7007.949707 0.000000 768.552856 0.000000 0.193638 0.000000 0.981073 0.000000 0.000000 0.000000
7009.638184 0.000000 781.065491 0.000000 0.791173 0.000000 0.611593 0.000000 0.000000 0.000000
7007.822266 0.000000 760.357971 0.000000 0.050624 0.000000 0.998718 0.000000 0.000000 0.000000
7008.344727 0.000000 772.614502 0.000000 0.625500 0.000000 0.780224 0.000000 0.000000 0.000000
6988.652344 0.000000 759.723694 0.000000 0.983657 0.000000 -0.180050 0.000000 0.000000 0.000000
7012.219727 0.000000 774.454346 0.000000 0.637481 0.000000 -0.770466 1.000000 1.000000 1.000000
7020.877441 0.000000 768.083862 0.000000 0.994501 0.000000 0.104730 0.000000 0.000000 0.000000
7012.176270 0.000000 778.316467 0.000000 0.945005 0.000000 0.327056 1.000000 1.000000 1.000000
7024.763672 0.000000 774.103333 0.000000 0.978850 0.000000 0.204581 0.000000 0.000000 0.000000
7005.565918 0.000000 777.595642 0.000000 0.921684 0.000000 0.387941 0.000000 0.000000 0.000000
7015.131348 0.000000 769.276001 0.000000 0.934627 0.000000 -0.355629 0.000000 0.000000 0.000000
7014.643555 0.000000 785.998962 0.000000 0.933067 0.000000 0.359703 0.000000 0.000000 0.000000
7005.536621 0.000000 774.309998 0.000000 0.995728 0.000000 -0.092338 1.000000 1.000000 1.000000
7018.699707 0.000000 774.675659 0.000000 0.119849 0.000000 0.992792 0.000000 0.000000 0.000000
7014.737793 0.000000 772.774780 0.000000 0.518229 0.000000 -0.855242 0.000000 0.000000 0.000000
7012.314453 0.000000 787.692749 0.000000 0.028834 0.000000 0.999584 0.000000 0.000000 0.000000
6986.422852 0.000000 758.044434 0.000000 0.999999 0.000000 -0.001653 0.000000 0.000000 0.000000
7012.101074 0.000000 782.158203 0.000000 0.823492 0.000000 0.567327 0.000000 0.000000 0.000000
7018.452148 0.000000 769.231018 0.000000 0.684945 0.000000 -0.728595 1.000000 1.000000 1.000000
7014.985352 0.000000 766.161316 0.000000 0.865316 0.000000 -0.501227 1.000000 1.000000 1.000000
7006.667969 0.000000 770.678223 0.000000 0.000481 0.000000 1.000000 0.000000 0.000000 0.000000
7008.505859 0.000000 778.954712 0.000000 0.912723 0.000000 0.408580 1.000000 1.000000 1.000000
7010.794434 0.000000 772.556335 0.000000 0.986236 0.000000 0.165345 0.000000 0.000000 0.000000
7019.827148 0.000000 772.483643 0.000000 0.900643 0.000000 -0.434560 1.000000 1.000000 1.000000
7013.593262 0.000000 776.507568 0.000000 0.309777 0.000000 0.950809 1.000000 1.000000 1.000000
7020.435059 0.000000 770.272034 0.000000 0.242490 0.000000 -0.970154 1.000000 1.000000 1.000000
7011.097656 0.000000 776.396912 0.000000 0.684744 0.000000 -0.728783 1.000000 1.000000 1.000000
7016.632324 0.000000 773.932007 0.000000 0.090551 0.000000 -0.995892 1.000000 1.000000 1.000000
6990.936035 0.000000 780.868774 0.000000 0.118588 0.000000 -0.992944 1.000000 1.000000 1.000000
7009.051758 0.000000 766.488342 0.000000 0.051824 0.000000 0.998656 1.000000 1.000000 1.000000
7012.845703 0.000000 780.276733 0.000000 0.563589 0.000000 -0.826056 0.000000 0.000000 0.000000
6989.989746 0.000000 761.211365 0.000000 0.271676 0.000000 0.962389 0.000000 0.000000 0.000000
7010.456055 0.000000 779.249817 0.000000 0.596075 0.000000 0.802929 1.000000 1.000000 1.000000
7004.530762 0.000000 775.971863 0.000000 0.609570 0.000000 0.792732 1.000000 1.000000 1.000000
7006.427246 0.000000 772.584045 0.000000 0.451415 0.000000 0.892314 1.000000 1.000000 1.000000
7013.000000 0.000000 768.978394 0.000000 0.625495 0.000000 0.780228 1.000000 1.000000 1.000000
7023.125977 0.000000 773.213989 0.000000 0.329304 0.000000 -0.944224 0.000000 0.000000 0.000000
7016.804199 0.000000 768.421204 0.000000 0.309199 0.000000 0.950997 1.000000 1.000000 1.000000
7014.209961 0.000000 767.796753 0.000000 0.668341 0.000000 -0.743855 1.000000 1.000000 1.000000
7068.282227 0.000000 771.192871 0.000000 0.156039 0.000000 -0.987751 0.000000 0.000000 0.000000
7058.736816 0.000000 784.417908 0.000000 0.778239 0.000000 0.627968 0.000000 0.000000 0.000000
7100.270508 0.000000 782.630737 0.000000 0.669280 0.000000 -0.743010 0.000000 0.000000 0.000000
7050.048340 0.000000 779.797180 0.000000 0.961327 0.000000 0.275410 0.000000 0.000000 0.000000
7065.924805 0.000000 787.537354 0.000000 0.944877 0.000000 0.327425 0.000000 0.000000 0.000000
7072.909180 0.000000 776.540161 0.000000 0.420472 0.000000 -0.907305 0.000000 0.000000 0.000000
7094.872070 0.000000 780.631287 0.000000 0.771107 0.000000 0.636705 0.000000 0.000000 0.000000
7103.097656 0.000000 773.686096 0.000000 0.423632 0.000000 0.905835 0.000000 0.000000 0.000000
7070.600098 0.000000 784.000488 0.000000 0.749836 0.000000 -0.661624 0.000000 0.000000 0.000000
7044.957031 0.000000 780.463989 0.000000 0.742947 0.000000 -0.669351 0.000000 0.000000 0.000000
7053.883301 0.000000 782.793091 0.000000 0.910787 0.000000 0.412876 0.000000 0.000000 0.000000
7049.597656 0.000000 784.172302 0.000000 0.058362 0.000000 0.998295 1.000000 1.000000 1.000000
7049.889160 0.000000 789.561890 0.000000 0.240459 0.000000 -0.970659 0.000000 0.000000 0.000000
7066.771973 0.000000 784.207153 0.000000 0.999231 0.000000 0.039200 0.000000 0.000000 0.000000
7096.579102 0.000000 783.459290 0.000000 0.284124 0.000000 0.958788 0.000000 0.000000 0.000000
7078.643555 0.000000 785.998962 0.000000 0.657329 0.000000 -0.753603 0.000000 0.000000 0.000000
7055.660156 0.000000 785.462158 0.000000 0.961327 0.000000 -0.275408 1.000000 1.000000 1.000000
7069.075684 0.000000 786.697083 0.000000 0.587884 0.000000 -0.808945 1.000000 1.000000 1.000000
7046.656738 0.000000 783.114624 0.000000 0.620079 0.000000 -0.784540 1.000000 1.000000 1.000000
7100.718750 0.000000 775.528320 0.000000 0.823201 0.000000 -0.567750 1.000000 1.000000 1.000000
7095.879395 0.000000 777.491699 0.000000 0.999827 0.000000 -0.018576 0.000000 0.000000 0.000000
7093.008789 0.000000 778.518738 0.000000 0.113385 0.000000 -0.993551 0.000000 0.000000 0.000000
7043.167969 0.000000 778.249573 0.000000 0.613031 0.000000 0.790059 0.000000 0.000000 0.000000
7049.349609 0.000000 786.851929 0.000000 0.785414 0.000000 -0.618971 1.000000 1.000000 1.000000
7065.164062 0.000000 790.156311 0.000000 0.536523 0.000000 -0.843886 0.000000 0.000000 0.000000
7076.101074 0.000000 782.158203 0.000000 0.110973 0.000000 0.993823 0.000000 0.000000 0.000000
7047.626953 0.000000 780.647095 0.000000 0.800436 0.000000 -0.599418 0.000000 0.000000 0.000000
7073.210938 0.000000 783.739685 0.000000 0.732922 0.000000 0.680312 0.000000 0.000000 0.000000
7084.424316 0.000000 786.842896 0.000000 0.952799 0.000000 -0.303603 0.000000 0.000000 0.000000
7047.561523 0.000000 785.270752 0.000000 0.569274 0.000000 0.822148 1.000000 1.000000 1.000000
7099.060547 0.000000 776.889160 0.000000 0.703414 0.000000 -0.710780 0.000000 0.000000 0.000000
7055.977051 0.000000 783.363953 0.000000 0.902409 0.000000 0.430881 1.000000 1.000000 1.000000
7048.816895 0.000000 782.305176 0.000000 0.990717 0.000000 0.135937 0.000000 0.000000 0.000000
7101.048828 0.000000 773.562195 0.000000 0.339276 0.000000 -0.940687 0.000000 0.000000 0.000000
7067.270508 0.000000 786.043152 0.000000 0.841772 0.000000 -0.539833 1.000000 1.000000 1.000000
7068.806641 0.000000 784.659851 0.000000 0.982985 0.000000 -0.183683 0.000000 0.000000 0.000000
7098.541992 0.000000 783.467896 0.000000 0.957613 0.000000 -0.288058 0.000000 0.000000 0.000000
7043.196289 0.000000 780.047363 0.000000 0.879358 0.000000 -0.476161 0.000000 0.000000 0.000000
7067.848633 0.000000 787.956055 0.000000 0.986180 0.000000 -0.165678 1.000000 1.000000 1.000000
7097.390625 0.000000 776.704041 0.000000 0.763341 0.000000 -0.645996 1.000000 1.000000 1.000000
7136.264648 0.000000 756.165405 0.000000 0.433680 0.000000 0.901067 0.000000 0.000000 0.000000
7145.423340 0.000000 766.719116 0.000000 0.696900 0.000000 -0.717168 0.000000 0.000000 0.000000
7137.639160 0.000000 764.334473 0.000000 0.851420 0.000000 0.524485 0.000000 0.000000 0.000000
7125.035156 0.000000 775.013977 0.000000 0.793600 0.000000 -0.608440 0.000000 0.000000 0.000000
7113.163574 0.000000 773.597656 0.000000 0.079255 0.000000 -0.996854 0.000000 0.000000 0.000000
7131.974121 0.000000 766.026428 0.000000 0.164721 0.000000 0.986340 0.000000 0.000000 0.000000
7115.937012 0.000000 767.066284 0.000000 0.811066 0.000000 0.584955 0.000000 0.000000 0.000000
7121.216309 0.000000 774.178162 0.000000 0.701431 0.000000 0.712737 0.000000 0.000000 0.000000
7110.113770 0.000000 773.255371 0.000000 0.999583 0.000000 -0.028880 0.000000 0.000000 0.000000
7125.228027 0.000000 772.202026 0.000000 0.020065 0.000000 0.999799 0.000000 0.000000 0.000000
7118.486328 0.000000 772.978699 0.000000 0.339046 0.000000 0.940770 1.000000 1.000000 1.000000
7123.258789 0.000000 773.190430 0.000000 0.673689 0.000000 -0.739015 0.000000 0.000000 0.000000
7113.040527 0.000000 775.821472 0.000000 0.830317 0.000000 -0.557291 1.000000 1.000000 1.000000
6927.347656 0.000000 791.065308 0.000000 0.937419 0.000000 0.348203 0.000000 0.000000 0.000000
6937.268555 0.000000 807.190369 0.000000 0.913783 0.000000 -0.406203 0.000000 0.000000 0.000000
6921.453613 0.000000 797.100647 0.000000 0.992652 0.000000 0.121003 0.000000 0.000000 0.000000
6957.233887 0.000000 816.678528 0.000000 0.745847 0.000000 0.666117 0.000000 0.000000 0.000000
6938.840820 0.000000 817.485596 0.000000 0.124800 0.000000 -0.992182 0.000000 0.000000 0.000000
6939.974121 0.000000 822.510803 0.000000 0.993190 0.000000 -0.116508 0.000000 0.000000 0.000000
6966.117188 0.000000 797.802673 0.000000 0.816451 0.000000 0.577414 1.000000 1.000000 1.000000
6937.550293 0.000000 802.382690 0.000000 0.280762 0.000000 -0.959777 0.000000 0.000000 0.000000
6929.893555 0.000000 804.096008 0.000000 0.425116 0.000000 -0.905139 0.000000 0.000000 0.000000
6925.333984 0.000000 795.110596 0.000000 0.879133 0.000000 0.476577 1.000000 1.000000 1.000000
6928.913574 0.000000 823.351318 0.000000 0.676721 0.000000 -0.736239 0.000000 0.000000 0.000000
6930.409180 0.000000 819.190796 0.000000 0.916535 0.000000 0.399954 0.000000 0.000000 0.000000
6934.003418 0.000000 804.483643 0.000000 0.635937 0.000000 0.771741 1.000000 1.000000 1.000000
6934.596680 0.000000 811.312378 0.000000 0.076112 0.000000 -0.997099 0.000000 0.000000 0.000000
6953.764648 0.000000 819.105469 0.000000 0.522050 0.000000 0.852915 0.000000 0.000000 0.000000
6969.786621 0.000000 795.306091 0.000000 0.751230 0.000000 -0.660040 0.000000 0.000000 0.000000
6930.974121 0.000000 792.184143 0.000000 0.177029 0.000000 0.984206 0.000000 0.000000 0.000000
6953.896973 0.000000 790.809631 0.000000 0.804081 0.000000 0.594519 1.000000 1.000000 1.000000
6973.449707 0.000000 800.267395 0.000000 0.882966 0.000000 0.469436 0.000000 0.000000 0.000000
6941.234863 0.000000 814.490051 0.000000 0.232354 0.000000 0.972631 0.000000 0.000000 0.000000
6936.763672 0.000000 821.512451 0.000000 0.094675 0.000000 0.995508 0.000000 0.000000 0.000000
6970.815430 0.000000 798.350403 0.000000 0.739031 0.000000 -0.673672 0.000000 0.000000 0.000000
6934.343750 0.000000 808.173462 0.000000 0.495195 0.000000 -0.868782 0.000000 0.000000 0.000000
6922.448242 0.000000 794.386169 0.000000 0.557287 0.000000 0.830320 0.000000 0.000000 0.000000
6961.495117 0.000000 790.881287 0.000000 0.869895 0.000000 0.493237 0.000000 0.000000 0.000000
6954.478516 0.000000 816.518372 0.000000 0.196286 0.000000 0.980547 1.000000 1.000000 1.000000
6934.909180 0.000000 801.781067 0.000000 0.933401 0.000000 0.358835 0.000000 0.000000 0.000000
6915.898438 0.000000 843.537903 0.000000 0.622259 0.000000 -0.782812 0.000000 0.000000 0.000000
6931.958008 0.000000 797.493835 0.000000 0.654709 0.000000 -0.755881 0.000000 0.000000 0.000000
6932.109863 0.000000 802.470886 0.000000 0.993575 0.000000 -0.113173 1.000000 1.000000 1.000000
6931.922852 0.000000 794.580688 0.000000 0.064316 0.000000 0.997930 0.000000 0.000000 0.000000
6939.115234 0.000000 820.064941 0.000000 0.861293 0.000000 -0.508109 0.000000 0.000000 0.000000
6968.357422 0.000000 799.128174 0.000000 0.980586 0.000000 -0.196090 0.000000 0.000000 0.000000
6928.434082 0.000000 820.842407 0.000000 0.993991 0.000000 0.109464 0.000000 0.000000 0.000000
6975.450684 0.000000 798.710571 0.000000 0.614943 0.000000 -0.788571 0.000000 0.000000 0.000000
6955.597168 0.000000 792.805725 0.000000 0.909737 0.000000 0.415184 0.000000 0.000000 0.000000
6964.503418 0.000000 845.198853 0.000000 0.163453 0.000000 0.986551 0.000000 0.000000 0.000000
6951.437012 0.000000 818.163147 0.000000 0.081578 0.000000 -0.996667 0.000000 0.000000 0.000000
6941.193848 0.000000 816.992371 0.000000 0.990174 0.000000 -0.139840 0.000000 0.000000 0.000000
6923.600586 0.000000 796.503052 0.000000 0.916421 0.000000 0.400215 1.000000 1.000000 1.000000
6953.191406 0.000000 792.911743 0.000000 0.150546 0.000000 0.988603 0.000000 0.000000 0.000000
6935.342285 0.000000 806.291992 0.000000 0.680282 0.000000 -0.732951 1.000000 1.000000 1.000000
6975.211914 0.000000 801.613037 0.000000 0.374552 0.000000 -0.927206 1.000000 1.000000 1.000000
6935.989746 0.000000 803.811096 0.000000 0.105530 0.000000 0.994416 0.000000 0.000000 0.000000
6969.029297 0.000000 797.218018 0.000000 0.411228 0.000000 -0.911533 1.000000 1.000000 1.000000
6972.870605 0.000000 798.173767 0.000000 0.881297 0.000000 -0.472563 0.000000 0.000000 0.000000
6971.533691 0.000000 796.356079 0.000000 0.101374 0.000000 -0.994848 1.000000 1.000000 1.000000
6968.123047 0.000000 794.124817 0.000000 0.058437 0.000000 -0.998291 0.000000 0.000000 0.000000
6932.110352 0.000000 804.419067 0.000000 0.644286 0.000000 -0.764784 0.000000 0.000000 0.000000
6953.028320 0.000000 817.488098 0.000000 0.936976 0.000000 -0.349393 1.000000 1.000000 1.000000
7026.281250 0.000000 833.850464 0.000000 0.598778 0.000000 -0.800915 0.000000 0.000000 0.000000
7008.264648 0.000000 812.649780 0.000000 0.956761 0.000000 -0.290875 0.000000 0.000000 0.000000
7039.683594 0.000000 803.821655 0.000000 0.807986 0.000000 -0.589202 0.000000 0.000000 0.000000
7036.270508 0.000000 839.115112 0.000000 0.114379 0.000000 -0.993437 0.000000 0.000000 0.000000
7027.915527 0.000000 802.822571 0.000000 0.999885 0.000000 0.015164 0.000000 0.000000 0.000000
6989.467773 0.000000 806.336548 0.000000 0.811213 0.000000 -0.584751 0.000000 0.000000 0.000000
6979.716309 0.000000 831.887390 0.000000 0.968998 0.000000 -0.247067 0.000000 0.000000 0.000000
6978.164551 0.000000 810.152771 0.000000 0.506331 0.000000 -0.862339 0.000000 0.000000 0.000000
7013.084961 0.000000 805.578857 0.000000 0.862697 0.000000 0.505722 0.000000 0.000000 0.000000
7023.844727 0.000000 797.891724 0.000000 0.528364 0.000000 0.849018 0.000000 0.000000 0.000000
7002.616699 0.000000 796.990662 0.000000 0.961882 0.000000 0.273464 0.000000 0.000000 0.000000
7012.049805 0.000000 827.070801 0.000000 0.212138 0.000000 0.977240 0.000000 0.000000 0.000000
7006.773926 0.000000 807.252930 0.000000 0.784870 0.000000 0.619660 0.000000 0.000000 0.000000
7015.675293 0.000000 845.555115 0.000000 0.332354 0.000000 -0.943155 0.000000 0.000000 0.000000
7002.661621 0.000000 812.218933 0.000000 0.569724 0.000000 0.821836 0.000000 0.000000 0.000000
7014.720703 0.000000 837.515930 0.000000 0.998664 0.000000 -0.051674 0.000000 0.000000 0.000000
7017.396484 0.000000 804.540161 0.000000 0.915039 0.000000 -0.403366 0.000000 0.000000 0.000000
6992.913574 0.000000 823.351318 0.000000 0.442482 0.000000 0.896777 0.000000 0.000000 0.000000
7018.064453 0.000000 842.105042 0.000000 0.436061 0.000000 0.899917 0.000000 0.000000 0.000000
6987.937012 0.000000 823.550659 0.000000 0.465243 0.000000 0.885183 0.000000 0.000000 0.000000
6989.646484 0.000000 831.527466 0.000000 0.698166 0.000000 0.715936 1.000000 1.000000 1.000000
6976.390625 0.000000 834.331360 0.000000 0.917547 0.000000 -0.397627 0.000000 0.000000 0.000000
7038.612305 0.000000 842.421509 0.000000 0.087029 0.000000 0.996206 0.000000 0.000000 0.000000
6986.276367 0.000000 811.388672 0.000000 0.079290 0.000000 -0.996852 0.000000 0.000000 0.000000
6976.110840 0.000000 801.145752 0.000000 0.499235 0.000000 -0.866467 0.000000 0.000000 0.000000
6983.290527 0.000000 833.626343 0.000000 0.379043 0.000000 -0.925379 1.000000 1.000000 1.000000
7037.449707 0.000000 800.267395 0.000000 0.999762 0.000000 -0.021821 0.000000 0.000000 0.000000
6993.216309 0.000000 830.662537 0.000000 0.107060 0.000000 0.994253 0.000000 0.000000 0.000000
7012.176270 0.000000 834.800842 0.000000 0.756816 0.000000 -0.653628 0.000000 0.000000 0.000000
6985.808105 0.000000 826.486816 0.000000 0.738220 0.000000 -0.674560 0.000000 0.000000 0.000000
7027.006836 0.000000 799.226318 0.000000 0.978759 0.000000 -0.205016 0.000000 0.000000 0.000000
7005.587891 0.000000 810.449036 0.000000 0.061991 0.000000 0.998077 0.000000 0.000000 0.000000
7015.553711 0.000000 807.983521 0.000000 0.708534 0.000000 -0.705677 1.000000 1.000000 1.000000
6986.749023 0.000000 832.974121 0.000000 0.147017 0.000000 0.989134 0.000000 0.000000 0.000000
7014.643555 0.000000 842.483337 0.000000 0.821267 0.000000 0.570544 0.000000 0.000000 0.000000
7034.815430 0.000000 798.350403 0.000000 0.998115 0.000000 0.061366 0.000000 0.000000 0.000000
7030.469238 0.000000 800.935364 0.000000 0.617443 0.000000 0.786615 0.000000 0.000000 0.000000
6988.424805 0.000000 809.200989 0.000000 0.953803 0.000000 0.300434 0.000000 0.000000 0.000000
6982.113770 0.000000 829.739746 0.000000 0.618741 0.000000 -0.785595 0.000000 0.000000 0.000000
6987.713867 0.000000 828.784363 0.000000 0.675900 0.000000 -0.736994 1.000000 1.000000 1.000000
7003.116211 0.000000 809.256470 0.000000 0.200251 0.000000 0.979745 0.000000 0.000000 0.000000
6990.569336 0.000000 824.549988 0.000000 0.965079 0.000000 0.261957 1.000000 1.000000 1.000000
7036.341309 0.000000 843.949097 0.000000 0.947279 0.000000 0.320410 0.000000 0.000000 0.000000
7026.542480 0.000000 796.579773 0.000000 0.034460 0.000000 0.999406 0.000000 0.000000 0.000000
6976.974121 0.000000 803.489014 0.000000 0.997828 0.000000 -0.065881 0.000000 0.000000 0.000000
6992.434082 0.000000 820.842407 0.000000 0.293827 0.000000 0.955859 0.000000 0.000000 0.000000
6992.003418 0.000000 818.083923 0.000000 0.996961 0.000000 0.077899 0.000000 0.000000 0.000000
7012.534668 0.000000 807.959290 0.000000 0.963335 0.000000 -0.268301 0.000000 0.000000 0.000000
6989.917480 0.000000 822.227478 0.000000 0.231932 0.000000 0.972732 1.000000 1.000000 1.000000
7007.885254 0.000000 809.971313 0.000000 0.149202 0.000000 0.988807 1.000000 1.000000 1.000000
6991.784668 0.000000 832.603943 0.000000 0.822496 0.000000 0.568771 1.000000 1.000000 1.000000
6988.076660 0.000000 826.091736 0.000000 0.358797 0.000000 -0.933416 1.000000 1.000000 1.000000
7004.903809 0.000000 797.402649 0.000000 0.382940 0.000000 0.923773 0.000000 0.000000 0.000000
6989.897461 0.000000 833.889221 0.000000 0.488812 0.000000 0.872389 0.000000 0.000000 0.000000
7015.451172 0.000000 805.776794 0.000000 0.492653 0.000000 -0.870226 0.000000 0.000000 0.000000
6990.486328 0.000000 829.463074 0.000000 0.847450 0.000000 0.530874 1.000000 1.000000 1.000000
7038.298340 0.000000 840.251892 0.000000 0.618674 0.000000 0.785648 0.000000 0.000000 0.000000
6987.567871 0.000000 830.934570 0.000000 0.452164 0.000000 0.891935 1.000000 1.000000 1.000000
7024.601562 0.000000 795.623535 0.000000 0.998822 0.000000 -0.048517 0.000000 0.000000 0.000000
6981.188477 0.000000 833.521301 0.000000 0.928333 0.000000 -0.371749 0.000000 0.000000 0.000000
7016.552734 0.000000 843.632385 0.000000 0.400957 0.000000 -0.916097 1.000000 1.000000 1.000000
6983.299805 0.000000 831.519409 0.000000 0.458655 0.000000 0.888614 0.000000 0.000000 0.000000
7004.897949 0.000000 812.420166 0.000000 0.597286 0.000000 -0.802028 0.000000 0.000000 0.000000
6982.227051 0.000000 835.356201 0.000000 0.998439 0.000000 0.055847 0.000000 0.000000 0.000000
7005.062500 0.000000 808.457520 0.000000 0.825089 0.000000 -0.565003 1.000000 1.000000 1.000000
7036.870605 0.000000 798.173767 0.000000 0.435269 0.000000 0.900300 0.000000 0.000000 0.000000
7028.512207 0.000000 800.635620 0.000000 0.665602 0.000000 0.746307 0.000000 0.000000 0.000000
6985.040527 0.000000 832.305847 0.000000 0.895960 0.000000 -0.444135 1.000000 1.000000 1.000000
6985.975098 0.000000 828.293335 0.000000 0.123460 0.000000 -0.992350 0.000000 0.000000 0.000000
6980.253418 0.000000 830.147156 0.000000 0.998548 0.000000 0.053874 0.000000 0.000000 0.000000
7014.058105 0.000000 807.083679 0.000000 0.871264 0.000000 0.490815 1.000000 1.000000 1.000000
6991.409668 0.000000 830.941467 0.000000 0.996927 0.000000 0.078333 1.000000 1.000000 1.000000
6991.572266 0.000000 822.381104 0.000000 0.694336 0.000000 -0.719651 1.000000 1.000000 1.000000
7025.566406 0.000000 797.963867 0.000000 0.539083 0.000000 -0.842252 1.000000 1.000000 1.000000
6947.530762 0.000000 897.854187 0.000000 0.829715 0.000000 0.558187 0.000000 0.000000 0.000000
6922.048340 0.000000 892.765930 0.000000 0.613873 0.000000 -0.789405 0.000000 0.000000 0.000000
6937.924805 0.000000 900.506104 0.000000 0.638245 0.000000 -0.769834 0.000000 0.000000 0.000000
6925.066406 0.000000 900.481812 0.000000 0.399007 0.000000 0.916948 0.000000 0.000000 0.000000
6942.600098 0.000000 896.969238 0.000000 0.894610 0.000000 0.446848 0.000000 0.000000 0.000000
6925.883301 0.000000 895.761841 0.000000 0.985274 0.000000 -0.170984 0.000000 0.000000 0.000000
6930.853027 0.000000 883.873047 0.000000 0.954391 0.000000 0.298560 0.000000 0.000000 0.000000
6954.133789 0.000000 851.402954 0.000000 0.496747 0.000000 -0.867895 1.000000 1.000000 1.000000
6934.690430 0.000000 875.282532 0.000000 0.989089 0.000000 -0.147318 0.000000 0.000000 0.000000
6925.646484 0.000000 888.011841 0.000000 0.510670 0.000000 0.859777 0.000000 0.000000 0.000000
6950.192871 0.000000 852.972534 0.000000 0.997879 0.000000 0.065095 0.000000 0.000000 0.000000
6946.997070 0.000000 903.229065 0.000000 0.841752 0.000000 0.539865 0.000000 0.000000 0.000000
6921.889160 0.000000 902.530640 0.000000 0.407550 0.000000 0.913183 0.000000 0.000000 0.000000
6929.216309 0.000000 887.146912 0.000000 0.107968 0.000000 0.994154 0.000000 0.000000 0.000000
6944.693359 0.000000 899.253906 0.000000 0.012872 0.000000 -0.999917 0.000000 0.000000 0.000000
6941.075684 0.000000 899.665833 0.000000 0.769204 0.000000 0.639004 0.000000 0.000000 0.000000
6925.152832 0.000000 892.496704 0.000000 0.865091 0.000000 -0.501615 0.000000 0.000000 0.000000
6948.314453 0.000000 900.661499 0.000000 0.360907 0.000000 0.932602 0.000000 0.000000 0.000000
6923.443359 0.000000 877.252686 0.000000 0.816424 0.000000 0.577453 0.000000 0.000000 0.000000
6932.724609 0.000000 876.966003 0.000000 0.506503 0.000000 0.862238 0.000000 0.000000 0.000000
6931.150879 0.000000 881.027161 0.000000 0.172986 0.000000 -0.984924 0.000000 0.000000 0.000000
6952.628906 0.000000 853.405884 0.000000 0.987133 0.000000 -0.159899 0.000000 0.000000 0.000000
6956.263184 0.000000 897.440735 0.000000 0.038986 0.000000 -0.999240 0.000000 0.000000 0.000000
6927.784668 0.000000 889.088318 0.000000 0.972897 0.000000 0.231238 0.000000 0.000000 0.000000
6930.931641 0.000000 878.591858 0.000000 0.081011 0.000000 0.996713 0.000000 0.000000 0.000000
6925.897461 0.000000 890.373596 0.000000 0.805195 0.000000 0.593010 0.000000 0.000000 0.000000
6926.936035 0.000000 893.837524 0.000000 0.545687 0.000000 -0.837989 0.000000 0.000000 0.000000
6934.645996 0.000000 877.931396 0.000000 0.976992 0.000000 -0.213277 0.000000 0.000000 0.000000
6923.119141 0.000000 900.884827 0.000000 0.313742 0.000000 0.949508 0.000000 0.000000 0.000000
6957.863281 0.000000 894.082703 0.000000 0.992897 0.000000 -0.118977 0.000000 0.000000 0.000000
6955.779785 0.000000 852.247070 0.000000 0.973744 0.000000 -0.227648 1.000000 1.000000 1.000000
7030.803711 0.000000 849.331787 0.000000 0.527147 0.000000 0.849774 0.000000 0.000000 0.000000
7036.270508 0.000000 895.599487 0.000000 0.294828 0.000000 0.955550 0.000000 0.000000 0.000000
7039.419434 0.000000 869.137695 0.000000 0.212862 0.000000 0.977082 0.000000 0.000000 0.000000
7028.885254 0.000000 899.016724 0.000000 0.999548 0.000000 -0.030077 0.000000 0.000000 0.000000
7001.924805 0.000000 900.506104 0.000000 0.941312 0.000000 0.337538 0.000000 0.000000 0.000000
7007.273438 0.000000 902.142029 0.000000 0.961865 0.000000 0.273524 0.000000 0.000000 0.000000
7039.097656 0.000000 886.654846 0.000000 0.962936 0.000000 -0.269729 0.000000 0.000000 0.000000
7030.117188 0.000000 854.287048 0.000000 0.878535 0.000000 -0.477678 0.000000 0.000000 0.000000
6999.427734 0.000000 896.260986 0.000000 0.741922 0.000000 -0.670486 0.000000 0.000000 0.000000
7033.614258 0.000000 899.646790 0.000000 0.509014 0.000000 0.860758 0.000000 0.000000 0.000000
7026.569336 0.000000 903.239441 0.000000 0.737929 0.000000 -0.674879 0.000000 0.000000 0.000000
7038.112305 0.000000 891.184326 0.000000 0.962716 0.000000 -0.270514 0.000000 0.000000 0.000000
7026.317383 0.000000 850.456787 0.000000 0.829324 0.000000 0.558768 0.000000 0.000000 0.000000
7038.127441 0.000000 864.705627 0.000000 0.995100 0.000000 0.098874 0.000000 0.000000 0.000000
7017.896973 0.000000 847.294006 0.000000 0.649108 0.000000 -0.760697 0.000000 0.000000 0.000000
7031.010742 0.000000 902.218567 0.000000 0.276443 0.000000 -0.961030 1.000000 1.000000 1.000000
7002.771973 0.000000 897.175903 0.000000 0.998655 0.000000 0.051848 0.000000 0.000000 0.000000
7004.116211 0.000000 902.681213 0.000000 0.672904 0.000000 -0.739730 0.000000 0.000000 0.000000
7028.969238 0.000000 851.623474 0.000000 0.443406 0.000000 0.896321 0.000000 0.000000 0.000000
7038.830566 0.000000 894.500732 0.000000 0.065291 0.000000 -0.997866 0.000000 0.000000 0.000000
7028.503418 0.000000 901.683228 0.000000 0.466927 0.000000 0.884296 0.000000 0.000000 0.000000
7039.940430 0.000000 866.715088 0.000000 0.975846 0.000000 -0.218461 1.000000 1.000000 1.000000
7028.116699 0.000000 849.596497 0.000000 0.988961 0.000000 -0.148175 1.000000 1.000000 1.000000
7003.270508 0.000000 899.011902 0.000000 0.059946 0.000000 -0.998202 1.000000 1.000000 1.000000
7030.407227 0.000000 900.301270 0.000000 0.779347 0.000000 0.626593 0.000000 0.000000 0.000000
7032.590820 0.000000 901.176331 0.000000 0.028488 0.000000 -0.999594 0.000000 0.000000 0.000000
7000.941406 0.000000 897.493286 0.000000 0.825995 0.000000 -0.563678 0.000000 0.000000 0.000000
7085.255371 0.000000 845.656738 0.000000 0.200759 0.000000 0.979641 0.000000 0.000000 0.000000
7101.524414 0.000000 796.294678 0.000000 0.366889 0.000000 -0.930265 0.000000 0.000000 0.000000
7062.797363 0.000000 791.755859 0.000000 0.683784 0.000000 0.729684 0.000000 0.000000 0.000000
7084.186523 0.000000 838.489441 0.000000 0.980857 0.000000 -0.194731 0.000000 0.000000 0.000000
7094.872070 0.000000 837.115662 0.000000 0.981135 0.000000 -0.193323 0.000000 0.000000 0.000000
7089.044434 0.000000 839.465210 0.000000 0.567836 0.000000 0.823142 0.000000 0.000000 0.000000
7070.600098 0.000000 840.484863 0.000000 0.410201 0.000000 -0.911995 0.000000 0.000000 0.000000
7097.614258 0.000000 843.162415 0.000000 0.971933 0.000000 0.235257 0.000000 0.000000 0.000000
7053.883301 0.000000 839.277466 0.000000 0.383543 0.000000 -0.923523 0.000000 0.000000 0.000000
7082.133789 0.000000 794.918579 0.000000 0.156455 0.000000 -0.987685 0.000000 0.000000 0.000000
7049.597656 0.000000 840.656677 0.000000 0.671075 0.000000 0.741389 0.000000 0.000000 0.000000
7102.612305 0.000000 842.421509 0.000000 0.816000 0.000000 0.578052 0.000000 0.000000 0.000000
7095.430664 0.000000 804.658264 0.000000 0.559639 0.000000 0.828737 0.000000 0.000000 0.000000
7087.152344 0.000000 836.251953 0.000000 0.629872 0.000000 0.776699 0.000000 0.000000 0.000000
7095.010742 0.000000 845.734192 0.000000 0.002761 0.000000 -0.999996 0.000000 0.000000 0.000000
7049.889160 0.000000 846.046265 0.000000 0.869963 0.000000 0.493117 0.000000 0.000000 0.000000
7066.771973 0.000000 840.691528 0.000000 0.690392 0.000000 0.723435 1.000000 1.000000 1.000000
7092.612793 0.000000 806.493225 0.000000 0.816456 0.000000 0.577408 0.000000 0.000000 0.000000
7092.392090 0.000000 839.167969 0.000000 0.971371 0.000000 0.237568 0.000000 0.000000 0.000000
7069.075684 0.000000 843.181458 0.000000 0.667956 0.000000 0.744201 0.000000 0.000000 0.000000
7090.616699 0.000000 836.834473 0.000000 0.463287 0.000000 -0.886208 0.000000 0.000000 0.000000
7093.008789 0.000000 835.003113 0.000000 0.227528 0.000000 0.973772 0.000000 0.000000 0.000000
7102.830566 0.000000 838.016357 0.000000 0.969381 0.000000 -0.245561 0.000000 0.000000 0.000000
7082.622559 0.000000 844.806335 0.000000 0.981247 0.000000 0.192755 0.000000 0.000000 0.000000
7052.244629 0.000000 841.397888 0.000000 0.967187 0.000000 -0.254066 0.000000 0.000000 0.000000
7100.341309 0.000000 843.949097 0.000000 0.932497 0.000000 0.361178 1.000000 1.000000 1.000000
7054.452148 0.000000 846.375977 0.000000 0.940123 0.000000 -0.340834 1.000000 1.000000 1.000000
7094.928223 0.000000 807.666321 0.000000 0.946150 0.000000 0.323727 0.000000 0.000000 0.000000
7051.346680 0.000000 838.745300 0.000000 0.597937 0.000000 -0.801543 1.000000 1.000000 1.000000
7083.597168 0.000000 792.805725 0.000000 0.696216 0.000000 0.717832 1.000000 1.000000 1.000000
7090.714844 0.000000 841.254150 0.000000 0.668968 0.000000 0.743291 0.000000 0.000000 0.000000
7103.835938 0.000000 795.265320 0.000000 0.448719 0.000000 -0.893673 0.000000 0.000000 0.000000
7086.583984 0.000000 839.561829 0.000000 0.019928 0.000000 0.999801 0.000000 0.000000 0.000000
7065.025879 0.000000 791.029175 0.000000 0.714383 0.000000 -0.699755 0.000000 0.000000 0.000000
7088.587402 0.000000 841.707275 0.000000 0.446435 0.000000 0.894816 0.000000 0.000000 0.000000
7052.277832 0.000000 846.037476 0.000000 0.871482 0.000000 -0.490428 1.000000 1.000000 1.000000
7092.752441 0.000000 837.178589 0.000000 0.999450 0.000000 -0.033162 1.000000 1.000000 1.000000
7051.119141 0.000000 844.400452 0.000000 0.100177 0.000000 0.994970 0.000000 0.000000 0.000000
7096.393555 0.000000 835.907898 0.000000 0.847969 0.000000 0.530046 0.000000 0.000000 0.000000
7068.806641 0.000000 841.144226 0.000000 0.843555 0.000000 -0.537043 1.000000 1.000000 1.000000
7096.590820 0.000000 844.691956 0.000000 0.984590 0.000000 -0.174879 0.000000 0.000000 0.000000
7064.941406 0.000000 841.008911 0.000000 0.052823 0.000000 -0.998604 0.000000 0.000000 0.000000
7090.704590 0.000000 838.705322 0.000000 0.282419 0.000000 -0.959291 1.000000 1.000000 1.000000
7154.569336 0.000000 846.755066 0.000000 0.889930 0.000000 0.456097 0.000000 0.000000 0.000000
7058.736816 0.000000 897.386658 0.000000 0.396127 0.000000 0.918196 0.000000 0.000000 0.000000
7040.290527 0.000000 881.630798 0.000000 0.614357 0.000000 -0.789029 0.000000 0.000000 0.000000
7047.693359 0.000000 879.098206 0.000000 0.516730 0.000000 0.856148 0.000000 0.000000 0.000000
7072.909180 0.000000 889.508911 0.000000 0.998422 0.000000 0.056154 0.000000 0.000000 0.000000
7078.465332 0.000000 872.363342 0.000000 0.851766 0.000000 0.523923 0.000000 0.000000 0.000000
7059.298340 0.000000 865.212830 0.000000 0.133295 0.000000 -0.991076 0.000000 0.000000 0.000000
7049.095215 0.000000 859.253052 0.000000 0.820672 0.000000 -0.571400 0.000000 0.000000 0.000000
7094.872070 0.000000 893.600037 0.000000 0.840552 0.000000 0.541731 0.000000 0.000000 0.000000
7070.773926 0.000000 863.737305 0.000000 0.072736 0.000000 -0.997351 0.000000 0.000000 0.000000
7066.661621 0.000000 868.703308 0.000000 0.829124 0.000000 0.559065 0.000000 0.000000 0.000000
7045.002930 0.000000 883.393616 0.000000 0.770584 0.000000 0.637338 0.000000 0.000000 0.000000
7077.443359 0.000000 867.067627 0.000000 0.688113 0.000000 -0.725604 0.000000 0.000000 0.000000
7044.957031 0.000000 893.432739 0.000000 0.995891 0.000000 -0.090556 0.000000 0.000000 0.000000
7066.548828 0.000000 888.578674 0.000000 0.545177 0.000000 -0.838321 0.000000 0.000000 0.000000
7060.194824 0.000000 893.178467 0.000000 0.472446 0.000000 -0.881359 1.000000 1.000000 1.000000
7062.003418 0.000000 860.968018 0.000000 0.309011 0.000000 0.951058 0.000000 0.000000 0.000000
7062.596680 0.000000 867.796753 0.000000 0.032249 0.000000 -0.999480 0.000000 0.000000 0.000000
7040.390625 0.000000 890.815735 0.000000 0.287995 0.000000 0.957632 1.000000 1.000000 1.000000
7040.073242 0.000000 885.827087 0.000000 0.202069 0.000000 0.979371 0.000000 0.000000 0.000000
7063.759277 0.000000 891.391418 0.000000 0.177538 0.000000 0.984114 1.000000 1.000000 1.000000
7040.522461 0.000000 862.967651 0.000000 0.718519 0.000000 0.695507 0.000000 0.000000 0.000000
7081.896973 0.000000 847.294006 0.000000 0.908900 0.000000 0.417015 0.000000 0.000000 0.000000
7068.683105 0.000000 860.699524 0.000000 0.919429 0.000000 -0.393257 0.000000 0.000000 0.000000
7045.963867 0.000000 867.964600 0.000000 0.809429 0.000000 -0.587218 0.000000 0.000000 0.000000
7075.650879 0.000000 870.207947 0.000000 0.541398 0.000000 0.840767 1.000000 1.000000 1.000000
7044.061523 0.000000 863.475220 0.000000 0.858841 0.000000 -0.512243 0.000000 0.000000 0.000000
7069.565918 0.000000 890.564392 0.000000 0.683526 0.000000 0.729926 1.000000 1.000000 1.000000
7044.219238 0.000000 879.899780 0.000000 0.343376 0.000000 0.939198 0.000000 0.000000 0.000000
7069.587891 0.000000 866.933411 0.000000 0.749828 0.000000 0.661633 0.000000 0.000000 0.000000
7051.269531 0.000000 856.595703 0.000000 0.376368 0.000000 -0.926470 0.000000 0.000000 0.000000
7046.798828 0.000000 861.532593 0.000000 0.564435 0.000000 0.825477 0.000000 0.000000 0.000000
7070.662598 0.000000 893.456055 0.000000 0.841503 0.000000 0.540253 0.000000 0.000000 0.000000
7062.343750 0.000000 864.657837 0.000000 0.961179 0.000000 -0.275925 1.000000 1.000000 1.000000
7046.113770 0.000000 886.224121 0.000000 0.111082 0.000000 0.993811 0.000000 0.000000 0.000000
7052.406250 0.000000 848.213928 0.000000 0.998406 0.000000 0.056442 0.000000 0.000000 0.000000
7042.892090 0.000000 885.466919 0.000000 0.763732 0.000000 0.645534 0.000000 0.000000 0.000000
7043.167969 0.000000 891.218323 0.000000 0.884771 0.000000 -0.466027 1.000000 1.000000 1.000000
7067.116211 0.000000 865.740845 0.000000 0.432778 0.000000 -0.901501 0.000000 0.000000 0.000000
7046.202148 0.000000 858.778442 0.000000 0.809525 0.000000 0.587085 0.000000 0.000000 0.000000
7078.386719 0.000000 869.613708 0.000000 0.075053 0.000000 0.997180 0.000000 0.000000 0.000000
7060.862305 0.000000 895.932678 0.000000 0.783784 0.000000 0.621033 0.000000 0.000000 0.000000
7067.921387 0.000000 863.221375 0.000000 0.964020 0.000000 0.265830 0.000000 0.000000 0.000000
7061.389160 0.000000 890.491516 0.000000 0.839841 0.000000 -0.542833 0.000000 0.000000 0.000000
7042.786133 0.000000 882.166321 0.000000 0.648059 0.000000 0.761590 1.000000 1.000000 1.000000
7073.496582 0.000000 871.496399 0.000000 0.658281 0.000000 -0.752772 0.000000 0.000000 0.000000
7042.854492 0.000000 894.812561 0.000000 0.991988 0.000000 0.126331 0.000000 0.000000 0.000000
7072.505859 0.000000 891.923462 0.000000 0.634481 0.000000 0.772938 1.000000 1.000000 1.000000
7066.280762 0.000000 891.112000 0.000000 0.168599 0.000000 -0.985685 1.000000 1.000000 1.000000
7041.278809 0.000000 893.140869 0.000000 0.764805 0.000000 0.644262 1.000000 1.000000 1.000000
7041.116211 0.000000 883.764832 0.000000 0.676253 0.000000 -0.736669 0.000000 0.000000 0.000000
7063.342285 0.000000 862.776367 0.000000 0.599968 0.000000 -0.800024 1.000000 1.000000 1.000000
7060.672363 0.000000 866.822998 0.000000 0.438442 0.000000 0.898759 0.000000 0.000000 0.000000
7040.668457 0.000000 865.036072 0.000000 0.325042 0.000000 -0.945700 1.000000 1.000000 1.000000
7069.062500 0.000000 864.941895 0.000000 0.118161 0.000000 0.992994 1.000000 1.000000 1.000000
7096.393555 0.000000 892.392273 0.000000 0.816500 0.000000 0.577346 0.000000 0.000000 0.000000
7068.530762 0.000000 888.940613 0.000000 0.625009 0.000000 -0.780618 1.000000 1.000000 1.000000
7042.200195 0.000000 863.884888 0.000000 0.566079 0.000000 0.824351 1.000000 1.000000 1.000000
7069.993164 0.000000 862.063538 0.000000 0.251093 0.000000 0.967963 1.000000 1.000000 1.000000
7076.762207 0.000000 868.770752 0.000000 0.777381 0.000000 0.629030 1.000000 1.000000 1.000000
7042.331055 0.000000 887.211426 0.000000 0.686605 0.000000 0.727031 0.000000 0.000000 0.000000
7043.196289 0.000000 893.016113 0.000000 0.163599 0.000000 0.986527 1.000000 1.000000 1.000000
7042.240723 0.000000 889.583069 0.000000 0.967303 0.000000 -0.253624 1.000000 1.000000 1.000000
7070.384766 0.000000 888.860291 0.000000 0.965750 0.000000 -0.259474 1.000000 1.000000 1.000000
7061.837891 0.000000 892.212891 0.000000 0.900695 0.000000 0.434452 1.000000 1.000000 1.000000
7074.022949 0.000000 869.301392 0.000000 0.894746 0.000000 0.446575 1.000000 1.000000 1.000000
7044.483398 0.000000 881.695496 0.000000 0.252268 0.000000 0.967657 1.000000 1.000000 1.000000
7071.343262 0.000000 890.402405 0.000000 0.037621 0.000000 -0.999292 1.000000 1.000000 1.000000
7040.520996 0.000000 867.035645 0.000000 0.593265 0.000000 -0.805007 0.000000 0.000000 0.000000
7067.980957 0.000000 891.207336 0.000000 0.845250 0.000000 -0.534371 1.000000 1.000000 1.000000
7165.733887 0.000000 881.475830 0.000000 0.444454 0.000000 0.895802 0.000000 0.000000 0.000000
7167.683594 0.000000 860.306030 0.000000 0.253643 0.000000 0.967298 0.000000 0.000000 0.000000
7164.270508 0.000000 895.599487 0.000000 0.393712 0.000000 0.919234 0.000000 0.000000 0.000000
7146.581543 0.000000 866.070435 0.000000 0.192180 0.000000 -0.981360 0.000000 0.000000 0.000000
7125.428223 0.000000 879.613281 0.000000 0.794254 0.000000 0.607586 0.000000 0.000000 0.000000
7120.020996 0.000000 891.493896 0.000000 0.809063 0.000000 -0.587723 0.000000 0.000000 0.000000
7155.720703 0.000000 885.137390 0.000000 0.999116 0.000000 -0.042039 0.000000 0.000000 0.000000
7154.569336 0.000000 903.239441 0.000000 0.450232 0.000000 0.892912 0.000000 0.000000 0.000000
7166.612305 0.000000 898.905884 0.000000 0.953582 0.000000 0.301133 0.000000 0.000000 0.000000
7107.856934 0.000000 897.337585 0.000000 0.489748 0.000000 -0.871864 0.000000 0.000000 0.000000
7150.165527 0.000000 864.807861 0.000000 0.612774 0.000000 0.790258 0.000000 0.000000 0.000000
7163.742676 0.000000 884.942627 0.000000 0.942373 0.000000 0.334565 0.000000 0.000000 0.000000
7148.193359 0.000000 868.210144 0.000000 0.515206 0.000000 -0.857067 0.000000 0.000000 0.000000
7166.888184 0.000000 883.890625 0.000000 0.127219 0.000000 -0.991875 0.000000 0.000000 0.000000
7161.397461 0.000000 885.415955 0.000000 0.936068 0.000000 -0.351818 0.000000 0.000000 0.000000
7166.298340 0.000000 896.736267 0.000000 0.999012 0.000000 0.044430 0.000000 0.000000 0.000000
7905.638184 0.000000 385.674896 0.000000 0.682496 0.000000 -0.730889 0.000000 0.000000 0.000000
7924.600586 0.000000 418.604431 0.000000 0.995302 0.000000 -0.096814 0.000000 0.000000 0.000000
7914.581543 0.000000 414.195435 0.000000 0.546498 0.000000 0.837460 0.000000 0.000000 0.000000
7909.084961 0.000000 410.188232 0.000000 0.416685 0.000000 0.909051 0.000000 0.000000 0.000000
7935.097656 0.000000 434.779846 0.000000 0.988256 0.000000 0.152810 0.000000 0.000000 0.000000
7913.396484 0.000000 409.149506 0.000000 0.921181 0.000000 0.389134 0.000000 0.000000 0.000000
7902.227539 0.000000 399.947998 0.000000 0.920103 0.000000 -0.391677 0.000000 0.000000 0.000000
7920.887695 0.000000 420.266144 0.000000 0.929897 0.000000 -0.367820 0.000000 0.000000 0.000000
7920.015137 0.000000 423.172089 0.000000 0.055511 0.000000 0.998458 0.000000 0.000000 0.000000
7952.913574 0.000000 371.476349 0.000000 0.311483 0.000000 0.950252 0.000000 0.000000 0.000000
7993.426758 0.000000 412.789581 0.000000 0.027203 0.000000 -0.999630 0.000000 0.000000 0.000000
7936.073242 0.000000 433.952087 0.000000 0.145280 0.000000 -0.989391 0.000000 0.000000 0.000000
7975.443848 0.000000 406.679993 0.000000 0.793289 0.000000 0.608845 0.000000 0.000000 0.000000
7986.335449 0.000000 416.283661 0.000000 0.951936 0.000000 0.306296 0.000000 0.000000 0.000000
7965.075684 0.000000 447.790833 0.000000 0.982990 0.000000 0.183657 0.000000 0.000000 0.000000
7984.015137 0.000000 423.172089 0.000000 0.467264 0.000000 -0.884118 1.000000 1.000000 1.000000
7979.534668 0.000000 411.380341 0.000000 0.520342 0.000000 -0.853958 0.000000 0.000000 0.000000
7986.278320 0.000000 426.099548 0.000000 0.218198 0.000000 -0.975905 0.000000 0.000000 0.000000
7978.549316 0.000000 406.501984 0.000000 0.595810 0.000000 0.803125 0.000000 0.000000 0.000000
7978.478516 0.000000 421.127747 0.000000 0.682876 0.000000 -0.730534 0.000000 0.000000 0.000000
7981.452148 0.000000 423.960449 0.000000 0.575406 0.000000 0.817868 1.000000 1.000000 1.000000
7982.630859 0.000000 419.167297 0.000000 0.397133 0.000000 -0.917761 1.000000 1.000000 1.000000
7975.437012 0.000000 422.772522 0.000000 0.948017 0.000000 0.318220 0.000000 0.000000 0.000000
7983.774902 0.000000 414.579163 0.000000 0.291650 0.000000 0.956525 0.000000 0.000000 0.000000
7984.749512 0.000000 417.998260 0.000000 0.714378 0.000000 -0.699760 0.000000 0.000000 0.000000
7979.536621 0.000000 408.953705 0.000000 0.294783 0.000000 -0.955564 0.000000 0.000000 0.000000
7979.705078 0.000000 422.778381 0.000000 0.097706 0.000000 0.995215 1.000000 1.000000 1.000000
7985.818848 0.000000 422.138367 0.000000 0.683068 0.000000 0.730355 1.000000 1.000000 1.000000
7983.143066 0.000000 421.068115 0.000000 0.097689 0.000000 -0.995217 1.000000 1.000000 1.000000
7985.665527 0.000000 424.153229 0.000000 0.975132 0.000000 0.221623 0.000000 0.000000 0.000000
7977.043945 0.000000 407.406250 0.000000 0.999804 0.000000 -0.019800 0.000000 0.000000 0.000000
7977.028320 0.000000 422.097473 0.000000 0.088359 0.000000 -0.996089 1.000000 1.000000 1.000000
7975.815430 0.000000 404.944336 0.000000 0.263549 0.000000 -0.964646 1.000000 1.000000 1.000000
7421.935547 0.000000 481.905029 0.000000 0.591192 0.000000 0.806531 0.000000 0.000000 0.000000
7405.901367 0.000000 509.313812 0.000000 0.711809 0.000000 -0.702373 0.000000 0.000000 0.000000
7290.165039 0.000000 643.878845 0.000000 0.907122 0.000000 -0.420868 0.000000 0.000000 0.000000
7294.127441 0.000000 638.768127 0.000000 0.992997 0.000000 0.118137 0.000000 0.000000 0.000000
7294.018555 0.000000 647.223206 0.000000 0.172578 0.000000 0.984996 0.000000 0.000000 0.000000
7290.308594 0.000000 665.927673 0.000000 0.159275 0.000000 -0.987234 0.000000 0.000000 0.000000
7292.718750 0.000000 662.559570 0.000000 0.925370 0.000000 0.379064 0.000000 0.000000 0.000000
7290.107422 0.000000 676.528503 0.000000 0.862430 0.000000 0.506177 1.000000 1.000000 1.000000
7292.880859 0.000000 644.557800 0.000000 0.932121 0.000000 0.362146 1.000000 1.000000 1.000000
7292.341309 0.000000 674.495972 0.000000 0.463333 0.000000 -0.886184 0.000000 0.000000 0.000000
7291.279297 0.000000 646.529663 0.000000 0.971536 0.000000 0.236892 0.000000 0.000000 0.000000
7291.060547 0.000000 663.920410 0.000000 0.979812 0.000000 0.199922 1.000000 1.000000 1.000000
7354.133789 0.000000 592.308228 0.000000 0.982104 0.000000 -0.188340 0.000000 0.000000 0.000000
7297.469238 0.000000 619.391846 0.000000 0.747109 0.000000 -0.664701 0.000000 0.000000 0.000000
7309.883301 0.000000 613.339966 0.000000 0.355789 0.000000 0.934566 0.000000 0.000000 0.000000
7305.597656 0.000000 614.719177 0.000000 0.756335 0.000000 0.654184 0.000000 0.000000 0.000000
7305.889160 0.000000 620.108765 0.000000 0.984712 0.000000 -0.174189 0.000000 0.000000 0.000000
7311.660156 0.000000 616.009033 0.000000 0.281963 0.000000 -0.959425 0.000000 0.000000 0.000000
7302.827637 0.000000 620.842590 0.000000 0.870835 0.000000 0.491576 0.000000 0.000000 0.000000
7305.349609 0.000000 617.398804 0.000000 0.796778 0.000000 -0.604272 0.000000 0.000000 0.000000
7308.244629 0.000000 615.460388 0.000000 0.654777 0.000000 0.755822 0.000000 0.000000 0.000000
7310.452148 0.000000 620.438477 0.000000 0.863937 0.000000 0.503599 0.000000 0.000000 0.000000
7308.277832 0.000000 620.099976 0.000000 0.288282 0.000000 0.957545 1.000000 1.000000 1.000000
7307.119141 0.000000 618.462952 0.000000 0.458152 0.000000 0.888874 1.000000 1.000000 1.000000
7304.026367 0.000000 619.298157 0.000000 0.398538 0.000000 0.917152 1.000000 1.000000 1.000000
7306.837402 0.000000 616.451904 0.000000 0.356947 0.000000 -0.934124 1.000000 1.000000 1.000000
7395.530762 0.000000 615.432312 0.000000 0.487295 0.000000 -0.873238 0.000000 0.000000 0.000000
7370.048340 0.000000 610.344055 0.000000 0.768836 0.000000 0.639446 0.000000 0.000000 0.000000
7423.419434 0.000000 586.715820 0.000000 0.950057 0.000000 -0.312077 0.000000 0.000000 0.000000
7385.924805 0.000000 618.084229 0.000000 0.591699 0.000000 -0.806159 0.000000 0.000000 0.000000
7421.041992 0.000000 620.501892 0.000000 0.969508 0.000000 0.245058 0.000000 0.000000 0.000000
7391.273438 0.000000 619.720154 0.000000 0.738878 0.000000 0.673839 0.000000 0.000000 0.000000
7373.883301 0.000000 613.339966 0.000000 0.515028 0.000000 0.857174 0.000000 0.000000 0.000000
7422.612305 0.000000 616.484009 0.000000 0.073995 0.000000 0.997259 0.000000 0.000000 0.000000
7378.867188 0.000000 607.807678 0.000000 0.844448 0.000000 0.535637 0.000000 0.000000 0.000000
7388.116211 0.000000 620.259338 0.000000 0.832690 0.000000 0.553739 0.000000 0.000000 0.000000
7379.100098 0.000000 617.590698 0.000000 0.986111 0.000000 0.166090 0.000000 0.000000 0.000000
7383.931152 0.000000 616.561035 0.000000 0.735535 0.000000 -0.677487 0.000000 0.000000 0.000000
7412.503418 0.000000 619.261353 0.000000 0.986693 0.000000 -0.162595 0.000000 0.000000 0.000000
7375.784668 0.000000 606.666443 0.000000 0.675207 0.000000 0.737629 0.000000 0.000000 0.000000
7378.130371 0.000000 609.936951 0.000000 0.224116 0.000000 0.974562 0.000000 0.000000 0.000000
7383.825684 0.000000 618.764160 0.000000 0.742005 0.000000 -0.670395 1.000000 1.000000 1.000000
7414.375000 0.000000 596.393494 0.000000 0.199861 0.000000 -0.979824 0.000000 0.000000 0.000000
7387.270508 0.000000 616.590027 0.000000 0.579943 0.000000 -0.814657 1.000000 1.000000 1.000000
7389.530273 0.000000 619.017151 0.000000 0.395717 0.000000 -0.918372 1.000000 1.000000 1.000000
7377.633301 0.000000 613.672607 0.000000 0.041497 0.000000 0.999139 1.000000 1.000000 1.000000
7305.453613 0.000000 627.647522 0.000000 0.617145 0.000000 -0.786849 0.000000 0.000000 0.000000
7302.599121 0.000000 674.429077 0.000000 0.870986 0.000000 0.491308 0.000000 0.000000 0.000000
7329.639160 0.000000 651.365723 0.000000 0.969001 0.000000 -0.247058 0.000000 0.000000 0.000000
7303.693359 0.000000 653.160706 0.000000 0.655108 0.000000 -0.755535 0.000000 0.000000 0.000000
7299.716309 0.000000 662.434265 0.000000 0.732799 0.000000 -0.680445 0.000000 0.000000 0.000000
7340.186523 0.000000 669.036316 0.000000 0.920372 0.000000 -0.391044 0.000000 0.000000 0.000000
7343.844727 0.000000 628.438599 0.000000 0.370730 0.000000 0.928741 0.000000 0.000000 0.000000
7310.146973 0.000000 643.181580 0.000000 0.972479 0.000000 -0.232992 0.000000 0.000000 0.000000
7309.066406 0.000000 674.544312 0.000000 0.235997 0.000000 -0.971754 0.000000 0.000000 0.000000
7305.163574 0.000000 660.628906 0.000000 0.976803 0.000000 -0.214138 0.000000 0.000000 0.000000
7326.773926 0.000000 637.799805 0.000000 0.909648 0.000000 0.415380 0.000000 0.000000 0.000000
7305.437988 0.000000 622.145813 0.000000 0.317280 0.000000 0.948332 0.000000 0.000000 0.000000
7313.626465 0.000000 626.537598 0.000000 0.998709 0.000000 -0.050804 1.000000 1.000000 1.000000
7345.044434 0.000000 670.012085 0.000000 0.968393 0.000000 -0.249430 0.000000 0.000000 0.000000
7326.600098 0.000000 671.031738 0.000000 0.991536 0.000000 0.129835 0.000000 0.000000 0.000000
7300.957031 0.000000 667.495239 0.000000 0.804623 0.000000 0.593786 0.000000 0.000000 0.000000
7327.949707 0.000000 655.584106 0.000000 0.789188 0.000000 0.614152 0.000000 0.000000 0.000000
7301.348633 0.000000 629.769897 0.000000 0.999596 0.000000 -0.028426 0.000000 0.000000 0.000000
7329.638184 0.000000 668.096741 0.000000 0.848426 0.000000 0.529314 0.000000 0.000000 0.000000
7305.597656 0.000000 671.203552 0.000000 0.992789 0.000000 -0.119872 0.000000 0.000000 0.000000
7357.935547 0.000000 651.358154 0.000000 0.172166 0.000000 0.985068 0.000000 0.000000 0.000000
7358.018555 0.000000 647.223206 0.000000 0.928081 0.000000 -0.372378 0.000000 0.000000 0.000000
7296.390625 0.000000 664.878235 0.000000 0.505750 0.000000 0.862680 0.000000 0.000000 0.000000
7297.602051 0.000000 651.701416 0.000000 0.397671 0.000000 -0.917528 0.000000 0.000000 0.000000
7306.276367 0.000000 641.935547 0.000000 0.997884 0.000000 0.065020 0.000000 0.000000 0.000000
7296.110840 0.000000 631.692627 0.000000 0.427879 0.000000 -0.903836 0.000000 0.000000 0.000000
7296.522461 0.000000 637.030151 0.000000 0.516240 0.000000 0.856444 0.000000 0.000000 0.000000
7349.811523 0.000000 662.627197 0.000000 0.495378 0.000000 -0.868678 0.000000 0.000000 0.000000
7332.219727 0.000000 661.485596 0.000000 0.920372 0.000000 0.391045 0.000000 0.000000 0.000000
7342.444824 0.000000 672.690369 0.000000 0.677141 0.000000 -0.735854 0.000000 0.000000 0.000000
7357.449707 0.000000 630.814270 0.000000 0.968515 0.000000 0.248956 0.000000 0.000000 0.000000
7305.889160 0.000000 676.593140 0.000000 0.912860 0.000000 -0.408273 0.000000 0.000000 0.000000
7344.763672 0.000000 661.134583 0.000000 0.280728 0.000000 -0.959787 1.000000 1.000000 1.000000
7313.983398 0.000000 642.696350 0.000000 0.978686 0.000000 0.205363 1.000000 1.000000 1.000000
7326.089844 0.000000 650.263428 0.000000 0.248357 0.000000 0.968669 0.000000 0.000000 0.000000
7325.587891 0.000000 640.995911 0.000000 0.975530 0.000000 0.219865 0.000000 0.000000 0.000000
7307.269531 0.000000 630.658203 0.000000 0.856193 0.000000 0.516656 0.000000 0.000000 0.000000
7335.131348 0.000000 656.307251 0.000000 0.736934 0.000000 0.675964 0.000000 0.000000 0.000000
7296.205078 0.000000 643.746826 0.000000 0.128133 0.000000 -0.991757 0.000000 0.000000 0.000000
7325.536621 0.000000 661.341248 0.000000 0.989999 0.000000 0.141076 0.000000 0.000000 0.000000
7313.653320 0.000000 629.797546 0.000000 0.661720 0.000000 -0.749751 0.000000 0.000000 0.000000
7340.084473 0.000000 652.071899 0.000000 0.664375 0.000000 0.747400 0.000000 0.000000 0.000000
7311.660156 0.000000 672.493408 0.000000 0.840581 0.000000 0.541685 0.000000 0.000000 0.000000
7308.424805 0.000000 639.747864 0.000000 0.743105 0.000000 0.669175 0.000000 0.000000 0.000000
7326.662598 0.000000 667.518555 0.000000 0.459942 0.000000 -0.887949 0.000000 0.000000 0.000000
7334.737793 0.000000 659.806030 0.000000 0.707225 0.000000 -0.706988 0.000000 0.000000 0.000000
7302.656738 0.000000 670.145874 0.000000 0.884266 0.000000 0.466983 1.000000 1.000000 1.000000
7302.113770 0.000000 660.286621 0.000000 0.071824 0.000000 0.997417 0.000000 0.000000 0.000000
7308.406250 0.000000 622.276428 0.000000 0.990142 0.000000 -0.140067 0.000000 0.000000 0.000000
7304.260254 0.000000 630.333801 0.000000 0.793146 0.000000 -0.609032 0.000000 0.000000 0.000000
7326.841309 0.000000 652.960266 0.000000 0.707972 0.000000 0.706241 0.000000 0.000000 0.000000
7323.116211 0.000000 639.803345 0.000000 0.372571 0.000000 0.928004 0.000000 0.000000 0.000000
7305.349609 0.000000 673.883179 0.000000 0.990692 0.000000 0.136120 0.000000 0.000000 0.000000
7355.206543 0.000000 651.308899 0.000000 0.853539 0.000000 -0.521028 0.000000 0.000000 0.000000
7308.244629 0.000000 671.944763 0.000000 0.992366 0.000000 -0.123329 0.000000 0.000000 0.000000
7298.759766 0.000000 630.442749 0.000000 0.932891 0.000000 -0.360158 1.000000 1.000000 1.000000
7303.173340 0.000000 650.534851 0.000000 0.521868 0.000000 0.853027 0.000000 0.000000 0.000000
7355.279297 0.000000 646.529663 0.000000 0.876309 0.000000 -0.481749 0.000000 0.000000 0.000000
7303.626953 0.000000 667.678345 0.000000 0.951115 0.000000 -0.308838 0.000000 0.000000 0.000000
7347.473145 0.000000 661.705994 0.000000 0.463530 0.000000 0.886081 0.000000 0.000000 0.000000
7302.927734 0.000000 627.675537 0.000000 0.197246 0.000000 0.980354 0.000000 0.000000 0.000000
7330.441895 0.000000 655.291443 0.000000 0.522964 0.000000 0.852354 1.000000 1.000000 1.000000
7334.985352 0.000000 653.192566 0.000000 0.887733 0.000000 -0.460359 1.000000 1.000000 1.000000
7356.546387 0.000000 649.267822 0.000000 0.524870 0.000000 0.851182 1.000000 1.000000 1.000000
7342.583984 0.000000 670.108704 0.000000 0.914143 0.000000 0.405393 1.000000 1.000000 1.000000
7303.852051 0.000000 658.505615 0.000000 0.999937 0.000000 -0.011194 0.000000 0.000000 0.000000
7326.667969 0.000000 657.709473 0.000000 0.162671 0.000000 -0.986680 1.000000 1.000000 1.000000
7340.263184 0.000000 671.503235 0.000000 0.957358 0.000000 0.288905 0.000000 0.000000 0.000000
7340.424316 0.000000 673.874146 0.000000 0.556021 0.000000 -0.831168 0.000000 0.000000 0.000000
7306.112305 0.000000 639.482056 0.000000 0.982173 0.000000 0.187981 0.000000 0.000000 0.000000
7296.010254 0.000000 650.014404 0.000000 0.190370 0.000000 0.981712 0.000000 0.000000 0.000000
7303.561523 0.000000 672.302002 0.000000 0.533933 0.000000 -0.845527 0.000000 0.000000 0.000000
7297.729980 0.000000 653.920410 0.000000 0.041395 0.000000 0.999143 1.000000 1.000000 1.000000
7319.825684 0.000000 675.248535 0.000000 0.541008 0.000000 0.841018 0.000000 0.000000 0.000000
7329.051758 0.000000 653.519592 0.000000 0.720081 0.000000 0.693889 0.000000 0.000000 0.000000
7304.383301 0.000000 643.191895 0.000000 0.663077 0.000000 -0.748551 0.000000 0.000000 0.000000
7329.958496 0.000000 661.557068 0.000000 0.985721 0.000000 -0.168388 1.000000 1.000000 1.000000
7312.326660 0.000000 643.995056 0.000000 0.818182 0.000000 0.574960 1.000000 1.000000 1.000000
7301.852539 0.000000 644.173706 0.000000 0.350473 0.000000 -0.936573 0.000000 0.000000 0.000000
7311.977051 0.000000 670.395203 0.000000 0.382024 0.000000 -0.924152 0.000000 0.000000 0.000000
7300.386230 0.000000 631.745117 0.000000 0.967521 0.000000 -0.252791 1.000000 1.000000 1.000000
7296.668457 0.000000 639.098572 0.000000 0.961582 0.000000 -0.274519 0.000000 0.000000 0.000000
7327.859863 0.000000 669.161621 0.000000 0.997455 0.000000 -0.071299 0.000000 0.000000 0.000000
7325.062500 0.000000 639.004395 0.000000 0.751529 0.000000 0.659700 1.000000 1.000000 1.000000
7305.185059 0.000000 664.863342 0.000000 0.123737 0.000000 0.992315 1.000000 1.000000 1.000000
7298.093750 0.000000 632.394531 0.000000 0.212702 0.000000 0.977117 0.000000 0.000000 0.000000
7304.026367 0.000000 675.782532 0.000000 0.993292 0.000000 -0.115630 1.000000 1.000000 1.000000
7326.427246 0.000000 659.615295 0.000000 0.101436 0.000000 0.994842 1.000000 1.000000 1.000000
7300.837402 0.000000 669.567871 0.000000 0.651577 0.000000 0.758582 0.000000 0.000000 0.000000
7307.020996 0.000000 632.570374 0.000000 0.112227 0.000000 0.993683 0.000000 0.000000 0.000000
7327.909668 0.000000 636.295593 0.000000 0.109338 0.000000 0.994005 0.000000 0.000000 0.000000
7332.653320 0.000000 659.593018 0.000000 0.926985 0.000000 -0.375098 1.000000 1.000000 1.000000
7325.993164 0.000000 636.126038 0.000000 0.986826 0.000000 -0.161785 0.000000 0.000000 0.000000
7319.245605 0.000000 676.988647 0.000000 0.473597 0.000000 0.880741 1.000000 1.000000 1.000000
7345.177734 0.000000 662.941345 0.000000 0.970592 0.000000 0.240732 1.000000 1.000000 1.000000
7302.483887 0.000000 640.260559 0.000000 0.488925 0.000000 -0.872326 0.000000 0.000000 0.000000
7336.804199 0.000000 655.452454 0.000000 0.962016 0.000000 0.272993 1.000000 1.000000 1.000000
7303.854492 0.000000 632.076172 0.000000 0.529916 0.000000 -0.848050 0.000000 0.000000 0.000000
7334.209961 0.000000 654.828003 0.000000 0.150640 0.000000 -0.988589 1.000000 1.000000 1.000000
7303.353027 0.000000 634.029419 0.000000 0.989191 0.000000 -0.146634 1.000000 1.000000 1.000000
7397.084961 0.000000 636.125732 0.000000 0.518372 0.000000 0.855155 0.000000 0.000000 0.000000
7391.273438 0.000000 676.204529 0.000000 0.018459 0.000000 0.999830 0.000000 0.000000 0.000000
7407.365234 0.000000 652.131775 0.000000 0.129443 0.000000 -0.991587 0.000000 0.000000 0.000000
7397.443359 0.000000 641.130127 0.000000 0.073980 0.000000 0.997260 0.000000 0.000000 0.000000
7396.590332 0.000000 631.334778 0.000000 0.582717 0.000000 0.812675 0.000000 0.000000 0.000000
7378.853027 0.000000 657.935547 0.000000 0.899570 0.000000 0.436776 0.000000 0.000000 0.000000
7376.913574 0.000000 653.898193 0.000000 0.961701 0.000000 0.274101 0.000000 0.000000 0.000000
7402.064453 0.000000 672.651917 0.000000 0.677032 0.000000 -0.735954 0.000000 0.000000 0.000000
7371.937012 0.000000 654.097534 0.000000 0.682000 0.000000 0.731352 0.000000 0.000000 0.000000
7373.646484 0.000000 662.074341 0.000000 0.929129 0.000000 0.369755 0.000000 0.000000 0.000000
7422.612305 0.000000 672.968384 0.000000 0.407404 0.000000 0.913248 0.000000 0.000000 0.000000
7419.875488 0.000000 635.534363 0.000000 0.918174 0.000000 0.396178 0.000000 0.000000 0.000000
7377.216309 0.000000 661.209412 0.000000 0.514398 0.000000 -0.857551 0.000000 0.000000 0.000000
7416.579102 0.000000 670.490540 0.000000 0.635618 0.000000 0.772004 0.000000 0.000000 0.000000
7362.492188 0.000000 624.917725 0.000000 0.872713 0.000000 -0.488234 0.000000 0.000000 0.000000
7388.116211 0.000000 676.743713 0.000000 0.396057 0.000000 -0.918226 0.000000 0.000000 0.000000
7422.830566 0.000000 668.563232 0.000000 0.886275 0.000000 -0.463159 0.000000 0.000000 0.000000
7402.622559 0.000000 675.353210 0.000000 0.999331 0.000000 -0.036580 0.000000 0.000000 0.000000
7398.386719 0.000000 643.676208 0.000000 0.747573 0.000000 -0.664179 0.000000 0.000000 0.000000
7374.569336 0.000000 655.096863 0.000000 0.463041 0.000000 0.886337 0.000000 0.000000 0.000000
7407.961914 0.000000 676.588013 0.000000 0.998468 0.000000 -0.055341 0.000000 0.000000 0.000000
7379.150879 0.000000 655.089661 0.000000 0.986940 0.000000 0.161089 0.000000 0.000000 0.000000
7376.687988 0.000000 656.513306 0.000000 0.999979 0.000000 0.006519 1.000000 1.000000 1.000000
7373.917480 0.000000 652.774353 0.000000 0.635983 0.000000 -0.771703 0.000000 0.000000 0.000000
7376.405273 0.000000 658.883240 0.000000 0.869529 0.000000 0.493883 0.000000 0.000000 0.000000
7388.442383 0.000000 621.345520 0.000000 0.759823 0.000000 0.650130 0.000000 0.000000 0.000000
7419.060547 0.000000 663.920410 0.000000 0.723492 0.000000 0.690333 0.000000 0.000000 0.000000
7423.211914 0.000000 632.159912 0.000000 0.994666 0.000000 0.103152 0.000000 0.000000 0.000000
7406.877930 0.000000 674.751587 0.000000 0.689251 0.000000 0.724523 0.000000 0.000000 0.000000
7403.937012 0.000000 677.755676 0.000000 0.368403 0.000000 -0.929666 0.000000 0.000000 0.000000
7419.325195 0.000000 633.443420 0.000000 0.307747 0.000000 -0.951468 0.000000 0.000000 0.000000
7427.589355 0.000000 464.257233 0.000000 0.270548 0.000000 -0.962706 0.000000 0.000000 0.000000
7424.315430 0.000000 478.300568 0.000000 0.930320 0.000000 -0.366748 0.000000 0.000000 0.000000
7426.164551 0.000000 471.246552 0.000000 0.725970 0.000000 -0.687727 0.000000 0.000000 0.000000
7433.095215 0.000000 463.862427 0.000000 0.989396 0.000000 -0.145243 0.000000 0.000000 0.000000
7429.963867 0.000000 472.574005 0.000000 0.358405 0.000000 -0.933566 0.000000 0.000000 0.000000
7428.061523 0.000000 468.084595 0.000000 0.991957 0.000000 0.126572 0.000000 0.000000 0.000000
7428.679688 0.000000 466.111328 0.000000 0.748533 0.000000 -0.663097 1.000000 1.000000 1.000000
7432.084473 0.000000 467.509949 0.000000 0.939516 0.000000 0.342505 1.000000 1.000000 1.000000
7451.221680 0.000000 610.872314 0.000000 0.995040 0.000000 -0.099472 0.000000 0.000000 0.000000
7424.315430 0.000000 591.269348 0.000000 0.863455 0.000000 -0.504426 0.000000 0.000000 0.000000
7433.163574 0.000000 604.144531 0.000000 0.890621 0.000000 0.454747 0.000000 0.000000 0.000000
7463.675293 0.000000 619.617615 0.000000 0.591475 0.000000 -0.806324 0.000000 0.000000 0.000000
7454.600098 0.000000 614.547363 0.000000 0.986670 0.000000 0.162736 0.000000 0.000000 0.000000
7437.883301 0.000000 613.339966 0.000000 0.091996 0.000000 0.995759 0.000000 0.000000 0.000000
7433.424316 0.000000 592.717529 0.000000 0.805900 0.000000 -0.592052 0.000000 0.000000 0.000000
7433.597656 0.000000 614.719177 0.000000 0.884882 0.000000 0.465815 0.000000 0.000000 0.000000
7435.937012 0.000000 597.613159 0.000000 0.998976 0.000000 -0.045248 0.000000 0.000000 0.000000
7427.856934 0.000000 614.915710 0.000000 0.313701 0.000000 -0.949522 0.000000 0.000000 0.000000
7424.226074 0.000000 616.160767 0.000000 0.474491 0.000000 0.880261 0.000000 0.000000 0.000000
7438.569336 0.000000 598.612488 0.000000 0.870688 0.000000 -0.491835 0.000000 0.000000 0.000000
7446.697754 0.000000 611.362366 0.000000 0.980598 0.000000 -0.196031 0.000000 0.000000 0.000000
7431.626953 0.000000 611.193970 0.000000 0.996321 0.000000 0.085695 0.000000 0.000000 0.000000
7431.324707 0.000000 591.453796 0.000000 0.389680 0.000000 -0.920950 0.000000 0.000000 0.000000
7437.917480 0.000000 596.289978 0.000000 0.922719 0.000000 0.385474 0.000000 0.000000 0.000000
7447.550293 0.000000 606.632690 0.000000 0.527934 0.000000 -0.849285 0.000000 0.000000 0.000000
7436.076660 0.000000 600.154236 0.000000 0.884108 0.000000 -0.467283 0.000000 0.000000 0.000000
7433.114258 0.000000 594.957520 0.000000 0.451726 0.000000 0.892157 0.000000 0.000000 0.000000
7449.195312 0.000000 610.419556 0.000000 0.706228 0.000000 -0.707985 0.000000 0.000000 0.000000
7465.206543 0.000000 629.871765 0.000000 0.052273 0.000000 -0.998633 0.000000 0.000000 0.000000
7454.802246 0.000000 621.389282 0.000000 0.037170 0.000000 -0.999309 0.000000 0.000000 0.000000
7475.915527 0.000000 633.369446 0.000000 0.983410 0.000000 -0.181397 0.000000 0.000000 0.000000
7457.639160 0.000000 651.365723 0.000000 0.059966 0.000000 0.998200 0.000000 0.000000 0.000000
7445.035156 0.000000 662.045227 0.000000 0.976752 0.000000 -0.214373 0.000000 0.000000 0.000000
7481.729980 0.000000 662.117615 0.000000 0.543444 0.000000 -0.839445 0.000000 0.000000 0.000000
7471.844727 0.000000 628.438599 0.000000 0.989828 0.000000 0.142269 0.000000 0.000000 0.000000
7438.146973 0.000000 643.181580 0.000000 0.841559 0.000000 0.540165 0.000000 0.000000 0.000000
7433.163574 0.000000 660.628906 0.000000 0.895972 0.000000 -0.444110 0.000000 0.000000 0.000000
7454.773926 0.000000 637.799805 0.000000 0.361176 0.000000 0.932498 0.000000 0.000000 0.000000
7481.614258 0.000000 673.709290 0.000000 0.755233 0.000000 0.655457 0.000000 0.000000 0.000000
7474.569336 0.000000 677.301941 0.000000 0.574968 0.000000 -0.818176 0.000000 0.000000 0.000000
7437.883301 0.000000 669.824341 0.000000 0.575833 0.000000 -0.817568 0.000000 0.000000 0.000000
7466.133789 0.000000 625.465454 0.000000 0.889009 0.000000 0.457890 0.000000 0.000000 0.000000
7440.913574 0.000000 653.898193 0.000000 0.118085 0.000000 0.993003 0.000000 0.000000 0.000000
7461.993652 0.000000 650.891479 0.000000 0.231321 0.000000 -0.972877 0.000000 0.000000 0.000000
7435.937012 0.000000 654.097534 0.000000 0.445152 0.000000 -0.895455 0.000000 0.000000 0.000000
7462.192871 0.000000 627.035034 0.000000 0.733620 0.000000 0.679559 0.000000 0.000000 0.000000
7460.219727 0.000000 661.485596 0.000000 0.676426 0.000000 -0.736511 0.000000 0.000000 0.000000
7465.896973 0.000000 621.356506 0.000000 0.986089 0.000000 -0.166215 0.000000 0.000000 0.000000
7458.139648 0.000000 623.054443 0.000000 0.523655 0.000000 0.851931 0.000000 0.000000 0.000000
7468.817383 0.000000 630.854126 0.000000 0.573898 0.000000 0.818927 0.000000 0.000000 0.000000
7441.216309 0.000000 661.209412 0.000000 0.068802 0.000000 -0.997630 0.000000 0.000000 0.000000
7460.176270 0.000000 665.347717 0.000000 0.822978 0.000000 -0.568074 0.000000 0.000000 0.000000
7460.675781 0.000000 654.170166 0.000000 0.940191 0.000000 0.340649 1.000000 1.000000 1.000000
7453.565918 0.000000 664.626892 0.000000 0.494895 0.000000 0.868953 1.000000 1.000000 1.000000
7469.457031 0.000000 625.541687 0.000000 0.697989 0.000000 0.716109 0.000000 0.000000 0.000000
7480.579102 0.000000 670.490540 0.000000 0.795008 0.000000 -0.606599 0.000000 0.000000 0.000000
7455.085938 0.000000 628.956970 0.000000 0.552815 0.000000 -0.833304 0.000000 0.000000 0.000000
7479.033203 0.000000 659.776062 0.000000 0.324259 0.000000 -0.945968 0.000000 0.000000 0.000000
7454.662598 0.000000 667.518555 0.000000 0.917634 0.000000 0.397428 1.000000 1.000000 1.000000
7437.152832 0.000000 666.559204 0.000000 0.676249 0.000000 -0.736673 1.000000 1.000000 1.000000
7454.841309 0.000000 652.960266 0.000000 0.167806 0.000000 -0.985820 0.000000 0.000000 0.000000
7427.167969 0.000000 665.280823 0.000000 0.890347 0.000000 -0.455282 0.000000 0.000000 0.000000
7445.175293 0.000000 656.546143 0.000000 0.985859 0.000000 -0.167578 0.000000 0.000000 0.000000
7450.516602 0.000000 660.107056 0.000000 0.424795 0.000000 -0.905290 0.000000 0.000000 0.000000
7435.346680 0.000000 669.292175 0.000000 0.847783 0.000000 -0.530344 0.000000 0.000000 0.000000
7457.210938 0.000000 670.770935 0.000000 0.849342 0.000000 -0.527842 0.000000 0.000000 0.000000
7463.590820 0.000000 624.943298 0.000000 0.232854 0.000000 0.972512 0.000000 0.000000 0.000000
7458.441895 0.000000 655.291443 0.000000 0.981330 0.000000 -0.192334 0.000000 0.000000 0.000000
7424.956543 0.000000 662.447998 0.000000 0.997269 0.000000 -0.073853 0.000000 0.000000 0.000000
7452.691406 0.000000 669.420410 0.000000 0.091512 0.000000 -0.995804 0.000000 0.000000 0.000000
7437.917480 0.000000 652.774353 0.000000 0.198667 0.000000 -0.980067 0.000000 0.000000 0.000000
7483.596680 0.000000 637.854553 0.000000 0.763456 0.000000 0.645860 0.000000 0.000000 0.000000
7479.341309 0.000000 672.620117 0.000000 0.640260 0.000000 0.768159 0.000000 0.000000 0.000000
7437.897461 0.000000 664.436096 0.000000 0.220104 0.000000 -0.975476 1.000000 1.000000 1.000000
7459.097656 0.000000 663.428162 0.000000 0.023161 0.000000 0.999732 1.000000 1.000000 1.000000
7438.936035 0.000000 667.900024 0.000000 0.338213 0.000000 0.941069 0.000000 0.000000 0.000000
7483.060547 0.000000 663.920410 0.000000 0.587019 0.000000 -0.809573 0.000000 0.000000 0.000000
7478.447266 0.000000 670.537598 0.000000 0.246215 0.000000 0.969215 0.000000 0.000000 0.000000
7431.299805 0.000000 662.066284 0.000000 0.999907 0.000000 0.013642 0.000000 0.000000 0.000000
7455.859863 0.000000 669.161621 0.000000 0.578983 0.000000 0.815339 1.000000 1.000000 1.000000
7435.577637 0.000000 665.349243 0.000000 0.815915 0.000000 -0.578172 1.000000 1.000000 1.000000
7433.185059 0.000000 664.863342 0.000000 0.253613 0.000000 0.967306 1.000000 1.000000 1.000000
7461.990723 0.000000 657.965454 0.000000 0.684215 0.000000 0.729281 1.000000 1.000000 1.000000
7452.530762 0.000000 663.003113 0.000000 0.807263 0.000000 0.590191 1.000000 1.000000 1.000000
7454.427246 0.000000 659.615295 0.000000 0.960901 0.000000 -0.276893 0.000000 0.000000 0.000000
7461.000000 0.000000 656.009644 0.000000 0.131450 0.000000 0.991323 1.000000 1.000000 1.000000
7452.971191 0.000000 666.640808 0.000000 0.977787 0.000000 0.209603 1.000000 1.000000 1.000000
7460.653320 0.000000 659.593018 0.000000 0.353802 0.000000 0.935320 1.000000 1.000000 1.000000
7433.040527 0.000000 662.852722 0.000000 0.417572 0.000000 -0.908644 1.000000 1.000000 1.000000
7456.870605 0.000000 628.573669 0.000000 0.325623 0.000000 0.945500 1.000000 1.000000 1.000000
7454.384766 0.000000 662.922791 0.000000 0.628995 0.000000 -0.777409 1.000000 1.000000 1.000000
7449.175293 0.000000 663.697632 0.000000 0.634547 0.000000 -0.772884 1.000000 1.000000 1.000000
7455.343262 0.000000 664.464905 0.000000 0.999941 0.000000 -0.010881 1.000000 1.000000 1.000000
7456.125000 0.000000 630.470154 0.000000 0.795490 0.000000 0.605967 1.000000 1.000000 1.000000
7436.416504 0.000000 663.246094 0.000000 0.999092 0.000000 -0.042605 1.000000 1.000000 1.000000
7451.980957 0.000000 665.269836 0.000000 0.914902 0.000000 -0.403675 1.000000 1.000000 1.000000
7454.604492 0.000000 654.608276 0.000000 0.590720 0.000000 -0.806876 1.000000 1.000000 1.000000
7441.633301 0.000000 670.156982 0.000000 0.125667 0.000000 0.992073 1.000000 1.000000 1.000000
7491.834473 0.000000 621.330627 0.000000 0.698247 0.000000 0.715856 0.000000 0.000000 0.000000
7491.589355 0.000000 633.710388 0.000000 0.999960 0.000000 -0.008899 0.000000 0.000000 0.000000
7509.428223 0.000000 653.675781 0.000000 0.820507 0.000000 0.571636 0.000000 0.000000 0.000000
7509.035156 0.000000 662.045227 0.000000 0.920278 0.000000 -0.391265 0.000000 0.000000 0.000000
7502.146973 0.000000 643.181580 0.000000 0.721286 0.000000 0.692638 0.000000 0.000000 0.000000
7189.428223 0.000000 710.160156 0.000000 0.631977 0.000000 -0.774987 0.000000 0.000000 0.000000
7201.639160 0.000000 707.850098 0.000000 0.437007 0.000000 0.899458 0.000000 0.000000 0.000000
7184.020996 0.000000 722.040771 0.000000 0.842274 0.000000 0.539050 0.000000 0.000000 0.000000
7199.273438 0.000000 732.688904 0.000000 0.684102 0.000000 0.729386 0.000000 0.000000 0.000000
7191.427734 0.000000 726.807861 0.000000 0.928946 0.000000 0.370215 0.000000 0.000000 0.000000
7199.949707 0.000000 712.068481 0.000000 0.986608 0.000000 0.163107 0.000000 0.000000 0.000000
7190.690430 0.000000 705.829407 0.000000 0.108740 0.000000 -0.994070 0.000000 0.000000 0.000000
7184.913574 0.000000 710.382568 0.000000 0.987775 0.000000 -0.155887 0.000000 0.000000 0.000000
7210.064453 0.000000 729.136292 0.000000 0.257764 0.000000 -0.966208 0.000000 0.000000 0.000000
7185.114746 0.000000 732.372375 0.000000 0.959705 0.000000 -0.281009 1.000000 1.000000 1.000000
7185.116211 0.000000 725.059998 0.000000 0.713157 0.000000 -0.701005 0.000000 0.000000 0.000000
7196.116211 0.000000 733.228088 0.000000 0.391542 0.000000 -0.920160 1.000000 1.000000 1.000000
7190.697754 0.000000 724.331116 0.000000 0.983859 0.000000 0.178943 0.000000 0.000000 0.000000
7182.452148 0.000000 733.407227 0.000000 0.071894 0.000000 0.997412 0.000000 0.000000 0.000000
7191.825684 0.000000 731.732910 0.000000 0.265636 0.000000 -0.964074 0.000000 0.000000 0.000000
7195.848633 0.000000 731.471680 0.000000 0.708327 0.000000 -0.705884 1.000000 1.000000 1.000000
7190.371582 0.000000 730.638489 0.000000 0.046236 0.000000 0.998931 0.000000 0.000000 0.000000
7273.423340 0.000000 710.234741 0.000000 0.843734 0.000000 -0.536761 0.000000 0.000000 0.000000
7284.885254 0.000000 729.563599 0.000000 0.312414 0.000000 0.949946 0.000000 0.000000 0.000000
7253.035156 0.000000 718.529602 0.000000 0.999992 0.000000 0.003997 0.000000 0.000000 0.000000
7232.315430 0.000000 704.238098 0.000000 0.941720 0.000000 -0.336397 0.000000 0.000000 0.000000
7293.041992 0.000000 733.470642 0.000000 0.267312 0.000000 0.963610 0.000000 0.000000 0.000000
7248.020996 0.000000 722.040771 0.000000 0.570997 0.000000 0.820952 0.000000 0.000000 0.000000
7289.614258 0.000000 730.193665 0.000000 0.694578 0.000000 -0.719418 1.000000 1.000000 1.000000
7290.875000 0.000000 677.966980 0.000000 0.850850 0.000000 0.525409 1.000000 1.000000 1.000000
7250.867188 0.000000 720.776428 0.000000 0.977591 0.000000 0.210514 0.000000 0.000000 0.000000
7290.107422 0.000000 733.012878 0.000000 0.128289 0.000000 -0.991737 1.000000 1.000000 1.000000
7253.389160 0.000000 721.038391 0.000000 0.120690 0.000000 -0.992690 0.000000 0.000000 0.000000
7287.341309 0.000000 729.104492 0.000000 0.817705 0.000000 -0.575637 0.000000 0.000000 0.000000
7288.590820 0.000000 731.723206 0.000000 0.937519 0.000000 -0.347933 1.000000 1.000000 1.000000
7209.206543 0.000000 742.840515 0.000000 0.262403 0.000000 -0.964958 0.000000 0.000000 0.000000
7187.921875 0.000000 758.622314 0.000000 0.774121 0.000000 0.633038 0.000000 0.000000 0.000000
7202.074219 0.000000 739.816650 0.000000 0.488519 0.000000 0.872553 0.000000 0.000000 0.000000
7188.194824 0.000000 780.209717 0.000000 0.965349 0.000000 -0.260962 0.000000 0.000000 0.000000
7198.227539 0.000000 738.854248 0.000000 0.138388 0.000000 0.990378 0.000000 0.000000 0.000000
7168.522461 0.000000 749.998901 0.000000 0.996551 0.000000 -0.082982 0.000000 0.000000 0.000000
7186.974121 0.000000 735.699768 0.000000 0.738502 0.000000 -0.674251 0.000000 0.000000 0.000000
7202.139648 0.000000 736.023193 0.000000 0.806237 0.000000 -0.591593 0.000000 0.000000 0.000000
7212.817383 0.000000 743.822876 0.000000 0.823934 0.000000 0.566685 0.000000 0.000000 0.000000
7173.963867 0.000000 754.995850 0.000000 0.443056 0.000000 0.896494 0.000000 0.000000 0.000000
7172.061523 0.000000 750.506470 0.000000 0.752768 0.000000 0.658286 0.000000 0.000000 0.000000
7168.974121 0.000000 747.004639 0.000000 0.959598 0.000000 -0.281373 0.000000 0.000000 0.000000
7197.269531 0.000000 736.456238 0.000000 0.826150 0.000000 -0.563450 1.000000 1.000000 1.000000
7199.881836 0.000000 736.946350 0.000000 0.729915 0.000000 -0.683538 0.000000 0.000000 0.000000
7172.637695 0.000000 752.869690 0.000000 0.352429 0.000000 -0.935838 1.000000 1.000000 1.000000
7193.025879 0.000000 734.544800 0.000000 0.128557 0.000000 0.991702 0.000000 0.000000 0.000000
7170.523438 0.000000 748.711731 0.000000 0.999781 0.000000 0.020921 1.000000 1.000000 1.000000
7188.737793 0.000000 734.299866 0.000000 0.869714 0.000000 -0.493557 0.000000 0.000000 0.000000
7196.442383 0.000000 734.314270 0.000000 0.889861 0.000000 0.456232 1.000000 1.000000 1.000000
7171.661133 0.000000 755.370422 0.000000 0.992487 0.000000 -0.122350 0.000000 0.000000 0.000000
7199.953125 0.000000 739.972046 0.000000 0.591724 0.000000 -0.806140 0.000000 0.000000 0.000000
7185.373535 0.000000 734.403381 0.000000 0.059254 0.000000 0.998243 1.000000 1.000000 1.000000
7170.200195 0.000000 750.916138 0.000000 0.677352 0.000000 -0.735659 0.000000 0.000000 0.000000
7286.803711 0.000000 736.363037 0.000000 0.463218 0.000000 0.886244 0.000000 0.000000 0.000000
7264.909180 0.000000 776.540161 0.000000 0.420528 0.000000 0.907280 0.000000 0.000000 0.000000
7286.117188 0.000000 741.318298 0.000000 0.175883 0.000000 0.984411 0.000000 0.000000 0.000000
7265.638184 0.000000 781.065491 0.000000 0.726706 0.000000 0.686948 0.000000 0.000000 0.000000
7290.875000 0.000000 734.451355 0.000000 0.970800 0.000000 0.239891 0.000000 0.000000 0.000000
7289.786621 0.000000 738.821716 0.000000 0.792185 0.000000 -0.610281 0.000000 0.000000 0.000000
7268.219727 0.000000 774.454346 0.000000 0.302373 0.000000 0.953190 0.000000 0.000000 0.000000
7280.446289 0.000000 745.127686 0.000000 0.365020 0.000000 0.931000 0.000000 0.000000 0.000000
7270.737793 0.000000 772.774780 0.000000 0.557489 0.000000 -0.830184 0.000000 0.000000 0.000000
7267.097656 0.000000 776.396912 0.000000 0.723235 0.000000 0.690602 0.000000 0.000000 0.000000
7278.326660 0.000000 745.414978 0.000000 0.883179 0.000000 0.469037 0.000000 0.000000 0.000000
7316.950195 0.000000 686.981689 0.000000 0.643702 0.000000 0.765276 0.000000 0.000000 0.000000
7314.736816 0.000000 727.933533 0.000000 0.902237 0.000000 -0.431241 0.000000 0.000000 0.000000
7311.347656 0.000000 678.096558 0.000000 0.513382 0.000000 0.858160 0.000000 0.000000 0.000000
7327.430176 0.000000 688.584473 0.000000 0.241545 0.000000 0.970390 0.000000 0.000000 0.000000
7317.035156 0.000000 718.529602 0.000000 0.188745 0.000000 -0.982026 0.000000 0.000000 0.000000
7321.924805 0.000000 731.052979 0.000000 0.072827 0.000000 0.997345 0.000000 0.000000 0.000000
7309.066406 0.000000 731.028687 0.000000 0.859149 0.000000 -0.511725 0.000000 0.000000 0.000000
7326.773926 0.000000 694.284180 0.000000 0.075897 0.000000 0.997116 0.000000 0.000000 0.000000
7305.437988 0.000000 678.630188 0.000000 0.000995 0.000000 -1.000000 0.000000 0.000000 0.000000
7313.626465 0.000000 683.021973 0.000000 0.994950 0.000000 0.100371 0.000000 0.000000 0.000000
7321.550293 0.000000 689.413940 0.000000 0.850405 0.000000 0.526128 0.000000 0.000000 0.000000
7319.427734 0.000000 726.807861 0.000000 0.237827 0.000000 -0.971307 0.000000 0.000000 0.000000
7309.883301 0.000000 726.308716 0.000000 0.682384 0.000000 -0.730994 0.000000 0.000000 0.000000
7314.853027 0.000000 714.419922 0.000000 0.983989 0.000000 -0.178227 0.000000 0.000000 0.000000
7319.538086 0.000000 714.099304 0.000000 0.943938 0.000000 0.330123 0.000000 0.000000 0.000000
7317.636230 0.000000 732.314758 0.000000 0.998436 0.000000 0.055912 0.000000 0.000000 0.000000
7309.333984 0.000000 682.141846 0.000000 0.582896 0.000000 -0.812547 0.000000 0.000000 0.000000
7305.597656 0.000000 727.687927 0.000000 0.335175 0.000000 0.942156 0.000000 0.000000 0.000000
7307.937012 0.000000 710.581909 0.000000 0.612382 0.000000 -0.790562 0.000000 0.000000 0.000000
7322.844238 0.000000 679.529968 0.000000 0.293135 0.000000 -0.956071 0.000000 0.000000 0.000000
7318.003418 0.000000 691.514893 0.000000 0.895762 0.000000 0.444534 0.000000 0.000000 0.000000
7319.759277 0.000000 721.938293 0.000000 0.053659 0.000000 0.998559 0.000000 0.000000 0.000000
7303.290527 0.000000 720.657593 0.000000 0.930202 0.000000 -0.367048 0.000000 0.000000 0.000000
7313.216309 0.000000 717.693787 0.000000 0.782198 0.000000 -0.623030 0.000000 0.000000 0.000000
7305.808105 0.000000 713.518066 0.000000 0.999623 0.000000 0.027455 0.000000 0.000000 0.000000
7306.749023 0.000000 720.005371 0.000000 0.775663 0.000000 -0.631147 1.000000 1.000000 1.000000
7325.536621 0.000000 717.825623 0.000000 0.647241 0.000000 0.762285 0.000000 0.000000 0.000000
7313.653320 0.000000 686.281921 0.000000 0.456542 0.000000 0.889702 0.000000 0.000000 0.000000
7322.132812 0.000000 712.264343 0.000000 0.979321 0.000000 0.202310 0.000000 0.000000 0.000000
7319.871582 0.000000 717.293518 0.000000 0.147463 0.000000 -0.989068 0.000000 0.000000 0.000000
7302.656738 0.000000 726.630249 0.000000 0.227107 0.000000 -0.973870 0.000000 0.000000 0.000000
7302.113770 0.000000 716.770996 0.000000 0.983971 0.000000 0.178326 0.000000 0.000000 0.000000
7308.406250 0.000000 678.760803 0.000000 0.084000 0.000000 -0.996466 1.000000 1.000000 1.000000
7317.436035 0.000000 729.110474 0.000000 0.995175 0.000000 -0.098118 1.000000 1.000000 1.000000
7309.243652 0.000000 685.053650 0.000000 0.913996 0.000000 0.405724 0.000000 0.000000 0.000000
7311.844238 0.000000 680.939697 0.000000 0.976396 0.000000 0.215988 0.000000 0.000000 0.000000
7317.228027 0.000000 715.717651 0.000000 0.248936 0.000000 -0.968520 0.000000 0.000000 0.000000
7318.909180 0.000000 688.812317 0.000000 0.339952 0.000000 0.940443 0.000000 0.000000 0.000000
7308.244629 0.000000 728.429138 0.000000 0.995772 0.000000 0.091863 0.000000 0.000000 0.000000
7316.862305 0.000000 726.479553 0.000000 0.550498 0.000000 -0.834837 0.000000 0.000000 0.000000
7322.516602 0.000000 716.591431 0.000000 0.105505 0.000000 0.994419 0.000000 0.000000 0.000000
7303.626953 0.000000 724.162720 0.000000 0.539813 0.000000 0.841785 0.000000 0.000000 0.000000
7307.346680 0.000000 725.776550 0.000000 0.290501 0.000000 0.956875 0.000000 0.000000 0.000000
7319.931152 0.000000 729.529785 0.000000 0.365771 0.000000 -0.930705 1.000000 1.000000 1.000000
7312.405273 0.000000 715.367615 0.000000 0.178730 0.000000 -0.983898 1.000000 1.000000 1.000000
7321.025879 0.000000 678.060425 0.000000 0.279056 0.000000 0.960275 0.000000 0.000000 0.000000
7319.550293 0.000000 719.601440 0.000000 0.537431 0.000000 0.843308 1.000000 1.000000 1.000000
7308.076660 0.000000 713.122986 0.000000 0.542119 0.000000 0.840302 0.000000 0.000000 0.000000
7319.825684 0.000000 731.732910 0.000000 0.746010 0.000000 -0.665935 1.000000 1.000000 1.000000
7315.258789 0.000000 716.706055 0.000000 0.967417 0.000000 -0.253187 1.000000 1.000000 1.000000
7303.299805 0.000000 718.550659 0.000000 0.302220 0.000000 -0.953238 0.000000 0.000000 0.000000
7319.989746 0.000000 690.842346 0.000000 0.167252 0.000000 0.985914 0.000000 0.000000 0.000000
7304.816895 0.000000 725.820801 0.000000 0.986809 0.000000 -0.161888 1.000000 1.000000 1.000000
7307.577637 0.000000 721.833618 0.000000 0.902040 0.000000 -0.431653 1.000000 1.000000 1.000000
7305.185059 0.000000 721.347717 0.000000 0.408715 0.000000 0.912662 0.000000 0.000000 0.000000
7305.040527 0.000000 719.337097 0.000000 0.445594 0.000000 0.895235 1.000000 1.000000 1.000000
7305.975098 0.000000 715.324585 0.000000 0.176273 0.000000 -0.984341 1.000000 1.000000 1.000000
7320.548340 0.000000 679.869507 0.000000 0.030157 0.000000 0.999545 0.000000 0.000000 0.000000
7318.371582 0.000000 730.638489 0.000000 0.978530 0.000000 -0.206103 1.000000 1.000000 1.000000
7320.050781 0.000000 695.525513 0.000000 0.957404 0.000000 0.288753 0.000000 0.000000 0.000000
7311.876465 0.000000 686.260742 0.000000 0.874856 0.000000 0.484383 0.000000 0.000000 0.000000
7401.206543 0.000000 686.356140 0.000000 0.947427 0.000000 -0.319972 0.000000 0.000000 0.000000
7388.282227 0.000000 714.708496 0.000000 0.332048 0.000000 0.943262 0.000000 0.000000 0.000000
7414.803711 0.000000 679.878662 0.000000 0.215014 0.000000 -0.976611 0.000000 0.000000 0.000000
7423.419434 0.000000 699.684570 0.000000 0.409227 0.000000 -0.912433 0.000000 0.000000 0.000000
7381.035156 0.000000 718.529602 0.000000 0.426061 0.000000 0.904694 0.000000 0.000000 0.000000
7405.233887 0.000000 703.709778 0.000000 0.739713 0.000000 -0.672922 0.000000 0.000000 0.000000
7421.524414 0.000000 683.325928 0.000000 0.544154 0.000000 -0.838985 0.000000 0.000000 0.000000
7392.909180 0.000000 720.055786 0.000000 0.303464 0.000000 0.952843 0.000000 0.000000 0.000000
7407.844727 0.000000 684.922974 0.000000 0.370914 0.000000 -0.928667 0.000000 0.000000 0.000000
7394.074219 0.000000 683.332275 0.000000 0.130080 0.000000 -0.991503 0.000000 0.000000 0.000000
7387.974121 0.000000 709.542053 0.000000 0.509043 0.000000 -0.860741 0.000000 0.000000 0.000000
7409.044434 0.000000 726.496460 0.000000 0.648246 0.000000 0.761431 0.000000 0.000000 0.000000
7390.600098 0.000000 727.516113 0.000000 0.737963 0.000000 0.674841 0.000000 0.000000 0.000000
7414.117188 0.000000 684.833923 0.000000 0.437408 0.000000 0.899263 0.000000 0.000000 0.000000
7396.590332 0.000000 687.819153 0.000000 0.656311 0.000000 0.754490 0.000000 0.000000 0.000000
7411.521484 0.000000 705.821350 0.000000 0.477969 0.000000 0.878377 0.000000 0.000000 0.000000
7386.548828 0.000000 719.125549 0.000000 0.065072 0.000000 -0.997881 0.000000 0.000000 0.000000
7402.133789 0.000000 681.949829 0.000000 0.363910 0.000000 -0.931434 0.000000 0.000000 0.000000
7391.949707 0.000000 712.068481 0.000000 0.935300 0.000000 0.353856 0.000000 0.000000 0.000000
7380.194824 0.000000 723.725342 0.000000 0.703979 0.000000 0.710220 0.000000 0.000000 0.000000
7393.638184 0.000000 724.581116 0.000000 0.688670 0.000000 0.725075 0.000000 0.000000 0.000000
7402.064453 0.000000 729.136292 0.000000 0.971568 0.000000 -0.236759 0.000000 0.000000 0.000000
7422.018555 0.000000 703.707581 0.000000 0.148070 0.000000 0.988977 0.000000 0.000000 0.000000
7402.157715 0.000000 700.648743 0.000000 0.706702 0.000000 -0.707511 0.000000 0.000000 0.000000
7390.227539 0.000000 682.369873 0.000000 0.461392 0.000000 0.887196 0.000000 0.000000 0.000000
7383.759277 0.000000 721.938293 0.000000 0.878710 0.000000 0.477355 1.000000 1.000000 1.000000
7372.652344 0.000000 703.239319 0.000000 0.996050 0.000000 -0.088789 0.000000 0.000000 0.000000
7408.887695 0.000000 702.687988 0.000000 0.921988 0.000000 -0.387218 0.000000 0.000000 0.000000
7396.176270 0.000000 721.832092 0.000000 0.806934 0.000000 -0.590641 0.000000 0.000000 0.000000
7389.565918 0.000000 721.111267 0.000000 0.985000 0.000000 0.172554 0.000000 0.000000 0.000000
7405.457031 0.000000 682.026062 0.000000 0.905748 0.000000 -0.423817 0.000000 0.000000 0.000000
7414.496094 0.000000 707.121399 0.000000 0.986759 0.000000 -0.162192 0.000000 0.000000 0.000000
7409.605957 0.000000 730.666382 0.000000 0.920051 0.000000 -0.391798 0.000000 0.000000 0.000000
7390.662598 0.000000 724.002930 0.000000 0.104451 0.000000 0.994530 1.000000 1.000000 1.000000
7408.015137 0.000000 705.593933 0.000000 0.458141 0.000000 0.888880 0.000000 0.000000 0.000000
7393.860352 0.000000 686.553650 0.000000 0.898932 0.000000 -0.438087 0.000000 0.000000 0.000000
7412.969238 0.000000 682.170349 0.000000 0.943435 0.000000 0.331558 0.000000 0.000000 0.000000
7418.988770 0.000000 711.446594 0.000000 0.132553 0.000000 -0.991176 0.000000 0.000000 0.000000
7389.260254 0.000000 712.081726 0.000000 0.890141 0.000000 0.455685 0.000000 0.000000 0.000000
7402.622559 0.000000 731.837585 0.000000 0.110834 0.000000 -0.993839 1.000000 1.000000 1.000000
7398.885742 0.000000 721.974182 0.000000 0.488204 0.000000 0.872729 0.000000 0.000000 0.000000
7407.681152 0.000000 680.714294 0.000000 0.928788 0.000000 0.370612 1.000000 1.000000 1.000000
7398.658203 0.000000 686.033508 0.000000 0.601604 0.000000 0.798795 0.000000 0.000000 0.000000
7419.279297 0.000000 703.014038 0.000000 0.611983 0.000000 0.790871 0.000000 0.000000 0.000000
7403.597168 0.000000 679.836975 0.000000 0.749908 0.000000 -0.661542 1.000000 1.000000 1.000000
7388.691406 0.000000 725.904785 0.000000 0.553011 0.000000 -0.833174 0.000000 0.000000 0.000000
7392.505859 0.000000 722.470337 0.000000 0.174280 0.000000 -0.984696 0.000000 0.000000 0.000000
7386.280762 0.000000 721.658875 0.000000 0.586297 0.000000 0.810096 0.000000 0.000000 0.000000
7394.794434 0.000000 716.071960 0.000000 0.666714 0.000000 -0.745314 0.000000 0.000000 0.000000
7404.424316 0.000000 730.358521 0.000000 0.089179 0.000000 0.996016 1.000000 1.000000 1.000000
7383.550293 0.000000 719.601440 0.000000 0.548716 0.000000 -0.836009 0.000000 0.000000 0.000000
7420.605469 0.000000 709.739136 0.000000 0.636401 0.000000 -0.771359 0.000000 0.000000 0.000000
7397.593262 0.000000 720.023193 0.000000 0.574682 0.000000 -0.818377 0.000000 0.000000 0.000000
7395.097656 0.000000 719.912537 0.000000 0.679199 0.000000 0.733954 1.000000 1.000000 1.000000
7400.552734 0.000000 730.663635 0.000000 0.977745 0.000000 -0.209797 0.000000 0.000000 0.000000
7406.877930 0.000000 731.235962 0.000000 0.996332 0.000000 0.085572 0.000000 0.000000 0.000000
7391.859863 0.000000 725.645996 0.000000 0.257153 0.000000 0.966371 1.000000 1.000000 1.000000
7385.195312 0.000000 723.388306 0.000000 0.791477 0.000000 -0.611199 0.000000 0.000000 0.000000
7397.990723 0.000000 714.449829 0.000000 0.933228 0.000000 0.359284 0.000000 0.000000 0.000000
7398.151855 0.000000 718.136292 0.000000 0.998336 0.000000 -0.057663 0.000000 0.000000 0.000000
7407.569336 0.000000 677.915710 0.000000 0.693091 0.000000 0.720850 0.000000 0.000000 0.000000
7406.857422 0.000000 683.316345 0.000000 0.928765 0.000000 0.370669 0.000000 0.000000 0.000000
7396.653320 0.000000 716.077393 0.000000 0.999955 0.000000 0.009501 1.000000 1.000000 1.000000
7400.504883 0.000000 721.206116 0.000000 0.600317 0.000000 0.799762 1.000000 1.000000 1.000000
7385.175293 0.000000 720.182007 0.000000 0.516125 0.000000 -0.856513 1.000000 1.000000 1.000000
7317.428223 0.000000 766.644531 0.000000 0.923115 0.000000 -0.384524 0.000000 0.000000 0.000000
7318.797363 0.000000 735.271484 0.000000 0.983400 0.000000 0.181454 0.000000 0.000000 0.000000
7322.616699 0.000000 740.506287 0.000000 0.497937 0.000000 0.867213 0.000000 0.000000 0.000000
7312.020996 0.000000 778.525146 0.000000 0.926375 0.000000 0.376603 0.000000 0.000000 0.000000
7335.675293 0.000000 789.070740 0.000000 0.074871 0.000000 0.997193 0.000000 0.000000 0.000000
7329.638184 0.000000 781.065491 0.000000 0.908589 0.000000 -0.417692 0.000000 0.000000 0.000000
7322.844238 0.000000 736.014343 0.000000 0.895617 0.000000 -0.444826 0.000000 0.000000 0.000000
7313.216309 0.000000 774.178162 0.000000 0.806850 0.000000 -0.590756 0.000000 0.000000 0.000000
7320.357910 0.000000 742.807861 0.000000 0.105722 0.000000 -0.994396 0.000000 0.000000 0.000000
7314.867188 0.000000 777.260803 0.000000 0.719329 0.000000 0.694669 0.000000 0.000000 0.000000
7326.662598 0.000000 780.487305 0.000000 0.959449 0.000000 0.281881 0.000000 0.000000 0.000000
7337.246582 0.000000 782.608643 0.000000 0.831586 0.000000 -0.555395 0.000000 0.000000 0.000000
7320.982910 0.000000 738.170776 0.000000 0.763152 0.000000 0.646219 0.000000 0.000000 0.000000
7321.025879 0.000000 734.544800 0.000000 0.724209 0.000000 0.689580 1.000000 1.000000 1.000000
7320.196777 0.000000 740.564880 0.000000 0.896619 0.000000 0.442802 0.000000 0.000000 0.000000
7336.272949 0.000000 784.512512 0.000000 0.548800 0.000000 -0.835954 0.000000 0.000000 0.000000
7320.548340 0.000000 736.353882 0.000000 0.439035 0.000000 -0.898470 0.000000 0.000000 0.000000
7423.683594 0.000000 747.337280 0.000000 0.460178 0.000000 -0.887827 0.000000 0.000000 0.000000
7420.270508 0.000000 782.630737 0.000000 0.738216 0.000000 -0.674565 0.000000 0.000000 0.000000
7360.315430 0.000000 760.722473 0.000000 0.950469 0.000000 0.310819 0.000000 0.000000 0.000000
7407.844727 0.000000 741.407349 0.000000 0.993911 0.000000 0.110183 0.000000 0.000000 0.000000
7421.449707 0.000000 743.783020 0.000000 0.545507 0.000000 -0.838107 0.000000 0.000000 0.000000
7404.817383 0.000000 743.822876 0.000000 0.004777 0.000000 -0.999989 0.000000 0.000000 0.000000
7416.579102 0.000000 783.459290 0.000000 0.939569 0.000000 -0.342360 0.000000 0.000000 0.000000
7418.085938 0.000000 781.455505 0.000000 0.169889 0.000000 0.985463 0.000000 0.000000 0.000000
7418.541992 0.000000 783.467896 0.000000 0.962755 0.000000 0.270375 0.000000 0.000000 0.000000
7209.423340 0.000000 823.203491 0.000000 0.770743 0.000000 -0.637147 0.000000 0.000000 0.000000
7201.639160 0.000000 820.818848 0.000000 0.970294 0.000000 -0.241928 0.000000 0.000000 0.000000
7213.233887 0.000000 816.678528 0.000000 0.863365 0.000000 0.504579 0.000000 0.000000 0.000000
7181.066406 0.000000 843.997437 0.000000 0.983625 0.000000 -0.180227 0.000000 0.000000 0.000000
7213.791016 0.000000 804.119385 0.000000 0.171344 0.000000 0.985211 0.000000 0.000000 0.000000
7198.600098 0.000000 840.484863 0.000000 0.964755 0.000000 -0.263150 0.000000 0.000000 0.000000
7214.917969 0.000000 812.096008 0.000000 0.275960 0.000000 0.961169 0.000000 0.000000 0.000000
7189.636230 0.000000 845.283508 0.000000 0.845260 0.000000 -0.534355 0.000000 0.000000 0.000000
7205.993652 0.000000 820.344604 0.000000 0.857363 0.000000 0.514713 0.000000 0.000000 0.000000
7201.638184 0.000000 837.549866 0.000000 0.983077 0.000000 0.183194 0.000000 0.000000 0.000000
7185.114746 0.000000 845.341125 0.000000 0.643717 0.000000 0.765263 1.000000 1.000000 1.000000
7210.157715 0.000000 813.617493 0.000000 0.244776 0.000000 -0.969580 0.000000 0.000000 0.000000
7200.344727 0.000000 829.098877 0.000000 0.839404 0.000000 0.543508 0.000000 0.000000 0.000000
7209.764648 0.000000 819.105469 0.000000 0.150159 0.000000 -0.988662 0.000000 0.000000 0.000000
7214.165527 0.000000 808.323486 0.000000 0.977313 0.000000 0.211801 0.000000 0.000000 0.000000
7177.889160 0.000000 846.046265 0.000000 0.152733 0.000000 0.988268 0.000000 0.000000 0.000000
7227.742676 0.000000 828.458252 0.000000 0.780480 0.000000 0.625181 0.000000 0.000000 0.000000
7197.565918 0.000000 834.080017 0.000000 0.972135 0.000000 -0.234423 0.000000 0.000000 0.000000
7203.373047 0.000000 817.724548 0.000000 0.667871 0.000000 -0.744277 0.000000 0.000000 0.000000
7197.536621 0.000000 830.794373 0.000000 0.678440 0.000000 -0.734656 0.000000 0.000000 0.000000
7223.033203 0.000000 829.229187 0.000000 0.823418 0.000000 0.567435 0.000000 0.000000 0.000000
7183.660156 0.000000 841.946533 0.000000 0.626397 0.000000 -0.779504 0.000000 0.000000 0.000000
7198.662598 0.000000 836.971680 0.000000 0.812110 0.000000 0.583504 0.000000 0.000000 0.000000
7221.610352 0.000000 826.274048 0.000000 0.826449 0.000000 -0.563012 0.000000 0.000000 0.000000
7211.534668 0.000000 806.770996 0.000000 0.625264 0.000000 0.780413 0.000000 0.000000 0.000000
7174.827637 0.000000 846.780090 0.000000 0.352551 0.000000 -0.935793 0.000000 0.000000 0.000000
7210.478516 0.000000 816.518372 0.000000 0.408136 0.000000 -0.912921 1.000000 1.000000 1.000000
7187.100098 0.000000 843.528198 0.000000 0.527611 0.000000 -0.849486 0.000000 0.000000 0.000000
7212.193359 0.000000 811.725769 0.000000 0.799800 0.000000 -0.600266 0.000000 0.000000 0.000000
7201.210938 0.000000 840.224060 0.000000 0.873168 0.000000 -0.487419 0.000000 0.000000 0.000000
7225.397461 0.000000 828.931580 0.000000 0.972234 0.000000 -0.234012 0.000000 0.000000 0.000000
7200.505859 0.000000 835.439087 0.000000 0.425552 0.000000 0.904934 0.000000 0.000000 0.000000
7202.794434 0.000000 829.040710 0.000000 0.597463 0.000000 0.801896 1.000000 1.000000 1.000000
7201.651855 0.000000 826.978699 0.000000 0.273904 0.000000 -0.961757 0.000000 0.000000 0.000000
7215.774902 0.000000 809.969788 0.000000 0.987230 0.000000 -0.159300 0.000000 0.000000 0.000000
7208.581055 0.000000 821.045654 0.000000 0.999636 0.000000 -0.026986 0.000000 0.000000 0.000000
7203.097656 0.000000 832.881287 0.000000 0.603272 0.000000 -0.797536 0.000000 0.000000 0.000000
7199.716309 0.000000 831.231873 0.000000 0.999763 0.000000 0.021749 0.000000 0.000000 0.000000
7201.958496 0.000000 831.010193 0.000000 0.751167 0.000000 -0.660112 1.000000 1.000000 1.000000
7200.249023 0.000000 819.156982 0.000000 0.319034 0.000000 0.947743 0.000000 0.000000 0.000000
7205.382812 0.000000 818.363281 0.000000 0.652925 0.000000 0.757423 0.000000 0.000000 0.000000
7199.859863 0.000000 838.614746 0.000000 0.999880 0.000000 -0.015490 0.000000 0.000000 0.000000
7212.596680 0.000000 809.732544 0.000000 0.901896 0.000000 0.431953 1.000000 1.000000 1.000000
7211.705078 0.000000 818.169006 0.000000 0.393867 0.000000 0.919167 0.000000 0.000000 0.000000
7185.040527 0.000000 843.316711 0.000000 0.197127 0.000000 -0.980378 1.000000 1.000000 1.000000
7196.530762 0.000000 832.456238 0.000000 0.081484 0.000000 0.996675 1.000000 1.000000 1.000000
7203.914551 0.000000 819.540344 0.000000 0.015761 0.000000 0.999876 1.000000 1.000000 1.000000
7198.384766 0.000000 832.375916 0.000000 0.017092 0.000000 0.999854 1.000000 1.000000 1.000000
7202.170410 0.000000 819.138550 0.000000 0.729241 0.000000 0.684257 1.000000 1.000000 1.000000
7199.343262 0.000000 833.918030 0.000000 0.081616 0.000000 -0.996664 1.000000 1.000000 1.000000
7239.674805 0.000000 814.727295 0.000000 0.924999 0.000000 0.379969 0.000000 0.000000 0.000000
7232.290527 0.000000 825.146423 0.000000 0.708812 0.000000 -0.705398 0.000000 0.000000 0.000000
7274.581543 0.000000 809.586060 0.000000 0.740713 0.000000 0.671821 0.000000 0.000000 0.000000
7258.840820 0.000000 817.485596 0.000000 0.971079 0.000000 0.238760 0.000000 0.000000 0.000000
7277.791016 0.000000 804.119385 0.000000 0.981267 0.000000 0.192654 0.000000 0.000000 0.000000
7239.650879 0.000000 808.268616 0.000000 0.967948 0.000000 -0.251150 0.000000 0.000000 0.000000
7241.095215 0.000000 802.768677 0.000000 0.958877 0.000000 -0.283824 0.000000 0.000000 0.000000
7277.060059 0.000000 833.173035 0.000000 0.929186 0.000000 0.369612 0.000000 0.000000 0.000000
7258.661621 0.000000 812.218933 0.000000 0.986661 0.000000 0.162788 1.000000 1.000000 1.000000
7259.974121 0.000000 822.510803 0.000000 0.963033 0.000000 -0.269383 1.000000 1.000000 1.000000
7289.614258 0.000000 843.162415 0.000000 0.465110 0.000000 -0.885253 0.000000 0.000000 0.000000
7255.538086 0.000000 827.068054 0.000000 0.005079 0.000000 0.999987 0.000000 0.000000 0.000000
7254.690430 0.000000 818.798157 0.000000 0.567542 0.000000 0.823344 0.000000 0.000000 0.000000
7248.913574 0.000000 823.351318 0.000000 0.220170 0.000000 0.975461 0.000000 0.000000 0.000000
7243.937012 0.000000 823.550659 0.000000 0.148800 0.000000 0.988867 0.000000 0.000000 0.000000
7263.822266 0.000000 816.842346 0.000000 0.998652 0.000000 -0.051898 1.000000 1.000000 1.000000
7254.596680 0.000000 811.312378 0.000000 0.340549 0.000000 0.940227 0.000000 0.000000 0.000000
7242.276367 0.000000 811.388672 0.000000 0.572029 0.000000 0.820234 0.000000 0.000000 0.000000
7244.652344 0.000000 816.208069 0.000000 0.997281 0.000000 0.073693 0.000000 0.000000 0.000000
7268.219727 0.000000 830.938721 0.000000 0.557527 0.000000 -0.830159 0.000000 0.000000 0.000000
7262.089844 0.000000 819.716553 0.000000 0.447791 0.000000 0.894138 0.000000 0.000000 0.000000
7256.763672 0.000000 821.512451 0.000000 0.089308 0.000000 0.996004 0.000000 0.000000 0.000000
7261.587891 0.000000 810.449036 0.000000 0.984219 0.000000 -0.176954 0.000000 0.000000 0.000000
7241.939941 0.000000 806.069702 0.000000 0.054603 0.000000 -0.998508 1.000000 1.000000 1.000000
7255.871582 0.000000 830.262268 0.000000 0.999647 0.000000 0.026552 0.000000 0.000000 0.000000
7274.699707 0.000000 831.160034 0.000000 0.735888 0.000000 0.677103 1.000000 1.000000 1.000000
7244.424805 0.000000 809.200989 0.000000 0.592058 0.000000 0.805896 0.000000 0.000000 0.000000
7273.246582 0.000000 839.093018 0.000000 0.723235 0.000000 0.690602 0.000000 0.000000 0.000000
7259.116211 0.000000 809.256470 0.000000 0.730191 0.000000 0.683243 0.000000 0.000000 0.000000
7242.422852 0.000000 814.528809 0.000000 0.474958 0.000000 -0.880008 0.000000 0.000000 0.000000
7274.452148 0.000000 825.715393 0.000000 0.352899 0.000000 -0.935662 0.000000 0.000000 0.000000
7258.616211 0.000000 814.863647 0.000000 0.980618 0.000000 0.195927 1.000000 1.000000 1.000000
7252.724609 0.000000 820.481628 0.000000 0.661501 0.000000 -0.749944 0.000000 0.000000 0.000000
7277.602051 0.000000 830.706238 0.000000 0.190451 0.000000 0.981697 0.000000 0.000000 0.000000
7259.115234 0.000000 820.064941 0.000000 0.781465 0.000000 0.623949 0.000000 0.000000 0.000000
7255.654785 0.000000 824.436707 0.000000 0.775683 0.000000 0.631123 1.000000 1.000000 1.000000
7258.516602 0.000000 829.560181 0.000000 0.996887 0.000000 -0.078845 1.000000 1.000000 1.000000
7271.437012 0.000000 818.163147 0.000000 0.408079 0.000000 -0.912947 0.000000 0.000000 0.000000
7256.755859 0.000000 810.130493 0.000000 0.775143 0.000000 0.631786 1.000000 1.000000 1.000000
7245.917480 0.000000 822.227478 0.000000 0.445807 0.000000 -0.895129 0.000000 0.000000 0.000000
7261.193848 0.000000 816.992371 0.000000 0.082042 0.000000 -0.996629 0.000000 0.000000 0.000000
7243.910645 0.000000 818.464233 0.000000 0.545517 0.000000 -0.838100 0.000000 0.000000 0.000000
7250.931641 0.000000 822.107483 0.000000 0.359695 0.000000 0.933070 0.000000 0.000000 0.000000
7256.466797 0.000000 817.305359 0.000000 0.557238 0.000000 -0.830353 0.000000 0.000000 0.000000
7272.581055 0.000000 821.045654 0.000000 0.963665 0.000000 0.267113 1.000000 1.000000 1.000000
7256.281738 0.000000 812.796448 0.000000 0.056345 0.000000 0.998411 0.000000 0.000000 0.000000
7257.637695 0.000000 827.478638 0.000000 0.889571 0.000000 0.456798 1.000000 1.000000 1.000000
7260.897949 0.000000 812.420166 0.000000 0.959289 0.000000 0.282427 0.000000 0.000000 0.000000
7243.631836 0.000000 807.297546 0.000000 0.216597 0.000000 -0.976261 1.000000 1.000000 1.000000
7258.051758 0.000000 823.075500 0.000000 0.827694 0.000000 -0.561179 1.000000 1.000000 1.000000
7245.989746 0.000000 817.695740 0.000000 0.999964 0.000000 0.008468 0.000000 0.000000 0.000000
7242.587402 0.000000 804.061584 0.000000 0.252149 0.000000 -0.967688 1.000000 1.000000 1.000000
7250.017090 0.000000 814.565979 0.000000 0.306583 0.000000 -0.951844 1.000000 1.000000 1.000000
7270.151855 0.000000 831.105042 0.000000 0.961579 0.000000 -0.274530 0.000000 0.000000 0.000000
7240.084473 0.000000 806.416199 0.000000 0.979272 0.000000 0.202549 1.000000 1.000000 1.000000
7240.607910 0.000000 804.616699 0.000000 0.980169 0.000000 -0.198161 0.000000 0.000000 0.000000
7243.861328 0.000000 805.450806 0.000000 0.972418 0.000000 -0.233246 1.000000 1.000000 1.000000
7259.568359 0.000000 824.188599 0.000000 0.596432 0.000000 -0.802663 1.000000 1.000000 1.000000
7259.789062 0.000000 825.960938 0.000000 0.959022 0.000000 0.283331 1.000000 1.000000 1.000000
7259.871582 0.000000 810.848694 0.000000 0.594129 0.000000 -0.804370 1.000000 1.000000 1.000000
7243.004883 0.000000 816.601196 0.000000 0.772566 0.000000 -0.634935 1.000000 1.000000 1.000000
7259.994141 0.000000 815.814514 0.000000 0.470371 0.000000 -0.882469 1.000000 1.000000 1.000000
7196.282227 0.000000 884.161621 0.000000 0.660668 0.000000 0.750678 0.000000 0.000000 0.000000
7171.589355 0.000000 859.647888 0.000000 0.991020 0.000000 0.133715 0.000000 0.000000 0.000000
7199.430176 0.000000 858.037598 0.000000 0.596258 0.000000 -0.802793 0.000000 0.000000 0.000000
7177.453613 0.000000 853.585022 0.000000 0.923732 0.000000 0.383040 0.000000 0.000000 0.000000
7170.164551 0.000000 866.637146 0.000000 0.310239 0.000000 -0.950659 0.000000 0.000000 0.000000
7169.476562 0.000000 853.724304 0.000000 0.448719 0.000000 0.893673 0.000000 0.000000 0.000000
7202.074219 0.000000 852.785400 0.000000 0.020824 0.000000 0.999783 0.000000 0.000000 0.000000
7198.773926 0.000000 863.737305 0.000000 0.373792 0.000000 0.927513 0.000000 0.000000 0.000000
7177.437988 0.000000 848.083313 0.000000 0.955134 0.000000 -0.296174 0.000000 0.000000 0.000000
7207.675293 0.000000 902.039490 0.000000 0.935155 0.000000 -0.354240 0.000000 0.000000 0.000000
7195.974121 0.000000 878.995178 0.000000 0.381496 0.000000 0.924371 0.000000 0.000000 0.000000
7185.626465 0.000000 852.475098 0.000000 0.314378 0.000000 0.949298 0.000000 0.000000 0.000000
7194.548828 0.000000 888.578674 0.000000 0.739382 0.000000 0.673286 0.000000 0.000000 0.000000
7191.538086 0.000000 883.552429 0.000000 0.872002 0.000000 -0.489502 1.000000 1.000000 1.000000
7173.568848 0.000000 851.283508 0.000000 0.923972 0.000000 -0.382460 0.000000 0.000000 0.000000
7181.333984 0.000000 851.594971 0.000000 0.445798 0.000000 -0.895133 0.000000 0.000000 0.000000
7188.194824 0.000000 893.178467 0.000000 0.791969 0.000000 -0.610562 0.000000 0.000000 0.000000
7210.064453 0.000000 898.589417 0.000000 0.873004 0.000000 0.487713 0.000000 0.000000 0.000000
7179.937012 0.000000 880.035034 0.000000 0.068168 0.000000 -0.997674 0.000000 0.000000 0.000000
7178.276367 0.000000 867.873047 0.000000 0.262539 0.000000 0.964921 0.000000 0.000000 0.000000
7191.759277 0.000000 891.391418 0.000000 0.229390 0.000000 -0.973335 0.000000 0.000000 0.000000
7202.997070 0.000000 903.229065 0.000000 0.603759 0.000000 0.797167 1.000000 1.000000 1.000000
7183.712891 0.000000 865.879761 0.000000 0.214323 0.000000 -0.976763 0.000000 0.000000 0.000000
7173.963867 0.000000 867.964600 0.000000 0.989294 0.000000 0.145939 0.000000 0.000000 0.000000
7172.061523 0.000000 863.475220 0.000000 0.021433 0.000000 -0.999770 0.000000 0.000000 0.000000
7197.587891 0.000000 866.933411 0.000000 0.875590 0.000000 0.483054 0.000000 0.000000 0.000000
7206.643555 0.000000 898.967712 0.000000 0.710098 0.000000 0.704103 0.000000 0.000000 0.000000
7199.085938 0.000000 854.894470 0.000000 0.742344 0.000000 0.670019 0.000000 0.000000 0.000000
7177.939941 0.000000 862.554077 0.000000 0.974648 0.000000 -0.223742 0.000000 0.000000 0.000000
7185.653320 0.000000 855.735046 0.000000 0.296217 0.000000 0.955121 0.000000 0.000000 0.000000
7191.871582 0.000000 886.746643 0.000000 0.931172 0.000000 0.364580 0.000000 0.000000 0.000000
7180.424805 0.000000 865.685364 0.000000 0.941540 0.000000 0.336902 1.000000 1.000000 1.000000
7180.406250 0.000000 848.213928 0.000000 0.904088 0.000000 0.427346 0.000000 0.000000 0.000000
7204.314453 0.000000 900.661499 0.000000 0.340911 0.000000 0.940095 1.000000 1.000000 1.000000
7178.448242 0.000000 850.870544 0.000000 0.089754 0.000000 -0.995964 0.000000 0.000000 0.000000
7183.844238 0.000000 850.392822 0.000000 0.710938 0.000000 -0.703255 0.000000 0.000000 0.000000
7174.297363 0.000000 848.613770 0.000000 0.699425 0.000000 0.714706 0.000000 0.000000 0.000000
7182.569336 0.000000 881.034363 0.000000 0.617627 0.000000 0.786471 0.000000 0.000000 0.000000
7189.175293 0.000000 882.483643 0.000000 0.418572 0.000000 0.908183 0.000000 0.000000 0.000000
7187.875488 0.000000 862.714417 0.000000 0.959838 0.000000 -0.280554 0.000000 0.000000 0.000000
7191.654785 0.000000 880.921082 0.000000 0.186549 0.000000 -0.982446 1.000000 1.000000 1.000000
7194.516602 0.000000 886.044556 0.000000 0.998576 0.000000 -0.053340 0.000000 0.000000 0.000000
7174.927734 0.000000 853.613037 0.000000 0.319035 0.000000 0.947743 0.000000 0.000000 0.000000
7172.637695 0.000000 865.838440 0.000000 0.947371 0.000000 0.320138 0.000000 0.000000 0.000000
7183.571289 0.000000 853.878113 0.000000 0.922021 0.000000 0.387140 0.000000 0.000000 0.000000
7194.280762 0.000000 891.112000 0.000000 0.935351 0.000000 -0.353722 0.000000 0.000000 0.000000
7199.885254 0.000000 866.455688 0.000000 0.872220 0.000000 0.489113 0.000000 0.000000 0.000000
7178.112305 0.000000 865.419556 0.000000 0.373559 0.000000 0.927607 1.000000 1.000000 1.000000
7191.550293 0.000000 889.054565 0.000000 0.596782 0.000000 -0.802404 1.000000 1.000000 1.000000
7169.278809 0.000000 893.140869 0.000000 0.498381 0.000000 0.866958 0.000000 0.000000 0.000000
7205.505371 0.000000 902.953308 0.000000 0.140107 0.000000 -0.990136 1.000000 1.000000 1.000000
7191.825684 0.000000 901.186035 0.000000 0.675388 0.000000 0.737462 0.000000 0.000000 0.000000
7208.552734 0.000000 900.116760 0.000000 0.492547 0.000000 -0.870286 0.000000 0.000000 0.000000
7172.679688 0.000000 861.501953 0.000000 0.816918 0.000000 0.576754 0.000000 0.000000 0.000000
7185.646484 0.000000 866.590454 0.000000 0.119048 0.000000 0.992888 0.000000 0.000000 0.000000
7187.108398 0.000000 857.242798 0.000000 0.969239 0.000000 -0.246121 1.000000 1.000000 1.000000
7202.607422 0.000000 899.659546 0.000000 0.455153 0.000000 -0.890413 0.000000 0.000000 0.000000
7200.410645 0.000000 864.635132 0.000000 0.569090 0.000000 0.822275 1.000000 1.000000 1.000000
7180.231934 0.000000 850.102173 0.000000 0.717296 0.000000 -0.696769 0.000000 0.000000 0.000000
7193.175293 0.000000 889.635132 0.000000 0.043732 0.000000 0.999043 1.000000 1.000000 1.000000
7204.916992 0.000000 899.006836 0.000000 0.347930 0.000000 0.937521 0.000000 0.000000 0.000000
7187.362793 0.000000 855.577271 0.000000 0.390042 0.000000 0.920797 1.000000 1.000000 1.000000
7282.317383 0.000000 850.456787 0.000000 0.925162 0.000000 0.379573 0.000000 0.000000 0.000000
7315.921875 0.000000 815.106689 0.000000 0.321307 0.000000 0.946975 0.000000 0.000000 0.000000
7306.048340 0.000000 836.281555 0.000000 0.794735 0.000000 -0.606956 0.000000 0.000000 0.000000
7305.453613 0.000000 797.100647 0.000000 0.706410 0.000000 0.707803 0.000000 0.000000 0.000000
7317.428223 0.000000 823.128906 0.000000 0.976288 0.000000 -0.216474 0.000000 0.000000 0.000000
7329.639160 0.000000 820.818848 0.000000 0.391900 0.000000 -0.920008 0.000000 0.000000 0.000000
7303.693359 0.000000 822.613831 0.000000 0.334638 0.000000 0.942347 0.000000 0.000000 0.000000
7334.270996 0.000000 792.188171 0.000000 0.980811 0.000000 -0.194959 0.000000 0.000000 0.000000
7310.124512 0.000000 819.790039 0.000000 0.022630 0.000000 0.999744 0.000000 0.000000 0.000000
7342.271484 0.000000 828.069763 0.000000 0.227679 0.000000 -0.973736 0.000000 0.000000 0.000000
7328.909180 0.000000 833.024536 0.000000 0.384301 0.000000 0.923208 0.000000 0.000000 0.000000
7330.074219 0.000000 796.301025 0.000000 0.776082 0.000000 -0.630632 0.000000 0.000000 0.000000
7309.333984 0.000000 795.110596 0.000000 0.938699 0.000000 -0.344739 0.000000 0.000000 0.000000
7316.194824 0.000000 836.694092 0.000000 0.886200 0.000000 -0.463302 0.000000 0.000000 0.000000
7312.913574 0.000000 823.351318 0.000000 0.454335 0.000000 -0.890831 0.000000 0.000000 0.000000
7314.409180 0.000000 819.190796 0.000000 0.992577 0.000000 -0.121616 1.000000 1.000000 1.000000
7309.646484 0.000000 831.527466 0.000000 0.610738 0.000000 0.791833 0.000000 0.000000 0.000000
7306.749023 0.000000 832.974121 0.000000 0.010650 0.000000 -0.999943 0.000000 0.000000 0.000000
7319.871582 0.000000 830.262268 0.000000 0.908655 0.000000 -0.417547 0.000000 0.000000 0.000000
7304.260254 0.000000 799.786926 0.000000 0.106833 0.000000 0.994277 0.000000 0.000000 0.000000
7316.862305 0.000000 839.448303 0.000000 0.455141 0.000000 0.890419 0.000000 0.000000 0.000000
7317.175293 0.000000 825.999268 0.000000 0.393765 0.000000 -0.919211 0.000000 0.000000 0.000000
7343.681152 0.000000 793.683044 0.000000 0.714231 0.000000 0.699910 0.000000 0.000000 0.000000
7312.434082 0.000000 820.842407 0.000000 0.667132 0.000000 -0.744940 1.000000 1.000000 1.000000
7332.142090 0.000000 790.876465 0.000000 0.535018 0.000000 0.844841 0.000000 0.000000 0.000000
7309.897461 0.000000 833.889221 0.000000 0.853361 0.000000 0.521321 0.000000 0.000000 0.000000
7329.051758 0.000000 822.972717 0.000000 0.795400 0.000000 0.606084 0.000000 0.000000 0.000000
7329.958496 0.000000 831.010193 0.000000 0.920115 0.000000 -0.391649 0.000000 0.000000 0.000000
7330.286621 0.000000 794.408997 0.000000 0.862026 0.000000 0.506863 0.000000 0.000000 0.000000
7391.430176 0.000000 801.553223 0.000000 0.676448 0.000000 -0.736490 0.000000 0.000000 0.000000
7370.048340 0.000000 836.281555 0.000000 0.737907 0.000000 -0.674902 0.000000 0.000000 0.000000
7423.419434 0.000000 812.653320 0.000000 0.835172 0.000000 0.549989 0.000000 0.000000 0.000000
7369.453613 0.000000 797.100647 0.000000 0.962617 0.000000 -0.270865 0.000000 0.000000 0.000000
7391.273438 0.000000 845.657654 0.000000 0.681031 0.000000 0.732254 0.000000 0.000000 0.000000
7407.365234 0.000000 821.584900 0.000000 0.117375 0.000000 -0.993088 0.000000 0.000000 0.000000
7364.957031 0.000000 836.948364 0.000000 0.398989 0.000000 0.916956 0.000000 0.000000 0.000000
7369.597656 0.000000 840.656677 0.000000 0.658329 0.000000 -0.752730 0.000000 0.000000 0.000000
7383.759277 0.000000 834.907043 0.000000 0.886491 0.000000 -0.462745 0.000000 0.000000 0.000000
7367.290527 0.000000 833.626343 0.000000 0.159699 0.000000 0.987166 0.000000 0.000000 0.000000
7391.085938 0.000000 798.410095 0.000000 0.364118 0.000000 0.931353 0.000000 0.000000 0.000000
7366.656738 0.000000 839.598999 0.000000 0.679954 0.000000 0.733255 0.000000 0.000000 0.000000
7393.860352 0.000000 799.522400 0.000000 0.743136 0.000000 0.669140 0.000000 0.000000 0.000000
7367.626953 0.000000 837.131470 0.000000 0.182464 0.000000 0.983212 1.000000 1.000000 1.000000
7366.927734 0.000000 797.128662 0.000000 0.635109 0.000000 0.772422 0.000000 0.000000 0.000000
7392.929688 0.000000 847.258728 0.000000 0.102244 0.000000 0.994759 0.000000 0.000000 0.000000
7368.816895 0.000000 838.789551 0.000000 0.880569 0.000000 -0.473918 1.000000 1.000000 1.000000
7366.227051 0.000000 835.356201 0.000000 0.377658 0.000000 -0.925945 0.000000 0.000000 0.000000
7318.797363 0.000000 848.240234 0.000000 0.808311 0.000000 0.588755 0.000000 0.000000 0.000000
7343.844727 0.000000 854.376099 0.000000 0.902685 0.000000 -0.430302 0.000000 0.000000 0.000000
7345.916504 0.000000 865.055603 0.000000 0.758936 0.000000 -0.651166 0.000000 0.000000 0.000000
7321.550293 0.000000 858.867065 0.000000 0.387086 0.000000 0.922044 0.000000 0.000000 0.000000
7334.192871 0.000000 852.972534 0.000000 0.945751 0.000000 -0.324893 0.000000 0.000000 0.000000
7318.302246 0.000000 852.319702 0.000000 0.048839 0.000000 -0.998807 0.000000 0.000000 0.000000
7342.165527 0.000000 864.807861 0.000000 0.921931 0.000000 0.387353 0.000000 0.000000 0.000000
7340.817383 0.000000 856.791626 0.000000 0.469317 0.000000 -0.883030 0.000000 0.000000 0.000000
7320.357910 0.000000 855.776611 0.000000 0.760527 0.000000 0.649306 0.000000 0.000000 0.000000
7339.550781 0.000000 854.065430 0.000000 0.808319 0.000000 0.588745 0.000000 0.000000 0.000000
7342.967285 0.000000 862.642456 0.000000 0.391747 0.000000 -0.920073 0.000000 0.000000 0.000000
7341.664062 0.000000 854.261230 0.000000 0.406898 0.000000 -0.913474 0.000000 0.000000 0.000000
7319.051758 0.000000 850.313416 0.000000 0.926968 0.000000 -0.375140 0.000000 0.000000 0.000000
7339.041992 0.000000 856.136414 0.000000 0.925460 0.000000 0.378845 1.000000 1.000000 1.000000
7423.683594 0.000000 860.306030 0.000000 0.141672 0.000000 -0.989914 0.000000 0.000000 0.000000
7412.449707 0.000000 880.026123 0.000000 0.151938 0.000000 -0.988390 0.000000 0.000000 0.000000
7397.084961 0.000000 862.063232 0.000000 0.145443 0.000000 0.989367 0.000000 0.000000 0.000000
7390.227539 0.000000 851.822998 0.000000 0.852522 0.000000 -0.522692 0.000000 0.000000 0.000000
7415.370605 0.000000 880.921021 0.000000 0.976350 0.000000 -0.216196 1.000000 1.000000 1.000000
7391.881836 0.000000 849.915100 0.000000 0.800757 0.000000 -0.598989 0.000000 0.000000 0.000000
7414.375000 0.000000 878.815369 0.000000 0.971248 0.000000 0.238069 0.000000 0.000000 0.000000
7449.268555 0.000000 694.221619 0.000000 0.897549 0.000000 0.440915 0.000000 0.000000 0.000000
7445.428223 0.000000 710.160156 0.000000 0.939292 0.000000 -0.343119 0.000000 0.000000 0.000000
7445.035156 0.000000 718.529602 0.000000 0.709189 0.000000 -0.705018 0.000000 0.000000 0.000000
7462.270996 0.000000 679.219421 0.000000 0.989508 0.000000 0.144478 0.000000 0.000000 0.000000
7481.426758 0.000000 695.211426 0.000000 0.875434 0.000000 0.483338 0.000000 0.000000 0.000000
7460.049805 0.000000 714.102051 0.000000 0.827243 0.000000 0.561845 0.000000 0.000000 0.000000
7443.298340 0.000000 695.759705 0.000000 0.996346 0.000000 0.085407 0.000000 0.000000 0.000000
7433.163574 0.000000 717.113281 0.000000 0.452185 0.000000 -0.891924 0.000000 0.000000 0.000000
7471.365234 0.000000 708.616150 0.000000 0.469818 0.000000 0.882763 0.000000 0.000000 0.000000
7450.661621 0.000000 699.250183 0.000000 0.993717 0.000000 -0.111925 0.000000 0.000000 0.000000
7451.974121 0.000000 709.542053 0.000000 0.245185 0.000000 -0.969476 0.000000 0.000000 0.000000
7449.550293 0.000000 689.413940 0.000000 0.150271 0.000000 0.988645 0.000000 0.000000 0.000000
7486.127441 0.000000 695.252502 0.000000 0.427591 0.000000 0.903972 0.000000 0.000000 0.000000
7455.949707 0.000000 712.068481 0.000000 0.999608 0.000000 0.027997 0.000000 0.000000 0.000000
7446.690430 0.000000 705.829407 0.000000 0.942773 0.000000 -0.333435 0.000000 0.000000 0.000000
7442.409180 0.000000 706.222046 0.000000 0.940176 0.000000 -0.340689 0.000000 0.000000 0.000000
7424.073242 0.000000 716.373962 0.000000 0.374023 0.000000 0.927419 0.000000 0.000000 0.000000
7427.605469 0.000000 701.089050 0.000000 0.362837 0.000000 -0.931853 0.000000 0.000000 0.000000
7477.757812 0.000000 697.177246 0.000000 0.793300 0.000000 -0.608831 0.000000 0.000000 0.000000
7465.764648 0.000000 706.136719 0.000000 0.743821 0.000000 0.668379 0.000000 0.000000 0.000000
7483.875488 0.000000 692.018738 0.000000 0.988418 0.000000 0.151754 0.000000 0.000000 0.000000
7452.683105 0.000000 691.246399 0.000000 0.933858 0.000000 0.357643 0.000000 0.000000 0.000000
7478.755859 0.000000 703.907898 0.000000 0.922285 0.000000 -0.386510 0.000000 0.000000 0.000000
7460.675781 0.000000 710.654541 0.000000 0.983320 0.000000 0.181883 1.000000 1.000000 1.000000
7454.089844 0.000000 706.747803 0.000000 0.570398 0.000000 0.821369 0.000000 0.000000 0.000000
7448.763672 0.000000 708.543701 0.000000 0.042628 0.000000 -0.999091 1.000000 1.000000 1.000000
7428.219238 0.000000 710.446655 0.000000 0.387184 0.000000 0.922003 0.000000 0.000000 0.000000
7453.587891 0.000000 697.480286 0.000000 0.979004 0.000000 0.203841 0.000000 0.000000 0.000000
7483.669434 0.000000 697.517395 0.000000 0.548353 0.000000 0.836247 0.000000 0.000000 0.000000
7450.132812 0.000000 712.264343 0.000000 0.270455 0.000000 0.962732 0.000000 0.000000 0.000000
7474.335449 0.000000 698.705566 0.000000 0.110105 0.000000 -0.993920 1.000000 1.000000 1.000000
7451.116211 0.000000 696.287720 0.000000 0.445118 0.000000 0.895472 0.000000 0.000000 0.000000
7453.260254 0.000000 712.081726 0.000000 0.994053 0.000000 0.108902 1.000000 1.000000 1.000000
7450.616211 0.000000 701.894897 0.000000 0.915359 0.000000 0.402638 0.000000 0.000000 0.000000
7479.542480 0.000000 700.942261 0.000000 0.820995 0.000000 0.570936 0.000000 0.000000 0.000000
7444.724609 0.000000 707.512878 0.000000 0.782497 0.000000 0.622654 0.000000 0.000000 0.000000
7431.173340 0.000000 707.019226 0.000000 0.944004 0.000000 0.329934 0.000000 0.000000 0.000000
7451.921387 0.000000 693.768250 0.000000 0.298761 0.000000 -0.954328 1.000000 1.000000 1.000000
7443.875488 0.000000 693.261292 0.000000 0.980335 0.000000 0.197341 0.000000 0.000000 0.000000
7469.452148 0.000000 706.382324 0.000000 0.937395 0.000000 -0.348269 0.000000 0.000000 0.000000
7451.115234 0.000000 707.096191 0.000000 0.541786 0.000000 0.840517 0.000000 0.000000 0.000000
7445.389160 0.000000 721.038391 0.000000 0.538083 0.000000 -0.842892 0.000000 0.000000 0.000000
7440.434082 0.000000 707.873657 0.000000 0.921848 0.000000 -0.387551 0.000000 0.000000 0.000000
7458.441895 0.000000 711.775818 0.000000 0.915666 0.000000 -0.401939 1.000000 1.000000 1.000000
7450.002441 0.000000 691.847839 0.000000 0.264571 0.000000 -0.964366 1.000000 1.000000 1.000000
7462.985352 0.000000 709.676941 0.000000 0.947434 0.000000 -0.319951 1.000000 1.000000 1.000000
7453.193848 0.000000 704.023621 0.000000 0.031410 0.000000 -0.999507 0.000000 0.000000 0.000000
7483.596680 0.000000 694.338928 0.000000 0.335605 0.000000 0.942003 1.000000 1.000000 1.000000
7442.931641 0.000000 709.138733 0.000000 0.283364 0.000000 0.959012 1.000000 1.000000 1.000000
7427.661133 0.000000 698.886047 0.000000 0.101670 0.000000 -0.994818 0.000000 0.000000 0.000000
7478.075195 0.000000 699.357544 0.000000 0.989924 0.000000 -0.141599 0.000000 0.000000 0.000000
7446.645996 0.000000 708.478271 0.000000 0.836891 0.000000 0.547370 0.000000 0.000000 0.000000
7448.739258 0.000000 706.381714 0.000000 0.748041 0.000000 0.663652 0.000000 0.000000 0.000000
7429.887695 0.000000 708.641113 0.000000 0.233160 0.000000 -0.972438 1.000000 1.000000 1.000000
7453.062500 0.000000 695.488770 0.000000 0.653379 0.000000 0.757031 0.000000 0.000000 0.000000
7450.051758 0.000000 710.106750 0.000000 0.053548 0.000000 -0.998565 0.000000 0.000000 0.000000
7476.288574 0.000000 698.642639 0.000000 0.871281 0.000000 0.490785 1.000000 1.000000 1.000000
7481.789062 0.000000 697.174255 0.000000 0.887013 0.000000 0.461745 0.000000 0.000000 0.000000
7479.633301 0.000000 696.530396 0.000000 0.443108 0.000000 -0.896468 0.000000 0.000000 0.000000
7471.143066 0.000000 703.489990 0.000000 0.011929 0.000000 -0.999929 0.000000 0.000000 0.000000
7461.000000 0.000000 712.494019 0.000000 0.002547 0.000000 -0.999997 0.000000 0.000000 0.000000
7453.993164 0.000000 692.610413 0.000000 0.495670 0.000000 0.868511 1.000000 1.000000 1.000000
7425.541504 0.000000 698.976562 0.000000 0.645521 0.000000 0.763743 1.000000 1.000000 1.000000
7458.170410 0.000000 706.169800 0.000000 0.496333 0.000000 -0.868132 1.000000 1.000000 1.000000
7455.589355 0.000000 707.857544 0.000000 0.206346 0.000000 -0.978479 0.000000 0.000000 0.000000
7458.989746 0.000000 710.026917 0.000000 0.931745 0.000000 -0.363114 1.000000 1.000000 1.000000
7482.962891 0.000000 695.951233 0.000000 0.792785 0.000000 -0.609502 1.000000 1.000000 1.000000
7451.994141 0.000000 702.845764 0.000000 0.975967 0.000000 -0.217920 1.000000 1.000000 1.000000
7520.264648 0.000000 699.681030 0.000000 0.999512 0.000000 0.031243 0.000000 0.000000 0.000000
7526.270996 0.000000 679.219421 0.000000 0.485903 0.000000 0.874013 0.000000 0.000000 0.000000
7510.797363 0.000000 678.787109 0.000000 0.594383 0.000000 -0.804182 0.000000 0.000000 0.000000
7520.909180 0.000000 720.055786 0.000000 0.528901 0.000000 -0.848683 0.000000 0.000000 0.000000
7535.365234 0.000000 708.616150 0.000000 0.322366 0.000000 0.946615 0.000000 0.000000 0.000000
7529.605957 0.000000 715.294006 0.000000 0.782853 0.000000 0.622207 0.000000 0.000000 0.000000
7521.456543 0.000000 691.737366 0.000000 0.190135 0.000000 0.981758 0.000000 0.000000 0.000000
7524.675781 0.000000 710.654541 0.000000 0.188563 0.000000 0.982061 0.000000 0.000000 0.000000
7523.373047 0.000000 704.755798 0.000000 0.407790 0.000000 -0.913076 0.000000 0.000000 0.000000
7537.605957 0.000000 730.666382 0.000000 0.999711 0.000000 0.024050 0.000000 0.000000 0.000000
7526.737793 0.000000 716.290405 0.000000 0.985697 0.000000 -0.168530 0.000000 0.000000 0.000000
7516.903809 0.000000 684.433899 0.000000 0.988825 0.000000 0.149083 0.000000 0.000000 0.000000
7444.950195 0.000000 743.466064 0.000000 0.219485 0.000000 -0.975616 0.000000 0.000000 0.000000
7438.189453 0.000000 770.740601 0.000000 0.456327 0.000000 0.889812 0.000000 0.000000 0.000000
7485.733887 0.000000 768.507080 0.000000 0.960270 0.000000 0.279071 0.000000 0.000000 0.000000
7434.048340 0.000000 779.797180 0.000000 0.820063 0.000000 0.572274 0.000000 0.000000 0.000000
7437.467773 0.000000 749.852173 0.000000 0.435679 0.000000 0.900102 0.000000 0.000000 0.000000
7433.453613 0.000000 740.616272 0.000000 0.324609 0.000000 -0.945848 0.000000 0.000000 0.000000
7438.146973 0.000000 756.150330 0.000000 0.901300 0.000000 0.433195 0.000000 0.000000 0.000000
7438.716309 0.000000 744.030518 0.000000 0.877156 0.000000 -0.480206 0.000000 0.000000 0.000000
7441.626465 0.000000 739.506348 0.000000 0.682390 0.000000 -0.730989 0.000000 0.000000 0.000000
7449.550293 0.000000 745.898315 0.000000 0.914278 0.000000 0.405087 0.000000 0.000000 0.000000
7437.333984 0.000000 738.626221 0.000000 0.951820 0.000000 0.306656 0.000000 0.000000 0.000000
7437.646484 0.000000 775.043091 0.000000 0.575653 0.000000 -0.817694 0.000000 0.000000 0.000000
7446.003418 0.000000 747.999268 0.000000 0.505262 0.000000 0.862966 0.000000 0.000000 0.000000
7434.276367 0.000000 754.904297 0.000000 0.807718 0.000000 -0.589569 0.000000 0.000000 0.000000
7436.652344 0.000000 759.723694 0.000000 0.868792 0.000000 0.495177 0.000000 0.000000 0.000000
7433.808105 0.000000 770.002441 0.000000 0.933247 0.000000 -0.359237 0.000000 0.000000 0.000000
7439.712891 0.000000 752.911011 0.000000 0.046439 0.000000 0.998921 0.000000 0.000000 0.000000
7435.269531 0.000000 743.626953 0.000000 0.937392 0.000000 -0.348276 0.000000 0.000000 0.000000
7448.357910 0.000000 742.807861 0.000000 0.776555 0.000000 -0.630049 1.000000 1.000000 1.000000
7436.424805 0.000000 752.716614 0.000000 0.956960 0.000000 -0.290221 0.000000 0.000000 0.000000
7437.152832 0.000000 779.527954 0.000000 0.993067 0.000000 -0.117549 0.000000 0.000000 0.000000
7430.113770 0.000000 773.255371 0.000000 0.989149 0.000000 0.146916 0.000000 0.000000 0.000000
7435.713867 0.000000 772.299988 0.000000 0.919430 0.000000 0.393253 0.000000 0.000000 0.000000
7437.243652 0.000000 741.538025 0.000000 0.787878 0.000000 -0.615832 1.000000 1.000000 1.000000
7446.909180 0.000000 745.296692 0.000000 0.218109 0.000000 -0.975924 1.000000 1.000000 1.000000
7426.786133 0.000000 769.197571 0.000000 0.306629 0.000000 -0.951829 0.000000 0.000000 0.000000
7439.571289 0.000000 740.909363 0.000000 0.010788 0.000000 0.999942 0.000000 0.000000 0.000000
7435.600586 0.000000 740.018677 0.000000 0.300861 0.000000 0.953668 1.000000 1.000000 1.000000
7437.897461 0.000000 777.404846 0.000000 0.992014 0.000000 -0.126131 0.000000 0.000000 0.000000
7435.945801 0.000000 756.365417 0.000000 0.638467 0.000000 -0.769650 0.000000 0.000000 0.000000
7434.858887 0.000000 741.825500 0.000000 0.441273 0.000000 0.897373 1.000000 1.000000 1.000000
7436.302734 0.000000 754.695312 0.000000 0.532472 0.000000 -0.846447 0.000000 0.000000 0.000000
7436.623047 0.000000 757.928467 0.000000 0.817383 0.000000 0.576095 1.000000 1.000000 1.000000
7542.803711 0.000000 736.363037 0.000000 0.847252 0.000000 0.531191 0.000000 0.000000 0.000000
7549.524414 0.000000 739.810303 0.000000 0.939746 0.000000 -0.341872 0.000000 0.000000 0.000000
7504.020996 0.000000 778.525146 0.000000 0.821017 0.000000 0.570904 0.000000 0.000000 0.000000
7505.626465 0.000000 739.506348 0.000000 0.191720 0.000000 -0.981450 0.000000 0.000000 0.000000
7508.194824 0.000000 780.209717 0.000000 0.845149 0.000000 -0.534531 0.000000 0.000000 0.000000
7510.596680 0.000000 754.828003 0.000000 0.180277 0.000000 0.983616 0.000000 0.000000 0.000000
7551.940430 0.000000 753.746338 0.000000 0.717127 0.000000 0.696942 0.000000 0.000000 0.000000
7508.471191 0.000000 756.122437 0.000000 0.908068 0.000000 0.418823 1.000000 1.000000 1.000000
7550.188965 0.000000 749.371460 0.000000 0.858104 0.000000 -0.513476 1.000000 1.000000 1.000000
7509.939941 0.000000 759.630310 0.000000 0.979971 0.000000 -0.199142 0.000000 0.000000 0.000000
7570.736816 0.000000 784.417908 0.000000 0.907187 0.000000 0.420727 0.000000 0.000000 0.000000
7566.189453 0.000000 770.740601 0.000000 0.982637 0.000000 -0.185537 0.000000 0.000000 0.000000
7565.467773 0.000000 749.852173 0.000000 0.541432 0.000000 0.840744 0.000000 0.000000 0.000000
7565.066406 0.000000 787.513062 0.000000 0.999421 0.000000 0.034028 0.000000 0.000000 0.000000
7565.883301 0.000000 782.793091 0.000000 0.509809 0.000000 -0.860287 0.000000 0.000000 0.000000
7552.522461 0.000000 749.998901 0.000000 0.942441 0.000000 0.334373 0.000000 0.000000 0.000000
7564.244629 0.000000 784.913513 0.000000 0.720073 0.000000 0.693899 0.000000 0.000000 0.000000
7564.277832 0.000000 789.553101 0.000000 0.999814 0.000000 0.019307 1.000000 1.000000 1.000000
7557.852539 0.000000 757.142456 0.000000 0.841527 0.000000 -0.540215 0.000000 0.000000 0.000000
7466.581543 0.000000 809.586060 0.000000 0.533532 0.000000 -0.845780 0.000000 0.000000 0.000000
7478.872070 0.000000 837.115662 0.000000 0.616928 0.000000 -0.787019 0.000000 0.000000 0.000000
7471.365234 0.000000 821.584900 0.000000 0.229855 0.000000 -0.973225 0.000000 0.000000 0.000000
7428.957031 0.000000 836.948364 0.000000 0.500427 0.000000 -0.865779 0.000000 0.000000 0.000000
7444.194824 0.000000 836.694092 0.000000 0.611801 0.000000 0.791012 0.000000 0.000000 0.000000
7455.822266 0.000000 816.842346 0.000000 1.000000 0.000000 -0.000778 0.000000 0.000000 0.000000
7486.612305 0.000000 842.421509 0.000000 0.691091 0.000000 0.722768 0.000000 0.000000 0.000000
7447.759277 0.000000 834.907043 0.000000 0.365896 0.000000 0.930656 0.000000 0.000000 0.000000
7473.158691 0.000000 825.409607 0.000000 0.951454 0.000000 -0.307790 0.000000 0.000000 0.000000
7468.877441 0.000000 824.568237 0.000000 0.148414 0.000000 -0.988925 0.000000 0.000000 0.000000
7472.763672 0.000000 830.587708 0.000000 0.022490 0.000000 -0.999747 0.000000 0.000000 0.000000
7454.089844 0.000000 819.716553 0.000000 0.662725 0.000000 -0.748863 1.000000 1.000000 1.000000
7441.116211 0.000000 838.028748 0.000000 0.163575 0.000000 -0.986531 0.000000 0.000000 0.000000
7430.656738 0.000000 839.598999 0.000000 0.984003 0.000000 0.178152 0.000000 0.000000 0.000000
7431.626953 0.000000 837.131470 0.000000 0.895821 0.000000 0.444415 0.000000 0.000000 0.000000
7473.258789 0.000000 828.238220 0.000000 0.998149 0.000000 0.060808 0.000000 0.000000 0.000000
7471.221680 0.000000 824.079895 0.000000 0.118229 0.000000 -0.992986 0.000000 0.000000 0.000000
7486.298340 0.000000 840.251892 0.000000 0.939704 0.000000 0.341990 0.000000 0.000000 0.000000
7456.249023 0.000000 819.156982 0.000000 0.118425 0.000000 0.992963 0.000000 0.000000 0.000000
7470.922852 0.000000 826.102539 0.000000 0.994964 0.000000 -0.100236 1.000000 1.000000 1.000000
7443.139160 0.000000 838.444946 0.000000 0.523681 0.000000 0.851914 1.000000 1.000000 1.000000
7471.125977 0.000000 829.698364 0.000000 0.688680 0.000000 -0.725066 0.000000 0.000000 0.000000
7454.632324 0.000000 818.091370 0.000000 0.712938 0.000000 0.701227 1.000000 1.000000 1.000000
7540.600586 0.000000 813.995056 0.000000 0.570563 0.000000 0.821254 0.000000 0.000000 0.000000
7527.866699 0.000000 832.484802 0.000000 0.997775 0.000000 -0.066664 0.000000 0.000000 0.000000
7540.885254 0.000000 842.532349 0.000000 0.999557 0.000000 -0.029773 0.000000 0.000000 0.000000
7534.271484 0.000000 828.069763 0.000000 0.443389 0.000000 0.896329 0.000000 0.000000 0.000000
7504.020996 0.000000 835.009521 0.000000 0.429438 0.000000 0.903096 0.000000 0.000000 0.000000
7518.773926 0.000000 807.252930 0.000000 0.921270 0.000000 -0.388925 0.000000 0.000000 0.000000
7539.521484 0.000000 818.790100 0.000000 0.982413 0.000000 -0.186719 0.000000 0.000000 0.000000
7514.548828 0.000000 832.094299 0.000000 0.858686 0.000000 -0.512502 0.000000 0.000000 0.000000
7534.917969 0.000000 812.096008 0.000000 0.069269 0.000000 0.997598 0.000000 0.000000 0.000000
7511.538086 0.000000 827.068054 0.000000 0.648707 0.000000 -0.761038 0.000000 0.000000 0.000000
7520.344727 0.000000 829.098877 0.000000 0.890505 0.000000 0.454974 0.000000 0.000000 0.000000
7522.997070 0.000000 846.744690 0.000000 0.998102 0.000000 -0.061579 0.000000 0.000000 0.000000
7524.219727 0.000000 830.938721 0.000000 0.949907 0.000000 0.312532 0.000000 0.000000 0.000000
7536.887695 0.000000 815.656738 0.000000 0.015787 0.000000 -0.999875 0.000000 0.000000 0.000000
7492.061523 0.000000 806.990845 0.000000 0.969340 0.000000 -0.245724 0.000000 0.000000 0.000000
7517.565918 0.000000 834.080017 0.000000 0.180280 0.000000 0.983615 0.000000 0.000000 0.000000
7540.612793 0.000000 806.493225 0.000000 0.058711 0.000000 -0.998275 0.000000 0.000000 0.000000
7517.587891 0.000000 810.449036 0.000000 0.476166 0.000000 -0.879355 0.000000 0.000000 0.000000
7537.605957 0.000000 843.635132 0.000000 0.944718 0.000000 0.327883 0.000000 0.000000 0.000000
7517.536621 0.000000 830.794373 0.000000 0.413659 0.000000 0.910432 0.000000 0.000000 0.000000
7506.867188 0.000000 833.745178 0.000000 0.551265 0.000000 -0.834330 0.000000 0.000000 0.000000
7530.699707 0.000000 831.160034 0.000000 0.660150 0.000000 -0.751133 1.000000 1.000000 1.000000
7536.015137 0.000000 818.562683 0.000000 0.801608 0.000000 0.597850 0.000000 0.000000 0.000000
7533.602051 0.000000 830.706238 0.000000 0.823630 0.000000 0.567128 0.000000 0.000000 0.000000
7539.409180 0.000000 816.267517 0.000000 0.463803 0.000000 0.885938 0.000000 0.000000 0.000000
7511.654785 0.000000 824.436707 0.000000 0.584596 0.000000 -0.811324 0.000000 0.000000 0.000000
7492.637695 0.000000 809.354065 0.000000 0.383766 0.000000 0.923430 0.000000 0.000000 0.000000
7522.794434 0.000000 829.040710 0.000000 0.238082 0.000000 0.971245 0.000000 0.000000 0.000000
7528.632324 0.000000 830.416382 0.000000 0.856992 0.000000 -0.515330 0.000000 0.000000 0.000000
7519.716309 0.000000 831.231873 0.000000 0.943552 0.000000 -0.331224 1.000000 1.000000 1.000000
7521.958496 0.000000 831.010193 0.000000 0.125474 0.000000 0.992097 1.000000 1.000000 1.000000
7537.818848 0.000000 817.528992 0.000000 0.239364 0.000000 0.970930 1.000000 1.000000 1.000000
7516.530762 0.000000 832.456238 0.000000 0.736849 0.000000 0.676058 1.000000 1.000000 1.000000
7524.653320 0.000000 829.046143 0.000000 0.786333 0.000000 -0.617803 0.000000 0.000000 0.000000
7518.384766 0.000000 832.375916 0.000000 0.057567 0.000000 0.998342 1.000000 1.000000 1.000000
7519.343262 0.000000 833.918030 0.000000 0.390067 0.000000 0.920787 1.000000 1.000000 1.000000
7427.589355 0.000000 859.647888 0.000000 0.499786 0.000000 -0.866149 0.000000 0.000000 0.000000
7485.041992 0.000000 902.923767 0.000000 0.930213 0.000000 -0.367021 0.000000 0.000000 0.000000
7482.107422 0.000000 902.466003 0.000000 0.593563 0.000000 0.804788 0.000000 0.000000 0.000000
7424.974121 0.000000 859.973389 0.000000 0.597078 0.000000 -0.802183 0.000000 0.000000 0.000000
7508.950195 0.000000 856.434814 0.000000 0.934315 0.000000 -0.356448 0.000000 0.000000 0.000000
7523.530762 0.000000 897.854187 0.000000 0.792336 0.000000 -0.610085 0.000000 0.000000 0.000000
7539.915527 0.000000 859.306946 0.000000 0.949229 0.000000 0.314586 0.000000 0.000000 0.000000
7519.430176 0.000000 858.037598 0.000000 0.999574 0.000000 0.029180 0.000000 0.000000 0.000000
7498.048340 0.000000 892.765930 0.000000 0.775852 0.000000 -0.630914 0.000000 0.000000 0.000000
7527.866699 0.000000 888.969177 0.000000 0.666844 0.000000 0.745197 0.000000 0.000000 0.000000
7515.221680 0.000000 893.294189 0.000000 0.366755 0.000000 0.930318 0.000000 0.000000 0.000000
7532.186523 0.000000 894.973816 0.000000 0.942069 0.000000 -0.335419 0.000000 0.000000 0.000000
7533.791016 0.000000 860.603760 0.000000 0.957165 0.000000 -0.289544 0.000000 0.000000 0.000000
7525.443359 0.000000 867.067627 0.000000 0.174082 0.000000 0.984731 0.000000 0.000000 0.000000
7526.720703 0.000000 894.000305 0.000000 0.255461 0.000000 -0.966819 0.000000 0.000000 0.000000
7524.590332 0.000000 857.272278 0.000000 0.974952 0.000000 0.222414 0.000000 0.000000 0.000000
7514.548828 0.000000 888.578674 0.000000 0.987845 0.000000 0.155445 0.000000 0.000000 0.000000
7534.917969 0.000000 868.580383 0.000000 0.780806 0.000000 -0.624774 0.000000 0.000000 0.000000
7501.883301 0.000000 895.761841 0.000000 0.680873 0.000000 -0.732401 0.000000 0.000000 0.000000
7529.396484 0.000000 861.024536 0.000000 0.926376 0.000000 0.376600 1.000000 1.000000 1.000000
7497.597656 0.000000 897.141052 0.000000 0.020499 0.000000 0.999790 0.000000 0.000000 0.000000
7510.596680 0.000000 867.796753 0.000000 0.944547 0.000000 -0.328376 0.000000 0.000000 0.000000
7495.290527 0.000000 890.110718 0.000000 0.602804 0.000000 0.797889 0.000000 0.000000 0.000000
7511.828125 0.000000 871.442444 0.000000 0.832156 0.000000 -0.554541 0.000000 0.000000 0.000000
7522.040527 0.000000 865.570557 0.000000 0.921872 0.000000 0.387495 0.000000 0.000000 0.000000
7534.165527 0.000000 864.807861 0.000000 0.808530 0.000000 -0.588455 0.000000 0.000000 0.000000
7522.139648 0.000000 848.991943 0.000000 0.449539 0.000000 -0.893261 1.000000 1.000000 1.000000
7532.817383 0.000000 856.791626 0.000000 0.218822 0.000000 -0.975765 0.000000 0.000000 0.000000
7536.446289 0.000000 858.096436 0.000000 0.153125 0.000000 -0.988207 0.000000 0.000000 0.000000
7516.683105 0.000000 860.699524 0.000000 0.993195 0.000000 0.116462 0.000000 0.000000 0.000000
7527.553711 0.000000 864.467896 0.000000 0.361899 0.000000 0.932217 0.000000 0.000000 0.000000
7527.443848 0.000000 858.554993 0.000000 0.394571 0.000000 -0.918865 1.000000 1.000000 1.000000
7518.662598 0.000000 893.456055 0.000000 0.542206 0.000000 -0.840245 0.000000 0.000000 0.000000
7529.246582 0.000000 895.577393 0.000000 0.169044 0.000000 0.985608 1.000000 1.000000 1.000000
7501.243652 0.000000 854.506775 0.000000 0.096664 0.000000 0.995317 0.000000 0.000000 0.000000
7524.294922 0.000000 850.922363 0.000000 0.310557 0.000000 0.950555 1.000000 1.000000 1.000000
7530.549316 0.000000 858.377014 0.000000 0.055854 0.000000 0.998439 0.000000 0.000000 0.000000
7497.349609 0.000000 899.820679 0.000000 0.481402 0.000000 0.876500 1.000000 1.000000 1.000000
7491.898438 0.000000 900.022278 0.000000 0.263425 0.000000 0.964680 0.000000 0.000000 0.000000
7499.346680 0.000000 895.229675 0.000000 0.026916 0.000000 0.999638 1.000000 1.000000 1.000000
7524.534668 0.000000 864.443665 0.000000 0.898053 0.000000 0.439888 1.000000 1.000000 1.000000
7523.024414 0.000000 867.837769 0.000000 0.848948 0.000000 -0.528476 1.000000 1.000000 1.000000
7532.874023 0.000000 892.254883 0.000000 0.492827 0.000000 -0.870127 0.000000 0.000000 0.000000
7535.774902 0.000000 866.454163 0.000000 0.429866 0.000000 -0.902892 0.000000 0.000000 0.000000
7527.451172 0.000000 862.261169 0.000000 0.578405 0.000000 -0.815750 1.000000 1.000000 1.000000
7529.380859 0.000000 863.213257 0.000000 0.905026 0.000000 -0.425357 1.000000 1.000000 1.000000
7528.272949 0.000000 897.481262 0.000000 0.804367 0.000000 -0.594132 0.000000 0.000000 0.000000
7534.326660 0.000000 858.383728 0.000000 0.704007 0.000000 -0.710193 1.000000 1.000000 1.000000
7495.299805 0.000000 888.003784 0.000000 0.800590 0.000000 -0.599212 0.000000 0.000000 0.000000
7526.302734 0.000000 860.332336 0.000000 0.917702 0.000000 -0.397269 1.000000 1.000000 1.000000
7532.434570 0.000000 859.044312 0.000000 0.691140 0.000000 -0.722721 1.000000 1.000000 1.000000
7510.347168 0.000000 869.909302 0.000000 0.411325 0.000000 0.911489 0.000000 0.000000 0.000000
7535.881836 0.000000 859.998169 0.000000 0.999117 0.000000 0.042011 1.000000 1.000000 1.000000
7522.286621 0.000000 850.893372 0.000000 0.951709 0.000000 -0.307000 1.000000 1.000000 1.000000
7530.718262 0.000000 893.764648 0.000000 0.536004 0.000000 0.844215 0.000000 0.000000 0.000000
7523.805176 0.000000 866.179993 0.000000 0.632051 0.000000 0.774926 1.000000 1.000000 1.000000
7530.572266 0.000000 896.844543 0.000000 0.867906 0.000000 -0.496728 0.000000 0.000000 0.000000
7523.859863 0.000000 852.947998 0.000000 0.358846 0.000000 0.933397 0.000000 0.000000 0.000000
7529.043945 0.000000 859.281250 0.000000 0.959839 0.000000 -0.280551 1.000000 1.000000 1.000000
7522.022949 0.000000 869.301392 0.000000 0.165864 0.000000 -0.986149 0.000000 0.000000 0.000000
7526.058105 0.000000 863.568054 0.000000 0.185846 0.000000 0.982579 1.000000 1.000000 1.000000
7525.911621 0.000000 850.425354 0.000000 0.937554 0.000000 -0.347839 1.000000 1.000000 1.000000
7580.282227 0.000000 884.161621 0.000000 0.878678 0.000000 -0.477414 0.000000 0.000000 0.000000
7562.048340 0.000000 892.765930 0.000000 0.114207 0.000000 0.993457 0.000000 0.000000 0.000000
7579.221680 0.000000 893.294189 0.000000 0.575091 0.000000 0.818090 0.000000 0.000000 0.000000
7558.599121 0.000000 900.366577 0.000000 0.905461 0.000000 0.424429 0.000000 0.000000 0.000000
7578.616699 0.000000 853.475037 0.000000 0.874807 0.000000 0.484472 0.000000 0.000000 0.000000
7578.548828 0.000000 888.578674 0.000000 0.881036 0.000000 -0.473050 0.000000 0.000000 0.000000
7561.889160 0.000000 902.530640 0.000000 0.249010 0.000000 -0.968501 0.000000 0.000000 0.000000
7568.310547 0.000000 872.060242 0.000000 0.292452 0.000000 0.956280 0.000000 0.000000 0.000000
7563.443359 0.000000 877.252686 0.000000 0.958857 0.000000 -0.283890 0.000000 0.000000 0.000000
8042.581543 0.000000 470.679810 0.000000 0.308034 0.000000 -0.951375 0.000000 0.000000 0.000000
8010.048340 0.000000 497.375305 0.000000 0.142551 0.000000 -0.989787 0.000000 0.000000 0.000000
8007.693359 0.000000 483.707581 0.000000 0.855675 0.000000 0.517513 0.000000 0.000000 0.000000
8045.233887 0.000000 477.772278 0.000000 0.462019 0.000000 0.886870 0.000000 0.000000 0.000000
8054.872070 0.000000 498.209412 0.000000 0.167882 0.000000 -0.985807 0.000000 0.000000 0.000000
8031.273438 0.000000 506.751404 0.000000 0.999995 0.000000 -0.003212 0.000000 0.000000 0.000000
8009.424316 0.000000 479.748810 0.000000 0.768480 0.000000 0.639874 0.000000 0.000000 0.000000
8041.764648 0.000000 480.199219 0.000000 0.372406 0.000000 -0.928070 0.000000 0.000000 0.000000
8052.392090 0.000000 500.261719 0.000000 0.098136 0.000000 0.995173 0.000000 0.000000 0.000000
8011.443359 0.000000 481.862061 0.000000 0.566566 0.000000 -0.824017 0.000000 0.000000 0.000000
8050.714844 0.000000 502.347900 0.000000 0.294345 0.000000 0.955699 0.000000 0.000000 0.000000
8044.263184 0.000000 502.050110 0.000000 0.991645 0.000000 0.128998 0.000000 0.000000 0.000000
8044.424316 0.000000 504.421051 0.000000 0.405153 0.000000 0.914249 0.000000 0.000000 0.000000
8011.910645 0.000000 479.557953 0.000000 0.907544 0.000000 0.419956 0.000000 0.000000 0.000000
8048.587402 0.000000 502.801056 0.000000 0.194281 0.000000 0.980946 1.000000 1.000000 1.000000
8046.877930 0.000000 505.298492 0.000000 0.899802 0.000000 0.436298 0.000000 0.000000 0.000000
8020.950195 0.000000 517.528564 0.000000 0.166623 0.000000 -0.986021 0.000000 0.000000 0.000000
8061.524414 0.000000 513.872803 0.000000 0.079331 0.000000 -0.996848 0.000000 0.000000 0.000000
8037.084961 0.000000 523.156982 0.000000 0.983139 0.000000 -0.182860 0.000000 0.000000 0.000000
8057.915527 0.000000 519.074158 0.000000 0.689708 0.000000 -0.724087 0.000000 0.000000 0.000000
8029.587891 0.000000 528.027161 0.000000 0.478374 0.000000 0.878156 0.000000 0.000000 0.000000
8121.729980 0.000000 549.148865 0.000000 0.192638 0.000000 -0.981270 0.000000 0.000000 0.000000
8100.590332 0.000000 518.366028 0.000000 0.951683 0.000000 -0.307083 0.000000 0.000000 0.000000
8073.889160 0.000000 563.624390 0.000000 0.691767 0.000000 0.722121 0.000000 0.000000 0.000000
8070.827637 0.000000 564.358215 0.000000 0.606935 0.000000 0.794752 0.000000 0.000000 0.000000
8114.616699 0.000000 554.412598 0.000000 0.837827 0.000000 0.545935 0.000000 0.000000 0.000000
8088.982910 0.000000 512.233276 0.000000 0.490375 0.000000 -0.871511 0.000000 0.000000 0.000000
8127.683594 0.000000 577.884155 0.000000 0.927932 0.000000 0.372750 0.000000 0.000000 0.000000
8103.866699 0.000000 606.547302 0.000000 0.633390 0.000000 -0.773833 0.000000 0.000000 0.000000
8095.273438 0.000000 619.720154 0.000000 0.962003 0.000000 0.273039 0.000000 0.000000 0.000000
8096.344727 0.000000 603.161377 0.000000 0.578929 0.000000 -0.815378 0.000000 0.000000 0.000000
8118.496094 0.000000 594.152649 0.000000 0.998516 0.000000 0.054464 0.000000 0.000000 0.000000
8103.443848 0.000000 576.133118 0.000000 0.906928 0.000000 0.421286 0.000000 0.000000 0.000000
8096.693359 0.000000 616.832031 0.000000 0.772184 0.000000 -0.635399 0.000000 0.000000 0.000000
8094.662598 0.000000 611.034180 0.000000 0.726353 0.000000 0.687322 0.000000 0.000000 0.000000
8086.343750 0.000000 582.235962 0.000000 0.146619 0.000000 -0.989193 1.000000 1.000000 1.000000
8112.015137 0.000000 592.625183 0.000000 0.915191 0.000000 -0.403019 0.000000 0.000000 0.000000
8114.278320 0.000000 595.552673 0.000000 0.753808 0.000000 -0.657094 1.000000 1.000000 1.000000
8104.221680 0.000000 585.286987 0.000000 0.984509 0.000000 -0.175337 1.000000 1.000000 1.000000
8086.909180 0.000000 575.843567 0.000000 0.011077 0.000000 0.999939 1.000000 1.000000 1.000000
8102.386719 0.000000 587.191833 0.000000 0.945178 0.000000 0.326557 1.000000 1.000000 1.000000
8084.109863 0.000000 576.533386 0.000000 0.340166 0.000000 0.940365 0.000000 0.000000 0.000000
8099.895020 0.000000 577.357361 0.000000 0.982634 0.000000 0.185555 0.000000 0.000000 0.000000
8102.885742 0.000000 609.005432 0.000000 0.929228 0.000000 0.369508 0.000000 0.000000 0.000000
8091.921387 0.000000 580.799500 0.000000 0.955418 0.000000 0.295258 0.000000 0.000000 0.000000
8097.496582 0.000000 589.074524 0.000000 0.954376 0.000000 -0.298607 0.000000 0.000000 0.000000
8090.002441 0.000000 578.879089 0.000000 0.721297 0.000000 -0.692626 0.000000 0.000000 0.000000
8092.691406 0.000000 612.936035 0.000000 0.917449 0.000000 -0.397853 0.000000 0.000000 0.000000
8100.534668 0.000000 582.021790 0.000000 0.149326 0.000000 0.988788 1.000000 1.000000 1.000000
8099.024414 0.000000 585.415894 0.000000 0.010214 0.000000 -0.999948 1.000000 1.000000 1.000000
8088.755859 0.000000 584.192993 0.000000 0.733302 0.000000 -0.679903 1.000000 1.000000 1.000000
8098.304199 0.000000 580.943604 0.000000 0.873823 0.000000 -0.486244 1.000000 1.000000 1.000000
8116.417969 0.000000 595.168762 0.000000 0.655446 0.000000 0.755242 1.000000 1.000000 1.000000
8087.342285 0.000000 580.354492 0.000000 0.024854 0.000000 -0.999691 1.000000 1.000000 1.000000
8087.989746 0.000000 577.873596 0.000000 0.680463 0.000000 0.732782 1.000000 1.000000 1.000000
8113.077637 0.000000 597.231689 0.000000 0.996113 0.000000 0.088084 1.000000 1.000000 1.000000
8100.267090 0.000000 589.734497 0.000000 0.972700 0.000000 0.232068 1.000000 1.000000 1.000000
8119.775879 0.000000 592.568726 0.000000 0.997297 0.000000 -0.073478 0.000000 0.000000 0.000000
8113.665527 0.000000 593.606323 0.000000 0.214114 0.000000 -0.976809 0.000000 0.000000 0.000000
8096.410645 0.000000 582.213257 0.000000 0.047160 0.000000 0.998887 0.000000 0.000000 0.000000
8092.971191 0.000000 610.156433 0.000000 0.248882 0.000000 0.968534 1.000000 1.000000 1.000000
8099.805176 0.000000 583.758118 0.000000 0.558820 0.000000 -0.829289 1.000000 1.000000 1.000000
8099.248535 0.000000 579.205139 0.000000 0.158309 0.000000 -0.987390 1.000000 1.000000 1.000000
8100.762207 0.000000 586.348877 0.000000 0.912717 0.000000 -0.408592 1.000000 1.000000 1.000000
8105.984863 0.000000 585.780396 0.000000 0.697707 0.000000 -0.716384 1.000000 1.000000 1.000000
8104.327148 0.000000 587.115601 0.000000 0.981747 0.000000 0.190190 1.000000 1.000000 1.000000
8098.022949 0.000000 586.879517 0.000000 0.343287 0.000000 0.939231 1.000000 1.000000 1.000000
8088.050781 0.000000 582.556763 0.000000 0.995254 0.000000 0.097308 1.000000 1.000000 1.000000
8097.168457 0.000000 585.136047 0.000000 0.187316 0.000000 -0.982300 1.000000 1.000000 1.000000
8086.760742 0.000000 574.048157 0.000000 0.968877 0.000000 -0.247542 1.000000 1.000000 1.000000
8068.957031 0.000000 667.495239 0.000000 0.300150 0.000000 -0.953892 0.000000 0.000000 0.000000
8066.854492 0.000000 668.875061 0.000000 0.925126 0.000000 0.379661 0.000000 0.000000 0.000000
6705.044434 0.000000 952.433960 0.000000 0.876709 0.000000 -0.481020 0.000000 0.000000 0.000000
6713.614258 0.000000 956.131165 0.000000 0.874664 0.000000 -0.484731 0.000000 0.000000 0.000000
6718.612305 0.000000 955.390259 0.000000 0.833358 0.000000 -0.552734 0.000000 0.000000 0.000000
6702.444824 0.000000 955.112244 0.000000 0.603339 0.000000 -0.797485 1.000000 1.000000 1.000000
6714.107422 0.000000 958.950378 0.000000 0.491639 0.000000 -0.870799 1.000000 1.000000 1.000000
6719.022949 0.000000 957.915588 0.000000 0.332257 0.000000 -0.943189 0.000000 0.000000 0.000000
6715.743652 0.000000 954.477539 0.000000 0.893747 0.000000 0.448572 0.000000 0.000000 0.000000
6702.583984 0.000000 952.530579 0.000000 0.311026 0.000000 0.950401 0.000000 0.000000 0.000000
6700.424316 0.000000 956.296021 0.000000 0.999080 0.000000 -0.042874 0.000000 0.000000 0.000000
6702.877930 0.000000 957.173462 0.000000 0.374682 0.000000 0.927153 0.000000 0.000000 0.000000
6714.541992 0.000000 952.921021 0.000000 0.750383 0.000000 -0.661003 0.000000 0.000000 0.000000
6729.453613 0.000000 910.069397 0.000000 0.124494 0.000000 0.992220 0.000000 0.000000 0.000000
6723.716309 0.000000 944.856140 0.000000 0.938798 0.000000 -0.344469 0.000000 0.000000 0.000000
6720.315430 0.000000 930.175598 0.000000 0.017536 0.000000 0.999846 0.000000 0.000000 0.000000
6754.074219 0.000000 909.269775 0.000000 0.630899 0.000000 0.775865 0.000000 0.000000 0.000000
6721.469238 0.000000 958.298096 0.000000 0.309809 0.000000 0.950799 0.000000 0.000000 0.000000
6725.002930 0.000000 939.877991 0.000000 0.951660 0.000000 -0.307153 0.000000 0.000000 0.000000
6750.600098 0.000000 953.453613 0.000000 0.448478 0.000000 -0.893794 0.000000 0.000000 0.000000
6740.194824 0.000000 949.662842 0.000000 0.528220 0.000000 0.849108 0.000000 0.000000 0.000000
6729.597656 0.000000 953.625427 0.000000 0.969538 0.000000 -0.244943 0.000000 0.000000 0.000000
6720.110840 0.000000 914.114502 0.000000 0.682596 0.000000 0.730796 0.000000 0.000000 0.000000
6727.290527 0.000000 946.595093 0.000000 0.441170 0.000000 -0.897424 0.000000 0.000000 0.000000
6729.889160 0.000000 959.015015 0.000000 0.233854 0.000000 -0.972272 0.000000 0.000000 0.000000
6726.113770 0.000000 942.708496 0.000000 0.320851 0.000000 0.947130 0.000000 0.000000 0.000000
6726.827637 0.000000 959.748840 0.000000 0.550104 0.000000 0.835096 0.000000 0.000000 0.000000
6722.892090 0.000000 941.951294 0.000000 0.755287 0.000000 0.655394 0.000000 0.000000 0.000000
6723.898438 0.000000 956.506653 0.000000 0.195974 0.000000 -0.980609 0.000000 0.000000 0.000000
6726.927734 0.000000 910.097412 0.000000 0.718441 0.000000 -0.695587 0.000000 0.000000 0.000000
6729.040527 0.000000 945.274597 0.000000 0.355338 0.000000 -0.934738 0.000000 0.000000 0.000000
6703.844727 0.000000 967.344849 0.000000 0.978480 0.000000 0.206344 0.000000 0.000000 0.000000
6714.875000 0.000000 960.388855 0.000000 0.652353 0.000000 0.757916 1.000000 1.000000 1.000000
6709.757812 0.000000 979.599121 0.000000 0.383508 0.000000 -0.923538 0.000000 0.000000 0.000000
6711.430664 0.000000 974.111389 0.000000 0.320347 0.000000 -0.947300 0.000000 0.000000 0.000000
6715.875488 0.000000 974.440613 0.000000 0.880507 0.000000 0.474033 0.000000 0.000000 0.000000
6717.449707 0.000000 969.720520 0.000000 0.907688 0.000000 0.419646 0.000000 0.000000 0.000000
6700.817383 0.000000 969.760376 0.000000 0.217531 0.000000 -0.976053 0.000000 0.000000 0.000000
6707.006836 0.000000 968.679443 0.000000 0.987363 0.000000 0.158477 0.000000 0.000000 0.000000
6708.612793 0.000000 975.946350 0.000000 0.749541 0.000000 0.661958 0.000000 0.000000 0.000000
6714.815430 0.000000 967.803528 0.000000 0.956595 0.000000 -0.291422 0.000000 0.000000 0.000000
6710.469238 0.000000 970.388489 0.000000 0.737077 0.000000 0.675809 0.000000 0.000000 0.000000
6716.365723 0.000000 962.962036 0.000000 0.027447 0.000000 0.999623 0.000000 0.000000 0.000000
6706.542480 0.000000 966.032898 0.000000 0.447995 0.000000 -0.894036 1.000000 1.000000 1.000000
6717.258301 0.000000 972.248718 0.000000 0.132572 0.000000 0.991173 1.000000 1.000000 1.000000
6712.357422 0.000000 968.581299 0.000000 0.528490 0.000000 0.848939 0.000000 0.000000 0.000000
6719.940430 0.000000 979.683838 0.000000 0.038143 0.000000 0.999272 0.000000 0.000000 0.000000
6712.373535 0.000000 960.372803 0.000000 0.918496 0.000000 -0.395429 1.000000 1.000000 1.000000
6713.683105 0.000000 962.390137 0.000000 0.809525 0.000000 0.587086 0.000000 0.000000 0.000000
6713.361328 0.000000 973.023621 0.000000 0.925939 0.000000 0.377673 1.000000 1.000000 1.000000
6719.211914 0.000000 971.066162 0.000000 0.803154 0.000000 -0.595771 0.000000 0.000000 0.000000
6709.305176 0.000000 973.885315 0.000000 0.667776 0.000000 0.744362 0.000000 0.000000 0.000000
6716.870605 0.000000 967.626892 0.000000 0.625031 0.000000 0.780600 0.000000 0.000000 0.000000
6706.463867 0.000000 976.162720 0.000000 0.012598 0.000000 0.999921 0.000000 0.000000 0.000000
6711.476074 0.000000 972.129639 0.000000 0.965571 0.000000 0.260140 1.000000 1.000000 1.000000
6708.201660 0.000000 967.182373 0.000000 0.725767 0.000000 0.687940 0.000000 0.000000 0.000000
6715.325195 0.000000 972.349670 0.000000 0.202480 0.000000 0.979286 1.000000 1.000000 1.000000
6712.204590 0.000000 970.495239 0.000000 0.615131 0.000000 0.788425 1.000000 1.000000 1.000000
6719.180664 0.000000 966.335815 0.000000 0.657293 0.000000 -0.753635 0.000000 0.000000 0.000000
6735.347656 0.000000 960.518433 0.000000 0.910082 0.000000 0.414427 0.000000 0.000000 0.000000
6741.428223 0.000000 992.582031 0.000000 0.814823 0.000000 -0.579710 0.000000 0.000000 0.000000
6729.437988 0.000000 961.052063 0.000000 0.999931 0.000000 0.011775 0.000000 0.000000 0.000000
6759.675293 0.000000 1015.008240 0.000000 0.584722 0.000000 -0.811234 0.000000 0.000000 0.000000
6771.720703 0.000000 998.106140 0.000000 0.819493 0.000000 -0.573090 0.000000 0.000000 0.000000
6725.568848 0.000000 964.252258 0.000000 0.498263 0.000000 -0.867026 0.000000 0.000000 0.000000
6733.333984 0.000000 964.563721 0.000000 0.998987 0.000000 -0.045005 0.000000 0.000000 0.000000
6725.348633 0.000000 968.676147 0.000000 0.460355 0.000000 0.887735 0.000000 0.000000 0.000000
6720.110840 0.000000 970.598877 0.000000 0.996500 0.000000 -0.083592 1.000000 1.000000 1.000000
6720.522461 0.000000 975.936401 0.000000 0.713851 0.000000 -0.700298 1.000000 1.000000 1.000000
6726.798828 0.000000 974.501343 0.000000 0.489156 0.000000 -0.872196 0.000000 0.000000 0.000000
6729.939941 0.000000 975.522827 0.000000 0.287256 0.000000 0.957854 0.000000 0.000000 0.000000
6730.448242 0.000000 963.839294 0.000000 0.972186 0.000000 0.234210 0.000000 0.000000 0.000000
6726.297363 0.000000 961.582520 0.000000 0.985952 0.000000 0.167026 0.000000 0.000000 0.000000
6722.759766 0.000000 969.348999 0.000000 0.851430 0.000000 -0.524469 1.000000 1.000000 1.000000
6724.015137 0.000000 966.321472 0.000000 0.916145 0.000000 0.400846 1.000000 1.000000 1.000000
6720.974121 0.000000 972.942139 0.000000 0.925943 0.000000 -0.377663 1.000000 1.000000 1.000000
6726.927734 0.000000 966.581787 0.000000 0.864899 0.000000 0.501946 0.000000 0.000000 0.000000
6728.000977 0.000000 964.295593 0.000000 0.172672 0.000000 0.984979 0.000000 0.000000 0.000000
6751.881836 0.000000 962.883850 0.000000 0.961768 0.000000 0.273865 0.000000 0.000000 0.000000
6722.523438 0.000000 974.649231 0.000000 0.917119 0.000000 0.398614 0.000000 0.000000 0.000000
6720.060059 0.000000 968.482605 0.000000 0.402484 0.000000 0.915427 1.000000 1.000000 1.000000
6722.093750 0.000000 971.300781 0.000000 0.396215 0.000000 0.918158 0.000000 0.000000 0.000000
6723.807617 0.000000 968.036194 0.000000 0.615894 0.000000 -0.787829 1.000000 1.000000 1.000000
6798.189453 0.000000 940.193726 0.000000 0.692738 0.000000 -0.721190 0.000000 0.000000 0.000000
6829.233887 0.000000 929.647278 0.000000 0.996924 0.000000 0.078375 0.000000 0.000000 0.000000
6814.773926 0.000000 920.221680 0.000000 0.986187 0.000000 -0.165636 0.000000 0.000000 0.000000
6802.853027 0.000000 940.357422 0.000000 0.045742 0.000000 0.998953 0.000000 0.000000 0.000000
6807.538086 0.000000 940.036804 0.000000 0.998027 0.000000 0.062790 0.000000 0.000000 0.000000
6846.127441 0.000000 921.190002 0.000000 0.801539 0.000000 0.597942 0.000000 0.000000 0.000000
6800.913574 0.000000 936.320068 0.000000 0.983269 0.000000 -0.182159 0.000000 0.000000 0.000000
6801.216309 0.000000 943.631287 0.000000 0.751208 0.000000 0.660065 0.000000 0.000000 0.000000
6798.569336 0.000000 937.518738 0.000000 0.907081 0.000000 -0.420956 0.000000 0.000000 0.000000
6800.687988 0.000000 938.935181 0.000000 0.864169 0.000000 -0.503201 0.000000 0.000000 0.000000
6827.705078 0.000000 931.137756 0.000000 0.178890 0.000000 -0.983869 0.000000 0.000000 0.000000
6816.410645 0.000000 921.119507 0.000000 0.216597 0.000000 -0.976261 0.000000 0.000000 0.000000
6873.268555 0.000000 920.159119 0.000000 0.278731 0.000000 0.960369 0.000000 0.000000 0.000000
6873.924805 0.000000 956.990479 0.000000 0.217682 0.000000 0.976020 0.000000 0.000000 0.000000
6850.164551 0.000000 923.121521 0.000000 0.844404 0.000000 -0.535707 0.000000 0.000000 0.000000
6909.041992 0.000000 959.408142 0.000000 0.151591 0.000000 -0.988443 0.000000 0.000000 0.000000
6895.844727 0.000000 910.860474 0.000000 0.800273 0.000000 -0.599636 0.000000 0.000000 0.000000
6862.146973 0.000000 925.603455 0.000000 0.784509 0.000000 0.620118 0.000000 0.000000 0.000000
6857.437988 0.000000 904.567688 0.000000 0.829281 0.000000 0.558832 0.000000 0.000000 0.000000
6869.636230 0.000000 958.252258 0.000000 0.996346 0.000000 0.085407 0.000000 0.000000 0.000000
6881.638184 0.000000 950.518616 0.000000 0.904578 0.000000 -0.426309 0.000000 0.000000 0.000000
6874.844238 0.000000 905.467468 0.000000 0.453191 0.000000 0.891413 0.000000 0.000000 0.000000
6889.896973 0.000000 903.778381 0.000000 0.917386 0.000000 0.397999 0.000000 0.000000 0.000000
6896.446289 0.000000 914.580811 0.000000 0.556803 0.000000 0.830644 0.000000 0.000000 0.000000
6863.712891 0.000000 922.364136 0.000000 0.551032 0.000000 0.834484 0.000000 0.000000 0.000000
6899.006836 0.000000 912.195068 0.000000 0.979686 0.000000 -0.200536 0.000000 0.000000 0.000000
6860.424805 0.000000 922.169739 0.000000 0.979199 0.000000 -0.202905 0.000000 0.000000 0.000000
6884.294922 0.000000 907.406738 0.000000 0.306823 0.000000 -0.951767 0.000000 0.000000 0.000000
6895.681152 0.000000 906.651794 0.000000 0.661732 0.000000 0.749741 0.000000 0.000000 0.000000
6881.210938 0.000000 953.192810 0.000000 0.565241 0.000000 0.824926 0.000000 0.000000 0.000000
6887.590820 0.000000 907.365173 0.000000 0.978813 0.000000 -0.204755 0.000000 0.000000 0.000000
6911.022949 0.000000 957.915588 0.000000 0.256911 0.000000 -0.966435 0.000000 0.000000 0.000000
6873.025879 0.000000 903.997925 0.000000 0.120300 0.000000 -0.992738 0.000000 0.000000 0.000000
6889.191406 0.000000 905.880493 0.000000 0.059579 0.000000 0.998224 0.000000 0.000000 0.000000
6865.646484 0.000000 923.074829 0.000000 0.872459 0.000000 -0.488687 0.000000 0.000000 0.000000
6847.683594 0.000000 973.274780 0.000000 0.186212 0.000000 -0.982510 0.000000 0.000000 0.000000
6829.255371 0.000000 1015.109863 0.000000 0.720368 0.000000 -0.693592 0.000000 0.000000 0.000000
6842.133789 0.000000 987.698853 0.000000 0.825014 0.000000 -0.565113 0.000000 0.000000 0.000000
6838.872070 0.000000 1006.568787 0.000000 0.608759 0.000000 0.793355 0.000000 0.000000 0.000000
6815.273438 0.000000 1015.110779 0.000000 0.667595 0.000000 -0.744524 0.000000 0.000000 0.000000
6834.569336 0.000000 1016.208191 0.000000 0.099795 0.000000 0.995008 0.000000 0.000000 0.000000
6833.605957 0.000000 1013.088257 0.000000 0.814215 0.000000 0.580563 0.000000 0.000000 0.000000
6813.075684 0.000000 1012.634583 0.000000 0.109501 0.000000 -0.993987 1.000000 1.000000 1.000000
6812.116211 0.000000 1015.649963 0.000000 0.769850 0.000000 0.638225 1.000000 1.000000 1.000000
6809.164062 0.000000 1016.093811 0.000000 0.658355 0.000000 0.752707 0.000000 0.000000 0.000000
6831.961914 0.000000 1015.494263 0.000000 0.856124 0.000000 -0.516771 0.000000 0.000000 0.000000
6813.530273 0.000000 1014.407776 0.000000 0.069213 0.000000 -0.997602 1.000000 1.000000 1.000000
6811.848633 0.000000 1013.893555 0.000000 0.757131 0.000000 -0.653263 0.000000 0.000000 0.000000
6851.589355 0.000000 972.616638 0.000000 0.318320 0.000000 0.947983 0.000000 0.000000 0.000000
6870.797363 0.000000 961.208984 0.000000 0.086631 0.000000 0.996240 0.000000 0.000000 0.000000
6898.569336 0.000000 1016.208191 0.000000 0.997098 0.000000 0.076132 0.000000 0.000000 0.000000
6853.568848 0.000000 964.252258 0.000000 0.788188 0.000000 0.615435 0.000000 0.000000 0.000000
6884.294922 0.000000 963.891113 0.000000 0.327156 0.000000 -0.944970 0.000000 0.000000 0.000000
6890.622559 0.000000 1014.259460 0.000000 0.365746 0.000000 0.930715 0.000000 0.000000 0.000000
6895.961914 0.000000 1015.494263 0.000000 0.419723 0.000000 -0.907652 0.000000 0.000000 0.000000
6848.164062 0.000000 1016.573425 0.000000 0.217016 0.000000 0.976168 0.000000 0.000000 0.000000
6797.467773 0.000000 1032.274048 0.000000 0.999862 0.000000 -0.016598 0.000000 0.000000 0.000000
6806.797363 0.000000 1017.693359 0.000000 0.628793 0.000000 0.777573 0.000000 0.000000 0.000000
6810.616699 0.000000 1022.928162 0.000000 0.870318 0.000000 0.492490 0.000000 0.000000 0.000000
6793.095215 0.000000 1028.706177 0.000000 0.466216 0.000000 -0.884671 0.000000 0.000000 0.000000
6847.291016 0.000000 1017.123840 0.000000 0.930438 0.000000 -0.366448 0.000000 0.000000 0.000000
6801.893555 0.000000 1030.033569 0.000000 0.580383 0.000000 0.814344 0.000000 0.000000 0.000000
6810.844238 0.000000 1018.436218 0.000000 0.219824 0.000000 0.975540 1.000000 1.000000 1.000000
6814.227539 0.000000 1021.276123 0.000000 0.773281 0.000000 -0.634063 0.000000 0.000000 0.000000
6784.173340 0.000000 1018.543396 0.000000 0.817656 0.000000 -0.575707 0.000000 0.000000 0.000000
6790.798828 0.000000 1030.985718 0.000000 0.533254 0.000000 -0.845955 0.000000 0.000000 0.000000
6833.495117 0.000000 1016.818787 0.000000 0.716309 0.000000 0.697783 0.000000 0.000000 0.000000
6808.982910 0.000000 1020.592651 0.000000 0.999963 0.000000 0.008588 0.000000 0.000000 0.000000
6790.202148 0.000000 1028.231567 0.000000 0.917142 0.000000 0.398561 1.000000 1.000000 1.000000
6801.307129 0.000000 1027.664673 0.000000 0.312644 0.000000 -0.949870 0.000000 0.000000 0.000000
6813.269531 0.000000 1018.878113 0.000000 0.117893 0.000000 0.993026 0.000000 0.000000 0.000000
6811.828125 0.000000 1020.757935 0.000000 0.996348 0.000000 -0.085389 1.000000 1.000000 1.000000
6812.442383 0.000000 1016.736145 0.000000 0.867054 0.000000 0.498215 0.000000 0.000000 0.000000
6799.288574 0.000000 1031.256714 0.000000 0.532725 0.000000 0.846288 0.000000 0.000000 0.000000
6791.854492 0.000000 1027.466797 0.000000 0.971986 0.000000 -0.235039 0.000000 0.000000 0.000000
6791.353027 0.000000 1029.420044 0.000000 0.904907 0.000000 0.425610 1.000000 1.000000 1.000000
6880.264648 0.000000 1038.587280 0.000000 0.457042 0.000000 -0.889445 0.000000 0.000000 0.000000
6889.423340 0.000000 1049.140991 0.000000 0.582075 0.000000 0.813135 0.000000 0.000000 0.000000
6851.589355 0.000000 1029.100952 0.000000 0.359870 0.000000 -0.933002 0.000000 0.000000 0.000000
6893.233887 0.000000 1042.616089 0.000000 0.403800 0.000000 -0.914847 0.000000 0.000000 0.000000
6850.164551 0.000000 1036.090332 0.000000 0.988011 0.000000 -0.154380 0.000000 0.000000 0.000000
6886.465332 0.000000 1041.816528 0.000000 0.399674 0.000000 -0.916657 0.000000 0.000000 0.000000
6857.095215 0.000000 1028.706177 0.000000 0.127118 0.000000 0.991888 0.000000 0.000000 0.000000
6895.365234 0.000000 1047.522339 0.000000 0.888487 0.000000 0.458902 0.000000 0.000000 0.000000
6865.893555 0.000000 1030.033569 0.000000 0.407479 0.000000 -0.913215 0.000000 0.000000 0.000000
6898.569336 0.000000 1072.692505 0.000000 0.383947 0.000000 0.923355 0.000000 0.000000 0.000000
6898.317383 0.000000 1019.909912 0.000000 0.877743 0.000000 0.479133 0.000000 0.000000 0.000000
6889.605957 0.000000 1054.200195 0.000000 0.844616 0.000000 -0.535373 0.000000 0.000000 0.000000
6904.851562 0.000000 1048.331177 0.000000 0.253871 0.000000 -0.967238 1.000000 1.000000 1.000000
6890.064453 0.000000 1068.042603 0.000000 0.005002 0.000000 0.999987 0.000000 0.000000 0.000000
6909.935547 0.000000 1046.748779 0.000000 0.092058 0.000000 0.995754 0.000000 0.000000 0.000000
6910.612305 0.000000 1068.359009 0.000000 0.111384 0.000000 -0.993777 0.000000 0.000000 0.000000
6848.173340 0.000000 1018.543396 0.000000 0.565800 0.000000 0.824543 0.000000 0.000000 0.000000
6884.219727 0.000000 1056.876221 0.000000 0.362484 0.000000 -0.931990 0.000000 0.000000 0.000000
6894.444824 0.000000 1068.080933 0.000000 0.895590 0.000000 0.444880 0.000000 0.000000 0.000000
6892.877441 0.000000 1050.505737 0.000000 0.989264 0.000000 0.146137 0.000000 0.000000 0.000000
6853.963867 0.000000 1037.417725 0.000000 0.813393 0.000000 -0.581714 0.000000 0.000000 0.000000
6878.089844 0.000000 1045.654053 0.000000 0.925593 0.000000 -0.378520 0.000000 0.000000 0.000000
6877.587891 0.000000 1036.386475 0.000000 0.825205 0.000000 0.564833 1.000000 1.000000 1.000000
6854.798828 0.000000 1030.985718 0.000000 0.923641 0.000000 -0.383260 0.000000 0.000000 0.000000
6892.084473 0.000000 1047.462524 0.000000 0.060314 0.000000 -0.998179 1.000000 1.000000 1.000000
6886.737793 0.000000 1055.196655 0.000000 0.990713 0.000000 -0.135972 0.000000 0.000000 0.000000
6901.610352 0.000000 1052.211548 0.000000 0.145694 0.000000 -0.989330 0.000000 0.000000 0.000000
6900.340820 0.000000 1017.054810 0.000000 0.726436 0.000000 -0.687235 0.000000 0.000000 0.000000
6897.495117 0.000000 1016.818787 0.000000 0.089248 0.000000 0.996009 0.000000 0.000000 0.000000
6864.764160 0.000000 1032.670776 0.000000 0.199401 0.000000 -0.979918 0.000000 0.000000 0.000000
6854.202148 0.000000 1028.231567 0.000000 0.963780 0.000000 -0.266697 0.000000 0.000000 0.000000
6890.622559 0.000000 1070.743774 0.000000 0.248016 0.000000 0.968756 0.000000 0.000000 0.000000
6907.206543 0.000000 1046.699463 0.000000 0.746649 0.000000 -0.665219 1.000000 1.000000 1.000000
6890.478516 0.000000 1042.455811 0.000000 0.323646 0.000000 0.946178 0.000000 0.000000 0.000000
6890.452148 0.000000 1051.652832 0.000000 0.562337 0.000000 -0.826908 1.000000 1.000000 1.000000
6908.341309 0.000000 1069.886597 0.000000 0.998800 0.000000 -0.048969 0.000000 0.000000 0.000000
6895.961914 0.000000 1071.978638 0.000000 0.999973 0.000000 0.007378 0.000000 0.000000 0.000000
6895.681152 0.000000 1019.620544 0.000000 0.319154 0.000000 -0.947703 0.000000 0.000000 0.000000
6893.452148 0.000000 1045.288574 0.000000 0.995290 0.000000 -0.096941 0.000000 0.000000 0.000000
6907.279297 0.000000 1041.920288 0.000000 0.919054 0.000000 -0.394131 0.000000 0.000000 0.000000
6908.546387 0.000000 1044.658447 0.000000 0.031585 0.000000 -0.999501 0.000000 0.000000 0.000000
6907.743652 0.000000 1067.446289 0.000000 0.513296 0.000000 0.858212 0.000000 0.000000 0.000000
6892.263184 0.000000 1066.893799 0.000000 0.982215 0.000000 0.187759 0.000000 0.000000 0.000000
6879.885254 0.000000 1035.908813 0.000000 0.289912 0.000000 0.957053 0.000000 0.000000 0.000000
6856.162109 0.000000 1036.439575 0.000000 0.054037 0.000000 -0.998539 0.000000 0.000000 0.000000
6904.956055 0.000000 1042.134521 0.000000 0.434004 0.000000 0.900911 0.000000 0.000000 0.000000
6904.713379 0.000000 1046.141724 0.000000 0.965758 0.000000 -0.259443 1.000000 1.000000 1.000000
6902.375000 0.000000 1048.268433 0.000000 0.644240 0.000000 0.764823 0.000000 0.000000 0.000000
6900.417969 0.000000 1047.043823 0.000000 0.749023 0.000000 -0.662544 1.000000 1.000000 1.000000
6856.383301 0.000000 1038.582520 0.000000 0.780775 0.000000 0.624812 0.000000 0.000000 0.000000
6888.507812 0.000000 1041.141113 0.000000 0.493979 0.000000 0.869474 1.000000 1.000000 1.000000
6894.877930 0.000000 1070.142212 0.000000 0.338560 0.000000 0.940945 0.000000 0.000000 0.000000
6891.937012 0.000000 1073.146240 0.000000 0.645727 0.000000 0.763568 0.000000 0.000000 0.000000
6877.062500 0.000000 1034.395020 0.000000 0.927633 0.000000 -0.373493 0.000000 0.000000 0.000000
6893.660156 0.000000 1048.669067 0.000000 0.965424 0.000000 -0.260686 1.000000 1.000000 1.000000
6900.116699 0.000000 1019.049622 0.000000 0.859273 0.000000 -0.511516 1.000000 1.000000 1.000000
6886.151855 0.000000 1057.042603 0.000000 0.975115 0.000000 -0.221698 0.000000 0.000000 0.000000
6895.569336 0.000000 1016.821960 0.000000 0.638813 0.000000 -0.769362 1.000000 1.000000 1.000000
6891.248535 0.000000 1049.544800 0.000000 0.504448 0.000000 -0.863442 1.000000 1.000000 1.000000
6854.483887 0.000000 1035.651123 0.000000 0.678856 0.000000 -0.734271 1.000000 1.000000 1.000000
6879.070801 0.000000 1037.375977 0.000000 0.661369 0.000000 0.750061 1.000000 1.000000 1.000000
6897.916504 0.000000 1090.993164 0.000000 0.875248 0.000000 0.483674 0.000000 0.000000 0.000000
6893.060059 0.000000 1115.594971 0.000000 0.540965 0.000000 -0.841045 0.000000 0.000000 0.000000
6898.317383 0.000000 1076.394287 0.000000 0.442362 0.000000 -0.896837 0.000000 0.000000 0.000000
6890.133789 0.000000 1077.340454 0.000000 0.798415 0.000000 -0.602108 1.000000 1.000000 1.000000
6886.192871 0.000000 1078.910034 0.000000 0.995466 0.000000 -0.095120 0.000000 0.000000 0.000000
6903.430664 0.000000 1087.080200 0.000000 0.477147 0.000000 -0.878824 0.000000 0.000000 0.000000
6895.152344 0.000000 1118.673828 0.000000 0.967176 0.000000 -0.254109 0.000000 0.000000 0.000000
6892.817383 0.000000 1082.729126 0.000000 0.983172 0.000000 0.182680 0.000000 0.000000 0.000000
6896.446289 0.000000 1084.033936 0.000000 0.850293 0.000000 -0.526310 1.000000 1.000000 1.000000
6897.098145 0.000000 1087.579102 0.000000 0.756510 0.000000 -0.653982 1.000000 1.000000 1.000000
6899.006836 0.000000 1081.648193 0.000000 0.985099 0.000000 -0.171988 0.000000 0.000000 0.000000
6900.612793 0.000000 1088.915161 0.000000 0.516980 0.000000 0.855998 1.000000 1.000000 1.000000
6893.457031 0.000000 1077.416626 0.000000 0.986753 0.000000 0.162230 1.000000 1.000000 1.000000
6891.550781 0.000000 1080.002930 0.000000 0.741590 0.000000 -0.670853 0.000000 0.000000 0.000000
6895.681152 0.000000 1076.104980 0.000000 0.742898 0.000000 0.669405 1.000000 1.000000 1.000000
6887.590820 0.000000 1076.818237 0.000000 0.913948 0.000000 0.405832 0.000000 0.000000 0.000000
6891.597168 0.000000 1075.227661 0.000000 0.884651 0.000000 -0.466254 1.000000 1.000000 1.000000
6888.628906 0.000000 1079.343384 0.000000 0.959467 0.000000 -0.281823 1.000000 1.000000 1.000000
6894.915039 0.000000 1082.288940 0.000000 0.600520 0.000000 0.799609 1.000000 1.000000 1.000000
6894.326660 0.000000 1084.321167 0.000000 0.781924 0.000000 0.623374 0.000000 0.000000 0.000000
6893.664062 0.000000 1080.198730 0.000000 0.955568 0.000000 -0.294770 1.000000 1.000000 1.000000
6901.305176 0.000000 1086.854004 0.000000 0.420621 0.000000 0.907237 0.000000 0.000000 0.000000
6899.156250 0.000000 1087.276245 0.000000 0.079604 0.000000 0.996827 0.000000 0.000000 0.000000
6897.878906 0.000000 1085.546997 0.000000 0.999815 0.000000 -0.019248 1.000000 1.000000 1.000000
6897.047363 0.000000 1082.027588 0.000000 0.794694 0.000000 -0.607010 1.000000 1.000000 1.000000
6895.881836 0.000000 1085.935669 0.000000 0.940016 0.000000 -0.341131 0.000000 0.000000 0.000000
6898.463867 0.000000 1089.131470 0.000000 0.960192 0.000000 -0.279340 1.000000 1.000000 1.000000
6900.201660 0.000000 1080.151123 0.000000 0.797957 0.000000 -0.602715 0.000000 0.000000 0.000000
6895.569336 0.000000 1073.306274 0.000000 0.999209 0.000000 0.039762 1.000000 1.000000 1.000000
6894.857422 0.000000 1078.707031 0.000000 0.999677 0.000000 -0.025408 1.000000 1.000000 1.000000
6891.779785 0.000000 1078.184570 0.000000 0.125039 0.000000 -0.992152 1.000000 1.000000 1.000000
6912.354004 0.000000 951.717896 0.000000 0.068870 0.000000 -0.997626 0.000000 0.000000 0.000000
6953.423340 0.000000 936.172241 0.000000 0.578852 0.000000 0.815433 0.000000 0.000000 0.000000
6975.419434 0.000000 925.622070 0.000000 0.527199 0.000000 -0.849742 0.000000 0.000000 0.000000
6918.599121 0.000000 956.850952 0.000000 0.997250 0.000000 -0.074112 0.000000 0.000000 0.000000
6921.437988 0.000000 904.567688 0.000000 0.964235 0.000000 0.265049 0.000000 0.000000 0.000000
6913.469238 0.000000 958.298096 0.000000 0.445121 0.000000 -0.895470 0.000000 0.000000 0.000000
6916.957031 0.000000 949.917114 0.000000 0.908648 0.000000 0.417563 0.000000 0.000000 0.000000
6962.569336 0.000000 959.723816 0.000000 0.572471 0.000000 0.819925 0.000000 0.000000 0.000000
6925.333984 0.000000 908.079346 0.000000 0.967275 0.000000 -0.253730 0.000000 0.000000 0.000000
6930.409180 0.000000 932.159546 0.000000 0.653185 0.000000 0.757199 0.000000 0.000000 0.000000
6934.596680 0.000000 924.281128 0.000000 0.586122 0.000000 -0.810223 0.000000 0.000000 0.000000
6915.856934 0.000000 953.821960 0.000000 0.173004 0.000000 -0.984921 0.000000 0.000000 0.000000
6953.764648 0.000000 932.074219 0.000000 0.850997 0.000000 -0.525171 0.000000 0.000000 0.000000
6919.290527 0.000000 946.595093 0.000000 0.612886 0.000000 -0.790172 0.000000 0.000000 0.000000
6946.139648 0.000000 905.476318 0.000000 0.882326 0.000000 -0.470639 0.000000 0.000000 0.000000
6971.669434 0.000000 923.454895 0.000000 0.324516 0.000000 -0.945880 0.000000 0.000000 0.000000
6961.605957 0.000000 956.603882 0.000000 0.940125 0.000000 -0.340831 0.000000 0.000000 0.000000
6918.656738 0.000000 952.567749 0.000000 0.789397 0.000000 0.613883 0.000000 0.000000 0.000000
6922.448242 0.000000 907.354919 0.000000 0.375790 0.000000 0.926705 0.000000 0.000000 0.000000
6920.000977 0.000000 907.811218 0.000000 0.999960 0.000000 0.008973 1.000000 1.000000 1.000000
6952.581055 0.000000 934.014404 0.000000 0.966697 0.000000 -0.255925 0.000000 0.000000 0.000000
6919.561523 0.000000 954.723877 0.000000 0.025730 0.000000 -0.999669 0.000000 0.000000 0.000000
6918.227051 0.000000 948.324951 0.000000 0.922280 0.000000 -0.386521 0.000000 0.000000 0.000000
6917.476562 0.000000 955.028198 0.000000 0.764936 0.000000 -0.644106 0.000000 0.000000 0.000000
6920.096191 0.000000 905.934998 0.000000 0.930964 0.000000 0.365110 0.000000 0.000000 0.000000
6996.950195 0.000000 912.919189 0.000000 0.247358 0.000000 -0.968924 0.000000 0.000000 0.000000
6989.467773 0.000000 919.305298 0.000000 0.972363 0.000000 0.233475 0.000000 0.000000 0.000000
7028.449707 0.000000 936.510498 0.000000 0.148026 0.000000 -0.988983 0.000000 0.000000 0.000000
7009.639160 0.000000 933.787598 0.000000 0.893562 0.000000 -0.448939 0.000000 0.000000 0.000000
7014.270996 0.000000 905.156921 0.000000 0.251816 0.000000 -0.967775 0.000000 0.000000 0.000000
7002.840820 0.000000 930.454346 0.000000 0.999808 0.000000 0.019613 0.000000 0.000000 0.000000
6990.146973 0.000000 925.603455 0.000000 0.993116 0.000000 0.117137 0.000000 0.000000 0.000000
6983.650879 0.000000 921.237366 0.000000 0.602532 0.000000 -0.798095 0.000000 0.000000 0.000000
6985.095215 0.000000 915.737427 0.000000 0.927426 0.000000 0.374008 0.000000 0.000000 0.000000
7032.634766 0.000000 939.538574 0.000000 0.794304 0.000000 0.607521 0.000000 0.000000 0.000000
6993.626465 0.000000 908.959473 0.000000 0.286232 0.000000 0.958160 0.000000 0.000000 0.000000
7034.165039 0.000000 926.300720 0.000000 0.519781 0.000000 -0.854300 1.000000 1.000000 1.000000
6993.893555 0.000000 917.064758 0.000000 0.023213 0.000000 -0.999731 0.000000 0.000000 0.000000
7026.569336 0.000000 959.723816 0.000000 0.261772 0.000000 -0.965130 0.000000 0.000000 0.000000
7026.317383 0.000000 906.941162 0.000000 0.975989 0.000000 0.217820 1.000000 1.000000 1.000000
7018.133789 0.000000 907.887329 0.000000 0.998814 0.000000 0.048695 0.000000 0.000000 0.000000
6998.690430 0.000000 931.766907 0.000000 0.323959 0.000000 -0.946071 0.000000 0.000000 0.000000
7032.851562 0.000000 935.362427 0.000000 0.290373 0.000000 0.956913 0.000000 0.000000 0.000000
7007.822266 0.000000 929.811096 0.000000 0.818701 0.000000 -0.574220 0.000000 0.000000 0.000000
7037.935547 0.000000 933.780029 0.000000 0.904966 0.000000 -0.425484 1.000000 1.000000 1.000000
7034.875000 0.000000 903.904480 0.000000 0.022941 0.000000 -0.999737 0.000000 0.000000 0.000000
6998.596680 0.000000 924.281128 0.000000 0.117444 0.000000 -0.993080 0.000000 0.000000 0.000000
6979.605469 0.000000 927.026550 0.000000 0.525656 0.000000 -0.850697 0.000000 0.000000 0.000000
6999.828125 0.000000 927.926819 0.000000 0.363033 0.000000 0.931776 1.000000 1.000000 1.000000
7010.040527 0.000000 922.054932 0.000000 0.959002 0.000000 0.283400 0.000000 0.000000 0.000000
7030.755859 0.000000 929.845398 0.000000 0.175666 0.000000 0.984450 0.000000 0.000000 0.000000
6991.712891 0.000000 922.364136 0.000000 0.293083 0.000000 -0.956087 0.000000 0.000000 0.000000
6993.983398 0.000000 925.118225 0.000000 0.138066 0.000000 -0.990423 0.000000 0.000000 0.000000
6980.061523 0.000000 919.959595 0.000000 0.915571 0.000000 0.402157 0.000000 0.000000 0.000000
7005.234863 0.000000 927.458801 0.000000 0.450109 0.000000 -0.892974 0.000000 0.000000 0.000000
6982.798828 0.000000 918.016968 0.000000 0.332854 0.000000 0.942979 0.000000 0.000000 0.000000
6976.205078 0.000000 926.168701 0.000000 0.137473 0.000000 -0.990506 0.000000 0.000000 0.000000
6993.653320 0.000000 912.219421 0.000000 0.855691 0.000000 0.517487 1.000000 1.000000 1.000000
7028.340820 0.000000 904.086060 0.000000 0.930737 0.000000 0.365690 1.000000 1.000000 1.000000
7028.969238 0.000000 908.107849 0.000000 0.946989 0.000000 -0.321267 0.000000 0.000000 0.000000
6992.764160 0.000000 919.701965 0.000000 0.676086 0.000000 -0.736822 0.000000 0.000000 0.000000
6982.202148 0.000000 915.262817 0.000000 0.547319 0.000000 0.836924 0.000000 0.000000 0.000000
6991.212891 0.000000 916.203308 0.000000 0.999851 0.000000 0.017259 0.000000 0.000000 0.000000
7032.270996 0.000000 924.259705 0.000000 0.900320 0.000000 0.435228 1.000000 1.000000 1.000000
7035.206543 0.000000 933.730774 0.000000 0.997058 0.000000 0.076648 0.000000 0.000000 0.000000
7002.616211 0.000000 927.832397 0.000000 0.247415 0.000000 -0.968910 0.000000 0.000000 0.000000
6995.958008 0.000000 910.462585 0.000000 0.420496 0.000000 -0.907294 0.000000 0.000000 0.000000
7031.542480 0.000000 926.879761 0.000000 0.999730 0.000000 0.023229 0.000000 0.000000 0.000000
7026.542480 0.000000 909.548523 0.000000 0.620337 0.000000 -0.784335 0.000000 0.000000 0.000000
7035.279297 0.000000 928.951538 0.000000 0.735801 0.000000 -0.677198 0.000000 0.000000 0.000000
7009.496582 0.000000 927.980774 0.000000 0.760286 0.000000 -0.649588 0.000000 0.000000 0.000000
7031.370605 0.000000 937.405396 0.000000 0.439591 0.000000 0.898198 1.000000 1.000000 1.000000
7036.546387 0.000000 931.689697 0.000000 0.508461 0.000000 0.861085 0.000000 0.000000 0.000000
7011.024414 0.000000 924.322144 0.000000 0.915443 0.000000 0.402448 0.000000 0.000000 0.000000
7032.373535 0.000000 903.888428 0.000000 0.999252 0.000000 -0.038670 1.000000 1.000000 1.000000
6991.571289 0.000000 910.362488 0.000000 0.977365 0.000000 -0.211560 0.000000 0.000000 0.000000
7005.193848 0.000000 929.961121 0.000000 0.439604 0.000000 -0.898192 0.000000 0.000000 0.000000
7032.956055 0.000000 929.165710 0.000000 0.021061 0.000000 0.999778 0.000000 0.000000 0.000000
7032.713379 0.000000 933.172974 0.000000 0.291590 0.000000 -0.956543 0.000000 0.000000 0.000000
6979.661133 0.000000 924.823547 0.000000 0.745455 0.000000 -0.666556 0.000000 0.000000 0.000000
7030.075195 0.000000 925.295044 0.000000 0.801837 0.000000 0.597542 1.000000 1.000000 1.000000
7007.429199 0.000000 927.678162 0.000000 0.991261 0.000000 0.131913 0.000000 0.000000 0.000000
6998.347168 0.000000 926.393677 0.000000 0.876243 0.000000 0.481869 1.000000 1.000000 1.000000
7028.116699 0.000000 906.080872 0.000000 0.298950 0.000000 0.954269 1.000000 1.000000 1.000000
7030.278809 0.000000 903.781921 0.000000 0.911677 0.000000 -0.410908 1.000000 1.000000 1.000000
6978.200195 0.000000 920.369263 0.000000 0.999620 0.000000 0.027553 0.000000 0.000000 0.000000
6977.541504 0.000000 924.914062 0.000000 0.063618 0.000000 -0.997974 0.000000 0.000000 0.000000
6983.854492 0.000000 914.498047 0.000000 0.735434 0.000000 -0.677597 0.000000 0.000000 0.000000
6991.876465 0.000000 912.198242 0.000000 0.994404 0.000000 -0.105640 1.000000 1.000000 1.000000
6976.520996 0.000000 923.520020 0.000000 0.997465 0.000000 0.071163 1.000000 1.000000 1.000000
6983.353027 0.000000 916.451294 0.000000 0.126303 0.000000 0.991992 1.000000 1.000000 1.000000
6957.901367 0.000000 961.188782 0.000000 0.340296 0.000000 -0.940318 0.000000 0.000000 0.000000
6945.639160 0.000000 990.271973 0.000000 0.999998 0.000000 -0.001988 0.000000 0.000000 0.000000
6933.035156 0.000000 1000.951477 0.000000 0.013496 0.000000 0.999909 0.000000 0.000000 0.000000
6969.426758 0.000000 977.633301 0.000000 0.444125 0.000000 0.895965 0.000000 0.000000 0.000000
6939.974121 0.000000 991.963928 0.000000 0.890502 0.000000 -0.454979 0.000000 0.000000 0.000000
6968.634766 0.000000 996.022949 0.000000 0.530793 0.000000 0.847502 0.000000 0.000000 0.000000
6950.720703 0.000000 1006.969055 0.000000 0.759746 0.000000 0.650220 0.000000 0.000000 0.000000
6930.853027 0.000000 996.841797 0.000000 0.524245 0.000000 0.851567 0.000000 0.000000 0.000000
6954.064453 0.000000 1011.558167 0.000000 0.686153 0.000000 -0.727458 0.000000 0.000000 0.000000
6943.822266 0.000000 986.295471 0.000000 0.958856 0.000000 -0.283893 0.000000 0.000000 0.000000
6925.646484 0.000000 1000.980591 0.000000 0.659933 0.000000 -0.751325 0.000000 0.000000 0.000000
6929.216309 0.000000 1000.115662 0.000000 0.128637 0.000000 -0.991692 1.000000 1.000000 1.000000
6947.650879 0.000000 983.176697 0.000000 0.898471 0.000000 -0.439033 0.000000 0.000000 0.000000
6947.373047 0.000000 987.177673 0.000000 0.371930 0.000000 -0.928261 0.000000 0.000000 0.000000
6942.089844 0.000000 989.169678 0.000000 0.967451 0.000000 0.253059 0.000000 0.000000 0.000000
6967.033203 0.000000 998.682312 0.000000 0.296965 0.000000 -0.954888 1.000000 1.000000 1.000000
6923.713867 0.000000 998.237488 0.000000 0.915062 0.000000 0.403312 0.000000 0.000000 0.000000
6948.101074 0.000000 1008.095703 0.000000 0.953339 0.000000 -0.301903 0.000000 0.000000 0.000000
6954.622559 0.000000 1014.259460 0.000000 0.950967 0.000000 0.309293 0.000000 0.000000 0.000000
6933.228027 0.000000 998.139526 0.000000 0.973770 0.000000 0.227536 0.000000 0.000000 0.000000
6959.961914 0.000000 1015.494263 0.000000 0.210501 0.000000 0.977594 0.000000 0.000000 0.000000
6945.496582 0.000000 984.465149 0.000000 0.986362 0.000000 -0.164588 0.000000 0.000000 0.000000
6950.352539 0.000000 1009.422913 0.000000 0.980656 0.000000 -0.195740 0.000000 0.000000 0.000000
6969.397461 0.000000 998.384705 0.000000 0.090953 0.000000 0.995855 1.000000 1.000000 1.000000
6956.263184 0.000000 1010.409485 0.000000 0.020078 0.000000 0.999798 0.000000 0.000000 0.000000
6956.424316 0.000000 1012.780396 0.000000 0.706964 0.000000 -0.707249 0.000000 0.000000 0.000000
6931.258789 0.000000 999.127930 0.000000 0.197806 0.000000 -0.980241 1.000000 1.000000 1.000000
6944.249023 0.000000 988.610107 0.000000 0.870057 0.000000 0.492951 0.000000 0.000000 0.000000
6945.556152 0.000000 986.908691 0.000000 0.886977 0.000000 0.461813 0.000000 0.000000 0.000000
6967.086426 0.000000 996.850708 0.000000 0.025046 0.000000 -0.999686 0.000000 0.000000 0.000000
6995.921875 0.000000 984.559814 0.000000 0.986880 0.000000 -0.161453 0.000000 0.000000 0.000000
7027.915527 0.000000 972.275696 0.000000 0.940133 0.000000 0.340809 0.000000 0.000000 0.000000
7021.901367 0.000000 961.188782 0.000000 0.361880 0.000000 -0.932225 0.000000 0.000000 0.000000
6978.164551 0.000000 979.605896 0.000000 0.968288 0.000000 0.249835 0.000000 0.000000 0.000000
6985.163574 0.000000 999.535156 0.000000 0.999817 0.000000 0.019121 0.000000 0.000000 0.000000
7039.291016 0.000000 960.639465 0.000000 0.049569 0.000000 -0.998771 0.000000 0.000000 0.000000
7021.060059 0.000000 1002.626160 0.000000 0.759684 0.000000 0.650292 0.000000 0.000000 0.000000
7012.590332 0.000000 970.241028 0.000000 0.290428 0.000000 -0.956897 0.000000 0.000000 0.000000
7002.548828 0.000000 1001.547424 0.000000 0.142904 0.000000 -0.989737 0.000000 0.000000 0.000000
6994.853027 0.000000 996.841797 0.000000 0.074060 0.000000 0.997254 0.000000 0.000000 0.000000
7026.317383 0.000000 963.425537 0.000000 0.602898 0.000000 0.797818 0.000000 0.000000 0.000000
6999.538086 0.000000 996.521179 0.000000 0.914497 0.000000 0.404593 0.000000 0.000000 0.000000
6976.522461 0.000000 975.936401 0.000000 0.214195 0.000000 -0.976791 0.000000 0.000000 0.000000
7022.165527 0.000000 977.776611 0.000000 0.993817 0.000000 0.111029 0.000000 0.000000 0.000000
7023.152344 0.000000 1005.705078 0.000000 0.807746 0.000000 -0.589531 0.000000 0.000000 0.000000
7017.927734 0.000000 1004.967651 0.000000 0.562983 0.000000 -0.826469 0.000000 0.000000 0.000000
6992.310547 0.000000 985.028992 0.000000 0.941594 0.000000 0.336752 0.000000 0.000000 0.000000
7025.098145 0.000000 974.610291 0.000000 0.819239 0.000000 -0.573452 0.000000 0.000000 0.000000
7015.553711 0.000000 977.436646 0.000000 0.736859 0.000000 -0.676047 0.000000 0.000000 0.000000
7002.132812 0.000000 994.686218 0.000000 0.569378 0.000000 0.822076 0.000000 0.000000 0.000000
6999.871582 0.000000 999.715393 0.000000 0.059294 0.000000 0.998241 0.000000 0.000000 0.000000
7019.550781 0.000000 967.034180 0.000000 0.110956 0.000000 0.993825 0.000000 0.000000 0.000000
6987.713867 0.000000 998.237488 0.000000 0.658455 0.000000 -0.752620 0.000000 0.000000 0.000000
7028.340820 0.000000 960.570435 0.000000 0.649339 0.000000 0.760499 0.000000 0.000000 0.000000
7018.549316 0.000000 971.345764 0.000000 0.516008 0.000000 0.856584 0.000000 0.000000 0.000000
6997.228027 0.000000 998.139526 0.000000 0.517094 0.000000 0.855928 0.000000 0.000000 0.000000
7023.681152 0.000000 963.136169 0.000000 0.785792 0.000000 -0.618491 0.000000 0.000000 0.000000
6992.003418 0.000000 987.537048 0.000000 0.968391 0.000000 -0.249436 0.000000 0.000000 0.000000
7012.534668 0.000000 977.412415 0.000000 0.793894 0.000000 0.608056 0.000000 0.000000 0.000000
7020.874023 0.000000 1005.223633 0.000000 0.863533 0.000000 0.504293 0.000000 0.000000 0.000000
7018.151367 0.000000 1002.745972 0.000000 0.412042 0.000000 -0.911165 0.000000 0.000000 0.000000
7024.094238 0.000000 977.343628 0.000000 0.990174 0.000000 -0.139844 0.000000 0.000000 0.000000
7021.863281 0.000000 1007.051453 0.000000 0.378550 0.000000 -0.925581 0.000000 0.000000 0.000000
7018.718262 0.000000 1006.733398 0.000000 0.142177 0.000000 -0.989841 1.000000 1.000000 1.000000
7022.857422 0.000000 965.738220 0.000000 0.463561 0.000000 0.886065 0.000000 0.000000 0.000000
7019.041992 0.000000 969.105164 0.000000 0.925963 0.000000 -0.377615 1.000000 1.000000 1.000000
7082.581543 0.000000 922.554810 0.000000 0.198369 0.000000 -0.980127 0.000000 0.000000 0.000000
7091.915527 0.000000 915.791321 0.000000 0.996037 0.000000 0.088939 0.000000 0.000000 0.000000
7050.048340 0.000000 949.250305 0.000000 0.951211 0.000000 0.308542 0.000000 0.000000 0.000000
7061.035156 0.000000 944.467102 0.000000 0.648181 0.000000 -0.761486 0.000000 0.000000 0.000000
7085.791016 0.000000 917.088135 0.000000 0.939636 0.000000 -0.342177 0.000000 0.000000 0.000000
7089.916504 0.000000 921.539978 0.000000 0.314050 0.000000 -0.949406 0.000000 0.000000 0.000000
7079.675293 0.000000 958.523865 0.000000 0.999678 0.000000 0.025386 0.000000 0.000000 0.000000
7066.661621 0.000000 925.187683 0.000000 0.310561 0.000000 -0.950553 0.000000 0.000000 0.000000
7097.614258 0.000000 956.131165 0.000000 0.567674 0.000000 -0.823254 0.000000 0.000000 0.000000
7086.917969 0.000000 925.064758 0.000000 0.371560 0.000000 0.928409 0.000000 0.000000 0.000000
7071.949707 0.000000 938.005981 0.000000 0.873300 0.000000 -0.487182 0.000000 0.000000 0.000000
7062.690430 0.000000 931.766907 0.000000 0.793167 0.000000 -0.609004 1.000000 1.000000 1.000000
7049.597656 0.000000 953.625427 0.000000 0.751548 0.000000 0.659678 0.000000 0.000000 0.000000
7082.064453 0.000000 955.073792 0.000000 0.730090 0.000000 -0.683351 0.000000 0.000000 0.000000
7097.786621 0.000000 908.274841 0.000000 0.810120 0.000000 -0.586264 0.000000 0.000000 0.000000
7086.165527 0.000000 921.292236 0.000000 0.996588 0.000000 -0.082532 0.000000 0.000000 0.000000
7057.216309 0.000000 943.631287 0.000000 0.872680 0.000000 0.488293 0.000000 0.000000 0.000000
7098.815430 0.000000 911.319153 0.000000 0.980345 0.000000 -0.197292 0.000000 0.000000 0.000000
7058.867188 0.000000 946.713928 0.000000 0.999545 0.000000 -0.030171 1.000000 1.000000 1.000000
7046.656738 0.000000 952.567749 0.000000 0.270923 0.000000 -0.962601 0.000000 0.000000 0.000000
7100.365723 0.000000 906.477661 0.000000 0.687008 0.000000 -0.726650 0.000000 0.000000 0.000000
7069.260254 0.000000 938.019226 0.000000 0.884865 0.000000 0.465848 0.000000 0.000000 0.000000
7082.622559 0.000000 957.775085 0.000000 0.999956 0.000000 -0.009389 1.000000 1.000000 1.000000
7066.616211 0.000000 927.832397 0.000000 0.178949 0.000000 -0.983858 0.000000 0.000000 0.000000
7047.626953 0.000000 950.100220 0.000000 0.493298 0.000000 -0.869860 0.000000 0.000000 0.000000
7060.387207 0.000000 930.547119 0.000000 0.999376 0.000000 -0.035307 0.000000 0.000000 0.000000
7099.743652 0.000000 954.477539 0.000000 0.993224 0.000000 0.116217 0.000000 0.000000 0.000000
7084.424316 0.000000 956.296021 0.000000 0.235728 0.000000 0.971819 0.000000 0.000000 0.000000
7064.466797 0.000000 930.274109 0.000000 0.426976 0.000000 0.904263 1.000000 1.000000 1.000000
7086.967285 0.000000 919.126831 0.000000 0.434522 0.000000 -0.900661 1.000000 1.000000 1.000000
7048.816895 0.000000 951.758301 0.000000 0.125186 0.000000 -0.992133 1.000000 1.000000 1.000000
7083.937012 0.000000 960.177551 0.000000 0.333368 0.000000 -0.942797 0.000000 0.000000 0.000000
7099.533691 0.000000 909.324829 0.000000 0.168409 0.000000 -0.985717 1.000000 1.000000 1.000000
7058.928223 0.000000 944.654785 0.000000 0.809388 0.000000 -0.587275 0.000000 0.000000 0.000000
7085.137695 0.000000 918.810120 0.000000 0.943140 0.000000 0.332397 0.000000 0.000000 0.000000
7067.994141 0.000000 928.783264 0.000000 0.027664 0.000000 0.999617 1.000000 1.000000 1.000000
7149.901367 0.000000 904.704407 0.000000 0.250194 0.000000 -0.968196 0.000000 0.000000 0.000000
7167.291016 0.000000 904.155090 0.000000 0.978191 0.000000 -0.207705 0.000000 0.000000 0.000000
7149.060059 0.000000 946.141785 0.000000 0.985746 0.000000 0.168241 0.000000 0.000000 0.000000
7167.097656 0.000000 943.139221 0.000000 0.248837 0.000000 -0.968545 0.000000 0.000000 0.000000
7154.317383 0.000000 906.941162 0.000000 0.363031 0.000000 0.931777 1.000000 1.000000 1.000000
7162.875000 0.000000 903.904480 0.000000 0.223697 0.000000 -0.974659 0.000000 0.000000 0.000000
7163.742676 0.000000 941.427002 0.000000 0.996668 0.000000 -0.081564 0.000000 0.000000 0.000000
7164.718750 0.000000 944.981445 0.000000 0.840865 0.000000 -0.541245 0.000000 0.000000 0.000000
7159.879395 0.000000 946.944824 0.000000 0.278015 0.000000 0.960577 0.000000 0.000000 0.000000
7157.008789 0.000000 947.971863 0.000000 0.961063 0.000000 -0.276330 0.000000 0.000000 0.000000
7154.542480 0.000000 909.548523 0.000000 0.695911 0.000000 -0.718128 0.000000 0.000000 0.000000
7151.681152 0.000000 906.651794 0.000000 0.598934 0.000000 0.800799 0.000000 0.000000 0.000000
7161.683105 0.000000 905.905762 0.000000 0.935417 0.000000 -0.353546 0.000000 0.000000 0.000000
7165.061035 0.000000 904.306335 0.000000 0.558149 0.000000 -0.829741 0.000000 0.000000 0.000000
7152.601562 0.000000 908.592285 0.000000 0.980990 0.000000 0.194060 0.000000 0.000000 0.000000
7156.116699 0.000000 906.080872 0.000000 0.965321 0.000000 -0.261067 1.000000 1.000000 1.000000
7165.048828 0.000000 943.015320 0.000000 0.822178 0.000000 0.569230 0.000000 0.000000 0.000000
7156.105469 0.000000 946.140991 0.000000 0.833966 0.000000 0.551817 0.000000 0.000000 0.000000
7163.123047 0.000000 943.176208 0.000000 0.866484 0.000000 -0.499206 1.000000 1.000000 1.000000
7092.600586 0.000000 983.448181 0.000000 0.429970 0.000000 0.902843 0.000000 0.000000 0.000000
7085.901367 0.000000 961.188782 0.000000 0.716813 0.000000 0.697266 0.000000 0.000000 0.000000
7042.164551 0.000000 979.605896 0.000000 0.180441 0.000000 0.983586 0.000000 0.000000 0.000000
7040.522461 0.000000 975.936401 0.000000 0.707366 0.000000 0.706847 0.000000 0.000000 0.000000
7081.896973 0.000000 960.262756 0.000000 0.984454 0.000000 -0.175645 0.000000 0.000000 0.000000
7071.085938 0.000000 967.863220 0.000000 0.362297 0.000000 0.932063 0.000000 0.000000 0.000000
7097.683105 0.000000 962.390137 0.000000 0.909697 0.000000 0.415272 0.000000 0.000000 0.000000
7079.709473 0.000000 960.236633 0.000000 0.283590 0.000000 -0.958946 0.000000 0.000000 0.000000
7136.264648 0.000000 982.102905 0.000000 0.860757 0.000000 0.509016 0.000000 0.000000 0.000000
7149.255371 0.000000 1015.109863 0.000000 0.387220 0.000000 -0.921987 0.000000 0.000000 0.000000
7117.467773 0.000000 975.789673 0.000000 0.640483 0.000000 0.767972 0.000000 0.000000 0.000000
7167.419434 0.000000 982.106445 0.000000 0.382189 0.000000 -0.924084 0.000000 0.000000 0.000000
7131.974121 0.000000 991.963928 0.000000 0.098011 0.000000 0.995185 0.000000 0.000000 0.000000
7162.165039 0.000000 982.785095 0.000000 0.322551 0.000000 -0.946552 0.000000 0.000000 0.000000
7136.344727 0.000000 998.552002 0.000000 0.915436 0.000000 0.402463 0.000000 0.000000 0.000000
7156.612793 0.000000 975.946350 0.000000 0.958012 0.000000 0.286727 0.000000 0.000000 0.000000
7116.396484 0.000000 972.742126 0.000000 0.738954 0.000000 0.673756 0.000000 0.000000 0.000000
7160.270996 0.000000 980.744080 0.000000 0.066367 0.000000 -0.997795 0.000000 0.000000 0.000000
7131.115234 0.000000 989.518066 0.000000 0.704164 0.000000 -0.710037 0.000000 0.000000 0.000000
7134.667969 0.000000 996.615723 0.000000 0.956359 0.000000 -0.292193 0.000000 0.000000 0.000000
7158.075195 0.000000 981.779419 0.000000 0.018091 0.000000 -0.999836 0.000000 0.000000 0.000000
6966.803711 0.000000 1018.784912 0.000000 0.935344 0.000000 0.353740 0.000000 0.000000 0.000000
6938.840820 0.000000 1043.423096 0.000000 0.521379 0.000000 0.853325 0.000000 0.000000 0.000000
6948.049805 0.000000 1053.008301 0.000000 0.808800 0.000000 -0.588084 0.000000 0.000000 0.000000
6921.095215 0.000000 1028.706177 0.000000 0.167596 0.000000 -0.985856 0.000000 0.000000 0.000000
6949.443359 0.000000 1036.520752 0.000000 0.240436 0.000000 0.970665 0.000000 0.000000 0.000000
6966.117188 0.000000 1023.740173 0.000000 0.302055 0.000000 0.953291 0.000000 0.000000 0.000000
6962.317383 0.000000 1019.909912 0.000000 0.802029 0.000000 0.597286 0.000000 0.000000 0.000000
6949.993652 0.000000 1046.282104 0.000000 0.220398 0.000000 0.975410 0.000000 0.000000 0.000000
6964.969238 0.000000 1021.076599 0.000000 0.885536 0.000000 0.464571 1.000000 1.000000 1.000000
6959.681152 0.000000 1019.620544 0.000000 0.396492 0.000000 -0.918038 0.000000 0.000000 0.000000
6945.496582 0.000000 1040.949463 0.000000 0.549351 0.000000 0.835592 0.000000 0.000000 0.000000
6947.024414 0.000000 1037.290894 0.000000 0.966776 0.000000 -0.255626 0.000000 0.000000 0.000000
6967.474609 0.000000 1021.789429 0.000000 0.049826 0.000000 0.998758 0.000000 0.000000 0.000000
6944.249023 0.000000 1045.094482 0.000000 0.985431 0.000000 -0.170073 0.000000 0.000000 0.000000
6964.201660 0.000000 1023.666748 0.000000 0.938106 0.000000 -0.346347 0.000000 0.000000 0.000000
6946.022949 0.000000 1038.754517 0.000000 0.033331 0.000000 -0.999444 0.000000 0.000000 0.000000
6994.736816 0.000000 1066.839844 0.000000 0.709547 0.000000 0.704658 0.000000 0.000000 0.000000
6992.020996 0.000000 1060.947021 0.000000 0.104913 0.000000 0.994481 0.000000 0.000000 0.000000
7039.097656 0.000000 1056.107910 0.000000 0.324637 0.000000 -0.945839 0.000000 0.000000 0.000000
7013.443359 0.000000 1036.520752 0.000000 0.347303 0.000000 0.937753 0.000000 0.000000 0.000000
6989.646484 0.000000 1057.464966 0.000000 0.527126 0.000000 -0.849787 0.000000 0.000000 0.000000
7017.764648 0.000000 1045.042969 0.000000 0.787488 0.000000 -0.616330 0.000000 0.000000 0.000000
7011.373047 0.000000 1043.662109 0.000000 0.424694 0.000000 0.905337 0.000000 0.000000 0.000000
6993.116211 0.000000 1063.966309 0.000000 0.353475 0.000000 0.935444 1.000000 1.000000 1.000000
6987.713867 0.000000 1054.721924 0.000000 0.122013 0.000000 0.992528 0.000000 0.000000 0.000000
7018.478516 0.000000 1042.455811 0.000000 0.109097 0.000000 -0.994031 0.000000 0.000000 0.000000
6990.936035 0.000000 1063.290649 0.000000 0.951494 0.000000 -0.307667 0.000000 0.000000 0.000000
6926.189453 0.000000 1109.646851 0.000000 0.186216 0.000000 -0.982509 0.000000 0.000000 0.000000
6953.423340 0.000000 1105.625366 0.000000 0.625402 0.000000 -0.780303 0.000000 0.000000 0.000000
6951.866699 0.000000 1114.906738 0.000000 0.978948 0.000000 -0.204108 0.000000 0.000000 0.000000
6939.221680 0.000000 1119.231689 0.000000 0.311626 0.000000 0.950205 0.000000 0.000000 0.000000
6973.524414 0.000000 1078.716553 0.000000 0.334306 0.000000 0.942464 0.000000 0.000000 0.000000
6944.909180 0.000000 1115.446411 0.000000 0.682320 0.000000 -0.731054 0.000000 0.000000 0.000000
6959.844727 0.000000 1080.313599 0.000000 0.599238 0.000000 0.800571 0.000000 0.000000 0.000000
6938.661621 0.000000 1094.640747 0.000000 0.530049 0.000000 -0.847967 0.000000 0.000000 0.000000
6966.117188 0.000000 1080.224487 0.000000 0.866622 0.000000 -0.498965 0.000000 0.000000 0.000000
6962.317383 0.000000 1076.394287 0.000000 0.999857 0.000000 0.016924 1.000000 1.000000 1.000000
6943.949707 0.000000 1107.459106 0.000000 0.781698 0.000000 -0.623657 0.000000 0.000000 0.000000
6928.913574 0.000000 1105.773193 0.000000 0.751256 0.000000 0.660011 0.000000 0.000000 0.000000
6953.764648 0.000000 1101.527344 0.000000 0.487646 0.000000 0.873042 0.000000 0.000000 0.000000
6971.875488 0.000000 1087.409302 0.000000 0.876292 0.000000 0.481781 1.000000 1.000000 1.000000
6969.786621 0.000000 1077.727905 0.000000 0.117201 0.000000 -0.993108 0.000000 0.000000 0.000000
6948.219727 0.000000 1113.360596 0.000000 0.999984 0.000000 -0.005598 0.000000 0.000000 0.000000
6948.176270 0.000000 1117.222778 0.000000 0.832640 0.000000 0.553815 0.000000 0.000000 0.000000
6941.565918 0.000000 1116.501831 0.000000 0.895953 0.000000 0.444149 0.000000 0.000000 0.000000
6942.089844 0.000000 1102.138428 0.000000 0.983817 0.000000 -0.179175 0.000000 0.000000 0.000000
6963.006836 0.000000 1081.648193 0.000000 0.717147 0.000000 0.696922 0.000000 0.000000 0.000000
6970.815430 0.000000 1080.772217 0.000000 0.748858 0.000000 0.662731 0.000000 0.000000 0.000000
6964.969238 0.000000 1077.561035 0.000000 0.110049 0.000000 -0.993926 1.000000 1.000000 1.000000
6942.841309 0.000000 1104.835327 0.000000 0.295221 0.000000 0.955429 0.000000 0.000000 0.000000
6926.569336 0.000000 1106.971924 0.000000 0.595302 0.000000 -0.803502 0.000000 0.000000 0.000000
6962.542480 0.000000 1079.001709 0.000000 0.919360 0.000000 -0.393417 1.000000 1.000000 1.000000
6968.357422 0.000000 1081.550049 0.000000 0.945434 0.000000 -0.325815 0.000000 0.000000 0.000000
6947.024414 0.000000 1093.775269 0.000000 0.061586 0.000000 -0.998102 0.000000 0.000000 0.000000
6944.505859 0.000000 1117.860962 0.000000 0.437603 0.000000 -0.899168 0.000000 0.000000 0.000000
6967.474609 0.000000 1078.273804 0.000000 0.837968 0.000000 0.545719 1.000000 1.000000 1.000000
6943.885254 0.000000 1092.393188 0.000000 0.471563 0.000000 -0.881832 0.000000 0.000000 0.000000
6949.593262 0.000000 1115.413818 0.000000 0.346398 0.000000 -0.938088 1.000000 1.000000 1.000000
6952.581055 0.000000 1103.467529 0.000000 0.860551 0.000000 0.509364 0.000000 0.000000 0.000000
6947.097656 0.000000 1115.303223 0.000000 0.958287 0.000000 -0.285807 1.000000 1.000000 1.000000
6960.601562 0.000000 1078.045410 0.000000 0.398022 0.000000 -0.917376 0.000000 0.000000 0.000000
6969.029297 0.000000 1079.639893 0.000000 0.753568 0.000000 0.657370 1.000000 1.000000 1.000000
6971.533691 0.000000 1078.777954 0.000000 0.540953 0.000000 -0.841053 0.000000 0.000000 0.000000
6971.325195 0.000000 1085.318481 0.000000 0.497523 0.000000 -0.867451 0.000000 0.000000 0.000000
6946.022949 0.000000 1095.238892 0.000000 0.207187 0.000000 -0.978301 0.000000 0.000000 0.000000
6945.168457 0.000000 1093.495361 0.000000 0.949684 0.000000 0.313209 1.000000 1.000000 1.000000
7030.803711 0.000000 1075.269287 0.000000 0.062404 0.000000 -0.998051 0.000000 0.000000 0.000000
7021.901367 0.000000 1074.157593 0.000000 0.165310 0.000000 -0.986242 0.000000 0.000000 0.000000
7037.524414 0.000000 1078.716553 0.000000 0.349577 0.000000 0.936908 0.000000 0.000000 0.000000
7034.133789 0.000000 1100.667603 0.000000 0.353857 0.000000 0.935299 0.000000 0.000000 0.000000
7037.041992 0.000000 1128.861206 0.000000 0.025793 0.000000 0.999667 0.000000 0.000000 0.000000
7010.074219 0.000000 1078.722900 0.000000 0.740656 0.000000 0.671884 0.000000 0.000000 0.000000
6985.095215 0.000000 1085.190552 0.000000 0.977288 0.000000 0.211913 0.000000 0.000000 0.000000
7015.675293 0.000000 1127.977051 0.000000 0.510002 0.000000 -0.860173 1.000000 1.000000 1.000000
7033.614258 0.000000 1125.584229 0.000000 0.753646 0.000000 -0.657281 0.000000 0.000000 0.000000
7022.917969 0.000000 1094.517822 0.000000 0.937716 0.000000 0.347402 0.000000 0.000000 0.000000
7026.317383 0.000000 1076.394287 0.000000 0.623003 0.000000 0.782219 0.000000 0.000000 0.000000
7037.935547 0.000000 1103.233154 0.000000 0.720260 0.000000 -0.693704 0.000000 0.000000 0.000000
7029.757812 0.000000 1092.567871 0.000000 0.991606 0.000000 0.129295 1.000000 1.000000 1.000000
7031.430664 0.000000 1087.080200 0.000000 0.413053 0.000000 -0.910707 0.000000 0.000000 0.000000
7035.875488 0.000000 1087.409302 0.000000 0.803605 0.000000 -0.595163 0.000000 0.000000 0.000000
7033.786621 0.000000 1077.727905 0.000000 0.222484 0.000000 0.974936 1.000000 1.000000 1.000000
7010.997070 0.000000 1129.166504 0.000000 0.594014 0.000000 -0.804455 0.000000 0.000000 0.000000
7034.308594 0.000000 1117.802734 0.000000 0.990142 0.000000 -0.140070 0.000000 0.000000 0.000000
7037.449707 0.000000 1082.689331 0.000000 0.494584 0.000000 -0.869130 1.000000 1.000000 1.000000
7020.817383 0.000000 1082.729126 0.000000 0.804114 0.000000 0.594475 0.000000 0.000000 0.000000
6985.889160 0.000000 1128.468140 0.000000 0.287583 0.000000 0.957756 0.000000 0.000000 0.000000
7028.612793 0.000000 1088.915161 0.000000 0.998491 0.000000 0.054923 0.000000 0.000000 0.000000
7025.605957 0.000000 1126.057007 0.000000 0.288702 0.000000 0.957419 0.000000 0.000000 0.000000
7014.643555 0.000000 1124.905273 0.000000 0.978288 0.000000 -0.207249 1.000000 1.000000 1.000000
7034.815430 0.000000 1080.772217 0.000000 0.935853 0.000000 -0.352391 0.000000 0.000000 0.000000
7015.443848 0.000000 1084.492554 0.000000 0.949443 0.000000 -0.313940 0.000000 0.000000 0.000000
7026.335449 0.000000 1094.096191 0.000000 0.719957 0.000000 -0.694019 0.000000 0.000000 0.000000
7034.107422 0.000000 1128.403564 0.000000 0.849068 0.000000 -0.528283 0.000000 0.000000 0.000000
7012.314453 0.000000 1126.598999 0.000000 0.998440 0.000000 0.055837 0.000000 0.000000 0.000000
6982.202148 0.000000 1084.715942 0.000000 0.609352 0.000000 -0.792900 0.000000 0.000000 0.000000
7018.549316 0.000000 1084.314453 0.000000 0.999945 0.000000 0.010521 1.000000 1.000000 1.000000
7023.681152 0.000000 1076.104980 0.000000 0.490187 0.000000 0.871617 1.000000 1.000000 1.000000
7037.258301 0.000000 1085.217407 0.000000 0.477826 0.000000 0.878455 1.000000 1.000000 1.000000
7030.928223 0.000000 1090.088135 0.000000 0.040353 0.000000 -0.999186 0.000000 0.000000 0.000000
7023.774902 0.000000 1092.391724 0.000000 0.070135 0.000000 0.997537 0.000000 0.000000 0.000000
7013.505371 0.000000 1128.890747 0.000000 0.197699 0.000000 -0.980263 1.000000 1.000000 1.000000
7009.615234 0.000000 1127.298828 0.000000 0.747571 0.000000 -0.664182 0.000000 0.000000 0.000000
7004.903809 0.000000 1079.824463 0.000000 0.825464 0.000000 -0.564455 0.000000 0.000000 0.000000
7024.749512 0.000000 1095.810791 0.000000 0.998716 0.000000 -0.050655 1.000000 1.000000 1.000000
7028.127930 0.000000 1091.085571 0.000000 0.852021 0.000000 -0.523507 0.000000 0.000000 0.000000
7030.075195 0.000000 1094.748169 0.000000 0.071253 0.000000 -0.997458 0.000000 0.000000 0.000000
7024.601562 0.000000 1078.045410 0.000000 0.160423 0.000000 0.987048 0.000000 0.000000 0.000000
7022.915039 0.000000 1082.288940 0.000000 0.740353 0.000000 -0.672219 0.000000 0.000000 0.000000
7008.929688 0.000000 1129.680664 0.000000 0.626064 0.000000 0.779772 1.000000 1.000000 1.000000
7039.211914 0.000000 1084.034912 0.000000 0.207655 0.000000 0.978202 1.000000 1.000000 1.000000
7036.870605 0.000000 1080.595581 0.000000 0.271006 0.000000 -0.962578 1.000000 1.000000 1.000000
7035.459473 0.000000 1082.563232 0.000000 0.298062 0.000000 -0.954546 0.000000 0.000000 0.000000
7022.857422 0.000000 1078.707031 0.000000 0.110201 0.000000 0.993909 1.000000 1.000000 1.000000
7032.123047 0.000000 1076.546631 0.000000 0.136620 0.000000 0.990624 1.000000 1.000000 1.000000
7019.041992 0.000000 1082.073853 0.000000 0.625641 0.000000 -0.780111 1.000000 1.000000 1.000000
7017.043945 0.000000 1085.218750 0.000000 0.036276 0.000000 0.999342 0.000000 0.000000 0.000000
7014.249512 0.000000 1126.895386 0.000000 0.054515 0.000000 -0.998513 1.000000 1.000000 1.000000
7027.232422 0.000000 1092.557007 0.000000 0.929809 0.000000 0.368043 1.000000 1.000000 1.000000
7040.315430 0.000000 1043.144287 0.000000 0.632135 0.000000 0.774858 0.000000 0.000000 0.000000
7078.465332 0.000000 1041.816528 0.000000 0.954632 0.000000 0.297788 0.000000 0.000000 0.000000
7054.146973 0.000000 1038.572266 0.000000 0.699838 0.000000 -0.714302 0.000000 0.000000 0.000000
7061.636230 0.000000 1071.220947 0.000000 0.572441 0.000000 0.819946 0.000000 0.000000 0.000000
7062.596680 0.000000 1037.249878 0.000000 0.986299 0.000000 -0.164970 0.000000 0.000000 0.000000
7050.276367 0.000000 1037.326172 0.000000 0.131393 0.000000 -0.991330 0.000000 0.000000 0.000000
7063.828125 0.000000 1040.895508 0.000000 0.985983 0.000000 -0.166848 0.000000 0.000000 0.000000
7056.310547 0.000000 1041.513306 0.000000 0.789849 0.000000 0.613301 0.000000 0.000000 0.000000
7057.983398 0.000000 1038.087036 0.000000 0.948513 0.000000 0.316739 0.000000 0.000000 0.000000
7040.205078 0.000000 1039.137451 0.000000 0.382516 0.000000 -0.923949 0.000000 0.000000 0.000000
7052.424805 0.000000 1035.138550 0.000000 0.586380 0.000000 0.810036 0.000000 0.000000 0.000000
7093.610352 0.000000 1052.211548 0.000000 0.928322 0.000000 -0.371777 0.000000 0.000000 0.000000
7065.164062 0.000000 1072.578125 0.000000 0.855933 0.000000 0.517087 1.000000 1.000000 1.000000
7060.471191 0.000000 1038.544312 0.000000 0.562242 0.000000 0.826973 0.000000 0.000000 0.000000
7041.439453 0.000000 1041.098145 0.000000 0.374329 0.000000 -0.927296 0.000000 0.000000 0.000000
7064.281738 0.000000 1038.733887 0.000000 0.988080 0.000000 -0.153939 0.000000 0.000000 0.000000
7091.339844 0.000000 1052.008057 0.000000 0.364602 0.000000 0.931163 0.000000 0.000000 0.000000
7063.825684 0.000000 1070.639160 0.000000 0.057748 0.000000 -0.998331 1.000000 1.000000 1.000000
7080.507812 0.000000 1041.141113 0.000000 0.948331 0.000000 -0.317284 0.000000 0.000000 0.000000
7056.326660 0.000000 1039.385742 0.000000 0.219548 0.000000 -0.975602 0.000000 0.000000 0.000000
7062.347168 0.000000 1039.362427 0.000000 0.977076 0.000000 -0.212891 1.000000 1.000000 1.000000
7058.017090 0.000000 1040.503418 0.000000 0.304899 0.000000 0.952385 0.000000 0.000000 0.000000
7090.737793 0.000000 1050.216431 0.000000 0.463442 0.000000 -0.886127 1.000000 1.000000 1.000000
7063.245605 0.000000 1072.379272 0.000000 0.458845 0.000000 -0.888516 1.000000 1.000000 1.000000
7052.302734 0.000000 1037.117188 0.000000 0.805312 0.000000 -0.592852 1.000000 1.000000 1.000000
7149.901367 0.000000 1017.673157 0.000000 0.994807 0.000000 0.101779 0.000000 0.000000 0.000000
7113.163574 0.000000 1056.019531 0.000000 0.987793 0.000000 0.155772 0.000000 0.000000 0.000000
7141.443359 0.000000 1036.520752 0.000000 0.847221 0.000000 -0.531241 0.000000 0.000000 0.000000
7115.937012 0.000000 1049.488159 0.000000 0.996684 0.000000 -0.081371 0.000000 0.000000 0.000000
7117.646484 0.000000 1057.464966 0.000000 0.980384 0.000000 -0.197098 0.000000 0.000000 0.000000
7166.612305 0.000000 1068.359009 0.000000 0.984854 0.000000 -0.173388 0.000000 0.000000 0.000000
7113.808105 0.000000 1052.424316 0.000000 0.674304 0.000000 -0.738454 0.000000 0.000000 0.000000
7115.713867 0.000000 1054.721924 0.000000 0.985445 0.000000 0.169992 1.000000 1.000000 1.000000
7115.567871 0.000000 1056.872070 0.000000 0.741970 0.000000 0.670433 0.000000 0.000000 0.000000
7081.206543 0.000000 1081.746826 0.000000 0.597134 0.000000 0.802141 0.000000 0.000000 0.000000
7100.270508 0.000000 1121.536987 0.000000 0.914021 0.000000 -0.405667 0.000000 0.000000 0.000000
7101.041992 0.000000 1128.861206 0.000000 0.466216 0.000000 0.884671 0.000000 0.000000 0.000000
7087.844727 0.000000 1080.313599 0.000000 0.981273 0.000000 -0.192620 0.000000 0.000000 0.000000
7089.916504 0.000000 1090.993164 0.000000 0.110073 0.000000 -0.993924 0.000000 0.000000 0.000000
7087.365234 0.000000 1104.006714 0.000000 0.044054 0.000000 -0.999029 0.000000 0.000000 0.000000
7091.720703 0.000000 1111.074951 0.000000 0.701316 0.000000 0.712851 1.000000 1.000000 1.000000
7066.844238 0.000000 1074.920654 0.000000 0.992557 0.000000 0.121783 0.000000 0.000000 0.000000
7093.757812 0.000000 1092.567871 0.000000 0.779021 0.000000 0.626998 0.000000 0.000000 0.000000
7063.759277 0.000000 1117.328979 0.000000 0.902542 0.000000 -0.430601 0.000000 0.000000 0.000000
7089.158691 0.000000 1107.831543 0.000000 0.871820 0.000000 -0.489826 0.000000 0.000000 0.000000
7074.139648 0.000000 1074.929443 0.000000 0.990619 0.000000 0.136654 0.000000 0.000000 0.000000
7091.006836 0.000000 1081.648193 0.000000 0.542731 0.000000 0.839906 0.000000 0.000000 0.000000
7069.536621 0.000000 1113.216309 0.000000 0.797277 0.000000 -0.603614 0.000000 0.000000 0.000000
7066.132812 0.000000 1107.654907 0.000000 0.980827 0.000000 -0.194881 0.000000 0.000000 0.000000
7062.343750 0.000000 1090.595337 0.000000 0.866621 0.000000 -0.498966 0.000000 0.000000 0.000000
7083.550781 0.000000 1080.002930 0.000000 0.987565 0.000000 -0.157209 0.000000 0.000000 0.000000
7102.830566 0.000000 1120.438232 0.000000 0.458280 0.000000 -0.888808 0.000000 0.000000 0.000000
7069.260254 0.000000 1107.472412 0.000000 0.219278 0.000000 0.975662 0.000000 0.000000 0.000000
7059.875488 0.000000 1088.651978 0.000000 0.346146 0.000000 0.938181 0.000000 0.000000 0.000000
7066.516602 0.000000 1111.982056 0.000000 0.933748 0.000000 -0.357930 0.000000 0.000000 0.000000
7094.928223 0.000000 1090.088135 0.000000 0.613252 0.000000 -0.789887 1.000000 1.000000 1.000000
7089.258789 0.000000 1110.660156 0.000000 0.556041 0.000000 -0.831155 0.000000 0.000000 0.000000
7065.025879 0.000000 1073.451050 0.000000 0.996064 0.000000 0.088632 1.000000 1.000000 1.000000
7097.532715 0.000000 1088.177734 0.000000 0.989040 0.000000 0.147647 1.000000 1.000000 1.000000
7087.221680 0.000000 1106.501709 0.000000 0.479750 0.000000 -0.877405 0.000000 0.000000 0.000000
7092.127930 0.000000 1091.085571 0.000000 0.207164 0.000000 0.978306 1.000000 1.000000 1.000000
7091.339844 0.000000 1108.492432 0.000000 0.311147 0.000000 0.950362 0.000000 0.000000 0.000000
7102.298340 0.000000 1122.673828 0.000000 0.112182 0.000000 0.993688 0.000000 0.000000 0.000000
7085.664062 0.000000 1080.198730 0.000000 0.927766 0.000000 -0.373164 0.000000 0.000000 0.000000
7093.305176 0.000000 1086.854004 0.000000 0.572266 0.000000 -0.820068 0.000000 0.000000 0.000000
7095.633301 0.000000 1091.921021 0.000000 0.977953 0.000000 -0.208826 1.000000 1.000000 1.000000
7083.779785 0.000000 1078.184570 0.000000 0.266200 0.000000 -0.963918 0.000000 0.000000 0.000000
7067.789062 0.000000 1108.382812 0.000000 0.969548 0.000000 -0.244900 0.000000 0.000000 0.000000
7094.224609 0.000000 1088.381836 0.000000 0.841128 0.000000 0.540835 1.000000 1.000000 1.000000
7118.189453 0.000000 1109.646851 0.000000 0.891514 0.000000 -0.452993 0.000000 0.000000 0.000000
7131.221680 0.000000 1119.231689 0.000000 0.992859 0.000000 -0.119290 0.000000 0.000000 0.000000
7161.729980 0.000000 1113.992676 0.000000 0.074808 0.000000 0.997198 0.000000 0.000000 0.000000
7142.270996 0.000000 1074.610107 0.000000 0.800100 0.000000 0.599867 0.000000 0.000000 0.000000
7104.315430 0.000000 1099.628662 0.000000 0.784323 0.000000 -0.620353 0.000000 0.000000 0.000000
7150.271484 0.000000 1110.491577 0.000000 0.968370 0.000000 0.249518 0.000000 0.000000 0.000000
7105.469238 0.000000 1127.751221 0.000000 0.874877 0.000000 0.484345 0.000000 0.000000 0.000000
7131.974121 0.000000 1104.932617 0.000000 0.954430 0.000000 0.298436 0.000000 0.000000 0.000000
7137.638184 0.000000 1119.971802 0.000000 0.999393 0.000000 0.034846 0.000000 0.000000 0.000000
7115.937012 0.000000 1105.972534 0.000000 0.998683 0.000000 0.051312 0.000000 0.000000 0.000000
7142.192871 0.000000 1078.910034 0.000000 0.783159 0.000000 -0.621822 0.000000 0.000000 0.000000
7104.390625 0.000000 1116.753296 0.000000 0.624250 0.000000 0.781224 0.000000 0.000000 0.000000
7105.602051 0.000000 1103.576416 0.000000 0.606741 0.000000 0.794900 0.000000 0.000000 0.000000
7107.856934 0.000000 1123.275024 0.000000 0.669406 0.000000 -0.742896 0.000000 0.000000 0.000000
7104.173340 0.000000 1075.027710 0.000000 0.827945 0.000000 0.560810 0.000000 0.000000 0.000000
7162.308594 0.000000 1117.802734 0.000000 0.343522 0.000000 -0.939144 0.000000 0.000000 0.000000
7133.565918 0.000000 1116.501831 0.000000 0.007619 0.000000 -0.999971 1.000000 1.000000 1.000000
7104.226074 0.000000 1124.520142 0.000000 0.918684 0.000000 0.394993 1.000000 1.000000 1.000000
7133.536621 0.000000 1113.216309 0.000000 0.969573 0.000000 0.244804 0.000000 0.000000 0.000000
7130.132812 0.000000 1107.654907 0.000000 0.597490 0.000000 -0.801876 0.000000 0.000000 0.000000
7134.662598 0.000000 1119.393555 0.000000 0.418743 0.000000 0.908105 0.000000 0.000000 0.000000
7107.167969 0.000000 1117.155762 0.000000 0.532393 0.000000 -0.846497 0.000000 0.000000 0.000000
7140.101074 0.000000 1121.064453 0.000000 0.680600 0.000000 -0.732655 0.000000 0.000000 0.000000
7107.898438 0.000000 1125.959717 0.000000 0.574285 0.000000 -0.818656 0.000000 0.000000 0.000000
7130.516602 0.000000 1111.982056 0.000000 0.999235 0.000000 0.039116 1.000000 1.000000 1.000000
7162.085938 0.000000 1120.361694 0.000000 0.129295 0.000000 -0.991606 1.000000 1.000000 1.000000
7130.280762 0.000000 1117.049438 0.000000 0.795011 0.000000 -0.606595 0.000000 0.000000 0.000000
7104.010254 0.000000 1101.889404 0.000000 0.136962 0.000000 0.990576 1.000000 1.000000 1.000000
7163.060547 0.000000 1115.795410 0.000000 0.059842 0.000000 0.998208 1.000000 1.000000 1.000000
7105.798828 0.000000 1123.142212 0.000000 0.539795 0.000000 0.841797 1.000000 1.000000 1.000000
7106.305176 0.000000 1074.552979 0.000000 0.259171 0.000000 0.965832 1.000000 1.000000 1.000000
7105.941895 0.000000 1125.831177 0.000000 0.602317 0.000000 -0.798257 1.000000 1.000000 1.000000
7160.393555 0.000000 1118.329834 0.000000 0.765741 0.000000 -0.643150 1.000000 1.000000 1.000000
7132.530762 0.000000 1114.878052 0.000000 0.388289 0.000000 0.921538 0.000000 0.000000 0.000000
7104.004883 0.000000 1126.517212 0.000000 0.844312 0.000000 0.535852 0.000000 0.000000 0.000000
7163.123047 0.000000 1112.629395 0.000000 0.153826 0.000000 0.988098 0.000000 0.000000 0.000000
7131.789062 0.000000 1108.382812 0.000000 0.601204 0.000000 -0.799096 1.000000 1.000000 1.000000
7135.343262 0.000000 1116.339966 0.000000 0.996033 0.000000 0.088984 1.000000 1.000000 1.000000
7131.705566 0.000000 1113.241943 0.000000 0.988312 0.000000 0.152442 1.000000 1.000000 1.000000
6915.834473 0.000000 1129.690063 0.000000 0.872563 0.000000 -0.488501 0.000000 0.000000 0.000000
6945.639160 0.000000 1159.725098 0.000000 0.231554 0.000000 0.972822 0.000000 0.000000 0.000000
6949.084961 0.000000 1144.485107 0.000000 0.706499 0.000000 -0.707714 0.000000 0.000000 0.000000
6974.018555 0.000000 1155.582642 0.000000 0.997376 0.000000 -0.072391 0.000000 0.000000 0.000000
6952.221680 0.000000 1150.130737 0.000000 0.581574 0.000000 -0.813493 0.000000 0.000000 0.000000
6974.808594 0.000000 1157.714966 0.000000 0.272362 0.000000 -0.962195 0.000000 0.000000 0.000000
6983.674805 0.000000 1153.633545 0.000000 0.034068 0.000000 -0.999420 0.000000 0.000000 0.000000
6990.189453 0.000000 1166.131226 0.000000 0.751372 0.000000 -0.659879 0.000000 0.000000 0.000000
7014.270996 0.000000 1131.094482 0.000000 0.182846 0.000000 0.983142 0.000000 0.000000 0.000000
7002.616699 0.000000 1135.896973 0.000000 0.289347 0.000000 0.957224 0.000000 0.000000 0.000000
6977.476562 0.000000 1136.146240 0.000000 0.754071 0.000000 -0.656792 0.000000 0.000000 0.000000
7010.074219 0.000000 1135.207275 0.000000 0.419287 0.000000 0.907854 0.000000 0.000000 0.000000
6985.095215 0.000000 1141.674927 0.000000 0.839287 0.000000 0.543689 0.000000 0.000000 0.000000
7039.291016 0.000000 1130.092529 0.000000 0.472242 0.000000 -0.881469 0.000000 0.000000 0.000000
6985.437988 0.000000 1130.505127 0.000000 0.800192 0.000000 0.599743 0.000000 0.000000 0.000000
7002.661621 0.000000 1151.125122 0.000000 0.467614 0.000000 0.883933 0.000000 0.000000 0.000000
7001.550293 0.000000 1141.288940 0.000000 0.165235 0.000000 -0.986254 0.000000 0.000000 0.000000
6980.861816 0.000000 1157.642090 0.000000 0.669889 0.000000 0.742462 0.000000 0.000000 0.000000
6994.853027 0.000000 1166.294922 0.000000 0.070263 0.000000 -0.997528 0.000000 0.000000 0.000000
6981.568848 0.000000 1133.705322 0.000000 0.418483 0.000000 0.908225 1.000000 1.000000 1.000000
6981.348633 0.000000 1138.129272 0.000000 0.791010 0.000000 -0.611803 0.000000 0.000000 0.000000
7034.875000 0.000000 1129.842041 0.000000 0.989143 0.000000 -0.146959 0.000000 0.000000 0.000000
7020.817383 0.000000 1139.213501 0.000000 0.982828 0.000000 -0.184525 0.000000 0.000000 0.000000
7009.456543 0.000000 1143.612427 0.000000 0.607148 0.000000 -0.794589 0.000000 0.000000 0.000000
6993.216309 0.000000 1169.568726 0.000000 0.984039 0.000000 0.177953 0.000000 0.000000 0.000000
6992.310547 0.000000 1154.482056 0.000000 0.789163 0.000000 -0.614184 0.000000 0.000000 0.000000
6991.712891 0.000000 1148.301636 0.000000 0.875339 0.000000 -0.483509 1.000000 1.000000 1.000000
6993.983398 0.000000 1151.055786 0.000000 0.599083 0.000000 -0.800687 1.000000 1.000000 1.000000
7004.263672 0.000000 1138.983521 0.000000 0.185751 0.000000 -0.982597 1.000000 1.000000 1.000000
7000.357910 0.000000 1138.198486 0.000000 0.410487 0.000000 -0.911866 0.000000 0.000000 0.000000
6982.798828 0.000000 1143.954468 0.000000 0.755122 0.000000 0.655584 0.000000 0.000000 0.000000
7007.085938 0.000000 1137.316406 0.000000 0.832034 0.000000 0.554725 0.000000 0.000000 0.000000
6988.424805 0.000000 1148.107300 0.000000 0.792224 0.000000 -0.610230 1.000000 1.000000 1.000000
6989.152832 0.000000 1174.918579 0.000000 0.249530 0.000000 -0.968367 0.000000 0.000000 0.000000
7009.860352 0.000000 1138.428711 0.000000 0.335204 0.000000 0.942146 0.000000 0.000000 0.000000
6978.492188 0.000000 1133.277100 0.000000 0.951540 0.000000 -0.307524 0.000000 0.000000 0.000000
7019.550781 0.000000 1136.487305 0.000000 0.871804 0.000000 -0.489855 1.000000 1.000000 1.000000
6982.202148 0.000000 1141.200317 0.000000 0.299780 0.000000 -0.954008 0.000000 0.000000 0.000000
6986.422852 0.000000 1153.435059 0.000000 0.646659 0.000000 0.762779 1.000000 1.000000 1.000000
6982.297363 0.000000 1131.035645 0.000000 0.865914 0.000000 0.500192 0.000000 0.000000 0.000000
6998.909180 0.000000 1140.687378 0.000000 0.531578 0.000000 -0.847010 1.000000 1.000000 1.000000
6978.759766 0.000000 1138.802124 0.000000 0.321773 0.000000 -0.946817 0.000000 0.000000 0.000000
6978.873047 0.000000 1155.977783 0.000000 0.763246 0.000000 0.646108 0.000000 0.000000 0.000000
7039.450684 0.000000 1137.616821 0.000000 0.629798 0.000000 -0.776759 0.000000 0.000000 0.000000
6984.000977 0.000000 1133.748779 0.000000 0.883567 0.000000 0.468306 0.000000 0.000000 0.000000
7012.142090 0.000000 1129.782715 0.000000 0.765230 0.000000 -0.643757 1.000000 1.000000 1.000000
7009.762695 0.000000 1141.056030 0.000000 0.303590 0.000000 -0.952803 1.000000 1.000000 1.000000
6977.439453 0.000000 1154.066895 0.000000 0.615623 0.000000 0.788041 0.000000 0.000000 0.000000
6984.162109 0.000000 1149.408325 0.000000 0.962727 0.000000 0.270475 0.000000 0.000000 0.000000
7004.903809 0.000000 1136.308838 0.000000 0.790071 0.000000 0.613015 1.000000 1.000000 1.000000
6994.112793 0.000000 1155.879150 0.000000 0.809380 0.000000 0.587286 0.000000 0.000000 0.000000
7037.061035 0.000000 1130.243774 0.000000 0.954268 0.000000 0.298952 1.000000 1.000000 1.000000
6992.326660 0.000000 1152.354492 0.000000 0.684768 0.000000 -0.728761 0.000000 0.000000 0.000000
7002.413574 0.000000 1137.958984 0.000000 0.708021 0.000000 -0.706191 0.000000 0.000000 0.000000
6984.816895 0.000000 1177.695801 0.000000 0.862008 0.000000 0.506894 0.000000 0.000000 0.000000
6993.646484 0.000000 1149.012329 0.000000 0.449247 0.000000 0.893408 1.000000 1.000000 1.000000
6990.008789 0.000000 1149.432617 0.000000 0.878622 0.000000 0.477518 1.000000 1.000000 1.000000
6991.814941 0.000000 1150.319458 0.000000 0.925169 0.000000 0.379554 1.000000 1.000000 1.000000
7015.709473 0.000000 1129.689819 0.000000 0.657471 0.000000 -0.753480 0.000000 0.000000 0.000000
6990.853027 0.000000 1146.589233 0.000000 0.845362 0.000000 -0.534195 0.000000 0.000000 0.000000
6984.096191 0.000000 1131.872559 0.000000 0.992021 0.000000 0.126073 0.000000 0.000000 0.000000
7019.041992 0.000000 1138.558228 0.000000 0.661425 0.000000 0.750011 0.000000 0.000000 0.000000
7006.270508 0.000000 1138.964233 0.000000 0.859918 0.000000 0.510432 1.000000 1.000000 1.000000
6987.861328 0.000000 1144.357056 0.000000 0.023853 0.000000 0.999715 1.000000 1.000000 1.000000
6988.884766 0.000000 1176.669922 0.000000 0.180386 0.000000 -0.983596 0.000000 0.000000 0.000000
6988.302734 0.000000 1150.085938 0.000000 0.818400 0.000000 0.574649 1.000000 1.000000 1.000000
6998.760742 0.000000 1138.891968 0.000000 0.107173 0.000000 -0.994240 0.000000 0.000000 0.000000
7103.419434 0.000000 1151.559570 0.000000 0.972302 0.000000 -0.233729 0.000000 0.000000 0.000000
7101.524414 0.000000 1135.200928 0.000000 0.793360 0.000000 0.608753 0.000000 0.000000 0.000000
7072.909180 0.000000 1171.930786 0.000000 0.737652 0.000000 0.675181 0.000000 0.000000 0.000000
7103.291016 0.000000 1130.092529 0.000000 0.569180 0.000000 -0.822213 0.000000 0.000000 0.000000
7049.437988 0.000000 1130.505127 0.000000 0.145731 0.000000 0.989324 0.000000 0.000000 0.000000
7065.550293 0.000000 1141.288940 0.000000 0.880888 0.000000 -0.473325 0.000000 0.000000 0.000000
7073.638184 0.000000 1176.456177 0.000000 0.715911 0.000000 0.698191 0.000000 0.000000 0.000000
7040.110840 0.000000 1140.052002 0.000000 0.960839 0.000000 -0.277107 0.000000 0.000000 0.000000
7068.683105 0.000000 1143.121460 0.000000 0.181029 0.000000 0.983478 0.000000 0.000000 0.000000
7064.357910 0.000000 1138.198486 0.000000 0.867013 0.000000 -0.498285 1.000000 1.000000 1.000000
7046.798828 0.000000 1143.954468 0.000000 0.305647 0.000000 -0.952145 0.000000 0.000000 0.000000
7070.662598 0.000000 1175.877930 0.000000 0.139524 0.000000 -0.990219 1.000000 1.000000 1.000000
7100.365723 0.000000 1132.415161 0.000000 0.766773 0.000000 -0.641918 0.000000 0.000000 0.000000
7050.448242 0.000000 1133.292480 0.000000 0.255342 0.000000 0.966851 0.000000 0.000000 0.000000
7042.759766 0.000000 1138.802124 0.000000 0.437613 0.000000 -0.899163 0.000000 0.000000 0.000000
7067.921387 0.000000 1145.643188 0.000000 0.248741 0.000000 -0.968570 0.000000 0.000000 0.000000
7046.927734 0.000000 1136.034912 0.000000 0.517841 0.000000 -0.855477 0.000000 0.000000 0.000000
7072.505859 0.000000 1174.345337 0.000000 0.954534 0.000000 -0.298102 0.000000 0.000000 0.000000
7101.061035 0.000000 1130.243774 0.000000 0.706631 0.000000 0.707582 1.000000 1.000000 1.000000
7040.060059 0.000000 1137.935669 0.000000 0.999903 0.000000 0.013960 0.000000 0.000000 0.000000
7048.607910 0.000000 1143.522949 0.000000 0.356610 0.000000 0.934254 1.000000 1.000000 1.000000
7049.625488 0.000000 1139.912354 0.000000 0.421474 0.000000 0.906841 1.000000 1.000000 1.000000
7046.638672 0.000000 1139.240356 0.000000 0.135874 0.000000 0.990726 1.000000 1.000000 1.000000
7167.419434 0.000000 1151.559570 0.000000 0.987839 0.000000 0.155479 0.000000 0.000000 0.000000
7137.639160 0.000000 1159.725098 0.000000 0.038781 0.000000 -0.999248 0.000000 0.000000 0.000000
7104.315430 0.000000 1156.113037 0.000000 0.127745 0.000000 0.991807 0.000000 0.000000 0.000000
7165.524414 0.000000 1135.200928 0.000000 0.460103 0.000000 -0.887866 0.000000 0.000000 0.000000
7161.426758 0.000000 1147.086426 0.000000 0.881809 0.000000 -0.471607 0.000000 0.000000 0.000000
7161.915527 0.000000 1140.402222 0.000000 0.439395 0.000000 -0.898294 0.000000 0.000000 0.000000
7149.791016 0.000000 1143.025635 0.000000 0.407129 0.000000 -0.913371 0.000000 0.000000 0.000000
7140.590332 0.000000 1139.694214 0.000000 0.990216 0.000000 -0.139545 0.000000 0.000000 0.000000
7154.569336 0.000000 1185.661255 0.000000 0.474133 0.000000 -0.880453 0.000000 0.000000 0.000000
7117.333984 0.000000 1134.016846 0.000000 0.555965 0.000000 0.831205 0.000000 0.000000 0.000000
7109.348633 0.000000 1138.129272 0.000000 0.940524 0.000000 0.339726 0.000000 0.000000 0.000000
7165.935547 0.000000 1159.717529 0.000000 0.578833 0.000000 0.815446 0.000000 0.000000 0.000000
7159.430664 0.000000 1143.564575 0.000000 0.776058 0.000000 -0.630662 0.000000 0.000000 0.000000
7163.875488 0.000000 1143.893677 0.000000 0.215435 0.000000 -0.976518 0.000000 0.000000 0.000000
7150.165527 0.000000 1147.229736 0.000000 0.712902 0.000000 -0.701264 0.000000 0.000000 0.000000
7115.269531 0.000000 1139.017578 0.000000 0.432906 0.000000 -0.901439 0.000000 0.000000 0.000000
7110.798828 0.000000 1143.954468 0.000000 0.990074 0.000000 -0.140549 0.000000 0.000000 0.000000
7153.605957 0.000000 1182.541382 0.000000 0.954843 0.000000 -0.297110 0.000000 0.000000 0.000000
7104.205078 0.000000 1152.106201 0.000000 0.864171 0.000000 -0.503198 0.000000 0.000000 0.000000
7112.260254 0.000000 1138.693115 0.000000 0.574656 0.000000 -0.818395 1.000000 1.000000 1.000000
7114.448242 0.000000 1133.292480 0.000000 0.588794 0.000000 -0.808283 0.000000 0.000000 0.000000
7110.202148 0.000000 1141.200317 0.000000 0.854243 0.000000 0.519873 0.000000 0.000000 0.000000
7158.928223 0.000000 1146.572510 0.000000 0.294600 0.000000 -0.955621 0.000000 0.000000 0.000000
7167.450684 0.000000 1137.616821 0.000000 0.891967 0.000000 -0.452100 0.000000 0.000000 0.000000
7110.927734 0.000000 1136.034912 0.000000 0.345596 0.000000 0.938383 0.000000 0.000000 0.000000
7115.600586 0.000000 1135.409302 0.000000 0.160297 0.000000 -0.987069 1.000000 1.000000 1.000000
7161.361328 0.000000 1142.476807 0.000000 0.928487 0.000000 -0.371364 0.000000 0.000000 0.000000
7147.937012 0.000000 1186.114990 0.000000 0.977252 0.000000 0.212080 1.000000 1.000000 1.000000
7114.858887 0.000000 1137.216187 0.000000 0.415116 0.000000 -0.909768 0.000000 0.000000 0.000000
7112.607910 0.000000 1143.522949 0.000000 0.634846 0.000000 -0.772639 0.000000 0.000000 0.000000
7113.625488 0.000000 1139.912354 0.000000 0.580249 0.000000 -0.814439 1.000000 1.000000 1.000000
7094.803711 0.000000 1188.238037 0.000000 0.219235 0.000000 0.975672 0.000000 0.000000 0.000000
7055.347656 0.000000 1186.455933 0.000000 0.091863 0.000000 -0.995772 0.000000 0.000000 0.000000
7129.268555 0.000000 1202.581055 0.000000 0.817814 0.000000 0.575483 0.000000 0.000000 0.000000
7165.524414 0.000000 1191.685303 0.000000 0.807139 0.000000 0.590361 0.000000 0.000000 0.000000
7141.084961 0.000000 1200.969482 0.000000 0.986302 0.000000 -0.164948 0.000000 0.000000 0.000000
7151.844727 0.000000 1193.282349 0.000000 0.041756 0.000000 0.999128 0.000000 0.000000 0.000000
7161.915527 0.000000 1196.886597 0.000000 0.949087 0.000000 0.315015 0.000000 0.000000 0.000000
7151.365234 0.000000 1216.975464 0.000000 0.133362 0.000000 0.991067 0.000000 0.000000 0.000000
7155.720703 0.000000 1224.043701 0.000000 0.707343 0.000000 -0.706871 0.000000 0.000000 0.000000
7160.634766 0.000000 1221.960449 0.000000 0.760346 0.000000 0.649518 0.000000 0.000000 0.000000
7141.443359 0.000000 1205.973877 0.000000 0.768990 0.000000 0.639260 0.000000 0.000000 0.000000
7158.117188 0.000000 1193.193237 0.000000 0.930914 0.000000 -0.365238 0.000000 0.000000 0.000000
7155.521484 0.000000 1214.180786 0.000000 0.223595 0.000000 0.974682 0.000000 0.000000 0.000000
7150.917969 0.000000 1207.486572 0.000000 0.045184 0.000000 0.998979 1.000000 1.000000 1.000000
7146.133789 0.000000 1190.309204 0.000000 0.742472 0.000000 0.669877 1.000000 1.000000 1.000000
7141.993652 0.000000 1215.735229 0.000000 0.784480 0.000000 -0.620154 0.000000 0.000000 0.000000
7146.157715 0.000000 1209.008179 0.000000 0.105681 0.000000 -0.994400 0.000000 0.000000 0.000000
7145.764648 0.000000 1214.496094 0.000000 0.851821 0.000000 -0.523833 0.000000 0.000000 0.000000
7161.786621 0.000000 1190.696655 0.000000 0.417220 0.000000 0.908806 0.000000 0.000000 0.000000
7153.158691 0.000000 1220.800293 0.000000 0.273292 0.000000 0.961931 0.000000 0.000000 0.000000
7145.896973 0.000000 1186.200195 0.000000 0.872509 0.000000 -0.488598 0.000000 0.000000 0.000000
7152.887695 0.000000 1211.047363 0.000000 0.677251 0.000000 0.735752 0.000000 0.000000 0.000000
7148.877441 0.000000 1219.958862 0.000000 0.070474 0.000000 -0.997514 0.000000 0.000000 0.000000
7163.742676 0.000000 1223.848877 0.000000 0.064541 0.000000 0.997915 0.000000 0.000000 0.000000
7152.763672 0.000000 1225.978271 0.000000 0.933720 0.000000 -0.358005 1.000000 1.000000 1.000000
7149.457031 0.000000 1190.385376 0.000000 0.669236 0.000000 -0.743050 1.000000 1.000000 1.000000
7143.553711 0.000000 1203.374146 0.000000 0.134098 0.000000 -0.990968 0.000000 0.000000 0.000000
7162.815430 0.000000 1193.740967 0.000000 0.237396 0.000000 0.971413 1.000000 1.000000 1.000000
7159.033203 0.000000 1224.619751 0.000000 0.176671 0.000000 -0.984270 1.000000 1.000000 1.000000
7154.335449 0.000000 1207.064941 0.000000 0.383908 0.000000 -0.923371 0.000000 0.000000 0.000000
7152.015137 0.000000 1213.953369 0.000000 0.865864 0.000000 -0.500280 0.000000 0.000000 0.000000
7147.534668 0.000000 1202.161621 0.000000 0.999895 0.000000 0.014514 1.000000 1.000000 1.000000
7147.550781 0.000000 1192.971680 0.000000 0.663412 0.000000 0.748254 0.000000 0.000000 0.000000
7144.221680 0.000000 1206.615112 0.000000 0.713559 0.000000 -0.700595 0.000000 0.000000 0.000000
7153.495117 0.000000 1186.271973 0.000000 0.732817 0.000000 -0.680426 0.000000 0.000000 0.000000
7142.386719 0.000000 1208.520020 0.000000 0.581370 0.000000 -0.813639 0.000000 0.000000 0.000000
7148.193359 0.000000 1207.116455 0.000000 0.232384 0.000000 0.972624 0.000000 0.000000 0.000000
7155.409180 0.000000 1211.658081 0.000000 0.225938 0.000000 0.974142 0.000000 0.000000 0.000000
7160.357422 0.000000 1194.518799 0.000000 0.779767 0.000000 0.626069 0.000000 0.000000 0.000000
7150.630859 0.000000 1209.948486 0.000000 0.776134 0.000000 -0.630569 1.000000 1.000000 1.000000
7147.597168 0.000000 1188.196411 0.000000 0.978192 0.000000 0.207704 1.000000 1.000000 1.000000
7143.437012 0.000000 1213.553833 0.000000 0.172779 0.000000 -0.984961 0.000000 0.000000 0.000000
7124.387207 0.000000 1212.968994 0.000000 0.053427 0.000000 0.998572 0.000000 0.000000 0.000000
7140.534668 0.000000 1203.349976 0.000000 0.981691 0.000000 0.190478 1.000000 1.000000 1.000000
7153.258789 0.000000 1223.628906 0.000000 0.733872 0.000000 0.679288 0.000000 0.000000 0.000000
7161.397461 0.000000 1224.322144 0.000000 0.021715 0.000000 -0.999764 0.000000 0.000000 0.000000
7159.474609 0.000000 1191.242554 0.000000 0.587652 0.000000 0.809114 0.000000 0.000000 0.000000
7151.221680 0.000000 1219.470459 0.000000 0.993479 0.000000 -0.114014 1.000000 1.000000 1.000000
7148.304199 0.000000 1209.871216 0.000000 0.864440 0.000000 0.502737 1.000000 1.000000 1.000000
7152.749512 0.000000 1208.779541 0.000000 0.998879 0.000000 -0.047332 1.000000 1.000000 1.000000
7148.435059 0.000000 1222.146973 0.000000 0.986337 0.000000 0.164740 1.000000 1.000000 1.000000
7145.191406 0.000000 1188.302368 0.000000 0.684740 0.000000 -0.728788 1.000000 1.000000 1.000000
7144.507812 0.000000 1210.594238 0.000000 0.690678 0.000000 0.723163 0.000000 0.000000 0.000000
7149.664062 0.000000 1193.167480 0.000000 0.949114 0.000000 -0.314931 0.000000 0.000000 0.000000
7150.922852 0.000000 1221.493164 0.000000 0.720836 0.000000 0.693106 1.000000 1.000000 1.000000
7154.491699 0.000000 1209.812134 0.000000 0.802377 0.000000 -0.596818 1.000000 1.000000 1.000000
7153.818848 0.000000 1212.919556 0.000000 0.998952 0.000000 0.045764 0.000000 0.000000 0.000000
7163.533691 0.000000 1191.746704 0.000000 0.575124 0.000000 -0.818066 0.000000 0.000000 0.000000
7151.143066 0.000000 1211.849365 0.000000 0.584754 0.000000 -0.811211 1.000000 1.000000 1.000000
7163.459473 0.000000 1195.531982 0.000000 0.261499 0.000000 -0.965204 0.000000 0.000000 0.000000
7151.125977 0.000000 1225.088989 0.000000 0.959040 0.000000 -0.283272 1.000000 1.000000 1.000000
7144.327148 0.000000 1208.443726 0.000000 0.380145 0.000000 0.924927 0.000000 0.000000 0.000000
7149.502441 0.000000 1208.532715 0.000000 0.994831 0.000000 0.101540 1.000000 1.000000 1.000000
7147.779785 0.000000 1191.153320 0.000000 0.987026 0.000000 0.160559 1.000000 1.000000 1.000000
7142.039062 0.000000 1204.273560 0.000000 0.719847 0.000000 0.694133 0.000000 0.000000 0.000000
7203.530762 0.000000 954.338562 0.000000 0.980984 0.000000 0.194087 0.000000 0.000000 0.000000
7193.268555 0.000000 920.159119 0.000000 0.796157 0.000000 -0.605090 0.000000 0.000000 0.000000
7194.616699 0.000000 909.959412 0.000000 0.570247 0.000000 0.821473 0.000000 0.000000 0.000000
7199.273438 0.000000 958.626404 0.000000 0.991839 0.000000 -0.127498 0.000000 0.000000 0.000000
7190.596680 0.000000 924.281128 0.000000 0.769241 0.000000 -0.638959 0.000000 0.000000 0.000000
7202.139648 0.000000 905.476318 0.000000 0.990034 0.000000 -0.140831 0.000000 0.000000 0.000000
7196.263672 0.000000 913.046021 0.000000 0.698172 0.000000 -0.715930 0.000000 0.000000 0.000000
7191.871582 0.000000 943.231018 0.000000 0.204406 0.000000 -0.978886 0.000000 0.000000 0.000000
7200.693359 0.000000 955.738281 0.000000 0.877807 0.000000 -0.479014 0.000000 0.000000 0.000000
7204.294922 0.000000 907.406738 0.000000 0.998296 0.000000 -0.058355 0.000000 0.000000 0.000000
7189.389160 0.000000 946.975891 0.000000 0.311173 0.000000 -0.950353 0.000000 0.000000 0.000000
7204.142090 0.000000 903.845215 0.000000 0.999417 0.000000 -0.034130 1.000000 1.000000 1.000000
7191.550293 0.000000 945.538940 0.000000 0.261521 0.000000 0.965198 0.000000 0.000000 0.000000
7196.903809 0.000000 910.371399 0.000000 0.891159 0.000000 0.453692 0.000000 0.000000 0.000000
7200.666016 0.000000 904.388916 0.000000 0.205694 0.000000 -0.978616 0.000000 0.000000 0.000000
7204.465820 0.000000 905.535889 0.000000 0.954965 0.000000 0.296717 1.000000 1.000000 1.000000
7259.221680 0.000000 949.778564 0.000000 0.923935 0.000000 -0.382550 0.000000 0.000000 0.000000
7293.041992 0.000000 959.408142 0.000000 0.731654 0.000000 0.681677 0.000000 0.000000 0.000000
7263.273438 0.000000 958.626404 0.000000 0.937406 0.000000 0.348239 0.000000 0.000000 0.000000
7262.600098 0.000000 953.453613 0.000000 0.057605 0.000000 0.998339 0.000000 0.000000 0.000000
7252.194824 0.000000 949.662842 0.000000 0.401869 0.000000 0.915697 0.000000 0.000000 0.000000
7255.759277 0.000000 947.875793 0.000000 0.911776 0.000000 0.410687 0.000000 0.000000 0.000000
7258.771973 0.000000 953.660278 0.000000 0.915758 0.000000 -0.401731 0.000000 0.000000 0.000000
7250.867188 0.000000 946.713928 0.000000 0.905742 0.000000 0.423830 0.000000 0.000000 0.000000
7261.075684 0.000000 956.150208 0.000000 0.903347 0.000000 0.428911 1.000000 1.000000 1.000000
7260.116211 0.000000 959.165588 0.000000 0.425042 0.000000 0.905174 1.000000 1.000000 1.000000
7251.100098 0.000000 956.496948 0.000000 0.997229 0.000000 -0.074399 0.000000 0.000000 0.000000
7253.389160 0.000000 946.975891 0.000000 0.816109 0.000000 -0.577897 1.000000 1.000000 1.000000
7251.281738 0.000000 959.404419 0.000000 0.780859 0.000000 -0.624707 0.000000 0.000000 0.000000
7260.806641 0.000000 954.112976 0.000000 0.913416 0.000000 -0.407027 1.000000 1.000000 1.000000
7261.530273 0.000000 957.923401 0.000000 0.273835 0.000000 -0.961777 1.000000 1.000000 1.000000
7252.010742 0.000000 947.959351 0.000000 0.760362 0.000000 0.649499 1.000000 1.000000 1.000000
7171.834473 0.000000 960.236877 0.000000 0.997076 0.000000 0.076410 0.000000 0.000000 0.000000
7295.683594 0.000000 973.274780 0.000000 0.188101 0.000000 -0.982150 0.000000 0.000000 0.000000
7295.419434 0.000000 982.106445 0.000000 0.935635 0.000000 -0.352968 0.000000 0.000000 0.000000
7294.127441 0.000000 977.674377 0.000000 0.439779 0.000000 0.898106 0.000000 0.000000 0.000000
7260.683105 0.000000 973.668274 0.000000 0.226811 0.000000 -0.973939 0.000000 0.000000 0.000000
7263.085938 0.000000 967.863220 0.000000 0.504368 0.000000 -0.863489 0.000000 0.000000 0.000000
7265.860352 0.000000 968.975525 0.000000 0.837896 0.000000 -0.545829 0.000000 0.000000 0.000000
7265.762695 0.000000 971.602905 0.000000 0.139248 0.000000 0.990258 1.000000 1.000000 1.000000
7294.188965 0.000000 975.308960 0.000000 0.847938 0.000000 0.530095 0.000000 0.000000 0.000000
7294.677246 0.000000 962.780396 0.000000 0.589500 0.000000 0.807768 0.000000 0.000000 0.000000
7262.946777 0.000000 973.473328 0.000000 0.233452 0.000000 0.972368 0.000000 0.000000 0.000000
7411.720703 0.000000 941.621765 0.000000 0.126595 0.000000 0.991954 0.000000 0.000000 0.000000
7409.158691 0.000000 938.378357 0.000000 0.997158 0.000000 -0.075341 0.000000 0.000000 0.000000
7353.729980 0.000000 1001.023865 0.000000 0.098664 0.000000 0.995121 0.000000 0.000000 0.000000
7310.124512 0.000000 989.243164 0.000000 0.589404 0.000000 -0.807838 0.000000 0.000000 0.000000
7357.041992 0.000000 1015.892517 0.000000 0.479915 0.000000 0.877315 0.000000 0.000000 0.000000
7297.476562 0.000000 966.693054 0.000000 0.685021 0.000000 -0.728523 0.000000 0.000000 0.000000
7346.569336 0.000000 1016.208191 0.000000 0.705067 0.000000 0.709140 0.000000 0.000000 0.000000
7296.173340 0.000000 962.059021 0.000000 0.774597 0.000000 -0.632455 0.000000 0.000000 0.000000
7301.963867 0.000000 980.933350 0.000000 0.862405 0.000000 0.506219 0.000000 0.000000 0.000000
7300.061523 0.000000 976.443970 0.000000 0.096482 0.000000 0.995335 0.000000 0.000000 0.000000
7356.718750 0.000000 1001.465820 0.000000 0.866754 0.000000 0.498736 1.000000 1.000000 1.000000
7356.341309 0.000000 1013.402222 0.000000 0.329857 0.000000 -0.944031 0.000000 0.000000 0.000000
7359.022949 0.000000 1014.399963 0.000000 0.875111 0.000000 0.483922 0.000000 0.000000 0.000000
7312.405273 0.000000 997.789490 0.000000 0.970819 0.000000 -0.239815 0.000000 0.000000 0.000000
7300.637695 0.000000 978.807190 0.000000 0.981437 0.000000 -0.191785 1.000000 1.000000 1.000000
7355.060547 0.000000 1002.826660 0.000000 0.431722 0.000000 -0.902007 0.000000 0.000000 0.000000
7296.013672 0.000000 964.757141 0.000000 0.709378 0.000000 -0.704828 0.000000 0.000000 0.000000
7363.716309 0.000000 1001.340515 0.000000 0.961526 0.000000 0.274714 0.000000 0.000000 0.000000
7374.124512 0.000000 989.243164 0.000000 0.497961 0.000000 0.867200 0.000000 0.000000 0.000000
7365.002930 0.000000 996.362366 0.000000 0.525962 0.000000 0.850508 0.000000 0.000000 0.000000
7364.957031 0.000000 1006.401489 0.000000 0.944866 0.000000 0.327457 0.000000 0.000000 0.000000
7377.893555 0.000000 973.549133 0.000000 0.465700 0.000000 -0.884943 0.000000 0.000000 0.000000
7363.856934 0.000000 1010.306335 0.000000 0.985152 0.000000 -0.171686 1.000000 1.000000 1.000000
7372.652344 0.000000 985.661194 0.000000 0.448675 0.000000 -0.893695 0.000000 0.000000 0.000000
7362.892090 0.000000 998.435669 0.000000 0.002326 0.000000 0.999997 0.000000 0.000000 0.000000
7371.443359 0.000000 990.221436 0.000000 0.586130 0.000000 0.810217 0.000000 0.000000 0.000000
7363.898438 0.000000 1012.991028 0.000000 0.754877 0.000000 0.655867 0.000000 0.000000 0.000000
7362.854492 0.000000 1007.781311 0.000000 0.642562 0.000000 -0.766234 0.000000 0.000000 0.000000
7371.910645 0.000000 987.917358 0.000000 0.995817 0.000000 -0.091367 1.000000 1.000000 1.000000
7373.989746 0.000000 987.148865 0.000000 0.387593 0.000000 0.921830 1.000000 1.000000 1.000000
7371.004883 0.000000 986.054321 0.000000 0.698712 0.000000 -0.715403 1.000000 1.000000 1.000000
7220.600586 0.000000 1039.932617 0.000000 0.260084 0.000000 0.965586 0.000000 0.000000 0.000000
7229.733887 0.000000 1050.928955 0.000000 0.187696 0.000000 -0.982227 0.000000 0.000000 0.000000
7200.909180 0.000000 1058.962036 0.000000 0.683178 0.000000 0.730252 0.000000 0.000000 0.000000
7204.049805 0.000000 1053.008301 0.000000 0.343294 0.000000 0.939228 0.000000 0.000000 0.000000
7177.095215 0.000000 1028.706177 0.000000 0.965227 0.000000 -0.261415 0.000000 0.000000 0.000000
7215.365234 0.000000 1047.522339 0.000000 0.966765 0.000000 0.255666 0.000000 0.000000 0.000000
7181.333984 0.000000 1021.048096 0.000000 0.119317 0.000000 -0.992856 1.000000 1.000000 1.000000
7173.348633 0.000000 1025.160522 0.000000 0.422116 0.000000 0.906542 0.000000 0.000000 0.000000
7201.638184 0.000000 1063.487427 0.000000 0.387335 0.000000 0.921939 0.000000 0.000000 0.000000
7221.757812 0.000000 1036.083496 0.000000 0.529417 0.000000 -0.848362 0.000000 0.000000 0.000000
7221.811523 0.000000 1058.017822 0.000000 0.977868 0.000000 -0.209224 0.000000 0.000000 0.000000
7204.219727 0.000000 1056.876221 0.000000 0.622577 0.000000 0.782558 0.000000 0.000000 0.000000
7212.877441 0.000000 1050.505737 0.000000 0.893820 0.000000 0.448425 0.000000 0.000000 0.000000
7172.061523 0.000000 1032.928345 0.000000 0.667122 0.000000 0.744949 0.000000 0.000000 0.000000
7218.335449 0.000000 1037.611816 0.000000 0.988650 0.000000 -0.150237 1.000000 1.000000 1.000000
7206.737793 0.000000 1055.196655 0.000000 0.756671 0.000000 -0.653796 0.000000 0.000000 0.000000
7176.260254 0.000000 1025.724365 0.000000 0.832164 0.000000 -0.554530 1.000000 1.000000 1.000000
7181.243652 0.000000 1023.959900 0.000000 0.520355 0.000000 -0.853950 0.000000 0.000000 0.000000
7178.448242 0.000000 1020.323669 0.000000 0.079542 0.000000 0.996832 0.000000 0.000000 0.000000
7174.202148 0.000000 1028.231567 0.000000 0.841929 0.000000 -0.539588 0.000000 0.000000 0.000000
7174.927734 0.000000 1023.066162 0.000000 0.718592 0.000000 -0.695432 0.000000 0.000000 0.000000
7221.193359 0.000000 1056.053711 0.000000 0.701043 0.000000 -0.713119 0.000000 0.000000 0.000000
7170.200195 0.000000 1033.338013 0.000000 0.715293 0.000000 -0.698825 0.000000 0.000000 0.000000
7204.653320 0.000000 1054.983643 0.000000 0.935757 0.000000 -0.352645 1.000000 1.000000 1.000000
7175.854492 0.000000 1027.466797 0.000000 0.988495 0.000000 0.151253 1.000000 1.000000 1.000000
7219.232422 0.000000 1036.072632 0.000000 0.931856 0.000000 -0.362829 1.000000 1.000000 1.000000
7174.638672 0.000000 1026.271606 0.000000 0.701049 0.000000 -0.713113 1.000000 1.000000 1.000000
7295.450684 0.000000 1024.648071 0.000000 0.323400 0.000000 0.946262 0.000000 0.000000 0.000000
7292.870605 0.000000 1024.111206 0.000000 0.946568 0.000000 -0.322504 0.000000 0.000000 0.000000
7195.221680 0.000000 1119.231689 0.000000 0.920846 0.000000 0.389926 0.000000 0.000000 0.000000
7231.419434 0.000000 1095.075195 0.000000 0.732180 0.000000 -0.681111 0.000000 0.000000 0.000000
7225.426758 0.000000 1090.602051 0.000000 0.817990 0.000000 0.575232 0.000000 0.000000 0.000000
7206.465332 0.000000 1098.300903 0.000000 0.738644 0.000000 -0.674096 0.000000 0.000000 0.000000
7229.041992 0.000000 1128.861206 0.000000 0.419263 0.000000 0.907865 0.000000 0.000000 0.000000
7184.020996 0.000000 1117.431396 0.000000 0.684101 0.000000 0.729387 0.000000 0.000000 0.000000
7172.957031 0.000000 1119.370239 0.000000 0.876049 0.000000 0.482222 0.000000 0.000000 0.000000
7219.521484 0.000000 1101.212036 0.000000 0.345671 0.000000 0.938356 0.000000 0.000000 0.000000
7214.917969 0.000000 1094.517822 0.000000 0.994285 0.000000 0.106760 0.000000 0.000000 0.000000
7188.194824 0.000000 1119.115967 0.000000 0.961310 0.000000 0.275470 0.000000 0.000000 0.000000
7184.913574 0.000000 1105.773193 0.000000 0.894299 0.000000 -0.447469 0.000000 0.000000 0.000000
7181.646484 0.000000 1113.949341 0.000000 0.881095 0.000000 -0.472939 1.000000 1.000000 1.000000
7204.219727 0.000000 1113.360596 0.000000 0.984204 0.000000 -0.177039 0.000000 0.000000 0.000000
7212.817383 0.000000 1082.729126 0.000000 0.978943 0.000000 -0.204134 0.000000 0.000000 0.000000
7177.889160 0.000000 1128.468140 0.000000 0.157647 0.000000 -0.987496 0.000000 0.000000 0.000000
7172.061523 0.000000 1089.412720 0.000000 0.649302 0.000000 -0.760531 0.000000 0.000000 0.000000
7217.605957 0.000000 1126.057007 0.000000 0.004739 0.000000 -0.999989 0.000000 0.000000 0.000000
7178.749023 0.000000 1115.395996 0.000000 0.867433 0.000000 -0.497555 1.000000 1.000000 1.000000
7186.867188 0.000000 1116.166992 0.000000 0.872501 0.000000 0.488612 0.000000 0.000000 0.000000
7197.075684 0.000000 1125.603271 0.000000 0.779272 0.000000 -0.626686 0.000000 0.000000 0.000000
7174.113770 0.000000 1112.161621 0.000000 0.603000 0.000000 -0.797741 0.000000 0.000000 0.000000
7211.534668 0.000000 1089.192871 0.000000 0.972758 0.000000 0.231822 0.000000 0.000000 0.000000
7174.827637 0.000000 1129.202026 0.000000 0.838167 0.000000 -0.545414 0.000000 0.000000 0.000000
7208.221680 0.000000 1093.646362 0.000000 0.999654 0.000000 -0.026311 0.000000 0.000000 0.000000
7179.713867 0.000000 1111.206299 0.000000 0.238611 0.000000 0.971115 0.000000 0.000000 0.000000
7224.270996 0.000000 1093.712891 0.000000 0.903662 0.000000 0.428247 0.000000 0.000000 0.000000
7210.549316 0.000000 1084.314453 0.000000 0.663690 0.000000 -0.748008 1.000000 1.000000 1.000000
7182.569336 0.000000 1106.971924 0.000000 0.541906 0.000000 -0.840439 0.000000 0.000000 0.000000
7228.341309 0.000000 1126.370972 0.000000 0.151199 0.000000 -0.988503 0.000000 0.000000 0.000000
7202.794434 0.000000 1111.462646 0.000000 0.350693 0.000000 0.936491 1.000000 1.000000 1.000000
7180.076660 0.000000 1108.513550 0.000000 0.144390 0.000000 0.989521 0.000000 0.000000 0.000000
7186.130371 0.000000 1118.296387 0.000000 0.066811 0.000000 0.997766 0.000000 0.000000 0.000000
7179.567871 0.000000 1113.356445 0.000000 0.330762 0.000000 -0.943714 0.000000 0.000000 0.000000
7211.536621 0.000000 1086.766235 0.000000 0.624691 0.000000 0.780872 0.000000 0.000000 0.000000
7175.299805 0.000000 1113.941284 0.000000 0.577513 0.000000 0.816381 0.000000 0.000000 0.000000
7212.434570 0.000000 1084.981812 0.000000 0.593140 0.000000 0.805100 1.000000 1.000000 1.000000
7179.577637 0.000000 1117.224243 0.000000 0.348106 0.000000 0.937455 0.000000 0.000000 0.000000
7174.215332 0.000000 1089.356445 0.000000 0.246213 0.000000 -0.969216 0.000000 0.000000 0.000000
7205.990723 0.000000 1109.840454 0.000000 0.490385 0.000000 0.871506 0.000000 0.000000 0.000000
7204.653320 0.000000 1111.468018 0.000000 0.729836 0.000000 -0.683622 1.000000 1.000000 1.000000
7177.040527 0.000000 1114.727661 0.000000 0.039074 0.000000 0.999236 1.000000 1.000000 1.000000
7187.362793 0.000000 1081.514771 0.000000 0.988828 0.000000 -0.149064 0.000000 0.000000 0.000000
7293.524414 0.000000 1078.716553 0.000000 0.284536 0.000000 0.958665 0.000000 0.000000 0.000000
7234.164551 0.000000 1092.574707 0.000000 0.103724 0.000000 0.994606 0.000000 0.000000 0.000000
7251.298340 0.000000 1091.150269 0.000000 0.976448 0.000000 -0.215752 0.000000 0.000000 0.000000
7237.002930 0.000000 1109.331177 0.000000 0.284249 0.000000 0.958750 0.000000 0.000000 0.000000
7257.550293 0.000000 1084.804565 0.000000 0.125073 0.000000 -0.992148 0.000000 0.000000 0.000000
7248.913574 0.000000 1105.773193 0.000000 0.221427 0.000000 0.975177 0.000000 0.000000 0.000000
7254.003418 0.000000 1086.905518 0.000000 0.813656 0.000000 -0.581346 0.000000 0.000000 0.000000
7293.449707 0.000000 1082.689331 0.000000 0.923344 0.000000 -0.383974 0.000000 0.000000 0.000000
7232.205078 0.000000 1095.621826 0.000000 0.848875 0.000000 0.528593 0.000000 0.000000 0.000000
7290.815430 0.000000 1080.772217 0.000000 0.217896 0.000000 -0.975972 0.000000 0.000000 0.000000
7254.909180 0.000000 1084.203003 0.000000 0.715863 0.000000 -0.698241 1.000000 1.000000 1.000000
7252.109863 0.000000 1084.892822 0.000000 0.421814 0.000000 0.906683 0.000000 0.000000 0.000000
7248.434082 0.000000 1103.264282 0.000000 0.561955 0.000000 -0.827168 0.000000 0.000000 0.000000
7239.852051 0.000000 1110.380615 0.000000 0.306496 0.000000 -0.951872 0.000000 0.000000 0.000000
7292.870605 0.000000 1080.595581 0.000000 0.036864 0.000000 -0.999320 0.000000 0.000000 0.000000
7314.736816 0.000000 1066.839844 0.000000 0.013059 0.000000 -0.999915 0.000000 0.000000 0.000000
7315.921875 0.000000 1041.044189 0.000000 0.974646 0.000000 0.223754 0.000000 0.000000 0.000000
7348.885254 0.000000 1068.469849 0.000000 0.939843 0.000000 0.341608 0.000000 0.000000 0.000000
7333.084961 0.000000 1031.516357 0.000000 0.039239 0.000000 -0.999230 0.000000 0.000000 0.000000
7328.909180 0.000000 1058.962036 0.000000 0.618971 0.000000 0.785414 0.000000 0.000000 0.000000
7359.291016 0.000000 1017.123840 0.000000 0.975329 0.000000 0.220758 0.000000 0.000000 0.000000
7332.590332 0.000000 1026.725464 0.000000 0.994816 0.000000 0.101687 0.000000 0.000000 0.000000
7319.427734 0.000000 1065.714111 0.000000 0.829558 0.000000 0.558420 0.000000 0.000000 0.000000
7353.614258 0.000000 1069.099854 0.000000 0.311502 0.000000 0.950245 0.000000 0.000000 0.000000
7346.317383 0.000000 1019.909912 0.000000 0.823339 0.000000 0.567549 1.000000 1.000000 1.000000
7312.913574 0.000000 1049.288818 0.000000 0.847583 0.000000 -0.530663 0.000000 0.000000 0.000000
7313.114746 0.000000 1071.278564 0.000000 0.791861 0.000000 -0.610701 0.000000 0.000000 0.000000
7354.107422 0.000000 1071.919189 0.000000 0.999792 0.000000 -0.020400 0.000000 0.000000 0.000000
7315.100098 0.000000 1069.465698 0.000000 0.654951 0.000000 -0.755671 0.000000 0.000000 0.000000
7331.895020 0.000000 1029.232422 0.000000 0.784586 0.000000 -0.620020 0.000000 0.000000 0.000000
7346.542480 0.000000 1022.517273 0.000000 0.894946 0.000000 -0.446174 0.000000 0.000000 0.000000
7315.281738 0.000000 1072.373169 0.000000 0.646570 0.000000 -0.762855 0.000000 0.000000 0.000000
7319.825684 0.000000 1070.639160 0.000000 0.397800 0.000000 -0.917472 0.000000 0.000000 0.000000
7344.601562 0.000000 1021.561035 0.000000 0.963287 0.000000 -0.268473 0.000000 0.000000 0.000000
7329.958496 0.000000 1056.947754 0.000000 0.428907 0.000000 0.903349 0.000000 0.000000 0.000000
7320.941406 0.000000 1066.946411 0.000000 0.001037 0.000000 0.999999 0.000000 0.000000 0.000000
7318.371582 0.000000 1069.544800 0.000000 0.612182 0.000000 -0.790717 1.000000 1.000000 1.000000
7423.683594 0.000000 1029.759155 0.000000 0.828170 0.000000 0.560477 0.000000 0.000000 0.000000
7411.915527 0.000000 1028.760010 0.000000 0.254857 0.000000 0.966979 0.000000 0.000000 0.000000
7361.469238 0.000000 1071.266846 0.000000 0.687672 0.000000 0.726022 0.000000 0.000000 0.000000
7369.597656 0.000000 1066.594238 0.000000 0.998182 0.000000 0.060270 0.000000 0.000000 0.000000
7416.851562 0.000000 1048.331177 0.000000 0.962262 0.000000 -0.272125 0.000000 0.000000 0.000000
7419.875488 0.000000 1030.924927 0.000000 0.928461 0.000000 0.371431 0.000000 0.000000 0.000000
7414.469238 0.000000 1026.872803 0.000000 0.713912 0.000000 -0.700236 1.000000 1.000000 1.000000
7420.880859 0.000000 1039.948486 0.000000 0.826794 0.000000 0.562504 0.000000 0.000000 0.000000
7416.270996 0.000000 1037.228516 0.000000 0.751780 0.000000 0.659414 0.000000 0.000000 0.000000
7416.357422 0.000000 1025.065674 0.000000 0.127202 0.000000 -0.991877 0.000000 0.000000 0.000000
7360.164062 0.000000 1073.057861 0.000000 0.994318 0.000000 0.106453 0.000000 0.000000 0.000000
7417.361328 0.000000 1029.508057 0.000000 0.999734 0.000000 -0.023051 1.000000 1.000000 1.000000
7412.512207 0.000000 1026.573120 0.000000 0.665810 0.000000 -0.746121 0.000000 0.000000 0.000000
7416.204590 0.000000 1026.979614 0.000000 0.544223 0.000000 -0.838941 1.000000 1.000000 1.000000
7317.035156 0.000000 1113.920288 0.000000 0.039301 0.000000 -0.999227 0.000000 0.000000 0.000000
7341.791016 0.000000 1086.541260 0.000000 0.518589 0.000000 0.855024 0.000000 0.000000 0.000000
7345.916504 0.000000 1090.993164 0.000000 0.827036 0.000000 -0.562150 0.000000 0.000000 0.000000
7345.044434 0.000000 1121.887085 0.000000 0.173003 0.000000 -0.984921 0.000000 0.000000 0.000000
7342.917969 0.000000 1094.517822 0.000000 0.642672 0.000000 -0.766142 0.000000 0.000000 0.000000
7354.875000 0.000000 1073.357666 0.000000 0.975643 0.000000 -0.219365 0.000000 0.000000 0.000000
7355.875488 0.000000 1087.409302 0.000000 0.953178 0.000000 -0.302410 0.000000 0.000000 0.000000
7349.811523 0.000000 1114.502197 0.000000 0.758418 0.000000 -0.651769 0.000000 0.000000 0.000000
7357.449707 0.000000 1082.689331 0.000000 0.741322 0.000000 0.671150 0.000000 0.000000 0.000000
7342.165527 0.000000 1090.745361 0.000000 0.199071 0.000000 0.979985 0.000000 0.000000 0.000000
7344.446289 0.000000 1084.033936 0.000000 0.897788 0.000000 -0.440428 1.000000 1.000000 1.000000
7345.098145 0.000000 1087.579102 0.000000 0.200558 0.000000 0.979682 0.000000 0.000000 0.000000
7347.006836 0.000000 1081.648193 0.000000 0.988372 0.000000 -0.152058 1.000000 1.000000 1.000000
7348.612793 0.000000 1088.915161 0.000000 0.626016 0.000000 -0.779810 0.000000 0.000000 0.000000
7346.616699 0.000000 1119.256348 0.000000 0.610011 0.000000 -0.792393 0.000000 0.000000 0.000000
7349.008789 0.000000 1117.424927 0.000000 0.936814 0.000000 -0.349829 1.000000 1.000000 1.000000
7346.542480 0.000000 1079.001709 0.000000 0.982905 0.000000 -0.184115 0.000000 0.000000 0.000000
7357.258301 0.000000 1085.217407 0.000000 0.993595 0.000000 0.113002 1.000000 1.000000 1.000000
7340.263184 0.000000 1123.378174 0.000000 0.736282 0.000000 -0.676674 0.000000 0.000000 0.000000
7343.774902 0.000000 1092.391724 0.000000 0.855350 0.000000 -0.518050 0.000000 0.000000 0.000000
7316.737793 0.000000 1073.206055 0.000000 0.993729 0.000000 -0.111817 0.000000 0.000000 0.000000
7358.677246 0.000000 1075.749146 0.000000 0.870889 0.000000 -0.491479 0.000000 0.000000 0.000000
7357.061035 0.000000 1073.759399 0.000000 0.322751 0.000000 0.946484 0.000000 0.000000 0.000000
7344.601562 0.000000 1078.045410 0.000000 0.781842 0.000000 0.623476 1.000000 1.000000 1.000000
7342.915039 0.000000 1082.288940 0.000000 0.925785 0.000000 0.378051 0.000000 0.000000 0.000000
7349.305176 0.000000 1086.854004 0.000000 0.281829 0.000000 -0.959465 0.000000 0.000000 0.000000
7347.156250 0.000000 1087.276245 0.000000 0.371432 0.000000 -0.928460 0.000000 0.000000 0.000000
7348.752441 0.000000 1119.600464 0.000000 0.463284 0.000000 -0.886210 0.000000 0.000000 0.000000
7345.878906 0.000000 1085.546997 0.000000 0.711908 0.000000 0.702272 1.000000 1.000000 1.000000
7345.047363 0.000000 1082.027588 0.000000 0.589782 0.000000 0.807562 0.000000 0.000000 0.000000
7344.736816 0.000000 1119.890015 0.000000 0.808618 0.000000 0.588334 1.000000 1.000000 1.000000
7355.325195 0.000000 1085.318481 0.000000 0.162574 0.000000 -0.986696 1.000000 1.000000 1.000000
7342.857422 0.000000 1078.707031 0.000000 0.997884 0.000000 0.065019 0.000000 0.000000 0.000000
7347.232422 0.000000 1092.557007 0.000000 0.881269 0.000000 0.472616 1.000000 1.000000 1.000000
7345.566406 0.000000 1080.385742 0.000000 0.529180 0.000000 -0.848509 1.000000 1.000000 1.000000
7405.233887 0.000000 1099.100464 0.000000 0.989462 0.000000 0.144792 0.000000 0.000000 0.000000
7382.797363 0.000000 1074.177734 0.000000 0.995553 0.000000 0.094208 0.000000 0.000000 0.000000
7362.164551 0.000000 1092.574707 0.000000 0.125655 0.000000 -0.992074 0.000000 0.000000 0.000000
7407.844727 0.000000 1080.313599 0.000000 0.281118 0.000000 -0.959673 0.000000 0.000000 0.000000
7376.020996 0.000000 1117.431396 0.000000 0.561192 0.000000 -0.827686 0.000000 0.000000 0.000000
7364.861816 0.000000 1101.157715 0.000000 0.972813 0.000000 -0.231594 0.000000 0.000000 0.000000
7373.883301 0.000000 1121.699341 0.000000 0.632098 0.000000 -0.774889 0.000000 0.000000 0.000000
7397.993652 0.000000 1102.766479 0.000000 0.846554 0.000000 -0.532302 0.000000 0.000000 0.000000
7378.409180 0.000000 1101.612671 0.000000 0.395533 0.000000 -0.918452 0.000000 0.000000 0.000000
7360.522461 0.000000 1088.905151 0.000000 0.977211 0.000000 -0.212268 0.000000 0.000000 0.000000
7392.344727 0.000000 1111.520752 0.000000 0.374801 0.000000 -0.927105 1.000000 1.000000 1.000000
7401.764648 0.000000 1101.527344 0.000000 0.995066 0.000000 -0.099213 0.000000 0.000000 0.000000
7396.675781 0.000000 1106.045166 0.000000 0.950197 0.000000 0.311650 1.000000 1.000000 1.000000
7399.131348 0.000000 1108.182251 0.000000 0.981891 0.000000 0.189445 0.000000 0.000000 0.000000
7409.605957 0.000000 1126.057007 0.000000 0.765955 0.000000 0.642895 0.000000 0.000000 0.000000
7377.116211 0.000000 1120.450684 0.000000 0.323723 0.000000 0.946152 0.000000 0.000000 0.000000
7418.815430 0.000000 1080.772217 0.000000 0.317770 0.000000 -0.948168 0.000000 0.000000 0.000000
7373.152832 0.000000 1118.434204 0.000000 0.300976 0.000000 -0.953632 0.000000 0.000000 0.000000
7362.873047 0.000000 1099.493408 0.000000 0.363290 0.000000 -0.931676 0.000000 0.000000 0.000000
7394.441895 0.000000 1107.166504 0.000000 0.055682 0.000000 -0.998449 0.000000 0.000000 0.000000
7399.437012 0.000000 1100.585083 0.000000 0.997128 0.000000 0.075737 0.000000 0.000000 0.000000
7398.985352 0.000000 1105.067505 0.000000 0.267137 0.000000 0.963659 1.000000 1.000000 1.000000
7394.794434 0.000000 1111.462646 0.000000 0.805615 0.000000 -0.592439 0.000000 0.000000 0.000000
7363.928711 0.000000 1103.335083 0.000000 0.528097 0.000000 0.849184 0.000000 0.000000 0.000000
7375.784668 0.000000 1115.025757 0.000000 0.673401 0.000000 0.739277 0.000000 0.000000 0.000000
7400.581055 0.000000 1103.467529 0.000000 0.994572 0.000000 0.104049 1.000000 1.000000 1.000000
7378.112793 0.000000 1099.394775 0.000000 0.826335 0.000000 0.563178 1.000000 1.000000 1.000000
7373.897461 0.000000 1116.311035 0.000000 0.522513 0.000000 -0.852631 0.000000 0.000000 0.000000
7374.936035 0.000000 1119.775024 0.000000 0.746823 0.000000 -0.665023 0.000000 0.000000 0.000000
7391.716309 0.000000 1113.653687 0.000000 0.435905 0.000000 -0.899993 0.000000 0.000000 0.000000
7381.939941 0.000000 1098.536499 0.000000 0.685658 0.000000 0.727923 0.000000 0.000000 0.000000
7375.977051 0.000000 1122.270264 0.000000 0.691786 0.000000 0.722102 0.000000 0.000000 0.000000
7362.422852 0.000000 1101.602783 0.000000 0.556462 0.000000 0.830873 1.000000 1.000000 1.000000
7403.705078 0.000000 1100.590820 0.000000 0.348188 0.000000 -0.937425 0.000000 0.000000 0.000000
7397.990723 0.000000 1109.840454 0.000000 0.181950 0.000000 0.983308 1.000000 1.000000 1.000000
7397.000000 0.000000 1107.884644 0.000000 0.885958 0.000000 -0.463765 1.000000 1.000000 1.000000
7399.873535 0.000000 1109.990601 0.000000 0.954787 0.000000 -0.297291 0.000000 0.000000 0.000000
7400.804199 0.000000 1107.327393 0.000000 0.442993 0.000000 0.896525 1.000000 1.000000 1.000000
7390.384766 0.000000 1114.797852 0.000000 0.697011 0.000000 0.717061 0.000000 0.000000 0.000000
7403.434082 0.000000 1102.293213 0.000000 0.888307 0.000000 -0.459249 1.000000 1.000000 1.000000
7402.288086 0.000000 1103.885376 0.000000 0.625098 0.000000 0.780547 1.000000 1.000000 1.000000
7398.209961 0.000000 1106.703003 0.000000 0.352133 0.000000 0.935950 1.000000 1.000000 1.000000
7377.633301 0.000000 1122.031982 0.000000 0.989471 0.000000 -0.144732 1.000000 1.000000 1.000000
7466.581543 0.000000 922.554810 0.000000 0.924272 0.000000 -0.381734 0.000000 0.000000 0.000000
7445.035156 0.000000 944.467102 0.000000 0.984291 0.000000 -0.176556 0.000000 0.000000 0.000000
7462.270996 0.000000 905.156921 0.000000 0.720186 0.000000 -0.693781 0.000000 0.000000 0.000000
7485.524414 0.000000 909.263428 0.000000 0.281296 0.000000 0.959621 0.000000 0.000000 0.000000
7481.426758 0.000000 921.148926 0.000000 0.063525 0.000000 -0.997980 0.000000 0.000000 0.000000
7440.020996 0.000000 947.978271 0.000000 0.374425 0.000000 -0.927257 0.000000 0.000000 0.000000
7463.675293 0.000000 958.523865 0.000000 0.554219 0.000000 -0.832371 1.000000 1.000000 1.000000
7460.590332 0.000000 913.756653 0.000000 0.994250 0.000000 -0.107085 0.000000 0.000000 0.000000
7442.853027 0.000000 940.357422 0.000000 0.794136 0.000000 0.607741 1.000000 1.000000 1.000000
7455.949707 0.000000 938.005981 0.000000 0.948891 0.000000 -0.315603 0.000000 0.000000 0.000000
7466.064453 0.000000 955.073792 0.000000 0.190028 0.000000 0.981779 0.000000 0.000000 0.000000
7482.875000 0.000000 903.904480 0.000000 0.911824 0.000000 0.410580 0.000000 0.000000 0.000000
7462.192871 0.000000 909.456909 0.000000 0.735438 0.000000 0.677592 0.000000 0.000000 0.000000
7456.344727 0.000000 942.067627 0.000000 0.568738 0.000000 0.822519 0.000000 0.000000 0.000000
7481.786621 0.000000 908.274841 0.000000 0.998469 0.000000 0.055306 0.000000 0.000000 0.000000
7458.997070 0.000000 959.713440 0.000000 0.942767 0.000000 0.333452 1.000000 1.000000 1.000000
7441.216309 0.000000 943.631287 0.000000 0.086721 0.000000 -0.996233 0.000000 0.000000 0.000000
7460.176270 0.000000 947.769592 0.000000 0.936111 0.000000 0.351706 0.000000 0.000000 0.000000
7463.553711 0.000000 920.952271 0.000000 0.962457 0.000000 0.271434 0.000000 0.000000 0.000000
7462.643555 0.000000 955.452087 0.000000 0.575666 0.000000 0.817685 0.000000 0.000000 0.000000
7482.815430 0.000000 911.319153 0.000000 0.354590 0.000000 -0.935022 0.000000 0.000000 0.000000
7450.132812 0.000000 938.201843 0.000000 0.585294 0.000000 0.810821 1.000000 1.000000 1.000000
7442.867188 0.000000 946.713928 0.000000 0.488788 0.000000 0.872402 0.000000 0.000000 0.000000
7463.443848 0.000000 915.039368 0.000000 0.067921 0.000000 -0.997691 0.000000 0.000000 0.000000
7460.294922 0.000000 907.406738 0.000000 0.711417 0.000000 -0.702771 0.000000 0.000000 0.000000
7445.228027 0.000000 941.655151 0.000000 0.603675 0.000000 -0.797230 0.000000 0.000000 0.000000
7462.885742 0.000000 947.911682 0.000000 0.988278 0.000000 -0.152665 0.000000 0.000000 0.000000
7445.175293 0.000000 938.968018 0.000000 0.177001 0.000000 0.984211 1.000000 1.000000 1.000000
7447.654785 0.000000 937.405457 0.000000 0.970806 0.000000 -0.239866 1.000000 1.000000 1.000000
7445.389160 0.000000 946.975891 0.000000 0.975663 0.000000 -0.219276 0.000000 0.000000 0.000000
7463.590820 0.000000 907.365173 0.000000 0.910501 0.000000 -0.413507 0.000000 0.000000 0.000000
7440.687988 0.000000 938.935181 0.000000 0.641489 0.000000 -0.767132 0.000000 0.000000 0.000000
7487.835938 0.000000 908.234070 0.000000 0.903693 0.000000 -0.428181 0.000000 0.000000 0.000000
7454.667969 0.000000 940.131348 0.000000 0.037463 0.000000 0.999298 1.000000 1.000000 1.000000
7440.405273 0.000000 941.305115 0.000000 0.952119 0.000000 0.305727 0.000000 0.000000 0.000000
7481.683105 0.000000 905.905762 0.000000 0.707832 0.000000 -0.706381 0.000000 0.000000 0.000000
7483.596680 0.000000 920.276428 0.000000 0.987951 0.000000 -0.154766 0.000000 0.000000 0.000000
7461.505371 0.000000 959.437683 0.000000 0.940752 0.000000 0.339094 1.000000 1.000000 1.000000
7463.451172 0.000000 918.745544 0.000000 0.959866 0.000000 0.280457 0.000000 0.000000 0.000000
7443.258789 0.000000 942.643555 0.000000 0.207418 0.000000 0.978252 0.000000 0.000000 0.000000
7455.716309 0.000000 944.200623 0.000000 0.994159 0.000000 0.107923 0.000000 0.000000 0.000000
7457.958496 0.000000 943.978943 0.000000 0.352887 0.000000 0.935666 0.000000 0.000000 0.000000
7449.637695 0.000000 940.447388 0.000000 0.999998 0.000000 0.001806 0.000000 0.000000 0.000000
7462.302734 0.000000 916.816711 0.000000 0.091558 0.000000 0.995800 0.000000 0.000000 0.000000
7458.456055 0.000000 948.702942 0.000000 0.684867 0.000000 0.728668 0.000000 0.000000 0.000000
7454.427246 0.000000 942.037170 0.000000 0.981357 0.000000 -0.192194 1.000000 1.000000 1.000000
7462.151855 0.000000 944.073792 0.000000 0.947466 0.000000 0.319858 0.000000 0.000000 0.000000
7442.928223 0.000000 944.654785 0.000000 0.952471 0.000000 -0.304631 0.000000 0.000000 0.000000
7458.607422 0.000000 956.143921 0.000000 0.609660 0.000000 0.792663 1.000000 1.000000 1.000000
7480.123047 0.000000 907.093567 0.000000 0.557843 0.000000 -0.829946 0.000000 0.000000 0.000000
7451.789062 0.000000 938.929688 0.000000 0.819866 0.000000 -0.572556 1.000000 1.000000 1.000000
7460.916992 0.000000 955.491211 0.000000 0.994778 0.000000 0.102060 0.000000 0.000000 0.000000
7513.268555 0.000000 920.159119 0.000000 0.611449 0.000000 0.791284 0.000000 0.000000 0.000000
7494.599121 0.000000 956.850952 0.000000 0.845827 0.000000 -0.533458 0.000000 0.000000 0.000000
7546.133789 0.000000 931.214478 0.000000 0.218810 0.000000 0.975767 0.000000 0.000000 0.000000
7489.476562 0.000000 910.208679 0.000000 0.999982 0.000000 0.006083 0.000000 0.000000 0.000000
7539.720703 0.000000 941.621765 0.000000 0.979694 0.000000 -0.200497 0.000000 0.000000 0.000000
7493.002930 0.000000 939.877991 0.000000 0.193549 0.000000 -0.981091 1.000000 1.000000 1.000000
7537.044434 0.000000 952.433960 0.000000 0.328962 0.000000 -0.944343 0.000000 0.000000 0.000000
7529.605957 0.000000 941.231506 0.000000 0.420516 0.000000 0.907285 0.000000 0.000000 0.000000
7488.173340 0.000000 905.574646 0.000000 0.771081 0.000000 0.636737 0.000000 0.000000 0.000000
7488.110840 0.000000 914.114502 0.000000 0.203615 0.000000 -0.979051 0.000000 0.000000 0.000000
7521.456543 0.000000 917.674866 0.000000 0.999150 0.000000 -0.041222 0.000000 0.000000 0.000000
7524.176270 0.000000 947.769592 0.000000 0.441172 0.000000 0.897423 0.000000 0.000000 0.000000
7547.742676 0.000000 941.427002 0.000000 0.950912 0.000000 -0.309461 0.000000 0.000000 0.000000
7519.085938 0.000000 911.378845 0.000000 0.990067 0.000000 -0.140599 1.000000 1.000000 1.000000
7505.116211 0.000000 950.997498 0.000000 0.620143 0.000000 0.784489 0.000000 0.000000 0.000000
7510.343750 0.000000 921.142212 0.000000 0.993040 0.000000 -0.117779 0.000000 0.000000 0.000000
7521.860352 0.000000 912.491150 0.000000 0.725309 0.000000 -0.688424 0.000000 0.000000 0.000000
7546.988770 0.000000 937.384094 0.000000 0.818334 0.000000 -0.574743 0.000000 0.000000 0.000000
7494.297363 0.000000 905.098145 0.000000 0.622706 0.000000 0.782456 0.000000 0.000000 0.000000
7523.895020 0.000000 916.263611 0.000000 0.999163 0.000000 -0.040914 0.000000 0.000000 0.000000
7526.885742 0.000000 947.911682 0.000000 0.411221 0.000000 -0.911536 0.000000 0.000000 0.000000
7547.279297 0.000000 928.951538 0.000000 0.997054 0.000000 -0.076700 0.000000 0.000000 0.000000
7490.786133 0.000000 938.650696 0.000000 0.997082 0.000000 -0.076338 0.000000 0.000000 0.000000
7492.015137 0.000000 909.837097 0.000000 0.873548 0.000000 -0.486737 0.000000 0.000000 0.000000
7512.755859 0.000000 923.099243 0.000000 0.487357 0.000000 0.873203 0.000000 0.000000 0.000000
7531.827148 0.000000 941.936768 0.000000 0.483125 0.000000 -0.875551 0.000000 0.000000 0.000000
7544.956055 0.000000 929.165710 0.000000 0.602443 0.000000 -0.798162 0.000000 0.000000 0.000000
7492.206055 0.000000 906.004944 0.000000 0.985294 0.000000 -0.170865 0.000000 0.000000 0.000000
7488.013672 0.000000 908.272766 0.000000 0.844695 0.000000 -0.535248 0.000000 0.000000 0.000000
7495.299805 0.000000 944.488159 0.000000 0.708417 0.000000 -0.705795 0.000000 0.000000 0.000000
7503.977051 0.000000 952.817078 0.000000 0.415242 0.000000 -0.909711 0.000000 0.000000 0.000000
7490.305176 0.000000 905.099854 0.000000 0.941421 0.000000 0.337233 0.000000 0.000000 0.000000
7548.194824 0.000000 939.339111 0.000000 0.994237 0.000000 -0.107206 1.000000 1.000000 1.000000
7524.845703 0.000000 949.729858 0.000000 0.645743 0.000000 0.763555 0.000000 0.000000 0.000000
7528.504883 0.000000 947.143616 0.000000 0.962694 0.000000 0.270593 1.000000 1.000000 1.000000
7492.483398 0.000000 938.179871 0.000000 0.907757 0.000000 -0.419497 1.000000 1.000000 1.000000
7505.633301 0.000000 952.578857 0.000000 0.234384 0.000000 0.972144 1.000000 1.000000 1.000000
7454.802246 0.000000 960.295532 0.000000 0.986588 0.000000 0.163229 0.000000 0.000000 0.000000
7484.270508 0.000000 1008.568237 0.000000 0.586809 0.000000 -0.809725 0.000000 0.000000 0.000000
7457.639160 0.000000 990.271973 0.000000 0.311495 0.000000 -0.950248 0.000000 0.000000 0.000000
7437.066406 0.000000 1013.450562 0.000000 0.769013 0.000000 0.639233 0.000000 0.000000 0.000000
7487.097656 0.000000 999.623596 0.000000 0.227227 0.000000 0.973842 0.000000 0.000000 0.000000
7481.614258 0.000000 1012.615540 0.000000 0.611752 0.000000 0.791050 0.000000 0.000000 0.000000
7433.597656 0.000000 1010.109802 0.000000 0.981131 0.000000 -0.193344 1.000000 1.000000 1.000000
7455.822266 0.000000 986.295471 0.000000 0.934691 0.000000 0.355462 0.000000 0.000000 0.000000
7465.896973 0.000000 960.262756 0.000000 0.113675 0.000000 0.993518 1.000000 1.000000 1.000000
7431.290527 0.000000 1003.079468 0.000000 0.788595 0.000000 -0.614912 0.000000 0.000000 0.000000
7447.828125 0.000000 984.411194 0.000000 0.241374 0.000000 -0.970432 0.000000 0.000000 0.000000
7458.040527 0.000000 978.539307 0.000000 0.086400 0.000000 -0.996261 0.000000 0.000000 0.000000
7458.139648 0.000000 961.960693 0.000000 0.710867 0.000000 -0.703327 0.000000 0.000000 0.000000
7459.373047 0.000000 987.177673 0.000000 0.441658 0.000000 0.897183 1.000000 1.000000 1.000000
7454.089844 0.000000 989.169678 0.000000 0.587673 0.000000 -0.809098 0.000000 0.000000 0.000000
7453.587891 0.000000 979.902161 0.000000 0.950229 0.000000 -0.311553 0.000000 0.000000 0.000000
7453.536621 0.000000 1000.247498 0.000000 0.950419 0.000000 0.310972 1.000000 1.000000 1.000000
7476.392090 0.000000 1008.621094 0.000000 0.812321 0.000000 -0.583211 0.000000 0.000000 0.000000
7430.656738 0.000000 1009.052124 0.000000 0.448603 0.000000 -0.893731 0.000000 0.000000 0.000000
7460.294922 0.000000 963.891113 0.000000 0.945156 0.000000 -0.326618 0.000000 0.000000 0.000000
7433.349609 0.000000 1012.789429 0.000000 0.997576 0.000000 0.069584 0.000000 0.000000 0.000000
7450.516602 0.000000 999.013306 0.000000 0.621865 0.000000 -0.783124 0.000000 0.000000 0.000000
7482.085938 0.000000 1007.393005 0.000000 0.106827 0.000000 0.994278 0.000000 0.000000 0.000000
7463.590820 0.000000 963.849548 0.000000 0.916498 0.000000 -0.400039 0.000000 0.000000 0.000000
7483.743652 0.000000 1010.961914 0.000000 0.703844 0.000000 0.710355 0.000000 0.000000 0.000000
7460.142090 0.000000 960.329590 0.000000 0.255266 0.000000 -0.966871 1.000000 1.000000 1.000000
7455.885254 0.000000 979.424438 0.000000 0.442095 0.000000 -0.896968 0.000000 0.000000 0.000000
7431.561523 0.000000 1011.208252 0.000000 0.123015 0.000000 0.992405 0.000000 0.000000 0.000000
7487.035645 0.000000 1001.842529 0.000000 0.775068 0.000000 -0.631877 1.000000 1.000000 1.000000
7455.716309 0.000000 1000.684998 0.000000 0.050410 0.000000 0.998729 0.000000 0.000000 0.000000
7456.249023 0.000000 988.610107 0.000000 0.356654 0.000000 0.934236 0.000000 0.000000 0.000000
7432.816895 0.000000 1008.242676 0.000000 0.233311 0.000000 -0.972402 0.000000 0.000000 0.000000
7476.752441 0.000000 1006.631714 0.000000 0.632576 0.000000 0.774499 0.000000 0.000000 0.000000
7430.227051 0.000000 1004.809326 0.000000 0.292501 0.000000 -0.956265 0.000000 0.000000 0.000000
7463.709473 0.000000 960.236633 0.000000 0.988333 0.000000 0.152306 1.000000 1.000000 1.000000
7452.530762 0.000000 1001.909363 0.000000 0.677227 0.000000 0.735774 1.000000 1.000000 1.000000
7482.541992 0.000000 1009.405396 0.000000 0.522394 0.000000 0.852704 1.000000 1.000000 1.000000
7457.556152 0.000000 986.908691 0.000000 0.243947 0.000000 -0.969789 1.000000 1.000000 1.000000
7481.560059 0.000000 1010.878357 0.000000 0.460788 0.000000 -0.887510 1.000000 1.000000 1.000000
7451.705566 0.000000 1000.273254 0.000000 0.750546 0.000000 -0.660818 1.000000 1.000000 1.000000
7480.254883 0.000000 1007.616760 0.000000 0.949271 0.000000 0.314459 0.000000 0.000000 0.000000
7455.070801 0.000000 980.891602 0.000000 0.604555 0.000000 -0.796563 1.000000 1.000000 1.000000
7503.347656 0.000000 960.518433 0.000000 0.572456 0.000000 0.819935 0.000000 0.000000 0.000000
7533.901367 0.000000 961.188782 0.000000 0.634107 0.000000 0.773245 0.000000 0.000000 0.000000
7491.716309 0.000000 1001.340515 0.000000 0.497067 0.000000 -0.867712 0.000000 0.000000 0.000000
7525.084961 0.000000 975.031982 0.000000 0.965205 0.000000 0.261496 0.000000 0.000000 0.000000
7522.074219 0.000000 965.754150 0.000000 0.407728 0.000000 0.913104 0.000000 0.000000 0.000000
7501.333984 0.000000 964.563721 0.000000 0.926076 0.000000 -0.377337 0.000000 0.000000 0.000000
7488.073242 0.000000 998.795837 0.000000 0.358204 0.000000 0.933643 0.000000 0.000000 0.000000
7492.219238 0.000000 992.868530 0.000000 0.209078 0.000000 -0.977899 0.000000 0.000000 0.000000
7490.786133 0.000000 995.135071 0.000000 0.878318 0.000000 -0.478076 1.000000 1.000000 1.000000
7488.956543 0.000000 1001.354248 0.000000 0.787351 0.000000 -0.616505 1.000000 1.000000 1.000000
7491.928711 0.000000 990.366272 0.000000 0.115472 0.000000 0.993311 0.000000 0.000000 0.000000
7489.729980 0.000000 992.826660 0.000000 0.878373 0.000000 0.477975 0.000000 0.000000 0.000000
7572.950195 0.000000 912.919189 0.000000 0.546411 0.000000 -0.837517 0.000000 0.000000 0.000000
7559.650879 0.000000 921.237366 0.000000 0.192689 0.000000 -0.981260 0.000000 0.000000 0.000000
7561.437988 0.000000 904.567688 0.000000 0.510344 0.000000 -0.859970 0.000000 0.000000 0.000000
7552.522461 0.000000 919.452026 0.000000 0.953263 0.000000 -0.302143 0.000000 0.000000 0.000000
7556.061523 0.000000 919.959595 0.000000 0.969863 0.000000 0.243650 1.000000 1.000000 1.000000
7558.798828 0.000000 918.016968 0.000000 0.829858 0.000000 -0.557974 1.000000 1.000000 1.000000
7561.939941 0.000000 919.038452 0.000000 0.842623 0.000000 -0.538504 0.000000 0.000000 0.000000
7554.523438 0.000000 918.164856 0.000000 0.016936 0.000000 0.999857 0.000000 0.000000 0.000000
7558.215332 0.000000 919.903381 0.000000 0.838328 0.000000 0.545166 1.000000 1.000000 1.000000
7554.200195 0.000000 920.369263 0.000000 0.565839 0.000000 0.824516 0.000000 0.000000 0.000000
7476.600586 0.000000 1039.932617 0.000000 0.521467 0.000000 -0.853271 0.000000 0.000000 0.000000
7443.921875 0.000000 1041.044189 0.000000 0.079948 0.000000 0.996799 0.000000 0.000000 0.000000
7462.465332 0.000000 1041.816528 0.000000 0.573078 0.000000 -0.819501 0.000000 0.000000 0.000000
7455.822266 0.000000 1042.779907 0.000000 0.879811 0.000000 -0.475323 0.000000 0.000000 0.000000
7446.596680 0.000000 1037.249878 0.000000 0.821092 0.000000 0.570796 0.000000 0.000000 0.000000
7478.755859 0.000000 1042.814209 0.000000 0.950403 0.000000 -0.311022 0.000000 0.000000 0.000000
7222.803711 0.000000 1131.753662 0.000000 0.218900 0.000000 -0.975747 0.000000 0.000000 0.000000
7199.430176 0.000000 1140.459473 0.000000 0.148950 0.000000 0.988845 0.000000 0.000000 0.000000
7168.315430 0.000000 1156.113037 0.000000 0.489682 0.000000 0.871901 0.000000 0.000000 0.000000
7170.164551 0.000000 1149.059082 0.000000 0.963438 0.000000 -0.267930 0.000000 0.000000 0.000000
7182.146973 0.000000 1151.541016 0.000000 0.986299 0.000000 -0.164969 0.000000 0.000000 0.000000
7177.437988 0.000000 1130.505127 0.000000 0.853751 0.000000 -0.520682 0.000000 0.000000 0.000000
7172.861816 0.000000 1157.642090 0.000000 0.246693 0.000000 -0.969094 0.000000 0.000000 0.000000
7185.893555 0.000000 1143.002319 0.000000 0.562898 0.000000 0.826526 0.000000 0.000000 0.000000
7173.568848 0.000000 1133.705322 0.000000 0.058264 0.000000 0.998301 0.000000 0.000000 0.000000
7181.333984 0.000000 1134.016846 0.000000 0.969169 0.000000 -0.246396 0.000000 0.000000 0.000000
7177.424316 0.000000 1157.561279 0.000000 0.198576 0.000000 0.980086 0.000000 0.000000 0.000000
7178.276367 0.000000 1150.294922 0.000000 0.427761 0.000000 -0.903892 0.000000 0.000000 0.000000
7180.652344 0.000000 1155.114380 0.000000 0.974568 0.000000 0.224090 1.000000 1.000000 1.000000
7178.422852 0.000000 1153.435059 0.000000 0.855564 0.000000 -0.517697 0.000000 0.000000 0.000000
7174.297363 0.000000 1131.035645 0.000000 0.930607 0.000000 -0.366020 1.000000 1.000000 1.000000
7173.178223 0.000000 1155.057495 0.000000 0.964889 0.000000 -0.262659 0.000000 0.000000 0.000000
7170.873047 0.000000 1155.977783 0.000000 0.587604 0.000000 0.809148 0.000000 0.000000 0.000000
7183.571289 0.000000 1136.300049 0.000000 0.489607 0.000000 -0.871943 0.000000 0.000000 0.000000
7225.683105 0.000000 1131.843262 0.000000 0.950776 0.000000 -0.309878 0.000000 0.000000 0.000000
7179.910645 0.000000 1157.370483 0.000000 0.423217 0.000000 0.906028 0.000000 0.000000 0.000000
7177.306152 0.000000 1155.362061 0.000000 0.990411 0.000000 -0.138153 0.000000 0.000000 0.000000
7172.206055 0.000000 1131.942383 0.000000 0.931415 0.000000 0.363958 0.000000 0.000000 0.000000
7168.668457 0.000000 1147.457886 0.000000 0.087444 0.000000 -0.996169 0.000000 0.000000 0.000000
7182.324707 0.000000 1153.575439 0.000000 0.331473 0.000000 0.943465 1.000000 1.000000 1.000000
7183.288574 0.000000 1144.225464 0.000000 0.990764 0.000000 0.135601 0.000000 0.000000 0.000000
7176.096191 0.000000 1131.872559 0.000000 0.871987 0.000000 0.489530 0.000000 0.000000 0.000000
7183.876465 0.000000 1138.135742 0.000000 0.577779 0.000000 -0.816193 0.000000 0.000000 0.000000
7180.623047 0.000000 1153.319092 0.000000 0.607366 0.000000 -0.794423 0.000000 0.000000 0.000000
7171.834473 0.000000 1186.174438 0.000000 0.977158 0.000000 -0.212513 0.000000 0.000000 0.000000
7204.049805 0.000000 1222.461426 0.000000 0.682309 0.000000 -0.731064 0.000000 0.000000 0.000000
7190.690430 0.000000 1214.188843 0.000000 0.999362 0.000000 -0.035725 0.000000 0.000000 0.000000
7188.724609 0.000000 1215.872314 0.000000 0.264473 0.000000 0.964393 0.000000 0.000000 0.000000
7359.683594 0.000000 1142.727905 0.000000 0.791028 0.000000 0.611780 0.000000 0.000000 0.000000
7354.133789 0.000000 1157.151978 0.000000 0.951008 0.000000 0.309168 0.000000 0.000000 0.000000
7350.872070 0.000000 1176.021851 0.000000 0.481791 0.000000 -0.876286 0.000000 0.000000 0.000000
7341.060059 0.000000 1172.079346 0.000000 0.621590 0.000000 0.783343 0.000000 0.000000 0.000000
7347.720703 0.000000 1167.559326 0.000000 0.901351 0.000000 0.433089 1.000000 1.000000 1.000000
7352.634766 0.000000 1165.476074 0.000000 0.984250 0.000000 -0.176781 1.000000 1.000000 1.000000
7359.097656 0.000000 1169.076660 0.000000 0.613749 0.000000 -0.789502 0.000000 0.000000 0.000000
7345.044434 0.000000 1178.371460 0.000000 0.598198 0.000000 -0.801349 0.000000 0.000000 0.000000
7347.521484 0.000000 1157.696411 0.000000 0.454416 0.000000 -0.890790 0.000000 0.000000 0.000000
7352.851562 0.000000 1161.299927 0.000000 0.993643 0.000000 -0.112577 0.000000 0.000000 0.000000
7357.935547 0.000000 1159.717529 0.000000 0.967942 0.000000 0.251174 0.000000 0.000000 0.000000
7358.018555 0.000000 1155.582642 0.000000 0.770159 0.000000 -0.637852 1.000000 1.000000 1.000000
7349.811523 0.000000 1170.986572 0.000000 0.106383 0.000000 -0.994325 0.000000 0.000000 0.000000
7345.158691 0.000000 1164.315918 0.000000 0.996681 0.000000 -0.081401 0.000000 0.000000 0.000000
7343.152344 0.000000 1175.158203 0.000000 0.696102 0.000000 0.717943 0.000000 0.000000 0.000000
7355.742676 0.000000 1167.364502 0.000000 0.339611 0.000000 0.940566 1.000000 1.000000 1.000000
7350.755859 0.000000 1155.782959 0.000000 0.363033 0.000000 0.931776 0.000000 0.000000 0.000000
7344.763672 0.000000 1169.493896 0.000000 0.861061 0.000000 -0.508502 0.000000 0.000000 0.000000
7350.496094 0.000000 1158.996338 0.000000 0.989313 0.000000 -0.145808 1.000000 1.000000 1.000000
7351.033203 0.000000 1168.135376 0.000000 0.902842 0.000000 0.429973 0.000000 0.000000 0.000000
7349.610352 0.000000 1165.180298 0.000000 0.758527 0.000000 -0.651642 1.000000 1.000000 1.000000
7356.718750 0.000000 1170.918945 0.000000 0.475537 0.000000 0.879696 0.000000 0.000000 0.000000
7346.278320 0.000000 1160.396362 0.000000 0.757233 0.000000 0.653144 0.000000 0.000000 0.000000
7346.616699 0.000000 1175.740723 0.000000 0.157520 0.000000 0.987516 0.000000 0.000000 0.000000
7354.988770 0.000000 1163.321533 0.000000 0.565769 0.000000 -0.824564 1.000000 1.000000 1.000000
7351.879395 0.000000 1172.882324 0.000000 0.583293 0.000000 0.812262 1.000000 1.000000 1.000000
7349.008789 0.000000 1173.909302 0.000000 0.141468 0.000000 -0.989943 1.000000 1.000000 1.000000
7356.880859 0.000000 1152.917236 0.000000 0.620219 0.000000 0.784429 0.000000 0.000000 0.000000
7355.206543 0.000000 1159.668213 0.000000 0.299339 0.000000 -0.954147 0.000000 0.000000 0.000000
7358.888184 0.000000 1166.312500 0.000000 0.922797 0.000000 0.385286 0.000000 0.000000 0.000000
7343.961914 0.000000 1184.947388 0.000000 0.829890 0.000000 0.557928 0.000000 0.000000 0.000000
7343.560547 0.000000 1172.451172 0.000000 0.338561 0.000000 -0.940944 1.000000 1.000000 1.000000
7347.473145 0.000000 1170.065430 0.000000 0.871093 0.000000 0.491119 0.000000 0.000000 0.000000
7351.370605 0.000000 1163.342896 0.000000 0.041616 0.000000 -0.999134 1.000000 1.000000 1.000000
7359.545410 0.000000 1161.646606 0.000000 0.260615 0.000000 0.965443 0.000000 0.000000 0.000000
7356.546387 0.000000 1157.627197 0.000000 0.697999 0.000000 0.716099 0.000000 0.000000 0.000000
7345.258789 0.000000 1167.144531 0.000000 0.773123 0.000000 0.634256 0.000000 0.000000 0.000000
7353.397461 0.000000 1167.837769 0.000000 0.249243 0.000000 -0.968441 1.000000 1.000000 1.000000
7356.605469 0.000000 1161.614136 0.000000 0.167996 0.000000 0.985788 0.000000 0.000000 0.000000
7347.339844 0.000000 1164.976807 0.000000 0.421898 0.000000 -0.906644 1.000000 1.000000 1.000000
7352.713379 0.000000 1159.110474 0.000000 0.889992 0.000000 0.455976 0.000000 0.000000 0.000000
7350.375000 0.000000 1161.237183 0.000000 0.611793 0.000000 -0.791018 1.000000 1.000000 1.000000
7358.808594 0.000000 1157.714966 0.000000 0.970005 0.000000 -0.243084 1.000000 1.000000 1.000000
7348.417969 0.000000 1160.012573 0.000000 0.425101 0.000000 -0.905146 1.000000 1.000000 1.000000
7358.998535 0.000000 1153.669067 0.000000 0.901472 0.000000 0.432837 0.000000 0.000000 0.000000
7355.060547 0.000000 1172.279785 0.000000 0.999970 0.000000 -0.007711 0.000000 0.000000 0.000000
7356.194824 0.000000 1165.276611 0.000000 0.967719 0.000000 -0.252030 1.000000 1.000000 1.000000
7348.752441 0.000000 1176.084839 0.000000 0.315676 0.000000 0.948867 0.000000 0.000000 0.000000
7351.657227 0.000000 1170.061279 0.000000 0.824470 0.000000 -0.565906 0.000000 0.000000 0.000000
7357.048828 0.000000 1168.952881 0.000000 0.725720 0.000000 0.687990 1.000000 1.000000 1.000000
7349.193359 0.000000 1169.022461 0.000000 0.350544 0.000000 -0.936546 0.000000 0.000000 0.000000
7348.105469 0.000000 1172.078491 0.000000 0.535282 0.000000 0.844673 1.000000 1.000000 1.000000
7352.393555 0.000000 1174.814209 0.000000 0.939605 0.000000 0.342261 0.000000 0.000000 0.000000
7348.948730 0.000000 1156.413574 0.000000 0.927990 0.000000 -0.372605 1.000000 1.000000 1.000000
7346.737793 0.000000 1163.185181 0.000000 0.457452 0.000000 0.889234 1.000000 1.000000 1.000000
7355.123047 0.000000 1169.113770 0.000000 0.959184 0.000000 0.282782 1.000000 1.000000 1.000000
7354.464844 0.000000 1165.974854 0.000000 0.500003 0.000000 -0.866024 1.000000 1.000000 1.000000
7351.086426 0.000000 1166.303833 0.000000 0.609034 0.000000 0.793144 1.000000 1.000000 1.000000
7353.096680 0.000000 1163.752441 0.000000 0.972129 0.000000 -0.234445 1.000000 1.000000 1.000000
7349.498535 0.000000 1167.163696 0.000000 0.822091 0.000000 0.569356 1.000000 1.000000 1.000000
7342.145508 0.000000 1173.510498 0.000000 0.263329 0.000000 0.964706 1.000000 1.000000 1.000000
7346.333496 0.000000 1168.624023 0.000000 0.297190 0.000000 -0.954818 1.000000 1.000000 1.000000
7350.766602 0.000000 1174.288086 0.000000 0.970268 0.000000 -0.242034 1.000000 1.000000 1.000000
7353.390625 0.000000 1172.094727 0.000000 0.777848 0.000000 0.628452 1.000000 1.000000 1.000000
7360.290527 0.000000 1164.052612 0.000000 0.032609 0.000000 0.999468 0.000000 0.000000 0.000000
7387.221680 0.000000 1175.716064 0.000000 0.990075 0.000000 -0.140539 0.000000 0.000000 0.000000
7405.901367 0.000000 1130.641968 0.000000 0.468286 0.000000 -0.883577 0.000000 0.000000 0.000000
7393.639160 0.000000 1159.725098 0.000000 0.580429 0.000000 0.814311 0.000000 0.000000 0.000000
7386.840820 0.000000 1156.391846 0.000000 0.994758 0.000000 0.102259 0.000000 0.000000 0.000000
7392.909180 0.000000 1171.930786 0.000000 0.464723 0.000000 -0.885456 0.000000 0.000000 0.000000
7396.049805 0.000000 1165.977051 0.000000 0.990583 0.000000 0.136916 0.000000 0.000000 0.000000
7379.298340 0.000000 1147.634644 0.000000 0.275191 0.000000 -0.961390 0.000000 0.000000 0.000000
7386.548828 0.000000 1171.000610 0.000000 0.865321 0.000000 -0.501218 0.000000 0.000000 0.000000
7377.893555 0.000000 1143.002319 0.000000 0.853234 0.000000 -0.521528 1.000000 1.000000 1.000000
7402.133789 0.000000 1133.824829 0.000000 0.292114 0.000000 0.956384 0.000000 0.000000 0.000000
7365.348633 0.000000 1138.129272 0.000000 0.172496 0.000000 -0.985010 1.000000 1.000000 1.000000
7382.003418 0.000000 1143.389893 0.000000 0.532838 0.000000 -0.846218 0.000000 0.000000 0.000000
7382.596680 0.000000 1150.218628 0.000000 0.980951 0.000000 -0.194254 0.000000 0.000000 0.000000
7363.605469 0.000000 1152.964111 0.000000 0.217404 0.000000 -0.976082 0.000000 0.000000 0.000000
7361.602051 0.000000 1160.060791 0.000000 0.773697 0.000000 0.633556 0.000000 0.000000 0.000000
7383.828125 0.000000 1153.864258 0.000000 0.774074 0.000000 0.633096 0.000000 0.000000 0.000000
7364.061523 0.000000 1145.897095 0.000000 0.128703 0.000000 -0.991683 1.000000 1.000000 1.000000
7390.089844 0.000000 1158.622803 0.000000 0.300320 0.000000 0.953839 0.000000 0.000000 0.000000
7371.269531 0.000000 1139.017578 0.000000 0.833380 0.000000 0.552700 0.000000 0.000000 0.000000
7366.798828 0.000000 1143.954468 0.000000 0.046702 0.000000 -0.998909 1.000000 1.000000 1.000000
7360.205078 0.000000 1152.106201 0.000000 0.792149 0.000000 0.610327 0.000000 0.000000 0.000000
7372.396484 0.000000 1142.195312 0.000000 0.792570 0.000000 0.609781 1.000000 1.000000 1.000000
7377.653320 0.000000 1138.156860 0.000000 0.978694 0.000000 0.205323 0.000000 0.000000 0.000000
7382.343750 0.000000 1147.079712 0.000000 0.822734 0.000000 0.568427 0.000000 0.000000 0.000000
7368.260254 0.000000 1138.693115 0.000000 0.653015 0.000000 -0.757345 0.000000 0.000000 0.000000
7376.764160 0.000000 1145.639526 0.000000 0.006742 0.000000 -0.999977 0.000000 0.000000 0.000000
7366.202148 0.000000 1141.200317 0.000000 0.975745 0.000000 -0.218912 1.000000 1.000000 1.000000
7375.212891 0.000000 1142.140869 0.000000 0.205417 0.000000 -0.978675 1.000000 1.000000 1.000000
7380.109863 0.000000 1141.377197 0.000000 0.145896 0.000000 0.989300 0.000000 0.000000 0.000000
7379.875488 0.000000 1145.136353 0.000000 0.088928 0.000000 -0.996038 1.000000 1.000000 1.000000
7386.516602 0.000000 1168.466431 0.000000 0.941608 0.000000 -0.336710 0.000000 0.000000 0.000000
7362.873047 0.000000 1155.977783 0.000000 0.049812 0.000000 0.998759 0.000000 0.000000 0.000000
7377.307129 0.000000 1140.633423 0.000000 0.030917 0.000000 0.999522 1.000000 1.000000 1.000000
7380.471191 0.000000 1151.513062 0.000000 0.287263 0.000000 -0.957852 0.000000 0.000000 0.000000
7361.439453 0.000000 1154.066895 0.000000 0.064198 0.000000 -0.997937 1.000000 1.000000 1.000000
7360.010254 0.000000 1158.373779 0.000000 0.540215 0.000000 -0.841527 0.000000 0.000000 0.000000
7383.342285 0.000000 1145.198242 0.000000 0.951961 0.000000 -0.306221 1.000000 1.000000 1.000000
7380.672363 0.000000 1149.244873 0.000000 0.160819 0.000000 0.986984 1.000000 1.000000 1.000000
7364.386230 0.000000 1140.104492 0.000000 0.084372 0.000000 -0.996434 1.000000 1.000000 1.000000
7383.989746 0.000000 1142.717285 0.000000 0.878168 0.000000 0.478352 0.000000 0.000000 0.000000
7364.679688 0.000000 1143.923828 0.000000 0.193633 0.000000 0.981074 1.000000 1.000000 1.000000
7375.288574 0.000000 1144.225464 0.000000 0.911741 0.000000 0.410766 0.000000 0.000000 0.000000
7370.587402 0.000000 1142.967773 0.000000 0.945955 0.000000 -0.324297 0.000000 0.000000 0.000000
7371.020996 0.000000 1140.929810 0.000000 0.135438 0.000000 -0.990786 1.000000 1.000000 1.000000
7380.110352 0.000000 1143.325317 0.000000 0.948529 0.000000 -0.316691 1.000000 1.000000 1.000000
7368.607910 0.000000 1143.522949 0.000000 0.733873 0.000000 -0.679286 0.000000 0.000000 0.000000
7367.854492 0.000000 1140.435547 0.000000 0.316258 0.000000 0.948673 1.000000 1.000000 1.000000
7373.681152 0.000000 1143.460205 0.000000 0.995197 0.000000 0.097895 1.000000 1.000000 1.000000
7381.555664 0.000000 1145.453247 0.000000 0.718943 0.000000 0.695069 1.000000 1.000000 1.000000
7366.638672 0.000000 1139.240356 0.000000 0.562335 0.000000 0.826909 1.000000 1.000000 1.000000
7367.353027 0.000000 1142.388794 0.000000 0.608875 0.000000 -0.793266 1.000000 1.000000 1.000000
7341.901367 0.000000 1187.126343 0.000000 0.959986 0.000000 0.280049 0.000000 0.000000 0.000000
7353.426758 0.000000 1203.570801 0.000000 0.870010 0.000000 -0.493035 0.000000 0.000000 0.000000
7345.916504 0.000000 1203.961914 0.000000 0.493209 0.000000 -0.869911 0.000000 0.000000 0.000000
7359.291016 0.000000 1186.576904 0.000000 0.006015 0.000000 0.999982 0.000000 0.000000 0.000000
7347.521484 0.000000 1214.180786 0.000000 0.764127 0.000000 0.645066 0.000000 0.000000 0.000000
7342.165527 0.000000 1203.714111 0.000000 0.276574 0.000000 -0.960993 0.000000 0.000000 0.000000
7345.098145 0.000000 1200.547852 0.000000 0.479516 0.000000 0.877533 0.000000 0.000000 0.000000
7354.815430 0.000000 1193.740967 0.000000 0.957247 0.000000 -0.289272 0.000000 0.000000 0.000000
7356.365723 0.000000 1188.899536 0.000000 0.657722 0.000000 -0.753260 0.000000 0.000000 0.000000
7353.532715 0.000000 1201.146484 0.000000 0.915828 0.000000 0.401572 0.000000 0.000000 0.000000
7357.061035 0.000000 1186.728149 0.000000 0.741700 0.000000 0.670732 0.000000 0.000000 0.000000
7349.305176 0.000000 1199.822754 0.000000 0.630851 0.000000 0.775904 0.000000 0.000000 0.000000
7355.533691 0.000000 1191.746704 0.000000 0.969836 0.000000 0.243758 0.000000 0.000000 0.000000
7351.476074 0.000000 1198.067139 0.000000 0.046551 0.000000 -0.998916 0.000000 0.000000 0.000000
7343.844727 0.000000 1249.766724 0.000000 0.185950 0.000000 -0.982559 0.000000 0.000000 0.000000
7344.601562 0.000000 1247.498535 0.000000 0.985708 0.000000 0.168461 0.000000 0.000000 0.000000
7873.469238 0.000000 1014.782471 0.000000 0.633551 0.000000 -0.773701 0.000000 0.000000 0.000000
7885.646484 0.000000 1000.980591 0.000000 0.263791 0.000000 0.964580 0.000000 0.000000 0.000000
7888.405273 0.000000 997.789490 0.000000 0.997164 0.000000 -0.075260 0.000000 0.000000 0.000000
"}
