object={
	name="pine_sparse_generator_1_0"
	clamp_to_water_level=no
	render_under_water=no
	generated_content=yes
	layer="semidynamic"
	pdxmesh="tree_fir_001_mesh"
	count=361
	transform="1268.885132 0.000000 2537.063721 0.000000 0.561345 0.000000 0.827582 0.661160 0.661160 0.661160
1277.734009 0.000000 2576.007080 0.000000 0.541817 0.000000 0.840497 0.538158 0.538158 0.538158
1279.683594 0.000000 2554.837402 0.000000 0.295404 0.000000 0.955372 0.433534 0.433534 0.433534
1276.270508 0.000000 2590.130615 0.000000 0.043389 0.000000 0.999058 0.379714 0.379714 0.379714
1279.419312 0.000000 2563.668945 0.000000 0.035867 0.000000 0.999357 0.386499 0.386499 0.386499
1279.097656 0.000000 2581.186035 0.000000 0.353105 0.000000 0.935584 0.383447 0.383447 0.383447
1276.718994 0.000000 2583.028320 0.000000 0.290801 0.000000 0.956784 0.567815 0.567815 0.567815
1276.880859 0.000000 2565.026611 0.000000 0.404559 0.000000 0.914512 0.502087 0.502087 0.502087
1277.042114 0.000000 2653.939453 0.000000 0.267063 0.000000 0.963679 0.429437 0.429437 0.429437
1278.127319 0.000000 2672.205566 0.000000 0.547834 0.000000 0.836587 0.561736 0.561736 0.561736
1278.018555 0.000000 2680.660645 0.000000 0.427917 0.000000 0.903818 0.572092 0.572092 0.572092
1276.880859 0.000000 2677.995361 0.000000 0.521285 0.000000 0.853383 0.510514 0.510514 0.510514
1280.354126 0.000000 2589.764648 0.000000 0.547963 0.000000 0.836502 0.611852 0.611852 0.611852
1281.469238 0.000000 2596.344971 0.000000 0.082545 0.000000 0.996587 0.427950 0.427950 0.427950
1285.568970 0.000000 2545.814697 0.000000 0.266522 0.000000 0.963829 0.436581 0.436581 0.436581
1281.602173 0.000000 2572.170166 0.000000 0.358492 0.000000 0.933533 0.407624 0.407624 0.407624
1283.898438 0.000000 2594.553467 0.000000 0.103351 0.000000 0.994645 0.498422 0.498422 0.498422
1284.256348 0.000000 2597.312500 0.000000 0.335980 0.000000 0.941869 0.514588 0.514588 0.514588
1527.879395 0.000000 2528.507324 0.000000 0.344899 0.000000 0.938640 0.421844 0.421844 0.421844
1514.581665 0.000000 2560.601807 0.000000 0.223207 0.000000 0.974771 0.497719 0.497719 0.497719
1533.524414 0.000000 2547.310303 0.000000 0.473323 0.000000 0.880889 0.491232 0.491232 0.491232
1509.084961 0.000000 2556.594482 0.000000 0.452955 0.000000 0.891533 0.385436 0.385436 0.385436
1534.112061 0.000000 2585.715576 0.000000 0.162703 0.000000 0.986675 0.399087 0.399087 0.399087
1533.935669 0.000000 2571.826904 0.000000 0.262090 0.000000 0.965043 0.404239 0.404239 0.404239
1494.596802 0.000000 2562.328125 0.000000 0.150860 0.000000 0.988555 0.523900 0.523900 0.523900
1506.040283 0.000000 2560.101807 0.000000 0.238058 0.000000 0.971251 0.649430 0.649430 0.649430
1533.449707 0.000000 2551.282959 0.000000 0.341860 0.000000 0.939751 0.396489 0.396489 0.396489
1489.653076 0.000000 2550.266357 0.000000 0.420528 0.000000 0.907280 0.473783 0.473783 0.473783
1526.469360 0.000000 2551.950928 0.000000 0.340091 0.000000 0.940392 0.649333 0.649333 0.649333
1532.718994 0.000000 2583.028320 0.000000 0.031036 0.000000 0.999518 0.465532 0.465532 0.465532
1512.221680 0.000000 2562.240234 0.000000 0.329480 0.000000 0.944163 0.396293 0.396293 0.396293
1514.549194 0.000000 2552.908203 0.000000 0.023792 0.000000 0.999717 0.583630 0.583630 0.583630
1534.888184 0.000000 2578.421875 0.000000 0.264172 0.000000 0.964476 0.420430 0.420430 0.420430
1283.834473 0.000000 2598.283691 0.000000 0.055675 0.000000 0.998449 0.632482 0.632482 0.632482
1308.282104 0.000000 2635.177246 0.000000 0.317689 0.000000 0.948195 0.580864 0.580864 0.580864
1300.950073 0.000000 2607.450439 0.000000 0.403454 0.000000 0.915000 0.480578 0.480578 0.480578
1298.736938 0.000000 2648.402344 0.000000 0.353519 0.000000 0.935427 0.412966 0.412966 0.412966
1325.255371 0.000000 2653.156738 0.000000 0.057864 0.000000 0.998324 0.466082 0.466082 0.466082
1281.476685 0.000000 2604.739990 0.000000 0.498350 0.000000 0.866976 0.659665 0.659665 0.659665
1289.163696 0.000000 2637.582031 0.000000 0.002670 0.000000 0.999996 0.435314 0.435314 0.435314
1306.548950 0.000000 2639.594238 0.000000 0.506493 0.000000 0.862244 0.504703 0.504703 0.504703
1285.568970 0.000000 2602.299072 0.000000 0.243535 0.000000 0.969892 0.387754 0.387754 0.387754
1302.003418 0.000000 2611.983643 0.000000 0.046980 0.000000 0.998896 0.517818 0.517818 0.517818
1308.682983 0.000000 2611.715088 0.000000 0.216685 0.000000 0.976241 0.641121 0.641121 0.641121
1309.234741 0.000000 2621.989990 0.000000 0.385324 0.000000 0.922781 0.505175 0.505175 0.505175
1280.205078 0.000000 2620.699951 0.000000 0.096487 0.000000 0.995334 0.599505 0.599505 0.599505
1306.132568 0.000000 2632.733154 0.000000 0.283785 0.000000 0.958888 0.511505 0.511505 0.511505
1286.827515 0.000000 2654.280029 0.000000 0.356140 0.000000 0.934433 0.545182 0.545182 0.545182
1288.260498 0.000000 2607.286865 0.000000 0.581965 0.000000 0.813214 0.510392 0.510392 0.510392
1294.569336 0.000000 2632.050049 0.000000 0.139443 0.000000 0.990230 0.418306 0.418306 0.418306
1383.675415 0.000000 2653.055176 0.000000 0.163480 0.000000 0.986547 0.525960 0.525960 0.525960
1361.114990 0.000000 2652.841064 0.000000 0.036404 0.000000 0.999337 0.378702 0.378702 0.378702
1363.100220 0.000000 2651.028076 0.000000 0.127083 0.000000 0.991892 0.479771 0.479771 0.479771
1283.834473 0.000000 2654.768066 0.000000 0.153950 0.000000 0.988079 0.455734 0.455734 0.455734
1280.315308 0.000000 2681.191162 0.000000 0.395216 0.000000 0.918588 0.406430 0.406430 0.406430
1282.164551 0.000000 2674.137207 0.000000 0.565635 0.000000 0.824655 0.531662 0.531662 0.531662
1312.909058 0.000000 2697.009033 0.000000 0.399051 0.000000 0.916929 0.613339 0.613339 0.613339
1318.465210 0.000000 2679.863281 0.000000 0.348717 0.000000 0.937228 0.439921 0.439921 0.439921
1289.437988 0.000000 2655.583252 0.000000 0.126563 0.000000 0.991958 0.518080 0.518080 0.518080
1289.424194 0.000000 2682.639404 0.000000 0.426284 0.000000 0.904589 0.450475 0.450475 0.450475
1280.173096 0.000000 2656.590332 0.000000 0.096078 0.000000 0.995374 0.387377 0.387377 0.387377
1321.764648 0.000000 2683.089844 0.000000 0.508921 0.000000 0.860813 0.390071 0.390071 0.390071
1319.553711 0.000000 2671.968018 0.000000 0.059286 0.000000 0.998241 0.525010 0.525010 0.525010
1323.534790 0.000000 2670.755371 0.000000 0.113042 0.000000 0.993590 0.417863 0.417863 0.417863
1296.764038 0.000000 2670.717529 0.000000 0.516609 0.000000 0.856221 0.492317 0.492317 0.492317
1318.386963 0.000000 2677.113770 0.000000 0.057611 0.000000 0.998339 0.497361 0.497361 0.497361
1396.449829 0.000000 2687.526123 0.000000 0.384172 0.000000 0.923261 0.386254 0.386254 0.386254
1405.524414 0.000000 2660.279053 0.000000 0.580338 0.000000 0.814376 0.387361 0.387361 0.387361
1391.365356 0.000000 2685.569336 0.000000 0.238091 0.000000 0.971243 0.475128 0.475128 0.475128
1365.636475 0.000000 2709.267822 0.000000 0.044793 0.000000 0.998996 0.378666 0.378666 0.378666
1366.343750 0.000000 2672.157959 0.000000 0.250282 0.000000 0.968173 0.498355 0.498355 0.498355
1382.386963 0.000000 2677.113770 0.000000 0.013423 0.000000 0.999910 0.465171 0.465171 0.465171
1440.693359 0.000000 2650.269531 0.000000 0.148934 0.000000 0.988847 0.516903 0.516903 0.516903
1513.423462 0.000000 2630.703369 0.000000 0.017390 0.000000 0.999849 0.378437 0.378437 0.378437
1499.221802 0.000000 2644.309814 0.000000 0.099397 0.000000 0.995048 0.468685 0.468685 0.468685
1492.194824 0.000000 2644.194092 0.000000 0.087308 0.000000 0.996181 0.459685 0.459685 0.459685
1495.759277 0.000000 2642.406982 0.000000 0.504534 0.000000 0.863392 0.610188 0.610188 0.610188
1501.234741 0.000000 2621.989990 0.000000 0.463056 0.000000 0.886329 0.576784 0.576784 0.576784
1493.436035 0.000000 2649.579102 0.000000 0.579623 0.000000 0.814885 0.462943 0.462943 0.462943
1422.716187 0.000000 2664.499268 0.000000 0.287795 0.000000 0.957692 0.442343 0.442343 0.442343
1417.163696 0.000000 2694.066406 0.000000 0.261439 0.000000 0.965220 0.418591 0.418591 0.418591
1413.003174 0.000000 2690.893555 0.000000 0.330281 0.000000 0.943882 0.610880 0.610880 0.610880
1430.596802 0.000000 2675.296875 0.000000 0.162104 0.000000 0.986774 0.438216 0.438216 0.438216
1418.276367 0.000000 2675.373047 0.000000 0.578439 0.000000 0.815726 0.663823 0.663823 0.663823
1444.219849 0.000000 2694.923096 0.000000 0.578078 0.000000 0.815982 0.548316 0.548316 0.548316
1423.712891 0.000000 2673.379883 0.000000 0.237243 0.000000 0.971450 0.513863 0.513863 0.513863
1447.131470 0.000000 2689.744873 0.000000 0.139942 0.000000 0.990160 0.570186 0.570186 0.570186
1420.244629 0.000000 2705.382324 0.000000 0.220901 0.000000 0.975296 0.574365 0.574365 0.574365
1727.419312 0.000000 2394.215820 0.000000 0.311689 0.000000 0.950184 0.394205 0.394205 0.394205
1728.315308 0.000000 2398.769287 0.000000 0.368504 0.000000 0.929626 0.504755 0.504755 0.504755
1729.602173 0.000000 2402.717041 0.000000 0.220169 0.000000 0.975462 0.469441 0.469441 0.469441
1733.178101 0.000000 2397.713867 0.000000 0.150635 0.000000 0.988589 0.452142 0.452142 0.452142
1711.365356 0.000000 2459.631836 0.000000 0.126498 0.000000 0.991967 0.537110 0.537110 0.537110
1709.059937 0.000000 2471.219971 0.000000 0.177874 0.000000 0.984053 0.381304 0.381304 0.381304
1714.569214 0.000000 2484.802002 0.000000 0.171165 0.000000 0.985242 0.471939 0.471939 0.471939
1721.786499 0.000000 2433.353027 0.000000 0.012026 0.000000 0.999928 0.451213 0.451213 0.451213
1719.010986 0.000000 2483.781006 0.000000 0.333475 0.000000 0.942759 0.468286 0.468286 0.468286
1724.365845 0.000000 2431.555908 0.000000 0.483003 0.000000 0.875619 0.491472 0.491472 0.491472
1540.256348 0.000000 2540.828125 0.000000 0.052812 0.000000 0.998604 0.437979 0.437979 0.437979
1546.048218 0.000000 2587.297119 0.000000 0.156398 0.000000 0.987694 0.534449 0.534449 0.534449
1536.390503 0.000000 2585.346924 0.000000 0.529394 0.000000 0.848376 0.611134 0.611134 0.611134
1543.290527 0.000000 2584.642090 0.000000 0.584615 0.000000 0.811311 0.586385 0.586385 0.586385
1539.168213 0.000000 2585.749512 0.000000 0.558085 0.000000 0.829784 0.660233 0.660233 0.660233
1539.898438 0.000000 2594.553467 0.000000 0.337115 0.000000 0.941463 0.503979 0.503979 0.503979
1715.915527 0.000000 2497.353760 0.000000 0.332004 0.000000 0.943278 0.470041 0.470041 0.470041
1710.271362 0.000000 2522.601074 0.000000 0.488615 0.000000 0.872499 0.386023 0.386023 0.386023
1689.268799 0.000000 2558.206055 0.000000 0.153900 0.000000 0.988086 0.380765 0.380765 0.380765
1690.661499 0.000000 2563.234619 0.000000 0.101503 0.000000 0.994835 0.410579 0.410579 0.410579
1682.852783 0.000000 2578.404297 0.000000 0.359975 0.000000 0.932962 0.506322 0.506322 0.506322
1670.656738 0.000000 2590.614746 0.000000 0.007772 0.000000 0.999970 0.465055 0.465055 0.465055
1691.115967 0.000000 2560.272217 0.000000 0.361341 0.000000 0.932434 0.438364 0.438364 0.438364
1685.228027 0.000000 2579.701904 0.000000 0.327012 0.000000 0.945020 0.512590 0.512590 0.512590
1706.478760 0.000000 2567.533936 0.000000 0.582520 0.000000 0.812816 0.407933 0.407933 0.407933
1685.175049 0.000000 2577.014893 0.000000 0.238938 0.000000 0.971035 0.418206 0.418206 0.418206
1678.452148 0.000000 2597.391602 0.000000 0.030183 0.000000 0.999544 0.442821 0.442821 0.442821
1563.974365 0.000000 2630.010742 0.000000 0.069275 0.000000 0.997598 0.397649 0.397649 0.397649
1549.333862 0.000000 2602.610596 0.000000 0.292100 0.000000 0.956388 0.408326 0.408326 0.408326
1562.132568 0.000000 2632.733154 0.000000 0.263101 0.000000 0.964768 0.447225 0.447225 0.447225
1565.260010 0.000000 2632.550537 0.000000 0.229034 0.000000 0.973418 0.469628 0.469628 0.469628
1614.189453 0.000000 2634.725098 0.000000 0.059482 0.000000 0.998229 0.409898 0.409898 0.409898
1621.428101 0.000000 2630.628906 0.000000 0.455805 0.000000 0.890079 0.460137 0.460137 0.460137
1657.426636 0.000000 2615.680176 0.000000 0.327236 0.000000 0.944943 0.425132 0.425132 0.425132
1610.748779 0.000000 2640.474121 0.000000 0.281055 0.000000 0.959692 0.413539 0.413539 0.413539
1588.449829 0.000000 2687.526123 0.000000 0.522797 0.000000 0.852457 0.385934 0.385934 0.385934
1563.974365 0.000000 2686.495117 0.000000 0.555121 0.000000 0.831770 0.460542 0.460542 0.460542
1587.521606 0.000000 2682.774414 0.000000 0.232050 0.000000 0.972704 0.381914 0.381914 0.381914
1573.993652 0.000000 2684.328857 0.000000 0.108256 0.000000 0.994123 0.379775 0.379775 0.379775
1575.131470 0.000000 2689.744873 0.000000 0.068395 0.000000 0.997658 0.511451 0.511451 0.511451
1567.085693 0.000000 2662.394531 0.000000 0.515296 0.000000 0.857012 0.446896 0.446896 0.446896
1566.841187 0.000000 2686.397705 0.000000 0.373731 0.000000 0.927537 0.451203 0.451203 0.451203
1600.315308 0.000000 2681.191162 0.000000 0.565309 0.000000 0.824879 0.414967 0.414967 0.414967
1609.437988 0.000000 2655.583252 0.000000 0.394828 0.000000 0.918755 0.458833 0.458833 0.458833
1600.173096 0.000000 2656.590332 0.000000 0.377122 0.000000 0.926163 0.402498 0.402498 0.402498
1600.522339 0.000000 2670.467773 0.000000 0.493235 0.000000 0.869896 0.415443 0.415443 0.415443
1612.406494 0.000000 2655.713867 0.000000 0.360923 0.000000 0.932596 0.434754 0.434754 0.434754
1669.568970 0.000000 2602.299072 0.000000 0.293724 0.000000 0.955890 0.392120 0.392120 0.392120
1676.406494 0.000000 2599.229492 0.000000 0.032115 0.000000 0.999484 0.409455 0.409455 0.409455
1368.358154 0.000000 2719.760986 0.000000 0.178507 0.000000 0.983939 0.482646 0.482646 0.482646
1972.600708 0.000000 2790.948242 0.000000 0.298549 0.000000 0.954394 0.435385 0.435385 0.435385
1955.530884 0.000000 2818.322998 0.000000 0.060603 0.000000 0.998162 0.380093 0.380093 0.380093
1978.134033 0.000000 2795.198730 0.000000 0.200185 0.000000 0.979758 0.424683 0.424683 0.424683
1966.271362 0.000000 2805.022949 0.000000 0.197323 0.000000 0.980339 0.381638 0.381638 0.381638
1967.152222 0.000000 2813.205078 0.000000 0.121314 0.000000 0.992614 0.409124 0.409124 0.409124
1974.496216 0.000000 2797.043213 0.000000 0.566529 0.000000 0.824042 0.433353 0.433353 0.433353
1970.616577 0.000000 2813.787598 0.000000 0.060387 0.000000 0.998175 0.397513 0.397513 0.397513
1978.989014 0.000000 2801.368408 0.000000 0.368223 0.000000 0.929737 0.405976 0.405976 0.405976
1979.206421 0.000000 2797.715088 0.000000 0.281589 0.000000 0.959535 0.431490 0.431490 0.431490
2035.720459 0.000000 2805.606201 0.000000 0.179362 0.000000 0.983783 0.381116 0.381116 0.381116
2021.993652 0.000000 2797.297607 0.000000 0.514335 0.000000 0.857589 0.465067 0.465067 0.465067
2006.596802 0.000000 2788.265625 0.000000 0.494469 0.000000 0.869195 0.385691 0.385691 0.385691
2013.234741 0.000000 2791.443115 0.000000 0.343355 0.000000 0.939206 0.414599 0.414599 0.414599
2028.084717 0.000000 2798.478271 0.000000 0.458840 0.000000 0.888519 0.396567 0.396567 0.396567
2034.278564 0.000000 2798.443359 0.000000 0.065500 0.000000 0.997853 0.392264 0.392264 0.392264
1967.844604 0.000000 2831.329102 0.000000 0.191415 0.000000 0.981509 0.488203 0.488203 0.488203
1958.192993 0.000000 2829.925537 0.000000 0.174314 0.000000 0.984690 0.470245 0.470245 0.470245
2166.872314 0.000000 2249.225098 0.000000 0.414406 0.000000 0.910092 0.384641 0.384641 0.384641
2170.308594 0.000000 2247.490234 0.000000 0.216028 0.000000 0.976387 0.381083 0.381083 0.381083
2167.010986 0.000000 2257.843506 0.000000 0.521162 0.000000 0.853458 0.385857 0.385857 0.385857
2162.616699 0.000000 2248.943848 0.000000 0.111436 0.000000 0.993772 0.398296 0.398296 0.398296
2238.612305 0.000000 2254.531006 0.000000 0.492942 0.000000 0.870062 0.398972 0.398972 0.398972
2210.996826 0.000000 2258.854004 0.000000 0.253715 0.000000 0.967279 0.409492 0.409492 0.409492
2231.033203 0.000000 2241.338623 0.000000 0.028680 0.000000 0.999589 0.465484 0.465484 0.465484
2229.610352 0.000000 2238.383545 0.000000 0.228117 0.000000 0.973634 0.525891 0.525891 0.525891
2187.714111 0.000000 2240.893799 0.000000 0.554285 0.000000 0.832327 0.486021 0.486021 0.486021
2190.452148 0.000000 2258.485352 0.000000 0.447052 0.000000 0.894508 0.425517 0.425517 0.425517
2170.134033 0.000000 2286.839355 0.000000 0.128936 0.000000 0.991653 0.381070 0.381070 0.381070
2170.875244 0.000000 2259.529541 0.000000 0.021487 0.000000 0.999769 0.435655 0.435655 0.435655
2172.365723 0.000000 2262.102783 0.000000 0.505903 0.000000 0.862591 0.588915 0.588915 0.588915
2218.581543 0.000000 2278.179932 0.000000 0.503801 0.000000 0.863820 0.389986 0.389986 0.389986
2215.866699 0.000000 2301.078613 0.000000 0.439100 0.000000 0.898438 0.384451 0.384451 0.384451
2221.233887 0.000000 2285.272217 0.000000 0.131641 0.000000 0.991297 0.393256 0.393256 0.393256
2187.937012 0.000000 2292.144287 0.000000 0.366938 0.000000 0.930245 0.556078 0.556078 0.556078
2231.430908 0.000000 2273.251953 0.000000 0.457969 0.000000 0.888968 0.402032 0.402032 0.402032
2176.173096 0.000000 2261.199707 0.000000 0.116850 0.000000 0.993150 0.467294 0.467294 0.467294
2210.040283 0.000000 2277.679932 0.000000 0.291514 0.000000 0.956567 0.456703 0.456703 0.456703
2230.469482 0.000000 2269.529053 0.000000 0.376269 0.000000 0.926511 0.424212 0.424212 0.424212
2218.478760 0.000000 2285.112061 0.000000 0.467901 0.000000 0.883781 0.413156 0.413156 0.413156
2240.354004 0.000000 2307.342773 0.000000 0.516801 0.000000 0.856106 0.530211 0.530211 0.530211
2245.003174 0.000000 2295.502930 0.000000 0.299544 0.000000 0.954083 0.382925 0.382925 0.382925
2271.949707 0.000000 2293.631104 0.000000 0.178720 0.000000 0.983900 0.390383 0.390383 0.390383
2251.714111 0.000000 2297.378174 0.000000 0.057217 0.000000 0.998362 0.483478 0.483478 0.483478
2269.260010 0.000000 2293.644287 0.000000 0.071118 0.000000 0.997468 0.466354 0.466354 0.466354
2223.844482 0.000000 2322.969727 0.000000 0.262885 0.000000 0.964827 0.382214 0.382214 0.382214
2221.790771 0.000000 2329.197510 0.000000 0.350244 0.000000 0.936658 0.652517 0.652517 0.652517
2190.716309 0.000000 2325.593018 0.000000 0.363035 0.000000 0.931776 0.495717 0.495717 0.495717
2239.290771 0.000000 2316.264404 0.000000 0.230557 0.000000 0.973059 0.451930 0.451930 0.451930
2230.117188 0.000000 2322.880859 0.000000 0.002459 0.000000 0.999997 0.452770 0.452770 0.452770
2193.893799 0.000000 2329.174072 0.000000 0.531460 0.000000 0.847083 0.465461 0.465461 0.465461
2228.612793 0.000000 2331.571289 0.000000 0.421594 0.000000 0.906785 0.656439 0.656439 0.656439
2193.653076 0.000000 2324.328857 0.000000 0.468963 0.000000 0.883218 0.483915 0.483915 0.483915
2297.614258 0.000000 2368.240479 0.000000 0.186428 0.000000 0.982469 0.468736 0.468736 0.468736
2282.064209 0.000000 2367.183105 0.000000 0.478139 0.000000 0.878284 0.385491 0.385491 0.385491
2272.344482 0.000000 2354.177002 0.000000 0.471697 0.000000 0.881761 0.460484 0.460484 0.460484
2268.683105 0.000000 2329.293213 0.000000 0.426385 0.000000 0.904542 0.457699 0.457699 0.457699
2270.773926 0.000000 2388.815430 0.000000 0.365337 0.000000 0.930875 0.431232 0.431232 0.431232
2285.059814 0.000000 2414.735596 0.000000 0.453945 0.000000 0.891029 0.470935 0.470935 0.470935
2289.044678 0.000000 2421.027588 0.000000 0.524245 0.000000 0.851568 0.454376 0.454376 0.454376
2281.605957 0.000000 2409.825195 0.000000 0.567747 0.000000 0.823203 0.407655 0.407655 0.407655
2289.495361 0.000000 2372.443848 0.000000 0.369911 0.000000 0.929067 0.463695 0.463695 0.463695
2307.834473 0.000000 2372.346191 0.000000 0.427698 0.000000 0.903922 0.384782 0.384782 0.384782
2313.163818 0.000000 2411.644531 0.000000 0.398048 0.000000 0.917364 0.406478 0.406478 0.406478
2372.256348 0.000000 2427.859375 0.000000 0.097524 0.000000 0.995233 0.422911 0.422911 0.422911
2325.428223 0.000000 2461.175781 0.000000 0.412338 0.000000 0.911031 0.475395 0.475395 0.475395
2337.639404 0.000000 2458.865723 0.000000 0.084344 0.000000 0.996437 0.380704 0.380704 0.380704
2349.059814 0.000000 2471.219971 0.000000 0.573308 0.000000 0.819340 0.477397 0.477397 0.477397
2321.893799 0.000000 2442.142822 0.000000 0.184603 0.000000 0.982813 0.468698 0.468698 0.468698
2327.538086 0.000000 2465.114990 0.000000 0.211970 0.000000 0.977276 0.513236 0.513236 0.513236
2335.949707 0.000000 2463.084229 0.000000 0.267421 0.000000 0.963580 0.470439 0.470439 0.470439
2346.157715 0.000000 2451.664307 0.000000 0.398699 0.000000 0.917082 0.519772 0.519772 0.519772
2363.742432 0.000000 2466.505127 0.000000 0.290931 0.000000 0.956744 0.419098 0.419098 0.419098
2399.273193 0.000000 2483.704590 0.000000 0.287075 0.000000 0.957908 0.470858 0.470858 0.470858
2397.536865 0.000000 2468.841309 0.000000 0.114163 0.000000 0.993462 0.467239 0.467239 0.467239
2396.116211 0.000000 2484.243652 0.000000 0.083244 0.000000 0.996529 0.412054 0.412054 0.412054
2414.917725 0.000000 2506.627197 0.000000 0.210382 0.000000 0.977619 0.381003 0.381003 0.381003
2406.192871 0.000000 2491.019287 0.000000 0.391753 0.000000 0.920070 0.384134 0.384134 0.384134
2401.456543 0.000000 2499.237305 0.000000 0.285211 0.000000 0.958465 0.470818 0.470818 0.470818
2419.006592 0.000000 2493.757568 0.000000 0.555780 0.000000 0.831329 0.476962 0.476962 0.476962
2407.443848 0.000000 2496.601807 0.000000 0.398033 0.000000 0.917371 0.473278 0.473278 0.473278
2171.742432 0.000000 2748.927002 0.000000 0.587009 0.000000 0.809580 0.590069 0.590069 0.590069
2174.612305 0.000000 2819.374756 0.000000 0.506933 0.000000 0.861986 0.385627 0.385627 0.385627
2217.423340 0.000000 2743.672119 0.000000 0.289720 0.000000 0.957112 0.532777 0.532777 0.532777
2202.840820 0.000000 2737.954346 0.000000 0.527933 0.000000 0.849286 0.616411 0.616411 0.616411
2192.020752 0.000000 2755.478271 0.000000 0.239213 0.000000 0.970967 0.382346 0.382346 0.382346
2181.003174 0.000000 2747.377930 0.000000 0.046106 0.000000 0.998937 0.399066 0.399066 0.399066
2194.852783 0.000000 2747.857422 0.000000 0.501989 0.000000 0.864874 0.601220 0.601220 0.601220
2196.194824 0.000000 2757.162842 0.000000 0.069347 0.000000 0.997593 0.433004 0.433004 0.433004
2213.993652 0.000000 2740.813232 0.000000 0.517769 0.000000 0.855520 0.414067 0.414067 0.414067
2217.764648 0.000000 2739.574219 0.000000 0.269973 0.000000 0.962868 0.646490 0.646490 0.646490
2199.827881 0.000000 2735.426758 0.000000 0.300688 0.000000 0.953722 0.522511 0.522511 0.522511
2185.807861 0.000000 2746.955566 0.000000 0.383992 0.000000 0.923336 0.512267 0.512267 0.512267
2180.219482 0.000000 2743.884033 0.000000 0.563609 0.000000 0.826042 0.589203 0.589203 0.589203
2194.867188 0.000000 2754.213867 0.000000 0.485010 0.000000 0.874509 0.489718 0.489718 0.489718
2187.714111 0.000000 2749.253174 0.000000 0.309087 0.000000 0.951034 0.542091 0.542091 0.542091
2183.173340 0.000000 2740.456787 0.000000 0.062151 0.000000 0.998067 0.408172 0.408172 0.408172
2254.189453 0.000000 2747.693848 0.000000 0.176373 0.000000 0.984323 0.381770 0.381770 0.381770
2249.424072 0.000000 2739.123779 0.000000 0.340457 0.000000 0.940260 0.489840 0.489840 0.489840
2240.073242 0.000000 2749.811523 0.000000 0.085749 0.000000 0.996317 0.494540 0.494540 0.494540
2249.888916 0.000000 2766.515137 0.000000 0.543357 0.000000 0.839501 0.660996 0.660996 0.660996
2249.807861 0.000000 2746.955566 0.000000 0.485128 0.000000 0.874443 0.646510 0.646510 0.646510
2246.827393 0.000000 2767.248779 0.000000 0.512198 0.000000 0.858867 0.565937 0.565937 0.565937
2265.163818 0.000000 2767.109375 0.000000 0.146375 0.000000 0.989229 0.429072 0.429072 0.429072
2247.290527 0.000000 2745.922363 0.000000 0.003160 0.000000 0.999995 0.584664 0.584664 0.584664
2239.683594 0.000000 2780.774902 0.000000 0.409167 0.000000 0.912459 0.426624 0.426624 0.426624
2239.419434 0.000000 2789.606445 0.000000 0.066544 0.000000 0.997783 0.445255 0.445255 0.445255
2237.524414 0.000000 2773.247803 0.000000 0.007571 0.000000 0.999971 0.379238 0.379238 0.379238
2189.066650 0.000000 2820.950684 0.000000 0.378251 0.000000 0.925703 0.417013 0.417013 0.417013
2221.790771 0.000000 2781.072510 0.000000 0.195622 0.000000 0.980679 0.419256 0.419256 0.419256
2225.916504 0.000000 2785.524414 0.000000 0.224449 0.000000 0.974486 0.381540 0.381540 0.381540
2180.861816 0.000000 2795.688965 0.000000 0.115755 0.000000 0.993278 0.476028 0.476028 0.476028
2197.636475 0.000000 2822.236572 0.000000 0.558065 0.000000 0.829797 0.431344 0.431344 0.431344
2185.597900 0.000000 2817.609863 0.000000 0.262153 0.000000 0.965026 0.473875 0.473875 0.473875
2189.646240 0.000000 2808.480713 0.000000 0.179159 0.000000 0.983820 0.463295 0.463295 0.463295
2179.605225 0.000000 2791.010986 0.000000 0.404646 0.000000 0.914473 0.383863 0.383863 0.383863
2176.110596 0.000000 2778.098877 0.000000 0.553555 0.000000 0.832812 0.453204 0.453204 0.453204
2183.290527 0.000000 2810.579590 0.000000 0.249554 0.000000 0.968361 0.409423 0.409423 0.409423
2193.216553 0.000000 2807.615723 0.000000 0.524403 0.000000 0.851470 0.497946 0.497946 0.497946
2193.116211 0.000000 2814.981934 0.000000 0.275675 0.000000 0.961251 0.386429 0.386429 0.386429
2187.714111 0.000000 2805.737549 0.000000 0.050593 0.000000 0.998719 0.502386 0.502386 0.502386
2191.844482 0.000000 2770.861572 0.000000 0.181878 0.000000 0.983321 0.540335 0.540335 0.540335
2180.256348 0.000000 2823.250000 0.000000 0.011337 0.000000 0.999936 0.416163 0.416163 0.416163
2249.453857 0.000000 2774.053711 0.000000 0.296455 0.000000 0.955047 0.609694 0.609694 0.609694
2270.773926 0.000000 2784.206055 0.000000 0.239688 0.000000 0.970850 0.600849 0.600849 0.600849
2265.550537 0.000000 2779.335693 0.000000 0.242696 0.000000 0.970102 0.396740 0.396740 0.396740
2245.348877 0.000000 2776.176270 0.000000 0.023477 0.000000 0.999724 0.395179 0.395179 0.395179
2258.973877 0.000000 2769.137207 0.000000 0.317296 0.000000 0.948326 0.508806 0.508806 0.508806
2268.263916 0.000000 2777.030518 0.000000 0.487429 0.000000 0.873162 0.385210 0.385210 0.385210
2252.406494 0.000000 2768.682617 0.000000 0.341766 0.000000 0.939785 0.600841 0.600841 0.600841
2242.492188 0.000000 2771.323975 0.000000 0.521441 0.000000 0.853287 0.660608 0.660608 0.660608
2149.084961 0.000000 2839.016357 0.000000 0.362405 0.000000 0.932021 0.383464 0.383464 0.383464
2171.875732 0.000000 2838.425049 0.000000 0.146282 0.000000 0.989243 0.607966 0.607966 0.607966
2173.449707 0.000000 2833.704834 0.000000 0.160884 0.000000 0.986973 0.432876 0.432876 0.432876
2171.669434 0.000000 2843.923584 0.000000 0.291640 0.000000 0.956528 0.415516 0.415516 0.415516
2172.365723 0.000000 2826.946533 0.000000 0.339922 0.000000 0.940454 0.425360 0.425360 0.425360
2164.968994 0.000000 2828.576660 0.000000 0.323171 0.000000 0.946341 0.503638 0.503638 0.503638
2676.449951 0.000000 2913.463623 0.000000 0.348842 0.000000 0.937182 0.383749 0.383749 0.383749
2678.872314 0.000000 2927.037598 0.000000 0.136734 0.000000 0.990608 0.389760 0.389760 0.389760
2665.246582 0.000000 2929.014893 0.000000 0.332733 0.000000 0.943021 0.583093 0.583093 0.583093
2668.817139 0.000000 2946.713379 0.000000 0.551839 0.000000 0.833950 0.433048 0.433048 0.433048
2657.860352 0.000000 2945.928711 0.000000 0.258691 0.000000 0.965960 0.454264 0.454264 0.454264
2637.243652 0.000000 2944.428711 0.000000 0.007832 0.000000 0.999969 0.477201 0.477201 0.477201
6013.733887 0.000000 3479.757080 0.000000 0.130467 0.000000 0.991453 0.519912 0.519912 0.519912
6010.815430 0.000000 3453.115967 0.000000 0.110179 0.000000 0.993912 0.548721 0.548721 0.548721
6076.270508 0.000000 3437.396240 0.000000 0.338405 0.000000 0.941000 0.649561 0.649561 0.649561
6079.097656 0.000000 3428.451660 0.000000 0.097769 0.000000 0.995209 0.429983 0.429983 0.429983
6069.811523 0.000000 3430.361572 0.000000 0.471419 0.000000 0.881909 0.427798 0.427798 0.427798
6074.308594 0.000000 3433.662109 0.000000 0.219688 0.000000 0.975570 0.646591 0.646591 0.646591
6076.718750 0.000000 3430.293945 0.000000 0.514746 0.000000 0.857343 0.546317 0.546317 0.546317
6071.879395 0.000000 3432.257324 0.000000 0.149112 0.000000 0.988820 0.645486 0.645486 0.645486
6078.888184 0.000000 3425.687500 0.000000 0.258648 0.000000 0.965972 0.570319 0.570319 0.570319
6026.048340 0.000000 3491.047119 0.000000 0.450815 0.000000 0.892617 0.384688 0.384688 0.384688
6016.315430 0.000000 3471.972412 0.000000 0.558989 0.000000 0.829175 0.633671 0.633671 0.633671
6043.974121 0.000000 3477.276367 0.000000 0.164265 0.000000 0.986416 0.637354 0.637354 0.637354
6040.763672 0.000000 3476.278076 0.000000 0.310163 0.000000 0.950683 0.650636 0.650636 0.650636
6101.035156 0.000000 3486.263916 0.000000 0.428175 0.000000 0.903696 0.475755 0.475755 0.475755
6082.164551 0.000000 3464.918457 0.000000 0.271887 0.000000 0.962329 0.382083 0.382083 0.382083
6096.020996 0.000000 3489.775146 0.000000 0.461168 0.000000 0.887313 0.481926 0.481926 0.481926
6089.095215 0.000000 3457.534180 0.000000 0.186489 0.000000 0.982457 0.429782 0.429782 0.429782
6083.856934 0.000000 3495.618896 0.000000 0.484420 0.000000 0.874836 0.406145 0.406145 0.406145
6080.522461 0.000000 3461.249023 0.000000 0.305496 0.000000 0.952193 0.410350 0.410350 0.410350
6089.889160 0.000000 3500.812012 0.000000 0.080165 0.000000 0.996782 0.410233 0.410233 0.410233
6097.216309 0.000000 3485.428223 0.000000 0.569135 0.000000 0.822244 0.484581 0.484581 0.484581
6089.349609 0.000000 3498.102051 0.000000 0.329751 0.000000 0.944068 0.432373 0.432373 0.432373
6083.898438 0.000000 3498.303467 0.000000 0.136178 0.000000 0.990684 0.486966 0.486966 0.486966
6101.175293 0.000000 3480.764893 0.000000 0.087821 0.000000 0.996136 0.633919 0.633919 0.633919
5940.600586 0.000000 3581.729492 0.000000 0.399217 0.000000 0.916856 0.557047 0.557047 0.557047
5946.165039 0.000000 3581.066406 0.000000 0.070626 0.000000 0.997503 0.379627 0.379627 0.379627
5982.227539 0.000000 3563.072998 0.000000 0.108074 0.000000 0.994143 0.514154 0.514154 0.514154
6000.446289 0.000000 3569.346436 0.000000 0.340469 0.000000 0.940256 0.427171 0.427171 0.427171
5976.357910 0.000000 3567.026611 0.000000 0.115418 0.000000 0.993317 0.447939 0.447939 0.447939
5991.131348 0.000000 3593.494873 0.000000 0.229181 0.000000 0.973384 0.590163 0.590163 0.590163
6078.112305 0.000000 3545.949951 0.000000 0.415541 0.000000 0.909575 0.384915 0.384915 0.384915
6031.712891 0.000000 3520.645508 0.000000 0.522210 0.000000 0.852817 0.655556 0.655556 0.655556
6029.152832 0.000000 3547.262207 0.000000 0.027328 0.000000 0.999627 0.463715 0.463715 0.463715
6089.453613 0.000000 3508.350586 0.000000 0.555471 0.000000 0.831536 0.451420 0.451420 0.451420
6113.639160 0.000000 3532.068848 0.000000 0.547317 0.000000 0.836925 0.440274 0.440274 0.440274
6099.298340 0.000000 3519.978516 0.000000 0.328236 0.000000 0.944596 0.607334 0.607334 0.607334
6089.437988 0.000000 3502.848877 0.000000 0.545092 0.000000 0.838376 0.401721 0.401721 0.401721
6097.893555 0.000000 3515.345947 0.000000 0.085134 0.000000 0.996369 0.563424 0.563424 0.563424
6088.260254 0.000000 3511.036865 0.000000 0.303135 0.000000 0.952947 0.606463 0.606463 0.606463
6096.764160 0.000000 3517.983154 0.000000 0.466620 0.000000 0.884458 0.453129 0.453129 0.453129
6027.937012 0.000000 3591.284912 0.000000 0.449198 0.000000 0.893432 0.657036 0.657036 0.657036
6042.616211 0.000000 3582.598145 0.000000 0.584045 0.000000 0.811721 0.488612 0.488612 0.488612
6093.883301 0.000000 3607.011719 0.000000 0.341896 0.000000 0.939738 0.419987 0.419987 0.419987
6115.895020 0.000000 3571.029297 0.000000 0.308924 0.000000 0.951087 0.487334 0.487334 0.487334
6158.189453 0.000000 3481.990723 0.000000 0.256666 0.000000 0.966500 0.649129 0.649129 0.649129
6189.791016 0.000000 3458.885010 0.000000 0.395975 0.000000 0.918261 0.651581 0.651581 0.651581
6193.916504 0.000000 3463.336914 0.000000 0.151191 0.000000 0.988505 0.636763 0.636763 0.636763
6170.661621 0.000000 3466.984619 0.000000 0.504506 0.000000 0.863408 0.653566 0.653566 0.653566
6149.002930 0.000000 3481.674805 0.000000 0.198687 0.000000 0.980063 0.493636 0.493636 0.493636
6190.917969 0.000000 3466.861572 0.000000 0.419401 0.000000 0.907801 0.384715 0.384715 0.384715
6153.808105 0.000000 3481.252441 0.000000 0.420800 0.000000 0.907154 0.412319 0.412319 0.412319
6153.939941 0.000000 3460.835205 0.000000 0.247809 0.000000 0.968809 0.524652 0.524652 0.524652
6194.335449 0.000000 3466.439941 0.000000 0.253412 0.000000 0.967358 0.645438 0.645438 0.645438
6156.424805 0.000000 3463.966553 0.000000 0.195434 0.000000 0.980717 0.638766 0.638766 0.638766
6174.841309 0.000000 3477.178955 0.000000 0.216025 0.000000 0.976388 0.509833 0.509833 0.509833
6170.616211 0.000000 3469.629395 0.000000 0.213920 0.000000 0.976851 0.509781 0.509781 0.509781
6171.921387 0.000000 3461.502686 0.000000 0.249511 0.000000 0.968372 0.641238 0.641238 0.641238
6189.255371 0.000000 3556.906738 0.000000 0.381118 0.000000 0.924527 0.384330 0.384330 0.384330
6196.885254 0.000000 3553.782471 0.000000 0.443608 0.000000 0.896221 0.384576 0.384576 0.384576
6206.112305 0.000000 3545.949951 0.000000 0.320254 0.000000 0.947332 0.430401 0.430401 0.430401
6193.605957 0.000000 3554.885010 0.000000 0.000863 0.000000 1.000000 0.463177 0.463177 0.463177
6271.419434 0.000000 3523.903320 0.000000 0.327793 0.000000 0.944750 0.568946 0.568946 0.568946
6208.390625 0.000000 3545.581299 0.000000 0.226964 0.000000 0.973903 0.518863 0.518863 0.518863
6195.915527 0.000000 3570.556885 0.000000 0.194720 0.000000 0.980859 0.424588 0.424588 0.424588
6162.853027 0.000000 3595.123047 0.000000 0.485832 0.000000 0.874052 0.385663 0.385663 0.385663
6202.815430 0.000000 3566.084717 0.000000 0.320899 0.000000 0.947114 0.627869 0.627869 0.627869
6253.901367 0.000000 3559.469971 0.000000 0.163420 0.000000 0.986557 0.402670 0.402670 0.402670
6286.569336 0.000000 3535.800049 0.000000 0.052187 0.000000 0.998637 0.423897 0.423897 0.423897
6361.924805 0.000000 3555.271729 0.000000 0.481923 0.000000 0.876214 0.466144 0.466144 0.466144
6295.538086 0.000000 3594.802490 0.000000 0.419641 0.000000 0.907690 0.390452 0.390452 0.390452
6322.616699 0.000000 3604.568848 0.000000 0.475701 0.000000 0.879607 0.424238 0.424238 0.424238
6399.683594 0.000000 3571.556152 0.000000 0.257556 0.000000 0.966263 0.391568 0.391568 0.391568
6378.064453 0.000000 3609.839355 0.000000 0.367932 0.000000 0.929853 0.469029 0.469029 0.469029
6601.163574 0.000000 3484.847656 0.000000 0.278488 0.000000 0.960440 0.544742 0.544742 0.544742
6605.646484 0.000000 3486.293213 0.000000 0.428759 0.000000 0.903419 0.392422 0.392422 0.392422
6609.216309 0.000000 3485.428223 0.000000 0.454600 0.000000 0.890696 0.519487 0.519487 0.519487
6462.112305 0.000000 3602.434326 0.000000 0.111181 0.000000 0.993800 0.572742 0.572742 0.572742
6629.443359 0.000000 3521.833252 0.000000 0.231315 0.000000 0.972879 0.383972 0.383972 0.383972
6638.917969 0.000000 3579.830322 0.000000 0.409318 0.000000 0.912392 0.624216 0.624216 0.624216
6592.522461 0.000000 3574.217773 0.000000 0.006099 0.000000 0.999981 0.596524 0.596524 0.596524
6670.569336 0.000000 3592.284424 0.000000 0.364071 0.000000 0.931371 0.587615 0.587615 0.587615
"}
object={
	name="pine_sparse_generator_1_1"
	clamp_to_water_level=no
	render_under_water=no
	generated_content=yes
	layer="semidynamic"
	pdxmesh="tree_fir_002_mesh"
	count=370
	transform="1273.729980 0.000000 2526.102051 0.000000 0.649854 0.000000 0.760059 0.576173 0.576173 0.576173
1278.112061 0.000000 2585.715576 0.000000 0.947633 0.000000 0.319360 0.498059 0.498059 0.498059
1275.742432 0.000000 2579.473877 0.000000 0.897944 0.000000 0.440110 0.633035 0.633035 0.633035
1277.449707 0.000000 2607.767334 0.000000 0.674473 0.000000 0.738300 0.595303 0.595303 0.595303
1276.880859 0.000000 2621.510986 0.000000 0.857038 0.000000 0.515254 0.557356 0.557356 0.557356
1267.720459 0.000000 2692.637451 0.000000 0.660157 0.000000 0.751128 0.576565 0.576565 0.576565
1274.165039 0.000000 2677.316406 0.000000 0.664780 0.000000 0.747039 0.452135 0.452135 0.452135
1281.469238 0.000000 2539.860596 0.000000 0.711684 0.000000 0.702500 0.670054 0.670054 0.670054
1283.834473 0.000000 2541.799316 0.000000 0.736449 0.000000 0.676493 0.670915 0.670915 0.670915
1298.736938 0.000000 2591.917969 0.000000 0.701279 0.000000 0.712887 0.664634 0.664634 0.664634
1283.716309 0.000000 2582.903076 0.000000 0.592010 0.000000 0.805930 0.465069 0.465069 0.465069
1281.476685 0.000000 2548.255615 0.000000 0.819210 0.000000 0.573493 0.391614 0.391614 0.391614
1280.073120 0.000000 2580.358398 0.000000 0.627152 0.000000 0.778897 0.602428 0.602428 0.602428
1283.856934 0.000000 2591.868896 0.000000 0.777103 0.000000 0.629374 0.451392 0.451392 0.451392
1280.173096 0.000000 2543.621582 0.000000 0.924820 0.000000 0.380406 0.485258 0.485258 0.485258
1280.226196 0.000000 2593.113770 0.000000 0.622339 0.000000 0.782748 0.462141 0.462141 0.462141
1282.892212 0.000000 2579.998047 0.000000 0.724711 0.000000 0.689053 0.669777 0.669777 0.669777
1517.255371 0.000000 2540.187988 0.000000 0.698816 0.000000 0.715302 0.629062 0.629062 0.629062
1522.616577 0.000000 2531.365723 0.000000 0.920362 0.000000 0.391067 0.664998 0.664998 0.664998
1525.008667 0.000000 2529.534424 0.000000 0.862826 0.000000 0.505501 0.506928 0.506928 0.506928
1534.830811 0.000000 2532.547607 0.000000 0.826883 0.000000 0.562374 0.439734 0.439734 0.439734
1457.916626 0.000000 2559.586914 0.000000 0.755270 0.000000 0.655414 0.482424 0.482424 0.482424
1469.449707 0.000000 2551.282959 0.000000 0.699493 0.000000 0.714640 0.440028 0.440028 0.440028
1462.469360 0.000000 2551.950928 0.000000 0.905292 0.000000 0.424790 0.480481 0.480481 0.480481
1513.206665 0.000000 2550.340576 0.000000 0.922911 0.000000 0.385014 0.394534 0.394534 0.394534
1502.802368 0.000000 2541.857910 0.000000 0.831623 0.000000 0.555341 0.392033 0.392033 0.392033
1524.449829 0.000000 2574.557373 0.000000 0.922670 0.000000 0.385591 0.655777 0.655777 0.655777
1517.901245 0.000000 2542.751221 0.000000 0.612094 0.000000 0.790785 0.387749 0.387749 0.387749
1486.716187 0.000000 2551.530518 0.000000 0.935126 0.000000 0.354314 0.537314 0.537314 0.537314
1521.916626 0.000000 2559.586914 0.000000 0.693008 0.000000 0.720930 0.402702 0.402702 0.402702
1519.365356 0.000000 2572.600586 0.000000 0.897463 0.000000 0.441090 0.474431 0.474431 0.474431
1535.097656 0.000000 2581.186035 0.000000 0.919268 0.000000 0.393632 0.454489 0.454489 0.454489
1530.165039 0.000000 2564.347656 0.000000 0.825770 0.000000 0.564008 0.413320 0.413320 0.413320
1508.590088 0.000000 2551.803467 0.000000 0.864987 0.000000 0.501794 0.613929 0.613929 0.613929
1494.003418 0.000000 2555.499268 0.000000 0.913388 0.000000 0.407090 0.666253 0.666253 0.666253
1532.365845 0.000000 2544.524658 0.000000 0.936368 0.000000 0.351019 0.541209 0.541209 0.541209
1527.542480 0.000000 2564.926758 0.000000 0.750020 0.000000 0.661415 0.411418 0.411418 0.411418
1499.921387 0.000000 2557.752686 0.000000 0.676965 0.000000 0.736016 0.668270 0.668270 0.668270
1307.221802 0.000000 2644.309814 0.000000 0.924842 0.000000 0.380352 0.489070 0.489070 0.489070
1289.453857 0.000000 2604.600586 0.000000 0.711293 0.000000 0.702896 0.406815 0.406815 0.406815
1283.716309 0.000000 2639.387451 0.000000 0.765535 0.000000 0.643394 0.647019 0.647019 0.647019
1302.797119 0.000000 2599.255859 0.000000 0.949794 0.000000 0.312876 0.400350 0.400350 0.400350
1318.465210 0.000000 2623.378906 0.000000 0.651415 0.000000 0.758722 0.416695 0.416695 0.416695
1293.066528 0.000000 2651.497559 0.000000 0.669677 0.000000 0.742653 0.667395 0.667395 0.667395
1310.773926 0.000000 2614.752930 0.000000 0.946793 0.000000 0.321845 0.400215 0.400215 0.400215
1319.675415 0.000000 2653.055176 0.000000 0.914961 0.000000 0.403543 0.456199 0.456199 0.456199
1306.661499 0.000000 2619.718994 0.000000 0.948283 0.000000 0.317425 0.400282 0.400282 0.400282
1326.917847 0.000000 2619.595947 0.000000 0.803865 0.000000 0.594811 0.512027 0.512027 0.512027
1289.597778 0.000000 2648.156738 0.000000 0.816253 0.000000 0.577695 0.456322 0.456322 0.456322
1280.073120 0.000000 2636.842773 0.000000 0.789800 0.000000 0.613364 0.624458 0.624458 0.624458
1303.828003 0.000000 2622.458008 0.000000 0.918792 0.000000 0.394743 0.651659 0.651659 0.651659
1289.807983 0.000000 2633.986816 0.000000 0.936483 0.000000 0.350713 0.430440 0.430440 0.430440
1297.983643 0.000000 2619.649414 0.000000 0.785513 0.000000 0.618845 0.596583 0.596583 0.596583
1284.061279 0.000000 2614.490967 0.000000 0.918380 0.000000 0.395700 0.465882 0.465882 0.465882
1306.772095 0.000000 2648.191650 0.000000 0.796338 0.000000 0.604852 0.491228 0.491228 0.491228
1309.565796 0.000000 2641.580078 0.000000 0.817923 0.000000 0.575328 0.460130 0.460130 0.460130
1286.798706 0.000000 2612.548340 0.000000 0.891626 0.000000 0.452774 0.474177 0.474177 0.474177
1289.939697 0.000000 2613.569580 0.000000 0.815096 0.000000 0.579326 0.416800 0.416800 0.416800
1295.660034 0.000000 2649.446533 0.000000 0.715433 0.000000 0.698682 0.481220 0.481220 0.481220
1282.492065 0.000000 2601.870850 0.000000 0.823336 0.000000 0.567554 0.673105 0.673105 0.673105
1320.221680 0.000000 2618.724609 0.000000 0.598497 0.000000 0.801125 0.595898 0.595898 0.595898
1283.898438 0.000000 2651.037842 0.000000 0.800652 0.000000 0.599130 0.412655 0.412655 0.412655
1292.244629 0.000000 2648.897949 0.000000 0.866447 0.000000 0.499269 0.550336 0.550336 0.550336
1324.193481 0.000000 2619.225830 0.000000 0.847600 0.000000 0.530635 0.675074 0.675074 0.675074
1284.256348 0.000000 2653.796875 0.000000 0.681216 0.000000 0.732083 0.617371 0.617371 0.617371
1374.599976 0.000000 2647.984863 0.000000 0.642654 0.000000 0.766157 0.388102 0.388102 0.388102
1377.638062 0.000000 2645.049805 0.000000 0.922807 0.000000 0.385262 0.424103 0.424103 0.424103
1354.748779 0.000000 2640.474121 0.000000 0.897818 0.000000 0.440366 0.426947 0.426947 0.426947
1295.347534 0.000000 2655.049805 0.000000 0.854868 0.000000 0.518846 0.392537 0.392537 0.392537
1293.467529 0.000000 2670.320801 0.000000 0.639709 0.000000 0.768617 0.388575 0.388575 0.388575
1317.084961 0.000000 2669.563232 0.000000 0.874264 0.000000 0.485451 0.505552 0.505552 0.505552
1306.616821 0.000000 2660.975098 0.000000 0.843110 0.000000 0.537741 0.459091 0.459091 0.459091
1327.365356 0.000000 2685.569336 0.000000 0.907166 0.000000 0.420772 0.601709 0.601709 0.601709
1285.348755 0.000000 2663.207520 0.000000 0.829756 0.000000 0.558127 0.428518 0.428518 0.428518
1280.110718 0.000000 2665.130127 0.000000 0.769955 0.000000 0.638099 0.466118 0.466118 0.466118
1303.828003 0.000000 2678.942383 0.000000 0.642859 0.000000 0.765985 0.503027 0.503027 0.503027
1297.983643 0.000000 2676.133789 0.000000 0.918586 0.000000 0.395220 0.488740 0.488740 0.488740
1310.089844 0.000000 2683.700928 0.000000 0.684768 0.000000 0.728761 0.550130 0.550130 0.550130
1319.443970 0.000000 2666.054932 0.000000 0.604567 0.000000 0.796555 0.447028 0.447028 0.447028
1328.015381 0.000000 2682.547119 0.000000 0.908388 0.000000 0.418128 0.400641 0.400641 0.400641
1310.841187 0.000000 2686.397705 0.000000 0.647350 0.000000 0.762193 0.621309 0.621309 0.621309
1309.260010 0.000000 2689.034912 0.000000 0.687221 0.000000 0.726449 0.610377 0.610377 0.610377
1360.020752 0.000000 2698.993896 0.000000 0.823364 0.000000 0.567514 0.477202 0.477202 0.477202
1375.273193 0.000000 2709.642090 0.000000 0.934868 0.000000 0.354996 0.416960 0.416960 0.416960
1374.599976 0.000000 2704.469238 0.000000 0.901348 0.000000 0.433096 0.516315 0.516315 0.516315
1386.064331 0.000000 2706.089355 0.000000 0.732201 0.000000 0.681089 0.438984 0.438984 0.438984
1357.646240 0.000000 2695.511963 0.000000 0.816078 0.000000 0.577942 0.549804 0.549804 0.549804
1367.828003 0.000000 2678.942383 0.000000 0.733458 0.000000 0.679735 0.522456 0.522456 0.522456
1379.651001 0.000000 2677.708008 0.000000 0.776675 0.000000 0.629901 0.614572 0.614572 0.614572
1386.622314 0.000000 2708.790771 0.000000 0.948533 0.000000 0.316679 0.452134 0.452134 0.452134
1504.264404 0.000000 2620.149658 0.000000 0.950117 0.000000 0.311894 0.457979 0.457979 0.457979
1524.449829 0.000000 2631.041748 0.000000 0.915442 0.000000 0.402450 0.433346 0.433346 0.433346
1497.924683 0.000000 2651.521729 0.000000 0.799642 0.000000 0.600478 0.563937 0.563937 0.563937
1502.773926 0.000000 2614.752930 0.000000 0.735650 0.000000 0.677361 0.461400 0.461400 0.461400
1485.883423 0.000000 2646.777344 0.000000 0.902953 0.000000 0.429740 0.400456 0.400456 0.400456
1521.158813 0.000000 2632.909668 0.000000 0.644048 0.000000 0.764985 0.481061 0.481061 0.481061
1481.807983 0.000000 2633.986816 0.000000 0.928537 0.000000 0.371239 0.431993 0.431993 0.431993
1483.714111 0.000000 2636.284424 0.000000 0.872302 0.000000 0.488967 0.486598 0.486598 0.486598
1492.862061 0.000000 2646.948242 0.000000 0.798580 0.000000 0.601889 0.472618 0.472618 0.472618
1443.530884 0.000000 2705.354248 0.000000 0.708578 0.000000 0.705633 0.668173 0.668173 0.668173
1439.949707 0.000000 2689.021729 0.000000 0.750369 0.000000 0.661020 0.618770 0.618770 0.618770
1437.234741 0.000000 2678.474365 0.000000 0.666300 0.000000 0.745684 0.389144 0.389144 0.389144
1425.653076 0.000000 2663.235107 0.000000 0.778238 0.000000 0.627969 0.395191 0.395191 0.395191
1726.018555 0.000000 2398.238770 0.000000 0.646797 0.000000 0.762663 0.479298 0.479298 0.479298
1722.308594 0.000000 2416.943359 0.000000 0.911139 0.000000 0.412100 0.454126 0.454126 0.454126
1719.879395 0.000000 2415.538574 0.000000 0.781936 0.000000 0.623359 0.438431 0.438431 0.438431
1735.693237 0.000000 2404.176270 0.000000 0.928823 0.000000 0.370524 0.548301 0.548301 0.548301
1732.956909 0.000000 2418.510742 0.000000 0.885933 0.000000 0.463814 0.479614 0.479614 0.479614
1735.173218 0.000000 2401.550537 0.000000 0.945315 0.000000 0.326160 0.494082 0.494082 0.494082
1713.158813 0.000000 2463.456543 0.000000 0.789038 0.000000 0.614345 0.483513 0.483513 0.483513
1708.877319 0.000000 2462.614990 0.000000 0.771724 0.000000 0.635958 0.454973 0.454973 0.454973
1722.815186 0.000000 2436.397217 0.000000 0.631280 0.000000 0.775555 0.617016 0.617016 0.617016
1536.226196 0.000000 2536.629395 0.000000 0.912763 0.000000 0.408490 0.683711 0.683711 0.683711
1543.651001 0.000000 2559.284180 0.000000 0.672679 0.000000 0.739934 0.547872 0.547872 0.547872
1559.538208 0.000000 2578.083740 0.000000 0.646251 0.000000 0.763125 0.418438 0.418438 0.418438
1536.073120 0.000000 2580.358398 0.000000 0.762693 0.000000 0.646761 0.538313 0.538313 0.538313
1542.113892 0.000000 2580.755371 0.000000 0.768723 0.000000 0.639581 0.432461 0.432461 0.432461
1710.917847 0.000000 2506.627197 0.000000 0.813131 0.000000 0.582080 0.540363 0.540363 0.540363
1712.887695 0.000000 2510.187988 0.000000 0.885977 0.000000 0.463729 0.394198 0.394198 0.394198
1709.456909 0.000000 2546.010498 0.000000 0.730964 0.000000 0.682416 0.442676 0.442676 0.442676
1690.132568 0.000000 2576.248779 0.000000 0.864586 0.000000 0.502485 0.537096 0.537096 0.537096
1687.871582 0.000000 2581.277832 0.000000 0.596082 0.000000 0.802924 0.459673 0.459673 0.459673
1702.386963 0.000000 2564.145020 0.000000 0.701073 0.000000 0.713089 0.508471 0.508471 0.508471
1561.924683 0.000000 2651.521729 0.000000 0.891674 0.000000 0.452679 0.487440 0.487440 0.487440
1562.661499 0.000000 2619.718994 0.000000 0.828860 0.000000 0.559457 0.503647 0.503647 0.503647
1551.712891 0.000000 2616.895508 0.000000 0.674461 0.000000 0.738311 0.446828 0.446828 0.446828
1553.983643 0.000000 2619.649414 0.000000 0.692632 0.000000 0.721291 0.508204 0.508204 0.508204
1562.772095 0.000000 2648.191650 0.000000 0.635993 0.000000 0.771695 0.390438 0.390438 0.390438
1552.764038 0.000000 2614.233154 0.000000 0.942931 0.000000 0.332988 0.421158 0.421158 0.421158
1610.048218 0.000000 2643.781494 0.000000 0.939409 0.000000 0.342797 0.401816 0.401816 0.401816
1633.639404 0.000000 2628.318848 0.000000 0.942166 0.000000 0.335147 0.553065 0.553065 0.553065
1618.852783 0.000000 2634.888672 0.000000 0.646609 0.000000 0.762822 0.401770 0.401770 0.401770
1631.949707 0.000000 2632.537354 0.000000 0.691704 0.000000 0.722181 0.423135 0.423135 0.423135
1615.660034 0.000000 2649.446533 0.000000 0.851922 0.000000 0.523669 0.532741 0.532741 0.532741
1606.827515 0.000000 2654.280029 0.000000 0.819883 0.000000 0.572532 0.482703 0.482703 0.482703
1619.100220 0.000000 2651.028076 0.000000 0.836784 0.000000 0.547533 0.436270 0.436270 0.436270
1614.452148 0.000000 2653.875977 0.000000 0.798875 0.000000 0.601497 0.582437 0.582437 0.582437
1594.134033 0.000000 2682.229980 0.000000 0.762721 0.000000 0.646727 0.456580 0.456580 0.456580
1572.050049 0.000000 2691.055176 0.000000 0.774541 0.000000 0.632524 0.395107 0.395107 0.395107
1583.365356 0.000000 2685.569336 0.000000 0.720460 0.000000 0.693497 0.442407 0.442407 0.442407
1558.596802 0.000000 2675.296875 0.000000 0.876076 0.000000 0.482174 0.393117 0.393117 0.393117
1598.018555 0.000000 2680.660645 0.000000 0.892362 0.000000 0.451321 0.405821 0.405821 0.405821
1578.451904 0.000000 2689.699707 0.000000 0.891673 0.000000 0.452681 0.432426 0.432426 0.432426
1600.205078 0.000000 2677.184326 0.000000 0.831181 0.000000 0.556002 0.544890 0.544890 0.544890
1679.347534 0.000000 2598.565430 0.000000 0.698155 0.000000 0.715946 0.406535 0.406535 0.406535
1389.901245 0.000000 2712.204346 0.000000 0.946529 0.000000 0.322619 0.395571 0.395571 0.395571
1434.844482 0.000000 2712.967529 0.000000 0.749778 0.000000 0.661689 0.480396 0.480396 0.480396
1965.233887 0.000000 2793.631592 0.000000 0.891455 0.000000 0.453110 0.441917 0.441917 0.441917
1957.084961 0.000000 2782.531982 0.000000 0.853415 0.000000 0.521232 0.392745 0.392745 0.392745
1971.720459 0.000000 2805.606201 0.000000 0.906970 0.000000 0.421195 0.394226 0.394226 0.394226
1976.634888 0.000000 2803.522949 0.000000 0.844488 0.000000 0.535574 0.402496 0.402496 0.402496
1966.917847 0.000000 2789.049072 0.000000 0.817924 0.000000 0.575326 0.430057 0.430057 0.430057
1968.887695 0.000000 2792.609863 0.000000 0.879828 0.000000 0.475292 0.393100 0.393100 0.393100
1964.877319 0.000000 2801.521240 0.000000 0.606161 0.000000 0.795342 0.402844 0.402844 0.402844
1962.478760 0.000000 2793.471436 0.000000 0.759645 0.000000 0.650338 0.421004 0.421004 0.421004
2017.639404 0.000000 2797.771973 0.000000 0.675239 0.000000 0.737599 0.400479 0.400479 0.400479
2010.840820 0.000000 2794.438721 0.000000 0.662949 0.000000 0.748664 0.496279 0.496279 0.496279
2014.599976 0.000000 2817.437988 0.000000 0.866544 0.000000 0.499100 0.392694 0.392694 0.392694
2033.158813 0.000000 2802.362793 0.000000 0.751808 0.000000 0.659382 0.473022 0.473022 0.473022
2019.373291 0.000000 2794.677734 0.000000 0.927627 0.000000 0.373509 0.407085 0.407085 0.407085
2010.616211 0.000000 2791.816895 0.000000 0.840092 0.000000 0.542444 0.423163 0.423163 0.423163
1965.901245 0.000000 2825.173096 0.000000 0.947190 0.000000 0.320673 0.494203 0.494203 0.494203
1965.456909 0.000000 2828.432373 0.000000 0.934669 0.000000 0.355519 0.395868 0.395868 0.395868
1970.542358 0.000000 2830.017334 0.000000 0.635988 0.000000 0.771699 0.524747 0.524747 0.524747
2174.112061 0.000000 2246.809326 0.000000 0.620640 0.000000 0.784096 0.478606 0.478606 0.478606
2165.811279 0.000000 2244.189697 0.000000 0.661175 0.000000 0.750232 0.407626 0.407626 0.407626
2170.107422 0.000000 2258.091064 0.000000 0.652686 0.000000 0.757629 0.448150 0.448150 0.448150
2182.656738 0.000000 2251.708496 0.000000 0.600647 0.000000 0.799515 0.478089 0.478089 0.478089
2190.569336 0.000000 2236.659424 0.000000 0.643486 0.000000 0.765458 0.422080 0.422080 0.422080
2236.341309 0.000000 2256.058350 0.000000 0.898309 0.000000 0.439365 0.487745 0.487745 0.487745
2173.449707 0.000000 2268.861084 0.000000 0.828011 0.000000 0.560712 0.484871 0.484871 0.484871
2170.815186 0.000000 2266.944092 0.000000 0.772690 0.000000 0.634784 0.451265 0.451265 0.451265
2191.347656 0.000000 2259.659180 0.000000 0.923608 0.000000 0.383338 0.437509 0.437509 0.437509
2213.084961 0.000000 2274.172607 0.000000 0.623767 0.000000 0.781611 0.467684 0.467684 0.467684
2237.042236 0.000000 2315.033203 0.000000 0.789913 0.000000 0.613219 0.462991 0.462991 0.462991
2213.993652 0.000000 2288.938232 0.000000 0.665769 0.000000 0.746158 0.405863 0.405863 0.405863
2234.875244 0.000000 2259.529541 0.000000 0.629825 0.000000 0.776737 0.427331 0.427331 0.427331
2231.010986 0.000000 2314.327881 0.000000 0.660875 0.000000 0.750496 0.394620 0.394620 0.394620
2218.451904 0.000000 2294.309082 0.000000 0.722095 0.000000 0.691794 0.481416 0.481416 0.481416
2214.885986 0.000000 2303.536621 0.000000 0.911515 0.000000 0.411267 0.535822 0.535822 0.535822
2282.064209 0.000000 2310.698730 0.000000 0.625260 0.000000 0.780416 0.549877 0.549877 0.549877
2249.807861 0.000000 2295.080566 0.000000 0.804454 0.000000 0.594015 0.446574 0.446574 0.446574
2276.675781 0.000000 2292.217041 0.000000 0.903739 0.000000 0.428084 0.413830 0.413830 0.413830
2282.699707 0.000000 2299.753906 0.000000 0.593381 0.000000 0.804921 0.477903 0.477903 0.477903
2278.737793 0.000000 2297.852783 0.000000 0.906110 0.000000 0.423041 0.499502 0.499502 0.499502
2242.892334 0.000000 2297.576172 0.000000 0.681077 0.000000 0.732212 0.480237 0.480237 0.480237
2196.950195 0.000000 2325.028564 0.000000 0.597274 0.000000 0.802037 0.387918 0.387918 0.387918
2233.915771 0.000000 2326.574219 0.000000 0.858615 0.000000 0.512621 0.676673 0.676673 0.676673
2218.549316 0.000000 2326.970703 0.000000 0.659516 0.000000 0.751690 0.435379 0.435379 0.435379
2247.674561 0.000000 2339.805420 0.000000 0.934409 0.000000 0.356201 0.441827 0.441827 0.441827
2284.186279 0.000000 2363.567627 0.000000 0.684030 0.000000 0.729454 0.478476 0.478476 0.478476
2272.909180 0.000000 2358.102783 0.000000 0.589588 0.000000 0.807704 0.387136 0.387136 0.387136
2241.476562 0.000000 2322.318115 0.000000 0.944445 0.000000 0.328669 0.444244 0.444244 0.444244
2279.675293 0.000000 2370.633301 0.000000 0.731256 0.000000 0.682103 0.451985 0.451985 0.451985
2271.822266 0.000000 2341.920410 0.000000 0.626892 0.000000 0.779106 0.421730 0.421730 0.421730
2276.176514 0.000000 2359.878906 0.000000 0.872045 0.000000 0.489426 0.450675 0.450675 0.450675
2253.152832 0.000000 2361.090332 0.000000 0.902194 0.000000 0.431330 0.419491 0.419491 0.419491
2271.430420 0.000000 2383.115723 0.000000 0.894972 0.000000 0.446122 0.393789 0.393789 0.393789
2271.822266 0.000000 2398.404785 0.000000 0.651667 0.000000 0.758506 0.425955 0.425955 0.425955
2269.234619 0.000000 2396.052490 0.000000 0.725608 0.000000 0.688108 0.451835 0.451835 0.451835
2290.616699 0.000000 2418.396973 0.000000 0.650056 0.000000 0.759886 0.425920 0.425920 0.425920
2314.048096 0.000000 2417.843994 0.000000 0.813375 0.000000 0.581739 0.414870 0.414870 0.414870
2309.569092 0.000000 2376.361572 0.000000 0.880693 0.000000 0.473688 0.568015 0.568015 0.568015
2317.646240 0.000000 2413.090088 0.000000 0.853425 0.000000 0.521216 0.392526 0.392526 0.392526
2336.693359 0.000000 2424.332031 0.000000 0.860919 0.000000 0.508742 0.463497 0.463497 0.463497
2317.152832 0.000000 2417.574707 0.000000 0.791534 0.000000 0.611125 0.449941 0.449941 0.449941
2317.467529 0.000000 2444.383301 0.000000 0.795432 0.000000 0.606043 0.391418 0.391418 0.391418
2356.449951 0.000000 2461.588623 0.000000 0.917714 0.000000 0.397241 0.545678 0.545678 0.545678
2313.437988 0.000000 2429.645752 0.000000 0.927279 0.000000 0.374370 0.466317 0.466317 0.466317
2350.917725 0.000000 2450.142822 0.000000 0.794609 0.000000 0.607122 0.404979 0.404979 0.404979
2332.683105 0.000000 2442.261963 0.000000 0.859517 0.000000 0.511107 0.440779 0.440779 0.440779
2352.763672 0.000000 2468.634521 0.000000 0.938065 0.000000 0.346460 0.463054 0.463054 0.463054
2327.871582 0.000000 2468.309082 0.000000 0.801050 0.000000 0.598597 0.476440 0.476440 0.476440
2316.424805 0.000000 2447.247803 0.000000 0.825430 0.000000 0.564505 0.409537 0.409537 0.409537
2312.260498 0.000000 2437.833740 0.000000 0.949323 0.000000 0.314302 0.461768 0.461768 0.461768
2314.423096 0.000000 2452.575684 0.000000 0.794891 0.000000 0.606752 0.418146 0.418146 0.418146
2389.428223 0.000000 2461.175781 0.000000 0.919102 0.000000 0.394020 0.479249 0.479249 0.479249
2370.164551 0.000000 2448.199707 0.000000 0.920983 0.000000 0.389604 0.464101 0.464101 0.464101
2375.651123 0.000000 2446.315430 0.000000 0.752073 0.000000 0.659080 0.452552 0.452552 0.452552
2394.549072 0.000000 2470.141113 0.000000 0.770786 0.000000 0.637094 0.395022 0.395022 0.395022
2384.913574 0.000000 2461.398193 0.000000 0.837871 0.000000 0.545868 0.392014 0.392014 0.392014
2409.206787 0.000000 2493.856201 0.000000 0.858283 0.000000 0.513176 0.486025 0.486025 0.486025
2399.430420 0.000000 2496.084473 0.000000 0.925181 0.000000 0.379525 0.431847 0.431847 0.431847
2394.616699 0.000000 2491.521973 0.000000 0.898920 0.000000 0.438112 0.417469 0.417469 0.417469
2167.033203 0.000000 2749.697998 0.000000 0.616521 0.000000 0.787338 0.419669 0.419669 0.419669
2170.107422 0.000000 2822.934814 0.000000 0.936331 0.000000 0.351118 0.497350 0.497350 0.497350
2208.264404 0.000000 2733.118408 0.000000 0.943142 0.000000 0.332389 0.676739 0.676739 0.676739
2176.290283 0.000000 2745.615234 0.000000 0.616134 0.000000 0.787641 0.387909 0.387909 0.387909
2179.716309 0.000000 2752.356201 0.000000 0.661631 0.000000 0.749829 0.426174 0.426174 0.426174
2198.690430 0.000000 2739.266846 0.000000 0.922905 0.000000 0.385029 0.631247 0.631247 0.631247
2192.913574 0.000000 2743.820068 0.000000 0.662625 0.000000 0.748951 0.392794 0.392794 0.392794
2218.064209 0.000000 2762.573730 0.000000 0.623761 0.000000 0.781615 0.533469 0.533469 0.533469
2187.937012 0.000000 2744.019287 0.000000 0.695678 0.000000 0.718354 0.543198 0.543198 0.543198
2212.219971 0.000000 2751.407471 0.000000 0.886960 0.000000 0.461846 0.413254 0.413254 0.413254
2217.927490 0.000000 2755.983154 0.000000 0.682960 0.000000 0.730455 0.581093 0.581093 0.581093
2192.310547 0.000000 2736.044678 0.000000 0.931585 0.000000 0.363523 0.683074 0.683074 0.683074
2212.176514 0.000000 2755.269531 0.000000 0.927163 0.000000 0.374658 0.517764 0.517764 0.517764
2212.675781 0.000000 2744.092041 0.000000 0.794639 0.000000 0.607083 0.416260 0.416260 0.416260
2211.373291 0.000000 2738.193359 0.000000 0.850285 0.000000 0.526322 0.423469 0.423469 0.423469
2200.763672 0.000000 2741.981201 0.000000 0.874350 0.000000 0.485296 0.397654 0.397654 0.397654
2250.048096 0.000000 2756.750244 0.000000 0.611590 0.000000 0.791175 0.410339 0.410339 0.410339
2246.599365 0.000000 2764.350830 0.000000 0.728516 0.000000 0.685029 0.431441 0.431441 0.431441
2247.693115 0.000000 2743.082520 0.000000 0.834740 0.000000 0.550644 0.647381 0.647381 0.647381
2244.861816 0.000000 2739.204590 0.000000 0.843707 0.000000 0.536804 0.447804 0.447804 0.447804
2261.636475 0.000000 2765.752197 0.000000 0.742712 0.000000 0.669611 0.422460 0.422460 0.422460
2244.219482 0.000000 2743.884033 0.000000 0.832635 0.000000 0.553822 0.421058 0.421058 0.421058
2249.349609 0.000000 2763.805176 0.000000 0.866166 0.000000 0.499756 0.552198 0.552198 0.552198
2243.898438 0.000000 2764.006592 0.000000 0.840527 0.000000 0.541770 0.677337 0.677337 0.677337
2247.173340 0.000000 2740.456787 0.000000 0.678120 0.000000 0.734951 0.666166 0.666166 0.666166
2194.736816 0.000000 2817.855469 0.000000 0.899419 0.000000 0.437088 0.393834 0.393834 0.393834
2230.803467 0.000000 2769.800537 0.000000 0.916468 0.000000 0.400108 0.394636 0.394636 0.394636
2227.915527 0.000000 2779.775635 0.000000 0.948195 0.000000 0.317689 0.432930 0.432930 0.432930
2186.048096 0.000000 2813.234619 0.000000 0.588494 0.000000 0.808501 0.577529 0.577529 0.577529
2203.221924 0.000000 2813.762939 0.000000 0.843470 0.000000 0.537176 0.425152 0.425152 0.425152
2182.599365 0.000000 2820.835205 0.000000 0.874532 0.000000 0.484967 0.424237 0.424237 0.424237
2192.020752 0.000000 2811.962646 0.000000 0.852021 0.000000 0.523507 0.392572 0.392572 0.392572
2177.469238 0.000000 2822.282471 0.000000 0.798644 0.000000 0.601804 0.495042 0.495042 0.495042
2230.117188 0.000000 2774.755859 0.000000 0.793750 0.000000 0.608244 0.433135 0.433135 0.433135
2234.165039 0.000000 2790.285156 0.000000 0.896704 0.000000 0.442630 0.425003 0.425003 0.425003
2222.917725 0.000000 2789.049072 0.000000 0.923137 0.000000 0.384471 0.394581 0.394581 0.394581
2181.569092 0.000000 2771.752197 0.000000 0.632895 0.000000 0.774237 0.539224 0.539224 0.539224
2189.333984 0.000000 2772.063721 0.000000 0.835394 0.000000 0.549652 0.419250 0.419250 0.419250
2234.875244 0.000000 2767.888916 0.000000 0.786070 0.000000 0.618137 0.664678 0.664678 0.664678
2220.817139 0.000000 2777.260254 0.000000 0.683787 0.000000 0.729682 0.663982 0.663982 0.663982
2224.446289 0.000000 2778.565186 0.000000 0.889311 0.000000 0.457303 0.680951 0.680951 0.680951
2227.006592 0.000000 2776.179443 0.000000 0.748015 0.000000 0.663682 0.435660 0.435660 0.435660
2193.653076 0.000000 2776.203857 0.000000 0.852595 0.000000 0.522573 0.457536 0.457536 0.457536
2226.335205 0.000000 2788.627441 0.000000 0.728478 0.000000 0.685069 0.610411 0.610411 0.610411
2182.656738 0.000000 2816.552246 0.000000 0.950370 0.000000 0.311123 0.635719 0.635719 0.635719
2201.163818 0.000000 2823.593750 0.000000 0.761842 0.000000 0.647763 0.471464 0.471464 0.471464
2188.244629 0.000000 2818.351074 0.000000 0.856938 0.000000 0.515420 0.461464 0.461464 0.461464
2195.100342 0.000000 2820.481201 0.000000 0.921445 0.000000 0.388508 0.448866 0.448866 0.448866
2181.178223 0.000000 2793.104492 0.000000 0.821801 0.000000 0.569775 0.512726 0.512726 0.512726
2243.834473 0.000000 2767.736816 0.000000 0.862540 0.000000 0.505988 0.572632 0.572632 0.572632
2253.467529 0.000000 2783.289551 0.000000 0.736670 0.000000 0.676253 0.396151 0.396151 0.396151
2254.716309 0.000000 2777.468018 0.000000 0.857723 0.000000 0.514113 0.628398 0.628398 0.628398
2249.437988 0.000000 2768.552002 0.000000 0.599058 0.000000 0.800706 0.606703 0.606703 0.606703
2266.661621 0.000000 2789.172119 0.000000 0.888642 0.000000 0.458601 0.451300 0.451300 0.451300
2269.587891 0.000000 2787.402100 0.000000 0.734010 0.000000 0.679139 0.608839 0.608839 0.608839
2251.269287 0.000000 2777.064453 0.000000 0.850054 0.000000 0.526696 0.675280 0.675280 0.675280
2264.358154 0.000000 2776.245361 0.000000 0.835477 0.000000 0.549525 0.398471 0.398471 0.398471
2257.653076 0.000000 2776.203857 0.000000 0.939967 0.000000 0.341266 0.594778 0.594778 0.594778
2252.424805 0.000000 2786.154053 0.000000 0.938236 0.000000 0.345995 0.686046 0.686046 0.686046
2250.448242 0.000000 2771.339355 0.000000 0.605223 0.000000 0.796056 0.518341 0.518341 0.518341
2264.982666 0.000000 2771.608154 0.000000 0.919206 0.000000 0.393777 0.543875 0.543875 0.543875
2246.201904 0.000000 2779.247070 0.000000 0.876676 0.000000 0.481082 0.507548 0.507548 0.507548
2262.908936 0.000000 2778.734131 0.000000 0.949977 0.000000 0.312319 0.523095 0.523095 0.523095
2163.915527 0.000000 2836.260010 0.000000 0.909220 0.000000 0.416317 0.503456 0.503456 0.503456
2169.915771 0.000000 2834.933594 0.000000 0.749397 0.000000 0.662121 0.535959 0.535959 0.535959
2160.446289 0.000000 2835.049561 0.000000 0.828193 0.000000 0.560442 0.460467 0.460467 0.460467
2140.683105 0.000000 2837.652588 0.000000 0.844562 0.000000 0.535458 0.470440 0.470440 0.470440
2140.263916 0.000000 2833.514893 0.000000 0.855069 0.000000 0.518514 0.404685 0.404685 0.404685
2163.006592 0.000000 2832.663818 0.000000 0.819799 0.000000 0.572652 0.501426 0.501426 0.501426
2170.815186 0.000000 2831.787842 0.000000 0.772839 0.000000 0.634602 0.570153 0.570153 0.570153
2147.895264 0.000000 2836.732422 0.000000 0.590379 0.000000 0.807126 0.448542 0.448542 0.448542
2179.834473 0.000000 2824.221191 0.000000 0.893050 0.000000 0.449958 0.483714 0.483714 0.483714
2214.270752 0.000000 2825.625732 0.000000 0.733549 0.000000 0.679637 0.476194 0.476194 0.476194
2198.797119 0.000000 2825.193359 0.000000 0.839198 0.000000 0.543825 0.438231 0.438231 0.438231
2181.569092 0.000000 2828.236572 0.000000 0.720130 0.000000 0.693839 0.418198 0.418198 0.418198
2176.173096 0.000000 2826.043457 0.000000 0.755926 0.000000 0.654657 0.460114 0.460114 0.460114
2182.297607 0.000000 2825.566895 0.000000 0.735979 0.000000 0.677004 0.424165 0.424165 0.424165
2538.064209 0.000000 2819.058105 0.000000 0.910058 0.000000 0.414481 0.499703 0.499703 0.499703
2621.042236 0.000000 2936.361328 0.000000 0.823439 0.000000 0.567404 0.497820 0.497820 0.497820
2654.600098 0.000000 2930.406738 0.000000 0.655852 0.000000 0.754890 0.499742 0.499742 0.499742
2655.822266 0.000000 2906.764160 0.000000 0.902160 0.000000 0.431403 0.451842 0.451842 0.451842
2692.061279 0.000000 2896.912842 0.000000 0.794058 0.000000 0.607843 0.390931 0.390931 0.390931
2665.206787 0.000000 2945.731201 0.000000 0.652389 0.000000 0.757884 0.418567 0.418567 0.418567
6013.935547 0.000000 3475.576904 0.000000 0.741501 0.000000 0.670951 0.638437 0.638437 0.638437
6006.755859 0.000000 3471.642334 0.000000 0.794787 0.000000 0.606889 0.517272 0.517272 0.517272
6069.008789 0.000000 3433.284424 0.000000 0.914978 0.000000 0.403504 0.681491 0.681491 0.681491
6080.073242 0.000000 3427.624023 0.000000 0.725193 0.000000 0.688545 0.580991 0.580991 0.580991
6118.643555 0.000000 3440.764648 0.000000 0.691758 0.000000 0.722129 0.430564 0.430564 0.430564
6047.949707 0.000000 3479.802979 0.000000 0.901018 0.000000 0.433783 0.408017 0.408017 0.408017
6019.605469 0.000000 3468.823486 0.000000 0.937604 0.000000 0.347706 0.403659 0.403659 0.403659
6042.132812 0.000000 3479.998779 0.000000 0.930140 0.000000 0.367206 0.451182 0.451182 0.451182
6046.841309 0.000000 3477.178955 0.000000 0.832794 0.000000 0.553584 0.445566 0.445566 0.445566
6093.467773 0.000000 3461.102051 0.000000 0.669244 0.000000 0.743043 0.455939 0.455939 0.455939
6143.419434 0.000000 3467.418945 0.000000 0.911352 0.000000 0.411628 0.450327 0.450327 0.450327
6130.317383 0.000000 3448.738037 0.000000 0.887638 0.000000 0.460543 0.587229 0.587229 0.587229
6096.913574 0.000000 3478.116943 0.000000 0.678407 0.000000 0.734687 0.417269 0.417269 0.417269
6139.875488 0.000000 3459.753174 0.000000 0.742434 0.000000 0.669919 0.555978 0.555978 0.555978
6092.652344 0.000000 3470.973633 0.000000 0.863217 0.000000 0.504833 0.510709 0.510709 0.510709
6086.798828 0.000000 3459.813965 0.000000 0.737225 0.000000 0.675648 0.557612 0.557612 0.557612
6089.939941 0.000000 3460.835205 0.000000 0.640669 0.000000 0.767817 0.660988 0.660988 0.660988
6092.424805 0.000000 3463.966553 0.000000 0.679807 0.000000 0.733391 0.465443 0.465443 0.465443
6132.969238 0.000000 3449.904785 0.000000 0.680991 0.000000 0.732291 0.400595 0.400595 0.400595
6101.228027 0.000000 3483.451904 0.000000 0.861432 0.000000 0.507872 0.676261 0.676261 0.676261
6087.173340 0.000000 3474.753662 0.000000 0.729546 0.000000 0.683932 0.485344 0.485344 0.485344
5939.521484 0.000000 3586.524414 0.000000 0.948181 0.000000 0.317731 0.685591 0.685591 0.685591
5948.880859 0.000000 3581.745361 0.000000 0.866026 0.000000 0.499999 0.508952 0.508952 0.508952
5943.542480 0.000000 3581.645508 0.000000 0.829675 0.000000 0.558246 0.676039 0.676039 0.676039
5998.271484 0.000000 3595.804199 0.000000 0.649249 0.000000 0.760576 0.579779 0.579779 0.579779
5996.817383 0.000000 3568.041504 0.000000 0.639227 0.000000 0.769018 0.508409 0.508409 0.508409
6034.736816 0.000000 3552.152344 0.000000 0.865674 0.000000 0.500609 0.473116 0.473116 0.473116
6026.048340 0.000000 3547.531494 0.000000 0.906820 0.000000 0.421518 0.680610 0.680610 0.680610
6132.885254 0.000000 3553.782471 0.000000 0.775499 0.000000 0.631348 0.533253 0.533253 0.533253
6106.661621 0.000000 3523.468994 0.000000 0.593536 0.000000 0.804807 0.411831 0.411831 0.411831
6129.044434 0.000000 3550.715088 0.000000 0.649073 0.000000 0.760726 0.653793 0.653793 0.653793
6023.693359 0.000000 3590.348145 0.000000 0.750618 0.000000 0.660736 0.587595 0.587595 0.587595
6042.840820 0.000000 3585.219971 0.000000 0.796493 0.000000 0.604648 0.508021 0.508021 0.508021
6042.661621 0.000000 3579.953369 0.000000 0.595705 0.000000 0.803203 0.638809 0.638809 0.638809
6038.596680 0.000000 3579.046875 0.000000 0.934908 0.000000 0.354891 0.664504 0.664504 0.664504
6094.124512 0.000000 3587.524414 0.000000 0.689757 0.000000 0.724041 0.500754 0.500754 0.500754
6114.074219 0.000000 3564.035400 0.000000 0.868641 0.000000 0.495441 0.393012 0.393012 0.393012
6132.969238 0.000000 3562.873535 0.000000 0.825751 0.000000 0.564035 0.413319 0.413319 0.413319
6116.294922 0.000000 3562.172363 0.000000 0.936987 0.000000 0.349364 0.451520 0.451520 0.451520
6163.298340 0.000000 3463.494141 0.000000 0.898042 0.000000 0.439910 0.400293 0.400293 0.400293
6169.550293 0.000000 3457.148193 0.000000 0.772874 0.000000 0.634559 0.455006 0.455006 0.455006
6175.822266 0.000000 3471.607910 0.000000 0.815092 0.000000 0.579332 0.672464 0.672464 0.672464
6145.602051 0.000000 3475.920166 0.000000 0.843030 0.000000 0.537867 0.515470 0.515470 0.515470
6172.683105 0.000000 3458.980713 0.000000 0.638355 0.000000 0.769742 0.550323 0.550323 0.550323
6179.373047 0.000000 3472.490234 0.000000 0.877580 0.000000 0.479430 0.648402 0.648402 0.648402
6205.449707 0.000000 3568.001709 0.000000 0.604073 0.000000 0.796929 0.545543 0.545543 0.545543
6165.228027 0.000000 3596.420654 0.000000 0.943751 0.000000 0.330656 0.674910 0.674910 0.674910
6286.124512 0.000000 3531.040039 0.000000 0.800055 0.000000 0.599926 0.399466 0.399466 0.399466
6288.913574 0.000000 3534.601318 0.000000 0.731730 0.000000 0.681594 0.608734 0.608734 0.608734
6273.602051 0.000000 3532.404541 0.000000 0.649149 0.000000 0.760661 0.579775 0.579775 0.579775
6368.909180 0.000000 3544.274658 0.000000 0.849809 0.000000 0.527091 0.676133 0.676133 0.676133
6299.974121 0.000000 3590.245117 0.000000 0.757283 0.000000 0.653087 0.460153 0.460153 0.460153
6303.949707 0.000000 3592.771729 0.000000 0.824420 0.000000 0.565979 0.527784 0.527784 0.527784
6381.255371 0.000000 3613.391113 0.000000 0.692869 0.000000 0.721064 0.491637 0.491637 0.491637
6377.927734 0.000000 3603.248779 0.000000 0.833755 0.000000 0.552134 0.464415 0.464415 0.464415
6372.176270 0.000000 3602.535156 0.000000 0.926776 0.000000 0.375615 0.527253 0.527253 0.527253
6374.885742 0.000000 3602.677246 0.000000 0.639352 0.000000 0.768914 0.583026 0.583026 0.583026
6400.290527 0.000000 3592.880859 0.000000 0.657979 0.000000 0.753036 0.667218 0.667218 0.667218
6451.521484 0.000000 3586.524414 0.000000 0.918512 0.000000 0.395392 0.433473 0.433473 0.433473
6400.110840 0.000000 3568.880127 0.000000 0.641605 0.000000 0.767035 0.541333 0.541333 0.541333
6406.113770 0.000000 3597.474121 0.000000 0.895822 0.000000 0.444412 0.443985 0.443985 0.443985
6629.084961 0.000000 3516.828857 0.000000 0.631791 0.000000 0.775139 0.489895 0.489895 0.489895
6670.189453 0.000000 3594.959473 0.000000 0.605613 0.000000 0.795759 0.660920 0.660920 0.660920
"}
object={
	name="pine_sparse_generator_1_2"
	clamp_to_water_level=no
	render_under_water=no
	generated_content=yes
	layer="semidynamic"
	pdxmesh="tree_fir_003_mesh"
	count=342
	transform="1278.612427 0.000000 2536.952881 0.000000 0.957562 0.000000 -0.288226 0.439037 0.439037 0.439037
1272.579102 0.000000 2534.474854 0.000000 0.952287 0.000000 -0.305204 0.477356 0.477356 0.477356
1268.391968 0.000000 2533.699219 0.000000 0.963973 0.000000 -0.265999 0.460617 0.460617 0.460617
1274.165039 0.000000 2564.347656 0.000000 0.988084 0.000000 -0.153919 0.535927 0.535927 0.535927
1278.830811 0.000000 2589.031982 0.000000 0.985417 0.000000 -0.170158 0.589979 0.589979 0.589979
1279.419312 0.000000 2620.153320 0.000000 0.999900 0.000000 0.014143 0.699403 0.699403 0.699403
1277.524414 0.000000 2603.794678 0.000000 0.975479 0.000000 0.220092 0.498302 0.498302 0.498302
1279.419312 0.000000 2676.637695 0.000000 0.996107 0.000000 -0.088148 0.522550 0.522550 0.522550
1273.915649 0.000000 2665.480469 0.000000 0.953405 0.000000 -0.301693 0.404162 0.404162 0.404162
1275.875732 0.000000 2668.971924 0.000000 0.998102 0.000000 0.061578 0.495797 0.495797 0.495797
1264.763550 0.000000 2694.572021 0.000000 0.953674 0.000000 -0.300843 0.589644 0.589644 0.589644
1269.610352 0.000000 2690.258545 0.000000 0.989313 0.000000 -0.145807 0.513929 0.513929 0.513929
1293.152710 0.000000 2587.027832 0.000000 0.984142 0.000000 -0.177380 0.600132 0.600132 0.600132
1282.492065 0.000000 2545.386475 0.000000 0.997823 0.000000 0.065953 0.536679 0.536679 0.536679
1522.281372 0.000000 2528.381592 0.000000 0.997008 0.000000 0.077303 0.483775 0.483775 0.483775
1533.042114 0.000000 2540.970703 0.000000 0.999989 0.000000 -0.004669 0.700204 0.700204 0.700204
1462.117310 0.000000 2548.818359 0.000000 0.986452 0.000000 -0.164050 0.470677 0.470677 0.470677
1459.006592 0.000000 2550.241943 0.000000 0.991863 0.000000 0.127313 0.422528 0.422528 0.422528
1466.815186 0.000000 2549.365967 0.000000 0.979550 0.000000 -0.201201 0.423683 0.423683 0.423683
1509.443237 0.000000 2561.598877 0.000000 0.999998 0.000000 0.002196 0.644046 0.644046 0.644046
1525.757935 0.000000 2561.161621 0.000000 0.993219 0.000000 -0.116256 0.436196 0.436196 0.436196
1501.587891 0.000000 2561.464600 0.000000 0.956886 0.000000 -0.290463 0.507099 0.507099 0.507099
1511.553711 0.000000 2558.999268 0.000000 0.972400 0.000000 -0.233322 0.501881 0.501881 0.501881
1483.269287 0.000000 2551.126953 0.000000 0.955458 0.000000 -0.295128 0.419172 0.419172 0.419172
1511.443970 0.000000 2553.086182 0.000000 0.984621 0.000000 0.174707 0.570823 0.570823 0.570823
1485.243652 0.000000 2549.038086 0.000000 0.977503 0.000000 -0.210923 0.425822 0.425822 0.425822
1299.921631 0.000000 2622.606689 0.000000 0.984609 0.000000 0.174769 0.528290 0.528290 0.528290
1287.651001 0.000000 2615.768555 0.000000 0.995667 0.000000 0.092990 0.530199 0.530199 0.530199
1305.550537 0.000000 2609.882568 0.000000 0.984806 0.000000 0.173659 0.693000 0.693000 0.693000
1283.605225 0.000000 2621.557861 0.000000 0.994263 0.000000 -0.106965 0.412356 0.412356 0.412356
1322.157837 0.000000 2621.117432 0.000000 0.998274 0.000000 -0.058727 0.702593 0.702593 0.702593
1280.173096 0.000000 2600.105957 0.000000 0.999312 0.000000 -0.037083 0.641391 0.641391 0.641391
1289.888916 0.000000 2653.546387 0.000000 0.959287 0.000000 0.282434 0.688341 0.688341 0.688341
1291.269287 0.000000 2607.611328 0.000000 0.985568 0.000000 0.169283 0.429626 0.429626 0.429626
1309.536743 0.000000 2638.294434 0.000000 0.999955 0.000000 -0.009480 0.532572 0.532572 0.532572
1292.424805 0.000000 2616.700928 0.000000 0.970127 0.000000 0.242596 0.476631 0.476631 0.476631
1302.343750 0.000000 2615.673584 0.000000 0.965073 0.000000 -0.261980 0.458548 0.458548 0.458548
1282.892212 0.000000 2636.482422 0.000000 0.995764 0.000000 -0.091951 0.703798 0.703798 0.703798
1296.764038 0.000000 2614.233154 0.000000 0.955411 0.000000 -0.295279 0.511212 0.511212 0.511212
1290.423096 0.000000 2622.028809 0.000000 0.999980 0.000000 -0.006388 0.514845 0.514845 0.514845
1286.297607 0.000000 2599.629395 0.000000 0.989232 0.000000 -0.146355 0.460445 0.460445 0.460445
1305.163940 0.000000 2654.140625 0.000000 0.962731 0.000000 0.270460 0.449142 0.449142 0.449142
1309.260010 0.000000 2632.550537 0.000000 0.993126 0.000000 0.117052 0.595668 0.595668 0.595668
1318.386963 0.000000 2620.629395 0.000000 0.987129 0.000000 -0.159924 0.474566 0.474566 0.474566
1299.100220 0.000000 2651.028076 0.000000 0.998768 0.000000 -0.049626 0.533501 0.533501 0.533501
1354.048218 0.000000 2643.781494 0.000000 0.967102 0.000000 -0.254389 0.510317 0.510317 0.510317
1372.116333 0.000000 2653.696777 0.000000 0.989832 0.000000 0.142242 0.534869 0.534869 0.534869
1321.423462 0.000000 2687.187744 0.000000 0.999084 0.000000 -0.042794 0.400573 0.400573 0.400573
1313.639404 0.000000 2684.803223 0.000000 0.979302 0.000000 0.202402 0.581637 0.581637 0.581637
1281.476685 0.000000 2661.224365 0.000000 0.995757 0.000000 0.092026 0.576932 0.576932 0.576932
1302.690430 0.000000 2682.782471 0.000000 0.983741 0.000000 0.179595 0.397475 0.397475 0.397475
1283.605225 0.000000 2678.042236 0.000000 0.962726 0.000000 -0.270478 0.502667 0.502667 0.502667
1313.456543 0.000000 2668.690430 0.000000 0.989142 0.000000 -0.146963 0.587350 0.587350 0.587350
1313.860474 0.000000 2663.506836 0.000000 0.999997 0.000000 0.002347 0.438197 0.438197 0.438197
1291.443359 0.000000 2684.752686 0.000000 0.968376 0.000000 0.249496 0.410947 0.410947 0.410947
1286.297607 0.000000 2656.113770 0.000000 0.974076 0.000000 0.226220 0.613641 0.613641 0.613641
1322.451904 0.000000 2689.699707 0.000000 0.962917 0.000000 -0.269796 0.500653 0.500653 0.500653
1370.132568 0.000000 2689.217529 0.000000 0.957704 0.000000 -0.287754 0.485019 0.485019 0.485019
1357.152710 0.000000 2699.996582 0.000000 0.965940 0.000000 0.258768 0.405017 0.405017 0.405017
1380.294800 0.000000 2658.422363 0.000000 0.975386 0.000000 -0.220506 0.499619 0.499619 0.499619
1366.908936 0.000000 2665.765381 0.000000 0.970209 0.000000 -0.242271 0.472147 0.472147 0.472147
1386.451904 0.000000 2689.699707 0.000000 0.992831 0.000000 -0.119528 0.651984 0.651984 0.651984
1439.273193 0.000000 2653.157715 0.000000 0.966624 0.000000 -0.256198 0.462433 0.462433 0.462433
1436.116333 0.000000 2653.696777 0.000000 0.992453 0.000000 0.122622 0.416765 0.416765 0.416765
1498.840820 0.000000 2624.985596 0.000000 0.990086 0.000000 0.140462 0.490292 0.490292 0.490292
1481.163696 0.000000 2637.582031 0.000000 0.989124 0.000000 -0.147086 0.450557 0.450557 0.450557
1502.599976 0.000000 2647.984863 0.000000 0.995964 0.000000 0.089758 0.469891 0.469891 0.469891
1513.606079 0.000000 2635.762695 0.000000 0.995796 0.000000 -0.091598 0.500911 0.500911 0.500911
1485.646240 0.000000 2639.027588 0.000000 0.985106 0.000000 -0.171950 0.402347 0.402347 0.402347
1479.290527 0.000000 2641.126465 0.000000 0.968349 0.000000 -0.249599 0.486254 0.486254 0.486254
1508.675659 0.000000 2631.123291 0.000000 0.991560 0.000000 0.129649 0.632134 0.632134 0.632134
1514.451904 0.000000 2633.215332 0.000000 0.985518 0.000000 0.169572 0.493570 0.493570 0.493570
1494.697754 0.000000 2644.799805 0.000000 0.984017 0.000000 0.178074 0.640216 0.640216 0.640216
1415.693237 0.000000 2686.598145 0.000000 0.989916 0.000000 0.141657 0.404813 0.404813 0.404813
1422.146729 0.000000 2676.619141 0.000000 0.989752 0.000000 -0.142796 0.668652 0.668652 0.668652
1430.302124 0.000000 2659.819580 0.000000 0.966892 0.000000 -0.255187 0.468401 0.468401 0.468401
1449.764648 0.000000 2683.089844 0.000000 0.979644 0.000000 0.200744 0.417500 0.417500 0.417500
1417.807983 0.000000 2690.471191 0.000000 0.954436 0.000000 -0.298416 0.601641 0.601641 0.601641
1432.358154 0.000000 2663.276611 0.000000 0.993693 0.000000 -0.112131 0.519131 0.519131 0.519131
1440.693359 0.000000 2706.753906 0.000000 0.972996 0.000000 -0.230824 0.418179 0.418179 0.418179
1433.163940 0.000000 2710.625000 0.000000 0.998183 0.000000 0.060248 0.454822 0.454822 0.454822
1427.958252 0.000000 2661.478271 0.000000 0.983226 0.000000 -0.182393 0.453153 0.453153 0.453153
1726.112061 0.000000 2416.262451 0.000000 0.991979 0.000000 -0.126406 0.493718 0.493718 0.493718
1732.219482 0.000000 2404.977783 0.000000 0.967649 0.000000 0.252302 0.495685 0.495685 0.495685
1731.168213 0.000000 2416.296387 0.000000 0.993467 0.000000 0.114122 0.477215 0.477215 0.477215
1716.449829 0.000000 2461.588623 0.000000 0.959429 0.000000 0.281950 0.418147 0.418147 0.418147
1716.885132 0.000000 2480.579346 0.000000 0.999813 0.000000 0.019323 0.399740 0.399740 0.399740
1713.044556 0.000000 2477.511963 0.000000 0.985861 0.000000 -0.167563 0.431087 0.431087 0.431087
1708.084717 0.000000 2459.572021 0.000000 0.989240 0.000000 -0.146301 0.490157 0.490157 0.490157
1728.173096 0.000000 2430.652832 0.000000 0.953067 0.000000 -0.302761 0.451285 0.451285 0.451285
1537.476685 0.000000 2548.255615 0.000000 0.952427 0.000000 -0.304766 0.469337 0.469337 0.469337
1545.163696 0.000000 2581.097656 0.000000 0.977488 0.000000 0.210991 0.492706 0.492706 0.492706
1551.660034 0.000000 2592.962158 0.000000 0.997366 0.000000 -0.072532 0.459129 0.459129 0.459129
1549.152710 0.000000 2587.027832 0.000000 0.965596 0.000000 -0.260048 0.604529 0.604529 0.604529
1538.892212 0.000000 2579.998047 0.000000 0.995961 0.000000 -0.089783 0.554178 0.554178 0.554178
1714.281372 0.000000 2528.381592 0.000000 0.969350 0.000000 -0.245683 0.578086 0.578086 0.578086
1709.233887 0.000000 2511.209717 0.000000 0.974070 0.000000 -0.226248 0.403134 0.403134 0.403134
1711.365356 0.000000 2516.116211 0.000000 0.990283 0.000000 0.139065 0.517488 0.517488 0.517488
1711.152222 0.000000 2530.783203 0.000000 0.985723 0.000000 -0.168373 0.425155 0.425155 0.425155
1712.446289 0.000000 2496.143311 0.000000 0.983794 0.000000 0.179301 0.404263 0.404263 0.404263
1712.763550 0.000000 2525.118896 0.000000 0.999412 0.000000 0.034280 0.414195 0.414195 0.414195
1708.193481 0.000000 2506.257080 0.000000 0.982908 0.000000 -0.184097 0.500850 0.500850 0.500850
1705.206665 0.000000 2550.340576 0.000000 0.999001 0.000000 0.044680 0.431637 0.431637 0.431637
1702.465210 0.000000 2566.894531 0.000000 0.999323 0.000000 -0.036794 0.400503 0.400503 0.400503
1677.066528 0.000000 2595.013184 0.000000 0.999258 0.000000 0.038525 0.412175 0.412175 0.412175
1708.193481 0.000000 2562.741455 0.000000 0.958806 0.000000 -0.284063 0.514970 0.514970 0.514970
1564.282104 0.000000 2635.177246 0.000000 0.998978 0.000000 -0.045191 0.413414 0.413414 0.413414
1541.568970 0.000000 2602.299072 0.000000 0.978873 0.000000 -0.204470 0.457515 0.457515 0.457515
1563.115967 0.000000 2616.756592 0.000000 0.988831 0.000000 0.149042 0.474598 0.474598 0.474598
1618.736938 0.000000 2648.402344 0.000000 0.963816 0.000000 0.266569 0.439585 0.439585 0.439585
1613.883423 0.000000 2646.777344 0.000000 0.981512 0.000000 -0.191401 0.489074 0.489074 0.489074
1655.430908 0.000000 2612.158203 0.000000 0.997058 0.000000 -0.076655 0.425701 0.425701 0.425701
1640.221680 0.000000 2618.724609 0.000000 0.996238 0.000000 -0.086661 0.427829 0.427829 0.427829
1569.639404 0.000000 2684.803223 0.000000 0.970401 0.000000 -0.241499 0.454193 0.454193 0.454193
1598.127319 0.000000 2672.205566 0.000000 0.993584 0.000000 -0.113094 0.416396 0.416396 0.416396
1606.297607 0.000000 2656.113770 0.000000 0.986992 0.000000 -0.160769 0.500365 0.500365 0.500365
1673.437988 0.000000 2599.098877 0.000000 0.996143 0.000000 0.087747 0.458236 0.458236 0.458236
1430.797119 0.000000 2712.224609 0.000000 0.983333 0.000000 0.181815 0.692300 0.692300 0.692300
1958.720825 0.000000 2814.468994 0.000000 0.963105 0.000000 -0.269125 0.472658 0.472658 0.472658
1976.851562 0.000000 2799.346680 0.000000 0.999999 0.000000 0.001430 0.459778 0.459778 0.459778
1960.221680 0.000000 2788.177734 0.000000 0.988464 0.000000 0.151455 0.486189 0.486189 0.486189
1975.542480 0.000000 2790.864258 0.000000 0.971134 0.000000 0.238536 0.442001 0.442001 0.442001
1964.193481 0.000000 2788.678955 0.000000 0.999734 0.000000 -0.023083 0.521101 0.521101 0.521101
2019.530884 0.000000 2818.322998 0.000000 0.991523 0.000000 0.129933 0.398302 0.398302 0.398302
2005.428101 0.000000 2800.082031 0.000000 0.985607 0.000000 -0.169051 0.402324 0.402324 0.402324
1987.716309 0.000000 2808.840576 0.000000 0.992187 0.000000 -0.124763 0.426452 0.426452 0.426452
1998.124634 0.000000 2796.743164 0.000000 0.989490 0.000000 0.144599 0.398102 0.398102 0.398102
2020.050049 0.000000 2804.023926 0.000000 0.995391 0.000000 -0.095904 0.401285 0.401285 0.401285
2025.764648 0.000000 2796.058594 0.000000 0.955303 0.000000 0.295628 0.400609 0.400609 0.400609
2020.219849 0.000000 2807.891846 0.000000 0.968914 0.000000 -0.247397 0.403433 0.403433 0.403433
2028.877319 0.000000 2801.521240 0.000000 0.999761 0.000000 0.021881 0.428086 0.428086 0.428086
1961.206665 0.000000 2832.762451 0.000000 0.973642 0.000000 -0.228082 0.403091 0.403091 0.403091
2162.281250 0.000000 2245.959717 0.000000 0.999962 0.000000 0.008767 0.414575 0.414575 0.414575
2169.614258 0.000000 2255.271729 0.000000 0.994483 0.000000 -0.104896 0.471555 0.471555 0.471555
2171.742432 0.000000 2240.567627 0.000000 0.963681 0.000000 -0.267058 0.432696 0.432696 0.432696
2172.718994 0.000000 2244.122070 0.000000 0.972543 0.000000 -0.232724 0.462004 0.462004 0.462004
2165.008789 0.000000 2247.112549 0.000000 0.992107 0.000000 0.125397 0.494484 0.494484 0.494484
2190.189453 0.000000 2239.334473 0.000000 0.993177 0.000000 -0.116615 0.499452 0.499452 0.499452
2199.427979 0.000000 2251.885986 0.000000 0.999960 0.000000 0.008903 0.438089 0.438089 0.438089
2189.883301 0.000000 2251.386719 0.000000 0.999972 0.000000 -0.007488 0.438358 0.438358 0.438358
2193.114990 0.000000 2257.450439 0.000000 0.988371 0.000000 -0.152059 0.500184 0.500184 0.500184
2176.390625 0.000000 2246.440674 0.000000 0.986127 0.000000 -0.165994 0.500473 0.500473 0.500473
2234.308594 0.000000 2247.490234 0.000000 0.963329 0.000000 -0.268325 0.502621 0.502621 0.502621
2175.290771 0.000000 2259.780029 0.000000 0.965516 0.000000 -0.260343 0.418633 0.418633 0.418633
2168.851562 0.000000 2290.987305 0.000000 0.987610 0.000000 -0.156929 0.500285 0.500285 0.500285
2173.524414 0.000000 2321.372803 0.000000 0.998871 0.000000 0.047514 0.468727 0.468727 0.468727
2172.365723 0.000000 2318.587158 0.000000 0.998353 0.000000 -0.057367 0.498234 0.498234 0.498234
2236.270508 0.000000 2307.708740 0.000000 0.988171 0.000000 0.153356 0.412410 0.412410 0.412410
2197.034912 0.000000 2300.092041 0.000000 0.991341 0.000000 0.131315 0.494362 0.494362 0.494362
2214.465332 0.000000 2284.472656 0.000000 0.954472 0.000000 -0.298301 0.457207 0.457207 0.457207
2239.290771 0.000000 2259.780029 0.000000 0.961903 0.000000 0.273392 0.406723 0.406723 0.406723
2210.139648 0.000000 2261.101318 0.000000 0.994058 0.000000 -0.108854 0.499292 0.499292 0.499292
2212.176514 0.000000 2303.394531 0.000000 0.996653 0.000000 0.081744 0.505128 0.505128 0.505128
2225.098145 0.000000 2273.750977 0.000000 0.995701 0.000000 -0.092627 0.623412 0.623412 0.623412
2225.605713 0.000000 2312.228760 0.000000 0.987075 0.000000 -0.160256 0.403244 0.403244 0.403244
2216.221680 0.000000 2279.818359 0.000000 0.975610 0.000000 0.219509 0.417207 0.417207 0.417207
2234.107422 0.000000 2314.575439 0.000000 0.992543 0.000000 -0.121897 0.442217 0.442217 0.442217
2187.714111 0.000000 2297.378174 0.000000 0.974163 0.000000 0.225844 0.492394 0.492394 0.492394
2187.443359 0.000000 2289.362061 0.000000 0.998956 0.000000 0.045680 0.496123 0.496123 0.496123
2238.830811 0.000000 2306.610107 0.000000 0.974512 0.000000 0.224337 0.613700 0.613700 0.613700
2197.228027 0.000000 2297.280029 0.000000 0.953538 0.000000 0.301273 0.490793 0.490793 0.490793
2236.341309 0.000000 2312.542725 0.000000 0.995699 0.000000 -0.092651 0.550299 0.550299 0.550299
2195.922852 0.000000 2263.174316 0.000000 0.999995 0.000000 -0.003183 0.497124 0.497124 0.497124
2284.186279 0.000000 2307.083252 0.000000 0.961318 0.000000 0.275441 0.499028 0.499028 0.499028
2276.050049 0.000000 2295.664551 0.000000 0.992788 0.000000 0.119881 0.494598 0.494598 0.494598
2240.073242 0.000000 2297.936523 0.000000 0.994396 0.000000 -0.105715 0.404443 0.404443 0.404443
2272.344482 0.000000 2297.692627 0.000000 0.954931 0.000000 0.296827 0.490888 0.490888 0.490888
2263.871582 0.000000 2298.855957 0.000000 0.998557 0.000000 -0.053697 0.427311 0.427311 0.427311
2246.656738 0.000000 2308.192871 0.000000 0.990435 0.000000 0.137977 0.494225 0.494225 0.494225
2282.622314 0.000000 2313.400146 0.000000 0.996877 0.000000 -0.078963 0.437562 0.437562 0.437562
2227.915527 0.000000 2327.900635 0.000000 0.996724 0.000000 0.080876 0.398921 0.398921 0.398921
2177.476562 0.000000 2322.318115 0.000000 0.999293 0.000000 0.037593 0.480645 0.480645 0.480645
2206.773926 0.000000 2332.331055 0.000000 0.997995 0.000000 -0.063288 0.429431 0.429431 0.429431
2231.430908 0.000000 2329.736328 0.000000 0.969440 0.000000 -0.245330 0.710071 0.710071 0.710071
2227.006592 0.000000 2324.304443 0.000000 0.975529 0.000000 -0.219873 0.441873 0.441873 0.441873
2230.469482 0.000000 2326.013428 0.000000 0.971793 0.000000 0.235833 0.565318 0.565318 0.565318
2198.343750 0.000000 2333.251709 0.000000 0.952163 0.000000 0.305592 0.442742 0.442742 0.442742
2203.921387 0.000000 2331.815186 0.000000 0.999474 0.000000 0.032441 0.470963 0.470963 0.470963
2271.430420 0.000000 2326.631348 0.000000 0.996239 0.000000 0.086645 0.473848 0.473848 0.473848
2250.048096 0.000000 2361.359619 0.000000 0.965187 0.000000 0.261562 0.396459 0.396459 0.396459
2267.221924 0.000000 2361.887939 0.000000 0.975766 0.000000 -0.218818 0.473694 0.473694 0.473694
2292.885254 0.000000 2367.610596 0.000000 0.983225 0.000000 0.182397 0.397509 0.397509 0.397509
2254.716309 0.000000 2325.593018 0.000000 0.978190 0.000000 -0.207710 0.483431 0.483431 0.483431
2290.569092 0.000000 2371.833252 0.000000 0.986383 0.000000 0.164465 0.451038 0.451038 0.451038
2245.348877 0.000000 2324.301270 0.000000 0.998280 0.000000 -0.058627 0.486445 0.486445 0.486445
2270.089844 0.000000 2344.794678 0.000000 0.995134 0.000000 -0.098534 0.412232 0.412232 0.412232
2257.653076 0.000000 2324.328857 0.000000 0.963541 0.000000 -0.267562 0.562649 0.562649 0.562649
2259.958252 0.000000 2322.572021 0.000000 0.987685 0.000000 -0.156453 0.500275 0.500275 0.500275
2242.760010 0.000000 2324.973877 0.000000 0.972844 0.000000 -0.231461 0.501841 0.501841 0.501841
2365.733887 0.000000 2463.038330 0.000000 0.990996 0.000000 0.133890 0.486542 0.486542 0.486542
2313.453857 0.000000 2435.147461 0.000000 0.997674 0.000000 -0.068165 0.498456 0.498456 0.498456
2350.271240 0.000000 2466.116699 0.000000 0.955257 0.000000 0.295777 0.450602 0.450602 0.450602
2329.550537 0.000000 2440.429443 0.000000 0.970204 0.000000 -0.242288 0.526027 0.526027 0.526027
2314.276367 0.000000 2449.435547 0.000000 0.995163 0.000000 -0.098233 0.499073 0.499073 0.499073
2362.989014 0.000000 2462.462158 0.000000 0.995696 0.000000 -0.092675 0.467380 0.467380 0.467380
2371.834473 0.000000 2428.830566 0.000000 0.958900 0.000000 -0.283746 0.537002 0.537002 0.537002
2373.569092 0.000000 2432.845947 0.000000 0.992524 0.000000 0.122051 0.449842 0.449842 0.449842
2404.590088 0.000000 2495.319092 0.000000 0.971815 0.000000 -0.235746 0.487971 0.487971 0.487971
2170.989014 0.000000 2744.884033 0.000000 0.985420 0.000000 0.170139 0.433491 0.433491 0.433491
2172.270508 0.000000 2816.068115 0.000000 0.961456 0.000000 -0.274960 0.403825 0.403825 0.403825
2173.042236 0.000000 2823.392578 0.000000 0.997020 0.000000 0.077146 0.606552 0.606552 0.606552
2174.127197 0.000000 2785.174316 0.000000 0.983301 0.000000 -0.181988 0.447192 0.447192 0.447192
2170.815186 0.000000 2775.303467 0.000000 0.997088 0.000000 0.076260 0.433080 0.433080 0.433080
2237.733887 0.000000 2745.460205 0.000000 0.993566 0.000000 -0.113255 0.401513 0.401513 0.401513
2221.255371 0.000000 2766.125488 0.000000 0.999285 0.000000 0.037822 0.399503 0.399503 0.399503
2183.693115 0.000000 2743.082520 0.000000 0.999982 0.000000 -0.005988 0.561917 0.561917 0.561917
2194.408936 0.000000 2739.659424 0.000000 0.996275 0.000000 0.086228 0.696394 0.696394 0.696394
2214.643555 0.000000 2762.952148 0.000000 0.999260 0.000000 -0.038472 0.701479 0.701479 0.701479
2179.168213 0.000000 2755.202637 0.000000 0.982599 0.000000 -0.185740 0.447256 0.447256 0.447256
2183.290527 0.000000 2745.922363 0.000000 0.985493 0.000000 -0.169715 0.550205 0.550205 0.550205
2198.697754 0.000000 2757.768555 0.000000 0.969809 0.000000 0.243866 0.488163 0.488163 0.488163
2214.885986 0.000000 2755.411621 0.000000 0.980219 0.000000 0.197917 0.692131 0.692131 0.692131
2236.341309 0.000000 2764.417725 0.000000 0.971831 0.000000 0.235678 0.459415 0.459415 0.459415
2240.290283 0.000000 2745.615234 0.000000 0.986416 0.000000 0.164268 0.491743 0.491743 0.491743
2243.716309 0.000000 2752.356201 0.000000 0.954399 0.000000 0.298533 0.481262 0.481262 0.481262
2249.163818 0.000000 2750.550781 0.000000 0.996379 0.000000 0.085024 0.398869 0.398869 0.398869
2260.194824 0.000000 2757.162842 0.000000 0.984436 0.000000 -0.175742 0.421305 0.421305 0.421305
2251.937012 0.000000 2744.019287 0.000000 0.982795 0.000000 0.184697 0.439061 0.439061 0.439061
2243.856934 0.000000 2761.322021 0.000000 0.997392 0.000000 -0.072178 0.455182 0.455182 0.455182
2257.116211 0.000000 2758.497559 0.000000 0.955467 0.000000 0.295097 0.510098 0.510098 0.510098
2242.892334 0.000000 2749.451172 0.000000 0.981189 0.000000 -0.193048 0.433482 0.433482 0.433482
2251.443359 0.000000 2741.237061 0.000000 0.999162 0.000000 -0.040941 0.554938 0.554938 0.554938
2243.168213 0.000000 2755.202637 0.000000 0.988994 0.000000 0.147957 0.532795 0.532795 0.532795
2197.428223 0.000000 2800.082031 0.000000 0.998361 0.000000 0.057225 0.466594 0.466594 0.466594
2193.626221 0.000000 2772.943848 0.000000 0.992697 0.000000 -0.120637 0.596531 0.596531 0.596531
2199.427979 0.000000 2816.729736 0.000000 0.993929 0.000000 -0.110025 0.447945 0.447945 0.447945
2199.759277 0.000000 2811.860107 0.000000 0.953610 0.000000 -0.301044 0.525378 0.525378 0.525378
2233.786621 0.000000 2772.259277 0.000000 0.995049 0.000000 0.099382 0.438550 0.438550 0.438550
2237.449707 0.000000 2777.220459 0.000000 0.997357 0.000000 0.072659 0.497520 0.497520 0.497520
2186.748779 0.000000 2809.927246 0.000000 0.998197 0.000000 -0.060025 0.604677 0.604677 0.604677
2234.815186 0.000000 2775.303467 0.000000 0.988772 0.000000 -0.149433 0.438717 0.438717 0.438717
2231.542480 0.000000 2790.864258 0.000000 0.953750 0.000000 -0.300600 0.711979 0.711979 0.711979
2198.697754 0.000000 2814.252930 0.000000 0.993397 0.000000 -0.114732 0.477667 0.477667 0.477667
2260.950195 0.000000 2776.903564 0.000000 0.999988 0.000000 0.004829 0.618481 0.618481 0.618481
2255.347656 0.000000 2768.018555 0.000000 0.996203 0.000000 0.087062 0.643224 0.643224 0.643224
2271.430420 0.000000 2778.506348 0.000000 0.999795 0.000000 -0.020262 0.400273 0.400273 0.400273
2262.797119 0.000000 2768.708984 0.000000 0.968195 0.000000 -0.250197 0.709944 0.709944 0.709944
2245.569092 0.000000 2771.752197 0.000000 0.951102 0.000000 0.308878 0.618652 0.618652 0.618652
2270.227295 0.000000 2772.291748 0.000000 0.999964 0.000000 -0.008439 0.577677 0.577677 0.577677
2240.522217 0.000000 2783.436523 0.000000 0.998885 0.000000 0.047210 0.435506 0.435506 0.435506
2255.712891 0.000000 2786.348633 0.000000 0.964593 0.000000 0.263742 0.560725 0.560725 0.560725
2246.798828 0.000000 2782.001465 0.000000 0.999292 0.000000 -0.037614 0.425094 0.425094 0.425094
2248.260498 0.000000 2776.739990 0.000000 0.979476 0.000000 -0.201559 0.709044 0.709044 0.709044
2267.115967 0.000000 2786.209717 0.000000 0.987080 0.000000 -0.160229 0.706229 0.706229 0.706229
2259.922852 0.000000 2771.533691 0.000000 0.998873 0.000000 -0.047467 0.446882 0.446882 0.446882
2159.844482 0.000000 2831.329102 0.000000 0.979581 0.000000 0.201052 0.397241 0.397241 0.397241
2149.443359 0.000000 2844.020752 0.000000 0.999702 0.000000 0.024425 0.478943 0.478943 0.478943
2148.590088 0.000000 2834.225342 0.000000 0.969124 0.000000 -0.246572 0.403421 0.403421 0.403421
2162.317383 0.000000 2827.409912 0.000000 0.978418 0.000000 0.206635 0.456089 0.456089 0.456089
2174.127197 0.000000 2841.658691 0.000000 0.985589 0.000000 0.169155 0.468397 0.468397 0.468397
2167.430908 0.000000 2838.095703 0.000000 0.960576 0.000000 -0.278018 0.601043 0.601043 0.601043
2185.453857 0.000000 2830.538086 0.000000 0.982607 0.000000 -0.185696 0.402509 0.402509 0.402509
2190.716309 0.000000 2833.952393 0.000000 0.980779 0.000000 -0.195122 0.479208 0.479208 0.479208
2218.134033 0.000000 2828.356201 0.000000 0.991606 0.000000 0.129296 0.420552 0.420552 0.420552
2176.522217 0.000000 2839.920898 0.000000 0.994914 0.000000 -0.100730 0.401401 0.401401 0.401401
2178.492188 0.000000 2827.808350 0.000000 0.992550 0.000000 0.121837 0.422613 0.422613 0.422613
2191.212646 0.000000 2836.672119 0.000000 0.961198 0.000000 -0.275861 0.452807 0.452807 0.452807
2665.423340 0.000000 2913.125244 0.000000 0.954706 0.000000 0.297551 0.554074 0.554074 0.554074
2649.268799 0.000000 2897.112305 0.000000 0.985139 0.000000 0.171760 0.404373 0.404373 0.404373
2673.044678 0.000000 2929.386963 0.000000 0.996514 0.000000 0.083426 0.641398 0.641398 0.641398
2646.343750 0.000000 2898.095459 0.000000 0.987872 0.000000 -0.155270 0.494302 0.494302 0.494302
2660.314209 0.000000 2934.099121 0.000000 0.971729 0.000000 -0.236099 0.591824 0.591824 0.591824
2662.885986 0.000000 2924.864746 0.000000 0.982490 0.000000 -0.186315 0.469107 0.469107 0.469107
2704.020752 0.000000 2924.931396 0.000000 0.992605 0.000000 -0.121391 0.632221 0.632221 0.632221
2618.875244 0.000000 2937.342041 0.000000 0.987800 0.000000 -0.155729 0.474486 0.474486 0.474486
2669.901367 0.000000 2938.141846 0.000000 0.992300 0.000000 0.123856 0.451754 0.451754 0.451754
2682.165039 0.000000 2959.738281 0.000000 0.999773 0.000000 -0.021284 0.446439 0.446439 0.446439
2655.085693 0.000000 2944.816406 0.000000 0.999607 0.000000 -0.028039 0.595890 0.595890 0.595890
6010.133789 0.000000 3473.011230 0.000000 0.995989 0.000000 -0.089476 0.703867 0.703867 0.703867
6014.018555 0.000000 3471.441895 0.000000 0.985712 0.000000 -0.168442 0.706773 0.706773 0.706773
6010.988770 0.000000 3479.180908 0.000000 0.995317 0.000000 0.096663 0.623473 0.623473 0.623473
6066.281250 0.000000 3432.131592 0.000000 0.974778 0.000000 0.223178 0.621422 0.621422 0.621422
6065.044434 0.000000 3437.746338 0.000000 0.988854 0.000000 0.148891 0.474601 0.474601 0.474601
6078.112305 0.000000 3432.981201 0.000000 0.996185 0.000000 -0.087268 0.401204 0.401204 0.401204
6066.616699 0.000000 3435.115723 0.000000 0.974809 0.000000 0.223043 0.663668 0.663668 0.663668
6110.600098 0.000000 3438.766113 0.000000 0.996418 0.000000 -0.084564 0.703403 0.703403 0.703403
6130.569336 0.000000 3445.036377 0.000000 0.962984 0.000000 0.269558 0.453008 0.453008 0.453008
6061.060059 0.000000 3487.938721 0.000000 0.967535 0.000000 0.252736 0.396543 0.396543 0.396543
6038.690430 0.000000 3473.563721 0.000000 0.991874 0.000000 0.127226 0.459470 0.459470 0.459470
6036.724609 0.000000 3475.247314 0.000000 0.999989 0.000000 0.004742 0.455799 0.455799 0.455799
6087.674805 0.000000 3469.492920 0.000000 0.999411 0.000000 -0.034304 0.611799 0.611799 0.611799
6125.901367 0.000000 3446.501221 0.000000 0.975152 0.000000 -0.221539 0.461801 0.461801 0.461801
6137.426758 0.000000 3462.945801 0.000000 0.984348 0.000000 0.176235 0.553390 0.553390 0.553390
6087.650879 0.000000 3463.034180 0.000000 0.987081 0.000000 0.160219 0.692829 0.692829 0.692829
6142.127441 0.000000 3462.986816 0.000000 0.956748 0.000000 -0.290918 0.437084 0.437084 0.437084
6100.194824 0.000000 3491.459717 0.000000 0.994826 0.000000 -0.101590 0.631601 0.631601 0.631601
6130.542480 0.000000 3451.345459 0.000000 0.995445 0.000000 0.095337 0.481473 0.481473 0.481473
6007.430664 0.000000 3515.908203 0.000000 0.998525 0.000000 0.054298 0.435390 0.435390 0.435390
5941.757812 0.000000 3577.880371 0.000000 0.999742 0.000000 0.022707 0.615983 0.615983 0.615983
5938.335449 0.000000 3579.408691 0.000000 0.986794 0.000000 -0.161979 0.707250 0.707250 0.707250
5996.877441 0.000000 3592.302490 0.000000 0.999717 0.000000 0.023786 0.563116 0.563116 0.563116
5994.452148 0.000000 3593.449707 0.000000 0.961305 0.000000 -0.275488 0.653206 0.653206 0.653206
6016.354004 0.000000 3549.999023 0.000000 0.994861 0.000000 -0.101253 0.401403 0.401403 0.401403
6020.957031 0.000000 3548.198242 0.000000 0.951129 0.000000 0.308795 0.415792 0.415792 0.415792
6029.883301 0.000000 3550.527344 0.000000 0.998895 0.000000 0.046996 0.470691 0.470691 0.470691
6016.390625 0.000000 3545.581299 0.000000 0.986280 0.000000 -0.165084 0.462764 0.462764 0.462764
6019.856934 0.000000 3552.103271 0.000000 0.988835 0.000000 0.149016 0.548271 0.548271 0.548271
6026.276367 0.000000 3522.638672 0.000000 0.973760 0.000000 0.227576 0.673093 0.673093 0.673093
6026.749023 0.000000 3544.224121 0.000000 0.991424 0.000000 -0.130683 0.444341 0.444341 0.444341
6031.660156 0.000000 3553.196533 0.000000 0.998915 0.000000 0.046579 0.589877 0.589877 0.589877
6110.089844 0.000000 3530.966553 0.000000 0.977328 0.000000 -0.211730 0.441737 0.441737 0.441737
6041.268555 0.000000 3574.924805 0.000000 0.997217 0.000000 -0.074548 0.534078 0.534078 0.534078
6134.803711 0.000000 3560.581787 0.000000 0.999926 0.000000 0.012203 0.399831 0.399831 0.399831
6134.117188 0.000000 3565.537109 0.000000 0.998517 0.000000 -0.054441 0.606485 0.606485 0.606485
6116.193359 0.000000 3565.974609 0.000000 0.999993 0.000000 -0.003751 0.628548 0.628548 0.628548
6144.290527 0.000000 3479.912109 0.000000 0.959407 0.000000 0.282026 0.504641 0.504641 0.504641
6163.921875 0.000000 3469.872314 0.000000 0.954879 0.000000 -0.296994 0.404171 0.404171 0.404171
6151.693359 0.000000 3477.379395 0.000000 0.998668 0.000000 -0.051589 0.515830 0.515830 0.515830
6153.095215 0.000000 3457.534180 0.000000 0.977276 0.000000 0.211970 0.490755 0.490755 0.490755
6160.913574 0.000000 3478.116943 0.000000 0.983000 0.000000 0.183605 0.423581 0.423581 0.423581
6181.993652 0.000000 3475.110107 0.000000 0.966560 0.000000 -0.256439 0.422558 0.422558 0.422558
6166.596680 0.000000 3466.078125 0.000000 0.978536 0.000000 0.206078 0.691204 0.691204 0.691204
6197.757812 0.000000 3464.911621 0.000000 0.977684 0.000000 0.210083 0.533244 0.533244 0.533244
6167.828125 0.000000 3469.723633 0.000000 0.954595 0.000000 0.297905 0.687841 0.687841 0.687841
6190.165527 0.000000 3463.089111 0.000000 0.986727 0.000000 0.162386 0.692731 0.692731 0.692731
6173.234863 0.000000 3469.255615 0.000000 0.966137 0.000000 0.258028 0.689487 0.689487 0.689487
6174.089844 0.000000 3474.482178 0.000000 0.999784 0.000000 0.020771 0.451601 0.451601 0.451601
6151.290527 0.000000 3480.219238 0.000000 0.983947 0.000000 -0.178462 0.506692 0.506692 0.506692
6169.268555 0.000000 3518.440430 0.000000 0.995155 0.000000 -0.098321 0.621609 0.621609 0.621609
6196.392090 0.000000 3550.417969 0.000000 0.982180 0.000000 -0.187945 0.648280 0.648280 0.648280
6158.189453 0.000000 3594.959473 0.000000 0.997767 0.000000 -0.066794 0.429486 0.429486 0.429486
6207.683594 0.000000 3571.556152 0.000000 0.968733 0.000000 0.248105 0.534245 0.534245 0.534245
6165.035156 0.000000 3599.232666 0.000000 0.963834 0.000000 0.266503 0.512672 0.512672 0.512672
6279.650879 0.000000 3519.518555 0.000000 0.998905 0.000000 -0.046782 0.513758 0.513758 0.513758
6281.424316 0.000000 3529.905029 0.000000 0.972321 0.000000 -0.233650 0.543797 0.543797 0.543797
6284.652344 0.000000 3527.458008 0.000000 0.985687 0.000000 0.168586 0.601910 0.601910 0.601910
6276.219238 0.000000 3534.665283 0.000000 0.987361 0.000000 -0.158489 0.705033 0.705033 0.705033
6272.205078 0.000000 3524.449951 0.000000 0.970870 0.000000 0.239606 0.468981 0.468981 0.468981
6298.132812 0.000000 3536.483154 0.000000 0.996906 0.000000 0.078599 0.452548 0.452548 0.452548
6279.290527 0.000000 3536.703613 0.000000 0.985751 0.000000 -0.168209 0.663561 0.663561 0.663561
6369.638184 0.000000 3548.799805 0.000000 0.989821 0.000000 0.142316 0.494135 0.494135 0.494135
6397.524414 0.000000 3564.029053 0.000000 0.967973 0.000000 -0.251053 0.498261 0.498261 0.498261
6394.815430 0.000000 3566.084717 0.000000 0.996722 0.000000 -0.080905 0.415913 0.415913 0.415913
6374.737793 0.000000 3596.993408 0.000000 0.997453 0.000000 -0.071333 0.449257 0.449257 0.449257
6610.853027 0.000000 3482.154297 0.000000 0.981711 0.000000 0.190379 0.397322 0.397322 0.397322
6462.830566 0.000000 3605.750732 0.000000 0.954655 0.000000 -0.297715 0.517280 0.517280 0.517280
6630.386719 0.000000 3524.379395 0.000000 0.998795 0.000000 -0.049085 0.441008 0.441008 0.441008
6634.581543 0.000000 3577.320557 0.000000 0.992270 0.000000 0.124095 0.502283 0.502283 0.502283
6598.202148 0.000000 3570.028320 0.000000 0.999954 0.000000 0.009553 0.571318 0.571318 0.571318
6666.048340 0.000000 3604.015869 0.000000 0.985867 0.000000 0.167530 0.630914 0.630914 0.630914
6665.597656 0.000000 3608.391113 0.000000 0.979988 0.000000 -0.199058 0.628685 0.628685 0.628685
7730.317383 0.000000 2940.378662 0.000000 0.960407 0.000000 0.278599 0.396180 0.396180 0.396180
"}
object={
	name="pine_sparse_generator_1_3"
	clamp_to_water_level=no
	render_under_water=no
	generated_content=yes
	layer="semidynamic"
	pdxmesh="tree_fir_004_mesh"
	count=355
	transform="1270.872192 0.000000 2531.646973 0.000000 0.742099 0.000000 -0.670290 0.722570 0.722570 0.722570
1273.614258 0.000000 2537.693604 0.000000 0.920151 0.000000 -0.391563 0.406639 0.406639 0.406639
1271.879395 0.000000 2528.507324 0.000000 0.894502 0.000000 -0.447064 0.522772 0.522772 0.522772
1273.729980 0.000000 2582.586426 0.000000 0.817077 0.000000 -0.576528 0.503496 0.503496 0.503496
1278.127319 0.000000 2559.236816 0.000000 0.930445 0.000000 -0.366430 0.619858 0.619858 0.619858
1268.612793 0.000000 2557.508789 0.000000 0.900416 0.000000 -0.435030 0.701695 0.701695 0.701695
1278.888184 0.000000 2578.421875 0.000000 0.941782 0.000000 -0.336225 0.427830 0.427830 0.427830
1274.815186 0.000000 2605.850342 0.000000 0.710242 0.000000 -0.703957 0.414018 0.414018 0.414018
1279.683594 0.000000 2667.806152 0.000000 0.874585 0.000000 -0.484872 0.695516 0.695516 0.695516
1268.449829 0.000000 2687.526123 0.000000 0.823088 0.000000 -0.567914 0.462422 0.462422 0.462422
1273.426636 0.000000 2672.164551 0.000000 0.939809 0.000000 -0.341702 0.405885 0.405885 0.405885
1262.271362 0.000000 2692.054199 0.000000 0.925765 0.000000 -0.378098 0.466725 0.466725 0.466725
1279.290771 0.000000 2655.170654 0.000000 0.684443 0.000000 -0.729067 0.513786 0.513786 0.513786
1272.851562 0.000000 2686.377930 0.000000 0.676946 0.000000 -0.736033 0.418794 0.418794 0.418794
1276.365845 0.000000 2657.493408 0.000000 0.873501 0.000000 -0.486823 0.507470 0.507470 0.507470
1280.226196 0.000000 2536.629395 0.000000 0.751185 0.000000 -0.660092 0.642537 0.642537 0.642537
1290.048218 0.000000 2587.297119 0.000000 0.669028 0.000000 -0.743238 0.512135 0.512135 0.512135
1296.020752 0.000000 2586.025146 0.000000 0.770744 0.000000 -0.637145 0.480349 0.480349 0.480349
1285.003174 0.000000 2577.924805 0.000000 0.621263 0.000000 -0.783602 0.453013 0.453013 0.453013
1293.883423 0.000000 2590.292969 0.000000 0.890934 0.000000 -0.454133 0.719565 0.719565 0.719565
1532.270508 0.000000 2533.646240 0.000000 0.769122 0.000000 -0.639102 0.602215 0.602215 0.602215
1534.612427 0.000000 2536.952881 0.000000 0.673717 0.000000 -0.738989 0.641695 0.641695 0.641695
1527.010986 0.000000 2540.265381 0.000000 0.735015 0.000000 -0.678051 0.508182 0.508182 0.508182
1469.524414 0.000000 2547.310303 0.000000 0.946187 0.000000 -0.323619 0.404344 0.404344 0.404344
1504.264404 0.000000 2563.665283 0.000000 0.933345 0.000000 -0.358981 0.715015 0.715015 0.715015
1520.887695 0.000000 2566.672363 0.000000 0.695836 0.000000 -0.718201 0.509314 0.509314 0.509314
1516.877319 0.000000 2575.583740 0.000000 0.943987 0.000000 -0.329982 0.413715 0.413715 0.413715
1521.098145 0.000000 2556.172852 0.000000 0.714419 0.000000 -0.699718 0.422150 0.422150 0.422150
1530.815186 0.000000 2549.365967 0.000000 0.910378 0.000000 -0.413778 0.672276 0.672276 0.672276
1520.015381 0.000000 2569.578369 0.000000 0.593874 0.000000 -0.804558 0.516202 0.516202 0.516202
1510.386963 0.000000 2564.145020 0.000000 0.751318 0.000000 -0.659940 0.732119 0.732119 0.732119
1491.958252 0.000000 2548.509521 0.000000 0.920575 0.000000 -0.390565 0.493169 0.493169 0.493169
1474.759888 0.000000 2550.911377 0.000000 0.802104 0.000000 -0.597184 0.467136 0.467136 0.467136
1305.268799 0.000000 2614.690430 0.000000 0.852601 0.000000 -0.522562 0.475723 0.475723 0.475723
1305.924683 0.000000 2651.521729 0.000000 0.882271 0.000000 -0.470742 0.610976 0.610976 0.610976
1294.124634 0.000000 2627.290039 0.000000 0.903241 0.000000 -0.429135 0.506140 0.506140 0.506140
1281.469238 0.000000 2652.829346 0.000000 0.735879 0.000000 -0.677113 0.512289 0.512289 0.512289
1311.949707 0.000000 2632.537354 0.000000 0.642576 0.000000 -0.766222 0.473309 0.473309 0.473309
1292.652466 0.000000 2623.708008 0.000000 0.716942 0.000000 -0.697133 0.432373 0.432373 0.432373
1295.712891 0.000000 2616.895508 0.000000 0.871128 0.000000 -0.491056 0.673155 0.673155 0.673155
1304.358154 0.000000 2606.792236 0.000000 0.893442 0.000000 -0.449179 0.555318 0.555318 0.555318
1309.075928 0.000000 2650.681396 0.000000 0.876143 0.000000 -0.482052 0.660497 0.660497 0.660497
1291.714111 0.000000 2636.284424 0.000000 0.779501 0.000000 -0.626402 0.482147 0.482147 0.482147
1306.616211 0.000000 2622.363770 0.000000 0.840949 0.000000 -0.541114 0.535341 0.535341 0.535341
1300.109741 0.000000 2609.970947 0.000000 0.883860 0.000000 -0.467752 0.444200 0.444200 0.444200
1357.152710 0.000000 2643.512207 0.000000 0.936479 0.000000 -0.350723 0.530566 0.530566 0.530566
1308.282104 0.000000 2691.661621 0.000000 0.638525 0.000000 -0.769601 0.664245 0.664245 0.664245
1299.921631 0.000000 2679.091064 0.000000 0.831224 0.000000 -0.555937 0.564448 0.564448 0.564448
1325.901245 0.000000 2655.719971 0.000000 0.902619 0.000000 -0.430440 0.471788 0.471788 0.471788
1318.270874 0.000000 2656.172607 0.000000 0.907331 0.000000 -0.420417 0.505943 0.505943 0.505943
1294.124634 0.000000 2683.774414 0.000000 0.853076 0.000000 -0.521786 0.407647 0.407647 0.407647
1294.146729 0.000000 2676.619141 0.000000 0.877398 0.000000 -0.479763 0.476848 0.476848 0.476848
1287.651001 0.000000 2672.252930 0.000000 0.702412 0.000000 -0.711771 0.410559 0.410559 0.410559
1310.773926 0.000000 2671.237305 0.000000 0.726048 0.000000 -0.687644 0.426010 0.426010 0.426010
1317.443237 0.000000 2674.567627 0.000000 0.694756 0.000000 -0.719246 0.436973 0.436973 0.436973
1305.550537 0.000000 2666.366943 0.000000 0.910310 0.000000 -0.413927 0.469440 0.469440 0.469440
1322.133911 0.000000 2658.903076 0.000000 0.948341 0.000000 -0.317253 0.503669 0.503669 0.503669
1311.949707 0.000000 2689.021729 0.000000 0.705889 0.000000 -0.708323 0.703432 0.703432 0.703432
1310.227295 0.000000 2659.322998 0.000000 0.937660 0.000000 -0.347555 0.436037 0.436037 0.436037
1280.522339 0.000000 2670.467773 0.000000 0.742042 0.000000 -0.670354 0.530708 0.530708 0.530708
1312.344604 0.000000 2693.083252 0.000000 0.921766 0.000000 -0.387747 0.501177 0.501177 0.501177
1324.877319 0.000000 2688.552490 0.000000 0.811374 0.000000 -0.584528 0.509842 0.509842 0.509842
1295.712891 0.000000 2673.379883 0.000000 0.698444 0.000000 -0.715665 0.649069 0.649069 0.649069
1309.565796 0.000000 2698.064453 0.000000 0.880007 0.000000 -0.474961 0.464585 0.464585 0.464585
1309.234741 0.000000 2678.474365 0.000000 0.651003 0.000000 -0.759075 0.439960 0.439960 0.439960
1280.205078 0.000000 2677.184326 0.000000 0.830164 0.000000 -0.557519 0.578874 0.578874 0.578874
1311.085693 0.000000 2662.394531 0.000000 0.687529 0.000000 -0.726157 0.445380 0.445380 0.445380
1309.536743 0.000000 2694.778809 0.000000 0.638572 0.000000 -0.769562 0.487955 0.487955 0.487955
1324.084717 0.000000 2685.509521 0.000000 0.900705 0.000000 -0.434432 0.658752 0.658752 0.658752
1282.492065 0.000000 2658.355225 0.000000 0.781464 0.000000 -0.623950 0.585121 0.585121 0.585121
1389.255371 0.000000 2709.641113 0.000000 0.599231 0.000000 -0.800576 0.412421 0.412421 0.412421
1369.268799 0.000000 2671.174805 0.000000 0.773614 0.000000 -0.633657 0.409012 0.409012 0.409012
1400.634888 0.000000 2690.554199 0.000000 0.879374 0.000000 -0.476132 0.414021 0.414021 0.414021
1385.897095 0.000000 2654.793945 0.000000 0.679880 0.000000 -0.733324 0.670924 0.670924 0.670924
1393.098145 0.000000 2669.141602 0.000000 0.951005 0.000000 -0.309175 0.549666 0.549666 0.549666
1389.456909 0.000000 2658.979248 0.000000 0.873236 0.000000 -0.487297 0.519686 0.519686 0.519686
1384.221680 0.000000 2675.208984 0.000000 0.947127 0.000000 -0.320859 0.459622 0.459622 0.459622
1371.921387 0.000000 2670.721436 0.000000 0.602305 0.000000 -0.798266 0.543231 0.543231 0.543231
1437.075928 0.000000 2650.681396 0.000000 0.949940 0.000000 -0.312433 0.477498 0.477498 0.477498
1498.548950 0.000000 2639.594238 0.000000 0.894291 0.000000 -0.447485 0.549176 0.549176 0.549176
1493.636475 0.000000 2652.783447 0.000000 0.661087 0.000000 -0.750310 0.411524 0.411524 0.411524
1506.040283 0.000000 2616.586182 0.000000 0.599360 0.000000 -0.800480 0.412790 0.412790 0.412790
1516.877319 0.000000 2632.068115 0.000000 0.738110 0.000000 -0.674681 0.468904 0.468904 0.468904
1498.772095 0.000000 2648.191650 0.000000 0.623213 0.000000 -0.782053 0.609896 0.609896 0.609896
1482.748779 0.000000 2640.474121 0.000000 0.893524 0.000000 -0.449015 0.555314 0.555314 0.555314
1525.610352 0.000000 2633.774170 0.000000 0.862200 0.000000 -0.506569 0.491651 0.491651 0.491651
1483.443359 0.000000 2628.268311 0.000000 0.843854 0.000000 -0.536573 0.425180 0.425180 0.425180
1408.290283 0.000000 2689.130859 0.000000 0.799110 0.000000 -0.601185 0.408760 0.408760 0.408760
1453.233887 0.000000 2680.662842 0.000000 0.930113 0.000000 -0.367274 0.405239 0.405239 0.405239
1444.050049 0.000000 2691.055176 0.000000 0.718957 0.000000 -0.695054 0.426163 0.426163 0.426163
1435.974365 0.000000 2686.495117 0.000000 0.653282 0.000000 -0.757115 0.411365 0.411365 0.411365
1415.290527 0.000000 2697.610840 0.000000 0.882249 0.000000 -0.470784 0.472607 0.472607 0.472607
1425.116211 0.000000 2702.013184 0.000000 0.648854 0.000000 -0.760913 0.541896 0.541896 0.541896
1430.343750 0.000000 2672.157959 0.000000 0.875634 0.000000 -0.482975 0.462718 0.462718 0.462718
1423.212769 0.000000 2667.218994 0.000000 0.729554 0.000000 -0.683924 0.442369 0.442369 0.442369
1415.290405 0.000000 2689.437988 0.000000 0.706662 0.000000 -0.707551 0.732830 0.732830 0.732830
1437.260010 0.000000 2689.034912 0.000000 0.929253 0.000000 -0.369445 0.444445 0.444445 0.444445
1724.718994 0.000000 2413.575195 0.000000 0.913175 0.000000 -0.407568 0.513739 0.513739 0.513739
1732.861816 0.000000 2400.298340 0.000000 0.598085 0.000000 -0.801433 0.644648 0.644648 0.644648
1739.936890 0.000000 2405.113037 0.000000 0.940400 0.000000 -0.340070 0.419879 0.419879 0.419879
1711.152222 0.000000 2474.298828 0.000000 0.636741 0.000000 -0.771078 0.463059 0.463059 0.463059
1714.278564 0.000000 2459.537109 0.000000 0.902129 0.000000 -0.431467 0.492027 0.492027 0.492027
1539.834473 0.000000 2541.799316 0.000000 0.804835 0.000000 -0.593499 0.664808 0.664808 0.664808
1536.290283 0.000000 2576.162109 0.000000 0.864061 0.000000 -0.503388 0.442836 0.442836 0.442836
1549.066528 0.000000 2595.013184 0.000000 0.713803 0.000000 -0.700347 0.410499 0.410499 0.410499
1553.114990 0.000000 2596.356689 0.000000 0.828058 0.000000 -0.560643 0.408053 0.408053 0.408053
1536.110718 0.000000 2552.161377 0.000000 0.611156 0.000000 -0.791510 0.412768 0.412768 0.412768
1546.748779 0.000000 2583.989746 0.000000 0.610484 0.000000 -0.792029 0.718606 0.718606 0.718606
1538.492065 0.000000 2545.386475 0.000000 0.889090 0.000000 -0.457732 0.719526 0.719526 0.719526
1692.282104 0.000000 2578.692871 0.000000 0.596033 0.000000 -0.802960 0.414092 0.414092 0.414092
1706.581665 0.000000 2560.601807 0.000000 0.866018 0.000000 -0.500013 0.579182 0.579182 0.579182
1677.883423 0.000000 2590.292969 0.000000 0.851754 0.000000 -0.523942 0.471682 0.471682 0.471682
1687.538208 0.000000 2578.083740 0.000000 0.589357 0.000000 -0.807872 0.516317 0.516317 0.516317
1673.597778 0.000000 2591.672363 0.000000 0.934641 0.000000 -0.355594 0.510542 0.510542 0.510542
1707.550903 0.000000 2548.596680 0.000000 0.779787 0.000000 -0.626045 0.622492 0.622492 0.622492
1704.221680 0.000000 2562.240234 0.000000 0.870140 0.000000 -0.492805 0.706132 0.706132 0.706132
1713.495239 0.000000 2541.896973 0.000000 0.878661 0.000000 -0.477446 0.541827 0.541827 0.541827
1570.074463 0.000000 2603.801025 0.000000 0.907283 0.000000 -0.420521 0.505946 0.505946 0.505946
1553.626343 0.000000 2603.490723 0.000000 0.698759 0.000000 -0.715357 0.430708 0.430708 0.430708
1623.538208 0.000000 2634.568115 0.000000 0.840034 0.000000 -0.542534 0.594841 0.594841 0.594841
1617.114990 0.000000 2652.841064 0.000000 0.925139 0.000000 -0.379629 0.614195 0.614195 0.614195
1613.152710 0.000000 2643.512207 0.000000 0.756043 0.000000 -0.654522 0.511669 0.511669 0.511669
1630.841187 0.000000 2629.913330 0.000000 0.910630 0.000000 -0.413223 0.562468 0.562468 0.562468
1577.423462 0.000000 2687.187744 0.000000 0.926507 0.000000 -0.376277 0.504958 0.504958 0.504958
1599.683594 0.000000 2667.806152 0.000000 0.656722 0.000000 -0.754133 0.514552 0.514552 0.514552
1566.802368 0.000000 2654.826660 0.000000 0.941061 0.000000 -0.338235 0.404755 0.404755 0.404755
1572.675659 0.000000 2687.607666 0.000000 0.743686 0.000000 -0.668529 0.512051 0.512051 0.512051
1560.763672 0.000000 2685.496826 0.000000 0.905046 0.000000 -0.425313 0.491894 0.491894 0.491894
1586.278564 0.000000 2685.474609 0.000000 0.934970 0.000000 -0.354728 0.504484 0.504484 0.504484
1603.834473 0.000000 2654.768066 0.000000 0.837647 0.000000 -0.546211 0.508890 0.508890 0.508890
1615.347534 0.000000 2655.049805 0.000000 0.916377 0.000000 -0.400317 0.505492 0.505492 0.505492
1669.348755 0.000000 2606.723145 0.000000 0.811732 0.000000 -0.584030 0.434193 0.434193 0.434193
1370.616821 0.000000 2717.459473 0.000000 0.936541 0.000000 -0.350559 0.404918 0.404918 0.404918
1423.844482 0.000000 2714.377197 0.000000 0.659489 0.000000 -0.751714 0.462550 0.462550 0.462550
1970.281372 0.000000 2810.803467 0.000000 0.865973 0.000000 -0.500091 0.442775 0.442775 0.442775
1952.264404 0.000000 2789.602783 0.000000 0.805216 0.000000 -0.592982 0.408462 0.408462 0.408462
1961.423462 0.000000 2800.156494 0.000000 0.642653 0.000000 -0.766158 0.435992 0.435992 0.435992
1981.734009 0.000000 2801.944580 0.000000 0.737103 0.000000 -0.675781 0.410300 0.410300 0.410300
1965.255371 0.000000 2822.609863 0.000000 0.927850 0.000000 -0.372953 0.462603 0.462603 0.462603
1972.449829 0.000000 2800.494873 0.000000 0.729741 0.000000 -0.683724 0.456764 0.456764 0.456764
1959.866577 0.000000 2809.437988 0.000000 0.755986 0.000000 -0.654587 0.409371 0.409371 0.409371
1977.729980 0.000000 2808.523926 0.000000 0.925982 0.000000 -0.377569 0.575665 0.575665 0.575665
1964.186279 0.000000 2815.442627 0.000000 0.925233 0.000000 -0.379399 0.418499 0.418499 0.418499
1965.059937 0.000000 2810.126221 0.000000 0.715145 0.000000 -0.698976 0.442700 0.442700 0.442700
1957.443237 0.000000 2787.536377 0.000000 0.743647 0.000000 -0.668573 0.483173 0.483173 0.483173
1978.165039 0.000000 2790.285156 0.000000 0.909897 0.000000 -0.414834 0.409009 0.409009 0.409009
1971.521606 0.000000 2795.743164 0.000000 0.940935 0.000000 -0.338588 0.405839 0.405839 0.405839
1962.157837 0.000000 2790.570557 0.000000 0.628430 0.000000 -0.777866 0.521574 0.521574 0.521574
1973.811401 0.000000 2809.033447 0.000000 0.802527 0.000000 -0.596616 0.408842 0.408842 0.408842
1954.040283 0.000000 2786.039307 0.000000 0.929234 0.000000 -0.369491 0.440428 0.440428 0.440428
1961.927490 0.000000 2812.467529 0.000000 0.820617 0.000000 -0.571479 0.448218 0.448218 0.448218
1974.755981 0.000000 2793.829834 0.000000 0.884678 0.000000 -0.466203 0.504959 0.504959 0.504959
1958.643433 0.000000 2819.436523 0.000000 0.863736 0.000000 -0.503944 0.410433 0.410433 0.410433
1961.246460 0.000000 2816.046143 0.000000 0.616760 0.000000 -0.787151 0.451030 0.451030 0.451030
1973.610352 0.000000 2803.227295 0.000000 0.701558 0.000000 -0.712612 0.428590 0.428590 0.428590
2025.423462 0.000000 2800.156494 0.000000 0.908084 0.000000 -0.418788 0.405890 0.405890 0.405890
2003.921631 0.000000 2792.059814 0.000000 0.740593 0.000000 -0.671954 0.425691 0.425691 0.425691
2036.449829 0.000000 2800.494873 0.000000 0.860363 0.000000 -0.509681 0.407103 0.407103 0.407103
2016.909058 0.000000 2809.977783 0.000000 0.901821 0.000000 -0.432110 0.423383 0.423383 0.423383
2031.365356 0.000000 2798.538086 0.000000 0.896973 0.000000 -0.442085 0.488208 0.488208 0.488208
2011.974365 0.000000 2799.463867 0.000000 0.619249 0.000000 -0.785195 0.412174 0.412174 0.412174
2002.408936 0.000000 2796.143799 0.000000 0.950057 0.000000 -0.312075 0.475487 0.475487 0.475487
2017.638062 0.000000 2814.502930 0.000000 0.662189 0.000000 -0.749337 0.491528 0.491528 0.491528
2015.822266 0.000000 2793.795410 0.000000 0.710053 0.000000 -0.704148 0.533797 0.533797 0.533797
2020.176392 0.000000 2811.753906 0.000000 0.736773 0.000000 -0.676140 0.433985 0.433985 0.433985
2020.675659 0.000000 2800.576416 0.000000 0.946252 0.000000 -0.323432 0.487745 0.487745 0.487745
2014.089844 0.000000 2796.669678 0.000000 0.918780 0.000000 -0.394770 0.454962 0.454962 0.454962
2014.662720 0.000000 2813.924805 0.000000 0.766452 0.000000 -0.642302 0.425105 0.425105 0.425105
2004.724731 0.000000 2797.434814 0.000000 0.910926 0.000000 -0.412570 0.505766 0.505766 0.505766
1974.117310 0.000000 2831.240234 0.000000 0.844226 0.000000 -0.535988 0.461758 0.461758 0.461758
1963.550903 0.000000 2831.018555 0.000000 0.944354 0.000000 -0.328930 0.503922 0.503922 0.503922
2173.042236 0.000000 2258.548828 0.000000 0.825336 0.000000 -0.564642 0.423651 0.423651 0.423651
2236.270508 0.000000 2251.224365 0.000000 0.828988 0.000000 -0.559266 0.509211 0.509211 0.509211
2233.729980 0.000000 2243.680176 0.000000 0.943033 0.000000 -0.332701 0.487935 0.487935 0.487935
2237.042236 0.000000 2258.548828 0.000000 0.894103 0.000000 -0.447861 0.506567 0.506567 0.506567
2232.634766 0.000000 2238.679199 0.000000 0.929506 0.000000 -0.368808 0.405262 0.405262 0.405262
2234.107422 0.000000 2258.091064 0.000000 0.916933 0.000000 -0.399042 0.448999 0.448999 0.448999
2238.830811 0.000000 2250.125732 0.000000 0.716793 0.000000 -0.697286 0.475641 0.475641 0.475641
2164.449951 0.000000 2292.135498 0.000000 0.703371 0.000000 -0.710823 0.575633 0.575633 0.575633
2175.419434 0.000000 2281.247070 0.000000 0.747360 0.000000 -0.664419 0.511939 0.511939 0.511939
2169.915771 0.000000 2270.089844 0.000000 0.949935 0.000000 -0.312448 0.429444 0.429444 0.429444
2170.165039 0.000000 2281.925781 0.000000 0.851700 0.000000 -0.524030 0.586051 0.586051 0.586051
2162.278564 0.000000 2290.083984 0.000000 0.940445 0.000000 -0.339947 0.552458 0.552458 0.552458
2172.880859 0.000000 2282.604736 0.000000 0.692050 0.000000 -0.721849 0.528113 0.528113 0.528113
2171.206543 0.000000 2289.355713 0.000000 0.651192 0.000000 -0.758913 0.481414 0.481414 0.481414
2217.206787 0.000000 2267.918701 0.000000 0.702980 0.000000 -0.711209 0.410706 0.410706 0.410706
2226.569092 0.000000 2315.348877 0.000000 0.902980 0.000000 -0.429682 0.496034 0.496034 0.496034
2194.973877 0.000000 2260.777832 0.000000 0.627264 0.000000 -0.778807 0.515338 0.515338 0.515338
2220.817139 0.000000 2268.900879 0.000000 0.926154 0.000000 -0.377145 0.405349 0.405349 0.405349
2185.807861 0.000000 2295.080566 0.000000 0.862893 0.000000 -0.505387 0.432736 0.432736 0.432736
2215.553711 0.000000 2276.577393 0.000000 0.631861 0.000000 -0.775081 0.467321 0.467321 0.467321
2266.549072 0.000000 2300.687988 0.000000 0.913792 0.000000 -0.406183 0.405722 0.405722 0.405722
2281.605957 0.000000 2296.856445 0.000000 0.770101 0.000000 -0.637922 0.511224 0.511224 0.511224
2274.996826 0.000000 2315.338379 0.000000 0.621759 0.000000 -0.783208 0.515483 0.515483 0.515483
2279.131348 0.000000 2294.354248 0.000000 0.944933 0.000000 -0.327263 0.495853 0.495853 0.495853
2217.206787 0.000000 2324.403076 0.000000 0.630275 0.000000 -0.776372 0.412383 0.412383 0.412383
2196.109619 0.000000 2327.549072 0.000000 0.763590 0.000000 -0.645701 0.468225 0.468225 0.468225
2260.950195 0.000000 2325.028564 0.000000 0.877661 0.000000 -0.479281 0.408011 0.408011 0.408011
2278.720947 0.000000 2362.593994 0.000000 0.837651 0.000000 -0.546206 0.407761 0.407761 0.407761
2276.219971 0.000000 2356.016846 0.000000 0.935222 0.000000 -0.354063 0.410079 0.410079 0.410079
2274.139648 0.000000 2317.585693 0.000000 0.901096 0.000000 -0.433620 0.455690 0.455690 0.455690
2295.010986 0.000000 2370.812256 0.000000 0.877102 0.000000 -0.480304 0.408027 0.408027 0.408027
2289.605713 0.000000 2368.713135 0.000000 0.910998 0.000000 -0.412411 0.425070 0.425070 0.425070
2281.246582 0.000000 2364.171143 0.000000 0.927891 0.000000 -0.372852 0.504882 0.504882 0.504882
2298.107422 0.000000 2371.059814 0.000000 0.882826 0.000000 -0.469701 0.507070 0.507070 0.507070
2268.683105 0.000000 2385.777588 0.000000 0.824448 0.000000 -0.565938 0.417573 0.417573 0.417573
2334.600098 0.000000 2422.047363 0.000000 0.825954 0.000000 -0.563737 0.503184 0.503184 0.503184
2311.290527 0.000000 2415.188965 0.000000 0.929909 0.000000 -0.367791 0.405190 0.405190 0.405190
2314.748779 0.000000 2414.536621 0.000000 0.743844 0.000000 -0.668354 0.495536 0.495536 0.495536
2332.282227 0.000000 2465.724121 0.000000 0.770742 0.000000 -0.637148 0.409140 0.409140 0.409140
2311.651123 0.000000 2446.315430 0.000000 0.761000 0.000000 -0.648751 0.423184 0.423184 0.423184
2367.097656 0.000000 2468.217285 0.000000 0.609740 0.000000 -0.792602 0.415920 0.415920 0.415920
2327.759277 0.000000 2472.953857 0.000000 0.761241 0.000000 -0.648469 0.484735 0.484735 0.484735
2340.675781 0.000000 2461.670166 0.000000 0.719386 0.000000 -0.694611 0.410659 0.410659 0.410659
2326.908936 0.000000 2439.827881 0.000000 0.868767 0.000000 -0.495221 0.491397 0.491397 0.491397
2377.095459 0.000000 2440.815430 0.000000 0.621571 0.000000 -0.783358 0.436411 0.436411 0.436411
2369.602295 0.000000 2459.201416 0.000000 0.881519 0.000000 -0.472149 0.507127 0.507127 0.507127
2373.963867 0.000000 2449.527100 0.000000 0.810305 0.000000 -0.586008 0.495535 0.495535 0.495535
2400.693359 0.000000 2480.816406 0.000000 0.819574 0.000000 -0.572974 0.429910 0.429910 0.429910
2374.201904 0.000000 2440.340820 0.000000 0.871790 0.000000 -0.489879 0.434483 0.434483 0.434483
2389.175049 0.000000 2464.046143 0.000000 0.867360 0.000000 -0.497681 0.444757 0.444757 0.444757
2402.074463 0.000000 2490.832275 0.000000 0.949174 0.000000 -0.314753 0.529713 0.529713 0.529713
2398.227295 0.000000 2489.869873 0.000000 0.644933 0.000000 -0.764239 0.542011 0.542011 0.542011
2403.895264 0.000000 2497.826172 0.000000 0.906092 0.000000 -0.423082 0.445404 0.445404 0.445404
2404.193115 0.000000 2492.771484 0.000000 0.715809 0.000000 -0.698296 0.652505 0.652505 0.652505
3506.616699 0.000000 2418.396973 0.000000 0.733741 0.000000 -0.679429 0.683115 0.683115 0.683115
2175.683594 0.000000 2780.774902 0.000000 0.688419 0.000000 -0.725313 0.486711 0.486711 0.486711
2172.365723 0.000000 2770.462158 0.000000 0.668719 0.000000 -0.743515 0.487212 0.487212 0.487212
2172.341309 0.000000 2820.902100 0.000000 0.880455 0.000000 -0.474130 0.527499 0.527499 0.527499
2190.189453 0.000000 2747.693848 0.000000 0.662650 0.000000 -0.748929 0.539400 0.539400 0.539400
2195.921631 0.000000 2735.575439 0.000000 0.947622 0.000000 -0.319394 0.404415 0.404415 0.404415
2215.866699 0.000000 2752.953613 0.000000 0.657075 0.000000 -0.753825 0.631830 0.631830 0.631830
2214.465332 0.000000 2736.347656 0.000000 0.887274 0.000000 -0.461243 0.406391 0.406391 0.406391
2202.661621 0.000000 2732.687744 0.000000 0.748368 0.000000 -0.663284 0.410139 0.410139 0.410139
2214.720947 0.000000 2757.984619 0.000000 0.815674 0.000000 -0.578512 0.507641 0.507641 0.507641
2233.614258 0.000000 2763.631104 0.000000 0.903263 0.000000 -0.429087 0.433412 0.433412 0.433412
2211.650879 0.000000 2734.192383 0.000000 0.841281 0.000000 -0.540597 0.721709 0.721709 0.721709
2234.107422 0.000000 2766.450439 0.000000 0.797746 0.000000 -0.602993 0.713049 0.713049 0.713049
2238.888184 0.000000 2747.875000 0.000000 0.878869 0.000000 -0.477063 0.709583 0.709583 0.709583
2196.724609 0.000000 2740.950439 0.000000 0.873990 0.000000 -0.485944 0.595109 0.595109 0.595109
2197.175049 0.000000 2746.468018 0.000000 0.818191 0.000000 -0.574946 0.478911 0.478911 0.478911
2241.469238 0.000000 2765.798096 0.000000 0.830672 0.000000 -0.556762 0.525519 0.525519 0.525519
2244.956787 0.000000 2757.416992 0.000000 0.718984 0.000000 -0.695026 0.612612 0.612612 0.612612
2249.597900 0.000000 2761.125488 0.000000 0.906166 0.000000 -0.422922 0.717666 0.717666 0.717666
2253.646240 0.000000 2751.996338 0.000000 0.942870 0.000000 -0.333160 0.714157 0.714157 0.714157
2257.114990 0.000000 2765.809814 0.000000 0.627410 0.000000 -0.778689 0.538332 0.538332 0.538332
2247.290527 0.000000 2754.095215 0.000000 0.915287 0.000000 -0.402802 0.717932 0.717932 0.717932
2240.226318 0.000000 2762.566895 0.000000 0.894788 0.000000 -0.446491 0.538995 0.538995 0.538995
2258.867188 0.000000 2754.213867 0.000000 0.794226 0.000000 -0.607622 0.448953 0.448953 0.448953
2183.674561 0.000000 2791.680420 0.000000 0.870774 0.000000 -0.491683 0.407135 0.407135 0.407135
2197.034912 0.000000 2808.451416 0.000000 0.716595 0.000000 -0.697490 0.438552 0.438552 0.438552
2223.844482 0.000000 2774.844727 0.000000 0.847481 0.000000 -0.530826 0.668524 0.668524 0.668524
2190.716309 0.000000 2777.468018 0.000000 0.842736 0.000000 -0.538327 0.435368 0.435368 0.435368
2185.163818 0.000000 2807.035156 0.000000 0.771358 0.000000 -0.636402 0.414769 0.414769 0.414769
2176.522217 0.000000 2783.436523 0.000000 0.781617 0.000000 -0.623759 0.422705 0.422705 0.422705
2235.875732 0.000000 2781.940674 0.000000 0.877319 0.000000 -0.479908 0.434305 0.434305 0.434305
2235.669434 0.000000 2787.439209 0.000000 0.908504 0.000000 -0.417876 0.505886 0.505886 0.505886
2191.659912 0.000000 2818.899658 0.000000 0.847554 0.000000 -0.530709 0.482008 0.482008 0.482008
2189.152832 0.000000 2812.965332 0.000000 0.836673 0.000000 -0.547702 0.636173 0.636173 0.636173
2236.365723 0.000000 2770.462158 0.000000 0.772344 0.000000 -0.635205 0.486467 0.486467 0.486467
2182.827393 0.000000 2823.733154 0.000000 0.607621 0.000000 -0.794227 0.434609 0.434609 0.434609
2236.880859 0.000000 2790.964111 0.000000 0.869728 0.000000 -0.493532 0.487295 0.487295 0.487295
2179.898438 0.000000 2820.490967 0.000000 0.829769 0.000000 -0.558108 0.464255 0.464255 0.464255
2196.862061 0.000000 2816.401367 0.000000 0.697028 0.000000 -0.717044 0.490629 0.490629 0.490629
2243.589111 0.000000 2780.116699 0.000000 0.934928 0.000000 -0.354839 0.714200 0.714200 0.714200
2266.616699 0.000000 2773.943848 0.000000 0.721524 0.000000 -0.692389 0.428163 0.428163 0.428163
2254.146729 0.000000 2789.587891 0.000000 0.764054 0.000000 -0.645153 0.696199 0.696199 0.696199
2257.626221 0.000000 2772.943848 0.000000 0.819138 0.000000 -0.573597 0.456419 0.456419 0.456419
2262.003418 0.000000 2781.436768 0.000000 0.786521 0.000000 -0.617564 0.729605 0.729605 0.729605
2262.302246 0.000000 2772.788330 0.000000 0.909172 0.000000 -0.416421 0.469489 0.469489 0.469489
2250.276367 0.000000 2788.341797 0.000000 0.705718 0.000000 -0.708493 0.473858 0.473858 0.473858
2240.173096 0.000000 2769.559082 0.000000 0.651056 0.000000 -0.759030 0.479340 0.479340 0.479340
2240.110596 0.000000 2778.098877 0.000000 0.925576 0.000000 -0.378562 0.446617 0.446617 0.446617
2249.939697 0.000000 2783.022705 0.000000 0.654846 0.000000 -0.755762 0.657227 0.657227 0.657227
2262.343750 0.000000 2785.126709 0.000000 0.754368 0.000000 -0.656452 0.470530 0.470530 0.470530
2246.297607 0.000000 2769.082520 0.000000 0.659222 0.000000 -0.751948 0.487449 0.487449 0.487449
2259.958252 0.000000 2774.447021 0.000000 0.855043 0.000000 -0.518558 0.624857 0.624857 0.624857
2166.803467 0.000000 2826.284912 0.000000 0.787909 0.000000 -0.615792 0.408546 0.408546 0.408546
2143.430420 0.000000 2834.990723 0.000000 0.754552 0.000000 -0.656241 0.727959 0.727959 0.727959
2161.916504 0.000000 2842.008789 0.000000 0.658992 0.000000 -0.752150 0.487454 0.487454 0.487454
2166.117188 0.000000 2831.240234 0.000000 0.711973 0.000000 -0.702206 0.467508 0.467508 0.467508
2165.758057 0.000000 2843.583496 0.000000 0.864038 0.000000 -0.503427 0.432701 0.432701 0.432701
2145.860352 0.000000 2832.959961 0.000000 0.690000 0.000000 -0.723810 0.574011 0.574011 0.574011
2214.192871 0.000000 2829.925537 0.000000 0.909894 0.000000 -0.414841 0.455336 0.455336 0.455336
2187.269287 0.000000 2833.548828 0.000000 0.708061 0.000000 -0.706151 0.436683 0.436683 0.436683
2212.294922 0.000000 2827.875488 0.000000 0.875151 0.000000 -0.483850 0.537921 0.537921 0.537921
2534.643555 0.000000 2819.436523 0.000000 0.904189 0.000000 -0.427132 0.672774 0.672774 0.672774
2643.298584 0.000000 2898.650391 0.000000 0.796999 0.000000 -0.603981 0.613404 0.613404 0.613404
2662.720947 0.000000 2927.437744 0.000000 0.801896 0.000000 -0.597464 0.479422 0.479422 0.479422
2676.391846 0.000000 2929.089844 0.000000 0.854466 0.000000 -0.519507 0.447200 0.447200 0.447200
2683.669434 0.000000 2956.892334 0.000000 0.610098 0.000000 -0.792326 0.654794 0.654794 0.654794
6009.915527 0.000000 3456.261719 0.000000 0.645108 0.000000 -0.764092 0.736094 0.736094 0.736094
6010.165039 0.000000 3468.097656 0.000000 0.933887 0.000000 -0.357567 0.522670 0.522670 0.522670
6008.851562 0.000000 3477.159180 0.000000 0.829692 0.000000 -0.558221 0.713097 0.713097 0.713097
6007.430664 0.000000 3459.423828 0.000000 0.858554 0.000000 -0.512724 0.414628 0.414628 0.414628
6012.880859 0.000000 3468.776611 0.000000 0.873560 0.000000 -0.486716 0.722653 0.722653 0.722653
6007.542480 0.000000 3468.676758 0.000000 0.629625 0.000000 -0.776899 0.626544 0.626544 0.626544
6078.612305 0.000000 3440.702881 0.000000 0.626560 0.000000 -0.779373 0.739825 0.739825 0.739825
6107.221680 0.000000 3435.091064 0.000000 0.744501 0.000000 -0.667621 0.464622 0.464622 0.464622
6016.205078 0.000000 3467.965576 0.000000 0.933925 0.000000 -0.357468 0.716290 0.716290 0.716290
6045.260254 0.000000 3479.816162 0.000000 0.774689 0.000000 -0.632343 0.445374 0.445374 0.445374
6098.853027 0.000000 3482.154297 0.000000 0.899401 0.000000 -0.437124 0.575313 0.575313 0.575313
6103.871582 0.000000 3485.027832 0.000000 0.805944 0.000000 -0.591992 0.544947 0.544947 0.544947
6091.443359 0.000000 3475.533936 0.000000 0.672878 0.000000 -0.739753 0.543265 0.543265 0.543265
5936.887695 0.000000 3583.391113 0.000000 0.750572 0.000000 -0.660789 0.410056 0.410056 0.410056
5978.616699 0.000000 3564.725098 0.000000 0.880796 0.000000 -0.473497 0.452403 0.452403 0.452403
5993.605957 0.000000 3595.997070 0.000000 0.789383 0.000000 -0.613901 0.508538 0.508538 0.508538
6062.271484 0.000000 3539.319824 0.000000 0.689436 0.000000 -0.724347 0.584475 0.584475 0.584475
6030.146973 0.000000 3523.884766 0.000000 0.902346 0.000000 -0.431013 0.573108 0.573108 0.573108
6033.893555 0.000000 3515.345947 0.000000 0.773110 0.000000 -0.634272 0.525547 0.525547 0.525547
6032.310547 0.000000 3526.825928 0.000000 0.930709 0.000000 -0.365762 0.652255 0.652255 0.652255
6019.167969 0.000000 3545.983887 0.000000 0.930406 0.000000 -0.366531 0.672569 0.672569 0.672569
6093.467773 0.000000 3517.586426 0.000000 0.940996 0.000000 -0.338418 0.590718 0.590718 0.590718
6089.095215 0.000000 3514.018555 0.000000 0.934978 0.000000 -0.354706 0.498446 0.498446 0.498446
6093.883301 0.000000 3550.527344 0.000000 0.884651 0.000000 -0.466254 0.448219 0.448219 0.448219
6080.390625 0.000000 3545.581299 0.000000 0.627404 0.000000 -0.778694 0.475737 0.475737 0.475737
6087.290527 0.000000 3544.876465 0.000000 0.936283 0.000000 -0.351246 0.428077 0.428077 0.428077
6109.587891 0.000000 3521.698975 0.000000 0.901909 0.000000 -0.431926 0.621959 0.621959 0.621959
6092.396484 0.000000 3514.539062 0.000000 0.714178 0.000000 -0.699964 0.490171 0.490171 0.490171
6102.343750 0.000000 3519.423584 0.000000 0.862461 0.000000 -0.506123 0.721562 0.721562 0.721562
6110.841309 0.000000 3533.663330 0.000000 0.862346 0.000000 -0.506320 0.618285 0.618285 0.618285
6047.822266 0.000000 3584.576660 0.000000 0.678160 0.000000 -0.734915 0.411377 0.411377 0.411377
6046.089844 0.000000 3587.450928 0.000000 0.924829 0.000000 -0.380383 0.715036 0.715036 0.715036
6020.219238 0.000000 3591.149658 0.000000 0.759551 0.000000 -0.650447 0.503314 0.503314 0.503314
6096.913574 0.000000 3591.085693 0.000000 0.776218 0.000000 -0.630465 0.708063 0.708063 0.708063
6175.430176 0.000000 3456.318848 0.000000 0.928388 0.000000 -0.371611 0.535103 0.535103 0.535103
6192.887695 0.000000 3470.422363 0.000000 0.703269 0.000000 -0.710923 0.434729 0.434729 0.434729
6177.456543 0.000000 3459.471680 0.000000 0.929960 0.000000 -0.367661 0.460492 0.460492 0.460492
6180.675781 0.000000 3478.388916 0.000000 0.879065 0.000000 -0.476702 0.562179 0.562179 0.562179
6173.587891 0.000000 3465.214600 0.000000 0.937859 0.000000 -0.347017 0.714121 0.714121 0.714121
6158.569336 0.000000 3479.315674 0.000000 0.890980 0.000000 -0.454042 0.721003 0.721003 0.721003
6176.264648 0.000000 3523.899658 0.000000 0.695868 0.000000 -0.718170 0.496874 0.496874 0.496874
6151.290527 0.000000 3544.876465 0.000000 0.683637 0.000000 -0.729822 0.607707 0.607707 0.607707
6190.444824 0.000000 3553.393555 0.000000 0.647929 0.000000 -0.761701 0.636400 0.636400 0.636400
6267.669434 0.000000 3521.736084 0.000000 0.911166 0.000000 -0.412039 0.635552 0.635552 0.635552
6279.674805 0.000000 3525.977295 0.000000 0.892946 0.000000 -0.450165 0.486356 0.486356 0.486356
6299.974121 0.000000 3533.760742 0.000000 0.641786 0.000000 -0.766883 0.477482 0.477482 0.477482
6276.061523 0.000000 3518.240967 0.000000 0.763199 0.000000 -0.646164 0.598314 0.598314 0.598314
6296.763672 0.000000 3532.762451 0.000000 0.761635 0.000000 -0.648006 0.433407 0.433407 0.433407
6321.044434 0.000000 3607.199463 0.000000 0.756643 0.000000 -0.653828 0.435574 0.435574 0.435574
6375.866699 0.000000 3600.219238 0.000000 0.886937 0.000000 -0.461890 0.588252 0.588252 0.588252
6374.720703 0.000000 3605.250244 0.000000 0.909197 0.000000 -0.416366 0.405897 0.405897 0.405897
6610.867188 0.000000 3488.510742 0.000000 0.926890 0.000000 -0.375334 0.456613 0.456613 0.456613
6448.015137 0.000000 3586.297119 0.000000 0.773365 0.000000 -0.633961 0.480274 0.480274 0.480274
6645.757812 0.000000 3521.395996 0.000000 0.923900 0.000000 -0.382633 0.466813 0.466813 0.466813
6642.335449 0.000000 3522.924316 0.000000 0.707561 0.000000 -0.706652 0.730171 0.730171 0.730171
6541.467773 0.000000 3574.070801 0.000000 0.876663 0.000000 -0.481106 0.406691 0.406691 0.406691
6590.127441 0.000000 3575.955566 0.000000 0.729010 0.000000 -0.684503 0.664476 0.664476 0.664476
6572.084473 0.000000 3589.259521 0.000000 0.907212 0.000000 -0.420673 0.449394 0.449394 0.449394
6641.158691 0.000000 3593.144043 0.000000 0.645722 0.000000 -0.763573 0.412017 0.412017 0.412017
6613.228027 0.000000 3596.420654 0.000000 0.945781 0.000000 -0.324806 0.594357 0.594357 0.594357
6665.163574 0.000000 3597.816406 0.000000 0.900187 0.000000 -0.435503 0.624114 0.624114 0.624114
6665.808105 0.000000 3594.221191 0.000000 0.904330 0.000000 -0.426834 0.634014 0.634014 0.634014
6667.713867 0.000000 3596.518799 0.000000 0.767282 0.000000 -0.641310 0.683486 0.683486 0.683486
7734.803711 0.000000 2939.253662 0.000000 0.587905 0.000000 -0.808930 0.412327 0.412327 0.412327
"}
object={
	name="pine_sparse_generator_1_4"
	clamp_to_water_level=no
	render_under_water=no
	generated_content=yes
	layer="semidynamic"
	pdxmesh="tree_fir_005_mesh"
	count=364
	transform="1274.308594 0.000000 2529.912109 0.000000 0.305377 0.000000 -0.952231 0.427156 0.427156 0.427156
1277.935669 0.000000 2571.826904 0.000000 0.050403 0.000000 -0.998729 0.499939 0.499939 0.499939
1278.612427 0.000000 2593.437256 0.000000 0.332390 0.000000 -0.943142 0.416855 0.416855 0.416855
1271.430908 0.000000 2555.673828 0.000000 0.458814 0.000000 -0.888533 0.530054 0.530054 0.530054
1274.308594 0.000000 2586.396484 0.000000 0.292263 0.000000 -0.956338 0.521006 0.521006 0.521006
1275.669312 0.000000 2561.501709 0.000000 0.112232 0.000000 -0.993682 0.494463 0.494463 0.494463
1277.524414 0.000000 2660.279053 0.000000 0.173304 0.000000 -0.984868 0.676339 0.676339 0.676339
1277.449707 0.000000 2664.251709 0.000000 0.124123 0.000000 -0.992267 0.693437 0.693437 0.693437
1270.496216 0.000000 2684.074463 0.000000 0.368305 0.000000 -0.929705 0.559956 0.559956 0.559956
1283.856934 0.000000 2535.384521 0.000000 0.085731 0.000000 -0.996318 0.424004 0.424004 0.424004
1283.898438 0.000000 2538.069092 0.000000 0.303004 0.000000 -0.952989 0.756281 0.756281 0.756281
1284.256348 0.000000 2540.828125 0.000000 0.177374 0.000000 -0.984143 0.473935 0.473935 0.473935
1280.290283 0.000000 2576.162109 0.000000 0.072381 0.000000 -0.997377 0.757869 0.757869 0.757869
1497.924683 0.000000 2538.552979 0.000000 0.370803 0.000000 -0.928711 0.445110 0.445110 0.445110
1526.872192 0.000000 2531.646973 0.000000 0.159077 0.000000 -0.987266 0.656932 0.656932 0.656932
1503.273193 0.000000 2540.188965 0.000000 0.270221 0.000000 -0.962798 0.417552 0.417552 0.417552
1492.950073 0.000000 2550.966064 0.000000 0.128069 0.000000 -0.991765 0.470494 0.470494 0.470494
1530.134033 0.000000 2569.261230 0.000000 0.369992 0.000000 -0.929035 0.476839 0.476839 0.476839
1502.773926 0.000000 2558.268555 0.000000 0.160604 0.000000 -0.987019 0.756284 0.756284 0.756284
1526.117310 0.000000 2548.818359 0.000000 0.333631 0.000000 -0.942704 0.567257 0.567257 0.567257
1497.550537 0.000000 2553.398193 0.000000 0.106049 0.000000 -0.994361 0.420402 0.420402 0.420402
1530.875244 0.000000 2541.951416 0.000000 0.530813 0.000000 -0.847489 0.414138 0.414138 0.414138
1495.828003 0.000000 2565.973633 0.000000 0.125215 0.000000 -0.992130 0.720103 0.720103 0.720103
1526.755981 0.000000 2567.892334 0.000000 0.133118 0.000000 -0.991100 0.446825 0.446825 0.446825
1524.340698 0.000000 2542.133057 0.000000 0.500140 0.000000 -0.865945 0.744281 0.744281 0.744281
1322.581665 0.000000 2617.086182 0.000000 0.015873 0.000000 -0.999874 0.561725 0.561725 0.561725
1311.430420 0.000000 2609.053223 0.000000 0.428938 0.000000 -0.903334 0.414524 0.414524 0.414524
1293.467529 0.000000 2613.836426 0.000000 0.415964 0.000000 -0.909381 0.415792 0.415792 0.415792
1286.599243 0.000000 2651.382080 0.000000 0.142117 0.000000 -0.989850 0.683976 0.683976 0.683976
1306.840820 0.000000 2624.985596 0.000000 0.485741 0.000000 -0.874103 0.414232 0.414232 0.414232
1311.273193 0.000000 2653.157715 0.000000 0.502163 0.000000 -0.864773 0.467957 0.467957 0.467957
1303.427856 0.000000 2647.276611 0.000000 0.120211 0.000000 -0.992748 0.420276 0.420276 0.420276
1301.636475 0.000000 2652.783447 0.000000 0.336584 0.000000 -0.941654 0.443568 0.443568 0.443568
1291.936890 0.000000 2631.050537 0.000000 0.053918 0.000000 -0.998545 0.420979 0.420979 0.420979
1297.114990 0.000000 2652.841064 0.000000 0.151587 0.000000 -0.988444 0.545604 0.545604 0.545604
1302.302124 0.000000 2603.335205 0.000000 0.503039 0.000000 -0.864264 0.746510 0.746510 0.746510
1296.310547 0.000000 2623.075928 0.000000 0.216410 0.000000 -0.976303 0.464704 0.464704 0.464704
1286.113892 0.000000 2637.239746 0.000000 0.400983 0.000000 -0.916085 0.508027 0.508027 0.508027
1308.116333 0.000000 2653.696777 0.000000 0.531300 0.000000 -0.847184 0.595981 0.595981 0.595981
1289.349487 0.000000 2650.836426 0.000000 0.383215 0.000000 -0.923659 0.749388 0.749388 0.749388
1322.622314 0.000000 2652.306396 0.000000 0.316874 0.000000 -0.948468 0.522620 0.522620 0.522620
1302.908936 0.000000 2609.281006 0.000000 0.323243 0.000000 -0.946316 0.747412 0.747412 0.747412
1287.674683 0.000000 2678.711670 0.000000 0.255408 0.000000 -0.966833 0.580005 0.580005 0.580005
1294.189453 0.000000 2691.209473 0.000000 0.216035 0.000000 -0.976386 0.456173 0.456173 0.456173
1322.581665 0.000000 2673.570557 0.000000 0.161889 0.000000 -0.986809 0.463487 0.463487 0.463487
1314.074463 0.000000 2660.285400 0.000000 0.047230 0.000000 -0.998884 0.430982 0.430982 0.430982
1289.095337 0.000000 2666.752930 0.000000 0.095015 0.000000 -0.995476 0.527273 0.527273 0.527273
1297.893799 0.000000 2668.080322 0.000000 0.570544 0.000000 -0.821267 0.413328 0.413328 0.413328
1285.568970 0.000000 2658.783447 0.000000 0.195243 0.000000 -0.980755 0.752957 0.752957 0.752957
1321.396362 0.000000 2668.524414 0.000000 0.180635 0.000000 -0.983550 0.590584 0.590584 0.590584
1298.408936 0.000000 2683.175049 0.000000 0.101285 0.000000 -0.994857 0.477410 0.477410 0.477410
1313.638062 0.000000 2701.534180 0.000000 0.146527 0.000000 -0.989207 0.688263 0.688263 0.688263
1311.822266 0.000000 2680.826660 0.000000 0.013393 0.000000 -0.999910 0.421618 0.421618 0.421618
1292.652466 0.000000 2680.192383 0.000000 0.106184 0.000000 -0.994347 0.501056 0.501056 0.501056
1321.897095 0.000000 2654.793945 0.000000 0.042921 0.000000 -0.999079 0.458998 0.458998 0.458998
1297.216431 0.000000 2694.646973 0.000000 0.411825 0.000000 -0.911263 0.520531 0.520531 0.520531
1296.310547 0.000000 2679.560303 0.000000 0.327028 0.000000 -0.945015 0.522400 0.522400 0.522400
1308.682983 0.000000 2668.199463 0.000000 0.554093 0.000000 -0.832455 0.517197 0.517197 0.517197
1285.963745 0.000000 2675.464600 0.000000 0.120625 0.000000 -0.992698 0.526746 0.526746 0.526746
1308.263916 0.000000 2664.061768 0.000000 0.061662 0.000000 -0.998097 0.445792 0.445792 0.445792
1309.587891 0.000000 2674.433350 0.000000 0.483834 0.000000 -0.875160 0.529452 0.529452 0.529452
1304.358154 0.000000 2663.276611 0.000000 0.538551 0.000000 -0.842593 0.517577 0.517577 0.517577
1310.662720 0.000000 2700.956055 0.000000 0.578013 0.000000 -0.816027 0.705095 0.705095 0.705095
1323.550903 0.000000 2661.565430 0.000000 0.084852 0.000000 -0.996394 0.447579 0.447579 0.447579
1290.423096 0.000000 2678.513184 0.000000 0.423794 0.000000 -0.905759 0.582050 0.582050 0.582050
1372.282104 0.000000 2691.661621 0.000000 0.529880 0.000000 -0.848073 0.666376 0.666376 0.666376
1376.264404 0.000000 2676.634033 0.000000 0.185727 0.000000 -0.982601 0.482363 0.482363 0.482363
1407.683594 0.000000 2667.806152 0.000000 0.329750 0.000000 -0.944068 0.614796 0.614796 0.614796
1389.901245 0.000000 2655.719971 0.000000 0.347601 0.000000 -0.937642 0.416026 0.416026 0.416026
1378.074463 0.000000 2660.285400 0.000000 0.398133 0.000000 -0.917328 0.540000 0.540000 0.540000
1371.974365 0.000000 2686.495117 0.000000 0.481027 0.000000 -0.876706 0.447392 0.447392 0.447392
1381.443237 0.000000 2674.567627 0.000000 0.520426 0.000000 -0.853907 0.455031 0.455031 0.455031
1386.133911 0.000000 2658.903076 0.000000 0.370039 0.000000 -0.929016 0.753108 0.753108 0.753108
1366.003418 0.000000 2668.468018 0.000000 0.327544 0.000000 -0.944836 0.582475 0.582475 0.582475
1399.430908 0.000000 2668.642578 0.000000 0.227981 0.000000 -0.973666 0.518058 0.518058 0.518058
1388.877319 0.000000 2688.552490 0.000000 0.299887 0.000000 -0.953975 0.433584 0.433584 0.433584
1398.755981 0.000000 2680.861084 0.000000 0.326865 0.000000 -0.945071 0.437386 0.437386 0.437386
1388.084717 0.000000 2685.509521 0.000000 0.465964 0.000000 -0.884804 0.430898 0.430898 0.430898
1444.314209 0.000000 2651.677246 0.000000 0.016996 0.000000 -0.999856 0.574878 0.574878 0.574878
1482.048218 0.000000 2643.781494 0.000000 0.288514 0.000000 -0.957476 0.581327 0.581327 0.581327
1495.427856 0.000000 2647.276611 0.000000 0.584571 0.000000 -0.811342 0.643029 0.643029 0.643029
1483.936890 0.000000 2631.050537 0.000000 0.447825 0.000000 -0.894121 0.519714 0.519714 0.519714
1503.822266 0.000000 2624.342285 0.000000 0.196544 0.000000 -0.980495 0.507937 0.507937 0.507937
1511.131470 0.000000 2633.260498 0.000000 0.358344 0.000000 -0.933590 0.560203 0.560203 0.560203
1502.662720 0.000000 2644.471680 0.000000 0.152918 0.000000 -0.988239 0.457211 0.457211 0.457211
1498.616211 0.000000 2622.363770 0.000000 0.256472 0.000000 -0.966552 0.504604 0.504604 0.504604
1415.674683 0.000000 2678.711670 0.000000 0.185850 0.000000 -0.982578 0.437468 0.437468 0.437468
1433.268799 0.000000 2671.174805 0.000000 0.316775 0.000000 -0.948501 0.417205 0.417205 0.417205
1434.840820 0.000000 2681.469971 0.000000 0.139192 0.000000 -0.990265 0.455293 0.455293 0.455293
1444.176392 0.000000 2698.785156 0.000000 0.261355 0.000000 -0.965243 0.697642 0.697642 0.697642
1418.748779 0.000000 2696.958496 0.000000 0.462967 0.000000 -0.886376 0.610863 0.610863 0.610863
1423.660034 0.000000 2705.930908 0.000000 0.156696 0.000000 -0.987647 0.487184 0.487184 0.487184
1451.550903 0.000000 2661.565430 0.000000 0.356205 0.000000 -0.934408 0.453807 0.453807 0.453807
1721.729980 0.000000 2413.133301 0.000000 0.234310 0.000000 -0.972162 0.417655 0.417655 0.417655
1735.674683 0.000000 2396.289795 0.000000 0.444012 0.000000 -0.896021 0.645793 0.645793 0.645793
1737.424194 0.000000 2400.217529 0.000000 0.463680 0.000000 -0.886002 0.451902 0.451902 0.451902
1725.524414 0.000000 2434.341553 0.000000 0.447702 0.000000 -0.894183 0.743125 0.743125 0.743125
1721.915649 0.000000 2439.542969 0.000000 0.304994 0.000000 -0.952354 0.544315 0.544315 0.544315
1715.521606 0.000000 2456.836914 0.000000 0.028124 0.000000 -0.999604 0.504699 0.504699 0.504699
1723.875732 0.000000 2443.034424 0.000000 0.552643 0.000000 -0.833418 0.416916 0.416916 0.416916
1712.887695 0.000000 2453.703613 0.000000 0.165797 0.000000 -0.986160 0.525811 0.525811 0.525811
1725.449707 0.000000 2438.314209 0.000000 0.359681 0.000000 -0.933075 0.521688 0.521688 0.521688
1712.015381 0.000000 2456.609619 0.000000 0.121655 0.000000 -0.992572 0.526724 0.526724 0.526724
1717.610352 0.000000 2464.321045 0.000000 0.044171 0.000000 -0.999024 0.448212 0.448212 0.448212
1540.956909 0.000000 2587.963867 0.000000 0.096979 0.000000 -0.995286 0.765671 0.765671 0.765671
1542.798706 0.000000 2556.063965 0.000000 0.400116 0.000000 -0.916464 0.554887 0.554887 0.554887
1538.759888 0.000000 2550.911377 0.000000 0.100159 0.000000 -0.994971 0.533683 0.533683 0.533683
1715.720459 0.000000 2523.184326 0.000000 0.505999 0.000000 -0.862534 0.499395 0.499395 0.499395
1714.569214 0.000000 2541.286377 0.000000 0.122420 0.000000 -0.992478 0.420173 0.420173 0.420173
1713.158813 0.000000 2519.940918 0.000000 0.412316 0.000000 -0.911041 0.593074 0.593074 0.593074
1716.340698 0.000000 2485.648682 0.000000 0.290581 0.000000 -0.956851 0.598573 0.598573 0.598573
1706.451904 0.000000 2520.246582 0.000000 0.150517 0.000000 -0.988607 0.517479 0.517479 0.517479
1678.189453 0.000000 2578.240723 0.000000 0.044123 0.000000 -0.999026 0.443912 0.443912 0.443912
1680.913574 0.000000 2574.366943 0.000000 0.228219 0.000000 -0.973610 0.418206 0.418206 0.418206
1706.157837 0.000000 2564.633057 0.000000 0.347596 0.000000 -0.937644 0.635913 0.635913 0.635913
1675.714111 0.000000 2579.800049 0.000000 0.265353 0.000000 -0.964151 0.506569 0.506569 0.506569
1693.260010 0.000000 2576.066162 0.000000 0.405284 0.000000 -0.914191 0.490975 0.490975 0.490975
1561.268799 0.000000 2614.690430 0.000000 0.111605 0.000000 -0.993753 0.481537 0.481537 0.481537
1550.146729 0.000000 2620.134766 0.000000 0.436557 0.000000 -0.899677 0.519971 0.519971 0.519971
1570.139526 0.000000 2600.007568 0.000000 0.291803 0.000000 -0.956479 0.495354 0.495354 0.495354
1558.343750 0.000000 2615.673584 0.000000 0.138203 0.000000 -0.990404 0.429653 0.429653 0.429653
1649.916626 0.000000 2616.071289 0.000000 0.350856 0.000000 -0.936430 0.447558 0.447558 0.447558
1646.917847 0.000000 2619.595947 0.000000 0.214939 0.000000 -0.976627 0.479694 0.479694 0.479694
1613.646240 0.000000 2639.027588 0.000000 0.470641 0.000000 -0.882325 0.449677 0.449677 0.449677
1626.132568 0.000000 2632.733154 0.000000 0.459378 0.000000 -0.888241 0.426821 0.426821 0.426821
1623.871582 0.000000 2637.762207 0.000000 0.359843 0.000000 -0.933013 0.521685 0.521685 0.521685
1612.244629 0.000000 2648.897949 0.000000 0.044628 0.000000 -0.999004 0.463281 0.463281 0.463281
1644.193481 0.000000 2619.225830 0.000000 0.423285 0.000000 -0.905996 0.509666 0.509666 0.509666
1621.175049 0.000000 2633.499268 0.000000 0.520063 0.000000 -0.854128 0.518023 0.518023 0.518023
1599.419312 0.000000 2676.637695 0.000000 0.148222 0.000000 -0.988954 0.690424 0.690424 0.690424
1566.227295 0.000000 2659.322998 0.000000 0.565769 0.000000 -0.824563 0.516908 0.516908 0.516908
1590.755981 0.000000 2680.861084 0.000000 0.436835 0.000000 -0.899542 0.475554 0.475554 0.475554
1580.084717 0.000000 2685.509521 0.000000 0.289795 0.000000 -0.957089 0.467691 0.467691 0.467691
1596.880859 0.000000 2677.995361 0.000000 0.200853 0.000000 -0.979621 0.494959 0.494959 0.494959
1563.115967 0.000000 2673.240967 0.000000 0.115050 0.000000 -0.993360 0.470716 0.470716 0.470716
1610.448364 0.000000 2658.370605 0.000000 0.465025 0.000000 -0.885297 0.437197 0.437197 0.437197
1674.448364 0.000000 2601.886230 0.000000 0.277337 0.000000 -0.960773 0.489229 0.489229 0.489229
1962.581665 0.000000 2786.539307 0.000000 0.297466 0.000000 -0.954732 0.538046 0.538046 0.538046
1962.064331 0.000000 2819.058105 0.000000 0.410814 0.000000 -0.911719 0.415698 0.415698 0.415698
1981.935669 0.000000 2797.764404 0.000000 0.299980 0.000000 -0.953945 0.442050 0.442050 0.442050
1968.763550 0.000000 2807.540771 0.000000 0.017270 0.000000 -0.999851 0.435717 0.435717 0.435717
1976.579102 0.000000 2816.896729 0.000000 0.221396 0.000000 -0.975184 0.563516 0.563516 0.563516
1959.553711 0.000000 2784.936768 0.000000 0.279473 0.000000 -0.960153 0.455115 0.455115 0.455115
1964.084717 0.000000 2798.478271 0.000000 0.524555 0.000000 -0.851377 0.427807 0.427807 0.427807
1956.100952 0.000000 2815.595703 0.000000 0.581842 0.000000 -0.813302 0.445496 0.445496 0.445496
2016.264404 0.000000 2789.602783 0.000000 0.398521 0.000000 -0.917159 0.415071 0.415071 0.415071
2023.866577 0.000000 2809.437988 0.000000 0.240532 0.000000 -0.970641 0.417769 0.417769 0.417769
2030.271362 0.000000 2805.022949 0.000000 0.414562 0.000000 -0.910021 0.417061 0.417061 0.417061
2022.465210 0.000000 2792.832031 0.000000 0.328998 0.000000 -0.944331 0.416719 0.416719 0.416719
2006.690430 0.000000 2795.751221 0.000000 0.547078 0.000000 -0.837082 0.580661 0.580661 0.580661
2007.828003 0.000000 2791.911133 0.000000 0.398487 0.000000 -0.917174 0.482643 0.482643 0.482643
1962.133911 0.000000 2828.356201 0.000000 0.024798 0.000000 -0.999692 0.442056 0.442056 0.442056
2169.729980 0.000000 2243.680176 0.000000 0.011115 0.000000 -0.999938 0.528994 0.528994 0.528994
2172.341309 0.000000 2256.058350 0.000000 0.469618 0.000000 -0.882870 0.519212 0.519212 0.519212
2228.449951 0.000000 2235.651123 0.000000 0.405319 0.000000 -0.914175 0.421401 0.421401 0.421401
2227.720459 0.000000 2240.762451 0.000000 0.093902 0.000000 -0.995581 0.426025 0.426025 0.426025
2180.956787 0.000000 2249.057617 0.000000 0.408162 0.000000 -0.912909 0.457114 0.457114 0.457114
2189.646240 0.000000 2243.636963 0.000000 0.478253 0.000000 -0.878222 0.472632 0.472632 0.472632
2202.772217 0.000000 2252.801025 0.000000 0.390643 0.000000 -0.920542 0.516750 0.516750 0.516750
2193.116211 0.000000 2250.138184 0.000000 0.127601 0.000000 -0.991826 0.442632 0.442632 0.442632
2205.075928 0.000000 2255.290771 0.000000 0.407945 0.000000 -0.913006 0.438167 0.438167 0.438167
2189.152832 0.000000 2248.121582 0.000000 0.495584 0.000000 -0.868560 0.447126 0.447126 0.447126
2236.718994 0.000000 2244.122070 0.000000 0.476474 0.000000 -0.879189 0.512712 0.512712 0.512712
2195.100342 0.000000 2255.637451 0.000000 0.012161 0.000000 -0.999926 0.515886 0.515886 0.515886
2173.524414 0.000000 2264.888428 0.000000 0.146491 0.000000 -0.989212 0.619913 0.619913 0.619913
2171.875732 0.000000 2273.581299 0.000000 0.260591 0.000000 -0.965449 0.523823 0.523823 0.523823
2166.496338 0.000000 2288.683838 0.000000 0.559368 0.000000 -0.828919 0.464708 0.464708 0.464708
2179.834473 0.000000 2259.377441 0.000000 0.094066 0.000000 -0.995566 0.423885 0.423885 0.423885
2227.915527 0.000000 2271.416260 0.000000 0.371873 0.000000 -0.928284 0.449313 0.449313 0.449313
2208.909180 0.000000 2301.618408 0.000000 0.566962 0.000000 -0.823744 0.516879 0.516879 0.516879
2225.916504 0.000000 2277.165039 0.000000 0.417031 0.000000 -0.908892 0.427512 0.427512 0.427512
2185.163818 0.000000 2298.675781 0.000000 0.009712 0.000000 -0.999953 0.420890 0.420890 0.420890
2213.443359 0.000000 2279.177002 0.000000 0.108910 0.000000 -0.994052 0.526987 0.526987 0.526987
2217.605957 0.000000 2296.856445 0.000000 0.521282 0.000000 -0.853384 0.414243 0.414243 0.414243
2218.157715 0.000000 2282.211182 0.000000 0.303492 0.000000 -0.952834 0.585259 0.585259 0.585259
2217.764648 0.000000 2287.699219 0.000000 0.244817 0.000000 -0.969569 0.573774 0.573774 0.573774
2217.927490 0.000000 2304.108154 0.000000 0.104052 0.000000 -0.994572 0.527087 0.527087 0.527087
2224.446289 0.000000 2270.205811 0.000000 0.316009 0.000000 -0.948756 0.529059 0.529059 0.529059
2228.612793 0.000000 2275.086914 0.000000 0.446016 0.000000 -0.895025 0.452222 0.452222 0.452222
2199.871582 0.000000 2298.855957 0.000000 0.106793 0.000000 -0.994281 0.577127 0.577127 0.577127
2219.551025 0.000000 2266.174805 0.000000 0.207895 0.000000 -0.978151 0.524933 0.524933 0.524933
2212.294922 0.000000 2263.031738 0.000000 0.198919 0.000000 -0.980016 0.525121 0.525121 0.525121
2214.386963 0.000000 2281.723145 0.000000 0.223996 0.000000 -0.974590 0.441135 0.441135 0.441135
2254.189453 0.000000 2295.818848 0.000000 0.021561 0.000000 -0.999768 0.421041 0.421041 0.421041
2249.597900 0.000000 2309.250488 0.000000 0.098896 0.000000 -0.995098 0.440931 0.440931 0.440931
2251.937012 0.000000 2292.144287 0.000000 0.455826 0.000000 -0.890069 0.414851 0.414851 0.414851
2266.132568 0.000000 2293.826904 0.000000 0.222659 0.000000 -0.974896 0.458196 0.458196 0.458196
2201.268799 0.000000 2332.268555 0.000000 0.060496 0.000000 -0.998168 0.576043 0.576043 0.576043
2198.003418 0.000000 2329.561768 0.000000 0.393028 0.000000 -0.919527 0.520951 0.520951 0.520951
2222.165527 0.000000 2333.401611 0.000000 0.527241 0.000000 -0.849716 0.414197 0.414197 0.414197
2219.534668 0.000000 2331.849121 0.000000 0.528501 0.000000 -0.848932 0.744743 0.744743 0.744743
2203.115967 0.000000 2334.334717 0.000000 0.270205 0.000000 -0.962803 0.459524 0.459524 0.459524
2226.542236 0.000000 2321.657959 0.000000 0.307540 0.000000 -0.951535 0.488652 0.488652 0.488652
2265.550537 0.000000 2327.460693 0.000000 0.576959 0.000000 -0.816773 0.504054 0.504054 0.504054
2257.893799 0.000000 2329.174072 0.000000 0.368091 0.000000 -0.929790 0.440936 0.440936 0.440936
2253.883301 0.000000 2364.355469 0.000000 0.368419 0.000000 -0.929660 0.559953 0.559953 0.559953
2249.597900 0.000000 2365.734863 0.000000 0.318728 0.000000 -0.947846 0.416990 0.416990 0.416990
2240.110596 0.000000 2326.223877 0.000000 0.510770 0.000000 -0.859717 0.423873 0.423873 0.423873
2247.290527 0.000000 2358.704590 0.000000 0.361213 0.000000 -0.932483 0.521654 0.521654 0.521654
2264.358154 0.000000 2324.370361 0.000000 0.162158 0.000000 -0.986765 0.493536 0.493536 0.493536
2281.423340 0.000000 2404.765869 0.000000 0.375725 0.000000 -0.926731 0.416102 0.416102 0.416102
2262.797119 0.000000 2373.318359 0.000000 0.008197 0.000000 -0.999966 0.518143 0.518143 0.518143
2284.877197 0.000000 2406.130615 0.000000 0.361308 0.000000 -0.932447 0.416553 0.416553 0.416553
2273.456543 0.000000 2386.268555 0.000000 0.017053 0.000000 -0.999855 0.444326 0.444326 0.444326
2282.451904 0.000000 2407.277832 0.000000 0.486570 0.000000 -0.873642 0.518817 0.518817 0.518817
2306.492188 0.000000 2375.933350 0.000000 0.391701 0.000000 -0.920093 0.591504 0.591504 0.591504
2369.469238 0.000000 2426.891846 0.000000 0.302725 0.000000 -0.953078 0.416904 0.416904 0.416904
2346.581543 0.000000 2447.633057 0.000000 0.087141 0.000000 -0.996196 0.420222 0.420222 0.420222
2323.298584 0.000000 2446.775391 0.000000 0.520940 0.000000 -0.853593 0.518002 0.518002 0.518002
2355.720459 0.000000 2466.699951 0.000000 0.006369 0.000000 -0.999980 0.421559 0.421559 0.421559
2322.852783 0.000000 2465.435547 0.000000 0.330912 0.000000 -0.943662 0.416938 0.416938 0.416938
2353.158936 0.000000 2463.456543 0.000000 0.425322 0.000000 -0.905042 0.480001 0.480001 0.480001
2310.798828 0.000000 2443.095215 0.000000 0.541769 0.000000 -0.840527 0.458796 0.458796 0.458796
2313.939697 0.000000 2444.116455 0.000000 0.455181 0.000000 -0.890399 0.519545 0.519545 0.519545
2348.193604 0.000000 2449.772705 0.000000 0.203195 0.000000 -0.979138 0.640234 0.640234 0.640234
2325.175049 0.000000 2464.046143 0.000000 0.188029 0.000000 -0.982164 0.490905 0.490905 0.490905
2371.589111 0.000000 2441.210449 0.000000 0.298351 0.000000 -0.954456 0.523018 0.523018 0.523018
2400.909180 0.000000 2471.071533 0.000000 0.001199 0.000000 -0.999999 0.479146 0.479146 0.479146
2386.852783 0.000000 2465.435547 0.000000 0.535354 0.000000 -0.844628 0.481950 0.481950 0.481950
2401.638184 0.000000 2475.596680 0.000000 0.390855 0.000000 -0.920452 0.673514 0.673514 0.673514
2372.061279 0.000000 2445.037842 0.000000 0.486646 0.000000 -0.873599 0.510369 0.510369 0.510369
2370.492188 0.000000 2432.417725 0.000000 0.379136 0.000000 -0.925341 0.442861 0.442861 0.442861
2376.260498 0.000000 2437.833740 0.000000 0.212279 0.000000 -0.977209 0.437063 0.437063 0.437063
2398.802246 0.000000 2485.373535 0.000000 0.225285 0.000000 -0.974293 0.498784 0.498784 0.498784
2401.860352 0.000000 2494.053711 0.000000 0.324679 0.000000 -0.945824 0.505367 0.505367 0.505367
2411.551025 0.000000 2492.112305 0.000000 0.161673 0.000000 -0.986844 0.459208 0.459208 0.459208
3505.044678 0.000000 2421.027588 0.000000 0.011935 0.000000 -0.999929 0.614711 0.614711 0.614711
3509.008789 0.000000 2416.565674 0.000000 0.534955 0.000000 -0.844881 0.608613 0.608613 0.608613
3520.390625 0.000000 2415.893799 0.000000 0.158098 0.000000 -0.987423 0.762925 0.762925 0.762925
2168.634766 0.000000 2747.038574 0.000000 0.276241 0.000000 -0.961088 0.648972 0.648972 0.648972
2173.524414 0.000000 2773.247803 0.000000 0.146985 0.000000 -0.989139 0.485210 0.485210 0.485210
2173.449707 0.000000 2777.220459 0.000000 0.107793 0.000000 -0.994173 0.540041 0.540041 0.540041
2203.221924 0.000000 2757.278564 0.000000 0.455027 0.000000 -0.890478 0.414259 0.414259 0.414259
2197.428223 0.000000 2743.597656 0.000000 0.132975 0.000000 -0.991119 0.476857 0.476857 0.476857
2197.034912 0.000000 2751.967041 0.000000 0.009565 0.000000 -0.999954 0.437982 0.437982 0.437982
2237.042236 0.000000 2766.908203 0.000000 0.025851 0.000000 -0.999666 0.448497 0.448497 0.448497
2215.675293 0.000000 2766.023926 0.000000 0.161345 0.000000 -0.986898 0.437842 0.437842 0.437842
2199.759277 0.000000 2755.375732 0.000000 0.469833 0.000000 -0.882756 0.745652 0.745652 0.745652
2217.246582 0.000000 2759.561768 0.000000 0.551191 0.000000 -0.834379 0.506765 0.506765 0.506765
2212.314209 0.000000 2764.645996 0.000000 0.223946 0.000000 -0.974602 0.445392 0.445392 0.445392
2218.622314 0.000000 2765.275146 0.000000 0.062775 0.000000 -0.998028 0.731265 0.731265 0.731265
2202.616211 0.000000 2735.332520 0.000000 0.543737 0.000000 -0.839255 0.498543 0.498543 0.498543
2258.736816 0.000000 2761.371094 0.000000 0.212880 0.000000 -0.977078 0.524829 0.524829 0.524829
2256.020752 0.000000 2755.478271 0.000000 0.142022 0.000000 -0.989864 0.604688 0.604688 0.604688
2245.003174 0.000000 2747.377930 0.000000 0.281199 0.000000 -0.959650 0.459336 0.459336 0.459336
2246.656738 0.000000 2760.067871 0.000000 0.453354 0.000000 -0.891331 0.738417 0.738417 0.738417
2251.714111 0.000000 2749.253174 0.000000 0.073841 0.000000 -0.997270 0.639564 0.639564 0.639564
2260.862061 0.000000 2759.916992 0.000000 0.556786 0.000000 -0.830656 0.637655 0.637655 0.637655
2244.256348 0.000000 2766.765625 0.000000 0.169131 0.000000 -0.985594 0.523581 0.523581 0.523581
2254.452148 0.000000 2766.844727 0.000000 0.418240 0.000000 -0.908336 0.492828 0.492828 0.492828
2228.600586 0.000000 2790.948242 0.000000 0.193725 0.000000 -0.981056 0.761312 0.761312 0.761312
2191.347656 0.000000 2768.018555 0.000000 0.022872 0.000000 -0.999738 0.421409 0.421409 0.421409
2221.255371 0.000000 2822.609863 0.000000 0.007627 0.000000 -0.999971 0.421308 0.421308 0.421308
2201.924805 0.000000 2820.974854 0.000000 0.558711 0.000000 -0.829362 0.452199 0.452199 0.452199
2233.915771 0.000000 2778.449219 0.000000 0.581695 0.000000 -0.813407 0.583835 0.583835 0.583835
2189.883301 0.000000 2816.230469 0.000000 0.444512 0.000000 -0.895773 0.450148 0.450148 0.450148
2196.194824 0.000000 2813.647217 0.000000 0.068242 0.000000 -0.997669 0.460740 0.460740 0.460740
2179.856934 0.000000 2817.806396 0.000000 0.429952 0.000000 -0.902852 0.513759 0.513759 0.513759
2217.896973 0.000000 2767.762695 0.000000 0.023573 0.000000 -0.999722 0.483089 0.483089 0.483089
2185.888916 0.000000 2822.999512 0.000000 0.276946 0.000000 -0.960886 0.478569 0.478569 0.478569
2230.755859 0.000000 2793.829834 0.000000 0.248849 0.000000 -0.968542 0.597518 0.597518 0.597518
2225.098145 0.000000 2782.110352 0.000000 0.540449 0.000000 -0.841377 0.599942 0.599942 0.599942
2230.469482 0.000000 2777.888428 0.000000 0.233719 0.000000 -0.972304 0.535157 0.535157 0.535157
2188.406494 0.000000 2768.682617 0.000000 0.092156 0.000000 -0.995745 0.432467 0.432467 0.432467
2178.492188 0.000000 2771.323975 0.000000 0.203951 0.000000 -0.978981 0.527172 0.527172 0.527172
2197.436035 0.000000 2819.032227 0.000000 0.163727 0.000000 -0.986506 0.738771 0.738771 0.738771
2219.551025 0.000000 2774.534180 0.000000 0.444002 0.000000 -0.896026 0.492295 0.492295 0.492295
2232.270996 0.000000 2788.244141 0.000000 0.306781 0.000000 -0.951780 0.484406 0.484406 0.484406
2182.297607 0.000000 2769.082520 0.000000 0.285936 0.000000 -0.958249 0.448638 0.448638 0.448638
2185.349609 0.000000 2820.289551 0.000000 0.517818 0.000000 -0.855491 0.490723 0.490723 0.490723
2195.958252 0.000000 2774.447021 0.000000 0.068722 0.000000 -0.997636 0.484454 0.484454 0.484454
2265.268799 0.000000 2784.143555 0.000000 0.458177 0.000000 -0.888861 0.460406 0.460406 0.460406
2249.095459 0.000000 2779.721680 0.000000 0.071933 0.000000 -0.997410 0.764958 0.764958 0.764958
2257.893799 0.000000 2781.049072 0.000000 0.227796 0.000000 -0.973709 0.541755 0.541755 0.541755
2266.844482 0.000000 2769.451904 0.000000 0.175333 0.000000 -0.984509 0.478259 0.478259 0.478259
2257.983643 0.000000 2789.102539 0.000000 0.323067 0.000000 -0.946376 0.748395 0.748395 0.748395
2271.085693 0.000000 2775.363281 0.000000 0.064828 0.000000 -0.997896 0.695387 0.695387 0.695387
2273.860352 0.000000 2776.475586 0.000000 0.011834 0.000000 -0.999930 0.588210 0.588210 0.588210
2255.844482 0.000000 2770.861572 0.000000 0.134997 0.000000 -0.990846 0.735369 0.735369 0.735369
2260.109619 0.000000 2779.424072 0.000000 0.133305 0.000000 -0.991075 0.587408 0.587408 0.587408
2169.426514 0.000000 2841.617676 0.000000 0.045968 0.000000 -0.998943 0.589572 0.589572 0.589572
2175.290771 0.000000 2824.623779 0.000000 0.136613 0.000000 -0.990624 0.655404 0.655404 0.655404
2170.875244 0.000000 2824.373291 0.000000 0.313120 0.000000 -0.949714 0.537693 0.537693 0.537693
2169.786621 0.000000 2828.743652 0.000000 0.143045 0.000000 -0.989716 0.435985 0.435985 0.435985
2164.612793 0.000000 2839.930664 0.000000 0.069206 0.000000 -0.997602 0.569265 0.569265 0.569265
2151.553711 0.000000 2841.421143 0.000000 0.529223 0.000000 -0.848483 0.490473 0.490473 0.490473
2150.386963 0.000000 2846.566895 0.000000 0.547679 0.000000 -0.836688 0.437815 0.437815 0.437815
2162.542236 0.000000 2830.017334 0.000000 0.556070 0.000000 -0.831135 0.622794 0.622794 0.622794
2221.901367 0.000000 2825.173096 0.000000 0.371716 0.000000 -0.928347 0.415567 0.415567 0.415567
2185.437988 0.000000 2825.036377 0.000000 0.439124 0.000000 -0.898427 0.458657 0.458657 0.458657
2217.896973 0.000000 2824.247070 0.000000 0.502138 0.000000 -0.864787 0.414345 0.414345 0.414345
2210.139648 0.000000 2825.945068 0.000000 0.369633 0.000000 -0.929178 0.449351 0.449351 0.449351
2188.396729 0.000000 2836.726562 0.000000 0.467414 0.000000 -0.884039 0.506579 0.506579 0.506579
2186.448242 0.000000 2827.823730 0.000000 0.561442 0.000000 -0.827516 0.443808 0.443808 0.443808
2665.605957 0.000000 2918.184570 0.000000 0.337700 0.000000 -0.941254 0.426659 0.426659 0.426659
2665.927490 0.000000 2925.436279 0.000000 0.289079 0.000000 -0.957305 0.442225 0.442225 0.442225
2677.008789 0.000000 2924.925049 0.000000 0.412520 0.000000 -0.910949 0.495063 0.495063 0.495063
2681.426514 0.000000 2954.586426 0.000000 0.365725 0.000000 -0.930723 0.663520 0.663520 0.663520
2665.396484 0.000000 2950.946289 0.000000 0.330891 0.000000 -0.943669 0.619091 0.619091 0.619091
6011.206543 0.000000 3475.527588 0.000000 0.213386 0.000000 -0.976968 0.542075 0.542075 0.542075
6078.830566 0.000000 3436.297607 0.000000 0.047869 0.000000 -0.998854 0.727306 0.727306 0.727306
6122.064453 0.000000 3440.386230 0.000000 0.558251 0.000000 -0.829672 0.473089 0.473089 0.473089
6116.101074 0.000000 3436.923828 0.000000 0.552047 0.000000 -0.833813 0.739200 0.739200 0.739200
6035.921875 0.000000 3469.872314 0.000000 0.350386 0.000000 -0.936605 0.460255 0.460255 0.460255
6029.152832 0.000000 3490.777832 0.000000 0.349401 0.000000 -0.936973 0.543284 0.543284 0.543284
6137.915527 0.000000 3456.261719 0.000000 0.457669 0.000000 -0.889123 0.748816 0.748816 0.748816
6103.759277 0.000000 3489.672607 0.000000 0.550644 0.000000 -0.834740 0.742546 0.742546 0.742546
6084.061523 0.000000 3461.756592 0.000000 0.125126 0.000000 -0.992141 0.479145 0.479145 0.479145
6080.226074 0.000000 3496.863770 0.000000 0.555430 0.000000 -0.831564 0.496178 0.496178 0.496178
6139.669434 0.000000 3465.251709 0.000000 0.183527 0.000000 -0.983015 0.621085 0.621085 0.621085
6129.495117 0.000000 3445.646973 0.000000 0.447424 0.000000 -0.894322 0.749328 0.749328 0.749328
6004.612793 0.000000 3517.743164 0.000000 0.562387 0.000000 -0.826874 0.556975 0.556975 0.556975
5947.669434 0.000000 3578.220459 0.000000 0.129097 0.000000 -0.991632 0.434058 0.434058 0.434058
5938.278320 0.000000 3589.224609 0.000000 0.376461 0.000000 -0.926433 0.658826 0.658826 0.658826
6001.158691 0.000000 3593.144043 0.000000 0.552240 0.000000 -0.833685 0.736263 0.736263 0.736263
6064.763672 0.000000 3541.837646 0.000000 0.443785 0.000000 -0.896133 0.541028 0.541028 0.541028
6033.983398 0.000000 3523.399414 0.000000 0.051941 0.000000 -0.998650 0.445942 0.445942 0.445942
6016.226074 0.000000 3553.348145 0.000000 0.262659 0.000000 -0.964889 0.551747 0.551747 0.551747
6066.278320 0.000000 3532.740234 0.000000 0.579046 0.000000 -0.815295 0.518674 0.518674 0.518674
6032.764160 0.000000 3517.983154 0.000000 0.414233 0.000000 -0.910171 0.726972 0.726972 0.726972
6019.898438 0.000000 3554.787842 0.000000 0.004503 0.000000 -0.999990 0.557592 0.557592 0.557592
6105.268555 0.000000 3518.440430 0.000000 0.053381 0.000000 -0.998574 0.528128 0.528128 0.528128
6104.763672 0.000000 3532.762451 0.000000 0.129269 0.000000 -0.991610 0.425516 0.425516 0.425516
6107.116211 0.000000 3520.506592 0.000000 0.565493 0.000000 -0.824753 0.743216 0.743216 0.743216
6095.212891 0.000000 3514.484619 0.000000 0.413998 0.000000 -0.910278 0.463334 0.463334 0.463334
6027.443359 0.000000 3588.502686 0.000000 0.567343 0.000000 -0.823482 0.573714 0.573714 0.573714
6121.206543 0.000000 3567.059326 0.000000 0.153376 0.000000 -0.988168 0.423037 0.423037 0.423037
6118.192871 0.000000 3564.222412 0.000000 0.023653 0.000000 -0.999720 0.594530 0.594530 0.594530
6092.652344 0.000000 3583.942383 0.000000 0.436679 0.000000 -0.899618 0.496675 0.496675 0.496675
6123.550781 0.000000 3565.315430 0.000000 0.347094 0.000000 -0.937830 0.524098 0.524098 0.524098
6169.268555 0.000000 3461.956055 0.000000 0.220714 0.000000 -0.975339 0.535440 0.535440 0.535440
6177.639160 0.000000 3475.584473 0.000000 0.193256 0.000000 -0.981148 0.761333 0.761333 0.761333
6158.124512 0.000000 3474.555664 0.000000 0.090187 0.000000 -0.995925 0.481915 0.481915 0.481915
6151.650879 0.000000 3463.034180 0.000000 0.489397 0.000000 -0.872061 0.558974 0.558974 0.558974
6174.773926 0.000000 3462.018555 0.000000 0.099462 0.000000 -0.995041 0.709846 0.709846 0.709846
6193.098145 0.000000 3459.922852 0.000000 0.221383 0.000000 -0.975187 0.436922 0.436922 0.436922
6155.269531 0.000000 3454.876953 0.000000 0.211133 0.000000 -0.977457 0.708209 0.708209 0.708209
6171.116211 0.000000 3464.022217 0.000000 0.037814 0.000000 -0.999285 0.768314 0.768314 0.768314
6166.343750 0.000000 3519.423584 0.000000 0.556199 0.000000 -0.831049 0.684614 0.684614 0.684614
6208.354004 0.000000 3549.999023 0.000000 0.399712 0.000000 -0.916641 0.416154 0.416154 0.416154
6253.255371 0.000000 3556.906738 0.000000 0.433751 0.000000 -0.901033 0.583914 0.583914 0.583914
6265.426758 0.000000 3519.430176 0.000000 0.036395 0.000000 -0.999337 0.620695 0.620695 0.620695
6246.643555 0.000000 3553.733398 0.000000 0.547231 0.000000 -0.836982 0.551066 0.551066 0.551066
6250.622559 0.000000 3556.056396 0.000000 0.051371 0.000000 -0.998680 0.582846 0.582846 0.582846
6161.216309 0.000000 3598.396973 0.000000 0.276087 0.000000 -0.961133 0.638076 0.638076 0.638076
6198.469238 0.000000 3568.669678 0.000000 0.286621 0.000000 -0.958044 0.607346 0.607346 0.607346
6193.495117 0.000000 3558.615723 0.000000 0.570265 0.000000 -0.821461 0.603230 0.603230 0.603230
6249.896973 0.000000 3558.543945 0.000000 0.541672 0.000000 -0.840590 0.458798 0.458798 0.458798
6272.315430 0.000000 3528.456787 0.000000 0.128003 0.000000 -0.991774 0.591915 0.591915 0.591915
6276.861816 0.000000 3529.985840 0.000000 0.343144 0.000000 -0.939283 0.541290 0.541290 0.541290
6281.808105 0.000000 3537.736816 0.000000 0.229737 0.000000 -0.973253 0.479427 0.479427 0.479427
6301.260254 0.000000 3536.300537 0.000000 0.465145 0.000000 -0.885235 0.729241 0.729241 0.729241
6366.662598 0.000000 3548.221680 0.000000 0.512478 0.000000 -0.858701 0.577434 0.577434 0.577434
6397.733887 0.000000 3592.725830 0.000000 0.420890 0.000000 -0.907112 0.616428 0.616428 0.616428
6381.060059 0.000000 3600.907471 0.000000 0.328194 0.000000 -0.944610 0.595395 0.595395 0.595395
6448.887695 0.000000 3583.391113 0.000000 0.072777 0.000000 -0.997348 0.458514 0.458514 0.458514
6460.718750 0.000000 3599.747070 0.000000 0.401097 0.000000 -0.916036 0.472019 0.472019 0.472019
6464.390625 0.000000 3602.065674 0.000000 0.108352 0.000000 -0.994113 0.513994 0.513994 0.513994
6638.165527 0.000000 3519.573486 0.000000 0.488310 0.000000 -0.872670 0.422161 0.422161 0.422161
6538.276367 0.000000 3579.123047 0.000000 0.042495 0.000000 -0.999097 0.669343 0.669343 0.669343
6587.875488 0.000000 3572.721924 0.000000 0.354628 0.000000 -0.935007 0.434829 0.434829 0.434829
6570.478516 0.000000 3584.252686 0.000000 0.497896 0.000000 -0.867237 0.552387 0.552387 0.552387
6615.871582 0.000000 3597.996582 0.000000 0.528102 0.000000 -0.849181 0.589709 0.589709 0.589709
6669.883301 0.000000 3607.011719 0.000000 0.486022 0.000000 -0.873946 0.747383 0.747383 0.747383
"}
