object={
	name="pine_sparse_generator_3_0"
	clamp_to_water_level=no
	render_under_water=no
	generated_content=yes
	layer="semidynamic_high"
	pdxmesh="tree_fir_001_mesh"
	count=519
	transform="1279.022949 0.000000 2539.478027 0.000000 0.424701 0.000000 0.905334 0.384454 0.384454 0.384454
1270.159790 0.000000 2535.959229 0.000000 0.405661 0.000000 0.914023 0.653451 0.653451 0.653451
1271.320923 0.000000 2539.058105 0.000000 0.537172 0.000000 0.843473 0.523595 0.523595 0.523595
1271.149902 0.000000 2535.410400 0.000000 0.394173 0.000000 0.919036 0.652945 0.652945 0.652945
1279.099731 0.000000 2584.758057 0.000000 0.409161 0.000000 0.912462 0.480709 0.480709 0.480709
1276.820068 0.000000 2572.458496 0.000000 0.263126 0.000000 0.964762 0.650187 0.650187 0.650187
1273.149658 0.000000 2557.902588 0.000000 0.283875 0.000000 0.958861 0.502684 0.502684 0.502684
1276.028442 0.000000 2580.580078 0.000000 0.579911 0.000000 0.814680 0.577222 0.577222 0.577222
1277.774048 0.000000 2580.226318 0.000000 0.358546 0.000000 0.933512 0.569898 0.569898 0.569898
1279.464722 0.000000 2588.117920 0.000000 0.209098 0.000000 0.977895 0.548029 0.548029 0.548029
1268.417847 0.000000 2685.090576 0.000000 0.086213 0.000000 0.996277 0.392574 0.392574 0.392574
1263.751465 0.000000 2692.325684 0.000000 0.287357 0.000000 0.957824 0.436968 0.436968 0.436968
1274.884155 0.000000 2670.049072 0.000000 0.253688 0.000000 0.967286 0.470148 0.470148 0.470148
1277.768066 0.000000 2681.963867 0.000000 0.244365 0.000000 0.969683 0.582013 0.582013 0.582013
1266.554443 0.000000 2692.009766 0.000000 0.387402 0.000000 0.921911 0.567278 0.567278 0.567278
1278.648682 0.000000 2659.732178 0.000000 0.356003 0.000000 0.934485 0.539883 0.539883 0.539883
1276.750244 0.000000 2661.067871 0.000000 0.054305 0.000000 0.998524 0.584592 0.584592 0.584592
1267.067017 0.000000 2691.099121 0.000000 0.231307 0.000000 0.972881 0.621169 0.621169 0.621169
1284.483643 0.000000 2576.226807 0.000000 0.348814 0.000000 0.937192 0.418304 0.418304 0.418304
1280.022583 0.000000 2577.503662 0.000000 0.478762 0.000000 0.877945 0.658615 0.658615 0.658615
1293.261963 0.000000 2591.747314 0.000000 0.119677 0.000000 0.992813 0.639783 0.639783 0.639783
1292.609009 0.000000 2589.808594 0.000000 0.251131 0.000000 0.967953 0.647296 0.647296 0.647296
1291.736816 0.000000 2588.765625 0.000000 0.164942 0.000000 0.986303 0.606897 0.606897 0.606897
1504.533813 0.000000 2540.383545 0.000000 0.182767 0.000000 0.983156 0.486253 0.486253 0.486253
1535.189697 0.000000 2535.807129 0.000000 0.379535 0.000000 0.925177 0.648071 0.648071 0.648071
1529.562134 0.000000 2533.606445 0.000000 0.078588 0.000000 0.996907 0.633506 0.633506 0.633506
1465.786499 0.000000 2546.321777 0.000000 0.026119 0.000000 0.999659 0.379484 0.379484 0.379484
1470.128906 0.000000 2548.657471 0.000000 0.450608 0.000000 0.892722 0.474467 0.474467 0.474467
1486.208130 0.000000 2553.045410 0.000000 0.501031 0.000000 0.865429 0.439311 0.439311 0.439311
1487.744263 0.000000 2552.757324 0.000000 0.177657 0.000000 0.984092 0.433178 0.433178 0.433178
1533.398315 0.000000 2543.658691 0.000000 0.017831 0.000000 0.999841 0.627035 0.627035 0.627035
1527.127563 0.000000 2550.732178 0.000000 0.582130 0.000000 0.813096 0.659592 0.659592 0.659592
1495.267456 0.000000 2555.999023 0.000000 0.533161 0.000000 0.846014 0.645004 0.645004 0.645004
1515.042480 0.000000 2563.196289 0.000000 0.349909 0.000000 0.936784 0.522033 0.522033 0.522033
1529.227173 0.000000 2551.563965 0.000000 0.505618 0.000000 0.862757 0.654987 0.654987 0.654987
1497.368530 0.000000 2557.084717 0.000000 0.508270 0.000000 0.861198 0.658055 0.658055 0.658055
1530.394287 0.000000 2551.524414 0.000000 0.585083 0.000000 0.810974 0.657851 0.657851 0.657851
1502.083984 0.000000 2559.079346 0.000000 0.491172 0.000000 0.871062 0.657777 0.657777 0.657777
1509.773926 0.000000 2563.225830 0.000000 0.079152 0.000000 0.996863 0.597240 0.597240 0.597240
1530.833618 0.000000 2550.379150 0.000000 0.004810 0.000000 0.999988 0.630214 0.630214 0.630214
1293.883423 0.000000 2646.777344 0.000000 0.082271 0.000000 0.996610 0.380454 0.380454 0.380454
1288.607910 0.000000 2612.116699 0.000000 0.043805 0.000000 0.999040 0.402572 0.402572 0.402572
1322.936646 0.000000 2650.781494 0.000000 0.432734 0.000000 0.901522 0.470458 0.470458 0.470458
1291.124878 0.000000 2617.537842 0.000000 0.126631 0.000000 0.991950 0.439332 0.439332 0.439332
1309.439453 0.000000 2645.167969 0.000000 0.114930 0.000000 0.993374 0.467255 0.467255 0.467255
1322.991455 0.000000 2653.660156 0.000000 0.003926 0.000000 0.999992 0.464977 0.464977 0.464977
1318.915771 0.000000 2654.229004 0.000000 0.097103 0.000000 0.995274 0.466888 0.466888 0.466888
1305.114868 0.000000 2652.607666 0.000000 0.439283 0.000000 0.898349 0.618330 0.618330 0.618330
1289.361450 0.000000 2652.289551 0.000000 0.087846 0.000000 0.996134 0.639621 0.639621 0.639621
1293.583374 0.000000 2631.050293 0.000000 0.093317 0.000000 0.995636 0.508596 0.508596 0.508596
1309.621216 0.000000 2635.428711 0.000000 0.538134 0.000000 0.842859 0.588279 0.588279 0.588279
1302.991211 0.000000 2610.560059 0.000000 0.069010 0.000000 0.997616 0.518369 0.518369 0.518369
1303.879395 0.000000 2625.894287 0.000000 0.302061 0.000000 0.953289 0.554169 0.554169 0.554169
1280.271973 0.000000 2619.236572 0.000000 0.017689 0.000000 0.999844 0.484341 0.484341 0.484341
1326.963745 0.000000 2618.380615 0.000000 0.457118 0.000000 0.889406 0.501620 0.501620 0.501620
1296.364136 0.000000 2651.852539 0.000000 0.064416 0.000000 0.997923 0.550868 0.550868 0.550868
1282.485107 0.000000 2639.418457 0.000000 0.003203 0.000000 0.999995 0.616507 0.616507 0.616507
1291.529175 0.000000 2621.434082 0.000000 0.502225 0.000000 0.864737 0.508196 0.508196 0.508196
1306.826904 0.000000 2609.350098 0.000000 0.183112 0.000000 0.983092 0.514269 0.514269 0.514269
1283.441895 0.000000 2599.666992 0.000000 0.410208 0.000000 0.911992 0.648836 0.648836 0.648836
1290.871216 0.000000 2633.555664 0.000000 0.506039 0.000000 0.862511 0.581795 0.581795 0.581795
1284.567505 0.000000 2638.697754 0.000000 0.073082 0.000000 0.997326 0.590270 0.590270 0.590270
1288.532959 0.000000 2651.594238 0.000000 0.461219 0.000000 0.887286 0.654223 0.654223 0.654223
1283.138672 0.000000 2637.537842 0.000000 0.265905 0.000000 0.963999 0.646316 0.646316 0.646316
1296.733398 0.000000 2616.810791 0.000000 0.001772 0.000000 0.999998 0.576195 0.576195 0.576195
1305.502808 0.000000 2608.854736 0.000000 0.445238 0.000000 0.895412 0.655507 0.655507 0.655507
1291.902710 0.000000 2651.244385 0.000000 0.540996 0.000000 0.841025 0.658093 0.658093 0.658093
1303.302979 0.000000 2606.640869 0.000000 0.327531 0.000000 0.944840 0.652653 0.652653 0.652653
1287.689575 0.000000 2653.693359 0.000000 0.560087 0.000000 0.828434 0.658587 0.658587 0.658587
1291.892456 0.000000 2632.070557 0.000000 0.481778 0.000000 0.876293 0.580965 0.580965 0.580965
1280.013794 0.000000 2599.016113 0.000000 0.105085 0.000000 0.994463 0.570850 0.570850 0.570850
1295.096924 0.000000 2616.135498 0.000000 0.528703 0.000000 0.848807 0.621771 0.621771 0.621771
1358.452148 0.000000 2653.875977 0.000000 0.182852 0.000000 0.983141 0.381026 0.381026 0.381026
1362.405518 0.000000 2638.045410 0.000000 0.410923 0.000000 0.911670 0.631269 0.631269 0.631269
1370.143677 0.000000 2653.982666 0.000000 0.262450 0.000000 0.964946 0.648107 0.648107 0.648107
1385.895386 0.000000 2652.963379 0.000000 0.024887 0.000000 0.999690 0.636647 0.636647 0.636647
1306.132568 0.000000 2689.217529 0.000000 0.469594 0.000000 0.882883 0.385468 0.385468 0.385468
1321.043945 0.000000 2666.781250 0.000000 0.471046 0.000000 0.882109 0.433250 0.433250 0.433250
1317.911865 0.000000 2657.925293 0.000000 0.216567 0.000000 0.976268 0.430318 0.430318 0.430318
1316.465698 0.000000 2656.551514 0.000000 0.532646 0.000000 0.846338 0.436311 0.436311 0.436311
1317.219971 0.000000 2678.344971 0.000000 0.445496 0.000000 0.895284 0.440007 0.440007 0.440007
1307.648804 0.000000 2662.199219 0.000000 0.067353 0.000000 0.997729 0.441759 0.441759 0.441759
1307.479858 0.000000 2669.124512 0.000000 0.367476 0.000000 0.930033 0.449279 0.449279 0.449279
1280.011719 0.000000 2679.618652 0.000000 0.476113 0.000000 0.879384 0.475057 0.475057 0.475057
1284.648926 0.000000 2676.875732 0.000000 0.271377 0.000000 0.962473 0.470523 0.470523 0.470523
1291.571533 0.000000 2679.304688 0.000000 0.232892 0.000000 0.972503 0.520764 0.520764 0.520764
1311.819336 0.000000 2687.501465 0.000000 0.000279 0.000000 1.000000 0.598009 0.598009 0.598009
1317.055908 0.000000 2668.208740 0.000000 0.230084 0.000000 0.973171 0.487313 0.487313 0.487313
1280.082764 0.000000 2666.545898 0.000000 0.403206 0.000000 0.915109 0.516328 0.516328 0.516328
1285.392212 0.000000 2657.492920 0.000000 0.412790 0.000000 0.910826 0.629593 0.629593 0.629593
1324.297485 0.000000 2686.818115 0.000000 0.268177 0.000000 0.963370 0.589700 0.589700 0.589700
1302.552368 0.000000 2679.013916 0.000000 0.031422 0.000000 0.999506 0.488108 0.488108 0.488108
1313.146729 0.000000 2702.698975 0.000000 0.044744 0.000000 0.998998 0.493603 0.493603 0.493603
1312.915405 0.000000 2695.681152 0.000000 0.499055 0.000000 0.866570 0.545836 0.545836 0.545836
1286.658936 0.000000 2654.805664 0.000000 0.552710 0.000000 0.833373 0.551105 0.551105 0.551105
1290.822510 0.000000 2676.492188 0.000000 0.263037 0.000000 0.964786 0.509230 0.509230 0.509230
1290.164795 0.000000 2679.697510 0.000000 0.517989 0.000000 0.855387 0.528446 0.528446 0.528446
1311.471680 0.000000 2700.047852 0.000000 0.031705 0.000000 0.999497 0.617508 0.617508 0.617508
1280.978394 0.000000 2660.291504 0.000000 0.495897 0.000000 0.868382 0.551109 0.551109 0.551109
1311.778320 0.000000 2694.028076 0.000000 0.397605 0.000000 0.917557 0.606282 0.606282 0.606282
1313.091309 0.000000 2669.679443 0.000000 0.255151 0.000000 0.966901 0.547582 0.547582 0.547582
1310.356323 0.000000 2697.449707 0.000000 0.076037 0.000000 0.997105 0.639530 0.639530 0.639530
1313.564331 0.000000 2699.320801 0.000000 0.562347 0.000000 0.826901 0.662229 0.662229 0.662229
1308.632935 0.000000 2688.242188 0.000000 0.198989 0.000000 0.980002 0.592626 0.592626 0.592626
1368.763672 0.000000 2685.496826 0.000000 0.462274 0.000000 0.886737 0.385357 0.385357 0.385357
1374.899414 0.000000 2707.627441 0.000000 0.065987 0.000000 0.997820 0.402919 0.402919 0.402919
1361.435669 0.000000 2698.679688 0.000000 0.482429 0.000000 0.875935 0.467966 0.467966 0.467966
1406.128906 0.000000 2661.626221 0.000000 0.381172 0.000000 0.924504 0.650107 0.650107 0.650107
1358.338867 0.000000 2696.586670 0.000000 0.406402 0.000000 0.913694 0.571404 0.571404 0.571404
1389.109253 0.000000 2706.173340 0.000000 0.280199 0.000000 0.959942 0.534275 0.534275 0.534275
1366.552368 0.000000 2679.013916 0.000000 0.401336 0.000000 0.915931 0.512714 0.512714 0.512714
1390.152832 0.000000 2688.657959 0.000000 0.494404 0.000000 0.869232 0.620428 0.620428 0.620428
1392.035400 0.000000 2669.661621 0.000000 0.199704 0.000000 0.979856 0.509434 0.509434 0.509434
1390.978760 0.000000 2709.356934 0.000000 0.346688 0.000000 0.937981 0.525488 0.525488 0.525488
1366.560059 0.000000 2706.424316 0.000000 0.131937 0.000000 0.991258 0.551051 0.551051 0.551051
1394.217041 0.000000 2669.485107 0.000000 0.318173 0.000000 0.948032 0.601774 0.601774 0.601774
1386.687134 0.000000 2659.761230 0.000000 0.442717 0.000000 0.896662 0.650438 0.650438 0.650438
1441.257812 0.000000 2651.299316 0.000000 0.080912 0.000000 0.996721 0.515213 0.515213 0.515213
1442.290283 0.000000 2651.617920 0.000000 0.180385 0.000000 0.983596 0.602295 0.602295 0.602295
1502.089844 0.000000 2627.216553 0.000000 0.149400 0.000000 0.988777 0.380916 0.380916 0.380916
1525.526611 0.000000 2632.216797 0.000000 0.233302 0.000000 0.972404 0.455536 0.455536 0.455536
1482.169800 0.000000 2638.854980 0.000000 0.219614 0.000000 0.975587 0.472965 0.472965 0.472965
1482.652832 0.000000 2637.347168 0.000000 0.356524 0.000000 0.934286 0.472360 0.472360 0.472360
1504.928833 0.000000 2614.272461 0.000000 0.507352 0.000000 0.861739 0.479415 0.479415 0.479415
1493.857300 0.000000 2647.868408 0.000000 0.125670 0.000000 0.992072 0.456937 0.456937 0.456937
1480.949829 0.000000 2644.489746 0.000000 0.574004 0.000000 0.818853 0.539151 0.539151 0.539151
1496.281372 0.000000 2638.991455 0.000000 0.460942 0.000000 0.887430 0.657771 0.657771 0.657771
1482.229004 0.000000 2642.549072 0.000000 0.321690 0.000000 0.946845 0.519527 0.519527 0.519527
1480.459473 0.000000 2640.842285 0.000000 0.129188 0.000000 0.991620 0.597186 0.597186 0.597186
1495.848022 0.000000 2648.332520 0.000000 0.326130 0.000000 0.945325 0.553116 0.553116 0.553116
1498.963867 0.000000 2651.113770 0.000000 0.052780 0.000000 0.998606 0.519684 0.519684 0.519684
1502.298584 0.000000 2622.336914 0.000000 0.025074 0.000000 0.999686 0.598830 0.598830 0.598830
1497.416992 0.000000 2639.620361 0.000000 0.248407 0.000000 0.968656 0.649156 0.649156 0.649156
1480.068481 0.000000 2641.851074 0.000000 0.137461 0.000000 0.990507 0.597458 0.597458 0.597458
1431.097900 0.000000 2673.780029 0.000000 0.041426 0.000000 0.999142 0.427231 0.427231 0.427231
1434.272827 0.000000 2682.849121 0.000000 0.249663 0.000000 0.968333 0.462968 0.462968 0.462968
1423.370850 0.000000 2676.570557 0.000000 0.141537 0.000000 0.989933 0.614599 0.614599 0.614599
1421.261963 0.000000 2704.716064 0.000000 0.432145 0.000000 0.901804 0.581072 0.581072 0.581072
1718.213257 0.000000 2415.349121 0.000000 0.048076 0.000000 0.998844 0.423827 0.423827 0.423827
1721.142822 0.000000 2416.122314 0.000000 0.064089 0.000000 0.997944 0.448716 0.448716 0.448716
1725.826050 0.000000 2414.063477 0.000000 0.549489 0.000000 0.835501 0.611911 0.611911 0.611911
1722.232056 0.000000 2415.747070 0.000000 0.460718 0.000000 0.887547 0.548249 0.548249 0.548249
1724.124512 0.000000 2414.559082 0.000000 0.025671 0.000000 0.999670 0.593803 0.593803 0.593803
1722.283813 0.000000 2414.158691 0.000000 0.090393 0.000000 0.995906 0.537865 0.537865 0.537865
1732.866455 0.000000 2396.302246 0.000000 0.000367 0.000000 1.000000 0.449244 0.449244 0.449244
1730.696289 0.000000 2401.986328 0.000000 0.015983 0.000000 0.999872 0.486033 0.486033 0.486033
1735.499878 0.000000 2395.065918 0.000000 0.359349 0.000000 0.933203 0.522282 0.522282 0.522282
1710.584106 0.000000 2477.608643 0.000000 0.434841 0.000000 0.900507 0.387042 0.387042 0.387042
1715.339844 0.000000 2464.117432 0.000000 0.156645 0.000000 0.987655 0.395420 0.395420 0.395420
1712.863892 0.000000 2473.304199 0.000000 0.321774 0.000000 0.946817 0.399788 0.399788 0.399788
1712.418945 0.000000 2455.104736 0.000000 0.087995 0.000000 0.996121 0.461450 0.461450 0.461450
1716.189697 0.000000 2462.902344 0.000000 0.019328 0.000000 0.999813 0.465292 0.465292 0.465292
1717.067017 0.000000 2482.031006 0.000000 0.359935 0.000000 0.932977 0.495643 0.495643 0.495643
1725.779541 0.000000 2439.607178 0.000000 0.192744 0.000000 0.981249 0.468868 0.468868 0.468868
1722.229980 0.000000 2440.649414 0.000000 0.545325 0.000000 0.838225 0.577797 0.577797 0.577797
1724.750244 0.000000 2435.130371 0.000000 0.482400 0.000000 0.875951 0.658402 0.658402 0.658402
1722.592285 0.000000 2433.967773 0.000000 0.567755 0.000000 0.823197 0.635821 0.635821 0.635821
1538.944824 0.000000 2540.779297 0.000000 0.306595 0.000000 0.951840 0.603114 0.603114 0.603114
1537.456787 0.000000 2536.429443 0.000000 0.328265 0.000000 0.944586 0.652143 0.652143 0.652143
1541.380859 0.000000 2541.954834 0.000000 0.030886 0.000000 0.999523 0.437578 0.437578 0.437578
1539.614258 0.000000 2584.375732 0.000000 0.109546 0.000000 0.993982 0.640636 0.640636 0.640636
1544.459473 0.000000 2584.357910 0.000000 0.180317 0.000000 0.983609 0.569680 0.569680 0.569680
1547.038818 0.000000 2586.806152 0.000000 0.040065 0.000000 0.999197 0.531378 0.531378 0.531378
1541.198608 0.000000 2588.968994 0.000000 0.203435 0.000000 0.979088 0.639129 0.639129 0.639129
1710.407837 0.000000 2512.482422 0.000000 0.280115 0.000000 0.959966 0.445770 0.445770 0.445770
1709.321289 0.000000 2523.795410 0.000000 0.203823 0.000000 0.979008 0.458492 0.458492 0.458492
1686.083252 0.000000 2578.239014 0.000000 0.194788 0.000000 0.980845 0.468910 0.468910 0.468910
1675.080078 0.000000 2591.604492 0.000000 0.305527 0.000000 0.952183 0.471254 0.471254 0.471254
1674.106323 0.000000 2590.343506 0.000000 0.170411 0.000000 0.985373 0.468403 0.468403 0.468403
1683.856934 0.000000 2579.536865 0.000000 0.103065 0.000000 0.994675 0.500153 0.500153 0.500153
1705.059570 0.000000 2565.114502 0.000000 0.012153 0.000000 0.999926 0.618491 0.618491 0.618491
1712.593750 0.000000 2542.618896 0.000000 0.355472 0.000000 0.934687 0.518635 0.518635 0.518635
1705.406372 0.000000 2563.705566 0.000000 0.469704 0.000000 0.882824 0.647625 0.647625 0.647625
1565.587891 0.000000 2617.948975 0.000000 0.102460 0.000000 0.994737 0.380207 0.380207 0.380207
1563.270386 0.000000 2650.027588 0.000000 0.279240 0.000000 0.960221 0.408114 0.408114 0.408114
1553.163452 0.000000 2618.701904 0.000000 0.286771 0.000000 0.957999 0.497451 0.497451 0.497451
1647.774780 0.000000 2617.469727 0.000000 0.495173 0.000000 0.868795 0.391678 0.391678 0.391678
1617.954346 0.000000 2636.305420 0.000000 0.536238 0.000000 0.844067 0.443694 0.443694 0.443694
1608.569824 0.000000 2654.218262 0.000000 0.237636 0.000000 0.971354 0.455622 0.455622 0.455622
1633.994629 0.000000 2631.050781 0.000000 0.064365 0.000000 0.997926 0.533734 0.533734 0.533734
1558.343750 0.000000 2672.157959 0.000000 0.454388 0.000000 0.890804 0.385128 0.385128 0.385128
1590.250977 0.000000 2682.528809 0.000000 0.253615 0.000000 0.967305 0.459496 0.459496 0.459496
1586.992432 0.000000 2684.171631 0.000000 0.232315 0.000000 0.972641 0.469697 0.469697 0.469697
1561.273560 0.000000 2675.694092 0.000000 0.342329 0.000000 0.939580 0.472050 0.472050 0.472050
1600.110718 0.000000 2665.130127 0.000000 0.496544 0.000000 0.868012 0.386091 0.386091 0.386091
1614.121460 0.000000 2656.784180 0.000000 0.107529 0.000000 0.994202 0.392893 0.392893 0.392893
1612.231934 0.000000 2657.602051 0.000000 0.476549 0.000000 0.879148 0.411486 0.411486 0.411486
1600.212158 0.000000 2678.405762 0.000000 0.575538 0.000000 0.817775 0.499308 0.499308 0.499308
1674.685181 0.000000 2600.244629 0.000000 0.548300 0.000000 0.836282 0.447607 0.447607 0.447607
1364.914795 0.000000 2718.971924 0.000000 0.514067 0.000000 0.857750 0.539117 0.539117 0.539117
1968.749756 0.000000 2790.342041 0.000000 0.386472 0.000000 0.922301 0.393567 0.393567 0.393567
1970.491943 0.000000 2791.374756 0.000000 0.097553 0.000000 0.995230 0.405191 0.405191 0.405191
1963.936890 0.000000 2824.161865 0.000000 0.023130 0.000000 0.999732 0.404015 0.404015 0.404015
1968.863892 0.000000 2812.210449 0.000000 0.339148 0.000000 0.940733 0.416331 0.416331 0.416331
1967.143188 0.000000 2793.411865 0.000000 0.241192 0.000000 0.970478 0.400312 0.400312 0.400312
1969.177856 0.000000 2809.347656 0.000000 0.170668 0.000000 0.985328 0.422392 0.422392 0.422392
1958.058228 0.000000 2784.036865 0.000000 0.578204 0.000000 0.815892 0.418897 0.418897 0.418897
1976.508789 0.000000 2809.177002 0.000000 0.455970 0.000000 0.889995 0.537404 0.537404 0.537404
1961.506714 0.000000 2787.450195 0.000000 0.161470 0.000000 0.986878 0.473493 0.473493 0.473493
2014.841187 0.000000 2799.366455 0.000000 0.539680 0.000000 0.841870 0.386359 0.386359 0.386359
2017.496704 0.000000 2791.965088 0.000000 0.407732 0.000000 0.913102 0.384026 0.384026 0.384026
2018.989624 0.000000 2799.948730 0.000000 0.149644 0.000000 0.988740 0.423807 0.423807 0.423807
2022.210083 0.000000 2801.234375 0.000000 0.066292 0.000000 0.997800 0.418846 0.418846 0.418846
1970.878662 0.000000 2831.185059 0.000000 0.473577 0.000000 0.880752 0.520006 0.520006 0.520006
1973.138062 0.000000 2830.531738 0.000000 0.555233 0.000000 0.831695 0.552987 0.552987 0.552987
2173.311279 0.000000 2257.181641 0.000000 0.553070 0.000000 0.833135 0.476896 0.476896 0.476896
2239.474121 0.000000 2248.114990 0.000000 0.129533 0.000000 0.991575 0.419914 0.419914 0.419914
2194.552246 0.000000 2257.041504 0.000000 0.090482 0.000000 0.995898 0.459748 0.459748 0.459748
2232.429443 0.000000 2240.085938 0.000000 0.277938 0.000000 0.960599 0.467108 0.467108 0.467108
2228.189697 0.000000 2236.964844 0.000000 0.177926 0.000000 0.984044 0.468559 0.468559 0.468559
2170.989014 0.000000 2293.009033 0.000000 0.132509 0.000000 0.991182 0.380472 0.380472 0.380472
2170.545166 0.000000 2291.345703 0.000000 0.446798 0.000000 0.894635 0.432777 0.432777 0.432777
2170.513428 0.000000 2273.071289 0.000000 0.475752 0.000000 0.879579 0.475048 0.475048 0.475048
2167.635498 0.000000 2291.658447 0.000000 0.407031 0.000000 0.913414 0.569659 0.569659 0.569659
2172.750244 0.000000 2265.677246 0.000000 0.223209 0.000000 0.974771 0.544946 0.544946 0.544946
2175.025879 0.000000 2263.160645 0.000000 0.276049 0.000000 0.961144 0.605531 0.605531 0.605531
2219.827148 0.000000 2297.561768 0.000000 0.513045 0.000000 0.858362 0.393813 0.393813 0.393813
2208.666016 0.000000 2260.013916 0.000000 0.043625 0.000000 0.999048 0.409641 0.409641 0.409641
2206.385010 0.000000 2300.969727 0.000000 0.213716 0.000000 0.976896 0.412416 0.412416 0.412416
2214.039062 0.000000 2277.476807 0.000000 0.447222 0.000000 0.894423 0.432785 0.432785 0.432785
2215.006836 0.000000 2278.778809 0.000000 0.554413 0.000000 0.832242 0.434933 0.434933 0.434933
2188.118408 0.000000 2290.707764 0.000000 0.492797 0.000000 0.870144 0.464578 0.464578 0.464578
2237.311279 0.000000 2313.666016 0.000000 0.530214 0.000000 0.847864 0.523394 0.523394 0.523394
2219.793701 0.000000 2294.031250 0.000000 0.538408 0.000000 0.842684 0.476537 0.476537 0.476537
2195.231201 0.000000 2262.064697 0.000000 0.548187 0.000000 0.836355 0.476776 0.476776 0.476776
2186.753174 0.000000 2292.238281 0.000000 0.469985 0.000000 0.882674 0.559227 0.559227 0.559227
2227.448730 0.000000 2274.648682 0.000000 0.036751 0.000000 0.999324 0.543265 0.543265 0.543265
2227.049561 0.000000 2272.281738 0.000000 0.127133 0.000000 0.991886 0.514624 0.514624 0.514624
2224.181396 0.000000 2273.233643 0.000000 0.325362 0.000000 0.945590 0.582856 0.582856 0.582856
2267.974365 0.000000 2291.104492 0.000000 0.492225 0.000000 0.870468 0.386289 0.386289 0.386289
2272.929688 0.000000 2315.852539 0.000000 0.379660 0.000000 0.925126 0.400725 0.400725 0.400725
2277.990723 0.000000 2296.012451 0.000000 0.472891 0.000000 0.881121 0.411421 0.411421 0.411421
2272.099609 0.000000 2296.194580 0.000000 0.161555 0.000000 0.986864 0.468219 0.468219 0.468219
2283.721924 0.000000 2310.768555 0.000000 0.147177 0.000000 0.989110 0.535935 0.535935 0.535935
2253.509277 0.000000 2297.151367 0.000000 0.006544 0.000000 0.999979 0.491005 0.491005 0.491005
2205.587891 0.000000 2335.527100 0.000000 0.272760 0.000000 0.962082 0.382548 0.382548 0.382548
2197.555908 0.000000 2331.625244 0.000000 0.455841 0.000000 0.890061 0.427501 0.427501 0.427501
2192.743896 0.000000 2325.454102 0.000000 0.099744 0.000000 0.995013 0.475686 0.475686 0.475686
2228.297119 0.000000 2324.113281 0.000000 0.165411 0.000000 0.986225 0.517314 0.517314 0.517314
2219.927246 0.000000 2330.704346 0.000000 0.155798 0.000000 0.987789 0.637589 0.637589 0.637589
2218.449463 0.000000 2332.245850 0.000000 0.288984 0.000000 0.957334 0.605975 0.605975 0.605975
2189.643799 0.000000 2325.748047 0.000000 0.168622 0.000000 0.985681 0.555540 0.555540 0.555540
2188.431885 0.000000 2325.492432 0.000000 0.113473 0.000000 0.993541 0.553967 0.553967 0.553967
2259.362549 0.000000 2324.170898 0.000000 0.509921 0.000000 0.860221 0.441316 0.441316 0.441316
2267.981201 0.000000 2359.801025 0.000000 0.426227 0.000000 0.904616 0.421499 0.421499 0.421499
2254.208252 0.000000 2327.107910 0.000000 0.378080 0.000000 0.925773 0.447693 0.447693 0.447693
2255.744385 0.000000 2326.819824 0.000000 0.422161 0.000000 0.906521 0.448584 0.448584 0.448584
2246.677002 0.000000 2341.109619 0.000000 0.139157 0.000000 0.990270 0.443097 0.443097 0.443097
2267.986084 0.000000 2326.617432 0.000000 0.019679 0.000000 0.999806 0.484385 0.484385 0.484385
2252.609131 0.000000 2363.871094 0.000000 0.276768 0.000000 0.960937 0.556928 0.556928 0.556928
2288.736572 0.000000 2419.030518 0.000000 0.230557 0.000000 0.973059 0.405527 0.405527 0.405527
2283.793701 0.000000 2407.000000 0.000000 0.062791 0.000000 0.998027 0.466183 0.466183 0.466183
2315.714111 0.000000 2410.346924 0.000000 0.032405 0.000000 0.999475 0.379107 0.379107 0.379107
2337.938477 0.000000 2423.232178 0.000000 0.064461 0.000000 0.997920 0.439949 0.439949 0.439949
2309.604004 0.000000 2377.942871 0.000000 0.002510 0.000000 0.999997 0.538921 0.538921 0.538921
2359.370361 0.000000 2462.483643 0.000000 0.127310 0.000000 0.991863 0.380683 0.380683 0.380683
2313.760254 0.000000 2437.529785 0.000000 0.379115 0.000000 0.925349 0.445913 0.445913 0.445913
2312.166748 0.000000 2434.412842 0.000000 0.216368 0.000000 0.976312 0.469362 0.469362 0.469362
2347.041992 0.000000 2448.906982 0.000000 0.221382 0.000000 0.975187 0.522220 0.522220 0.522220
2349.920898 0.000000 2470.152100 0.000000 0.265544 0.000000 0.964099 0.470399 0.470399 0.470399
2337.111572 0.000000 2462.347656 0.000000 0.165049 0.000000 0.986285 0.531210 0.531210 0.531210
2354.367676 0.000000 2463.457275 0.000000 0.304778 0.000000 0.952423 0.557750 0.557750 0.557750
2347.042480 0.000000 2450.227539 0.000000 0.453538 0.000000 0.891237 0.521248 0.521248 0.521248
2370.422363 0.000000 2441.894531 0.000000 0.350450 0.000000 0.936582 0.472227 0.472227 0.472227
2403.721191 0.000000 2474.026123 0.000000 0.273165 0.000000 0.961967 0.601977 0.601977 0.601977
2402.940674 0.000000 2495.398926 0.000000 0.511832 0.000000 0.859085 0.445001 0.445001 0.445001
2399.390869 0.000000 2489.254639 0.000000 0.240048 0.000000 0.970761 0.492829 0.492829 0.492829
3507.251709 0.000000 2421.507812 0.000000 0.179378 0.000000 0.983780 0.489686 0.489686 0.489686
3520.003906 0.000000 2414.423584 0.000000 0.020544 0.000000 0.999789 0.630916 0.630916 0.630916
3521.115234 0.000000 2414.610596 0.000000 0.108680 0.000000 0.994077 0.634853 0.634853 0.634853
2167.086426 0.000000 2747.866211 0.000000 0.075247 0.000000 0.997165 0.408382 0.408382 0.408382
2169.096924 0.000000 2745.314941 0.000000 0.360887 0.000000 0.932609 0.413093 0.413093 0.413093
2168.429443 0.000000 2748.445312 0.000000 0.088546 0.000000 0.996072 0.568646 0.568646 0.568646
2170.465332 0.000000 2748.781982 0.000000 0.582338 0.000000 0.812947 0.589895 0.589895 0.589895
2169.621094 0.000000 2746.892090 0.000000 0.205637 0.000000 0.978628 0.570444 0.570444 0.570444
2175.487793 0.000000 2784.062500 0.000000 0.096713 0.000000 0.995312 0.419359 0.419359 0.419359
2180.861816 0.000000 2739.204590 0.000000 0.007675 0.000000 0.999971 0.379551 0.379551 0.379551
2179.928711 0.000000 2741.381836 0.000000 0.055029 0.000000 0.998485 0.378885 0.378885 0.378885
2178.240967 0.000000 2753.567383 0.000000 0.371652 0.000000 0.928372 0.420514 0.420514 0.420514
2210.170654 0.000000 2739.607422 0.000000 0.125164 0.000000 0.992136 0.409186 0.409186 0.409186
2213.219971 0.000000 2734.829346 0.000000 0.449507 0.000000 0.893277 0.434645 0.434645 0.434645
2215.991211 0.000000 2744.141602 0.000000 0.014249 0.000000 0.999898 0.446019 0.446019 0.446019
2199.770020 0.000000 2756.807617 0.000000 0.403586 0.000000 0.914942 0.469810 0.469810 0.469810
2216.031982 0.000000 2762.800537 0.000000 0.393891 0.000000 0.919157 0.532086 0.532086 0.532086
2212.343018 0.000000 2753.957275 0.000000 0.145775 0.000000 0.989318 0.577220 0.577220 0.577220
2195.671875 0.000000 2739.984863 0.000000 0.428753 0.000000 0.903422 0.652900 0.652900 0.652900
2201.165527 0.000000 2735.448730 0.000000 0.308715 0.000000 0.951155 0.649038 0.649038 0.649038
2180.623047 0.000000 2742.637207 0.000000 0.411452 0.000000 0.911431 0.583914 0.583914 0.583914
2199.490234 0.000000 2736.697510 0.000000 0.214631 0.000000 0.976695 0.497518 0.497518 0.497518
2198.552246 0.000000 2735.498291 0.000000 0.273763 0.000000 0.961797 0.521813 0.521813 0.521813
2199.490234 0.000000 2734.274414 0.000000 0.105269 0.000000 0.994444 0.517548 0.517548 0.517548
2185.007568 0.000000 2747.959229 0.000000 0.505461 0.000000 0.862850 0.515490 0.515490 0.515490
2200.585449 0.000000 2736.468750 0.000000 0.427527 0.000000 0.904003 0.655408 0.655408 0.655408
2217.701660 0.000000 2757.154053 0.000000 0.345297 0.000000 0.938493 0.649011 0.649011 0.649011
2234.821777 0.000000 2767.382080 0.000000 0.514038 0.000000 0.857767 0.651255 0.651255 0.651255
2217.134033 0.000000 2763.189453 0.000000 0.509604 0.000000 0.860409 0.535392 0.535392 0.535392
2216.736816 0.000000 2739.041260 0.000000 0.299930 0.000000 0.953961 0.647779 0.647779 0.647779
2211.929443 0.000000 2735.188477 0.000000 0.304046 0.000000 0.952657 0.652037 0.652037 0.652037
2241.581055 0.000000 2746.493896 0.000000 0.587562 0.000000 0.809179 0.661118 0.661118 0.661118
2246.734863 0.000000 2761.303955 0.000000 0.106873 0.000000 0.994273 0.642039 0.642039 0.642039
2243.816650 0.000000 2746.680664 0.000000 0.568531 0.000000 0.822662 0.607295 0.607295 0.607295
2250.195801 0.000000 2741.584717 0.000000 0.338772 0.000000 0.940868 0.523509 0.523509 0.523509
2252.522217 0.000000 2751.981934 0.000000 0.108373 0.000000 0.994110 0.639055 0.639055 0.639055
2250.871338 0.000000 2746.524414 0.000000 0.531891 0.000000 0.846813 0.634321 0.634321 0.634321
2249.938477 0.000000 2745.736328 0.000000 0.148111 0.000000 0.988971 0.640227 0.640227 0.640227
2246.752930 0.000000 2741.445557 0.000000 0.359946 0.000000 0.932973 0.650717 0.650717 0.650717
2242.932373 0.000000 2764.394043 0.000000 0.302344 0.000000 0.953199 0.649981 0.649981 0.649981
2186.448242 0.000000 2771.339355 0.000000 0.355451 0.000000 0.934695 0.383481 0.383481 0.383481
2182.226807 0.000000 2812.309326 0.000000 0.460906 0.000000 0.887449 0.402082 0.402082 0.402082
2193.197510 0.000000 2774.527588 0.000000 0.149820 0.000000 0.988713 0.437990 0.437990 0.437990
2195.982178 0.000000 2821.916504 0.000000 0.396023 0.000000 0.918240 0.435421 0.435421 0.435421
2179.034668 0.000000 2821.892822 0.000000 0.325295 0.000000 0.945613 0.432290 0.432290 0.432290
2195.869141 0.000000 2819.053955 0.000000 0.073522 0.000000 0.997294 0.447142 0.447142 0.447142
2232.550049 0.000000 2789.710205 0.000000 0.532879 0.000000 0.846192 0.443623 0.443623 0.443623
2190.478760 0.000000 2812.215088 0.000000 0.302072 0.000000 0.953285 0.447984 0.447984 0.447984
2218.270752 0.000000 2775.226074 0.000000 0.142736 0.000000 0.989761 0.444930 0.444930 0.444930
2219.614258 0.000000 2777.958740 0.000000 0.309868 0.000000 0.950779 0.464216 0.464216 0.464216
2192.399658 0.000000 2773.411865 0.000000 0.001920 0.000000 0.999998 0.549113 0.549113 0.549113
2184.816895 0.000000 2805.824951 0.000000 0.409701 0.000000 0.912220 0.486103 0.486103 0.486103
2221.161133 0.000000 2778.452393 0.000000 0.309921 0.000000 0.950762 0.584102 0.584102 0.584102
2235.085449 0.000000 2778.251465 0.000000 0.383785 0.000000 0.923423 0.638930 0.638930 0.638930
2229.597656 0.000000 2793.405518 0.000000 0.517738 0.000000 0.855539 0.539227 0.539227 0.539227
2224.785645 0.000000 2779.663818 0.000000 0.336055 0.000000 0.941842 0.650746 0.650746 0.650746
2198.560059 0.000000 2819.393066 0.000000 0.403736 0.000000 0.914876 0.569555 0.569555 0.569555
2234.394287 0.000000 2777.461914 0.000000 0.410175 0.000000 0.912007 0.655958 0.655958 0.655958
2234.833496 0.000000 2776.316650 0.000000 0.479632 0.000000 0.877470 0.658934 0.658934 0.658934
2232.529297 0.000000 2775.041260 0.000000 0.351989 0.000000 0.936004 0.564426 0.564426 0.564426
2268.683105 0.000000 2781.168213 0.000000 0.421202 0.000000 0.906967 0.384742 0.384742 0.384742
2267.921387 0.000000 2783.690186 0.000000 0.223286 0.000000 0.974753 0.381389 0.381389 0.381389
2267.827881 0.000000 2771.773438 0.000000 0.363006 0.000000 0.931787 0.389564 0.389564 0.389564
2274.527588 0.000000 2774.842041 0.000000 0.089456 0.000000 0.995991 0.421005 0.421005 0.421005
2257.197510 0.000000 2774.527588 0.000000 0.398313 0.000000 0.917250 0.439078 0.439078 0.439078
2260.698242 0.000000 2772.918457 0.000000 0.360025 0.000000 0.932943 0.450926 0.450926 0.450926
2269.330322 0.000000 2783.841553 0.000000 0.526939 0.000000 0.849903 0.476260 0.476260 0.476260
2255.355225 0.000000 2769.337646 0.000000 0.552944 0.000000 0.833218 0.613830 0.613830 0.613830
2259.024170 0.000000 2781.988770 0.000000 0.545414 0.000000 0.838167 0.620658 0.620658 0.620658
2249.470459 0.000000 2769.773438 0.000000 0.228792 0.000000 0.973475 0.593598 0.593598 0.593598
2259.108887 0.000000 2780.731689 0.000000 0.290401 0.000000 0.956905 0.611212 0.611212 0.611212
2260.123047 0.000000 2778.276611 0.000000 0.362378 0.000000 0.932031 0.522362 0.522362 0.522362
2250.294922 0.000000 2779.867432 0.000000 0.042613 0.000000 0.999092 0.580840 0.580840 0.580840
2251.736572 0.000000 2781.277344 0.000000 0.515691 0.000000 0.856775 0.521178 0.521178 0.521178
2262.291260 0.000000 2782.579102 0.000000 0.459952 0.000000 0.887944 0.656455 0.656455 0.656455
2240.041016 0.000000 2781.293701 0.000000 0.159765 0.000000 0.987155 0.605017 0.605017 0.605017
2252.997803 0.000000 2769.593506 0.000000 0.092285 0.000000 0.995733 0.592584 0.592584 0.592584
2248.004395 0.000000 2779.558594 0.000000 0.392363 0.000000 0.919810 0.649396 0.649396 0.649396
2264.019287 0.000000 2768.849365 0.000000 0.152268 0.000000 0.988339 0.645733 0.645733 0.645733
2270.083984 0.000000 2785.016846 0.000000 0.263828 0.000000 0.964570 0.601661 0.601661 0.601661
2269.677246 0.000000 2786.324463 0.000000 0.188756 0.000000 0.982024 0.588861 0.588861 0.588861
2244.661865 0.000000 2771.149170 0.000000 0.013680 0.000000 0.999906 0.579938 0.579938 0.579938
2254.957275 0.000000 2770.296387 0.000000 0.271635 0.000000 0.962400 0.636361 0.636361 0.636361
2266.176025 0.000000 2786.524658 0.000000 0.528651 0.000000 0.848839 0.660757 0.660757 0.660757
2146.393799 0.000000 2836.911865 0.000000 0.281879 0.000000 0.959450 0.442230 0.442230 0.442230
2170.349854 0.000000 2830.494141 0.000000 0.439088 0.000000 0.898444 0.558265 0.558265 0.558265
2162.878662 0.000000 2831.185059 0.000000 0.337541 0.000000 0.941311 0.560476 0.560476 0.560476
2142.290527 0.000000 2834.789551 0.000000 0.232320 0.000000 0.972639 0.647805 0.647805 0.647805
2182.927734 0.000000 2830.566162 0.000000 0.068709 0.000000 0.997637 0.379301 0.379301 0.379301
2184.166748 0.000000 2829.803467 0.000000 0.493310 0.000000 0.869854 0.448249 0.448249 0.448249
2216.668945 0.000000 2828.872070 0.000000 0.282923 0.000000 0.959143 0.461874 0.461874 0.461874
2213.115234 0.000000 2825.086914 0.000000 0.160473 0.000000 0.987040 0.517191 0.517191 0.517191
2648.050781 0.000000 2898.416016 0.000000 0.439128 0.000000 0.898425 0.438068 0.438068 0.438068
2632.640381 0.000000 2903.802734 0.000000 0.363957 0.000000 0.931416 0.504642 0.504642 0.504642
2678.749512 0.000000 2913.524658 0.000000 0.459236 0.000000 0.888314 0.624363 0.624363 0.624363
6008.881836 0.000000 3457.070312 0.000000 0.078469 0.000000 0.996917 0.638064 0.638064 0.638064
6013.635254 0.000000 3474.168945 0.000000 0.279340 0.000000 0.960192 0.619451 0.619451 0.619451
6013.822754 0.000000 3469.513672 0.000000 0.234777 0.000000 0.972049 0.640561 0.640561 0.640561
6079.189941 0.000000 3439.557129 0.000000 0.570146 0.000000 0.821543 0.657457 0.657457 0.657457
6066.104492 0.000000 3433.776123 0.000000 0.150394 0.000000 0.988626 0.584214 0.584214 0.584214
6076.154785 0.000000 3429.162354 0.000000 0.008707 0.000000 0.999962 0.569651 0.569651 0.569651
6074.231934 0.000000 3432.465820 0.000000 0.225281 0.000000 0.974294 0.646818 0.646818 0.646818
6076.124512 0.000000 3431.277832 0.000000 0.207337 0.000000 0.978270 0.537550 0.537550 0.537550
6074.283691 0.000000 3430.877441 0.000000 0.304832 0.000000 0.952406 0.583938 0.583938 0.583938
6082.331055 0.000000 3429.008301 0.000000 0.057624 0.000000 0.998338 0.420465 0.420465 0.420465
6109.388672 0.000000 3438.253418 0.000000 0.493202 0.000000 0.869915 0.657225 0.657225 0.657225
6111.835449 0.000000 3438.260010 0.000000 0.264618 0.000000 0.964353 0.647627 0.647627 0.647627
6122.916016 0.000000 3439.674072 0.000000 0.361016 0.000000 0.932560 0.569975 0.569975 0.569975
6108.564453 0.000000 3435.290527 0.000000 0.400816 0.000000 0.916158 0.595869 0.595869 0.595869
6038.645996 0.000000 3476.212646 0.000000 0.201972 0.000000 0.979391 0.399697 0.399697 0.399697
6022.432129 0.000000 3491.439453 0.000000 0.530341 0.000000 0.847784 0.512569 0.512569 0.512569
6026.229004 0.000000 3489.814697 0.000000 0.196737 0.000000 0.980456 0.640504 0.640504 0.640504
6016.212402 0.000000 3469.187012 0.000000 0.552664 0.000000 0.833404 0.527659 0.527659 0.527659
6040.386230 0.000000 3475.265137 0.000000 0.075535 0.000000 0.997143 0.585262 0.585262 0.585262
6061.241699 0.000000 3491.507080 0.000000 0.023437 0.000000 0.999725 0.561617 0.561617 0.561617
6017.188965 0.000000 3467.649658 0.000000 0.100793 0.000000 0.994907 0.634499 0.634499 0.634499
6093.914551 0.000000 3463.790039 0.000000 0.116037 0.000000 0.993245 0.453230 0.453230 0.453230
6092.990723 0.000000 3462.549072 0.000000 0.085329 0.000000 0.996353 0.452633 0.452633 0.452633
6096.139160 0.000000 3484.502930 0.000000 0.463556 0.000000 0.886068 0.481982 0.481982 0.481982
6090.621582 0.000000 3472.762939 0.000000 0.021334 0.000000 0.999772 0.484422 0.484422 0.484422
6088.040039 0.000000 3470.790771 0.000000 0.252010 0.000000 0.967725 0.550981 0.550981 0.550981
6138.285645 0.000000 3461.965576 0.000000 0.336764 0.000000 0.941589 0.645307 0.645307 0.645307
6088.640625 0.000000 3468.646484 0.000000 0.581178 0.000000 0.813777 0.659381 0.659381 0.659381
6086.064453 0.000000 3469.721680 0.000000 0.069945 0.000000 0.997551 0.566388 0.566388 0.566388
6086.992676 0.000000 3465.614014 0.000000 0.037049 0.000000 0.999313 0.637146 0.637146 0.637146
6087.842285 0.000000 3466.411621 0.000000 0.284539 0.000000 0.958664 0.642858 0.642858 0.642858
6087.631836 0.000000 3464.205811 0.000000 0.182309 0.000000 0.983241 0.643141 0.643141 0.643141
6126.579590 0.000000 3448.213135 0.000000 0.578712 0.000000 0.815532 0.657502 0.657502 0.657502
6101.435547 0.000000 3491.554443 0.000000 0.464804 0.000000 0.885414 0.594567 0.594567 0.594567
6137.227051 0.000000 3455.313965 0.000000 0.361067 0.000000 0.932540 0.606741 0.606741 0.606741
6089.448242 0.000000 3458.664795 0.000000 0.150622 0.000000 0.988591 0.636738 0.636738 0.636738
6140.821777 0.000000 3467.586426 0.000000 0.553311 0.000000 0.832975 0.654738 0.654738 0.654738
6088.898926 0.000000 3460.441895 0.000000 0.578930 0.000000 0.815377 0.657514 0.657514 0.657514
6098.524414 0.000000 3487.465088 0.000000 0.429968 0.000000 0.902844 0.651972 0.651972 0.651972
6082.886719 0.000000 3461.308350 0.000000 0.395678 0.000000 0.918389 0.623704 0.623704 0.623704
6100.294434 0.000000 3488.740723 0.000000 0.098081 0.000000 0.995178 0.634378 0.634378 0.634378
6089.736816 0.000000 3459.733154 0.000000 0.014281 0.000000 0.999898 0.630636 0.630636 0.630636
6086.690918 0.000000 3468.938477 0.000000 0.372746 0.000000 0.927934 0.575616 0.575616 0.575616
6005.692383 0.000000 3513.766357 0.000000 0.309801 0.000000 0.950801 0.410422 0.410422 0.410422
5937.818848 0.000000 3585.263428 0.000000 0.458581 0.000000 0.888652 0.402043 0.402043 0.402043
5941.369629 0.000000 3578.946777 0.000000 0.523716 0.000000 0.851893 0.654564 0.654564 0.654564
5948.780762 0.000000 3578.607178 0.000000 0.415273 0.000000 0.909697 0.650881 0.650881 0.650881
5939.315430 0.000000 3579.604004 0.000000 0.041725 0.000000 0.999129 0.631860 0.631860 0.631860
6002.737793 0.000000 3592.013184 0.000000 0.311485 0.000000 0.950251 0.415855 0.415855 0.415855
5982.747070 0.000000 3560.103760 0.000000 0.574536 0.000000 0.818480 0.459166 0.459166 0.459166
5997.534668 0.000000 3593.537109 0.000000 0.009839 0.000000 0.999952 0.523743 0.523743 0.523743
5997.161133 0.000000 3569.233643 0.000000 0.494343 0.000000 0.869267 0.504382 0.504382 0.504382
5999.399902 0.000000 3568.754150 0.000000 0.479570 0.000000 0.877504 0.656405 0.656405 0.656405
5992.295898 0.000000 3593.778320 0.000000 0.300735 0.000000 0.953708 0.543613 0.543613 0.543613
5999.433105 0.000000 3569.890625 0.000000 0.569842 0.000000 0.821754 0.660728 0.660728 0.660728
6066.737793 0.000000 3535.528809 0.000000 0.193385 0.000000 0.981123 0.408507 0.408507 0.408507
6035.869141 0.000000 3553.350830 0.000000 0.430434 0.000000 0.902622 0.461394 0.461394 0.461394
6019.320312 0.000000 3550.819336 0.000000 0.218586 0.000000 0.975818 0.586375 0.586375 0.586375
6060.932129 0.000000 3539.219971 0.000000 0.442081 0.000000 0.896975 0.470667 0.470667 0.470667
6024.949707 0.000000 3548.239746 0.000000 0.296116 0.000000 0.955152 0.621779 0.621779 0.621779
6033.638672 0.000000 3527.032959 0.000000 0.439270 0.000000 0.898355 0.604255 0.604255 0.604255
6064.564941 0.000000 3540.594238 0.000000 0.462931 0.000000 0.886394 0.492776 0.492776 0.492776
6031.370605 0.000000 3523.836182 0.000000 0.185901 0.000000 0.982569 0.526540 0.526540 0.526540
6029.407227 0.000000 3522.912598 0.000000 0.309666 0.000000 0.950845 0.648201 0.648201 0.648201
6026.822754 0.000000 3523.757812 0.000000 0.093679 0.000000 0.995602 0.628108 0.628108 0.628108
6032.322266 0.000000 3552.201416 0.000000 0.359709 0.000000 0.933065 0.646397 0.646397 0.646397
6031.213379 0.000000 3521.690918 0.000000 0.561892 0.000000 0.827211 0.657611 0.657611 0.657611
6018.845215 0.000000 3551.775391 0.000000 0.340658 0.000000 0.940187 0.590338 0.590338 0.590338
6111.819336 0.000000 3534.767090 0.000000 0.390590 0.000000 0.920565 0.499954 0.499954 0.499954
6133.066895 0.000000 3555.234131 0.000000 0.495225 0.000000 0.868765 0.502603 0.502603 0.502603
6108.418945 0.000000 3520.917725 0.000000 0.581412 0.000000 0.813609 0.580873 0.580873 0.580873
6086.432129 0.000000 3547.923828 0.000000 0.498737 0.000000 0.866754 0.634735 0.634735 0.634735
6129.885254 0.000000 3549.052002 0.000000 0.030644 0.000000 0.999530 0.503639 0.503639 0.503639
6088.004395 0.000000 3513.855469 0.000000 0.323692 0.000000 0.946162 0.595004 0.595004 0.595004
6088.580078 0.000000 3512.016846 0.000000 0.087368 0.000000 0.996176 0.587334 0.587334 0.587334
6102.996094 0.000000 3534.908203 0.000000 0.441660 0.000000 0.897183 0.620176 0.620176 0.620176
6103.253418 0.000000 3519.015137 0.000000 0.354070 0.000000 0.935219 0.650882 0.650882 0.650882
6022.449219 0.000000 3590.485596 0.000000 0.045407 0.000000 0.998969 0.563961 0.563961 0.563961
6045.522949 0.000000 3586.319580 0.000000 0.065826 0.000000 0.997831 0.640168 0.640168 0.640168
6026.195801 0.000000 3588.850342 0.000000 0.284142 0.000000 0.958782 0.518562 0.518562 0.518562
6027.257324 0.000000 3590.445801 0.000000 0.266061 0.000000 0.963956 0.649393 0.649393 0.649393
6029.020020 0.000000 3590.400391 0.000000 0.554304 0.000000 0.832314 0.587072 0.587072 0.587072
6096.003418 0.000000 3585.818359 0.000000 0.039874 0.000000 0.999205 0.378826 0.378826 0.378826
6119.477539 0.000000 3563.773438 0.000000 0.165845 0.000000 0.986152 0.560635 0.560635 0.560635
6125.841309 0.000000 3566.839844 0.000000 0.190716 0.000000 0.981645 0.489943 0.489943 0.489943
6088.591797 0.000000 3585.274658 0.000000 0.463504 0.000000 0.886095 0.517937 0.517937 0.517937
6117.004395 0.000000 3570.922363 0.000000 0.459303 0.000000 0.888280 0.608507 0.608507 0.608507
6172.560059 0.000000 3474.823242 0.000000 0.004992 0.000000 0.999988 0.477140 0.477140 0.477140
6159.678223 0.000000 3481.964111 0.000000 0.408875 0.000000 0.912590 0.655401 0.655401 0.655401
6151.816406 0.000000 3476.010010 0.000000 0.213489 0.000000 0.976946 0.485179 0.485179 0.485179
6155.304199 0.000000 3463.343262 0.000000 0.405100 0.000000 0.914273 0.648587 0.648587 0.648587
6195.659180 0.000000 3469.663086 0.000000 0.280211 0.000000 0.959938 0.638402 0.638402 0.638402
6177.384277 0.000000 3470.970215 0.000000 0.412919 0.000000 0.910768 0.648969 0.648969 0.648969
6188.617676 0.000000 3458.522949 0.000000 0.495256 0.000000 0.868747 0.655732 0.655732 0.655732
6162.772461 0.000000 3470.226318 0.000000 0.426516 0.000000 0.904480 0.540117 0.540117 0.540117
6173.300293 0.000000 3470.461426 0.000000 0.582998 0.000000 0.812473 0.553895 0.553895 0.553895
6170.844727 0.000000 3470.871582 0.000000 0.364796 0.000000 0.931087 0.591142 0.591142 0.591142
6154.729004 0.000000 3459.966797 0.000000 0.209055 0.000000 0.977904 0.639385 0.639385 0.639385
6151.631836 0.000000 3464.205811 0.000000 0.398058 0.000000 0.917360 0.654942 0.654942 0.654942
6171.766113 0.000000 3467.218506 0.000000 0.165111 0.000000 0.986275 0.637392 0.637392 0.637392
6153.448242 0.000000 3458.664795 0.000000 0.036249 0.000000 0.999343 0.526135 0.526135 0.526135
6176.597168 0.000000 3474.979004 0.000000 0.204387 0.000000 0.978890 0.639173 0.639173 0.639173
6177.611328 0.000000 3468.638672 0.000000 0.261037 0.000000 0.965329 0.644738 0.644738 0.644738
6174.298340 0.000000 3469.602539 0.000000 0.332652 0.000000 0.943049 0.645112 0.645112 0.645112
6194.217285 0.000000 3460.266357 0.000000 0.003293 0.000000 0.999995 0.636858 0.636858 0.636858
6177.302734 0.000000 3473.287109 0.000000 0.335987 0.000000 0.941867 0.645270 0.645270 0.645270
6175.077637 0.000000 3459.841309 0.000000 0.586441 0.000000 0.809992 0.575654 0.575654 0.575654
6155.324707 0.000000 3457.925293 0.000000 0.405266 0.000000 0.914199 0.651960 0.651960 0.651960
6175.373535 0.000000 3462.913330 0.000000 0.284063 0.000000 0.958806 0.616170 0.616170 0.616170
6194.337891 0.000000 3465.390869 0.000000 0.411536 0.000000 0.911393 0.648901 0.648901 0.648901
6188.424316 0.000000 3554.577393 0.000000 0.294849 0.000000 0.955544 0.382224 0.382224 0.382224
6174.637207 0.000000 3520.200195 0.000000 0.246384 0.000000 0.969172 0.452241 0.452241 0.452241
6176.286133 0.000000 3526.909424 0.000000 0.105783 0.000000 0.994389 0.553749 0.553749 0.553749
6165.764648 0.000000 3521.735352 0.000000 0.527135 0.000000 0.849781 0.532314 0.532314 0.532314
6262.224609 0.000000 3517.209961 0.000000 0.123787 0.000000 0.992309 0.433980 0.433980 0.433980
6247.001953 0.000000 3552.350586 0.000000 0.093344 0.000000 0.995634 0.494714 0.494714 0.494714
6265.149414 0.000000 3518.136963 0.000000 0.434619 0.000000 0.900615 0.549246 0.549246 0.549246
6247.974609 0.000000 3555.779785 0.000000 0.130816 0.000000 0.991407 0.564768 0.564768 0.564768
6173.536621 0.000000 3598.528809 0.000000 0.549338 0.000000 0.835600 0.386763 0.386763 0.386763
6160.139160 0.000000 3597.471680 0.000000 0.564530 0.000000 0.825413 0.488103 0.488103 0.488103
6166.880859 0.000000 3599.078857 0.000000 0.072322 0.000000 0.997381 0.480329 0.480329 0.480329
6205.779785 0.000000 3569.294678 0.000000 0.019711 0.000000 0.999806 0.529133 0.529133 0.529133
6195.791016 0.000000 3569.330811 0.000000 0.299501 0.000000 0.954096 0.582027 0.582027 0.582027
6160.442383 0.000000 3599.323242 0.000000 0.165563 0.000000 0.986199 0.560627 0.560627 0.560627
6198.640625 0.000000 3569.753906 0.000000 0.579940 0.000000 0.814660 0.548376 0.548376 0.548376
6202.833496 0.000000 3567.097900 0.000000 0.162784 0.000000 0.986662 0.622138 0.622138 0.622138
6208.082520 0.000000 3570.295898 0.000000 0.184598 0.000000 0.982814 0.540409 0.540409 0.540409
6209.886230 0.000000 3570.637695 0.000000 0.253302 0.000000 0.967387 0.542293 0.542293 0.542293
6277.963867 0.000000 3522.730225 0.000000 0.022988 0.000000 0.999736 0.379288 0.379288 0.379288
6278.203613 0.000000 3539.326416 0.000000 0.325571 0.000000 0.945518 0.439479 0.439479 0.439479
6272.129395 0.000000 3534.075928 0.000000 0.047851 0.000000 0.998854 0.422061 0.422061 0.422061
6291.806641 0.000000 3537.332520 0.000000 0.467289 0.000000 0.884105 0.518040 0.518040 0.518040
6280.591797 0.000000 3528.790283 0.000000 0.362197 0.000000 0.932101 0.509932 0.509932 0.509932
6272.271973 0.000000 3522.986572 0.000000 0.218982 0.000000 0.975729 0.546568 0.546568 0.546568
6277.154785 0.000000 3518.678711 0.000000 0.261736 0.000000 0.965139 0.544274 0.544274 0.544274
6363.270508 0.000000 3553.777588 0.000000 0.506897 0.000000 0.862007 0.408375 0.408375 0.408375
6368.504395 0.000000 3545.378418 0.000000 0.341919 0.000000 0.939729 0.647473 0.647473 0.647473
6296.405762 0.000000 3595.567871 0.000000 0.301480 0.000000 0.953473 0.543634 0.543634 0.543634
6382.877930 0.000000 3611.939209 0.000000 0.566400 0.000000 0.824131 0.396579 0.396579 0.396579
6380.112305 0.000000 3612.570068 0.000000 0.351322 0.000000 0.936255 0.482962 0.482962 0.482962
6606.338867 0.000000 3487.367920 0.000000 0.339527 0.000000 0.940596 0.523529 0.523529 0.523529
6400.974121 0.000000 3571.223389 0.000000 0.435570 0.000000 0.900155 0.384396 0.384396 0.384396
6463.301758 0.000000 3602.613770 0.000000 0.218924 0.000000 0.975742 0.576032 0.576032 0.576032
6400.950195 0.000000 3569.598389 0.000000 0.438779 0.000000 0.898595 0.535126 0.535126 0.535126
6458.283691 0.000000 3600.330566 0.000000 0.566238 0.000000 0.824241 0.623281 0.623281 0.623281
6465.433105 0.000000 3605.771484 0.000000 0.177398 0.000000 0.984139 0.540214 0.540214 0.540214
6570.868164 0.000000 3586.651611 0.000000 0.541913 0.000000 0.840435 0.656830 0.656830 0.656830
6597.821289 0.000000 3576.121826 0.000000 0.048873 0.000000 0.998805 0.451926 0.451926 0.451926
6612.586426 0.000000 3597.819580 0.000000 0.135293 0.000000 0.990806 0.545976 0.545976 0.545976
6638.963867 0.000000 3578.614990 0.000000 0.438825 0.000000 0.898573 0.625336 0.625336 0.625336
6592.006348 0.000000 3575.279297 0.000000 0.380929 0.000000 0.924604 0.609190 0.609190 0.609190
6641.625000 0.000000 3591.939209 0.000000 0.498936 0.000000 0.866639 0.611750 0.611750 0.611750
6598.729492 0.000000 3576.489502 0.000000 0.161560 0.000000 0.986863 0.557063 0.557063 0.557063
6671.678223 0.000000 3594.932861 0.000000 0.286807 0.000000 0.957988 0.645647 0.645647 0.645647
6666.106445 0.000000 3607.062256 0.000000 0.182262 0.000000 0.983250 0.638532 0.638532 0.638532
6669.509277 0.000000 3596.291992 0.000000 0.000446 0.000000 1.000000 0.629730 0.629730 0.629730
6668.608887 0.000000 3606.527344 0.000000 0.487925 0.000000 0.872886 0.652714 0.652714 0.652714
"}
object={
	name="pine_sparse_generator_3_1"
	clamp_to_water_level=no
	render_under_water=no
	generated_content=yes
	layer="semidynamic_high"
	pdxmesh="tree_fir_002_mesh"
	count=510
	transform="1269.469116 0.000000 2534.002686 0.000000 0.677536 0.000000 0.735489 0.588157 0.588157 0.588157
1276.552368 0.000000 2571.216064 0.000000 0.589577 0.000000 0.807712 0.454023 0.454023 0.454023
1279.399414 0.000000 2590.289307 0.000000 0.599577 0.000000 0.800317 0.503613 0.503613 0.503613
1268.335327 0.000000 2556.272461 0.000000 0.913433 0.000000 0.406989 0.670020 0.670020 0.670020
1277.826050 0.000000 2583.516602 0.000000 0.615736 0.000000 0.787952 0.578521 0.578521 0.578521
1279.449219 0.000000 2559.354736 0.000000 0.593817 0.000000 0.804600 0.581324 0.581324 0.581324
1277.822510 0.000000 2565.763672 0.000000 0.821550 0.000000 0.570136 0.514585 0.514585 0.514585
1275.219360 0.000000 2585.394043 0.000000 0.892182 0.000000 0.451675 0.608200 0.608200 0.608200
1278.343750 0.000000 2619.885742 0.000000 0.848904 0.000000 0.528548 0.678395 0.678395 0.678395
1279.025879 0.000000 2602.066895 0.000000 0.880457 0.000000 0.474127 0.680490 0.680490 0.680490
1277.398315 0.000000 2656.627441 0.000000 0.661877 0.000000 0.749612 0.479706 0.479706 0.479706
1278.576294 0.000000 2667.029053 0.000000 0.781386 0.000000 0.624048 0.653402 0.653402 0.653402
1277.779541 0.000000 2665.544678 0.000000 0.771758 0.000000 0.635916 0.623512 0.623512 0.623512
1278.128906 0.000000 2661.626221 0.000000 0.880852 0.000000 0.473391 0.678584 0.678584 0.678584
1276.279541 0.000000 2667.743408 0.000000 0.775669 0.000000 0.631140 0.577664 0.577664 0.577664
1278.953369 0.000000 2679.923340 0.000000 0.875772 0.000000 0.482726 0.627713 0.627713 0.627713
1282.944824 0.000000 2540.779297 0.000000 0.667236 0.000000 0.744846 0.667106 0.667106 0.667106
1280.926514 0.000000 2540.824219 0.000000 0.930793 0.000000 0.365546 0.584535 0.584535 0.584535
1297.633179 0.000000 2590.625732 0.000000 0.656368 0.000000 0.754441 0.424207 0.424207 0.424207
1281.603149 0.000000 2575.750244 0.000000 0.640866 0.000000 0.767653 0.646219 0.646219 0.646219
1280.003906 0.000000 2583.876709 0.000000 0.602592 0.000000 0.798049 0.481795 0.481795 0.481795
1299.485352 0.000000 2590.766357 0.000000 0.749509 0.000000 0.661994 0.667759 0.667759 0.667759
1281.161133 0.000000 2581.076904 0.000000 0.948230 0.000000 0.317586 0.620271 0.620271 0.620271
1282.168335 0.000000 2541.816406 0.000000 0.793957 0.000000 0.607974 0.674418 0.674418 0.674418
1292.126709 0.000000 2586.737305 0.000000 0.915957 0.000000 0.401277 0.583442 0.583442 0.583442
1517.661743 0.000000 2535.567871 0.000000 0.883011 0.000000 0.469353 0.637571 0.637571 0.637571
1530.901367 0.000000 2533.338135 0.000000 0.785325 0.000000 0.619084 0.670426 0.670426 0.670426
1533.859009 0.000000 2541.718262 0.000000 0.737283 0.000000 0.675584 0.667528 0.667528 0.667528
1465.855957 0.000000 2550.618896 0.000000 0.648880 0.000000 0.760891 0.459118 0.459118 0.459118
1471.011719 0.000000 2551.159180 0.000000 0.592887 0.000000 0.805286 0.459597 0.459597 0.459597
1516.084717 0.000000 2572.540771 0.000000 0.869567 0.000000 0.493815 0.393037 0.393037 0.393037
1532.200928 0.000000 2585.869629 0.000000 0.697419 0.000000 0.716664 0.413965 0.413965 0.413965
1502.555786 0.000000 2564.134277 0.000000 0.925066 0.000000 0.379807 0.435663 0.435663 0.435663
1498.808105 0.000000 2558.802734 0.000000 0.914843 0.000000 0.403810 0.458099 0.458099 0.458099
1515.041992 0.000000 2561.875732 0.000000 0.795195 0.000000 0.606354 0.513563 0.513563 0.513563
1524.189697 0.000000 2575.871094 0.000000 0.907669 0.000000 0.419687 0.654476 0.654476 0.654476
1533.768066 0.000000 2568.995117 0.000000 0.859792 0.000000 0.510645 0.486085 0.486085 0.486085
1494.991211 0.000000 2554.075684 0.000000 0.898239 0.000000 0.439506 0.664962 0.664962 0.664962
1518.152832 0.000000 2575.689209 0.000000 0.751940 0.000000 0.659232 0.606015 0.606015 0.606015
1531.795532 0.000000 2548.647461 0.000000 0.741975 0.000000 0.670427 0.632984 0.632984 0.632984
1513.059570 0.000000 2565.114502 0.000000 0.823416 0.000000 0.567438 0.572485 0.572485 0.572485
1495.490356 0.000000 2564.821289 0.000000 0.697253 0.000000 0.716825 0.641684 0.641684 0.641684
1523.448608 0.000000 2557.070557 0.000000 0.937257 0.000000 0.348640 0.686122 0.686122 0.686122
1508.921631 0.000000 2560.288086 0.000000 0.944948 0.000000 0.327219 0.633262 0.633262 0.633262
1510.861572 0.000000 2551.011719 0.000000 0.931412 0.000000 0.363966 0.650917 0.650917 0.650917
1318.249512 0.000000 2651.973389 0.000000 0.938805 0.000000 0.344448 0.428633 0.428633 0.428633
1287.773682 0.000000 2598.828125 0.000000 0.860183 0.000000 0.509985 0.448362 0.448362 0.448362
1292.710571 0.000000 2635.015137 0.000000 0.644207 0.000000 0.764851 0.475555 0.475555 0.475555
1293.914429 0.000000 2616.524414 0.000000 0.709336 0.000000 0.704871 0.466237 0.466237 0.466237
1320.984863 0.000000 2652.504639 0.000000 0.795935 0.000000 0.605383 0.483745 0.483745 0.483745
1304.171021 0.000000 2609.782227 0.000000 0.787826 0.000000 0.615898 0.673388 0.673388 0.673388
1323.041992 0.000000 2618.360107 0.000000 0.833649 0.000000 0.552294 0.673925 0.673925 0.673925
1293.189331 0.000000 2626.322021 0.000000 0.676924 0.000000 0.736053 0.513223 0.513223 0.513223
1293.373169 0.000000 2633.550049 0.000000 0.612032 0.000000 0.790833 0.587409 0.587409 0.587409
1281.161133 0.000000 2637.561279 0.000000 0.889191 0.000000 0.457536 0.630518 0.630518 0.630518
1303.267456 0.000000 2612.483398 0.000000 0.801753 0.000000 0.597656 0.500754 0.500754 0.500754
1304.281372 0.000000 2638.991455 0.000000 0.717377 0.000000 0.696685 0.510840 0.510840 0.510840
1285.392212 0.000000 2601.008545 0.000000 0.904191 0.000000 0.427128 0.683071 0.683071 0.683071
1301.670776 0.000000 2625.365479 0.000000 0.833818 0.000000 0.552039 0.531927 0.531927 0.531927
1300.673706 0.000000 2623.634521 0.000000 0.642351 0.000000 0.766411 0.586763 0.586763 0.586763
1284.526611 0.000000 2599.352051 0.000000 0.942816 0.000000 0.333314 0.685926 0.685926 0.685926
1280.212158 0.000000 2621.921387 0.000000 0.609811 0.000000 0.792547 0.617915 0.617915 0.617915
1290.491211 0.000000 2615.168945 0.000000 0.886891 0.000000 0.461978 0.521248 0.521248 0.521248
1289.007690 0.000000 2634.990479 0.000000 0.676479 0.000000 0.736462 0.527878 0.527878 0.527878
1303.363892 0.000000 2600.208496 0.000000 0.825149 0.000000 0.564915 0.546483 0.546483 0.546483
1290.462524 0.000000 2650.949463 0.000000 0.891775 0.000000 0.452479 0.680306 0.680306 0.680306
1302.567871 0.000000 2602.298828 0.000000 0.672163 0.000000 0.740403 0.662849 0.662849 0.662849
1280.249878 0.000000 2605.383789 0.000000 0.673817 0.000000 0.738898 0.668034 0.668034 0.668034
1284.047607 0.000000 2652.729980 0.000000 0.878325 0.000000 0.478065 0.627886 0.627886 0.627886
1308.043335 0.000000 2650.795166 0.000000 0.928092 0.000000 0.372350 0.631693 0.631693 0.631693
1324.511963 0.000000 2620.235840 0.000000 0.589917 0.000000 0.807464 0.602753 0.602753 0.602753
1302.245972 0.000000 2608.404297 0.000000 0.681862 0.000000 0.731481 0.668670 0.668670 0.668670
1284.661865 0.000000 2601.696045 0.000000 0.749125 0.000000 0.662429 0.672226 0.672226 0.672226
1287.513794 0.000000 2651.867920 0.000000 0.675629 0.000000 0.737242 0.611686 0.611686 0.611686
1285.609131 0.000000 2636.353027 0.000000 0.945008 0.000000 0.327046 0.602832 0.602832 0.602832
1320.628784 0.000000 2660.906006 0.000000 0.867582 0.000000 0.497293 0.395559 0.395559 0.395559
1308.897827 0.000000 2676.404541 0.000000 0.631824 0.000000 0.775112 0.399631 0.399631 0.399631
1283.098755 0.000000 2672.889648 0.000000 0.892445 0.000000 0.451157 0.445753 0.445753 0.445753
1319.927368 0.000000 2667.939697 0.000000 0.670655 0.000000 0.741770 0.448584 0.448584 0.448584
1298.552002 0.000000 2666.658203 0.000000 0.897512 0.000000 0.440991 0.474433 0.474433 0.474433
1286.925415 0.000000 2662.862793 0.000000 0.784028 0.000000 0.620726 0.481482 0.481482 0.481482
1300.957153 0.000000 2682.926514 0.000000 0.675519 0.000000 0.737342 0.480082 0.480082 0.480082
1307.908447 0.000000 2660.269287 0.000000 0.883575 0.000000 0.468289 0.460580 0.460580 0.460580
1317.877441 0.000000 2654.819580 0.000000 0.735627 0.000000 0.677387 0.481821 0.481821 0.481821
1313.452271 0.000000 2692.309326 0.000000 0.773381 0.000000 0.633942 0.479274 0.479274 0.479274
1322.089600 0.000000 2688.378906 0.000000 0.902972 0.000000 0.429699 0.486067 0.486067 0.486067
1314.885498 0.000000 2684.350342 0.000000 0.813085 0.000000 0.582146 0.517984 0.517984 0.517984
1311.658936 0.000000 2690.299316 0.000000 0.873626 0.000000 0.486599 0.616347 0.616347 0.616347
1318.330078 0.000000 2669.113770 0.000000 0.636708 0.000000 0.771105 0.544810 0.544810 0.544810
1301.697998 0.000000 2676.248047 0.000000 0.645341 0.000000 0.763894 0.510420 0.510420 0.510420
1312.142334 0.000000 2668.483643 0.000000 0.587968 0.000000 0.808884 0.557673 0.557673 0.557673
1306.409058 0.000000 2667.622070 0.000000 0.598391 0.000000 0.801204 0.594095 0.594095 0.594095
1281.904907 0.000000 2672.602295 0.000000 0.731580 0.000000 0.681756 0.515005 0.515005 0.515005
1282.946411 0.000000 2657.210938 0.000000 0.800187 0.000000 0.599750 0.524930 0.524930 0.524930
1323.135864 0.000000 2686.388672 0.000000 0.724987 0.000000 0.688763 0.535062 0.535062 0.535062
1320.788330 0.000000 2669.651855 0.000000 0.727591 0.000000 0.686011 0.536998 0.536998 0.536998
1298.772339 0.000000 2679.445068 0.000000 0.922774 0.000000 0.385342 0.540304 0.540304 0.540304
1320.703979 0.000000 2671.911865 0.000000 0.891880 0.000000 0.452272 0.530945 0.530945 0.530945
1324.375000 0.000000 2683.050293 0.000000 0.929484 0.000000 0.368862 0.557850 0.557850 0.557850
1311.322021 0.000000 2692.370850 0.000000 0.894539 0.000000 0.446990 0.625272 0.625272 0.625272
1323.118652 0.000000 2684.854980 0.000000 0.919569 0.000000 0.392929 0.617745 0.617745 0.617745
1325.105713 0.000000 2685.851318 0.000000 0.798973 0.000000 0.601367 0.623107 0.623107 0.623107
1295.096924 0.000000 2672.619873 0.000000 0.760171 0.000000 0.649723 0.602733 0.602733 0.602733
1370.002319 0.000000 2668.801025 0.000000 0.905577 0.000000 0.424181 0.393919 0.393919 0.393919
1373.201782 0.000000 2687.432129 0.000000 0.588377 0.000000 0.808587 0.463151 0.463151 0.463151
1381.430054 0.000000 2659.232910 0.000000 0.765085 0.000000 0.643929 0.480873 0.480873 0.480873
1387.793579 0.000000 2689.421875 0.000000 0.612025 0.000000 0.790838 0.618007 0.618007 0.618007
1367.267456 0.000000 2668.967773 0.000000 0.916432 0.000000 0.400190 0.541805 0.541805 0.541805
1396.335327 0.000000 2669.241211 0.000000 0.935279 0.000000 0.353910 0.584887 0.584887 0.584887
1368.585449 0.000000 2679.984375 0.000000 0.901399 0.000000 0.432990 0.682100 0.682100 0.682100
1397.308350 0.000000 2669.518555 0.000000 0.836184 0.000000 0.548449 0.578711 0.578711 0.578711
1378.603760 0.000000 2677.710449 0.000000 0.700467 0.000000 0.713685 0.610963 0.610963 0.610963
1501.565796 0.000000 2641.580078 0.000000 0.641020 0.000000 0.767524 0.388335 0.388335 0.388335
1493.388916 0.000000 2641.507080 0.000000 0.901859 0.000000 0.432031 0.393754 0.393754 0.393754
1480.816650 0.000000 2646.289551 0.000000 0.686413 0.000000 0.727212 0.413727 0.413727 0.413727
1480.168701 0.000000 2634.056885 0.000000 0.637035 0.000000 0.770835 0.469857 0.469857 0.469857
1497.668701 0.000000 2647.377930 0.000000 0.929103 0.000000 0.369820 0.510265 0.510265 0.510265
1485.373169 0.000000 2633.550049 0.000000 0.738447 0.000000 0.674311 0.504141 0.504141 0.504141
1496.109253 0.000000 2641.244385 0.000000 0.598349 0.000000 0.801236 0.663906 0.663906 0.663906
1504.945312 0.000000 2616.936768 0.000000 0.631295 0.000000 0.775543 0.615215 0.615215 0.615215
1522.367554 0.000000 2632.910400 0.000000 0.843681 0.000000 0.536845 0.625664 0.625664 0.625664
1502.718750 0.000000 2617.703125 0.000000 0.664362 0.000000 0.747411 0.553053 0.553053 0.553053
1482.871216 0.000000 2633.555664 0.000000 0.917770 0.000000 0.397111 0.594922 0.594922 0.594922
1494.763916 0.000000 2643.692871 0.000000 0.697797 0.000000 0.716296 0.618116 0.618116 0.618116
1412.483643 0.000000 2689.195557 0.000000 0.913607 0.000000 0.406597 0.435177 0.435177 0.435177
1423.887817 0.000000 2702.502930 0.000000 0.869992 0.000000 0.493066 0.616114 0.616114 0.616114
1433.454346 0.000000 2663.874268 0.000000 0.684576 0.000000 0.728942 0.498756 0.498756 0.498756
1445.444458 0.000000 2698.197266 0.000000 0.814592 0.000000 0.580035 0.633213 0.633213 0.633213
1421.407227 0.000000 2675.646973 0.000000 0.736657 0.000000 0.676266 0.652769 0.652769 0.652769
1417.007690 0.000000 2691.474854 0.000000 0.946154 0.000000 0.323716 0.583887 0.583887 0.583887
1425.984375 0.000000 2664.399170 0.000000 0.836167 0.000000 0.548475 0.517055 0.517055 0.517055
1442.307007 0.000000 2704.549316 0.000000 0.921218 0.000000 0.389046 0.683764 0.683764 0.683764
1433.502808 0.000000 2665.339111 0.000000 0.714912 0.000000 0.699214 0.609790 0.609790 0.609790
1442.901245 0.000000 2706.169434 0.000000 0.929227 0.000000 0.369509 0.684589 0.684589 0.684589
1414.797485 0.000000 2665.402344 0.000000 0.676610 0.000000 0.736341 0.595391 0.595391 0.595391
1718.766602 0.000000 2416.944336 0.000000 0.692542 0.000000 0.721378 0.423154 0.423154 0.423154
1739.443359 0.000000 2402.330811 0.000000 0.946033 0.000000 0.324070 0.395501 0.395501 0.395501
1737.120239 0.000000 2396.618652 0.000000 0.870706 0.000000 0.491804 0.480868 0.480868 0.480868
1735.816406 0.000000 2402.806885 0.000000 0.758915 0.000000 0.651189 0.527067 0.527067 0.527067
1734.064331 0.000000 2396.518555 0.000000 0.865525 0.000000 0.500865 0.597136 0.597136 0.597136
1723.157593 0.000000 2430.579834 0.000000 0.636389 0.000000 0.771368 0.460649 0.460649 0.460649
1722.349854 0.000000 2435.103516 0.000000 0.669000 0.000000 0.743262 0.645745 0.645745 0.645745
1711.812744 0.000000 2460.932617 0.000000 0.829059 0.000000 0.559161 0.499908 0.499908 0.499908
1727.877441 0.000000 2431.947998 0.000000 0.838588 0.000000 0.544767 0.504034 0.504034 0.504034
1723.795532 0.000000 2435.678711 0.000000 0.943431 0.000000 0.331569 0.663493 0.663493 0.663493
1722.833618 0.000000 2437.410400 0.000000 0.622070 0.000000 0.782962 0.616629 0.616629 0.616629
1547.567871 0.000000 2581.950195 0.000000 0.701689 0.000000 0.712483 0.393559 0.393559 0.393559
1537.161133 0.000000 2581.076904 0.000000 0.591205 0.000000 0.806521 0.532445 0.532445 0.532445
1540.024048 0.000000 2588.848145 0.000000 0.936118 0.000000 0.351685 0.683985 0.683985 0.683985
1541.362183 0.000000 2594.481689 0.000000 0.735835 0.000000 0.677161 0.601603 0.601603 0.601603
1536.026367 0.000000 2578.914062 0.000000 0.850005 0.000000 0.526775 0.618605 0.618605 0.618605
1538.946411 0.000000 2544.242188 0.000000 0.950374 0.000000 0.311111 0.687008 0.687008 0.687008
1537.508423 0.000000 2585.085449 0.000000 0.788807 0.000000 0.614641 0.622563 0.622563 0.622563
1547.498657 0.000000 2583.075195 0.000000 0.928013 0.000000 0.372547 0.671383 0.671383 0.671383
1539.662842 0.000000 2545.037598 0.000000 0.826308 0.000000 0.563219 0.675430 0.675430 0.675430
1548.126709 0.000000 2586.737305 0.000000 0.821182 0.000000 0.570666 0.579814 0.579814 0.579814
1541.452637 0.000000 2587.066650 0.000000 0.906290 0.000000 0.422656 0.680554 0.680554 0.680554
1711.143188 0.000000 2510.989990 0.000000 0.944839 0.000000 0.327534 0.417410 0.417410 0.417410
1712.909302 0.000000 2528.359619 0.000000 0.939298 0.000000 0.343102 0.592820 0.592820 0.592820
1711.419800 0.000000 2507.966797 0.000000 0.671210 0.000000 0.741267 0.535025 0.535025 0.535025
1707.041992 0.000000 2561.875732 0.000000 0.756623 0.000000 0.653851 0.547318 0.547318 0.547318
1559.931152 0.000000 2649.998535 0.000000 0.735949 0.000000 0.677037 0.389639 0.389639 0.389639
1564.897827 0.000000 2619.920166 0.000000 0.718342 0.000000 0.695690 0.406968 0.406968 0.406968
1562.051758 0.000000 2630.575439 0.000000 0.943485 0.000000 0.331416 0.415427 0.415427 0.415427
1563.848511 0.000000 2651.940430 0.000000 0.830438 0.000000 0.557112 0.419109 0.419109 0.419109
1540.025513 0.000000 2602.506592 0.000000 0.590607 0.000000 0.806960 0.437535 0.437535 0.437535
1616.687988 0.000000 2633.466309 0.000000 0.908124 0.000000 0.418702 0.394046 0.394046 0.394046
1655.633301 0.000000 2616.999023 0.000000 0.916752 0.000000 0.399456 0.416220 0.416220 0.416220
1641.985107 0.000000 2619.217773 0.000000 0.911771 0.000000 0.410699 0.419847 0.419847 0.419847
1617.383301 0.000000 2634.788574 0.000000 0.628111 0.000000 0.778124 0.478802 0.478802 0.478802
1615.887817 0.000000 2646.018555 0.000000 0.917222 0.000000 0.398377 0.488669 0.488669 0.488669
1630.440186 0.000000 2628.345215 0.000000 0.933285 0.000000 0.359136 0.542900 0.542900 0.542900
1616.322144 0.000000 2648.451416 0.000000 0.904148 0.000000 0.427220 0.614684 0.614684 0.614684
1624.776978 0.000000 2634.334717 0.000000 0.827801 0.000000 0.561022 0.568975 0.568975 0.568975
1565.555054 0.000000 2662.738770 0.000000 0.684144 0.000000 0.729347 0.450767 0.450767 0.450767
1576.307739 0.000000 2686.358154 0.000000 0.590978 0.000000 0.806688 0.477842 0.477842 0.477842
1575.327881 0.000000 2688.610596 0.000000 0.950290 0.000000 0.311366 0.540328 0.540328 0.540328
1599.272095 0.000000 2677.686523 0.000000 0.710995 0.000000 0.703197 0.618722 0.618722 0.618722
1608.000732 0.000000 2658.826904 0.000000 0.769107 0.000000 0.639121 0.393107 0.393107 0.393107
1613.791260 0.000000 2654.818359 0.000000 0.844487 0.000000 0.535576 0.445944 0.445944 0.445944
1609.044312 0.000000 2657.967041 0.000000 0.659401 0.000000 0.751792 0.514510 0.514510 0.514510
1609.470337 0.000000 2656.804688 0.000000 0.715669 0.000000 0.698440 0.516315 0.516315 0.516315
1669.442505 0.000000 2605.221436 0.000000 0.725643 0.000000 0.688071 0.470400 0.470400 0.470400
1391.227539 0.000000 2712.769287 0.000000 0.589604 0.000000 0.807693 0.465011 0.465011 0.465011
1430.253296 0.000000 2713.315674 0.000000 0.723184 0.000000 0.690655 0.667890 0.667890 0.667890
1431.363892 0.000000 2713.177246 0.000000 0.926912 0.000000 0.375279 0.683798 0.683798 0.683798
1955.651001 0.000000 2790.676758 0.000000 0.587899 0.000000 0.808935 0.387437 0.387437 0.387437
1965.601929 0.000000 2807.659424 0.000000 0.740655 0.000000 0.671886 0.389810 0.389810 0.389810
1956.845703 0.000000 2813.714355 0.000000 0.670003 0.000000 0.742359 0.405950 0.405950 0.405950
1962.287964 0.000000 2798.416748 0.000000 0.922371 0.000000 0.386306 0.439365 0.439365 0.439365
1974.250977 0.000000 2795.497559 0.000000 0.699946 0.000000 0.714196 0.458577 0.458577 0.458577
1975.532715 0.000000 2792.344238 0.000000 0.944669 0.000000 0.328025 0.488303 0.488303 0.488303
2003.150757 0.000000 2801.495850 0.000000 0.603389 0.000000 0.797447 0.387279 0.387279 0.387279
2024.581299 0.000000 2797.998779 0.000000 0.938018 0.000000 0.346587 0.399839 0.399839 0.399839
2015.429199 0.000000 2791.662598 0.000000 0.860668 0.000000 0.509166 0.420003 0.420003 0.420003
2015.860107 0.000000 2815.567871 0.000000 0.880237 0.000000 0.474534 0.414934 0.414934 0.414934
2032.498535 0.000000 2801.287109 0.000000 0.947353 0.000000 0.320190 0.511432 0.511432 0.511432
1972.968994 0.000000 2828.576660 0.000000 0.820902 0.000000 0.571069 0.391654 0.391654 0.391654
1962.270874 0.000000 2831.710449 0.000000 0.846830 0.000000 0.531864 0.485576 0.485576 0.485576
1968.730957 0.000000 2830.371826 0.000000 0.705488 0.000000 0.708722 0.549053 0.549053 0.549053
2175.022949 0.000000 2257.056152 0.000000 0.621427 0.000000 0.783472 0.387414 0.387414 0.387414
2164.105469 0.000000 2245.281494 0.000000 0.854130 0.000000 0.520060 0.412233 0.412233 0.412233
2191.659912 0.000000 2254.055908 0.000000 0.911582 0.000000 0.411118 0.394267 0.394267 0.394267
2180.837402 0.000000 2251.130371 0.000000 0.816156 0.000000 0.577832 0.433769 0.433769 0.433769
2177.866943 0.000000 2259.093750 0.000000 0.949790 0.000000 0.312889 0.438772 0.438772 0.438772
2237.962402 0.000000 2248.678711 0.000000 0.627519 0.000000 0.778601 0.456755 0.456755 0.456755
2232.804932 0.000000 2242.404785 0.000000 0.706314 0.000000 0.707898 0.466155 0.466155 0.466155
2193.812744 0.000000 2258.755615 0.000000 0.945188 0.000000 0.326528 0.490248 0.490248 0.490248
2176.036377 0.000000 2249.485840 0.000000 0.829929 0.000000 0.557869 0.484941 0.484941 0.484941
2189.373291 0.000000 2238.159424 0.000000 0.811482 0.000000 0.584377 0.536566 0.536566 0.536566
2189.509277 0.000000 2240.666992 0.000000 0.940555 0.000000 0.339640 0.587219 0.587219 0.587219
2172.241455 0.000000 2270.117432 0.000000 0.776282 0.000000 0.630386 0.451368 0.451368 0.451368
2175.877441 0.000000 2262.494873 0.000000 0.631201 0.000000 0.775619 0.618813 0.618813 0.618813
2213.382812 0.000000 2286.957031 0.000000 0.871833 0.000000 0.489803 0.410871 0.410871 0.410871
2219.779541 0.000000 2264.356445 0.000000 0.677458 0.000000 0.735562 0.428381 0.428381 0.428381
2216.266113 0.000000 2288.138428 0.000000 0.911342 0.000000 0.411649 0.465555 0.465555 0.465555
2217.198730 0.000000 2295.383057 0.000000 0.897557 0.000000 0.440899 0.459251 0.459251 0.459251
2188.710449 0.000000 2296.108887 0.000000 0.668759 0.000000 0.743479 0.468841 0.468841 0.468841
2226.969971 0.000000 2313.633789 0.000000 0.904704 0.000000 0.426042 0.488047 0.488047 0.488047
2186.652832 0.000000 2298.440918 0.000000 0.735062 0.000000 0.678000 0.478094 0.478094 0.478094
2213.429932 0.000000 2263.842285 0.000000 0.722832 0.000000 0.691024 0.481438 0.481438 0.481438
2189.583252 0.000000 2292.144043 0.000000 0.836270 0.000000 0.548318 0.517059 0.517059 0.517059
2239.464844 0.000000 2305.696045 0.000000 0.669549 0.000000 0.742768 0.593285 0.593285 0.593285
2242.786133 0.000000 2294.275635 0.000000 0.944663 0.000000 0.328044 0.395361 0.395361 0.395361
2273.651611 0.000000 2295.572510 0.000000 0.797324 0.000000 0.603552 0.390974 0.390974 0.390974
2242.331055 0.000000 2299.320801 0.000000 0.806852 0.000000 0.590754 0.441015 0.441015 0.441015
2282.998291 0.000000 2296.041992 0.000000 0.695403 0.000000 0.718620 0.451051 0.451051 0.451051
2283.856201 0.000000 2298.949219 0.000000 0.640311 0.000000 0.768115 0.479125 0.479125 0.479125
2273.452148 0.000000 2296.918701 0.000000 0.844808 0.000000 0.535069 0.485499 0.485499 0.485499
2283.740479 0.000000 2308.306885 0.000000 0.907923 0.000000 0.419138 0.524246 0.524246 0.524246
2200.543945 0.000000 2330.360840 0.000000 0.709941 0.000000 0.704261 0.460696 0.460696 0.460696
2231.597168 0.000000 2322.775635 0.000000 0.897863 0.000000 0.440276 0.474449 0.474449 0.474449
2224.982666 0.000000 2319.290527 0.000000 0.721569 0.000000 0.692342 0.485103 0.485103 0.485103
2232.881592 0.000000 2327.382812 0.000000 0.916053 0.000000 0.401057 0.682115 0.682115 0.682115
2232.781006 0.000000 2329.807129 0.000000 0.615769 0.000000 0.787927 0.619960 0.619960 0.619960
2232.164062 0.000000 2328.782471 0.000000 0.787351 0.000000 0.616505 0.628009 0.628009 0.628009
2220.617432 0.000000 2328.835449 0.000000 0.935466 0.000000 0.353416 0.685860 0.685860 0.685860
2220.866455 0.000000 2333.588867 0.000000 0.703630 0.000000 0.710566 0.523277 0.523277 0.523277
2234.229980 0.000000 2327.680664 0.000000 0.846674 0.000000 0.532112 0.674996 0.674996 0.674996
2230.398193 0.000000 2329.916016 0.000000 0.663998 0.000000 0.747735 0.665681 0.665681 0.665681
2296.193359 0.000000 2368.310303 0.000000 0.825062 0.000000 0.565042 0.484764 0.484764 0.484764
2249.120117 0.000000 2340.134277 0.000000 0.789593 0.000000 0.613631 0.483532 0.483532 0.483532
2250.106445 0.000000 2364.406006 0.000000 0.939543 0.000000 0.342430 0.512821 0.512821 0.512821
2273.949219 0.000000 2357.465088 0.000000 0.699008 0.000000 0.715114 0.497351 0.497351 0.497351
2289.054688 0.000000 2371.722900 0.000000 0.607345 0.000000 0.794438 0.514764 0.514764 0.514764
2257.984375 0.000000 2325.492920 0.000000 0.917264 0.000000 0.398279 0.545650 0.545650 0.545650
2253.742432 0.000000 2362.079346 0.000000 0.884453 0.000000 0.466630 0.579514 0.579514 0.579514
2315.577393 0.000000 2416.364990 0.000000 0.780026 0.000000 0.625747 0.414013 0.414013 0.414013
2357.610352 0.000000 2464.321045 0.000000 0.949680 0.000000 0.313222 0.395689 0.395689 0.395689
2363.123047 0.000000 2468.254395 0.000000 0.658568 0.000000 0.752521 0.429808 0.429808 0.429808
2316.622803 0.000000 2452.459717 0.000000 0.719945 0.000000 0.694031 0.438675 0.438675 0.438675
2352.299561 0.000000 2464.974609 0.000000 0.807510 0.000000 0.589853 0.457922 0.457922 0.457922
2324.371582 0.000000 2465.366211 0.000000 0.620336 0.000000 0.784336 0.449229 0.449229 0.449229
2331.479980 0.000000 2443.187012 0.000000 0.606177 0.000000 0.795330 0.474571 0.474571 0.474571
2346.374268 0.000000 2441.472900 0.000000 0.667133 0.000000 0.744939 0.479850 0.479850 0.479850
2320.534668 0.000000 2442.656006 0.000000 0.914131 0.000000 0.405419 0.488512 0.488512 0.488512
2326.135986 0.000000 2462.406738 0.000000 0.706909 0.000000 0.707305 0.480972 0.480972 0.480972
2312.764404 0.000000 2447.293701 0.000000 0.803222 0.000000 0.595680 0.483993 0.483993 0.483993
2334.551758 0.000000 2463.583008 0.000000 0.696448 0.000000 0.717607 0.480671 0.480671 0.480671
2326.880615 0.000000 2469.391357 0.000000 0.592580 0.000000 0.805512 0.470571 0.470571 0.470571
2348.081299 0.000000 2448.694824 0.000000 0.786697 0.000000 0.617340 0.581863 0.581863 0.581863
2403.097656 0.000000 2470.928223 0.000000 0.950776 0.000000 0.309880 0.404241 0.404241 0.404241
2398.198975 0.000000 2480.076172 0.000000 0.833603 0.000000 0.552364 0.447475 0.447475 0.447475
2388.461182 0.000000 2460.052734 0.000000 0.649380 0.000000 0.760464 0.470175 0.470175 0.470175
2368.049316 0.000000 2459.526367 0.000000 0.806587 0.000000 0.591115 0.484109 0.484109 0.484109
2400.504639 0.000000 2472.175293 0.000000 0.907817 0.000000 0.419367 0.586659 0.586659 0.586659
2402.259277 0.000000 2474.806396 0.000000 0.598309 0.000000 0.801265 0.613853 0.613853 0.613853
2400.601807 0.000000 2475.934814 0.000000 0.942837 0.000000 0.333254 0.625454 0.625454 0.625454
2405.009521 0.000000 2491.374268 0.000000 0.736079 0.000000 0.676896 0.517006 0.517006 0.517006
3517.135498 0.000000 2415.070312 0.000000 0.849744 0.000000 0.527195 0.453665 0.453665 0.453665
3509.717285 0.000000 2417.826172 0.000000 0.779216 0.000000 0.626756 0.563036 0.563036 0.563036
3514.232178 0.000000 2415.747070 0.000000 0.899821 0.000000 0.436260 0.680080 0.680080 0.680080
2171.585693 0.000000 2747.807861 0.000000 0.796300 0.000000 0.604902 0.597114 0.597114 0.597114
2173.091553 0.000000 2819.446045 0.000000 0.931340 0.000000 0.364151 0.464614 0.464614 0.464614
2202.281006 0.000000 2755.096436 0.000000 0.850828 0.000000 0.525444 0.398883 0.398883 0.398883
2206.555908 0.000000 2733.587402 0.000000 0.624340 0.000000 0.781153 0.430903 0.430903 0.430903
2212.916992 0.000000 2762.991211 0.000000 0.908493 0.000000 0.417899 0.452108 0.452108 0.452108
2180.645020 0.000000 2755.863770 0.000000 0.669104 0.000000 0.743169 0.455935 0.455935 0.455935
2181.528809 0.000000 2740.588135 0.000000 0.906429 0.000000 0.422358 0.457727 0.457727 0.457727
2239.264893 0.000000 2744.701904 0.000000 0.701181 0.000000 0.712983 0.464164 0.464164 0.464164
2219.314453 0.000000 2756.435303 0.000000 0.697369 0.000000 0.716712 0.489926 0.489926 0.489926
2195.806641 0.000000 2746.551270 0.000000 0.890856 0.000000 0.454287 0.619378 0.619378 0.619378
2198.003174 0.000000 2740.466309 0.000000 0.813827 0.000000 0.581108 0.491849 0.491849 0.491849
2193.509277 0.000000 2738.620361 0.000000 0.820871 0.000000 0.571114 0.616915 0.616915 0.616915
2199.879395 0.000000 2738.863037 0.000000 0.667018 0.000000 0.745042 0.616745 0.616745 0.616745
2214.659180 0.000000 2752.748047 0.000000 0.603458 0.000000 0.797395 0.579875 0.579875 0.579875
2235.909912 0.000000 2767.359131 0.000000 0.870284 0.000000 0.492550 0.670252 0.670252 0.670252
2212.230225 0.000000 2743.012939 0.000000 0.924789 0.000000 0.380480 0.616276 0.616276 0.616276
2200.600830 0.000000 2734.356445 0.000000 0.756856 0.000000 0.653582 0.671120 0.671120 0.671120
2233.721436 0.000000 2765.370117 0.000000 0.844067 0.000000 0.536238 0.590313 0.590313 0.590313
2208.156006 0.000000 2732.038818 0.000000 0.933056 0.000000 0.359732 0.675666 0.675666 0.675666
2213.458496 0.000000 2752.421875 0.000000 0.740820 0.000000 0.671703 0.598166 0.598166 0.598166
2195.938965 0.000000 2738.964355 0.000000 0.778681 0.000000 0.627421 0.671672 0.671672 0.671672
2250.748779 0.000000 2753.442871 0.000000 0.643338 0.000000 0.765582 0.388332 0.388332 0.388332
2244.483643 0.000000 2745.679932 0.000000 0.901667 0.000000 0.432431 0.427089 0.427089 0.427089
2252.710449 0.000000 2747.983887 0.000000 0.794263 0.000000 0.607574 0.459384 0.459384 0.459384
2246.769043 0.000000 2747.257324 0.000000 0.685100 0.000000 0.728449 0.461887 0.461887 0.461887
2249.015625 0.000000 2743.231934 0.000000 0.604364 0.000000 0.796709 0.659403 0.659403 0.659403
2247.816406 0.000000 2741.713135 0.000000 0.819885 0.000000 0.572529 0.675019 0.675019 0.675019
2242.944824 0.000000 2766.716797 0.000000 0.655420 0.000000 0.755265 0.563659 0.563659 0.563659
2246.215088 0.000000 2754.593018 0.000000 0.884877 0.000000 0.465824 0.679041 0.679041 0.679041
2242.417725 0.000000 2747.157715 0.000000 0.633169 0.000000 0.774013 0.609886 0.609886 0.609886
2258.010010 0.000000 2759.082275 0.000000 0.861580 0.000000 0.507621 0.678274 0.678274 0.678274
2248.417236 0.000000 2761.639404 0.000000 0.854425 0.000000 0.519575 0.677896 0.677896 0.677896
2245.452637 0.000000 2756.519775 0.000000 0.830331 0.000000 0.557271 0.574688 0.574688 0.574688
2259.690918 0.000000 2758.053223 0.000000 0.715025 0.000000 0.699099 0.668411 0.668411 0.668411
2237.973633 0.000000 2771.709473 0.000000 0.833432 0.000000 0.552623 0.462524 0.462524 0.462524
2196.653076 0.000000 2801.393555 0.000000 0.896199 0.000000 0.443653 0.459195 0.459195 0.459195
2201.114990 0.000000 2822.060791 0.000000 0.815952 0.000000 0.578119 0.473195 0.473195 0.473195
2231.127441 0.000000 2776.669678 0.000000 0.597133 0.000000 0.802142 0.487132 0.487132 0.487132
2225.942383 0.000000 2789.845215 0.000000 0.915401 0.000000 0.402543 0.536053 0.536053 0.536053
2229.912354 0.000000 2790.513184 0.000000 0.804456 0.000000 0.594013 0.671656 0.671656 0.671656
2182.643066 0.000000 2819.616943 0.000000 0.670936 0.000000 0.741515 0.606044 0.606044 0.606044
2233.509033 0.000000 2775.369873 0.000000 0.715304 0.000000 0.698813 0.576919 0.576919 0.576919
2233.383301 0.000000 2771.090576 0.000000 0.763805 0.000000 0.645448 0.529100 0.529100 0.529100
2223.400146 0.000000 2777.972900 0.000000 0.924089 0.000000 0.382177 0.682524 0.682524 0.682524
2224.035400 0.000000 2782.630371 0.000000 0.747677 0.000000 0.664063 0.554344 0.554344 0.554344
2226.041260 0.000000 2781.388428 0.000000 0.603497 0.000000 0.797365 0.527379 0.527379 0.527379
2233.227295 0.000000 2777.501465 0.000000 0.946288 0.000000 0.323324 0.685846 0.685846 0.685846
2236.821777 0.000000 2789.773926 0.000000 0.842470 0.000000 0.538743 0.676982 0.676982 0.676982
2187.498535 0.000000 2809.012695 0.000000 0.656559 0.000000 0.754275 0.578244 0.578244 0.578244
2188.609131 0.000000 2815.746094 0.000000 0.877879 0.000000 0.478883 0.612879 0.612879 0.612879
2187.038818 0.000000 2812.743652 0.000000 0.886393 0.000000 0.462933 0.590910 0.590910 0.590910
2188.126709 0.000000 2812.674805 0.000000 0.762608 0.000000 0.646861 0.597333 0.597333 0.597333
2253.243652 0.000000 2774.975586 0.000000 0.757271 0.000000 0.653101 0.390264 0.390264 0.390264
2266.002197 0.000000 2781.769775 0.000000 0.946612 0.000000 0.322375 0.395444 0.395444 0.395444
2271.881836 0.000000 2770.383789 0.000000 0.807358 0.000000 0.590062 0.395874 0.395874 0.395874
2268.897705 0.000000 2789.373291 0.000000 0.936281 0.000000 0.351251 0.418937 0.418937 0.418937
2242.702148 0.000000 2772.897217 0.000000 0.615807 0.000000 0.787897 0.441767 0.441767 0.441767
2272.928711 0.000000 2783.725586 0.000000 0.922861 0.000000 0.385132 0.504192 0.504192 0.504192
2263.267578 0.000000 2781.936523 0.000000 0.888077 0.000000 0.459694 0.678756 0.678756 0.678756
2242.168457 0.000000 2767.753906 0.000000 0.869959 0.000000 0.493125 0.573041 0.573041 0.573041
2261.606445 0.000000 2768.562012 0.000000 0.931181 0.000000 0.364556 0.662244 0.662244 0.662244
2253.407227 0.000000 2788.615723 0.000000 0.660219 0.000000 0.751073 0.574749 0.574749 0.574749
2267.909180 0.000000 2785.230225 0.000000 0.666042 0.000000 0.745914 0.529365 0.529365 0.529365
2250.729004 0.000000 2782.154297 0.000000 0.873301 0.000000 0.487181 0.576982 0.576982 0.576982
2254.561279 0.000000 2788.537109 0.000000 0.831030 0.000000 0.556228 0.650851 0.650851 0.650851
2265.613770 0.000000 2770.197021 0.000000 0.913908 0.000000 0.405922 0.543546 0.543546 0.543546
2256.955811 0.000000 2770.554443 0.000000 0.868511 0.000000 0.495670 0.645894 0.645894 0.645894
2255.213135 0.000000 2787.394043 0.000000 0.914665 0.000000 0.404213 0.556855 0.556855 0.556855
2264.195801 0.000000 2770.861816 0.000000 0.661364 0.000000 0.750065 0.532868 0.532868 0.532868
2251.722656 0.000000 2778.073242 0.000000 0.906919 0.000000 0.421306 0.614888 0.614888 0.614888
2261.880859 0.000000 2776.236816 0.000000 0.720300 0.000000 0.693663 0.595423 0.595423 0.595423
2257.996094 0.000000 2768.701660 0.000000 0.937679 0.000000 0.347504 0.668573 0.668573 0.668573
2258.396729 0.000000 2778.557617 0.000000 0.848316 0.000000 0.529491 0.601736 0.601736 0.601736
2254.447510 0.000000 2768.717041 0.000000 0.766293 0.000000 0.642492 0.623232 0.623232 0.623232
2263.498779 0.000000 2777.742676 0.000000 0.753460 0.000000 0.657494 0.563794 0.563794 0.563794
2243.662842 0.000000 2770.975098 0.000000 0.933019 0.000000 0.359826 0.685816 0.685816 0.685816
2248.372070 0.000000 2780.545166 0.000000 0.618840 0.000000 0.785517 0.654157 0.654157 0.654157
2249.736816 0.000000 2781.920654 0.000000 0.884718 0.000000 0.466127 0.669492 0.669492 0.669492
2250.651123 0.000000 2778.011230 0.000000 0.643306 0.000000 0.765609 0.601275 0.601275 0.601275
2253.467041 0.000000 2768.727295 0.000000 0.609671 0.000000 0.792655 0.610723 0.610723 0.610723
2171.533691 0.000000 2829.793457 0.000000 0.766795 0.000000 0.641892 0.411815 0.411815 0.411815
2170.963135 0.000000 2842.357422 0.000000 0.886718 0.000000 0.462311 0.428449 0.428449 0.428449
2170.884277 0.000000 2839.502197 0.000000 0.891496 0.000000 0.453029 0.640062 0.640062 0.640062
2142.441895 0.000000 2836.182861 0.000000 0.820216 0.000000 0.572054 0.581624 0.581624 0.581624
2168.202881 0.000000 2841.175293 0.000000 0.718229 0.000000 0.695807 0.532979 0.532979 0.532979
2165.735840 0.000000 2840.599365 0.000000 0.608465 0.000000 0.793580 0.551125 0.551125 0.551125
2172.908691 0.000000 2839.154541 0.000000 0.848024 0.000000 0.529957 0.500662 0.500662 0.500662
2170.833496 0.000000 2832.801025 0.000000 0.732907 0.000000 0.680329 0.601470 0.601470 0.601470
2225.495361 0.000000 2824.318848 0.000000 0.877065 0.000000 0.480372 0.393195 0.393195 0.393195
2185.470459 0.000000 2826.257812 0.000000 0.633113 0.000000 0.774059 0.508228 0.508228 0.508228
2189.107910 0.000000 2835.867676 0.000000 0.625918 0.000000 0.779889 0.568037 0.568037 0.568037
2533.564209 0.000000 2812.387939 0.000000 0.661748 0.000000 0.749726 0.474182 0.474182 0.474182
2535.001709 0.000000 2818.053711 0.000000 0.694995 0.000000 0.719015 0.630697 0.630697 0.630697
2525.017578 0.000000 2799.354248 0.000000 0.832197 0.000000 0.554480 0.611985 0.611985 0.611985
2613.717285 0.000000 2926.185547 0.000000 0.678586 0.000000 0.734521 0.629933 0.629933 0.629933
2647.342529 0.000000 2896.213867 0.000000 0.897004 0.000000 0.442023 0.417401 0.417401 0.417401
2649.591064 0.000000 2898.684814 0.000000 0.911704 0.000000 0.410849 0.450342 0.450342 0.450342
2633.120117 0.000000 2904.978027 0.000000 0.646382 0.000000 0.763014 0.497634 0.497634 0.497634
2664.307861 0.000000 2912.295654 0.000000 0.866766 0.000000 0.498715 0.548474 0.548474 0.548474
2624.173096 0.000000 2939.012207 0.000000 0.871974 0.000000 0.489553 0.393231 0.393231 0.393231
2639.571045 0.000000 2943.800049 0.000000 0.893117 0.000000 0.449823 0.393524 0.393524 0.393524
2665.112793 0.000000 2947.625244 0.000000 0.687611 0.000000 0.726080 0.460104 0.460104 0.460104
2666.488525 0.000000 2938.435791 0.000000 0.657707 0.000000 0.753273 0.519949 0.519949 0.519949
2682.839844 0.000000 2957.779541 0.000000 0.682989 0.000000 0.730428 0.601110 0.601110 0.601110
2682.765381 0.000000 2956.324951 0.000000 0.855675 0.000000 0.517514 0.609626 0.609626 0.609626
6013.121582 0.000000 3461.771973 0.000000 0.827975 0.000000 0.560765 0.462340 0.462340 0.462340
6015.335449 0.000000 3471.776367 0.000000 0.932057 0.000000 0.362312 0.685163 0.685163 0.685163
6008.780762 0.000000 3459.494629 0.000000 0.921255 0.000000 0.388960 0.682755 0.682755 0.682755
6011.589355 0.000000 3478.111816 0.000000 0.748530 0.000000 0.663101 0.604021 0.604021 0.604021
6007.950684 0.000000 3471.525391 0.000000 0.862071 0.000000 0.506787 0.520063 0.520063 0.520063
6073.390625 0.000000 3431.469727 0.000000 0.796514 0.000000 0.604620 0.436964 0.436964 0.436964
6077.962402 0.000000 3434.850586 0.000000 0.848976 0.000000 0.528431 0.463064 0.463064 0.463064
6079.265137 0.000000 3422.514404 0.000000 0.918584 0.000000 0.395226 0.469702 0.469702 0.469702
6079.412109 0.000000 3441.910645 0.000000 0.838797 0.000000 0.544445 0.674344 0.674344 0.674344
6076.028320 0.000000 3427.845703 0.000000 0.730147 0.000000 0.683290 0.671144 0.671144 0.671144
6062.998535 0.000000 3417.166260 0.000000 0.938571 0.000000 0.345086 0.558510 0.558510 0.558510
6078.449707 0.000000 3437.239746 0.000000 0.878247 0.000000 0.478207 0.655923 0.655923 0.655923
6107.980957 0.000000 3433.004150 0.000000 0.645481 0.000000 0.763776 0.427670 0.427670 0.427670
6081.161133 0.000000 3428.342529 0.000000 0.851261 0.000000 0.524743 0.675383 0.675383 0.675383
6129.054688 0.000000 3444.926025 0.000000 0.820950 0.000000 0.571001 0.672918 0.672918 0.672918
6119.593750 0.000000 3438.398438 0.000000 0.899724 0.000000 0.436460 0.676333 0.676333 0.676333
6110.990234 0.000000 3439.684326 0.000000 0.590801 0.000000 0.806817 0.662268 0.662268 0.662268
6024.949707 0.000000 3491.755371 0.000000 0.931021 0.000000 0.364964 0.495131 0.495131 0.495131
6020.728516 0.000000 3465.793213 0.000000 0.725444 0.000000 0.688281 0.586497 0.586497 0.586497
6016.271973 0.000000 3466.502197 0.000000 0.647162 0.000000 0.762352 0.661366 0.661366 0.661366
6060.969727 0.000000 3489.365723 0.000000 0.809293 0.000000 0.587406 0.672021 0.672021 0.672021
6045.017578 0.000000 3477.166748 0.000000 0.662282 0.000000 0.749255 0.667364 0.667364 0.667364
6098.267090 0.000000 3478.071045 0.000000 0.915814 0.000000 0.401602 0.684075 0.684075 0.684075
6099.856934 0.000000 3483.286865 0.000000 0.678010 0.000000 0.735053 0.542575 0.542575 0.542575
6084.728516 0.000000 3465.793213 0.000000 0.658958 0.000000 0.752180 0.583784 0.583784 0.583784
6136.780762 0.000000 3459.494629 0.000000 0.821927 0.000000 0.569593 0.672994 0.672994 0.672994
6092.303711 0.000000 3474.501221 0.000000 0.767586 0.000000 0.640946 0.490257 0.490257 0.490257
6083.693359 0.000000 3460.559326 0.000000 0.767283 0.000000 0.641308 0.639788 0.639788 0.639788
6092.520508 0.000000 3472.180908 0.000000 0.854609 0.000000 0.519272 0.521604 0.521604 0.521604
6136.164062 0.000000 3458.469971 0.000000 0.788087 0.000000 0.615564 0.670450 0.670450 0.670450
6137.149414 0.000000 3461.652588 0.000000 0.610026 0.000000 0.792381 0.659717 0.659717 0.659717
6139.976562 0.000000 3461.058838 0.000000 0.751966 0.000000 0.659202 0.667925 0.667925 0.667925
6128.014648 0.000000 3449.455811 0.000000 0.784913 0.000000 0.619606 0.670221 0.670221 0.670221
6129.527832 0.000000 3451.011719 0.000000 0.629739 0.000000 0.776807 0.651084 0.651084 0.651084
6100.768066 0.000000 3490.486572 0.000000 0.615782 0.000000 0.787917 0.600172 0.600172 0.600172
6088.372070 0.000000 3458.357666 0.000000 0.875512 0.000000 0.483196 0.677527 0.677527 0.677527
6127.891602 0.000000 3451.136475 0.000000 0.591007 0.000000 0.806667 0.660064 0.660064 0.660064
6004.335449 0.000000 3516.506836 0.000000 0.907792 0.000000 0.419421 0.524239 0.524239 0.524239
5941.912598 0.000000 3581.294434 0.000000 0.831705 0.000000 0.555218 0.572894 0.572894 0.572894
5943.306152 0.000000 3580.339355 0.000000 0.613858 0.000000 0.789416 0.663190 0.663190 0.663190
5939.048340 0.000000 3585.205566 0.000000 0.588347 0.000000 0.808609 0.658360 0.658360 0.658360
5938.361328 0.000000 3586.308105 0.000000 0.872342 0.000000 0.488897 0.677236 0.677236 0.677236
5994.998047 0.000000 3595.182617 0.000000 0.684610 0.000000 0.728909 0.434108 0.434108 0.434108
5997.321289 0.000000 3596.998535 0.000000 0.661076 0.000000 0.750319 0.452044 0.452044 0.452044
5999.941406 0.000000 3593.135010 0.000000 0.909303 0.000000 0.416134 0.650850 0.650850 0.650850
5999.137695 0.000000 3594.995117 0.000000 0.738001 0.000000 0.674800 0.583369 0.583369 0.583369
6065.158691 0.000000 3536.659668 0.000000 0.813755 0.000000 0.581208 0.391763 0.391763 0.391763
6019.614258 0.000000 3544.610107 0.000000 0.755622 0.000000 0.655008 0.635510 0.635510 0.635510
6026.229004 0.000000 3546.299072 0.000000 0.897612 0.000000 0.440786 0.679658 0.679658 0.679658
6025.139160 0.000000 3546.754883 0.000000 0.881483 0.000000 0.472216 0.680146 0.680146 0.680146
6131.676270 0.000000 3553.343750 0.000000 0.942272 0.000000 0.334849 0.651985 0.651985 0.651985
6110.440430 0.000000 3532.095215 0.000000 0.663114 0.000000 0.748519 0.578496 0.578496 0.578496
6086.418945 0.000000 3509.248291 0.000000 0.616449 0.000000 0.787395 0.578547 0.578547 0.578547
6029.583496 0.000000 3591.284668 0.000000 0.864262 0.000000 0.503042 0.600802 0.600802 0.600802
6025.015625 0.000000 3590.497559 0.000000 0.715542 0.000000 0.698570 0.571435 0.571435 0.571435
6026.752930 0.000000 3591.378906 0.000000 0.630678 0.000000 0.776045 0.665457 0.665457 0.665457
6095.887695 0.000000 3606.252930 0.000000 0.924502 0.000000 0.381177 0.597322 0.597322 0.597322
6088.040039 0.000000 3583.759521 0.000000 0.590515 0.000000 0.807027 0.543292 0.543292 0.543292
6092.520508 0.000000 3585.149658 0.000000 0.914871 0.000000 0.403746 0.566337 0.566337 0.566337
6117.009277 0.000000 3564.577393 0.000000 0.845927 0.000000 0.533299 0.610914 0.610914 0.610914
6095.009277 0.000000 3607.003906 0.000000 0.784095 0.000000 0.620641 0.589131 0.589131 0.589131
6157.243652 0.000000 3452.788086 0.000000 0.794159 0.000000 0.607710 0.391129 0.391129 0.391129
6195.409180 0.000000 3471.033203 0.000000 0.845033 0.000000 0.534714 0.392282 0.392282 0.392282
6164.786621 0.000000 3462.882812 0.000000 0.893694 0.000000 0.448677 0.474266 0.474266 0.474266
6172.418945 0.000000 3464.433350 0.000000 0.593177 0.000000 0.805072 0.662713 0.662713 0.662713
6172.656250 0.000000 3460.419434 0.000000 0.763426 0.000000 0.645895 0.668769 0.668769 0.668769
6192.071777 0.000000 3469.306641 0.000000 0.694080 0.000000 0.719898 0.664186 0.664186 0.664186
6166.552246 0.000000 3469.795166 0.000000 0.935774 0.000000 0.352601 0.685516 0.685516 0.685516
6154.491211 0.000000 3462.434570 0.000000 0.887680 0.000000 0.460462 0.678676 0.678676 0.678676
6148.218262 0.000000 3462.978027 0.000000 0.659741 0.000000 0.751493 0.578366 0.578366 0.578366
6167.490234 0.000000 3468.571289 0.000000 0.940636 0.000000 0.339418 0.686081 0.686081 0.686081
6190.927246 0.000000 3462.134766 0.000000 0.728688 0.000000 0.684846 0.666382 0.666382 0.666382
6195.448730 0.000000 3460.820557 0.000000 0.933092 0.000000 0.359637 0.685181 0.685181 0.685181
6173.687012 0.000000 3458.401855 0.000000 0.893914 0.000000 0.448239 0.561251 0.561251 0.561251
6180.230469 0.000000 3477.309814 0.000000 0.898394 0.000000 0.439190 0.682161 0.682161 0.682161
6155.736328 0.000000 3459.089844 0.000000 0.842361 0.000000 0.538913 0.674637 0.674637 0.674637
6181.796387 0.000000 3477.989746 0.000000 0.884314 0.000000 0.466893 0.680941 0.680941 0.680941
6193.593262 0.000000 3462.242188 0.000000 0.934286 0.000000 0.356525 0.683755 0.683755 0.683755
6195.050781 0.000000 3463.810059 0.000000 0.717258 0.000000 0.696808 0.667396 0.667396 0.667396
6152.898926 0.000000 3460.441895 0.000000 0.923995 0.000000 0.382404 0.547979 0.547979 0.547979
6173.677246 0.000000 3464.136963 0.000000 0.685319 0.000000 0.728243 0.667496 0.667496 0.667496
6178.365234 0.000000 3472.841797 0.000000 0.908843 0.000000 0.417139 0.650812 0.650812 0.650812
6195.315430 0.000000 3466.635254 0.000000 0.835840 0.000000 0.548974 0.675880 0.675880 0.675880
6165.270508 0.000000 3471.702148 0.000000 0.637494 0.000000 0.770455 0.602846 0.602846 0.602846
6193.442383 0.000000 3466.035400 0.000000 0.816077 0.000000 0.577944 0.672540 0.672540 0.672540
6174.111328 0.000000 3459.330811 0.000000 0.783012 0.000000 0.622007 0.583540 0.583540 0.583540
6178.717285 0.000000 3527.394287 0.000000 0.907159 0.000000 0.420788 0.446342 0.446342 0.446342
6165.588379 0.000000 3520.575928 0.000000 0.657484 0.000000 0.753468 0.536392 0.536392 0.536392
6197.066895 0.000000 3555.234131 0.000000 0.625935 0.000000 0.779876 0.517142 0.517142 0.517142
6153.007812 0.000000 3538.740479 0.000000 0.876925 0.000000 0.480627 0.680592 0.680592 0.680592
6150.215332 0.000000 3545.374268 0.000000 0.889436 0.000000 0.457059 0.572289 0.572289 0.572289
6164.359863 0.000000 3520.412354 0.000000 0.593702 0.000000 0.804685 0.534336 0.534336 0.534336
6197.469238 0.000000 3550.721436 0.000000 0.903669 0.000000 0.428232 0.627826 0.627826 0.627826
6149.291992 0.000000 3545.824219 0.000000 0.875180 0.000000 0.483798 0.679835 0.679835 0.679835
6263.988281 0.000000 3517.654541 0.000000 0.921409 0.000000 0.388595 0.452680 0.452680 0.452680
6271.537598 0.000000 3532.297607 0.000000 0.949197 0.000000 0.314681 0.457925 0.457925 0.457925
6208.003906 0.000000 3544.111084 0.000000 0.729198 0.000000 0.684302 0.533371 0.533371 0.533371
6266.651855 0.000000 3523.613770 0.000000 0.823239 0.000000 0.567695 0.676526 0.676526 0.676526
6159.409668 0.000000 3598.675781 0.000000 0.943790 0.000000 0.330545 0.446126 0.446126 0.446126
6276.637695 0.000000 3520.604004 0.000000 0.863047 0.000000 0.505123 0.393533 0.393533 0.393533
6299.789062 0.000000 3537.210938 0.000000 0.716582 0.000000 0.697503 0.440450 0.440450 0.440450
6286.941895 0.000000 3527.671875 0.000000 0.627463 0.000000 0.778646 0.438346 0.438346 0.438346
6298.510254 0.000000 3532.824463 0.000000 0.651496 0.000000 0.758652 0.446276 0.446276 0.446276
6284.962891 0.000000 3532.151855 0.000000 0.802770 0.000000 0.596289 0.470883 0.470883 0.470883
6278.992676 0.000000 3522.098389 0.000000 0.878740 0.000000 0.477301 0.680000 0.680000 0.680000
6272.444336 0.000000 3531.755859 0.000000 0.668303 0.000000 0.743889 0.573239 0.573239 0.573239
6296.386230 0.000000 3531.749512 0.000000 0.589887 0.000000 0.807486 0.606340 0.606340 0.606340
6364.400879 0.000000 3553.489502 0.000000 0.683212 0.000000 0.730220 0.668454 0.668454 0.668454
6297.919434 0.000000 3594.122314 0.000000 0.886627 0.000000 0.462485 0.564593 0.564593 0.564593
6376.255371 0.000000 3603.402344 0.000000 0.884433 0.000000 0.466668 0.466297 0.466297 0.466297
6379.740234 0.000000 3607.447510 0.000000 0.918791 0.000000 0.394745 0.574176 0.574176 0.574176
6382.979004 0.000000 3613.106934 0.000000 0.942172 0.000000 0.335131 0.524450 0.524450 0.524450
6377.787598 0.000000 3598.305908 0.000000 0.611276 0.000000 0.791418 0.592789 0.592789 0.592789
6372.157715 0.000000 3605.379150 0.000000 0.846667 0.000000 0.532124 0.659282 0.659282 0.659282
6609.383301 0.000000 3482.054199 0.000000 0.772697 0.000000 0.634775 0.473661 0.473661 0.473661
6607.086426 0.000000 3483.082275 0.000000 0.841074 0.000000 0.540920 0.494749 0.494749 0.494749
6610.405762 0.000000 3485.311035 0.000000 0.739357 0.000000 0.673314 0.618235 0.618235 0.618235
6611.857422 0.000000 3485.743408 0.000000 0.895080 0.000000 0.445906 0.627189 0.627189 0.627189
6610.524414 0.000000 3487.465088 0.000000 0.837434 0.000000 0.546539 0.619716 0.619716 0.619716
6404.567383 0.000000 3598.932129 0.000000 0.805323 0.000000 0.592836 0.541891 0.541891 0.541891
6449.407715 0.000000 3584.287354 0.000000 0.621496 0.000000 0.783417 0.650701 0.650701 0.650701
6462.502441 0.000000 3603.399658 0.000000 0.855928 0.000000 0.517095 0.600310 0.600310 0.600310
6465.717285 0.000000 3602.960693 0.000000 0.655199 0.000000 0.755457 0.468486 0.468486 0.468486
6464.036621 0.000000 3603.542969 0.000000 0.718048 0.000000 0.695994 0.470185 0.470185 0.470185
6638.218262 0.000000 3520.907715 0.000000 0.589040 0.000000 0.808104 0.651005 0.651005 0.651005
6643.315430 0.000000 3523.119629 0.000000 0.665500 0.000000 0.746398 0.667603 0.667603 0.667603
6629.773926 0.000000 3523.460205 0.000000 0.845062 0.000000 0.534668 0.676734 0.676734 0.676734
6588.908691 0.000000 3573.451416 0.000000 0.668442 0.000000 0.743764 0.540416 0.540416 0.540416
6572.375000 0.000000 3586.800293 0.000000 0.854449 0.000000 0.519535 0.551606 0.551606 0.551606
6596.983887 0.000000 3570.046631 0.000000 0.748609 0.000000 0.663011 0.618684 0.618684 0.618684
6636.866699 0.000000 3576.245117 0.000000 0.857769 0.000000 0.514035 0.577988 0.577988 0.577988
6593.134277 0.000000 3575.112061 0.000000 0.610882 0.000000 0.791722 0.617960 0.617960 0.617960
6664.816895 0.000000 3596.606201 0.000000 0.727657 0.000000 0.685941 0.588423 0.588423 0.588423
"}
object={
	name="pine_sparse_generator_3_2"
	clamp_to_water_level=no
	render_under_water=no
	generated_content=yes
	layer="semidynamic_high"
	pdxmesh="tree_fir_003_mesh"
	count=501
	transform="1275.742432 0.000000 2522.989502 0.000000 0.996257 0.000000 0.086439 0.398846 0.398846 0.398846
1269.067017 0.000000 2538.515381 0.000000 0.987815 0.000000 0.155636 0.524865 0.524865 0.524865
1273.562134 0.000000 2533.606445 0.000000 0.999358 0.000000 -0.035825 0.627580 0.627580 0.627580
1273.070557 0.000000 2532.031250 0.000000 0.993814 0.000000 -0.111061 0.629917 0.629917 0.629917
1274.085693 0.000000 2588.955566 0.000000 0.999910 0.000000 0.013410 0.399813 0.399813 0.399813
1273.397339 0.000000 2579.947266 0.000000 0.962521 0.000000 -0.271208 0.404843 0.404843 0.404843
1275.031128 0.000000 2587.535645 0.000000 0.964547 0.000000 0.263910 0.489668 0.489668 0.489668
1276.154541 0.000000 2581.896729 0.000000 0.966799 0.000000 0.255538 0.597390 0.597390 0.597390
1274.465332 0.000000 2579.328857 0.000000 0.994091 0.000000 -0.108550 0.651620 0.651620 0.651620
1274.839966 0.000000 2562.388916 0.000000 0.998869 0.000000 0.047551 0.554694 0.554694 0.554694
1276.821777 0.000000 2563.836426 0.000000 0.977710 0.000000 -0.209961 0.619039 0.619039 0.619039
1278.502197 0.000000 2586.680908 0.000000 0.968836 0.000000 -0.247702 0.620193 0.620193 0.620193
1269.308350 0.000000 2556.549805 0.000000 0.994183 0.000000 0.107705 0.681362 0.681362 0.681362
1276.005859 0.000000 2606.548340 0.000000 0.999444 0.000000 -0.033331 0.621603 0.621603 0.621603
1276.821777 0.000000 2620.320801 0.000000 0.981948 0.000000 -0.189154 0.576565 0.576565 0.576565
1276.446411 0.000000 2607.862061 0.000000 0.970038 0.000000 -0.242954 0.628060 0.628060 0.628060
1273.532715 0.000000 2669.740234 0.000000 0.992904 0.000000 0.118923 0.399304 0.399304 0.399304
1273.878052 0.000000 2685.346924 0.000000 0.988760 0.000000 0.149510 0.478469 0.478469 0.478469
1279.335327 0.000000 2680.995117 0.000000 0.985088 0.000000 0.172053 0.599875 0.599875 0.599875
1279.025879 0.000000 2658.551270 0.000000 0.997727 0.000000 -0.067387 0.573339 0.573339 0.573339
1277.047485 0.000000 2663.202393 0.000000 0.993195 0.000000 0.116467 0.686856 0.686856 0.686856
1282.095459 0.000000 2539.041016 0.000000 0.989318 0.000000 0.145776 0.693480 0.693480 0.693480
1282.932251 0.000000 2538.456543 0.000000 0.973173 0.000000 -0.230075 0.710346 0.710346 0.710346
1298.458984 0.000000 2593.234131 0.000000 0.976867 0.000000 0.213846 0.690396 0.690396 0.690396
1281.433228 0.000000 2589.052734 0.000000 0.999939 0.000000 -0.011047 0.644477 0.644477 0.644477
1282.320068 0.000000 2578.843994 0.000000 0.972827 0.000000 -0.231533 0.709289 0.709289 0.709289
1280.026367 0.000000 2578.914062 0.000000 0.972343 0.000000 -0.233559 0.593753 0.593753 0.593753
1283.816528 0.000000 2577.227539 0.000000 0.999759 0.000000 -0.021967 0.680200 0.680200 0.680200
1283.876587 0.000000 2580.203857 0.000000 0.999964 0.000000 0.008451 0.659516 0.659516 0.659516
1282.178345 0.000000 2580.717773 0.000000 0.986317 0.000000 0.164859 0.654170 0.654170 0.654170
1525.717285 0.000000 2530.794922 0.000000 0.985662 0.000000 -0.168729 0.579997 0.579997 0.579997
1522.104370 0.000000 2530.026123 0.000000 0.987087 0.000000 0.160184 0.673640 0.673640 0.673640
1533.468506 0.000000 2533.799072 0.000000 0.991956 0.000000 0.126583 0.579877 0.579877 0.579877
1517.223145 0.000000 2541.398682 0.000000 0.994168 0.000000 0.107844 0.652246 0.652246 0.652246
1527.960815 0.000000 2531.469238 0.000000 0.973702 0.000000 0.227824 0.607828 0.607828 0.607828
1520.238770 0.000000 2530.997070 0.000000 0.951976 0.000000 -0.306171 0.638122 0.638122 0.638122
1529.070557 0.000000 2532.031250 0.000000 0.998775 0.000000 0.049482 0.697794 0.697794 0.697794
1533.048584 0.000000 2581.062256 0.000000 0.990401 0.000000 0.138221 0.418470 0.418470 0.418470
1525.702759 0.000000 2559.633789 0.000000 0.998108 0.000000 -0.061487 0.476655 0.476655 0.476655
1474.359009 0.000000 2549.444092 0.000000 0.988460 0.000000 -0.151483 0.492243 0.492243 0.492243
1501.330444 0.000000 2557.904053 0.000000 0.972042 0.000000 0.234808 0.478714 0.478714 0.478714
1493.351196 0.000000 2548.226074 0.000000 0.956824 0.000000 -0.290669 0.503098 0.503098 0.503098
1520.418945 0.000000 2568.073486 0.000000 0.983970 0.000000 0.178334 0.493388 0.493388 0.493388
1492.914795 0.000000 2549.518799 0.000000 0.986053 0.000000 -0.166431 0.500483 0.500483 0.500483
1500.418945 0.000000 2560.683350 0.000000 0.969858 0.000000 0.243672 0.495870 0.495870 0.495870
1522.217041 0.000000 2556.516357 0.000000 0.999988 0.000000 0.004948 0.699807 0.699807 0.699807
1503.373779 0.000000 2559.163330 0.000000 0.959459 0.000000 0.281847 0.688591 0.688591 0.688591
1317.505493 0.000000 2653.968994 0.000000 0.955246 0.000000 0.295812 0.398682 0.398682 0.398682
1286.638794 0.000000 2607.834229 0.000000 0.959075 0.000000 -0.283154 0.454935 0.454935 0.454935
1285.821167 0.000000 2615.887451 0.000000 0.981959 0.000000 -0.189094 0.477105 0.477105 0.477105
1324.112549 0.000000 2652.335693 0.000000 0.999922 0.000000 0.012498 0.496803 0.496803 0.496803
1303.490234 0.000000 2623.728760 0.000000 0.952268 0.000000 0.305264 0.654963 0.654963 0.654963
1306.409058 0.000000 2611.137695 0.000000 0.984675 0.000000 0.174398 0.671195 0.671195 0.671195
1297.163452 0.000000 2618.701904 0.000000 0.994619 0.000000 0.103600 0.613543 0.613543 0.613543
1281.178223 0.000000 2605.900879 0.000000 0.989452 0.000000 0.144861 0.694411 0.694411 0.694411
1298.772339 0.000000 2622.960693 0.000000 0.966737 0.000000 -0.255773 0.538334 0.538334 0.538334
1307.520020 0.000000 2611.458984 0.000000 0.991170 0.000000 -0.132599 0.682197 0.682197 0.682197
1324.866455 0.000000 2616.010742 0.000000 0.998832 0.000000 -0.048320 0.633875 0.633875 0.633875
1309.687012 0.000000 2611.136230 0.000000 0.987217 0.000000 0.159379 0.685252 0.685252 0.685252
1281.383423 0.000000 2600.357666 0.000000 0.959787 0.000000 0.280729 0.631032 0.631032 0.631032
1296.370850 0.000000 2617.810791 0.000000 0.983751 0.000000 0.179538 0.618951 0.618951 0.618951
1321.406372 0.000000 2620.189941 0.000000 0.976196 0.000000 0.216890 0.691327 0.691327 0.691327
1291.246582 0.000000 2653.009277 0.000000 0.970791 0.000000 -0.239928 0.680079 0.680079 0.680079
1325.605713 0.000000 2619.496826 0.000000 0.988581 0.000000 0.150690 0.693259 0.693259 0.693259
1309.838013 0.000000 2651.372070 0.000000 0.991526 0.000000 0.129908 0.639875 0.639875 0.639875
1308.838257 0.000000 2651.680664 0.000000 0.971856 0.000000 -0.235574 0.651862 0.651862 0.651862
1283.876587 0.000000 2636.688232 0.000000 0.999761 0.000000 -0.021848 0.700901 0.700901 0.700901
1281.189209 0.000000 2620.384033 0.000000 0.986222 0.000000 -0.165426 0.653511 0.653511 0.653511
1357.897339 0.000000 2641.389160 0.000000 0.966349 0.000000 -0.257234 0.418585 0.418585 0.418585
1384.552612 0.000000 2651.132324 0.000000 0.964257 0.000000 0.264967 0.420346 0.420346 0.420346
1361.040649 0.000000 2650.816650 0.000000 0.999960 0.000000 -0.008990 0.434459 0.434459 0.434459
1382.453369 0.000000 2653.131104 0.000000 0.995531 0.000000 0.094439 0.559357 0.559357 0.559357
1319.139160 0.000000 2678.493408 0.000000 0.997511 0.000000 -0.070507 0.463034 0.463034 0.463034
1302.790405 0.000000 2681.294434 0.000000 0.999480 0.000000 -0.032234 0.474135 0.474135 0.474135
1296.139404 0.000000 2693.721680 0.000000 0.977726 0.000000 0.209886 0.492729 0.492729 0.492729
1299.482422 0.000000 2680.455566 0.000000 0.996297 0.000000 0.085980 0.505038 0.505038 0.505038
1299.355347 0.000000 2654.799316 0.000000 0.995609 0.000000 0.093605 0.489297 0.489297 0.489297
1325.534546 0.000000 2689.787109 0.000000 0.995154 0.000000 -0.098327 0.499075 0.499075 0.499075
1324.637817 0.000000 2684.318848 0.000000 0.959815 0.000000 -0.280635 0.653381 0.653381 0.653381
1313.317017 0.000000 2700.326904 0.000000 0.998953 0.000000 -0.045750 0.643639 0.643639 0.643639
1310.440186 0.000000 2684.829590 0.000000 0.985134 0.000000 0.171785 0.596020 0.596020 0.596020
1311.106812 0.000000 2683.116211 0.000000 0.981972 0.000000 0.189025 0.566576 0.566576 0.566576
1306.826904 0.000000 2665.834473 0.000000 0.998998 0.000000 0.044766 0.550856 0.550856 0.550856
1287.321777 0.000000 2656.196045 0.000000 0.991565 0.000000 0.129611 0.616631 0.616631 0.616631
1382.613281 0.000000 2675.636475 0.000000 0.964485 0.000000 0.264138 0.458882 0.458882 0.458882
1386.449707 0.000000 2657.526611 0.000000 0.979816 0.000000 0.199903 0.577852 0.577852 0.577852
1406.576294 0.000000 2667.029053 0.000000 0.980655 0.000000 -0.195743 0.586706 0.586706 0.586706
1359.300537 0.000000 2697.853760 0.000000 0.969332 0.000000 0.245756 0.597684 0.597684 0.597684
1369.165405 0.000000 2678.964355 0.000000 0.987222 0.000000 -0.159353 0.705066 0.705066 0.705066
1400.781006 0.000000 2668.713379 0.000000 0.986251 0.000000 -0.165257 0.516337 0.516337 0.516337
1384.942383 0.000000 2658.197998 0.000000 0.999525 0.000000 0.030833 0.576626 0.576626 0.576626
1394.041382 0.000000 2668.419678 0.000000 0.999988 0.000000 -0.004903 0.642316 0.642316 0.642316
1366.291138 0.000000 2669.610352 0.000000 0.976717 0.000000 -0.214534 0.557294 0.557294 0.557294
1356.522217 0.000000 2695.497559 0.000000 0.990218 0.000000 0.139530 0.562078 0.562078 0.562078
1393.593384 0.000000 2671.460938 0.000000 0.991898 0.000000 -0.127037 0.642315 0.642315 0.642315
1367.544312 0.000000 2707.556885 0.000000 0.968058 0.000000 0.250725 0.584107 0.584107 0.584107
1387.801636 0.000000 2688.425293 0.000000 0.994614 0.000000 -0.103647 0.651458 0.651458 0.651458
1435.848511 0.000000 2651.940430 0.000000 0.992120 0.000000 0.125290 0.451729 0.451729 0.451729
1499.274780 0.000000 2640.901123 0.000000 0.953726 0.000000 -0.300678 0.479270 0.479270 0.479270
1495.770020 0.000000 2643.838867 0.000000 0.982895 0.000000 -0.184165 0.650149 0.650149 0.650149
1499.966187 0.000000 2647.550537 0.000000 0.980922 0.000000 -0.194404 0.580691 0.580691 0.580691
1481.139160 0.000000 2643.004883 0.000000 0.960696 0.000000 0.277604 0.613936 0.613936 0.613936
1483.726318 0.000000 2641.160156 0.000000 0.969907 0.000000 0.243476 0.538204 0.538204 0.538204
1500.152344 0.000000 2622.206055 0.000000 0.956734 0.000000 0.290964 0.688675 0.688675 0.688675
1494.560059 0.000000 2649.939941 0.000000 0.995756 0.000000 0.092037 0.584715 0.584715 0.584715
1500.754395 0.000000 2621.020508 0.000000 0.984774 0.000000 0.173837 0.603685 0.603685 0.603685
1503.581055 0.000000 2620.999512 0.000000 0.995028 0.000000 -0.099595 0.703792 0.703792 0.703792
1450.478760 0.000000 2680.502686 0.000000 0.995102 0.000000 -0.098857 0.401345 0.401345 0.401345
1413.178101 0.000000 2680.135742 0.000000 0.999825 0.000000 -0.018704 0.400257 0.400257 0.400257
1423.744263 0.000000 2665.726074 0.000000 0.962878 0.000000 -0.269939 0.470675 0.470675 0.470675
1445.208130 0.000000 2680.804932 0.000000 0.964308 0.000000 -0.264783 0.496549 0.496549 0.496549
1443.360474 0.000000 2704.014404 0.000000 0.970307 0.000000 -0.241876 0.709926 0.709926 0.709926
1447.969727 0.000000 2662.690430 0.000000 0.998226 0.000000 -0.059533 0.551460 0.551460 0.551460
1423.969604 0.000000 2672.169678 0.000000 0.988415 0.000000 0.151775 0.542391 0.542391 0.542391
1443.081421 0.000000 2698.096436 0.000000 0.995269 0.000000 -0.097162 0.528677 0.528677 0.528677
1421.162109 0.000000 2677.260010 0.000000 0.962136 0.000000 0.272569 0.564320 0.564320 0.564320
1447.327881 0.000000 2688.610596 0.000000 0.998938 0.000000 0.046082 0.611373 0.611373 0.611373
1724.956909 0.000000 2397.109619 0.000000 0.984600 0.000000 -0.174821 0.466909 0.466909 0.466909
1727.335327 0.000000 2398.573242 0.000000 0.994619 0.000000 0.103601 0.494934 0.494934 0.494934
1733.963745 0.000000 2393.042725 0.000000 0.968919 0.000000 0.247378 0.396655 0.396655 0.396655
1732.645142 0.000000 2416.957520 0.000000 0.983922 0.000000 -0.178598 0.474919 0.474919 0.474919
1733.865234 0.000000 2407.169678 0.000000 0.999626 0.000000 0.027336 0.498456 0.498456 0.498456
1729.633667 0.000000 2398.074219 0.000000 0.999029 0.000000 -0.044062 0.533372 0.533372 0.533372
1732.622925 0.000000 2403.730957 0.000000 0.966295 0.000000 -0.257438 0.520377 0.520377 0.520377
1729.285400 0.000000 2401.455811 0.000000 0.951118 0.000000 -0.308827 0.569757 0.569757 0.569757
1712.299683 0.000000 2464.974609 0.000000 0.991745 0.000000 -0.128228 0.464077 0.464077 0.464077
1725.398315 0.000000 2430.689941 0.000000 0.993733 0.000000 0.111778 0.512266 0.512266 0.512266
1723.085327 0.000000 2439.345215 0.000000 0.956598 0.000000 0.291412 0.607767 0.607767 0.607767
1722.394287 0.000000 2438.555664 0.000000 0.999972 0.000000 -0.007474 0.616892 0.616892 0.616892
1725.047485 0.000000 2437.264893 0.000000 0.998630 0.000000 0.052327 0.617043 0.617043 0.617043
1724.557373 0.000000 2434.094971 0.000000 0.982821 0.000000 0.184559 0.692766 0.692766 0.692766
1536.314087 0.000000 2535.054443 0.000000 0.969460 0.000000 0.245250 0.478505 0.478505 0.478505
1536.825439 0.000000 2537.604248 0.000000 0.985186 0.000000 -0.171488 0.706671 0.706671 0.706671
1546.229004 0.000000 2586.064697 0.000000 0.969837 0.000000 0.243753 0.565104 0.565104 0.565104
1538.168335 0.000000 2541.816406 0.000000 0.988493 0.000000 -0.151266 0.649062 0.649062 0.649062
1540.258545 0.000000 2585.318848 0.000000 0.989654 0.000000 0.143472 0.693936 0.693936 0.693936
1545.572998 0.000000 2584.293701 0.000000 0.987243 0.000000 -0.159219 0.615515 0.615515 0.615515
1537.115112 0.000000 2584.063721 0.000000 0.955432 0.000000 -0.295210 0.653876 0.653876 0.653876
1544.068481 0.000000 2585.366699 0.000000 0.999889 0.000000 -0.014876 0.611224 0.611224 0.611224
1540.418335 0.000000 2590.996094 0.000000 0.959515 0.000000 -0.281656 0.611193 0.611193 0.611193
1546.770020 0.000000 2585.135986 0.000000 0.995750 0.000000 0.092095 0.672216 0.672216 0.672216
1543.129761 0.000000 2585.762451 0.000000 0.971406 0.000000 0.237423 0.607532 0.607532 0.607532
1537.819946 0.000000 2550.288574 0.000000 0.962265 0.000000 -0.272115 0.711149 0.711149 0.711149
1714.737793 0.000000 2518.810059 0.000000 0.991358 0.000000 -0.131184 0.430507 0.430507 0.430507
1713.177856 0.000000 2526.925781 0.000000 0.951410 0.000000 -0.307928 0.453379 0.453379 0.453379
1714.026733 0.000000 2521.396729 0.000000 0.998643 0.000000 0.052071 0.472550 0.472550 0.472550
1711.812744 0.000000 2517.416992 0.000000 0.959916 0.000000 0.280290 0.514274 0.514274 0.514274
1712.498535 0.000000 2518.865234 0.000000 0.990129 0.000000 -0.140157 0.567327 0.567327 0.567327
1713.054688 0.000000 2541.176025 0.000000 0.987396 0.000000 -0.158267 0.534044 0.534044 0.534044
1676.418213 0.000000 2590.872803 0.000000 0.956465 0.000000 0.291846 0.456439 0.456439 0.456439
1689.273560 0.000000 2562.725342 0.000000 0.986678 0.000000 0.162685 0.460765 0.460765 0.460765
1677.528442 0.000000 2596.315186 0.000000 0.979613 0.000000 -0.200896 0.501200 0.501200 0.501200
1683.806641 0.000000 2577.098145 0.000000 0.998308 0.000000 -0.058144 0.557336 0.557336 0.557336
1707.491333 0.000000 2549.718994 0.000000 0.999994 0.000000 -0.003539 0.603043 0.603043 0.603043
1560.941406 0.000000 2648.509033 0.000000 0.996608 0.000000 -0.082296 0.451416 0.451416 0.451416
1560.050781 0.000000 2615.994141 0.000000 0.975658 0.000000 0.219297 0.451995 0.451995 0.451995
1561.273560 0.000000 2619.209717 0.000000 0.981566 0.000000 -0.191126 0.475157 0.475157 0.475157
1542.787476 0.000000 2603.172852 0.000000 0.967142 0.000000 0.254237 0.487947 0.487947 0.487947
1657.532715 0.000000 2613.255859 0.000000 0.959812 0.000000 0.280643 0.396023 0.396023 0.396023
1614.478760 0.000000 2642.761963 0.000000 0.997741 0.000000 0.067182 0.495682 0.495682 0.495682
1631.819336 0.000000 2631.017090 0.000000 0.992324 0.000000 -0.123667 0.588691 0.588691 0.588691
1632.511597 0.000000 2629.278564 0.000000 0.997603 0.000000 0.069195 0.560002 0.560002 0.560002
1624.405884 0.000000 2635.333496 0.000000 0.994155 0.000000 0.107962 0.582330 0.582330 0.582330
1614.619385 0.000000 2652.807617 0.000000 0.965225 0.000000 0.261420 0.593381 0.593381 0.593381
1576.581299 0.000000 2685.030029 0.000000 0.996931 0.000000 -0.078281 0.402083 0.402083 0.402083
1599.538696 0.000000 2669.250732 0.000000 0.989738 0.000000 -0.142891 0.499995 0.499995 0.499995
1564.559937 0.000000 2684.041992 0.000000 0.990561 0.000000 0.137074 0.490361 0.490361 0.490361
1598.343750 0.000000 2676.370117 0.000000 0.951565 0.000000 -0.307447 0.654294 0.654294 0.654294
1674.945435 0.000000 2598.427490 0.000000 0.984099 0.000000 -0.177623 0.455054 0.455054 0.455054
1673.044312 0.000000 2601.482666 0.000000 0.991424 0.000000 -0.130687 0.499742 0.499742 0.499742
1371.827881 0.000000 2715.289062 0.000000 0.975981 0.000000 0.217853 0.397892 0.397892 0.397892
1372.903564 0.000000 2717.871338 0.000000 0.992305 0.000000 -0.123814 0.414581 0.414581 0.414581
1962.699829 0.000000 2808.113281 0.000000 0.999677 0.000000 -0.025420 0.400347 0.400347 0.400347
1975.341309 0.000000 2819.026367 0.000000 0.955346 0.000000 -0.295491 0.413186 0.413186 0.413186
1966.145630 0.000000 2811.557373 0.000000 0.997789 0.000000 0.066464 0.450809 0.450809 0.450809
1963.041992 0.000000 2787.813232 0.000000 0.974039 0.000000 0.226381 0.505877 0.505877 0.505877
2002.112671 0.000000 2793.926025 0.000000 0.993360 0.000000 -0.115051 0.416425 0.416425 0.416425
2028.435303 0.000000 2803.709473 0.000000 0.973581 0.000000 -0.228343 0.406209 0.406209 0.406209
1989.188354 0.000000 2810.474365 0.000000 0.991307 0.000000 0.131570 0.418572 0.418572 0.418572
2016.249146 0.000000 2796.110107 0.000000 0.967494 0.000000 -0.252893 0.416526 0.416526 0.416526
2015.589478 0.000000 2797.779541 0.000000 0.993915 0.000000 -0.110145 0.449922 0.449922 0.449922
2007.405151 0.000000 2797.103516 0.000000 0.985496 0.000000 -0.169697 0.480703 0.480703 0.480703
2007.490234 0.000000 2793.181885 0.000000 0.999841 0.000000 -0.017821 0.540619 0.540619 0.540619
2007.879395 0.000000 2795.347412 0.000000 0.999935 0.000000 0.011410 0.555597 0.555597 0.555597
1959.477661 0.000000 2829.476562 0.000000 0.994536 0.000000 0.104394 0.496863 0.496863 0.496863
2179.168213 0.000000 2246.843262 0.000000 0.978432 0.000000 -0.206570 0.402857 0.402857 0.402857
2183.451660 0.000000 2250.608398 0.000000 0.975622 0.000000 0.219457 0.492528 0.492528 0.492528
2175.208740 0.000000 2260.909424 0.000000 0.993124 0.000000 -0.117070 0.572670 0.572670 0.572670
2173.491943 0.000000 2262.315430 0.000000 0.999417 0.000000 0.034141 0.619549 0.619549 0.619549
2172.446777 0.000000 2320.117188 0.000000 0.983894 0.000000 -0.178752 0.472937 0.472937 0.472937
2199.538086 0.000000 2295.661865 0.000000 0.998010 0.000000 -0.063061 0.400829 0.400829 0.400829
2222.165527 0.000000 2276.917236 0.000000 0.999524 0.000000 0.030850 0.399589 0.399589 0.399589
2197.175049 0.000000 2294.593018 0.000000 0.952857 0.000000 -0.303419 0.404218 0.404218 0.404218
2207.716309 0.000000 2299.825684 0.000000 0.994983 0.000000 0.100046 0.413212 0.413212 0.413212
2219.248291 0.000000 2292.200928 0.000000 0.987094 0.000000 -0.160139 0.440875 0.440875 0.440875
2209.783936 0.000000 2302.939209 0.000000 0.988139 0.000000 0.153562 0.472571 0.472571 0.472571
2220.527832 0.000000 2267.358643 0.000000 0.982030 0.000000 0.188723 0.462221 0.462221 0.462221
2186.271729 0.000000 2288.476807 0.000000 0.999942 0.000000 0.010789 0.496838 0.496838 0.496838
2211.260010 0.000000 2261.939453 0.000000 0.973978 0.000000 0.226642 0.492378 0.492378 0.492378
2196.586182 0.000000 2298.678955 0.000000 0.990915 0.000000 -0.134488 0.628664 0.628664 0.628664
2214.902344 0.000000 2287.980713 0.000000 0.999403 0.000000 -0.034544 0.611806 0.611806 0.611806
2211.054199 0.000000 2300.204346 0.000000 0.995078 0.000000 -0.099094 0.588014 0.588014 0.588014
2226.041260 0.000000 2273.029053 0.000000 0.992549 0.000000 -0.121845 0.552994 0.552994 0.552994
2225.021973 0.000000 2272.483398 0.000000 0.986721 0.000000 0.162427 0.615621 0.615621 0.615621
2226.217041 0.000000 2274.094482 0.000000 0.998145 0.000000 0.060879 0.583625 0.583625 0.583625
2238.502197 0.000000 2304.259033 0.000000 0.997998 0.000000 -0.063253 0.620543 0.620543 0.620543
2265.637451 0.000000 2296.072510 0.000000 0.984775 0.000000 0.173836 0.415980 0.415980 0.415980
2276.653564 0.000000 2297.639893 0.000000 0.996815 0.000000 -0.079743 0.429691 0.429691 0.429691
2249.975098 0.000000 2296.886963 0.000000 0.983221 0.000000 0.182420 0.431350 0.431350 0.431350
2252.826172 0.000000 2298.561035 0.000000 0.958369 0.000000 -0.285533 0.450980 0.450980 0.450980
2225.868164 0.000000 2320.300537 0.000000 0.998855 0.000000 0.047841 0.615226 0.615226 0.615226
2231.127441 0.000000 2324.794678 0.000000 0.998036 0.000000 0.062636 0.591379 0.591379 0.591379
2226.878662 0.000000 2322.825684 0.000000 0.979262 0.000000 -0.202599 0.555000 0.555000 0.555000
2235.085449 0.000000 2326.376465 0.000000 0.996445 0.000000 0.084247 0.696241 0.696241 0.696241
2228.205811 0.000000 2329.074463 0.000000 0.987834 0.000000 0.155513 0.693042 0.693042 0.693042
2225.527588 0.000000 2321.324219 0.000000 0.988234 0.000000 0.152952 0.612045 0.612045 0.612045
2229.057617 0.000000 2328.477051 0.000000 0.998698 0.000000 -0.051020 0.702275 0.702275 0.702275
2229.308350 0.000000 2330.612305 0.000000 0.999792 0.000000 0.020403 0.699217 0.699217 0.699217
2263.759277 0.000000 2359.985107 0.000000 0.999884 0.000000 -0.015218 0.400201 0.400201 0.400201
2290.714844 0.000000 2366.332275 0.000000 0.998175 0.000000 0.060394 0.400130 0.400130 0.400130
2247.856445 0.000000 2360.541016 0.000000 0.998274 0.000000 0.058729 0.466567 0.466567 0.466567
2285.060791 0.000000 2364.802246 0.000000 0.999992 0.000000 0.003955 0.496978 0.496978 0.496978
2286.419189 0.000000 2371.573242 0.000000 0.991713 0.000000 0.128471 0.480823 0.480823 0.480823
2284.225342 0.000000 2362.093750 0.000000 0.998316 0.000000 0.058007 0.493918 0.493918 0.493918
2258.493408 0.000000 2322.158691 0.000000 0.994718 0.000000 -0.102642 0.499164 0.499164 0.499164
2272.915527 0.000000 2356.774902 0.000000 0.996450 0.000000 0.084192 0.512870 0.512870 0.512870
2253.261963 0.000000 2365.809814 0.000000 0.974776 0.000000 0.223186 0.527148 0.527148 0.527148
2284.260742 0.000000 2413.277100 0.000000 0.986226 0.000000 0.165404 0.458776 0.458776 0.458776
2287.227539 0.000000 2373.863037 0.000000 0.974519 0.000000 -0.224305 0.479774 0.479774 0.479774
2270.441895 0.000000 2384.307861 0.000000 0.970686 0.000000 -0.240349 0.502029 0.502029 0.502029
2313.185303 0.000000 2415.878906 0.000000 0.992592 0.000000 -0.121497 0.424425 0.424425 0.424425
2336.238770 0.000000 2425.882080 0.000000 0.997683 0.000000 -0.068030 0.474809 0.474809 0.474809
2312.162109 0.000000 2448.548828 0.000000 0.981657 0.000000 0.190658 0.407971 0.407971 0.407971
2328.543945 0.000000 2439.005615 0.000000 0.952388 0.000000 -0.304887 0.465334 0.465334 0.465334
2365.805664 0.000000 2464.474609 0.000000 0.987972 0.000000 0.154631 0.493880 0.493880 0.493880
2364.529053 0.000000 2462.261475 0.000000 0.987534 0.000000 -0.157409 0.492362 0.492362 0.492362
2356.189697 0.000000 2462.902344 0.000000 0.956995 0.000000 0.290105 0.527462 0.527462 0.527462
2328.281250 0.000000 2469.538330 0.000000 0.961092 0.000000 -0.276227 0.526808 0.526808 0.526808
2357.739014 0.000000 2461.453369 0.000000 0.975355 0.000000 -0.220640 0.561440 0.561440 0.561440
2349.605713 0.000000 2450.043701 0.000000 0.953342 0.000000 -0.301892 0.615830 0.615830 0.615830
2374.297607 0.000000 2430.176270 0.000000 0.952773 0.000000 0.303685 0.395763 0.395763 0.395763
2398.385010 0.000000 2470.422852 0.000000 0.983565 0.000000 0.180556 0.450753 0.450753 0.450753
2399.343506 0.000000 2471.964844 0.000000 0.992535 0.000000 -0.121958 0.456055 0.456055 0.456055
2368.951172 0.000000 2443.063232 0.000000 0.984047 0.000000 0.177908 0.464358 0.464358 0.464358
2371.585205 0.000000 2448.421387 0.000000 0.999153 0.000000 0.041141 0.470801 0.470801 0.470801
2386.267090 0.000000 2461.352295 0.000000 0.997514 0.000000 -0.070471 0.532013 0.532013 0.532013
2401.317139 0.000000 2474.389404 0.000000 0.955952 0.000000 -0.293523 0.645763 0.645763 0.645763
2420.512451 0.000000 2495.166992 0.000000 0.985120 0.000000 0.171870 0.437339 0.437339 0.437339
2402.393799 0.000000 2498.005615 0.000000 0.992455 0.000000 -0.122612 0.481773 0.481773 0.481773
2401.012207 0.000000 2495.525635 0.000000 0.983351 0.000000 0.181715 0.477837 0.477837 0.477837
2397.126709 0.000000 2490.519775 0.000000 0.999782 0.000000 0.020876 0.527955 0.527955 0.527955
3507.604980 0.000000 2419.303223 0.000000 0.971539 0.000000 0.236880 0.649752 0.649752 0.649752
3507.779053 0.000000 2417.924316 0.000000 0.998100 0.000000 0.061607 0.564097 0.564097 0.564097
3514.283936 0.000000 2414.158691 0.000000 0.960281 0.000000 0.279034 0.687522 0.687522 0.687522
2173.733887 0.000000 2745.460205 0.000000 0.999000 0.000000 -0.044701 0.400572 0.400572 0.400572
2171.123047 0.000000 2750.676270 0.000000 0.993754 0.000000 0.111592 0.436400 0.436400 0.436400
2173.407227 0.000000 2748.633545 0.000000 0.997457 0.000000 -0.071274 0.443346 0.443346 0.443346
2171.196045 0.000000 2746.856445 0.000000 0.984399 0.000000 -0.175951 0.621990 0.621990 0.621990
2170.980713 0.000000 2749.687500 0.000000 0.968663 0.000000 0.248380 0.611029 0.611029 0.611029
2171.144043 0.000000 2819.924072 0.000000 0.995943 0.000000 0.089987 0.452349 0.452349 0.452349
2172.446777 0.000000 2771.992188 0.000000 0.967815 0.000000 0.251664 0.466822 0.466822 0.466822
2175.538818 0.000000 2782.219482 0.000000 0.999960 0.000000 0.008923 0.471402 0.471402 0.471402
2173.311279 0.000000 2822.025391 0.000000 0.999238 0.000000 0.039023 0.607676 0.607676 0.607676
2173.859131 0.000000 2824.140137 0.000000 0.980532 0.000000 -0.196361 0.624610 0.624610 0.624610
2198.596680 0.000000 2731.781250 0.000000 0.988040 0.000000 0.154195 0.397959 0.397959 0.397959
2203.115234 0.000000 2740.533691 0.000000 0.955735 0.000000 -0.294230 0.404116 0.404116 0.404116
2199.655029 0.000000 2744.905518 0.000000 0.987262 0.000000 0.159105 0.397774 0.397774 0.397774
2207.429199 0.000000 2735.178223 0.000000 0.978429 0.000000 -0.206582 0.419794 0.419794 0.419794
2201.195068 0.000000 2756.825684 0.000000 0.997363 0.000000 0.072580 0.421430 0.421430 0.421430
2212.999756 0.000000 2745.931641 0.000000 0.985691 0.000000 -0.168562 0.429121 0.429121 0.429121
2201.175293 0.000000 2753.619629 0.000000 0.983253 0.000000 0.182247 0.450723 0.450723 0.450723
2232.531494 0.000000 2766.710938 0.000000 0.998880 0.000000 -0.047314 0.472452 0.472452 0.472452
2196.371582 0.000000 2747.788086 0.000000 0.985450 0.000000 -0.169964 0.470788 0.470788 0.470788
2178.917725 0.000000 2744.679443 0.000000 0.954605 0.000000 0.297875 0.471682 0.471682 0.471682
2216.307861 0.000000 2742.842529 0.000000 0.969267 0.000000 0.246011 0.559280 0.559280 0.559280
2192.687256 0.000000 2737.363770 0.000000 0.963912 0.000000 0.266221 0.686930 0.686930 0.686930
2201.036621 0.000000 2755.485352 0.000000 0.993615 0.000000 -0.112820 0.622050 0.622050 0.622050
2193.638672 0.000000 2736.251709 0.000000 0.988474 0.000000 0.151392 0.691346 0.691346 0.691346
2197.670898 0.000000 2738.334229 0.000000 0.970684 0.000000 -0.240361 0.709417 0.709417 0.709417
2186.871338 0.000000 2746.524414 0.000000 0.979988 0.000000 -0.199055 0.708597 0.708597 0.708597
2209.611328 0.000000 2734.341797 0.000000 0.999943 0.000000 -0.010676 0.642503 0.642503 0.642503
2217.275879 0.000000 2742.351807 0.000000 0.988442 0.000000 0.151601 0.561764 0.561764 0.561764
2215.974365 0.000000 2764.998535 0.000000 0.986700 0.000000 0.162554 0.621414 0.621414 0.621414
2196.294678 0.000000 2754.443848 0.000000 0.993458 0.000000 -0.114201 0.704480 0.704480 0.704480
2263.427979 0.000000 2760.245361 0.000000 0.993500 0.000000 0.113835 0.398508 0.398508 0.398508
2247.324707 0.000000 2737.860107 0.000000 0.999310 0.000000 -0.037148 0.400516 0.400516 0.400516
2240.164307 0.000000 2767.589111 0.000000 0.980229 0.000000 0.197868 0.411736 0.411736 0.411736
2258.752686 0.000000 2757.604248 0.000000 0.998918 0.000000 -0.046510 0.622005 0.622005 0.622005
2249.361572 0.000000 2765.258301 0.000000 0.991280 0.000000 -0.131773 0.513624 0.513624 0.513624
2246.448975 0.000000 2743.219971 0.000000 0.960991 0.000000 0.276579 0.657908 0.657908 0.657908
2197.837891 0.000000 2812.681641 0.000000 0.984393 0.000000 0.175983 0.433394 0.433394 0.433394
2195.362549 0.000000 2776.045898 0.000000 0.981404 0.000000 0.191951 0.431193 0.431193 0.431193
2196.010742 0.000000 2811.943604 0.000000 0.984183 0.000000 0.177156 0.439188 0.439188 0.439188
2233.763428 0.000000 2788.750000 0.000000 0.999907 0.000000 0.013674 0.461519 0.461519 0.461519
2178.702148 0.000000 2772.897217 0.000000 0.969910 0.000000 -0.243464 0.474164 0.474164 0.474164
2199.844482 0.000000 2815.254883 0.000000 0.967489 0.000000 0.252911 0.470649 0.470649 0.470649
2238.777100 0.000000 2788.162598 0.000000 0.994223 0.000000 0.107336 0.471508 0.471508 0.471508
2232.234619 0.000000 2769.477295 0.000000 0.964846 0.000000 -0.262815 0.496508 0.496508 0.496508
2222.419189 0.000000 2823.448242 0.000000 0.998936 0.000000 0.046126 0.470708 0.470708 0.470708
2196.429443 0.000000 2817.757080 0.000000 0.958387 0.000000 0.285472 0.470009 0.470009 0.470009
2237.779541 0.000000 2778.513428 0.000000 0.991836 0.000000 -0.127521 0.705195 0.705195 0.705195
2221.841309 0.000000 2776.058594 0.000000 0.969508 0.000000 -0.245062 0.710903 0.710903 0.710903
2232.881592 0.000000 2779.257812 0.000000 0.964590 0.000000 0.263754 0.553052 0.553052 0.553052
2201.036621 0.000000 2811.969727 0.000000 0.983347 0.000000 -0.181740 0.560448 0.560448 0.560448
2224.072021 0.000000 2791.494141 0.000000 0.993486 0.000000 -0.113955 0.527082 0.527082 0.527082
2200.109375 0.000000 2810.697510 0.000000 0.964863 0.000000 0.262754 0.549241 0.549241 0.549241
2221.988525 0.000000 2777.581543 0.000000 0.999933 0.000000 0.011538 0.699492 0.699492 0.699492
2223.924805 0.000000 2776.053711 0.000000 0.958691 0.000000 -0.284450 0.712853 0.712853 0.712853
2225.631836 0.000000 2778.913086 0.000000 0.996421 0.000000 0.084532 0.696606 0.696606 0.696606
2189.742432 0.000000 2813.954346 0.000000 0.969977 0.000000 -0.243199 0.626064 0.626064 0.626064
2234.839844 0.000000 2788.326416 0.000000 0.968883 0.000000 0.247519 0.635973 0.635973 0.635973
2221.578613 0.000000 2779.792725 0.000000 0.965505 0.000000 0.260386 0.614484 0.614484 0.614484
2225.219727 0.000000 2777.746338 0.000000 0.987832 0.000000 -0.155526 0.706550 0.706550 0.706550
2223.433105 0.000000 2779.109375 0.000000 0.981006 0.000000 0.193980 0.691300 0.691300 0.691300
2220.634766 0.000000 2774.449707 0.000000 0.994328 0.000000 0.106359 0.695661 0.695661 0.695661
2224.215332 0.000000 2777.281494 0.000000 0.983178 0.000000 -0.182651 0.707704 0.707704 0.707704
2187.736816 0.000000 2814.703125 0.000000 0.999995 0.000000 -0.003320 0.614805 0.614805 0.614805
2224.181396 0.000000 2781.593018 0.000000 0.975992 0.000000 -0.217807 0.708480 0.708480 0.708480
2201.893555 0.000000 2812.529053 0.000000 0.998317 0.000000 -0.057987 0.580973 0.580973 0.580973
2234.652100 0.000000 2789.316895 0.000000 0.975449 0.000000 -0.220225 0.651348 0.651348 0.651348
2253.333984 0.000000 2772.063721 0.000000 0.989611 0.000000 -0.143772 0.401895 0.401895 0.401895
2252.800293 0.000000 2778.297119 0.000000 0.992077 0.000000 0.125629 0.434223 0.434223 0.434223
2246.215332 0.000000 2783.887695 0.000000 0.999243 0.000000 0.038908 0.423906 0.423906 0.423906
2258.017090 0.000000 2791.519043 0.000000 0.996768 0.000000 0.080338 0.429113 0.429113 0.429113
2255.104492 0.000000 2772.586426 0.000000 0.954823 0.000000 -0.297174 0.453186 0.453186 0.453186
2264.050781 0.000000 2785.447266 0.000000 0.966646 0.000000 -0.256116 0.446474 0.446474 0.446474
2273.012207 0.000000 2777.947510 0.000000 0.998625 0.000000 0.052421 0.548715 0.548715 0.548715
2242.422363 0.000000 2780.800781 0.000000 0.994752 0.000000 -0.102316 0.704012 0.704012 0.704012
2260.947754 0.000000 2782.364014 0.000000 0.978122 0.000000 0.208033 0.594959 0.594959 0.594959
2245.392334 0.000000 2770.461670 0.000000 0.999924 0.000000 -0.012357 0.628816 0.628816 0.628816
2243.570068 0.000000 2781.378662 0.000000 0.999579 0.000000 0.029020 0.698864 0.698864 0.698864
2260.239746 0.000000 2768.886230 0.000000 0.982193 0.000000 -0.187874 0.682199 0.682199 0.682199
2242.946533 0.000000 2770.179688 0.000000 0.952298 0.000000 0.305169 0.688050 0.688050 0.688050
2255.370850 0.000000 2789.539307 0.000000 0.971142 0.000000 -0.238501 0.680027 0.680027 0.680027
2257.163574 0.000000 2788.155029 0.000000 0.962547 0.000000 -0.271115 0.710700 0.710700 0.710700
2265.135010 0.000000 2780.475098 0.000000 0.981293 0.000000 0.192521 0.578057 0.578057 0.578057
2256.823242 0.000000 2789.339111 0.000000 0.987937 0.000000 0.154859 0.693941 0.693941 0.693941
2257.910400 0.000000 2769.760498 0.000000 0.998868 0.000000 0.047570 0.679656 0.679656 0.679656
2258.279053 0.000000 2775.208984 0.000000 0.999453 0.000000 -0.033073 0.609796 0.609796 0.609796
2259.341553 0.000000 2789.174072 0.000000 0.998151 0.000000 -0.060789 0.640183 0.640183 0.640183
2262.253174 0.000000 2769.800049 0.000000 0.996373 0.000000 -0.085099 0.703350 0.703350 0.703350
2249.447998 0.000000 2780.852295 0.000000 0.999988 0.000000 -0.004796 0.687431 0.687431 0.687431
2251.067627 0.000000 2783.236572 0.000000 0.999180 0.000000 0.040483 0.590047 0.590047 0.590047
2272.083008 0.000000 2775.799316 0.000000 0.998829 0.000000 -0.048387 0.689028 0.689028 0.689028
2251.797363 0.000000 2769.591309 0.000000 0.996484 0.000000 0.083784 0.696511 0.696511 0.696511
2249.798340 0.000000 2778.962891 0.000000 0.995657 0.000000 -0.093097 0.704041 0.704041 0.704041
2254.198242 0.000000 2776.446777 0.000000 0.972734 0.000000 -0.231925 0.653742 0.653742 0.653742
2271.373779 0.000000 2785.100830 0.000000 0.998624 0.000000 -0.052437 0.645826 0.645826 0.645826
2248.674316 0.000000 2767.843262 0.000000 0.982148 0.000000 0.188112 0.692592 0.692592 0.692592
2248.497803 0.000000 2768.968994 0.000000 0.999727 0.000000 -0.023347 0.637018 0.637018 0.637018
2173.121826 0.000000 2840.443848 0.000000 0.959050 0.000000 0.283237 0.466210 0.466210 0.466210
2147.450684 0.000000 2832.879395 0.000000 0.995782 0.000000 0.091752 0.473751 0.473751 0.473751
2161.868164 0.000000 2828.659912 0.000000 0.995756 0.000000 -0.092033 0.524611 0.524611 0.524611
2160.730957 0.000000 2830.371826 0.000000 0.959096 0.000000 0.283082 0.500780 0.500780 0.500780
2169.509033 0.000000 2831.854248 0.000000 0.985452 0.000000 -0.169954 0.578041 0.578041 0.578041
2174.218506 0.000000 2825.162598 0.000000 0.999998 0.000000 -0.001931 0.612803 0.612803 0.612803
2171.085449 0.000000 2834.735840 0.000000 0.997189 0.000000 -0.074930 0.551838 0.551838 0.551838
2170.229980 0.000000 2836.040039 0.000000 0.996137 0.000000 -0.087815 0.587703 0.587703 0.587703
2171.976318 0.000000 2839.730713 0.000000 0.998795 0.000000 -0.049070 0.657534 0.657534 0.657534
2145.214844 0.000000 2837.143066 0.000000 0.999698 0.000000 -0.024581 0.619372 0.619372 0.619372
2172.368896 0.000000 2825.905273 0.000000 0.978484 0.000000 0.206321 0.612337 0.612337 0.612337
2185.455566 0.000000 2828.985840 0.000000 0.999177 0.000000 0.040561 0.466901 0.466901 0.466901
2185.044434 0.000000 2827.420166 0.000000 0.999778 0.000000 -0.021081 0.528913 0.528913 0.528913
2539.740479 0.000000 2816.666260 0.000000 0.996745 0.000000 -0.080613 0.567766 0.567766 0.567766
2531.721191 0.000000 2812.932373 0.000000 0.964277 0.000000 0.264895 0.508867 0.508867 0.508867
2664.666260 0.000000 2927.025635 0.000000 0.996870 0.000000 -0.079063 0.425739 0.425739 0.425739
2679.150146 0.000000 2928.785889 0.000000 0.955523 0.000000 -0.294916 0.599527 0.599527 0.599527
2705.039551 0.000000 2925.623535 0.000000 0.992010 0.000000 0.126156 0.624492 0.624492 0.624492
2649.454346 0.000000 2946.296143 0.000000 0.955242 0.000000 -0.295825 0.541304 0.541304 0.541304
2655.150879 0.000000 2945.888428 0.000000 0.954393 0.000000 -0.298555 0.603656 0.603656 0.603656
6010.078125 0.000000 3474.819580 0.000000 0.967812 0.000000 -0.251674 0.518249 0.518249 0.518249
6013.768066 0.000000 3472.745117 0.000000 0.977614 0.000000 0.210405 0.690553 0.690553 0.690553
6011.795410 0.000000 3452.397461 0.000000 0.994490 0.000000 0.104831 0.586304 0.586304 0.586304
6008.862793 0.000000 3476.010742 0.000000 0.962227 0.000000 0.272250 0.680971 0.680971 0.680971
6079.399414 0.000000 3437.554932 0.000000 0.974335 0.000000 0.225102 0.665512 0.665512 0.665512
6065.428223 0.000000 3438.997559 0.000000 0.987819 0.000000 -0.155607 0.516125 0.516125 0.516125
6074.901367 0.000000 3437.088135 0.000000 0.967460 0.000000 0.253023 0.564852 0.564852 0.564852
6079.464844 0.000000 3435.383545 0.000000 0.993739 0.000000 0.111726 0.695558 0.695558 0.695558
6075.348633 0.000000 3433.810791 0.000000 0.999484 0.000000 -0.032119 0.701272 0.701272 0.701272
6071.760742 0.000000 3433.346924 0.000000 0.968215 0.000000 0.250120 0.690303 0.690303 0.690303
6111.464355 0.000000 3440.697754 0.000000 0.976085 0.000000 0.217389 0.540776 0.540776 0.540776
6121.291504 0.000000 3438.568604 0.000000 0.972401 0.000000 -0.233316 0.710144 0.710144 0.710144
6121.133789 0.000000 3441.001953 0.000000 0.999991 0.000000 -0.004336 0.565798 0.565798 0.565798
6116.942871 0.000000 3437.589355 0.000000 0.990869 0.000000 -0.134831 0.705377 0.705377 0.705377
6036.673828 0.000000 3470.900146 0.000000 0.995569 0.000000 0.094033 0.619666 0.619666 0.619666
6021.485352 0.000000 3464.971436 0.000000 0.977851 0.000000 0.209304 0.602622 0.602622 0.602622
6043.130859 0.000000 3477.947754 0.000000 0.986348 0.000000 0.164676 0.692628 0.692628 0.692628
6092.118652 0.000000 3476.879639 0.000000 0.999538 0.000000 -0.030390 0.489821 0.489821 0.489821
6097.383301 0.000000 3482.054199 0.000000 0.988686 0.000000 0.149999 0.503671 0.503671 0.503671
6138.884277 0.000000 3460.830322 0.000000 0.970610 0.000000 -0.240657 0.710831 0.710831 0.710831
6100.586426 0.000000 3484.850830 0.000000 0.984716 0.000000 0.174166 0.613328 0.613328 0.613328
6098.405762 0.000000 3485.311035 0.000000 0.999069 0.000000 -0.043144 0.701923 0.701923 0.701923
6090.491211 0.000000 3462.434570 0.000000 0.999641 0.000000 0.026794 0.698850 0.698850 0.698850
6087.500000 0.000000 3468.269043 0.000000 0.973846 0.000000 -0.227209 0.617565 0.617565 0.617565
6128.593750 0.000000 3446.368896 0.000000 0.956846 0.000000 0.290596 0.686860 0.686860 0.686860
6083.206055 0.000000 3462.605225 0.000000 0.971909 0.000000 0.235355 0.690949 0.690949 0.690949
6126.495117 0.000000 3445.552734 0.000000 0.987560 0.000000 -0.157244 0.585647 0.585647 0.585647
6091.902832 0.000000 3498.510010 0.000000 0.968829 0.000000 -0.247730 0.668319 0.668319 0.668319
6090.321289 0.000000 3499.827148 0.000000 0.989116 0.000000 -0.147135 0.664827 0.664827 0.664827
6004.205566 0.000000 3515.246338 0.000000 0.992426 0.000000 -0.122844 0.679862 0.679862 0.679862
6005.057617 0.000000 3514.648926 0.000000 0.999180 0.000000 -0.040483 0.676928 0.676928 0.676928
5939.445801 0.000000 3589.460205 0.000000 0.987941 0.000000 -0.154833 0.627309 0.627309 0.627309
5949.796875 0.000000 3578.673828 0.000000 0.988108 0.000000 -0.153764 0.706637 0.706637 0.706637
5997.685059 0.000000 3594.735352 0.000000 0.988433 0.000000 0.151657 0.693641 0.693641 0.693641
5991.327637 0.000000 3592.360596 0.000000 0.999979 0.000000 -0.006456 0.632556 0.632556 0.632556
5979.101074 0.000000 3567.668945 0.000000 0.994806 0.000000 0.101794 0.594163 0.594163 0.594163
6028.418457 0.000000 3551.107178 0.000000 0.969418 0.000000 0.245415 0.466942 0.466942 0.466942
6032.534668 0.000000 3515.859131 0.000000 0.976277 0.000000 0.216524 0.506095 0.506095 0.506095
6023.451660 0.000000 3549.749023 0.000000 0.956120 0.000000 -0.292975 0.682012 0.682012 0.682012
6031.627930 0.000000 3525.781006 0.000000 0.954238 0.000000 0.299048 0.688032 0.688032 0.688032
6017.457031 0.000000 3553.148193 0.000000 0.994175 0.000000 0.107776 0.520133 0.520133 0.520133
6029.162109 0.000000 3524.525635 0.000000 0.999384 0.000000 0.035098 0.698653 0.698653 0.698653
6032.829590 0.000000 3525.785156 0.000000 0.997632 0.000000 0.068780 0.673047 0.673047 0.673047
6032.389648 0.000000 3516.968262 0.000000 0.995518 0.000000 0.094571 0.681843 0.681843 0.681843
6018.666504 0.000000 3546.910156 0.000000 0.962106 0.000000 -0.272676 0.710859 0.710859 0.710859
6128.587402 0.000000 3552.957275 0.000000 0.999559 0.000000 0.029680 0.416220 0.416220 0.416220
6130.359863 0.000000 3553.778320 0.000000 0.988652 0.000000 -0.150222 0.668910 0.668910 0.668910
6090.106445 0.000000 3550.577881 0.000000 0.960686 0.000000 0.277636 0.608199 0.608199 0.608199
6135.350098 0.000000 3558.103027 0.000000 0.999253 0.000000 -0.038635 0.547014 0.547014 0.547014
6131.887695 0.000000 3552.222168 0.000000 0.993449 0.000000 0.114279 0.659788 0.659788 0.659788
6108.840820 0.000000 3522.584717 0.000000 0.994210 0.000000 -0.107450 0.661485 0.661485 0.661485
6092.967773 0.000000 3516.645752 0.000000 0.996864 0.000000 0.079130 0.579228 0.579228 0.579228
6089.798340 0.000000 3513.259766 0.000000 0.989635 0.000000 -0.143604 0.638878 0.638878 0.638878
6088.833984 0.000000 3513.011963 0.000000 0.982844 0.000000 0.184441 0.628439 0.628439 0.628439
6040.008789 0.000000 3578.925781 0.000000 0.999631 0.000000 -0.027149 0.544771 0.544771 0.544771
6039.490234 0.000000 3581.540039 0.000000 0.996608 0.000000 -0.082298 0.544125 0.544125 0.544125
6044.055664 0.000000 3585.040527 0.000000 0.996467 0.000000 0.083981 0.696613 0.696613 0.696613
6047.106934 0.000000 3586.866211 0.000000 0.993387 0.000000 -0.114810 0.704434 0.704434 0.704434
6137.597656 0.000000 3559.232422 0.000000 0.990960 0.000000 0.134157 0.509834 0.509834 0.509834
6135.307129 0.000000 3559.361084 0.000000 0.971950 0.000000 -0.235187 0.551823 0.551823 0.551823
6121.102051 0.000000 3565.775635 0.000000 0.965503 0.000000 -0.260390 0.710542 0.710542 0.710542
6134.925781 0.000000 3564.552734 0.000000 0.993870 0.000000 0.110559 0.601681 0.601681 0.601681
6121.650879 0.000000 3563.588135 0.000000 0.999298 0.000000 0.037454 0.698560 0.698560 0.698560
6144.049316 0.000000 3476.245117 0.000000 0.953182 0.000000 0.302397 0.532904 0.532904 0.532904
6176.511719 0.000000 3476.544189 0.000000 0.960522 0.000000 0.278206 0.506646 0.506646 0.506646
6169.165527 0.000000 3469.745605 0.000000 0.989047 0.000000 0.147602 0.670231 0.670231 0.670231
6148.623047 0.000000 3476.934082 0.000000 0.981364 0.000000 0.192156 0.504697 0.504697 0.504697
6170.409180 0.000000 3458.403320 0.000000 0.998253 0.000000 0.059079 0.697366 0.697366 0.697366
6196.518555 0.000000 3464.628174 0.000000 0.999979 0.000000 0.006502 0.538082 0.538082 0.538082
6164.673828 0.000000 3470.900146 0.000000 0.992845 0.000000 -0.119414 0.634141 0.634141 0.634141
6167.062988 0.000000 3467.220947 0.000000 0.970719 0.000000 0.240216 0.689719 0.689719 0.689719
6176.381836 0.000000 3472.726074 0.000000 0.999979 0.000000 0.006416 0.699714 0.699714 0.699714
6173.522949 0.000000 3473.350830 0.000000 0.993966 0.000000 -0.109691 0.556650 0.556650 0.556650
6192.035645 0.000000 3460.442871 0.000000 0.981652 0.000000 0.190684 0.543367 0.543367 0.543367
6193.295410 0.000000 3469.307861 0.000000 0.982862 0.000000 -0.184345 0.708262 0.708262 0.708262
6145.099609 0.000000 3476.958008 0.000000 0.963608 0.000000 -0.267321 0.546619 0.546619 0.546619
6171.909180 0.000000 3463.042725 0.000000 0.998615 0.000000 0.052616 0.697654 0.697654 0.697654
6190.116699 0.000000 3459.969482 0.000000 0.953613 0.000000 0.301036 0.686828 0.686828 0.686828
6172.669922 0.000000 3457.771973 0.000000 0.998048 0.000000 0.062453 0.622585 0.622585 0.622585
6165.764648 0.000000 3465.250977 0.000000 0.995509 0.000000 0.094667 0.696380 0.696380 0.696380
6155.067383 0.000000 3461.049072 0.000000 0.994518 0.000000 0.104566 0.695332 0.695332 0.695332
6188.707520 0.000000 3459.604492 0.000000 0.997198 0.000000 -0.074806 0.697898 0.697898 0.697898
6174.740723 0.000000 3471.770996 0.000000 0.984809 0.000000 0.173642 0.692222 0.692222 0.692222
6172.754395 0.000000 3468.286133 0.000000 0.991002 0.000000 -0.133846 0.705408 0.705408 0.705408
6174.879883 0.000000 3460.892334 0.000000 0.977278 0.000000 -0.211963 0.585158 0.585158 0.585158
6179.156738 0.000000 3473.510010 0.000000 0.987744 0.000000 -0.156085 0.671104 0.671104 0.671104
6144.173828 0.000000 3473.222412 0.000000 0.959492 0.000000 -0.281735 0.661467 0.661467 0.661467
6194.565430 0.000000 3462.580566 0.000000 0.997454 0.000000 0.071309 0.696982 0.696982 0.696982
6154.650879 0.000000 3455.823730 0.000000 0.962838 0.000000 -0.270081 0.671117 0.671117 0.671117
6194.195312 0.000000 3464.383057 0.000000 0.999928 0.000000 -0.011975 0.700534 0.700534 0.700534
6192.308105 0.000000 3555.895020 0.000000 0.978423 0.000000 -0.206610 0.499330 0.499330 0.499330
6168.133789 0.000000 3518.496582 0.000000 0.984143 0.000000 -0.177379 0.624025 0.624025 0.624025
6166.499512 0.000000 3518.335205 0.000000 0.999047 0.000000 -0.043656 0.653414 0.653414 0.653414
6167.253418 0.000000 3519.015137 0.000000 0.999448 0.000000 0.033222 0.650855 0.650855 0.650855
6267.891113 0.000000 3520.682129 0.000000 0.997300 0.000000 -0.073434 0.624799 0.624799 0.624799
6174.751465 0.000000 3598.107178 0.000000 0.994648 0.000000 0.103321 0.658225 0.658225 0.658225
6159.086426 0.000000 3596.051025 0.000000 0.973312 0.000000 0.229486 0.565489 0.565489 0.565489
6197.633301 0.000000 3568.125244 0.000000 0.970296 0.000000 0.241921 0.632327 0.632327 0.632327
6296.466797 0.000000 3528.555420 0.000000 0.973573 0.000000 -0.228378 0.403221 0.403221 0.403221
6284.118652 0.000000 3533.364014 0.000000 0.998761 0.000000 0.049769 0.482363 0.482363 0.482363
6281.120117 0.000000 3526.306152 0.000000 0.997790 0.000000 0.066447 0.501551 0.501551 0.501551
6280.040039 0.000000 3527.275146 0.000000 0.994097 0.000000 0.108494 0.500669 0.500669 0.500669
6277.303711 0.000000 3534.312744 0.000000 0.998820 0.000000 0.048566 0.697184 0.697184 0.697184
6369.316895 0.000000 3547.592529 0.000000 0.972749 0.000000 0.231859 0.525017 0.525017 0.525017
6298.132812 0.000000 3592.967529 0.000000 0.990448 0.000000 0.137888 0.398142 0.398142 0.398142
6323.251465 0.000000 3607.679688 0.000000 0.995416 0.000000 -0.095638 0.572107 0.572107 0.572107
6303.658691 0.000000 3594.049316 0.000000 0.951638 0.000000 -0.307223 0.535558 0.535558 0.535558
6322.142090 0.000000 3607.427979 0.000000 0.985872 0.000000 0.167503 0.565216 0.565216 0.565216
6396.529297 0.000000 3591.948975 0.000000 0.974071 0.000000 0.226241 0.486601 0.486601 0.486601
6379.722168 0.000000 3609.909180 0.000000 0.999389 0.000000 0.034938 0.492432 0.492432 0.492432
6394.349609 0.000000 3564.791016 0.000000 0.996558 0.000000 -0.082902 0.494813 0.494813 0.494813
6374.615234 0.000000 3603.892578 0.000000 0.956068 0.000000 0.293144 0.600073 0.600073 0.600073
6376.328125 0.000000 3599.262207 0.000000 0.996477 0.000000 0.083870 0.618032 0.618032 0.618032
6396.814941 0.000000 3593.232666 0.000000 0.987108 0.000000 -0.160057 0.589698 0.589698 0.589698
6458.231934 0.000000 3601.918945 0.000000 0.973228 0.000000 -0.229843 0.663686 0.663686 0.663686
6639.274414 0.000000 3520.114014 0.000000 0.998195 0.000000 -0.060056 0.687484 0.687484 0.687484
6626.137695 0.000000 3516.934326 0.000000 0.999691 0.000000 0.024856 0.535692 0.535692 0.535692
6573.740723 0.000000 3588.724854 0.000000 0.981789 0.000000 -0.189975 0.445343 0.445343 0.445343
6531.569824 0.000000 3572.159912 0.000000 0.997874 0.000000 -0.065173 0.636379 0.636379 0.636379
6543.969727 0.000000 3575.919678 0.000000 0.999877 0.000000 -0.015674 0.560201 0.560201 0.560201
6586.229980 0.000000 3570.336914 0.000000 0.996925 0.000000 0.078359 0.697012 0.697012 0.697012
6598.265137 0.000000 3571.669189 0.000000 0.990411 0.000000 0.138152 0.567930 0.567930 0.567930
6599.818359 0.000000 3573.126953 0.000000 0.972556 0.000000 -0.232671 0.627737 0.627737 0.627737
6632.028809 0.000000 3577.957031 0.000000 0.996992 0.000000 0.077505 0.618226 0.618226 0.618226
6671.572266 0.000000 3590.115479 0.000000 0.990259 0.000000 0.139238 0.459253 0.459253 0.459253
6664.076660 0.000000 3607.955078 0.000000 0.998634 0.000000 -0.052244 0.468608 0.468608 0.468608
6671.086426 0.000000 3596.051025 0.000000 0.996083 0.000000 -0.088425 0.623284 0.623284 0.623284
6665.007812 0.000000 3595.224854 0.000000 0.999274 0.000000 -0.038100 0.621748 0.621748 0.621748
6666.263672 0.000000 3609.227783 0.000000 0.959190 0.000000 -0.282762 0.712700 0.712700 0.712700
6667.736816 0.000000 3605.484375 0.000000 0.999784 0.000000 0.020780 0.635613 0.635613 0.635613
6665.779297 0.000000 3597.025635 0.000000 0.995548 0.000000 -0.094254 0.613577 0.613577 0.613577
"}
object={
	name="pine_sparse_generator_3_3"
	clamp_to_water_level=no
	render_under_water=no
	generated_content=yes
	layer="semidynamic_high"
	pdxmesh="tree_fir_004_mesh"
	count=492
	transform="1271.033203 0.000000 2523.760498 0.000000 0.875921 0.000000 -0.482455 0.406838 0.406838 0.406838
1275.122925 0.000000 2524.738770 0.000000 0.629366 0.000000 -0.777109 0.438329 0.438329 0.438329
1269.852051 0.000000 2539.578857 0.000000 0.843727 0.000000 -0.536772 0.541363 0.541363 0.541363
1271.960815 0.000000 2531.469238 0.000000 0.606988 0.000000 -0.794711 0.729448 0.729448 0.729448
1271.591187 0.000000 2534.309082 0.000000 0.680948 0.000000 -0.732332 0.733173 0.733173 0.733173
1270.458008 0.000000 2554.706299 0.000000 0.813240 0.000000 -0.581928 0.520027 0.520027 0.520027
1268.713013 0.000000 2558.701660 0.000000 0.603826 0.000000 -0.797116 0.691183 0.691183 0.691183
1276.124512 0.000000 2584.012207 0.000000 0.846211 0.000000 -0.532848 0.722637 0.722637 0.722637
1276.996460 0.000000 2578.171143 0.000000 0.875176 0.000000 -0.483804 0.668770 0.668770 0.668770
1278.128906 0.000000 2605.141846 0.000000 0.707912 0.000000 -0.706300 0.734949 0.734949 0.734949
1276.780640 0.000000 2618.372803 0.000000 0.852286 0.000000 -0.523077 0.588071 0.588071 0.588071
1276.750244 0.000000 2604.583496 0.000000 0.806727 0.000000 -0.590925 0.725964 0.725964 0.725964
1279.272095 0.000000 2621.202148 0.000000 0.624449 0.000000 -0.781066 0.737831 0.737831 0.737831
1277.047485 0.000000 2606.718018 0.000000 0.910551 0.000000 -0.413396 0.633563 0.633563 0.633563
1274.875244 0.000000 2654.920166 0.000000 0.898971 0.000000 -0.438008 0.405976 0.405976 0.405976
1272.956177 0.000000 2680.181396 0.000000 0.707605 0.000000 -0.706608 0.410971 0.410971 0.410971
1278.808594 0.000000 2682.793213 0.000000 0.951008 0.000000 -0.309167 0.423391 0.423391 0.423391
1274.513306 0.000000 2668.461914 0.000000 0.589496 0.000000 -0.807771 0.516313 0.516313 0.516313
1268.189697 0.000000 2688.839844 0.000000 0.625745 0.000000 -0.780028 0.553043 0.553043 0.553043
1279.449219 0.000000 2672.323486 0.000000 0.885206 0.000000 -0.465200 0.602632 0.602632 0.602632
1277.822510 0.000000 2678.732422 0.000000 0.812822 0.000000 -0.582512 0.722513 0.722513 0.722513
1278.495972 0.000000 2671.259521 0.000000 0.940429 0.000000 -0.339990 0.691857 0.691857 0.691857
1276.557373 0.000000 2660.032471 0.000000 0.813835 0.000000 -0.581096 0.651882 0.651882 0.651882
1280.825439 0.000000 2537.604248 0.000000 0.631269 0.000000 -0.775564 0.647611 0.647611 0.647611
1281.070068 0.000000 2538.822266 0.000000 0.920833 0.000000 -0.389958 0.715401 0.715401 0.715401
1294.515747 0.000000 2591.743652 0.000000 0.939589 0.000000 -0.342305 0.466040 0.466040 0.466040
1282.359009 0.000000 2549.444092 0.000000 0.884699 0.000000 -0.466164 0.484672 0.484672 0.484672
1282.944824 0.000000 2597.263672 0.000000 0.739855 0.000000 -0.672766 0.643054 0.643054 0.643054
1285.619141 0.000000 2597.244873 0.000000 0.799338 0.000000 -0.600882 0.559617 0.559617 0.559617
1282.946411 0.000000 2544.242188 0.000000 0.819599 0.000000 -0.572937 0.552623 0.552623 0.552623
1295.254395 0.000000 2587.180908 0.000000 0.911319 0.000000 -0.411701 0.718909 0.718909 0.718909
1293.742432 0.000000 2588.016846 0.000000 0.827831 0.000000 -0.560977 0.723834 0.723834 0.723834
1294.024780 0.000000 2589.109863 0.000000 0.743744 0.000000 -0.668464 0.726682 0.726682 0.726682
1282.417725 0.000000 2577.704590 0.000000 0.590045 0.000000 -0.807370 0.713122 0.713122 0.713122
1283.138672 0.000000 2581.053467 0.000000 0.909473 0.000000 -0.415764 0.674389 0.674389 0.674389
1526.766602 0.000000 2529.913086 0.000000 0.648580 0.000000 -0.761147 0.456576 0.456576 0.456576
1519.452637 0.000000 2535.291748 0.000000 0.899581 0.000000 -0.436754 0.512390 0.512390 0.512390
1505.773193 0.000000 2540.737793 0.000000 0.925927 0.000000 -0.377704 0.525160 0.525160 0.525160
1533.825317 0.000000 2535.978516 0.000000 0.651916 0.000000 -0.758291 0.543895 0.543895 0.543895
1521.451660 0.000000 2531.007568 0.000000 0.936913 0.000000 -0.349562 0.639553 0.639553 0.639553
1527.320923 0.000000 2539.058105 0.000000 0.833923 0.000000 -0.551881 0.722477 0.722477 0.722477
1460.201538 0.000000 2548.744873 0.000000 0.628334 0.000000 -0.777944 0.446641 0.446641 0.446641
1534.018555 0.000000 2567.691895 0.000000 0.612823 0.000000 -0.790220 0.412056 0.412056 0.412056
1484.800293 0.000000 2552.359619 0.000000 0.829067 0.000000 -0.559150 0.433722 0.433722 0.433722
1526.093628 0.000000 2566.064209 0.000000 0.858628 0.000000 -0.512600 0.432866 0.432866 0.432866
1523.232544 0.000000 2561.150879 0.000000 0.862717 0.000000 -0.505688 0.457083 0.457083 0.457083
1491.362671 0.000000 2550.108398 0.000000 0.618385 0.000000 -0.785875 0.453073 0.453073 0.453073
1534.039429 0.000000 2582.257080 0.000000 0.725178 0.000000 -0.688561 0.500201 0.500201 0.500201
1523.522583 0.000000 2558.483398 0.000000 0.882184 0.000000 -0.470905 0.699055 0.699055 0.699055
1525.739014 0.000000 2574.422119 0.000000 0.916806 0.000000 -0.399332 0.683960 0.683960 0.683960
1508.226440 0.000000 2561.948730 0.000000 0.948404 0.000000 -0.317065 0.654624 0.654624 0.654624
1507.433105 0.000000 2563.530273 0.000000 0.879782 0.000000 -0.475378 0.650004 0.650004 0.650004
1506.155762 0.000000 2561.349854 0.000000 0.947088 0.000000 -0.320974 0.712420 0.712420 0.712420
1495.063110 0.000000 2563.470947 0.000000 0.906967 0.000000 -0.421203 0.570802 0.570802 0.570802
1531.234253 0.000000 2546.168945 0.000000 0.632413 0.000000 -0.774631 0.607466 0.607466 0.607466
1515.276611 0.000000 2553.761230 0.000000 0.881182 0.000000 -0.472777 0.647862 0.647862 0.647862
1504.156128 0.000000 2562.585693 0.000000 0.686476 0.000000 -0.727152 0.733294 0.733294 0.733294
1510.142700 0.000000 2565.888428 0.000000 0.840589 0.000000 -0.541673 0.725509 0.725509 0.725509
1511.352051 0.000000 2564.479004 0.000000 0.846790 0.000000 -0.531927 0.724994 0.724994 0.724994
1522.565430 0.000000 2558.830566 0.000000 0.838834 0.000000 -0.544387 0.702132 0.702132 0.702132
1302.346924 0.000000 2620.924805 0.000000 0.928614 0.000000 -0.371046 0.432420 0.432420 0.432420
1288.084595 0.000000 2613.916260 0.000000 0.897779 0.000000 -0.440446 0.433609 0.433609 0.433609
1295.572021 0.000000 2629.881104 0.000000 0.908581 0.000000 -0.417708 0.457407 0.457407 0.457407
1306.960815 0.000000 2634.569580 0.000000 0.938842 0.000000 -0.344350 0.492194 0.492194 0.492194
1293.528442 0.000000 2652.799561 0.000000 0.721290 0.000000 -0.692633 0.535519 0.535519 0.535519
1297.812744 0.000000 2654.146240 0.000000 0.670112 0.000000 -0.742260 0.499634 0.499634 0.499634
1294.955566 0.000000 2650.573486 0.000000 0.883554 0.000000 -0.468330 0.507039 0.507039 0.507039
1305.165405 0.000000 2622.479980 0.000000 0.883590 0.000000 -0.468262 0.543622 0.543622 0.543622
1304.647583 0.000000 2651.228516 0.000000 0.689087 0.000000 -0.724678 0.620075 0.620075 0.620075
1308.656372 0.000000 2613.153809 0.000000 0.910467 0.000000 -0.413582 0.709001 0.709001 0.709001
1285.619141 0.000000 2653.729248 0.000000 0.616009 0.000000 -0.787739 0.673657 0.673657 0.673657
1305.454346 0.000000 2607.389893 0.000000 0.591172 0.000000 -0.806545 0.566678 0.566678 0.566678
1282.946411 0.000000 2600.726562 0.000000 0.851567 0.000000 -0.524246 0.724591 0.724591 0.724591
1297.695801 0.000000 2620.866699 0.000000 0.877440 0.000000 -0.479687 0.582663 0.582663 0.582663
1321.059570 0.000000 2621.598877 0.000000 0.601004 0.000000 -0.799246 0.736736 0.736736 0.736736
1293.261963 0.000000 2648.231689 0.000000 0.854456 0.000000 -0.519523 0.577718 0.577718 0.577718
1305.135010 0.000000 2611.021973 0.000000 0.762139 0.000000 -0.647413 0.721432 0.721432 0.721432
1289.653320 0.000000 2654.661133 0.000000 0.819627 0.000000 -0.572898 0.569064 0.569064 0.569064
1308.670166 0.000000 2610.506348 0.000000 0.687926 0.000000 -0.725781 0.721237 0.721237 0.721237
1295.213257 0.000000 2617.940918 0.000000 0.759803 0.000000 -0.650153 0.679699 0.679699 0.679699
1306.963867 0.000000 2651.113770 0.000000 0.931625 0.000000 -0.363421 0.686663 0.686663 0.686663
1325.368408 0.000000 2621.745605 0.000000 0.929726 0.000000 -0.368252 0.644231 0.644231 0.644231
1280.978394 0.000000 2603.807129 0.000000 0.832162 0.000000 -0.554532 0.706715 0.706715 0.706715
1324.081299 0.000000 2618.147949 0.000000 0.665048 0.000000 -0.746800 0.737578 0.737578 0.737578
1285.281494 0.000000 2637.882568 0.000000 0.664446 0.000000 -0.747336 0.637858 0.637858 0.637858
1296.040405 0.000000 2650.635742 0.000000 0.875746 0.000000 -0.482771 0.607275 0.607275 0.607275
1299.115234 0.000000 2621.979492 0.000000 0.598770 0.000000 -0.800921 0.672236 0.672236 0.672236
1282.178345 0.000000 2637.202148 0.000000 0.903077 0.000000 -0.429479 0.718308 0.718308 0.718308
1306.143677 0.000000 2653.982666 0.000000 0.771806 0.000000 -0.635858 0.727639 0.727639 0.727639
1374.662720 0.000000 2644.471680 0.000000 0.943699 0.000000 -0.330805 0.404545 0.404545 0.404545
1359.150513 0.000000 2651.892334 0.000000 0.880973 0.000000 -0.473167 0.426097 0.426097 0.426097
1369.195190 0.000000 2643.856934 0.000000 0.697491 0.000000 -0.716594 0.426617 0.426617 0.426617
1369.175293 0.000000 2640.650879 0.000000 0.787162 0.000000 -0.616746 0.447096 0.447096 0.447096
1373.439453 0.000000 2645.167969 0.000000 0.938944 0.000000 -0.344071 0.516320 0.516320 0.516320
1312.870728 0.000000 2662.011230 0.000000 0.798450 0.000000 -0.602061 0.448838 0.448838 0.448838
1312.125000 0.000000 2663.907715 0.000000 0.751806 0.000000 -0.659384 0.450051 0.450051 0.450051
1324.378174 0.000000 2655.261963 0.000000 0.628842 0.000000 -0.777533 0.479864 0.479864 0.479864
1292.962891 0.000000 2684.886230 0.000000 0.927772 0.000000 -0.373147 0.462607 0.462607 0.462607
1315.868042 0.000000 2670.606445 0.000000 0.685641 0.000000 -0.727940 0.490927 0.490927 0.490927
1286.787476 0.000000 2659.657227 0.000000 0.880085 0.000000 -0.474817 0.507189 0.507189 0.507189
1287.009521 0.000000 2676.405518 0.000000 0.829271 0.000000 -0.558847 0.505110 0.505110 0.505110
1299.060669 0.000000 2681.976318 0.000000 0.911097 0.000000 -0.412191 0.515868 0.515868 0.515868
1290.621582 0.000000 2681.981689 0.000000 0.790337 0.000000 -0.612672 0.642740 0.642740 0.642740
1312.756958 0.000000 2694.387695 0.000000 0.846459 0.000000 -0.532454 0.588363 0.588363 0.588363
1288.040161 0.000000 2680.009521 0.000000 0.822228 0.000000 -0.569159 0.659696 0.659696 0.659696
1312.511597 0.000000 2685.762939 0.000000 0.943473 0.000000 -0.331450 0.596567 0.596567 0.596567
1309.621216 0.000000 2691.913086 0.000000 0.929183 0.000000 -0.369620 0.648333 0.648333 0.648333
1311.835327 0.000000 2703.963135 0.000000 0.889489 0.000000 -0.456957 0.531135 0.531135 0.531135
1292.303711 0.000000 2683.719971 0.000000 0.920967 0.000000 -0.389640 0.541609 0.541609 0.541609
1282.951050 0.000000 2676.866455 0.000000 0.643681 0.000000 -0.765294 0.558787 0.558787 0.558787
1300.351074 0.000000 2677.830078 0.000000 0.785609 0.000000 -0.618723 0.545718 0.545718 0.545718
1300.673706 0.000000 2680.118896 0.000000 0.817063 0.000000 -0.576548 0.612444 0.612444 0.612444
1284.526611 0.000000 2655.836426 0.000000 0.779678 0.000000 -0.626180 0.531504 0.531504 0.531504
1295.303955 0.000000 2670.549072 0.000000 0.648154 0.000000 -0.761510 0.579603 0.579603 0.579603
1286.064331 0.000000 2678.940430 0.000000 0.771993 0.000000 -0.635632 0.564815 0.564815 0.564815
1291.529175 0.000000 2677.918457 0.000000 0.888498 0.000000 -0.458880 0.551512 0.551512 0.551512
1282.524048 0.000000 2675.266846 0.000000 0.929927 0.000000 -0.367745 0.565289 0.565289 0.565289
1307.520020 0.000000 2667.943359 0.000000 0.918947 0.000000 -0.394381 0.634961 0.634961 0.634961
1310.718750 0.000000 2674.187500 0.000000 0.883263 0.000000 -0.468879 0.718507 0.718507 0.718507
1313.994629 0.000000 2687.535156 0.000000 0.742426 0.000000 -0.669928 0.665930 0.665930 0.665930
1284.615234 0.000000 2659.878418 0.000000 0.761154 0.000000 -0.648571 0.727194 0.727194 0.727194
1325.612549 0.000000 2687.748779 0.000000 0.837043 0.000000 -0.547137 0.648524 0.648524 0.648524
1284.661865 0.000000 2658.180420 0.000000 0.803122 0.000000 -0.595814 0.724596 0.724596 0.724596
1301.270752 0.000000 2680.920898 0.000000 0.866603 0.000000 -0.498998 0.609846 0.609846 0.609846
1379.024292 0.000000 2675.337646 0.000000 0.625760 0.000000 -0.780016 0.419767 0.419767 0.419767
1378.804321 0.000000 2678.747803 0.000000 0.907457 0.000000 -0.420145 0.509983 0.509983 0.509983
1373.531982 0.000000 2655.609375 0.000000 0.625279 0.000000 -0.780401 0.645729 0.645729 0.645729
1373.621216 0.000000 2691.913086 0.000000 0.875807 0.000000 -0.482662 0.650267 0.650267 0.650267
1367.490234 0.000000 2680.213135 0.000000 0.819484 0.000000 -0.573102 0.635035 0.635035 0.635035
1400.202881 0.000000 2671.722168 0.000000 0.609431 0.000000 -0.792839 0.637865 0.637865 0.637865
1391.941284 0.000000 2689.385010 0.000000 0.870605 0.000000 -0.491983 0.673191 0.673191 0.673191
1401.149658 0.000000 2670.871338 0.000000 0.629746 0.000000 -0.776801 0.637100 0.637100 0.637100
1389.862305 0.000000 2707.143799 0.000000 0.846881 0.000000 -0.531783 0.582188 0.582188 0.582188
1443.728149 0.000000 2650.312744 0.000000 0.902465 0.000000 -0.430763 0.662701 0.662701 0.662701
1485.917725 0.000000 2629.727539 0.000000 0.714261 0.000000 -0.699879 0.415991 0.415991 0.415991
1502.239746 0.000000 2646.463135 0.000000 0.657963 0.000000 -0.753050 0.487480 0.487480 0.487480
1492.429321 0.000000 2648.303955 0.000000 0.929449 0.000000 -0.368952 0.488684 0.488684 0.488684
1501.388550 0.000000 2647.472168 0.000000 0.858828 0.000000 -0.512264 0.639016 0.639016 0.639016
1512.295898 0.000000 2633.543945 0.000000 0.768836 0.000000 -0.639446 0.560799 0.560799 0.560799
1509.796265 0.000000 2630.724121 0.000000 0.682064 0.000000 -0.731293 0.662398 0.662398 0.662398
1499.654175 0.000000 2648.869629 0.000000 0.776941 0.000000 -0.629573 0.603952 0.603952 0.603952
1498.086426 0.000000 2649.043701 0.000000 0.763006 0.000000 -0.646392 0.604551 0.604551 0.604551
1483.892456 0.000000 2632.070557 0.000000 0.687450 0.000000 -0.726232 0.630630 0.630630 0.630630
1447.873657 0.000000 2691.553223 0.000000 0.947272 0.000000 -0.320432 0.451600 0.451600 0.451600
1422.515747 0.000000 2704.712402 0.000000 0.708860 0.000000 -0.705349 0.475845 0.475845 0.475845
1418.169800 0.000000 2695.339355 0.000000 0.653130 0.000000 -0.757246 0.514649 0.514649 0.514649
1443.728149 0.000000 2706.797119 0.000000 0.904543 0.000000 -0.426382 0.717936 0.717936 0.717936
1414.284668 0.000000 2694.937988 0.000000 0.588965 0.000000 -0.808159 0.632258 0.632258 0.632258
1419.726318 0.000000 2697.644531 0.000000 0.906229 0.000000 -0.422786 0.593189 0.593189 0.593189
1422.829834 0.000000 2677.645996 0.000000 0.771681 0.000000 -0.636010 0.687426 0.687426 0.687426
1419.498657 0.000000 2696.043945 0.000000 0.925148 0.000000 -0.379607 0.591912 0.591912 0.591912
1414.943237 0.000000 2688.443359 0.000000 0.729644 0.000000 -0.683827 0.731451 0.731451 0.731451
1446.279175 0.000000 2689.240723 0.000000 0.607686 0.000000 -0.794177 0.640049 0.640049 0.640049
1727.099731 0.000000 2415.304932 0.000000 0.896674 0.000000 -0.442692 0.506449 0.506449 0.506449
1728.049316 0.000000 2403.041992 0.000000 0.678172 0.000000 -0.734903 0.513962 0.513962 0.513962
1737.015747 0.000000 2404.325684 0.000000 0.779418 0.000000 -0.626504 0.510922 0.510922 0.510922
1736.040161 0.000000 2397.587646 0.000000 0.782383 0.000000 -0.622798 0.504656 0.504656 0.504656
1736.591797 0.000000 2399.102783 0.000000 0.942617 0.000000 -0.333876 0.566400 0.566400 0.566400
1734.448975 0.000000 2404.313721 0.000000 0.748789 0.000000 -0.662808 0.576057 0.576057 0.576057
1714.992432 0.000000 2458.234131 0.000000 0.833697 0.000000 -0.552222 0.494734 0.494734 0.494734
1720.881714 0.000000 2440.351562 0.000000 0.827432 0.000000 -0.561566 0.533840 0.533840 0.533840
1723.234253 0.000000 2433.200195 0.000000 0.915489 0.000000 -0.402343 0.684075 0.684075 0.684075
1539.807495 0.000000 2549.598633 0.000000 0.756872 0.000000 -0.653563 0.470463 0.470463 0.470463
1560.838135 0.000000 2579.908447 0.000000 0.731654 0.000000 -0.681676 0.487628 0.487628 0.487628
1550.955566 0.000000 2594.089111 0.000000 0.598995 0.000000 -0.800753 0.516071 0.516071 0.516071
1544.482910 0.000000 2582.146973 0.000000 0.668918 0.000000 -0.743336 0.707358 0.707358 0.707358
1539.441895 0.000000 2543.182617 0.000000 0.748338 0.000000 -0.663318 0.731305 0.731305 0.731305
1549.377197 0.000000 2584.020996 0.000000 0.870185 0.000000 -0.492724 0.601456 0.601456 0.601456
1717.692383 0.000000 2497.047607 0.000000 0.726845 0.000000 -0.686802 0.452718 0.452718 0.452718
1712.528931 0.000000 2506.193604 0.000000 0.766131 0.000000 -0.642684 0.457894 0.457894 0.457894
1714.837158 0.000000 2526.988770 0.000000 0.830418 0.000000 -0.557141 0.480554 0.480554 0.480554
1715.963013 0.000000 2528.796387 0.000000 0.912876 0.000000 -0.408236 0.582610 0.582610 0.582610
1691.705688 0.000000 2581.835693 0.000000 0.875970 0.000000 -0.482365 0.452573 0.452573 0.452573
1708.527954 0.000000 2549.780518 0.000000 0.924931 0.000000 -0.380136 0.472804 0.472804 0.472804
1679.857666 0.000000 2597.087158 0.000000 0.891194 0.000000 -0.453623 0.480354 0.480354 0.480354
1691.110962 0.000000 2579.406250 0.000000 0.950800 0.000000 -0.309806 0.503508 0.503508 0.503508
1707.042480 0.000000 2563.196289 0.000000 0.670723 0.000000 -0.741708 0.731908 0.731908 0.731908
1563.921387 0.000000 2614.237061 0.000000 0.911490 0.000000 -0.411322 0.405884 0.405884 0.405884
1571.236572 0.000000 2602.802490 0.000000 0.889087 0.000000 -0.457738 0.506794 0.506794 0.506794
1652.612793 0.000000 2613.993164 0.000000 0.921871 0.000000 -0.387496 0.405325 0.405325 0.405325
1635.914307 0.000000 2627.040283 0.000000 0.895529 0.000000 -0.445003 0.433689 0.433689 0.433689
1613.842407 0.000000 2649.759033 0.000000 0.930389 0.000000 -0.366573 0.444395 0.444395 0.444395
1624.838135 0.000000 2636.392822 0.000000 0.903031 0.000000 -0.429576 0.485919 0.485919 0.485919
1620.371582 0.000000 2634.819336 0.000000 0.669472 0.000000 -0.742837 0.495496 0.495496 0.495496
1612.418213 0.000000 2647.357178 0.000000 0.625825 0.000000 -0.779963 0.502853 0.502853 0.502853
1622.202759 0.000000 2635.809082 0.000000 0.946198 0.000000 -0.323590 0.588278 0.588278 0.588278
1581.740601 0.000000 2684.974854 0.000000 0.858234 0.000000 -0.513259 0.455202 0.455202 0.455202
1561.591064 0.000000 2672.747314 0.000000 0.755574 0.000000 -0.655063 0.484897 0.484897 0.484897
1587.138062 0.000000 2686.777832 0.000000 0.792908 0.000000 -0.609341 0.496102 0.496102 0.496102
1592.776245 0.000000 2681.608887 0.000000 0.589803 0.000000 -0.807547 0.516305 0.516305 0.516305
1598.576294 0.000000 2667.029053 0.000000 0.627936 0.000000 -0.778265 0.515321 0.515321 0.515321
1593.029053 0.000000 2682.913818 0.000000 0.888218 0.000000 -0.459423 0.506833 0.506833 0.506833
1560.008911 0.000000 2675.175781 0.000000 0.924385 0.000000 -0.381461 0.505072 0.505072 0.505072
1600.520874 0.000000 2674.535645 0.000000 0.739856 0.000000 -0.672765 0.472976 0.472976 0.472976
1605.380859 0.000000 2654.923584 0.000000 0.853723 0.000000 -0.520727 0.498082 0.498082 0.498082
1365.880737 0.000000 2719.752441 0.000000 0.701065 0.000000 -0.713097 0.586148 0.586148 0.586148
1967.774780 0.000000 2786.922852 0.000000 0.743202 0.000000 -0.669067 0.411289 0.411289 0.411289
1956.762085 0.000000 2789.239502 0.000000 0.599297 0.000000 -0.800527 0.453468 0.453468 0.453468
1967.226074 0.000000 2808.678467 0.000000 0.726411 0.000000 -0.687260 0.454787 0.454787 0.454787
1977.096802 0.000000 2801.799316 0.000000 0.760690 0.000000 -0.649116 0.462142 0.462142 0.462142
1965.746216 0.000000 2787.870361 0.000000 0.596848 0.000000 -0.802354 0.476427 0.476427 0.476427
1975.627441 0.000000 2798.361816 0.000000 0.775315 0.000000 -0.631575 0.472006 0.472006 0.472006
1972.736572 0.000000 2792.585449 0.000000 0.649190 0.000000 -0.760627 0.498095 0.498095 0.498095
2008.763672 0.000000 2798.465576 0.000000 0.619294 0.000000 -0.785159 0.412038 0.412038 0.412038
2000.003174 0.000000 2795.037109 0.000000 0.888148 0.000000 -0.459557 0.406580 0.406580 0.406580
2018.170532 0.000000 2796.091797 0.000000 0.747343 0.000000 -0.664438 0.446055 0.446055 0.446055
1989.526245 0.000000 2808.800293 0.000000 0.615213 0.000000 -0.788361 0.455216 0.455216 0.455216
2009.662842 0.000000 2790.529785 0.000000 0.823839 0.000000 -0.566824 0.466479 0.466479 0.466479
2009.625977 0.000000 2794.756592 0.000000 0.830663 0.000000 -0.556775 0.535761 0.535761 0.535761
2013.522949 0.000000 2795.538330 0.000000 0.739558 0.000000 -0.673093 0.561871 0.561871 0.561871
2012.055420 0.000000 2794.259277 0.000000 0.719979 0.000000 -0.693996 0.562560 0.562560 0.562560
1966.835327 0.000000 2828.269287 0.000000 0.927524 0.000000 -0.373763 0.559389 0.559389 0.559389
2164.752686 0.000000 2249.287842 0.000000 0.658024 0.000000 -0.752997 0.446019 0.446019 0.446019
2184.816650 0.000000 2250.898926 0.000000 0.937511 0.000000 -0.347955 0.430028 0.430028 0.430028
2203.270508 0.000000 2254.636963 0.000000 0.827873 0.000000 -0.560916 0.427652 0.427652 0.427652
2188.826172 0.000000 2242.076660 0.000000 0.950226 0.000000 -0.311563 0.459451 0.459451 0.459451
2237.091553 0.000000 2254.602295 0.000000 0.906420 0.000000 -0.422377 0.493853 0.493853 0.493853
2226.026855 0.000000 2238.974854 0.000000 0.902390 0.000000 -0.430919 0.479882 0.479882 0.479882
2237.900391 0.000000 2255.958496 0.000000 0.844649 0.000000 -0.535321 0.496381 0.496381 0.496381
2177.717041 0.000000 2247.335693 0.000000 0.804406 0.000000 -0.594080 0.510084 0.510084 0.510084
2176.036621 0.000000 2247.917969 0.000000 0.744971 0.000000 -0.667097 0.512012 0.512012 0.512012
2235.111816 0.000000 2244.013672 0.000000 0.867626 0.000000 -0.497217 0.507714 0.507714 0.507714
2237.311279 0.000000 2257.181641 0.000000 0.607283 0.000000 -0.794486 0.515858 0.515858 0.515858
2191.887695 0.000000 2250.627930 0.000000 0.931330 0.000000 -0.364176 0.504691 0.504691 0.504691
2173.061279 0.000000 2259.931396 0.000000 0.931640 0.000000 -0.363382 0.420250 0.420250 0.420250
2173.495117 0.000000 2278.535156 0.000000 0.913175 0.000000 -0.407567 0.437068 0.437068 0.437068
2169.096924 0.000000 2293.439941 0.000000 0.902309 0.000000 -0.431089 0.457661 0.457661 0.457661
2169.877930 0.000000 2289.956299 0.000000 0.682649 0.000000 -0.730746 0.513837 0.513837 0.513837
2164.189697 0.000000 2293.449219 0.000000 0.944149 0.000000 -0.329519 0.564271 0.564271 0.564271
2173.398193 0.000000 2261.236816 0.000000 0.716557 0.000000 -0.697529 0.554361 0.554361 0.554361
2174.648682 0.000000 2264.341553 0.000000 0.945061 0.000000 -0.326893 0.594418 0.594418 0.594418
2172.821777 0.000000 2281.414551 0.000000 0.886074 0.000000 -0.463545 0.604621 0.604621 0.604621
2178.492188 0.000000 2262.964600 0.000000 0.944829 0.000000 -0.327563 0.404499 0.404499 0.404499
2222.967041 0.000000 2274.751953 0.000000 0.797092 0.000000 -0.603858 0.418253 0.418253 0.418253
2194.928467 0.000000 2300.279785 0.000000 0.895816 0.000000 -0.444425 0.437716 0.437716 0.437716
2229.819092 0.000000 2268.000732 0.000000 0.612072 0.000000 -0.790802 0.467759 0.467759 0.467759
2186.169922 0.000000 2299.948730 0.000000 0.803274 0.000000 -0.595610 0.506019 0.506019 0.506019
2238.566406 0.000000 2315.003662 0.000000 0.946763 0.000000 -0.321931 0.503770 0.503770 0.503770
2218.270752 0.000000 2266.866699 0.000000 0.906675 0.000000 -0.421830 0.505975 0.505975 0.505975
2211.134277 0.000000 2276.676514 0.000000 0.643335 0.000000 -0.765585 0.498243 0.498243 0.498243
2212.921631 0.000000 2277.866211 0.000000 0.685552 0.000000 -0.728024 0.605540 0.605540 0.605540
2254.486328 0.000000 2298.056885 0.000000 0.930620 0.000000 -0.365987 0.418286 0.418286 0.418286
2280.332520 0.000000 2297.577881 0.000000 0.652214 0.000000 -0.758035 0.514674 0.514674 0.514674
2287.452637 0.000000 2309.354248 0.000000 0.845887 0.000000 -0.533362 0.508578 0.508578 0.508578
2269.245361 0.000000 2295.209717 0.000000 0.858900 0.000000 -0.512143 0.491776 0.491776 0.491776
2285.661621 0.000000 2309.630371 0.000000 0.733606 0.000000 -0.679575 0.614104 0.614104 0.614104
2280.031982 0.000000 2310.925537 0.000000 0.609874 0.000000 -0.792499 0.540921 0.540921 0.540921
2241.433350 0.000000 2306.630859 0.000000 0.906797 0.000000 -0.421569 0.566753 0.566753 0.566753
2203.871582 0.000000 2335.926758 0.000000 0.598146 0.000000 -0.801387 0.453491 0.453491 0.453491
2192.717773 0.000000 2328.196533 0.000000 0.871671 0.000000 -0.490092 0.495347 0.495347 0.495347
2239.011719 0.000000 2325.221680 0.000000 0.919098 0.000000 -0.394029 0.499297 0.499297 0.499297
2192.534668 0.000000 2329.687256 0.000000 0.903010 0.000000 -0.429620 0.494010 0.494010 0.494010
2205.330322 0.000000 2331.966553 0.000000 0.872008 0.000000 -0.489492 0.507532 0.507532 0.507532
2230.458008 0.000000 2328.768799 0.000000 0.874974 0.000000 -0.484170 0.720536 0.720536 0.720536
2228.335449 0.000000 2330.334961 0.000000 0.797516 0.000000 -0.603297 0.724843 0.724843 0.724843
2233.227295 0.000000 2325.626465 0.000000 0.939357 0.000000 -0.342941 0.556564 0.556564 0.556564
2220.707520 0.000000 2329.916992 0.000000 0.941987 0.000000 -0.335649 0.713399 0.713399 0.713399
2230.640381 0.000000 2327.097656 0.000000 0.740644 0.000000 -0.671898 0.590913 0.590913 0.590913
2274.589355 0.000000 2316.057617 0.000000 0.942531 0.000000 -0.334120 0.453850 0.453850 0.453850
2266.960693 0.000000 2352.147705 0.000000 0.726495 0.000000 -0.687172 0.508434 0.508434 0.508434
2275.054199 0.000000 2356.688721 0.000000 0.835120 0.000000 -0.550068 0.572485 0.572485 0.572485
2270.632324 0.000000 2399.653809 0.000000 0.842933 0.000000 -0.538018 0.449592 0.449592 0.449592
2291.251709 0.000000 2421.507812 0.000000 0.627691 0.000000 -0.778463 0.515327 0.515327 0.515327
2319.784668 0.000000 2414.166504 0.000000 0.883336 0.000000 -0.468740 0.406821 0.406821 0.406821
2336.008545 0.000000 2422.828125 0.000000 0.698784 0.000000 -0.715332 0.482304 0.482304 0.482304
2309.392334 0.000000 2375.071045 0.000000 0.716588 0.000000 -0.697497 0.654567 0.654567 0.654567
2308.661865 0.000000 2375.758545 0.000000 0.759042 0.000000 -0.651041 0.652596 0.652596 0.652596
2371.034668 0.000000 2426.502197 0.000000 0.659097 0.000000 -0.752058 0.489529 0.489529 0.489529
2348.874023 0.000000 2473.817383 0.000000 0.910115 0.000000 -0.414357 0.415037 0.415037 0.415037
2312.607910 0.000000 2442.663574 0.000000 0.654104 0.000000 -0.756405 0.462672 0.462672 0.462672
2314.945312 0.000000 2428.974365 0.000000 0.908127 0.000000 -0.418694 0.481650 0.481650 0.481650
2312.235840 0.000000 2436.210693 0.000000 0.949095 0.000000 -0.314990 0.473540 0.473540 0.473540
2354.026855 0.000000 2464.912354 0.000000 0.704658 0.000000 -0.709547 0.494566 0.494566 0.494566
2336.099609 0.000000 2465.647705 0.000000 0.893335 0.000000 -0.449391 0.470147 0.470147 0.470147
2324.461182 0.000000 2460.052734 0.000000 0.840649 0.000000 -0.541580 0.510820 0.510820 0.510820
2354.162109 0.000000 2461.327881 0.000000 0.906582 0.000000 -0.422029 0.591134 0.591134 0.591134
2372.218018 0.000000 2446.259277 0.000000 0.873857 0.000000 -0.486183 0.660651 0.660651 0.660651
2400.706299 0.000000 2489.461670 0.000000 0.814259 0.000000 -0.580502 0.452480 0.452480 0.452480
2407.286377 0.000000 2492.134766 0.000000 0.850846 0.000000 -0.525415 0.485965 0.485965 0.485965
3508.822510 0.000000 2419.761475 0.000000 0.933105 0.000000 -0.359604 0.654069 0.654069 0.654069
3515.219238 0.000000 2415.940918 0.000000 0.948892 0.000000 -0.315599 0.714168 0.714168 0.714168
3509.727783 0.000000 2418.907959 0.000000 0.891341 0.000000 -0.453333 0.657394 0.657394 0.657394
3520.096924 0.000000 2412.381104 0.000000 0.678776 0.000000 -0.734345 0.497329 0.497329 0.497329
3521.508545 0.000000 2415.632324 0.000000 0.707401 0.000000 -0.706812 0.734981 0.734981 0.734981
2168.208740 0.000000 2749.652832 0.000000 0.853162 0.000000 -0.521646 0.629073 0.629073 0.629073
2175.180664 0.000000 2773.835693 0.000000 0.783233 0.000000 -0.621729 0.471781 0.471781 0.471781
2170.732422 0.000000 2821.407227 0.000000 0.631886 0.000000 -0.775061 0.469398 0.469398 0.469398
2174.576172 0.000000 2779.997803 0.000000 0.775553 0.000000 -0.631282 0.519284 0.519284 0.519284
2190.486328 0.000000 2749.931885 0.000000 0.615475 0.000000 -0.788157 0.426169 0.426169 0.426169
2190.941895 0.000000 2736.890625 0.000000 0.644946 0.000000 -0.764228 0.469102 0.469102 0.469102
2189.010498 0.000000 2745.274170 0.000000 0.808896 0.000000 -0.587951 0.487391 0.487391 0.487391
2237.900391 0.000000 2764.317871 0.000000 0.646520 0.000000 -0.762897 0.479448 0.479448 0.479448
2195.367432 0.000000 2741.257324 0.000000 0.742851 0.000000 -0.669456 0.503818 0.503818 0.503818
2208.531982 0.000000 2734.437744 0.000000 0.693392 0.000000 -0.720560 0.668213 0.668213 0.668213
2219.721924 0.000000 2762.643555 0.000000 0.684740 0.000000 -0.728788 0.576280 0.576280 0.576280
2217.626221 0.000000 2740.837891 0.000000 0.920390 0.000000 -0.391001 0.715655 0.715655 0.715655
2200.109375 0.000000 2754.213135 0.000000 0.947144 0.000000 -0.320808 0.628513 0.628513 0.628513
2202.844727 0.000000 2736.574707 0.000000 0.653408 0.000000 -0.757006 0.678427 0.678427 0.678427
2210.603760 0.000000 2734.194824 0.000000 0.787222 0.000000 -0.616670 0.725258 0.725258 0.725258
2241.603271 0.000000 2745.203369 0.000000 0.697315 0.000000 -0.716765 0.511347 0.511347 0.511347
2248.591797 0.000000 2738.009033 0.000000 0.801518 0.000000 -0.597970 0.530722 0.530722 0.530722
2246.432129 0.000000 2757.142578 0.000000 0.877283 0.000000 -0.479974 0.721260 0.721260 0.721260
2246.643066 0.000000 2763.132568 0.000000 0.931694 0.000000 -0.363243 0.530866 0.530866 0.530866
2241.456787 0.000000 2762.366943 0.000000 0.894335 0.000000 -0.447398 0.539018 0.539018 0.539018
2249.007568 0.000000 2747.959229 0.000000 0.591246 0.000000 -0.806492 0.719483 0.719483 0.719483
2257.553955 0.000000 2757.430664 0.000000 0.921529 0.000000 -0.388310 0.715751 0.715751 0.715751
2249.653320 0.000000 2767.629883 0.000000 0.764508 0.000000 -0.644615 0.727422 0.727422 0.727422
2260.242188 0.000000 2758.943115 0.000000 0.628498 0.000000 -0.777811 0.635034 0.635034 0.635034
2244.587402 0.000000 2753.051758 0.000000 0.755473 0.000000 -0.655179 0.611105 0.611105 0.611105
2246.943359 0.000000 2744.927734 0.000000 0.717484 0.000000 -0.696575 0.658720 0.658720 0.658720
2187.119385 0.000000 2821.353516 0.000000 0.890644 0.000000 -0.454701 0.419725 0.419725 0.419725
2195.108398 0.000000 2777.711426 0.000000 0.636862 0.000000 -0.770978 0.448537 0.448537 0.448537
2197.261719 0.000000 2814.895264 0.000000 0.926281 0.000000 -0.376832 0.478778 0.478778 0.478778
2221.066406 0.000000 2773.332764 0.000000 0.821198 0.000000 -0.570644 0.486989 0.486989 0.486989
2181.906494 0.000000 2794.322998 0.000000 0.763353 0.000000 -0.645982 0.521749 0.521749 0.521749
2192.411865 0.000000 2772.128906 0.000000 0.730855 0.000000 -0.682533 0.614217 0.614217 0.614217
2233.597656 0.000000 2768.451172 0.000000 0.739878 0.000000 -0.672741 0.505971 0.505971 0.505971
2179.320312 0.000000 2816.522461 0.000000 0.697971 0.000000 -0.716127 0.507180 0.507180 0.507180
2226.147461 0.000000 2792.806885 0.000000 0.935673 0.000000 -0.352868 0.536662 0.536662 0.536662
2228.879395 0.000000 2789.732910 0.000000 0.846184 0.000000 -0.532890 0.571971 0.571971 0.571971
2222.689453 0.000000 2780.033936 0.000000 0.949799 0.000000 -0.312862 0.670628 0.670628 0.670628
2184.459473 0.000000 2810.295410 0.000000 0.759161 0.000000 -0.650903 0.546676 0.546676 0.546676
2227.049561 0.000000 2780.641113 0.000000 0.632472 0.000000 -0.774583 0.571717 0.571717 0.571717
2231.950684 0.000000 2793.712891 0.000000 0.832958 0.000000 -0.553336 0.578745 0.578745 0.578745
2222.801025 0.000000 2775.400879 0.000000 0.615519 0.000000 -0.788122 0.680050 0.680050 0.680050
2235.895996 0.000000 2768.542480 0.000000 0.754164 0.000000 -0.656686 0.729046 0.729046 0.729046
2225.021973 0.000000 2780.842773 0.000000 0.820878 0.000000 -0.571104 0.723476 0.723476 0.723476
2180.746582 0.000000 2818.301270 0.000000 0.791501 0.000000 -0.611168 0.690498 0.690498 0.690498
2240.013672 0.000000 2772.257080 0.000000 0.909935 0.000000 -0.414752 0.417056 0.417056 0.417056
2247.352783 0.000000 2780.435791 0.000000 0.816478 0.000000 -0.577376 0.456498 0.456498 0.456498
2245.125244 0.000000 2780.465576 0.000000 0.907206 0.000000 -0.420687 0.463517 0.463517 0.463517
2252.990967 0.000000 2784.736572 0.000000 0.624046 0.000000 -0.781388 0.488305 0.488305 0.488305
2260.914795 0.000000 2775.456299 0.000000 0.942862 0.000000 -0.333182 0.713653 0.713653 0.713653
2263.642334 0.000000 2775.153320 0.000000 0.749616 0.000000 -0.661873 0.655134 0.655134 0.655134
2269.126709 0.000000 2772.941650 0.000000 0.871677 0.000000 -0.490081 0.630033 0.630033 0.630033
2265.643555 0.000000 2769.056641 0.000000 0.689895 0.000000 -0.723910 0.730979 0.730979 0.730979
2249.356689 0.000000 2775.347900 0.000000 0.660479 0.000000 -0.750844 0.680231 0.680231 0.680231
2248.898926 0.000000 2782.629395 0.000000 0.836007 0.000000 -0.548719 0.648583 0.648583 0.648583
2262.567871 0.000000 2771.751953 0.000000 0.923505 0.000000 -0.383585 0.592029 0.592029 0.592029
2270.072510 0.000000 2774.782471 0.000000 0.948618 0.000000 -0.316424 0.656620 0.656620 0.656620
2262.246094 0.000000 2777.857422 0.000000 0.844924 0.000000 -0.534886 0.598703 0.598703 0.598703
2167.474609 0.000000 2829.289307 0.000000 0.718056 0.000000 -0.695986 0.410685 0.410685 0.410685
2168.881592 0.000000 2835.742188 0.000000 0.938917 0.000000 -0.344144 0.562643 0.562643 0.562643
2168.781006 0.000000 2838.166504 0.000000 0.661038 0.000000 -0.750353 0.663302 0.663302 0.663302
2164.335449 0.000000 2838.694336 0.000000 0.924225 0.000000 -0.381848 0.543434 0.543434 0.543434
2169.149658 0.000000 2840.324463 0.000000 0.764345 0.000000 -0.644808 0.569246 0.569246 0.569246
2175.208740 0.000000 2825.753174 0.000000 0.846866 0.000000 -0.531806 0.629429 0.629429 0.629429
2164.712891 0.000000 2841.123535 0.000000 0.594422 0.000000 -0.804153 0.600322 0.600322 0.600322
2146.781006 0.000000 2835.888672 0.000000 0.946099 0.000000 -0.323879 0.578215 0.578215 0.578215
2166.398193 0.000000 2838.275391 0.000000 0.897701 0.000000 -0.440606 0.605941 0.605941 0.605941
2145.961426 0.000000 2834.030029 0.000000 0.673621 0.000000 -0.739077 0.734011 0.734011 0.734011
2182.787354 0.000000 2829.110352 0.000000 0.721525 0.000000 -0.692389 0.527218 0.527218 0.527218
2188.093750 0.000000 2832.306396 0.000000 0.649454 0.000000 -0.760401 0.566984 0.566984 0.566984
2189.643799 0.000000 2834.107422 0.000000 0.945198 0.000000 -0.326498 0.602470 0.602470 0.602470
2539.721924 0.000000 2819.127930 0.000000 0.747660 0.000000 -0.664082 0.524323 0.524323 0.524323
2521.893555 0.000000 2812.529053 0.000000 0.626112 0.000000 -0.779733 0.656281 0.656281 0.656281
2632.040039 0.000000 2905.947021 0.000000 0.625846 0.000000 -0.779947 0.536283 0.536283 0.536283
2661.203613 0.000000 2934.941406 0.000000 0.745629 0.000000 -0.666362 0.605276 0.605276 0.605276
2643.455566 0.000000 2899.803955 0.000000 0.902838 0.000000 -0.429981 0.607645 0.607645 0.607645
2664.327881 0.000000 2921.449707 0.000000 0.624067 0.000000 -0.781371 0.614084 0.614084 0.614084
2679.591064 0.000000 2929.699707 0.000000 0.928973 0.000000 -0.370147 0.601753 0.601753 0.601753
2658.680176 0.000000 2935.692383 0.000000 0.640055 0.000000 -0.768329 0.621940 0.621940 0.621940
2669.449951 0.000000 2939.707031 0.000000 0.893234 0.000000 -0.449592 0.462060 0.462060 0.462060
2625.465576 0.000000 2941.746826 0.000000 0.860542 0.000000 -0.509380 0.587649 0.587649 0.587649
2669.578613 0.000000 2949.245850 0.000000 0.948130 0.000000 -0.317884 0.572012 0.572012 0.572012
2654.072510 0.000000 2944.235596 0.000000 0.936602 0.000000 -0.350394 0.605204 0.605204 0.605204
6015.786133 0.000000 3473.006592 0.000000 0.776507 0.000000 -0.630109 0.624719 0.624719 0.624719
6014.953125 0.000000 3470.704590 0.000000 0.889745 0.000000 -0.456458 0.718970 0.718970 0.718970
6011.804199 0.000000 3479.928223 0.000000 0.815205 0.000000 -0.579172 0.645600 0.645600 0.645600
6075.031250 0.000000 3434.801270 0.000000 0.949620 0.000000 -0.313402 0.503586 0.503586 0.503586
6073.562012 0.000000 3437.356445 0.000000 0.794252 0.000000 -0.607589 0.570131 0.570131 0.570131
6067.778809 0.000000 3434.643066 0.000000 0.936590 0.000000 -0.350427 0.684144 0.684144 0.684144
6067.962891 0.000000 3432.546387 0.000000 0.855397 0.000000 -0.517974 0.645388 0.645388 0.645388
6075.219238 0.000000 3432.659668 0.000000 0.733224 0.000000 -0.679987 0.729598 0.729598 0.729598
6106.771973 0.000000 3438.972900 0.000000 0.643718 0.000000 -0.765263 0.411618 0.411618 0.411618
6121.291504 0.000000 3439.625488 0.000000 0.677912 0.000000 -0.735143 0.735577 0.735577 0.735577
6109.975586 0.000000 3434.404541 0.000000 0.633336 0.000000 -0.773877 0.660224 0.660224 0.660224
6059.631348 0.000000 3489.096680 0.000000 0.911696 0.000000 -0.410865 0.457278 0.457278 0.457278
6017.633789 0.000000 3471.277344 0.000000 0.835506 0.000000 -0.549481 0.687864 0.687864 0.687864
6028.848145 0.000000 3489.449951 0.000000 0.677336 0.000000 -0.735674 0.605846 0.605846 0.605846
6018.951172 0.000000 3467.647705 0.000000 0.740521 0.000000 -0.672033 0.617985 0.617985 0.617985
6034.772461 0.000000 3470.226318 0.000000 0.632144 0.000000 -0.774851 0.561237 0.561237 0.561237
6037.270508 0.000000 3471.702148 0.000000 0.778682 0.000000 -0.627418 0.643315 0.643315 0.643315
6141.495117 0.000000 3464.707031 0.000000 0.779694 0.000000 -0.626161 0.457532 0.457532 0.457532
6126.835449 0.000000 3449.597412 0.000000 0.635708 0.000000 -0.771929 0.739299 0.739299 0.739299
6099.806641 0.000000 3480.848145 0.000000 0.729272 0.000000 -0.684224 0.605939 0.605939 0.605939
6091.571777 0.000000 3470.085938 0.000000 0.644407 0.000000 -0.764683 0.738795 0.738795 0.738795
6128.982910 0.000000 3448.978027 0.000000 0.926822 0.000000 -0.375501 0.717154 0.717154 0.717154
6129.868164 0.000000 3449.988037 0.000000 0.679191 0.000000 -0.733962 0.736726 0.736726 0.736726
6136.881836 0.000000 3457.070312 0.000000 0.839599 0.000000 -0.543206 0.725591 0.725591 0.725591
6085.154785 0.000000 3462.194336 0.000000 0.665091 0.000000 -0.746762 0.732933 0.732933 0.732933
6090.165039 0.000000 3470.478760 0.000000 0.673402 0.000000 -0.739277 0.737077 0.737077 0.737077
6085.485352 0.000000 3464.971436 0.000000 0.588291 0.000000 -0.808649 0.636524 0.636524 0.636524
6091.067383 0.000000 3461.049072 0.000000 0.650263 0.000000 -0.759710 0.738452 0.738452 0.738452
6091.246582 0.000000 3500.274902 0.000000 0.811878 0.000000 -0.583827 0.579694 0.579694 0.579694
6139.891113 0.000000 3464.197754 0.000000 0.590879 0.000000 -0.806760 0.608896 0.608896 0.608896
6087.262695 0.000000 3462.017090 0.000000 0.925358 0.000000 -0.379094 0.717327 0.717327 0.717327
6006.398438 0.000000 3516.087891 0.000000 0.761426 0.000000 -0.648252 0.627486 0.627486 0.627486
5936.749512 0.000000 3581.123291 0.000000 0.917166 0.000000 -0.398506 0.406745 0.406745 0.406745
5938.147461 0.000000 3583.588135 0.000000 0.902366 0.000000 -0.430970 0.718727 0.718727 0.718727
5940.518555 0.000000 3577.596924 0.000000 0.778184 0.000000 -0.628036 0.637104 0.637104 0.637104
5940.879395 0.000000 3580.514160 0.000000 0.673213 0.000000 -0.739449 0.612293 0.612293 0.612293
5939.659180 0.000000 3582.631836 0.000000 0.723329 0.000000 -0.690504 0.732034 0.732034 0.732034
5982.457031 0.000000 3561.566406 0.000000 0.608074 0.000000 -0.793880 0.494943 0.494943 0.494943
5995.793457 0.000000 3593.171875 0.000000 0.673660 0.000000 -0.739041 0.671199 0.671199 0.671199
5983.390625 0.000000 3562.457764 0.000000 0.927102 0.000000 -0.374810 0.559417 0.559417 0.559417
6000.498535 0.000000 3592.068359 0.000000 0.645155 0.000000 -0.764051 0.731874 0.731874 0.731874
5998.152832 0.000000 3592.407959 0.000000 0.610056 0.000000 -0.792358 0.697304 0.697304 0.697304
5998.801270 0.000000 3566.182129 0.000000 0.817012 0.000000 -0.576621 0.672418 0.672418 0.672418
5990.279297 0.000000 3592.990723 0.000000 0.827821 0.000000 -0.560992 0.651111 0.651111 0.651111
6031.288574 0.000000 3516.569336 0.000000 0.688823 0.000000 -0.724929 0.424736 0.424736 0.424736
6026.104492 0.000000 3549.122070 0.000000 0.793848 0.000000 -0.608117 0.508389 0.508389 0.508389
6022.432129 0.000000 3547.923828 0.000000 0.725342 0.000000 -0.688388 0.730518 0.730518 0.730518
6030.561523 0.000000 3522.833984 0.000000 0.875627 0.000000 -0.482988 0.574596 0.574596 0.574596
6030.829590 0.000000 3524.911621 0.000000 0.611480 0.000000 -0.791260 0.735974 0.735974 0.735974
6031.009277 0.000000 3550.519531 0.000000 0.883276 0.000000 -0.468853 0.721747 0.721747 0.721747
6027.038574 0.000000 3547.040527 0.000000 0.947085 0.000000 -0.320981 0.714562 0.714562 0.714562
6033.484863 0.000000 3518.687012 0.000000 0.633301 0.000000 -0.773906 0.736113 0.736113 0.736113
6135.341309 0.000000 3553.323242 0.000000 0.594636 0.000000 -0.803995 0.422408 0.422408 0.422408
6102.645996 0.000000 3532.697021 0.000000 0.910999 0.000000 -0.412408 0.419031 0.419031 0.419031
6097.973633 0.000000 3516.952637 0.000000 0.694587 0.000000 -0.719409 0.488622 0.488622 0.488622
6104.008789 0.000000 3522.441406 0.000000 0.903876 0.000000 -0.427794 0.701403 0.701403 0.701403
6114.075684 0.000000 3533.292480 0.000000 0.778636 0.000000 -0.627476 0.668288 0.668288 0.668288
6099.023926 0.000000 3516.285645 0.000000 0.650467 0.000000 -0.759534 0.606825 0.606825 0.606825
6109.867188 0.000000 3522.888916 0.000000 0.785975 0.000000 -0.618258 0.680393 0.680393 0.680393
6099.792969 0.000000 3518.698730 0.000000 0.727184 0.000000 -0.686443 0.672949 0.672949 0.672949
6102.499512 0.000000 3518.335205 0.000000 0.599346 0.000000 -0.800490 0.737710 0.737710 0.737710
6109.677246 0.000000 3520.621338 0.000000 0.896412 0.000000 -0.443222 0.622329 0.622329 0.622329
6106.176270 0.000000 3520.821533 0.000000 0.799509 0.000000 -0.600654 0.728713 0.728713 0.728713
6025.114258 0.000000 3588.629395 0.000000 0.873887 0.000000 -0.486129 0.420252 0.420252 0.420252
6029.373047 0.000000 3593.784424 0.000000 0.847342 0.000000 -0.531048 0.670595 0.670595 0.670595
6086.656738 0.000000 3607.333496 0.000000 0.593108 0.000000 -0.805123 0.412570 0.412570 0.412570
6113.012207 0.000000 3568.728760 0.000000 0.638481 0.000000 -0.769637 0.519215 0.519215 0.519215
6115.814453 0.000000 3569.687012 0.000000 0.815450 0.000000 -0.578827 0.585716 0.585716 0.585716
6094.840820 0.000000 3586.310059 0.000000 0.847364 0.000000 -0.531013 0.530985 0.530985 0.530985
6147.928711 0.000000 3475.678711 0.000000 0.721010 0.000000 -0.692925 0.410665 0.410665 0.410665
6156.076660 0.000000 3480.857422 0.000000 0.751180 0.000000 -0.660097 0.425454 0.425454 0.425454
6175.589355 0.000000 3475.592041 0.000000 0.701031 0.000000 -0.713131 0.465712 0.465712 0.465712
6148.650391 0.000000 3483.322998 0.000000 0.920612 0.000000 -0.390479 0.452869 0.452869 0.452869
6197.702637 0.000000 3463.383789 0.000000 0.617678 0.000000 -0.786431 0.484289 0.484289 0.484289
6150.769043 0.000000 3481.554199 0.000000 0.630985 0.000000 -0.775795 0.521505 0.521505 0.521505
6165.588379 0.000000 3464.091553 0.000000 0.641304 0.000000 -0.767287 0.733396 0.733396 0.733396
6176.531738 0.000000 3468.734619 0.000000 0.794554 0.000000 -0.607194 0.727596 0.727596 0.727596
6178.885254 0.000000 3475.131592 0.000000 0.749860 0.000000 -0.661597 0.731964 0.731964 0.731964
6168.008789 0.000000 3465.957031 0.000000 0.872040 0.000000 -0.489435 0.587040 0.587040 0.587040
6145.285645 0.000000 3474.658936 0.000000 0.684242 0.000000 -0.729255 0.547083 0.547083 0.547083
6153.788574 0.000000 3464.947754 0.000000 0.726839 0.000000 -0.686808 0.733738 0.733738 0.733738
6193.942383 0.000000 3467.657715 0.000000 0.815799 0.000000 -0.578335 0.727482 0.727482 0.727482
6173.867188 0.000000 3466.404541 0.000000 0.816610 0.000000 -0.577191 0.727419 0.727419 0.727419
6159.281250 0.000000 3478.353027 0.000000 0.776964 0.000000 -0.629545 0.730346 0.730346 0.730346
6150.992676 0.000000 3465.614014 0.000000 0.624352 0.000000 -0.781144 0.734781 0.734781 0.734781
6191.274414 0.000000 3463.629639 0.000000 0.941532 0.000000 -0.336923 0.715314 0.715314 0.715314
6171.520020 0.000000 3458.724609 0.000000 0.897766 0.000000 -0.440474 0.720326 0.720326 0.720326
6154.294922 0.000000 3457.679932 0.000000 0.719028 0.000000 -0.694981 0.723833 0.723833 0.723833
6168.133789 0.000000 3462.012207 0.000000 0.828171 0.000000 -0.560476 0.562529 0.562529 0.562529
6168.600586 0.000000 3468.653320 0.000000 0.808628 0.000000 -0.588321 0.697818 0.697818 0.697818
6172.152344 0.000000 3469.471680 0.000000 0.926113 0.000000 -0.377246 0.715582 0.715582 0.715582
6175.786621 0.000000 3461.635742 0.000000 0.771354 0.000000 -0.636406 0.597972 0.597972 0.597972
6155.722656 0.000000 3455.885742 0.000000 0.735303 0.000000 -0.677738 0.687232 0.687232 0.687232
6172.840820 0.000000 3466.100342 0.000000 0.701334 0.000000 -0.712832 0.735362 0.735362 0.735362
6191.867188 0.000000 3461.633545 0.000000 0.844383 0.000000 -0.535740 0.725195 0.725195 0.725195
6170.176270 0.000000 3464.337158 0.000000 0.837842 0.000000 -0.545912 0.725734 0.725734 0.725734
6158.439453 0.000000 3477.829834 0.000000 0.897582 0.000000 -0.440847 0.671245 0.671245 0.671245
6190.979004 0.000000 3556.622559 0.000000 0.704017 0.000000 -0.710183 0.627861 0.627861 0.627861
6194.547363 0.000000 3555.348877 0.000000 0.933502 0.000000 -0.358572 0.621633 0.621633 0.621633
6264.202637 0.000000 3518.987793 0.000000 0.764979 0.000000 -0.644055 0.598240 0.598240 0.598240
6247.241699 0.000000 3554.930420 0.000000 0.813701 0.000000 -0.581283 0.625001 0.625001 0.625001
6249.750000 0.000000 3555.179199 0.000000 0.809336 0.000000 -0.587346 0.726659 0.726659 0.726659
6266.839844 0.000000 3522.623291 0.000000 0.870704 0.000000 -0.491808 0.719993 0.719993 0.719993
6209.508301 0.000000 3545.319824 0.000000 0.926357 0.000000 -0.376647 0.561486 0.561486 0.561486
6210.273438 0.000000 3548.459717 0.000000 0.827719 0.000000 -0.561142 0.624283 0.624283 0.624283
6161.638672 0.000000 3599.813965 0.000000 0.709368 0.000000 -0.704838 0.623455 0.623455 0.623455
6195.404297 0.000000 3568.038086 0.000000 0.931083 0.000000 -0.364806 0.631957 0.631957 0.631957
6192.593750 0.000000 3559.337646 0.000000 0.644784 0.000000 -0.764364 0.600718 0.600718 0.600718
6251.149414 0.000000 3558.736084 0.000000 0.878917 0.000000 -0.476975 0.719333 0.719333 0.719333
6280.825684 0.000000 3536.540283 0.000000 0.911061 0.000000 -0.412272 0.463355 0.463355 0.463355
6272.049316 0.000000 3532.729492 0.000000 0.721963 0.000000 -0.691931 0.627117 0.627117 0.627117
6278.449219 0.000000 3534.001221 0.000000 0.919348 0.000000 -0.393445 0.715512 0.715512 0.715512
6371.081543 0.000000 3545.362061 0.000000 0.706056 0.000000 -0.708156 0.634062 0.634062 0.634062
6606.093750 0.000000 3485.272461 0.000000 0.753843 0.000000 -0.657055 0.731447 0.731447 0.731447
6451.659180 0.000000 3582.631836 0.000000 0.838964 0.000000 -0.544187 0.609284 0.609284 0.609284
6628.226562 0.000000 3522.183105 0.000000 0.727162 0.000000 -0.686466 0.731205 0.731205 0.731205
6645.369629 0.000000 3522.462402 0.000000 0.946156 0.000000 -0.323711 0.714229 0.714229 0.714229
6539.304199 0.000000 3576.312012 0.000000 0.739936 0.000000 -0.672677 0.557709 0.557709 0.557709
6590.496094 0.000000 3575.009521 0.000000 0.865004 0.000000 -0.501764 0.657124 0.657124 0.657124
6636.193359 0.000000 3579.460205 0.000000 0.613841 0.000000 -0.789430 0.412494 0.412494 0.412494
6639.812988 0.000000 3590.620117 0.000000 0.947706 0.000000 -0.319144 0.713624 0.713624 0.713624
6599.631836 0.000000 3577.174561 0.000000 0.589844 0.000000 -0.807518 0.623749 0.623749 0.623749
6638.713867 0.000000 3590.226074 0.000000 0.882419 0.000000 -0.470465 0.720544 0.720544 0.720544
6671.887695 0.000000 3606.252930 0.000000 0.788827 0.000000 -0.614616 0.527064 0.527064 0.527064
6665.938477 0.000000 3593.001953 0.000000 0.924584 0.000000 -0.380978 0.589928 0.589928 0.589928
6664.416992 0.000000 3608.905029 0.000000 0.841007 0.000000 -0.541024 0.640052 0.640052 0.640052
"}
object={
	name="pine_sparse_generator_3_4"
	clamp_to_water_level=no
	render_under_water=no
	generated_content=yes
	layer="semidynamic_high"
	pdxmesh="tree_fir_005_mesh"
	count=518
	transform="1273.397339 0.000000 2523.462891 0.000000 0.188171 0.000000 -0.982136 0.426789 0.426789 0.426789
1268.752563 0.000000 2531.709717 0.000000 0.346026 0.000000 -0.938225 0.439188 0.439188 0.439188
1269.912964 0.000000 2532.986572 0.000000 0.145212 0.000000 -0.989401 0.480941 0.480941 0.480941
1272.508789 0.000000 2526.755127 0.000000 0.500558 0.000000 -0.865703 0.631050 0.631050 0.631050
1271.150269 0.000000 2533.395264 0.000000 0.502467 0.000000 -0.864596 0.740973 0.740973 0.740973
1270.354980 0.000000 2537.164551 0.000000 0.529433 0.000000 -0.848352 0.744694 0.744694 0.744694
1272.805054 0.000000 2581.311035 0.000000 0.219686 0.000000 -0.975571 0.539777 0.539777 0.539777
1278.371094 0.000000 2573.086426 0.000000 0.546877 0.000000 -0.837213 0.625232 0.625232 0.625232
1269.735840 0.000000 2558.177490 0.000000 0.406119 0.000000 -0.913820 0.699010 0.699010 0.699010
1276.908813 0.000000 2556.732666 0.000000 0.288071 0.000000 -0.957609 0.670436 0.670436 0.670436
1277.235596 0.000000 2586.578369 0.000000 0.339065 0.000000 -0.940763 0.747307 0.747307 0.747307
1274.232056 0.000000 2585.200195 0.000000 0.490626 0.000000 -0.871370 0.654943 0.654943 0.654943
1276.780640 0.000000 2561.888428 0.000000 0.148049 0.000000 -0.988980 0.628651 0.628651 0.628651
1275.585693 0.000000 2578.354736 0.000000 0.394714 0.000000 -0.918804 0.686396 0.686396 0.686396
1274.283813 0.000000 2583.611816 0.000000 0.128140 0.000000 -0.991756 0.702191 0.702191 0.702191
1278.495972 0.000000 2558.290771 0.000000 0.078307 0.000000 -0.996929 0.652717 0.652717 0.652717
1274.980713 0.000000 2580.234375 0.000000 0.148603 0.000000 -0.988897 0.755527 0.755527 0.755527
1278.566406 0.000000 2653.909912 0.000000 0.585994 0.000000 -0.810316 0.516402 0.516402 0.516402
1278.648682 0.000000 2603.247803 0.000000 0.503678 0.000000 -0.863891 0.741192 0.741192 0.741192
1274.127563 0.000000 2679.358154 0.000000 0.540059 0.000000 -0.841627 0.572400 0.572400 0.572400
1276.005859 0.000000 2663.032715 0.000000 0.284162 0.000000 -0.958776 0.738652 0.738652 0.738652
1264.565063 0.000000 2693.328613 0.000000 0.248018 0.000000 -0.968755 0.740040 0.740040 0.740040
1267.655518 0.000000 2693.958496 0.000000 0.040120 0.000000 -0.999195 0.644960 0.644960 0.644960
1278.684937 0.000000 2668.423584 0.000000 0.043164 0.000000 -0.999068 0.653753 0.653753 0.653753
1279.557495 0.000000 2666.563721 0.000000 0.370613 0.000000 -0.928788 0.719958 0.719958 0.719958
1276.446411 0.000000 2664.346436 0.000000 0.342297 0.000000 -0.939592 0.686072 0.686072 0.686072
1281.456787 0.000000 2536.429443 0.000000 0.472583 0.000000 -0.881286 0.653425 0.653425 0.653425
1280.013672 0.000000 2546.319580 0.000000 0.437176 0.000000 -0.899376 0.422993 0.422993 0.422993
1284.025513 0.000000 2546.022217 0.000000 0.342774 0.000000 -0.939418 0.498607 0.498607 0.498607
1296.417358 0.000000 2587.667969 0.000000 0.500734 0.000000 -0.865601 0.486888 0.486888 0.486888
1295.887817 0.000000 2589.534180 0.000000 0.144826 0.000000 -0.989457 0.752877 0.752877 0.752877
1281.581055 0.000000 2577.040771 0.000000 0.567336 0.000000 -0.823487 0.737368 0.737368 0.737368
1280.655396 0.000000 2574.942139 0.000000 0.479619 0.000000 -0.877477 0.715656 0.715656 0.715656
1283.441895 0.000000 2543.182617 0.000000 0.390639 0.000000 -0.920544 0.638899 0.638899 0.638899
1526.213257 0.000000 2528.317871 0.000000 0.246153 0.000000 -0.969231 0.464194 0.464194 0.464194
1531.031128 0.000000 2531.051270 0.000000 0.388252 0.000000 -0.921553 0.529575 0.529575 0.529575
1525.067017 0.000000 2538.515381 0.000000 0.467392 0.000000 -0.884050 0.529848 0.529848 0.529848
1525.852051 0.000000 2539.578857 0.000000 0.260121 0.000000 -0.965576 0.534579 0.534579 0.534579
1523.779053 0.000000 2530.893066 0.000000 0.295185 0.000000 -0.955440 0.725013 0.725013 0.725013
1505.257812 0.000000 2538.330566 0.000000 0.525116 0.000000 -0.851031 0.632361 0.632361 0.632361
1516.171021 0.000000 2540.576416 0.000000 0.518897 0.000000 -0.854837 0.690381 0.690381 0.690381
1498.963867 0.000000 2538.145020 0.000000 0.329693 0.000000 -0.944088 0.745674 0.745674 0.745674
1527.944824 0.000000 2539.957031 0.000000 0.520108 0.000000 -0.854100 0.739363 0.739363 0.739363
1463.597168 0.000000 2548.713135 0.000000 0.174654 0.000000 -0.984630 0.493303 0.493303 0.493303
1470.061768 0.000000 2549.985107 0.000000 0.083246 0.000000 -0.996529 0.527515 0.527515 0.527515
1460.297241 0.000000 2550.050781 0.000000 0.128128 0.000000 -0.991758 0.526591 0.526591 0.526591
1492.672607 0.000000 2561.354248 0.000000 0.386985 0.000000 -0.922086 0.427993 0.427993 0.427993
1488.744019 0.000000 2551.391602 0.000000 0.586240 0.000000 -0.810138 0.516396 0.516396 0.516396
1490.493530 0.000000 2548.096191 0.000000 0.019106 0.000000 -0.999817 0.515750 0.515750 0.515750
1518.835327 0.000000 2545.847412 0.000000 0.231249 0.000000 -0.972895 0.535210 0.535210 0.535210
1530.349854 0.000000 2548.072266 0.000000 0.084634 0.000000 -0.996412 0.708120 0.708120 0.708120
1497.135010 0.000000 2554.537598 0.000000 0.505054 0.000000 -0.863088 0.731880 0.731880 0.731880
1524.036255 0.000000 2545.333984 0.000000 0.305340 0.000000 -0.952243 0.750335 0.750335 0.750335
1502.718750 0.000000 2561.218750 0.000000 0.190839 0.000000 -0.981621 0.715564 0.715564 0.715564
1506.028442 0.000000 2562.810547 0.000000 0.532169 0.000000 -0.846638 0.666291 0.666291 0.666291
1532.369019 0.000000 2543.483398 0.000000 0.171589 0.000000 -0.985169 0.734026 0.734026 0.734026
1300.687622 0.000000 2650.984375 0.000000 0.578494 0.000000 -0.815687 0.464311 0.464311 0.464311
1292.962891 0.000000 2628.401855 0.000000 0.368268 0.000000 -0.929720 0.491719 0.491719 0.491719
1287.681641 0.000000 2637.199219 0.000000 0.559245 0.000000 -0.829002 0.504476 0.504476 0.504476
1280.046631 0.000000 2653.044678 0.000000 0.366876 0.000000 -0.930270 0.521530 0.521530 0.521530
1280.096802 0.000000 2638.318604 0.000000 0.045438 0.000000 -0.998967 0.552301 0.552301 0.552301
1281.465698 0.000000 2602.840576 0.000000 0.163133 0.000000 -0.986604 0.736565 0.736565 0.736565
1300.914795 0.000000 2606.003174 0.000000 0.490853 0.000000 -0.871243 0.527168 0.527168 0.527168
1307.966187 0.000000 2647.550537 0.000000 0.033106 0.000000 -0.999452 0.554762 0.554762 0.554762
1291.571533 0.000000 2622.820312 0.000000 0.346994 0.000000 -0.937867 0.541200 0.541200 0.541200
1282.944824 0.000000 2653.748047 0.000000 0.218512 0.000000 -0.975834 0.550602 0.550602 0.550602
1303.642456 0.000000 2605.700195 0.000000 0.407698 0.000000 -0.913117 0.718521 0.718521 0.718521
1292.303711 0.000000 2627.235596 0.000000 0.537830 0.000000 -0.843053 0.555546 0.555546 0.555546
1302.916016 0.000000 2604.527344 0.000000 0.051483 0.000000 -0.998674 0.731669 0.731669 0.731669
1302.552368 0.000000 2622.529541 0.000000 0.408159 0.000000 -0.912911 0.705452 0.705452 0.705452
1282.168335 0.000000 2598.300781 0.000000 0.193128 0.000000 -0.981174 0.761339 0.761339 0.761339
1286.643066 0.000000 2650.163818 0.000000 0.190878 0.000000 -0.981614 0.682392 0.682392 0.682392
1295.969604 0.000000 2615.685303 0.000000 0.427061 0.000000 -0.904223 0.603370 0.603370 0.603370
1295.303955 0.000000 2614.064697 0.000000 0.516621 0.000000 -0.856214 0.600684 0.600684 0.600684
1296.823242 0.000000 2619.885986 0.000000 0.239270 0.000000 -0.970953 0.656672 0.656672 0.656672
1302.253296 0.000000 2600.346924 0.000000 0.265347 0.000000 -0.964153 0.594913 0.594913 0.594913
1290.822510 0.000000 2620.007812 0.000000 0.292056 0.000000 -0.956401 0.561824 0.561824 0.561824
1323.042480 0.000000 2619.680664 0.000000 0.394112 0.000000 -0.919062 0.751947 0.751947 0.751947
1304.192993 0.000000 2653.300293 0.000000 0.422919 0.000000 -0.906167 0.694045 0.694045 0.694045
1297.929321 0.000000 2651.496826 0.000000 0.308358 0.000000 -0.951270 0.628419 0.628419 0.628419
1293.927856 0.000000 2650.873535 0.000000 0.161044 0.000000 -0.986947 0.752257 0.752257 0.752257
1303.498779 0.000000 2608.289551 0.000000 0.041587 0.000000 -0.999135 0.758392 0.758392 0.758392
1283.662842 0.000000 2601.521973 0.000000 0.160991 0.000000 -0.986956 0.762794 0.762794 0.762794
1290.321411 0.000000 2652.561523 0.000000 0.458033 0.000000 -0.888935 0.710031 0.710031 0.710031
1356.848267 0.000000 2642.184326 0.000000 0.154089 0.000000 -0.988057 0.554232 0.554232 0.554232
1363.857544 0.000000 2638.477783 0.000000 0.567877 0.000000 -0.823113 0.705530 0.705530 0.705530
1384.336914 0.000000 2653.987305 0.000000 0.167859 0.000000 -0.985811 0.757461 0.757461 0.757461
1284.637939 0.000000 2673.338379 0.000000 0.417857 0.000000 -0.908513 0.419107 0.419107 0.419107
1302.295044 0.000000 2662.238770 0.000000 0.369053 0.000000 -0.929408 0.438812 0.438812 0.438812
1309.062500 0.000000 2672.441895 0.000000 0.058685 0.000000 -0.998277 0.456590 0.456590 0.456590
1299.108398 0.000000 2664.742676 0.000000 0.143015 0.000000 -0.989721 0.459515 0.459515 0.459515
1327.569580 0.000000 2654.868896 0.000000 0.492702 0.000000 -0.870198 0.451368 0.451368 0.451368
1318.039062 0.000000 2672.867432 0.000000 0.181604 0.000000 -0.983372 0.454604 0.454604 0.454604
1281.194214 0.000000 2664.040039 0.000000 0.542079 0.000000 -0.840328 0.498581 0.498581 0.498581
1305.317871 0.000000 2662.025879 0.000000 0.393774 0.000000 -0.919207 0.520934 0.520934 0.520934
1320.668823 0.000000 2659.418945 0.000000 0.573342 0.000000 -0.819316 0.512525 0.512525 0.512525
1308.559937 0.000000 2684.041992 0.000000 0.039730 0.000000 -0.999210 0.528408 0.528408 0.528408
1284.866455 0.000000 2678.724121 0.000000 0.258396 0.000000 -0.966039 0.523870 0.523870 0.523870
1289.044312 0.000000 2657.967041 0.000000 0.186579 0.000000 -0.982440 0.564338 0.564338 0.564338
1323.793579 0.000000 2689.421875 0.000000 0.441778 0.000000 -0.897124 0.517733 0.517733 0.517733
1293.189331 0.000000 2682.806396 0.000000 0.358843 0.000000 -0.933398 0.560190 0.560190 0.560190
1327.812744 0.000000 2686.870117 0.000000 0.391287 0.000000 -0.920269 0.523118 0.523118 0.523118
1314.075439 0.000000 2686.026855 0.000000 0.511537 0.000000 -0.859261 0.545679 0.545679 0.545679
1288.591797 0.000000 2681.524658 0.000000 0.365863 0.000000 -0.930669 0.678721 0.678721 0.678721
1310.751343 0.000000 2694.357178 0.000000 0.041721 0.000000 -0.999129 0.693909 0.693909 0.693909
1313.111572 0.000000 2688.285156 0.000000 0.337257 0.000000 -0.941413 0.670991 0.670991 0.670991
1311.716553 0.000000 2696.537842 0.000000 0.415881 0.000000 -0.909419 0.746197 0.746197 0.746197
1301.670776 0.000000 2681.849854 0.000000 0.494046 0.000000 -0.869436 0.624852 0.624852 0.624852
1313.949341 0.000000 2696.371338 0.000000 0.505804 0.000000 -0.862648 0.686594 0.686594 0.686594
1295.969604 0.000000 2672.169678 0.000000 0.483209 0.000000 -0.875505 0.657350 0.657350 0.657350
1320.130127 0.000000 2670.838135 0.000000 0.107147 0.000000 -0.994243 0.577118 0.577118 0.577118
1289.470337 0.000000 2656.804688 0.000000 0.304690 0.000000 -0.952452 0.561518 0.561518 0.561518
1280.271973 0.000000 2675.720947 0.000000 0.040302 0.000000 -0.999188 0.707382 0.707382 0.707382
1312.504517 0.000000 2698.112793 0.000000 0.045375 0.000000 -0.998970 0.759180 0.759180 0.759180
1312.597290 0.000000 2684.197754 0.000000 0.460202 0.000000 -0.887814 0.617369 0.617369 0.617369
1291.079224 0.000000 2683.121826 0.000000 0.385307 0.000000 -0.922789 0.602426 0.602426 0.602426
1313.302856 0.000000 2682.505859 0.000000 0.458508 0.000000 -0.888690 0.600305 0.600305 0.600305
1280.249878 0.000000 2661.868164 0.000000 0.347977 0.000000 -0.937503 0.612112 0.612112 0.612112
1311.603760 0.000000 2698.923340 0.000000 0.168963 0.000000 -0.985622 0.757537 0.757537 0.757537
1289.617432 0.000000 2681.445068 0.000000 0.068738 0.000000 -0.997635 0.688569 0.688569 0.688569
1312.601929 0.000000 2701.872314 0.000000 0.361506 0.000000 -0.932370 0.681047 0.681047 0.681047
1398.374756 0.000000 2686.315430 0.000000 0.061159 0.000000 -0.998128 0.441504 0.441504 0.441504
1355.567871 0.000000 2694.918945 0.000000 0.330937 0.000000 -0.943653 0.433096 0.433096 0.433096
1380.267090 0.000000 2679.656250 0.000000 0.558238 0.000000 -0.829681 0.439703 0.439703 0.439703
1370.051758 0.000000 2687.059814 0.000000 0.274387 0.000000 -0.961619 0.450952 0.450952 0.450952
1380.762085 0.000000 2676.270752 0.000000 0.042054 0.000000 -0.999115 0.465481 0.465481 0.465481
1383.006714 0.000000 2674.169434 0.000000 0.121426 0.000000 -0.992600 0.489980 0.489980 0.489980
1365.588501 0.000000 2673.310303 0.000000 0.171954 0.000000 -0.985105 0.722894 0.722894 0.722894
1386.488525 0.000000 2656.013916 0.000000 0.262818 0.000000 -0.964845 0.618869 0.618869 0.618869
1386.089600 0.000000 2688.378906 0.000000 0.145870 0.000000 -0.989304 0.694936 0.694936 0.694936
1384.875122 0.000000 2655.639160 0.000000 0.135560 0.000000 -0.990769 0.690840 0.690840 0.690840
1379.433105 0.000000 2676.499023 0.000000 0.293376 0.000000 -0.955997 0.676820 0.676820 0.676820
1368.987793 0.000000 2686.642090 0.000000 0.127377 0.000000 -0.991854 0.638036 0.638036 0.638036
1367.848022 0.000000 2704.816895 0.000000 0.148503 0.000000 -0.988912 0.608898 0.608898 0.608898
1364.360107 0.000000 2673.146729 0.000000 0.201280 0.000000 -0.979534 0.721840 0.721840 0.721840
1387.124146 0.000000 2658.437012 0.000000 0.312440 0.000000 -0.949938 0.755840 0.755840 0.755840
1407.557495 0.000000 2666.563721 0.000000 0.441334 0.000000 -0.897343 0.611520 0.611520 0.611520
1445.367920 0.000000 2651.153809 0.000000 0.371960 0.000000 -0.928249 0.566291 0.566291 0.566291
1521.258545 0.000000 2635.738281 0.000000 0.177184 0.000000 -0.984178 0.426950 0.426950 0.426950
1511.873657 0.000000 2635.068848 0.000000 0.537517 0.000000 -0.843253 0.452612 0.452612 0.452612
1479.856445 0.000000 2642.962891 0.000000 0.471001 0.000000 -0.882133 0.464366 0.464366 0.464366
1511.991211 0.000000 2631.172852 0.000000 0.347062 0.000000 -0.937842 0.502778 0.502778 0.502778
1515.793579 0.000000 2632.937500 0.000000 0.220167 0.000000 -0.975462 0.524676 0.524676 0.524676
1506.075439 0.000000 2629.542480 0.000000 0.059868 0.000000 -0.998206 0.547614 0.547614 0.547614
1496.647583 0.000000 2651.228516 0.000000 0.549744 0.000000 -0.835333 0.608137 0.608137 0.608137
1500.055420 0.000000 2624.806152 0.000000 0.179725 0.000000 -0.983717 0.667314 0.667314 0.667314
1501.300537 0.000000 2623.195801 0.000000 0.557895 0.000000 -0.829912 0.737552 0.737552 0.737552
1508.230347 0.000000 2630.044189 0.000000 0.394579 0.000000 -0.918862 0.673385 0.673385 0.673385
1481.572998 0.000000 2640.778076 0.000000 0.167334 0.000000 -0.985900 0.689793 0.689793 0.689793
1494.543701 0.000000 2642.367920 0.000000 0.181207 0.000000 -0.983445 0.689335 0.689335 0.689335
1437.193848 0.000000 2680.976807 0.000000 0.199508 0.000000 -0.979896 0.428748 0.428748 0.428748
1411.459351 0.000000 2691.281982 0.000000 0.393830 0.000000 -0.919183 0.478501 0.478501 0.478501
1453.841309 0.000000 2663.089844 0.000000 0.328986 0.000000 -0.944335 0.537333 0.537333 0.537333
1443.721069 0.000000 2699.963623 0.000000 0.039535 0.000000 -0.999218 0.561188 0.561188 0.561188
1422.024780 0.000000 2702.078613 0.000000 0.430181 0.000000 -0.902742 0.667820 0.667820 0.667820
1423.009277 0.000000 2703.253906 0.000000 0.105532 0.000000 -0.994416 0.678495 0.678495 0.678495
1421.011841 0.000000 2674.146729 0.000000 0.278069 0.000000 -0.960561 0.725654 0.725654 0.725654
1727.545410 0.000000 2404.302734 0.000000 0.111392 0.000000 -0.993777 0.420109 0.420109 0.420109
1731.718384 0.000000 2401.137695 0.000000 0.148038 0.000000 -0.988982 0.552196 0.552196 0.552196
1709.452271 0.000000 2457.397949 0.000000 0.392886 0.000000 -0.919587 0.416199 0.416199 0.416199
1726.128906 0.000000 2435.688721 0.000000 0.138947 0.000000 -0.990300 0.598201 0.598201 0.598201
1717.852051 0.000000 2483.094482 0.000000 0.370615 0.000000 -0.928786 0.549198 0.549198 0.549198
1724.005859 0.000000 2437.095215 0.000000 0.176978 0.000000 -0.984215 0.660791 0.660791 0.660791
1726.648682 0.000000 2433.794678 0.000000 0.431123 0.000000 -0.902293 0.689409 0.689409 0.689409
1727.025879 0.000000 2432.613770 0.000000 0.285095 0.000000 -0.958499 0.694623 0.694623 0.694623
1550.452148 0.000000 2597.391602 0.000000 0.434965 0.000000 -0.900447 0.415390 0.415390 0.415390
1538.854492 0.000000 2589.343750 0.000000 0.258449 0.000000 -0.966025 0.418175 0.418175 0.418175
1548.848267 0.000000 2585.699951 0.000000 0.299225 0.000000 -0.954183 0.622175 0.622175 0.622175
1538.320068 0.000000 2578.843994 0.000000 0.308487 0.000000 -0.951229 0.582971 0.582971 0.582971
1542.215210 0.000000 2585.139893 0.000000 0.468450 0.000000 -0.883490 0.647123 0.647123 0.647123
1547.726318 0.000000 2584.675781 0.000000 0.429417 0.000000 -0.903106 0.715495 0.715495 0.715495
1541.291992 0.000000 2585.589844 0.000000 0.017817 0.000000 -0.999841 0.765406 0.765406 0.765406
1541.837402 0.000000 2589.949951 0.000000 0.014683 0.000000 -0.999892 0.769346 0.769346 0.769346
1710.419189 0.000000 2541.026367 0.000000 0.312476 0.000000 -0.949926 0.524854 0.524854 0.524854
1713.624756 0.000000 2518.736084 0.000000 0.494663 0.000000 -0.869085 0.590706 0.590706 0.590706
1693.536743 0.000000 2581.810059 0.000000 0.442889 0.000000 -0.896577 0.415102 0.415102 0.415102
1671.561523 0.000000 2592.770752 0.000000 0.055463 0.000000 -0.998461 0.433007 0.433007 0.433007
1691.871582 0.000000 2561.864258 0.000000 0.570322 0.000000 -0.821422 0.477010 0.477010 0.477010
1676.826050 0.000000 2580.982910 0.000000 0.583847 0.000000 -0.811863 0.491336 0.491336 0.491336
1688.838135 0.000000 2579.908447 0.000000 0.372420 0.000000 -0.928064 0.466208 0.466208 0.466208
1690.288574 0.000000 2561.629639 0.000000 0.416549 0.000000 -0.909113 0.480174 0.480174 0.480174
1675.164307 0.000000 2578.352051 0.000000 0.257784 0.000000 -0.966202 0.506720 0.506720 0.506720
1690.960815 0.000000 2578.085205 0.000000 0.259587 0.000000 -0.965720 0.523845 0.523845 0.523845
1705.102051 0.000000 2549.056885 0.000000 0.130293 0.000000 -0.991476 0.561300 0.561300 0.561300
1552.823242 0.000000 2619.885986 0.000000 0.052598 0.000000 -0.998616 0.560892 0.560892 0.560892
1614.486328 0.000000 2636.963135 0.000000 0.172275 0.000000 -0.985049 0.435543 0.435543 0.435543
1612.884766 0.000000 2645.263672 0.000000 0.313322 0.000000 -0.949647 0.477900 0.477900 0.477900
1620.652954 0.000000 2631.940430 0.000000 0.003014 0.000000 -0.999995 0.511707 0.511707 0.511707
1633.111572 0.000000 2631.800781 0.000000 0.058058 0.000000 -0.998313 0.613491 0.613491 0.613491
1622.587158 0.000000 2630.234619 0.000000 0.280570 0.000000 -0.959834 0.570730 0.570730 0.570730
1617.692871 0.000000 2648.178711 0.000000 0.179010 0.000000 -0.983847 0.671745 0.671745 0.671745
1565.269653 0.000000 2656.925049 0.000000 0.321853 0.000000 -0.946790 0.417255 0.417255 0.417255
1578.287964 0.000000 2685.447998 0.000000 0.018233 0.000000 -0.999834 0.485350 0.485350 0.485350
1568.706299 0.000000 2658.914795 0.000000 0.587300 0.000000 -0.809370 0.464126 0.464126 0.464126
1562.288574 0.000000 2674.598389 0.000000 0.581608 0.000000 -0.813469 0.487207 0.487207 0.487207
1566.456787 0.000000 2657.816406 0.000000 0.350981 0.000000 -0.936383 0.521879 0.521879 0.521879
1561.687134 0.000000 2684.346680 0.000000 0.407417 0.000000 -0.913242 0.505767 0.505767 0.505767
1563.789185 0.000000 2685.186523 0.000000 0.498400 0.000000 -0.866947 0.518538 0.518538 0.518538
1598.953369 0.000000 2679.923340 0.000000 0.087042 0.000000 -0.996205 0.575412 0.575412 0.575412
1370.413818 0.000000 2719.521484 0.000000 0.179639 0.000000 -0.983733 0.435432 0.435432 0.435432
1367.642456 0.000000 2718.668945 0.000000 0.088783 0.000000 -0.996051 0.553523 0.553523 0.553523
1958.386963 0.000000 2790.082520 0.000000 0.294241 0.000000 -0.955731 0.417658 0.417658 0.417658
1962.151367 0.000000 2810.245850 0.000000 0.010684 0.000000 -0.999943 0.442270 0.442270 0.442270
1962.718262 0.000000 2814.233398 0.000000 0.187759 0.000000 -0.982215 0.452368 0.452368 0.452368
1955.805054 0.000000 2786.648682 0.000000 0.404003 0.000000 -0.914758 0.452972 0.452972 0.452972
1960.327271 0.000000 2790.006348 0.000000 0.462973 0.000000 -0.886372 0.460316 0.460316 0.460316
1958.039062 0.000000 2785.836182 0.000000 0.432870 0.000000 -0.901456 0.452459 0.452459 0.452459
1959.682861 0.000000 2815.985352 0.000000 0.088512 0.000000 -0.996075 0.494901 0.494901 0.494901
1977.562134 0.000000 2816.028320 0.000000 0.381794 0.000000 -0.924248 0.559619 0.559619 0.559619
2034.737793 0.000000 2801.231934 0.000000 0.448142 0.000000 -0.893963 0.458491 0.458491 0.458491
2019.914307 0.000000 2796.493408 0.000000 0.171002 0.000000 -0.985271 0.456915 0.456915 0.456915
2017.555908 0.000000 2794.408691 0.000000 0.013986 0.000000 -0.999902 0.472431 0.472431 0.472431
2016.219360 0.000000 2813.889893 0.000000 0.311668 0.000000 -0.950191 0.488573 0.488573 0.488573
2005.670776 0.000000 2794.818604 0.000000 0.506156 0.000000 -0.862442 0.543703 0.543703 0.543703
1967.569580 0.000000 2824.322021 0.000000 0.560186 0.000000 -0.828367 0.445916 0.445916 0.445916
1973.175537 0.000000 2831.843506 0.000000 0.585676 0.000000 -0.810545 0.604840 0.604840 0.604840
2173.048584 0.000000 2242.156006 0.000000 0.351769 0.000000 -0.936087 0.441206 0.441206 0.441206
2173.135498 0.000000 2245.617188 0.000000 0.019824 0.000000 -0.999803 0.485322 0.485322 0.485322
2168.804932 0.000000 2242.404785 0.000000 0.348519 0.000000 -0.937302 0.521932 0.521932 0.521932
2171.111816 0.000000 2244.013672 0.000000 0.374342 0.000000 -0.927291 0.521365 0.521365 0.521365
2231.086426 0.000000 2239.506836 0.000000 0.240944 0.000000 -0.970539 0.470683 0.470683 0.470683
2237.369629 0.000000 2250.186279 0.000000 0.123314 0.000000 -0.992368 0.526690 0.526690 0.526690
2186.652832 0.000000 2241.956543 0.000000 0.421198 0.000000 -0.906969 0.530942 0.530942 0.530942
2203.966064 0.000000 2252.159912 0.000000 0.220878 0.000000 -0.975301 0.520356 0.520356 0.520356
2191.678223 0.000000 2239.307861 0.000000 0.383280 0.000000 -0.923632 0.521168 0.521168 0.521168
2205.388428 0.000000 2252.081543 0.000000 0.493889 0.000000 -0.869525 0.518645 0.518645 0.518645
2165.027100 0.000000 2290.892090 0.000000 0.152918 0.000000 -0.988239 0.690269 0.690269 0.690269
2170.127686 0.000000 2283.967529 0.000000 0.380526 0.000000 -0.924770 0.555373 0.555373 0.555373
2165.739014 0.000000 2292.000244 0.000000 0.325129 0.000000 -0.945670 0.586849 0.586849 0.586849
2174.218506 0.000000 2260.318848 0.000000 0.532543 0.000000 -0.846403 0.595942 0.595942 0.595942
2216.255371 0.000000 2304.261719 0.000000 0.415920 0.000000 -0.909401 0.520438 0.520438 0.520438
2239.399414 0.000000 2307.867432 0.000000 0.210030 0.000000 -0.977695 0.661968 0.661968 0.661968
2212.343018 0.000000 2302.082275 0.000000 0.545346 0.000000 -0.838211 0.527931 0.527931 0.527931
2211.081299 0.000000 2302.705811 0.000000 0.028669 0.000000 -0.999589 0.636411 0.636411 0.636411
2224.035400 0.000000 2274.270996 0.000000 0.139458 0.000000 -0.990228 0.672993 0.672993 0.672993
2214.395752 0.000000 2287.094727 0.000000 0.244990 0.000000 -0.969526 0.649930 0.649930 0.649930
2238.449707 0.000000 2307.552246 0.000000 0.213622 0.000000 -0.976916 0.661856 0.661856 0.661856
2249.349609 0.000000 2311.930176 0.000000 0.159743 0.000000 -0.987159 0.419225 0.419225 0.419225
2267.568604 0.000000 2292.782471 0.000000 0.353582 0.000000 -0.935404 0.455967 0.455967 0.455967
2287.482178 0.000000 2306.933105 0.000000 0.106279 0.000000 -0.994336 0.514035 0.514035 0.514035
2227.249023 0.000000 2320.269531 0.000000 0.444762 0.000000 -0.895649 0.485945 0.485945 0.485945
2215.286377 0.000000 2322.681641 0.000000 0.507576 0.000000 -0.861607 0.490946 0.490946 0.490946
2203.479980 0.000000 2330.218262 0.000000 0.020804 0.000000 -0.999784 0.500492 0.500492 0.500492
2202.442871 0.000000 2331.344482 0.000000 0.458462 0.000000 -0.888714 0.491993 0.491993 0.491993
2238.061768 0.000000 2324.047607 0.000000 0.098300 0.000000 -0.995157 0.520696 0.520696 0.520696
2221.942383 0.000000 2331.812988 0.000000 0.260974 0.000000 -0.965346 0.755265 0.755265 0.755265
2280.273193 0.000000 2366.074951 0.000000 0.271904 0.000000 -0.962324 0.425548 0.425548 0.425548
2274.456055 0.000000 2360.812256 0.000000 0.418274 0.000000 -0.908321 0.442198 0.442198 0.442198
2260.110352 0.000000 2329.497070 0.000000 0.299036 0.000000 -0.954242 0.444183 0.444183 0.444183
2249.808594 0.000000 2338.217529 0.000000 0.131548 0.000000 -0.991310 0.496261 0.496261 0.496261
2280.984863 0.000000 2370.082764 0.000000 0.020205 0.000000 -0.999796 0.515728 0.515728 0.515728
2264.170898 0.000000 2327.360352 0.000000 0.489485 0.000000 -0.872012 0.506085 0.506085 0.506085
2248.040039 0.000000 2341.103271 0.000000 0.107041 0.000000 -0.994255 0.527026 0.527026 0.527026
2283.740479 0.000000 2364.791260 0.000000 0.055217 0.000000 -0.998474 0.637879 0.637879 0.637879
2282.998291 0.000000 2409.010742 0.000000 0.136564 0.000000 -0.990631 0.476794 0.476794 0.476794
2306.946533 0.000000 2374.789062 0.000000 0.251036 0.000000 -0.967978 0.595290 0.595290 0.595290
2308.615234 0.000000 2377.456543 0.000000 0.314372 0.000000 -0.949300 0.615236 0.615236 0.615236
2373.147461 0.000000 2426.333008 0.000000 0.330692 0.000000 -0.943739 0.469085 0.469085 0.469085
2316.302734 0.000000 2449.226562 0.000000 0.097071 0.000000 -0.995277 0.473175 0.473175 0.473175
2322.458496 0.000000 2463.924072 0.000000 0.372900 0.000000 -0.927872 0.512880 0.512880 0.512880
2315.124756 0.000000 2448.084717 0.000000 0.107805 0.000000 -0.994172 0.527010 0.527010 0.527010
2328.170898 0.000000 2440.329102 0.000000 0.358504 0.000000 -0.933528 0.547349 0.547349 0.547349
2357.027100 0.000000 2460.345215 0.000000 0.054567 0.000000 -0.998510 0.593757 0.593757 0.593757
2328.109375 0.000000 2471.791260 0.000000 0.092924 0.000000 -0.995673 0.670013 0.670013 0.670013
2329.416992 0.000000 2470.167236 0.000000 0.203936 0.000000 -0.978984 0.666555 0.666555 0.666555
2348.511963 0.000000 2450.782715 0.000000 0.342167 0.000000 -0.939639 0.642582 0.642582 0.642582
2372.025635 0.000000 2433.053467 0.000000 0.147937 0.000000 -0.988997 0.476595 0.476595 0.476595
2369.273926 0.000000 2456.347900 0.000000 0.146026 0.000000 -0.989281 0.504614 0.504614 0.504614
2370.168457 0.000000 2428.847656 0.000000 0.117135 0.000000 -0.993116 0.563782 0.563782 0.563782
2403.081299 0.000000 2472.158936 0.000000 0.484251 0.000000 -0.874929 0.546383 0.546383 0.546383
2401.564209 0.000000 2473.383301 0.000000 0.535776 0.000000 -0.844360 0.627737 0.627737 0.627737
2416.749756 0.000000 2507.920166 0.000000 0.266885 0.000000 -0.963728 0.434097 0.434097 0.434097
2421.819092 0.000000 2493.938232 0.000000 0.257289 0.000000 -0.966335 0.468263 0.468263 0.468263
3506.104492 0.000000 2417.057373 0.000000 0.229781 0.000000 -0.973242 0.600196 0.600196 0.600196
3504.439697 0.000000 2421.933105 0.000000 0.051869 0.000000 -0.998654 0.613655 0.613655 0.613655
2169.517090 0.000000 2748.153320 0.000000 0.034924 0.000000 -0.999390 0.658443 0.658443 0.658443
2175.450684 0.000000 2775.663574 0.000000 0.054720 0.000000 -0.998502 0.420968 0.420968 0.420968
2172.870850 0.000000 2775.126953 0.000000 0.067803 0.000000 -0.997699 0.458595 0.458595 0.458595
2173.973633 0.000000 2771.709473 0.000000 0.062775 0.000000 -0.998028 0.499708 0.499708 0.499708
2172.241455 0.000000 2778.476807 0.000000 0.364673 0.000000 -0.931135 0.485422 0.485422 0.485422
2175.011719 0.000000 2777.096680 0.000000 0.559235 0.000000 -0.829009 0.521272 0.521272 0.521272
2220.424072 0.000000 2763.796143 0.000000 0.091563 0.000000 -0.995799 0.420679 0.420679 0.420679
2211.097656 0.000000 2753.350098 0.000000 0.368819 0.000000 -0.929501 0.434600 0.434600 0.434600
2184.825684 0.000000 2745.759033 0.000000 0.538819 0.000000 -0.842422 0.511261 0.511261 0.511261
2238.782227 0.000000 2749.270020 0.000000 0.012373 0.000000 -0.999923 0.522421 0.522421 0.522421
2195.060547 0.000000 2738.460693 0.000000 0.149107 0.000000 -0.988821 0.759357 0.759357 0.759357
2191.678223 0.000000 2747.667236 0.000000 0.586407 0.000000 -0.810017 0.541572 0.541572 0.541572
2210.804443 0.000000 2735.232178 0.000000 0.535392 0.000000 -0.844603 0.738231 0.738231 0.738231
2189.373291 0.000000 2746.518799 0.000000 0.129093 0.000000 -0.991633 0.758816 0.758816 0.758816
2189.509277 0.000000 2749.026367 0.000000 0.435756 0.000000 -0.900065 0.613832 0.613832 0.613832
2212.453857 0.000000 2752.676514 0.000000 0.479325 0.000000 -0.877638 0.653191 0.653191 0.653191
2215.241699 0.000000 2764.149170 0.000000 0.394359 0.000000 -0.918957 0.662561 0.662561 0.662561
2213.444336 0.000000 2754.681641 0.000000 0.344913 0.000000 -0.938635 0.554101 0.554101 0.554101
2182.448975 0.000000 2743.219971 0.000000 0.018353 0.000000 -0.999832 0.601282 0.601282 0.601282
2211.433105 0.000000 2732.983398 0.000000 0.193742 0.000000 -0.981053 0.605510 0.605510 0.605510
2217.749756 0.000000 2764.397949 0.000000 0.304893 0.000000 -0.952387 0.748370 0.748370 0.748370
2201.625977 0.000000 2738.272217 0.000000 0.138470 0.000000 -0.990367 0.596025 0.596025 0.596025
2186.753174 0.000000 2744.113281 0.000000 0.363943 0.000000 -0.931421 0.594419 0.594419 0.594419
2217.663330 0.000000 2754.843994 0.000000 0.195718 0.000000 -0.980660 0.644839 0.644839 0.644839
2213.796387 0.000000 2743.692871 0.000000 0.078511 0.000000 -0.996913 0.674903 0.674903 0.674903
2181.303467 0.000000 2743.531494 0.000000 0.302237 0.000000 -0.953233 0.656883 0.656883 0.656883
2181.003906 0.000000 2744.688721 0.000000 0.194461 0.000000 -0.980910 0.627345 0.627345 0.627345
2198.543701 0.000000 2755.336670 0.000000 0.391144 0.000000 -0.920330 0.749333 0.749333 0.749333
2215.507568 0.000000 2740.732666 0.000000 0.107289 0.000000 -0.994228 0.625385 0.625385 0.625385
2217.895508 0.000000 2765.932129 0.000000 0.142794 0.000000 -0.989752 0.754759 0.754759 0.754759
2252.277832 0.000000 2766.506348 0.000000 0.101787 0.000000 -0.994806 0.436604 0.436604 0.436604
2255.857666 0.000000 2766.540283 0.000000 0.240520 0.000000 -0.970644 0.496347 0.496347 0.496347
2243.614258 0.000000 2753.828857 0.000000 0.280125 0.000000 -0.959964 0.512693 0.512693 0.512693
2240.022461 0.000000 2746.956787 0.000000 0.313067 0.000000 -0.949731 0.751652 0.751652 0.751652
2257.435547 0.000000 2755.164062 0.000000 0.102837 0.000000 -0.994698 0.605712 0.605712 0.605712
2259.485352 0.000000 2760.219482 0.000000 0.502186 0.000000 -0.864760 0.518449 0.518449 0.518449
2247.451660 0.000000 2758.967773 0.000000 0.260142 0.000000 -0.965570 0.719704 0.719704 0.719704
2248.949707 0.000000 2757.458496 0.000000 0.381725 0.000000 -0.924276 0.721712 0.721712 0.721712
2253.509277 0.000000 2749.026367 0.000000 0.209687 0.000000 -0.977769 0.657586 0.657586 0.657586
2240.026367 0.000000 2748.367188 0.000000 0.124369 0.000000 -0.992236 0.561436 0.561436 0.561436
2248.697510 0.000000 2740.171387 0.000000 0.114961 0.000000 -0.993370 0.764866 0.764866 0.764866
2244.258545 0.000000 2754.771973 0.000000 0.084301 0.000000 -0.996440 0.764420 0.764420 0.764420
2259.231201 0.000000 2756.571777 0.000000 0.372497 0.000000 -0.928033 0.656789 0.656789 0.656789
2254.093750 0.000000 2750.975586 0.000000 0.387816 0.000000 -0.921737 0.628197 0.628197 0.628197
2257.039551 0.000000 2756.170410 0.000000 0.479503 0.000000 -0.877540 0.742288 0.742288 0.742288
2256.709717 0.000000 2767.239746 0.000000 0.395335 0.000000 -0.918537 0.671191 0.671191 0.671191
2260.261719 0.000000 2766.475342 0.000000 0.497928 0.000000 -0.867218 0.721383 0.721383 0.721383
2248.364258 0.000000 2758.316162 0.000000 0.270506 0.000000 -0.962718 0.751447 0.751447 0.751447
2242.095459 0.000000 2764.978516 0.000000 0.222585 0.000000 -0.974913 0.753291 0.753291 0.753291
2245.291992 0.000000 2755.042969 0.000000 0.111478 0.000000 -0.993767 0.763237 0.763237 0.763237
2247.129883 0.000000 2755.215576 0.000000 0.092895 0.000000 -0.995676 0.763917 0.763917 0.763917
2247.689453 0.000000 2766.662109 0.000000 0.026343 0.000000 -0.999653 0.638695 0.638695 0.638695
2249.177246 0.000000 2760.213867 0.000000 0.244660 0.000000 -0.969609 0.753549 0.753549 0.753549
2236.446777 0.000000 2771.992188 0.000000 0.245587 0.000000 -0.969375 0.498391 0.498391 0.498391
2198.478516 0.000000 2815.640869 0.000000 0.477819 0.000000 -0.878458 0.495799 0.495799 0.495799
2199.770020 0.000000 2813.291992 0.000000 0.160991 0.000000 -0.986956 0.606378 0.606378 0.606378
2184.949707 0.000000 2813.942871 0.000000 0.496570 0.000000 -0.867997 0.516471 0.516471 0.516471
2181.392334 0.000000 2770.461670 0.000000 0.413887 0.000000 -0.910328 0.590887 0.590887 0.590887
2186.229004 0.000000 2812.002197 0.000000 0.030328 0.000000 -0.999540 0.649684 0.649684 0.649684
2227.659180 0.000000 2791.850586 0.000000 0.100950 0.000000 -0.994891 0.765494 0.765494 0.765494
2180.237305 0.000000 2819.269043 0.000000 0.507331 0.000000 -0.861751 0.703745 0.703745 0.703745
2182.734863 0.000000 2817.788330 0.000000 0.026240 0.000000 -0.999656 0.696652 0.696652 0.696652
2229.369629 0.000000 2788.165527 0.000000 0.466138 0.000000 -0.884712 0.585140 0.585140 0.585140
2234.229980 0.000000 2779.555664 0.000000 0.539434 0.000000 -0.842028 0.717473 0.717473 0.717473
2190.093750 0.000000 2807.459961 0.000000 0.382871 0.000000 -0.923802 0.626190 0.626190 0.626190
2199.544434 0.000000 2820.525635 0.000000 0.373790 0.000000 -0.927513 0.700204 0.700204 0.700204
2222.684082 0.000000 2774.316895 0.000000 0.256732 0.000000 -0.966483 0.693405 0.693405 0.693405
2197.477051 0.000000 2821.171875 0.000000 0.504875 0.000000 -0.863192 0.729728 0.729728 0.729728
2180.418213 0.000000 2816.933594 0.000000 0.420772 0.000000 -0.907167 0.687623 0.687623 0.687623
2227.315430 0.000000 2788.822754 0.000000 0.464696 0.000000 -0.885470 0.668757 0.668757 0.668757
2270.946777 0.000000 2780.973389 0.000000 0.317429 0.000000 -0.948282 0.433309 0.433309 0.433309
2240.976074 0.000000 2768.254639 0.000000 0.116142 0.000000 -0.993233 0.490076 0.490076 0.490076
2253.914307 0.000000 2785.977539 0.000000 0.065513 0.000000 -0.997852 0.499657 0.499657 0.499657
2245.380859 0.000000 2767.892334 0.000000 0.323591 0.000000 -0.946197 0.520337 0.520337 0.520337
2268.418945 0.000000 2786.620850 0.000000 0.057373 0.000000 -0.998353 0.680017 0.680017 0.680017
2262.991211 0.000000 2780.013184 0.000000 0.136890 0.000000 -0.990586 0.763755 0.763755 0.763755
2257.984375 0.000000 2777.367920 0.000000 0.477426 0.000000 -0.878672 0.636097 0.636097 0.636097
2246.658936 0.000000 2767.774414 0.000000 0.578604 0.000000 -0.815609 0.622022 0.622022 0.622022
2263.363770 0.000000 2769.661621 0.000000 0.049278 0.000000 -0.998785 0.759826 0.759826 0.759826
2271.837402 0.000000 2774.542725 0.000000 0.539016 0.000000 -0.842296 0.678872 0.678872 0.678872
2260.728271 0.000000 2780.432861 0.000000 0.190786 0.000000 -0.981632 0.761445 0.761445 0.761445
2271.786865 0.000000 2783.823242 0.000000 0.574824 0.000000 -0.818277 0.647639 0.647639 0.647639
2256.342041 0.000000 2768.392578 0.000000 0.418766 0.000000 -0.908094 0.722438 0.722438 0.722438
2253.011963 0.000000 2787.115479 0.000000 0.131274 0.000000 -0.991346 0.756840 0.756840 0.756840
2271.077637 0.000000 2782.028809 0.000000 0.068851 0.000000 -0.997627 0.664091 0.664091 0.664091
2270.879883 0.000000 2783.079834 0.000000 0.551921 0.000000 -0.833896 0.648479 0.648479 0.648479
2248.579834 0.000000 2777.719971 0.000000 0.350088 0.000000 -0.936717 0.754061 0.754061 0.754061
2255.711182 0.000000 2777.591309 0.000000 0.503058 0.000000 -0.864253 0.680251 0.680251 0.680251
2248.833984 0.000000 2778.715088 0.000000 0.358680 0.000000 -0.933461 0.752179 0.752179 0.752179
2162.335205 0.000000 2845.111816 0.000000 0.326960 0.000000 -0.945038 0.416686 0.416686 0.416686
2145.012207 0.000000 2834.431885 0.000000 0.357463 0.000000 -0.933927 0.749287 0.749287 0.749287
2166.458008 0.000000 2837.128174 0.000000 0.200130 0.000000 -0.979769 0.512170 0.512170 0.512170
2147.814209 0.000000 2835.390137 0.000000 0.268596 0.000000 -0.963253 0.603501 0.603501 0.603501
2170.285400 0.000000 2840.637451 0.000000 0.453884 0.000000 -0.891061 0.619708 0.619708 0.619708
2144.142334 0.000000 2837.936768 0.000000 0.213959 0.000000 -0.976843 0.659650 0.659650 0.659650
2171.795410 0.000000 2831.069336 0.000000 0.473853 0.000000 -0.880604 0.619083 0.619083 0.619083
2168.164062 0.000000 2837.141846 0.000000 0.472403 0.000000 -0.881383 0.651283 0.651283 0.651283
2169.227295 0.000000 2833.985840 0.000000 0.184716 0.000000 -0.982792 0.647362 0.647362 0.647362
2144.474365 0.000000 2835.447998 0.000000 0.236544 0.000000 -0.971621 0.754470 0.754470 0.754470
2170.394287 0.000000 2833.946289 0.000000 0.313764 0.000000 -0.949501 0.663051 0.663051 0.663051
2219.597168 0.000000 2826.243164 0.000000 0.343125 0.000000 -0.939290 0.416942 0.416942 0.416942
2176.943115 0.000000 2827.368164 0.000000 0.346686 0.000000 -0.937981 0.496401 0.496401 0.496401
2188.104736 0.000000 2835.614258 0.000000 0.565578 0.000000 -0.824695 0.620347 0.620347 0.620347
2613.727783 0.000000 2927.267334 0.000000 0.479944 0.000000 -0.877299 0.694050 0.694050 0.694050
2679.635498 0.000000 2912.986572 0.000000 0.244419 0.000000 -0.969670 0.707040 0.707040 0.707040
2652.055420 0.000000 2907.228027 0.000000 0.387922 0.000000 -0.921692 0.598053 0.598053 0.598053
2642.167725 0.000000 2898.971191 0.000000 0.387566 0.000000 -0.921842 0.628204 0.628204 0.628204
2665.787598 0.000000 2920.493408 0.000000 0.510143 0.000000 -0.860089 0.617927 0.617927 0.617927
2672.476318 0.000000 2928.536133 0.000000 0.099626 0.000000 -0.995025 0.692019 0.692019 0.692019
2705.435547 0.000000 2924.617188 0.000000 0.392997 0.000000 -0.919540 0.664772 0.664772 0.664772
2683.649170 0.000000 2958.700195 0.000000 0.317076 0.000000 -0.948400 0.467207 0.467207 0.467207
2637.933594 0.000000 2943.056396 0.000000 0.282368 0.000000 -0.959306 0.482733 0.482733 0.482733
2636.093750 0.000000 2945.275146 0.000000 0.270259 0.000000 -0.962788 0.538656 0.538656 0.538656
2666.449707 0.000000 2939.948486 0.000000 0.148977 0.000000 -0.988841 0.573931 0.573931 0.573931
2680.202881 0.000000 2954.144043 0.000000 0.112407 0.000000 -0.993662 0.671626 0.671626 0.671626
2680.864014 0.000000 2955.715576 0.000000 0.211424 0.000000 -0.977394 0.668517 0.668517 0.668517
2681.927490 0.000000 2955.514648 0.000000 0.197763 0.000000 -0.980250 0.668949 0.668949 0.668949
6011.392090 0.000000 3472.614746 0.000000 0.361322 0.000000 -0.932441 0.751846 0.751846 0.751846
6008.164062 0.000000 3458.469971 0.000000 0.585733 0.000000 -0.810504 0.740792 0.740792 0.740792
6015.271973 0.000000 3468.467773 0.000000 0.129564 0.000000 -0.991571 0.722179 0.722179 0.722179
6076.200684 0.000000 3433.135254 0.000000 0.333632 0.000000 -0.942703 0.445732 0.445732 0.445732
6077.468262 0.000000 3437.549072 0.000000 0.528544 0.000000 -0.848906 0.741728 0.741728 0.741728
6077.826172 0.000000 3430.782227 0.000000 0.237595 0.000000 -0.971364 0.608689 0.608689 0.608689
6076.996582 0.000000 3425.436768 0.000000 0.135593 0.000000 -0.990765 0.642205 0.642205 0.642205
6077.773926 0.000000 3427.491943 0.000000 0.525815 0.000000 -0.850599 0.739016 0.739016 0.739016
6120.031738 0.000000 3440.613037 0.000000 0.496752 0.000000 -0.867893 0.592773 0.592773 0.592773
6080.026367 0.000000 3426.179688 0.000000 0.264679 0.000000 -0.964337 0.640597 0.640597 0.640597
6119.001953 0.000000 3439.381836 0.000000 0.133132 0.000000 -0.991098 0.746610 0.746610 0.746610
6043.568359 0.000000 3478.954346 0.000000 0.401521 0.000000 -0.915850 0.478353 0.478353 0.478353
6037.670898 0.000000 3472.631104 0.000000 0.463858 0.000000 -0.885910 0.705474 0.705474 0.705474
6018.523926 0.000000 3466.048096 0.000000 0.384361 0.000000 -0.923183 0.630460 0.630460 0.630460
6027.726562 0.000000 3488.425781 0.000000 0.058585 0.000000 -0.998282 0.765538 0.765538 0.765538
6040.987793 0.000000 3477.423340 0.000000 0.281010 0.000000 -0.959705 0.750564 0.750564 0.750564
6026.770020 0.000000 3488.885986 0.000000 0.052131 0.000000 -0.998640 0.765818 0.765818 0.765818
6088.026367 0.000000 3500.001221 0.000000 0.531651 0.000000 -0.846963 0.450635 0.450635 0.450635
6124.377930 0.000000 3446.043213 0.000000 0.039374 0.000000 -0.999225 0.484975 0.484975 0.484975
6103.770020 0.000000 3491.104492 0.000000 0.347675 0.000000 -0.937615 0.592710 0.592710 0.592710
6097.435547 0.000000 3489.460938 0.000000 0.114322 0.000000 -0.993444 0.535556 0.535556 0.535556
6093.189453 0.000000 3473.587646 0.000000 0.087342 0.000000 -0.996178 0.568842 0.568842 0.568842
6128.730957 0.000000 3451.699951 0.000000 0.543468 0.000000 -0.839430 0.719449 0.719449 0.719449
6136.202637 0.000000 3462.503418 0.000000 0.392411 0.000000 -0.919790 0.587193 0.587193 0.587193
6091.079590 0.000000 3501.345947 0.000000 0.512191 0.000000 -0.858872 0.590187 0.590187 0.590187
6091.304199 0.000000 3463.343262 0.000000 0.517001 0.000000 -0.855985 0.744081 0.744081 0.744081
6093.813477 0.000000 3470.587891 0.000000 0.009038 0.000000 -0.999959 0.557491 0.557491 0.557491
6084.218262 0.000000 3462.978027 0.000000 0.218668 0.000000 -0.975799 0.752743 0.752743 0.752743
6086.265137 0.000000 3458.700439 0.000000 0.453955 0.000000 -0.891025 0.606857 0.606857 0.606857
6099.857422 0.000000 3485.743408 0.000000 0.574217 0.000000 -0.818703 0.742743 0.742743 0.742743
6090.462402 0.000000 3498.215088 0.000000 0.037054 0.000000 -0.999313 0.711974 0.711974 0.711974
6102.543945 0.000000 3489.633545 0.000000 0.344662 0.000000 -0.938727 0.752508 0.752508 0.752508
6129.943848 0.000000 3453.742920 0.000000 0.412745 0.000000 -0.910846 0.737930 0.737930 0.737930
6086.729492 0.000000 3463.520752 0.000000 0.047804 0.000000 -0.998857 0.767869 0.767869 0.767869
5938.337891 0.000000 3578.359619 0.000000 0.485460 0.000000 -0.874259 0.747411 0.747411 0.747411
5984.706543 0.000000 3562.664795 0.000000 0.051741 0.000000 -0.998661 0.478271 0.478271 0.478271
5994.089355 0.000000 3592.128906 0.000000 0.410851 0.000000 -0.911702 0.681481 0.681481 0.681481
5996.932129 0.000000 3595.704346 0.000000 0.097058 0.000000 -0.995279 0.761548 0.761548 0.761548
5997.988281 0.000000 3568.362793 0.000000 0.415322 0.000000 -0.909674 0.554507 0.554507 0.554507
5999.924805 0.000000 3566.834961 0.000000 0.081371 0.000000 -0.996684 0.701534 0.701534 0.701534
5995.801758 0.000000 3592.175293 0.000000 0.075701 0.000000 -0.997131 0.692801 0.692801 0.692801
6064.720703 0.000000 3532.074951 0.000000 0.443632 0.000000 -0.896209 0.481748 0.481748 0.481748
6021.362305 0.000000 3554.716064 0.000000 0.544916 0.000000 -0.838491 0.540582 0.540582 0.540582
6064.498535 0.000000 3535.583984 0.000000 0.498773 0.000000 -0.866733 0.533316 0.533316 0.533316
6031.969727 0.000000 3519.435303 0.000000 0.107539 0.000000 -0.994201 0.620976 0.620976 0.620976
6033.695801 0.000000 3524.616699 0.000000 0.208214 0.000000 -0.978083 0.723805 0.723805 0.723805
6063.137695 0.000000 3538.510742 0.000000 0.000235 0.000000 -1.000000 0.603954 0.603954 0.603954
6024.364258 0.000000 3549.097412 0.000000 0.235026 0.000000 -0.971989 0.711784 0.711784 0.711784
6127.152344 0.000000 3547.501953 0.000000 0.587437 0.000000 -0.809270 0.412570 0.412570 0.412570
6086.202148 0.000000 3513.543945 0.000000 0.558608 0.000000 -0.829432 0.413430 0.413430 0.413430
6134.407227 0.000000 3555.066895 0.000000 0.168881 0.000000 -0.985636 0.456950 0.456950 0.456950
6091.861328 0.000000 3516.700684 0.000000 0.544145 0.000000 -0.838991 0.444136 0.444136 0.444136
6088.235840 0.000000 3509.413818 0.000000 0.371950 0.000000 -0.928253 0.491646 0.491646 0.491646
6109.201660 0.000000 3534.697754 0.000000 0.265258 0.000000 -0.964177 0.502288 0.502288 0.502288
6129.428223 0.000000 3551.966309 0.000000 0.282413 0.000000 -0.959293 0.732103 0.732103 0.732103
6092.386230 0.000000 3517.716553 0.000000 0.403050 0.000000 -0.915178 0.612663 0.612663 0.612663
6128.439941 0.000000 3551.620605 0.000000 0.528725 0.000000 -0.848793 0.722235 0.722235 0.722235
6043.116211 0.000000 3576.990967 0.000000 0.067013 0.000000 -0.997752 0.420648 0.420648 0.420648
6039.062988 0.000000 3580.189697 0.000000 0.068631 0.000000 -0.997642 0.578042 0.578042 0.578042
6090.422852 0.000000 3582.263184 0.000000 0.203324 0.000000 -0.979111 0.418757 0.418757 0.418757
6117.055664 0.000000 3571.958740 0.000000 0.019550 0.000000 -0.999809 0.694632 0.694632 0.694632
6118.609863 0.000000 3562.880371 0.000000 0.205645 0.000000 -0.978627 0.640162 0.640162 0.640162
6123.491211 0.000000 3566.437744 0.000000 0.302517 0.000000 -0.953144 0.674330 0.674330 0.674330
6089.177246 0.000000 3607.479492 0.000000 0.262416 0.000000 -0.964955 0.658139 0.658139 0.658139
6157.917480 0.000000 3476.993164 0.000000 0.338828 0.000000 -0.940848 0.417067 0.417067 0.417067
6145.603027 0.000000 3479.500244 0.000000 0.282564 0.000000 -0.959248 0.538381 0.538381 0.538381
6174.441895 0.000000 3457.510986 0.000000 0.489427 0.000000 -0.872044 0.550489 0.550489 0.550489
6195.522461 0.000000 3462.233398 0.000000 0.062863 0.000000 -0.998022 0.763771 0.763771 0.763771
6178.075684 0.000000 3476.808105 0.000000 0.547973 0.000000 -0.836496 0.741732 0.741732 0.741732
6176.286133 0.000000 3470.425049 0.000000 0.294460 0.000000 -0.955664 0.756680 0.756680 0.756680
6192.708984 0.000000 3463.778564 0.000000 0.009300 0.000000 -0.999957 0.769586 0.769586 0.769586
6150.449219 0.000000 3477.516846 0.000000 0.457921 0.000000 -0.888993 0.538559 0.538559 0.538559
6189.942383 0.000000 3461.500488 0.000000 0.015586 0.000000 -0.999879 0.759657 0.759657 0.759657
6172.055664 0.000000 3472.071777 0.000000 0.562750 0.000000 -0.826627 0.578076 0.578076 0.578076
6149.154785 0.000000 3462.194336 0.000000 0.080535 0.000000 -0.996752 0.646009 0.646009 0.646009
6170.827148 0.000000 3456.615723 0.000000 0.485730 0.000000 -0.874109 0.689517 0.689517 0.689517
6175.581055 0.000000 3468.265137 0.000000 0.506862 0.000000 -0.862027 0.746313 0.746313 0.746313
6174.083984 0.000000 3462.829346 0.000000 0.487946 0.000000 -0.872874 0.695896 0.695896 0.695896
6150.203613 0.000000 3539.326416 0.000000 0.213909 0.000000 -0.976854 0.486137 0.486137 0.486137
6177.384277 0.000000 3527.454590 0.000000 0.051536 0.000000 -0.998671 0.637983 0.637983 0.637983
6148.258301 0.000000 3545.553223 0.000000 0.449749 0.000000 -0.893155 0.744098 0.744098 0.744098
6191.561523 0.000000 3553.506836 0.000000 0.064768 0.000000 -0.997900 0.655335 0.655335 0.655335
6191.125000 0.000000 3554.424805 0.000000 0.584325 0.000000 -0.811520 0.736317 0.736317 0.736317
6252.170898 0.000000 3557.295166 0.000000 0.382500 0.000000 -0.923956 0.585316 0.585316 0.585316
6248.336914 0.000000 3557.737305 0.000000 0.513091 0.000000 -0.858334 0.671288 0.671288 0.671288
6270.343750 0.000000 3523.635742 0.000000 0.125128 0.000000 -0.992141 0.646919 0.646919 0.646919
6266.765137 0.000000 3521.168701 0.000000 0.333013 0.000000 -0.942922 0.660249 0.660249 0.660249
6263.509766 0.000000 3519.753418 0.000000 0.453028 0.000000 -0.891496 0.723234 0.723234 0.723234
6249.895508 0.000000 3556.713379 0.000000 0.385663 0.000000 -0.922640 0.675863 0.675863 0.675863
6164.586426 0.000000 3597.819580 0.000000 0.031716 0.000000 -0.999497 0.743634 0.743634 0.743634
6206.576172 0.000000 3570.779053 0.000000 0.426512 0.000000 -0.904482 0.567021 0.567021 0.567021
6197.360840 0.000000 3569.169678 0.000000 0.319464 0.000000 -0.947598 0.680312 0.680312 0.680312
6250.488281 0.000000 3559.763916 0.000000 0.023148 0.000000 -0.999732 0.760178 0.760178 0.760178
6273.285645 0.000000 3531.143311 0.000000 0.255421 0.000000 -0.966830 0.634329 0.634329 0.634329
6285.813477 0.000000 3527.072266 0.000000 0.515668 0.000000 -0.856789 0.636952 0.636952 0.636952
6276.218262 0.000000 3519.462402 0.000000 0.487398 0.000000 -0.873180 0.607977 0.607977 0.607977
6281.007812 0.000000 3538.740479 0.000000 0.012405 0.000000 -0.999923 0.652431 0.652431 0.652431
6273.099609 0.000000 3533.442383 0.000000 0.215801 0.000000 -0.976437 0.644243 0.644243 0.644243
6279.842285 0.000000 3522.895996 0.000000 0.370900 0.000000 -0.928673 0.747864 0.747864 0.747864
6279.631836 0.000000 3520.690186 0.000000 0.337304 0.000000 -0.941396 0.623231 0.623231 0.623231
6277.003906 0.000000 3535.469971 0.000000 0.345067 0.000000 -0.938578 0.745057 0.745057 0.745057
6278.943359 0.000000 3535.708984 0.000000 0.183608 0.000000 -0.983000 0.753172 0.753172 0.753172
6371.721191 0.000000 3547.229248 0.000000 0.424458 0.000000 -0.905448 0.612026 0.612026 0.612026
6299.789062 0.000000 3588.936523 0.000000 0.108558 0.000000 -0.994090 0.642988 0.642988 0.642988
6381.468262 0.000000 3612.025391 0.000000 0.336506 0.000000 -0.941681 0.535022 0.535022 0.535022
6379.522461 0.000000 3600.619385 0.000000 0.553990 0.000000 -0.832523 0.531920 0.531920 0.531920
6374.659180 0.000000 3600.013672 0.000000 0.270475 0.000000 -0.962727 0.609962 0.609962 0.609962
6377.351074 0.000000 3597.254639 0.000000 0.073567 0.000000 -0.997290 0.606475 0.606475 0.606475
6396.996582 0.000000 3594.889893 0.000000 0.062689 0.000000 -0.998033 0.757717 0.757717 0.757717
6373.622070 0.000000 3605.256592 0.000000 0.199836 0.000000 -0.979829 0.728545 0.728545 0.728545
6600.482910 0.000000 3485.896973 0.000000 0.479016 0.000000 -0.877806 0.608235 0.608235 0.608235
6401.603027 0.000000 3592.468994 0.000000 0.254232 0.000000 -0.967143 0.750509 0.750509 0.750509
6447.419922 0.000000 3581.169922 0.000000 0.111445 0.000000 -0.993771 0.535617 0.535617 0.535617
6450.147461 0.000000 3583.588135 0.000000 0.338314 0.000000 -0.941033 0.627531 0.627531 0.627531
6401.581055 0.000000 3593.759521 0.000000 0.369853 0.000000 -0.929090 0.745827 0.745827 0.745827
6461.468262 0.000000 3607.002197 0.000000 0.466448 0.000000 -0.884549 0.664389 0.664389 0.664389
6458.901367 0.000000 3606.541260 0.000000 0.164603 0.000000 -0.986360 0.575732 0.575732 0.575732
6447.829590 0.000000 3583.325439 0.000000 0.311452 0.000000 -0.950262 0.626158 0.626158 0.626158
6446.488281 0.000000 3583.380127 0.000000 0.572998 0.000000 -0.819556 0.617973 0.617973 0.617973
6570.333984 0.000000 3585.609375 0.000000 0.549962 0.000000 -0.835190 0.550992 0.550992 0.550992
6531.693359 0.000000 3573.528076 0.000000 0.004328 0.000000 -0.999991 0.683927 0.683927 0.683927
6543.304199 0.000000 3574.299072 0.000000 0.209481 0.000000 -0.977813 0.594200 0.594200 0.594200
6641.034668 0.000000 3589.713135 0.000000 0.238498 0.000000 -0.971143 0.599965 0.599965 0.599965
6599.020020 0.000000 3573.922363 0.000000 0.247878 0.000000 -0.968791 0.660784 0.660784 0.660784
6669.742676 0.000000 3604.735596 0.000000 0.462332 0.000000 -0.886707 0.666688 0.666688 0.666688
7734.014648 0.000000 2942.707520 0.000000 0.473795 0.000000 -0.880635 0.508548 0.508548 0.508548
"}
