object={
	name="pine_sparse_generator_2_0"
	clamp_to_water_level=no
	render_under_water=no
	generated_content=yes
	layer="semidynamic_medium"
	pdxmesh="tree_fir_001_mesh"
	count=584
	transform="1271.341309 0.000000 2536.604492 0.000000 0.551606 0.000000 0.834105 0.656469 0.656469 0.656469
1272.393677 0.000000 2530.439209 0.000000 0.236980 0.000000 0.971515 0.600758 0.600758 0.600758
1273.560059 0.000000 2535.956543 0.000000 0.145429 0.000000 0.989369 0.444981 0.444981 0.444981
1272.254761 0.000000 2532.694824 0.000000 0.075415 0.000000 0.997152 0.580165 0.580165 0.580165
1270.766602 0.000000 2529.913086 0.000000 0.119755 0.000000 0.992804 0.481360 0.481360 0.481360
1270.928345 0.000000 2558.681885 0.000000 0.361851 0.000000 0.932236 0.524121 0.524121 0.524121
1273.532715 0.000000 2556.771484 0.000000 0.076488 0.000000 0.997070 0.497798 0.497798 0.497798
1276.605713 0.000000 2573.723389 0.000000 0.342766 0.000000 0.939421 0.653379 0.653379 0.653379
1268.127808 0.000000 2559.679443 0.000000 0.128289 0.000000 0.991737 0.610749 0.610749 0.610749
1278.298462 0.000000 2591.267578 0.000000 0.351125 0.000000 0.936328 0.497212 0.497212 0.497212
1277.359375 0.000000 2562.870361 0.000000 0.246860 0.000000 0.969051 0.573430 0.573430 0.573430
1277.048584 0.000000 2581.062256 0.000000 0.585140 0.000000 0.810933 0.577408 0.577408 0.577408
1279.474121 0.000000 2587.021240 0.000000 0.397408 0.000000 0.917642 0.578168 0.578168 0.578168
1276.200928 0.000000 2585.869629 0.000000 0.188661 0.000000 0.982042 0.644371 0.644371 0.644371
1274.545166 0.000000 2573.767578 0.000000 0.427359 0.000000 0.904082 0.448690 0.448690 0.448690
1279.198608 0.000000 2576.816895 0.000000 0.129822 0.000000 0.991537 0.544101 0.544101 0.544101
1277.962402 0.000000 2587.584961 0.000000 0.173407 0.000000 0.984850 0.646065 0.646065 0.646065
1276.529175 0.000000 2575.230225 0.000000 0.059202 0.000000 0.998246 0.586440 0.586440 0.586440
1277.359375 0.000000 2619.354736 0.000000 0.096684 0.000000 0.995315 0.534591 0.534591 0.534591
1278.777100 0.000000 2618.709473 0.000000 0.473531 0.000000 0.880777 0.658197 0.658197 0.658197
1267.473267 0.000000 2695.143555 0.000000 0.148392 0.000000 0.988929 0.446803 0.446803 0.446803
1278.677124 0.000000 2657.311768 0.000000 0.288107 0.000000 0.957598 0.444137 0.444137 0.444137
1279.487793 0.000000 2671.093750 0.000000 0.284173 0.000000 0.958773 0.633398 0.633398 0.633398
1269.526611 0.000000 2688.701172 0.000000 0.455395 0.000000 0.890290 0.506962 0.506962 0.506962
1279.011719 0.000000 2664.127930 0.000000 0.427485 0.000000 0.904023 0.656360 0.656360 0.656360
1280.164185 0.000000 2541.651611 0.000000 0.197340 0.000000 0.980335 0.556365 0.556365 0.556365
1281.798950 0.000000 2535.251465 0.000000 0.556320 0.000000 0.830968 0.431308 0.431308 0.431308
1281.941895 0.000000 2537.940430 0.000000 0.132597 0.000000 0.991170 0.576815 0.576815 0.576815
1280.046631 0.000000 2540.075928 0.000000 0.551519 0.000000 0.834162 0.567248 0.567248 0.567248
1284.014893 0.000000 2547.884033 0.000000 0.116716 0.000000 0.993165 0.447964 0.447964 0.447964
1281.278687 0.000000 2587.672119 0.000000 0.240088 0.000000 0.970751 0.403886 0.403886 0.403886
1295.977173 0.000000 2590.864014 0.000000 0.160216 0.000000 0.987082 0.434637 0.434637 0.434637
1282.331055 0.000000 2581.742676 0.000000 0.564754 0.000000 0.825259 0.626787 0.626787 0.626787
1285.147461 0.000000 2595.786133 0.000000 0.345962 0.000000 0.938249 0.448849 0.448849 0.448849
1283.034790 0.000000 2595.955322 0.000000 0.113533 0.000000 0.993534 0.498659 0.498659 0.498659
1280.975952 0.000000 2542.317139 0.000000 0.037424 0.000000 0.999299 0.462178 0.462178 0.462178
1292.418213 0.000000 2590.872803 0.000000 0.003408 0.000000 0.999994 0.634945 0.634945 0.634945
1280.314087 0.000000 2591.538818 0.000000 0.579350 0.000000 0.815079 0.655908 0.655908 0.655908
1533.369507 0.000000 2532.608154 0.000000 0.360386 0.000000 0.932803 0.550596 0.550596 0.550596
1504.238770 0.000000 2538.850830 0.000000 0.089681 0.000000 0.995971 0.560139 0.560139 0.560139
1525.732422 0.000000 2540.874756 0.000000 0.137300 0.000000 0.990530 0.617844 0.617844 0.617844
1524.032959 0.000000 2541.075928 0.000000 0.028321 0.000000 0.999599 0.614041 0.614041 0.614041
1464.357544 0.000000 2550.143799 0.000000 0.540494 0.000000 0.841348 0.456561 0.456561 0.456561
1508.534668 0.000000 2558.974854 0.000000 0.036833 0.000000 0.999321 0.538140 0.538140 0.538140
1492.471069 0.000000 2563.622559 0.000000 0.283721 0.000000 0.958907 0.420769 0.420769 0.420769
1494.346924 0.000000 2564.440430 0.000000 0.460583 0.000000 0.887617 0.631450 0.631450 0.631450
1491.108398 0.000000 2551.773926 0.000000 0.523616 0.000000 0.851954 0.421501 0.421501 0.421501
1531.533813 0.000000 2547.371582 0.000000 0.455083 0.000000 0.890449 0.553422 0.553422 0.553422
1522.464111 0.000000 2557.725342 0.000000 0.016598 0.000000 0.999862 0.639431 0.639431 0.639431
1519.143188 0.000000 2567.474365 0.000000 0.570505 0.000000 0.821294 0.455415 0.455415 0.455415
1515.042236 0.000000 2550.667725 0.000000 0.464631 0.000000 0.885504 0.442206 0.442206 0.442206
1506.022705 0.000000 2563.832520 0.000000 0.119775 0.000000 0.992801 0.588366 0.588366 0.588366
1487.876343 0.000000 2550.245117 0.000000 0.127254 0.000000 0.991870 0.511155 0.511155 0.511155
1529.095215 0.000000 2565.576416 0.000000 0.296115 0.000000 0.955152 0.469272 0.469272 0.469272
1303.931152 0.000000 2649.998535 0.000000 0.513822 0.000000 0.857897 0.395662 0.395662 0.395662
1308.691528 0.000000 2646.373535 0.000000 0.152795 0.000000 0.988258 0.423861 0.423861 0.423861
1310.667969 0.000000 2634.662598 0.000000 0.432956 0.000000 0.901415 0.492041 0.492041 0.492041
1324.424194 0.000000 2650.827393 0.000000 0.094507 0.000000 0.995524 0.424627 0.424627 0.424627
1302.295044 0.000000 2605.754395 0.000000 0.509426 0.000000 0.860515 0.640470 0.640470 0.640470
1292.277832 0.000000 2653.537598 0.000000 0.306726 0.000000 0.951798 0.490833 0.490833 0.490833
1280.013672 0.000000 2602.803955 0.000000 0.132724 0.000000 0.991153 0.632903 0.632903 0.632903
1280.060181 0.000000 2606.529541 0.000000 0.348686 0.000000 0.937240 0.412884 0.412884 0.412884
1284.679565 0.000000 2612.517578 0.000000 0.519044 0.000000 0.854748 0.423242 0.423242 0.423242
1324.596680 0.000000 2617.232666 0.000000 0.579575 0.000000 0.814919 0.602351 0.602351 0.602351
1291.119385 0.000000 2651.900391 0.000000 0.192954 0.000000 0.981208 0.642262 0.642262 0.642262
1293.989746 0.000000 2625.195801 0.000000 0.559450 0.000000 0.828864 0.466117 0.466117 0.466117
1295.814819 0.000000 2618.913330 0.000000 0.468743 0.000000 0.883335 0.431386 0.431386 0.431386
1321.985107 0.000000 2619.217773 0.000000 0.224411 0.000000 0.974495 0.583110 0.583110 0.583110
1293.842407 0.000000 2649.759033 0.000000 0.267151 0.000000 0.963655 0.530418 0.530418 0.530418
1284.253662 0.000000 2637.647217 0.000000 0.317567 0.000000 0.948236 0.575624 0.575624 0.575624
1285.526245 0.000000 2639.347168 0.000000 0.176345 0.000000 0.984328 0.593605 0.593605 0.593605
1285.147461 0.000000 2652.270508 0.000000 0.465428 0.000000 0.885086 0.608732 0.608732 0.608732
1290.960205 0.000000 2632.446045 0.000000 0.237806 0.000000 0.971313 0.573152 0.573152 0.573152
1284.650269 0.000000 2636.057373 0.000000 0.187901 0.000000 0.982188 0.571632 0.571632 0.571632
1283.034790 0.000000 2652.439697 0.000000 0.555848 0.000000 0.831284 0.498777 0.498777 0.498777
1289.291260 0.000000 2615.074463 0.000000 0.053397 0.000000 0.998573 0.467734 0.467734 0.467734
1280.975952 0.000000 2598.801514 0.000000 0.142580 0.000000 0.989783 0.571980 0.571980 0.571980
1280.942993 0.000000 2601.430664 0.000000 0.058644 0.000000 0.998279 0.591498 0.591498 0.591498
1307.274780 0.000000 2640.901123 0.000000 0.531297 0.000000 0.847186 0.532437 0.532437 0.532437
1306.442749 0.000000 2613.766357 0.000000 0.521583 0.000000 0.853201 0.510522 0.510522 0.510522
1285.380859 0.000000 2598.439209 0.000000 0.274394 0.000000 0.961617 0.646454 0.646454 0.646454
1323.594971 0.000000 2620.680908 0.000000 0.231478 0.000000 0.972840 0.640994 0.640994 0.640994
1309.245483 0.000000 2634.115967 0.000000 0.049216 0.000000 0.998788 0.572569 0.572569 0.572569
1299.482422 0.000000 2623.971191 0.000000 0.137148 0.000000 0.990551 0.499209 0.499209 0.499209
1288.168701 0.000000 2634.056885 0.000000 0.216788 0.000000 0.976219 0.515106 0.515106 0.515106
1292.281982 0.000000 2650.283203 0.000000 0.247199 0.000000 0.968965 0.649109 0.649109 0.649109
1307.986084 0.000000 2609.039307 0.000000 0.142636 0.000000 0.989775 0.513270 0.513270 0.513270
1358.936279 0.000000 2644.853271 0.000000 0.160364 0.000000 0.987058 0.429319 0.429319 0.429319
1387.936890 0.000000 2654.708740 0.000000 0.173164 0.000000 0.984893 0.415313 0.415313 0.415313
1385.461914 0.000000 2653.880859 0.000000 0.585345 0.000000 0.810784 0.661253 0.661253 0.661253
1362.928345 0.000000 2639.186035 0.000000 0.456323 0.000000 0.889814 0.633039 0.633039 0.633039
1373.530396 0.000000 2652.454590 0.000000 0.098207 0.000000 0.995166 0.503512 0.503512 0.503512
1288.260498 0.000000 2663.771240 0.000000 0.509133 0.000000 0.860688 0.390075 0.390075 0.390075
1282.873169 0.000000 2681.055908 0.000000 0.291956 0.000000 0.956432 0.410124 0.410124 0.410124
1300.471069 0.000000 2676.591309 0.000000 0.300869 0.000000 0.953665 0.501326 0.501326 0.501326
1310.667969 0.000000 2691.146973 0.000000 0.325934 0.000000 0.945393 0.593337 0.593337 0.593337
1298.112671 0.000000 2680.957275 0.000000 0.108167 0.000000 0.994133 0.475866 0.475866 0.475866
1319.451416 0.000000 2669.761230 0.000000 0.517715 0.000000 0.855553 0.541023 0.541023 0.541023
1283.661377 0.000000 2675.839111 0.000000 0.371367 0.000000 0.928486 0.526148 0.526148 0.526148
1321.191162 0.000000 2656.895996 0.000000 0.447974 0.000000 0.894047 0.474407 0.474407 0.474407
1284.206177 0.000000 2657.020508 0.000000 0.321613 0.000000 0.946871 0.626166 0.626166 0.626166
1311.716431 0.000000 2695.216309 0.000000 0.204537 0.000000 0.978859 0.599675 0.599675 0.599675
1280.013672 0.000000 2659.288330 0.000000 0.226832 0.000000 0.973934 0.453633 0.453633 0.453633
1297.646729 0.000000 2674.090332 0.000000 0.164832 0.000000 0.986322 0.452418 0.452418 0.452418
1311.860107 0.000000 2702.599121 0.000000 0.153188 0.000000 0.988197 0.489096 0.489096 0.489096
1325.660034 0.000000 2686.715820 0.000000 0.179972 0.000000 0.983672 0.586864 0.586864 0.586864
1293.989746 0.000000 2681.680176 0.000000 0.015491 0.000000 0.999880 0.444295 0.444295 0.444295
1295.814819 0.000000 2675.397705 0.000000 0.157079 0.000000 0.987586 0.429261 0.429261 0.429261
1294.853149 0.000000 2671.667480 0.000000 0.170990 0.000000 0.985273 0.522676 0.522676 0.522676
1315.914307 0.000000 2683.524658 0.000000 0.064226 0.000000 0.997935 0.453975 0.453975 0.453975
1309.993286 0.000000 2669.563477 0.000000 0.524543 0.000000 0.851384 0.476202 0.476202 0.476202
1320.686523 0.000000 2673.418701 0.000000 0.582436 0.000000 0.812877 0.472148 0.472148 0.472148
1310.385010 0.000000 2696.360352 0.000000 0.373507 0.000000 0.927627 0.651937 0.651937 0.651937
1306.396606 0.000000 2664.803467 0.000000 0.392942 0.000000 0.919563 0.523176 0.523176 0.523176
1311.589478 0.000000 2684.810791 0.000000 0.362636 0.000000 0.931931 0.566510 0.566510 0.566510
1323.779663 0.000000 2659.747070 0.000000 0.185896 0.000000 0.982570 0.468725 0.468725 0.468725
1318.058228 0.000000 2671.068115 0.000000 0.474804 0.000000 0.880092 0.536163 0.536163 0.536163
1310.555786 0.000000 2677.103027 0.000000 0.090019 0.000000 0.995940 0.443939 0.443939 0.443939
1306.746094 0.000000 2654.792725 0.000000 0.488563 0.000000 0.872529 0.480773 0.480773 0.480773
1282.702148 0.000000 2659.928467 0.000000 0.191440 0.000000 0.981504 0.531906 0.531906 0.531906
1280.975952 0.000000 2655.285889 0.000000 0.493387 0.000000 0.869810 0.475461 0.475461 0.475461
1309.201782 0.000000 2687.432129 0.000000 0.293607 0.000000 0.955926 0.501151 0.501151 0.501151
1280.951294 0.000000 2669.000732 0.000000 0.289253 0.000000 0.957253 0.474460 0.474460 0.474460
1310.239746 0.000000 2702.947510 0.000000 0.079044 0.000000 0.996871 0.487437 0.487437 0.487437
1283.273560 0.000000 2679.598877 0.000000 0.223572 0.000000 0.974687 0.469513 0.469513 0.469513
1285.380859 0.000000 2654.923584 0.000000 0.424294 0.000000 0.905524 0.491831 0.491831 0.491831
1280.065918 0.000000 2660.802979 0.000000 0.080839 0.000000 0.996727 0.539326 0.539326 0.539326
1310.551758 0.000000 2689.520508 0.000000 0.205939 0.000000 0.978565 0.627092 0.627092 0.627092
1373.075928 0.000000 2707.165771 0.000000 0.241928 0.000000 0.970294 0.385929 0.385929 0.385929
1407.450562 0.000000 2662.694824 0.000000 0.016078 0.000000 0.999871 0.637645 0.637645 0.637645
1387.597290 0.000000 2656.790039 0.000000 0.247541 0.000000 0.968877 0.547368 0.547368 0.547368
1367.931152 0.000000 2706.482910 0.000000 0.389935 0.000000 0.920842 0.558533 0.558533 0.558533
1364.386963 0.000000 2681.562744 0.000000 0.339774 0.000000 0.940507 0.430759 0.430759 0.430759
1367.825562 0.000000 2708.686035 0.000000 0.444065 0.000000 0.895994 0.452652 0.452652 0.452652
1385.985107 0.000000 2675.702148 0.000000 0.387598 0.000000 0.921828 0.433455 0.433455 0.433455
1384.327271 0.000000 2677.037598 0.000000 0.330101 0.000000 0.943946 0.461067 0.461067 0.461067
1407.180664 0.000000 2660.866943 0.000000 0.357361 0.000000 0.933966 0.649024 0.649024 0.649024
1398.224854 0.000000 2669.944336 0.000000 0.391109 0.000000 0.920345 0.467740 0.467740 0.467740
1372.480591 0.000000 2693.326660 0.000000 0.397783 0.000000 0.917479 0.475067 0.475067 0.475067
1367.097900 0.000000 2673.780029 0.000000 0.561990 0.000000 0.827144 0.506202 0.506202 0.506202
1368.535400 0.000000 2689.809326 0.000000 0.313693 0.000000 0.949525 0.549245 0.549245 0.549245
1370.442749 0.000000 2670.250732 0.000000 0.339235 0.000000 0.940702 0.495149 0.495149 0.495149
1358.478760 0.000000 2699.246338 0.000000 0.312841 0.000000 0.949805 0.547465 0.547465 0.547465
1366.790405 0.000000 2681.294434 0.000000 0.371959 0.000000 0.928249 0.580860 0.580860 0.580860
1373.245483 0.000000 2690.600342 0.000000 0.375209 0.000000 0.926940 0.596745 0.596745 0.596745
1406.061768 0.000000 2662.953857 0.000000 0.282496 0.000000 0.959268 0.648486 0.648486 0.648486
1434.534668 0.000000 2653.076660 0.000000 0.201969 0.000000 0.979392 0.469060 0.469060 0.469060
1440.238770 0.000000 2651.819580 0.000000 0.580365 0.000000 0.814357 0.528488 0.528488 0.528488
1479.626831 0.000000 2644.631592 0.000000 0.454516 0.000000 0.890738 0.407447 0.407447 0.407447
1516.435303 0.000000 2634.256348 0.000000 0.032444 0.000000 0.999474 0.420038 0.420038 0.420038
1483.567871 0.000000 2638.434570 0.000000 0.076451 0.000000 0.997073 0.469956 0.469956 0.469956
1499.705688 0.000000 2638.320068 0.000000 0.357339 0.000000 0.933975 0.509809 0.509809 0.509809
1510.210083 0.000000 2631.781250 0.000000 0.301124 0.000000 0.953585 0.455113 0.455113 0.455113
1483.621582 0.000000 2644.204834 0.000000 0.405510 0.000000 0.914091 0.523514 0.523514 0.523514
1485.010498 0.000000 2632.305420 0.000000 0.526920 0.000000 0.849915 0.498012 0.498012 0.498012
1497.614136 0.000000 2650.016846 0.000000 0.480763 0.000000 0.876850 0.552428 0.552428 0.552428
1484.710571 0.000000 2635.015137 0.000000 0.380775 0.000000 0.924668 0.481849 0.481849 0.481849
1409.602173 0.000000 2685.138916 0.000000 0.533627 0.000000 0.845720 0.386613 0.386613 0.386613
1412.219482 0.000000 2687.399658 0.000000 0.430591 0.000000 0.902547 0.384375 0.384375 0.384375
1446.658447 0.000000 2662.986572 0.000000 0.391117 0.000000 0.920341 0.521349 0.521349 0.521349
1408.974365 0.000000 2667.473389 0.000000 0.412920 0.000000 0.910767 0.442978 0.442978 0.442978
1424.687988 0.000000 2689.950684 0.000000 0.562761 0.000000 0.826620 0.601706 0.601706 0.601706
1446.985352 0.000000 2686.630127 0.000000 0.050458 0.000000 0.998726 0.638360 0.638360 0.638360
1423.977173 0.000000 2703.832764 0.000000 0.397727 0.000000 0.917504 0.595763 0.595763 0.595763
1453.664185 0.000000 2661.761230 0.000000 0.145329 0.000000 0.989383 0.432597 0.432597 0.432597
1451.705322 0.000000 2682.153320 0.000000 0.380318 0.000000 0.924856 0.487203 0.487203 0.487203
1437.381714 0.000000 2685.360840 0.000000 0.558792 0.000000 0.829308 0.442349 0.442349 0.442349
1438.604736 0.000000 2688.045898 0.000000 0.129541 0.000000 0.991574 0.595495 0.595495 0.595495
1434.746094 0.000000 2654.792725 0.000000 0.331804 0.000000 0.943348 0.457524 0.457524 0.457524
1412.650269 0.000000 2692.541748 0.000000 0.575454 0.000000 0.817834 0.492028 0.492028 0.492028
1452.527954 0.000000 2662.749268 0.000000 0.375135 0.000000 0.926970 0.485295 0.485295 0.485295
1433.317871 0.000000 2662.025879 0.000000 0.076212 0.000000 0.997092 0.483895 0.483895 0.483895
1438.551758 0.000000 2689.520508 0.000000 0.492405 0.000000 0.870366 0.607961 0.607961 0.607961
1724.880859 0.000000 2395.573486 0.000000 0.302562 0.000000 0.953130 0.382337 0.382337 0.382337
1723.060547 0.000000 2414.936035 0.000000 0.549029 0.000000 0.835804 0.550987 0.550987 0.550987
1727.474121 0.000000 2417.568115 0.000000 0.169061 0.000000 0.985606 0.463089 0.463089 0.463089
1724.200928 0.000000 2416.416504 0.000000 0.425326 0.000000 0.905040 0.490062 0.490062 0.490062
1721.390381 0.000000 2414.750977 0.000000 0.019048 0.000000 0.999819 0.465286 0.465286 0.465286
1731.928833 0.000000 2402.475586 0.000000 0.440211 0.000000 0.897895 0.483230 0.483230 0.483230
1728.010498 0.000000 2401.030029 0.000000 0.204240 0.000000 0.978921 0.527016 0.527016 0.527016
1737.114258 0.000000 2402.457520 0.000000 0.386529 0.000000 0.922277 0.440653 0.440653 0.440653
1733.852539 0.000000 2395.189209 0.000000 0.212886 0.000000 0.977077 0.448036 0.448036 0.448036
1730.422852 0.000000 2400.743408 0.000000 0.297407 0.000000 0.954751 0.492389 0.492389 0.492389
1729.273926 0.000000 2399.863525 0.000000 0.350472 0.000000 0.936573 0.504308 0.504308 0.504308
1725.258179 0.000000 2440.842529 0.000000 0.523376 0.000000 0.852102 0.465275 0.465275 0.465275
1727.836060 0.000000 2433.312256 0.000000 0.401511 0.000000 0.915854 0.613429 0.613429 0.613429
1721.682983 0.000000 2430.983887 0.000000 0.037384 0.000000 0.999301 0.407774 0.407774 0.407774
1711.221924 0.000000 2462.126709 0.000000 0.115141 0.000000 0.993349 0.467259 0.467259 0.467259
1721.361084 0.000000 2441.617432 0.000000 0.306774 0.000000 0.951782 0.492608 0.492608 0.492608
1710.922729 0.000000 2464.149414 0.000000 0.449762 0.000000 0.893148 0.474448 0.474448 0.474448
1724.870728 0.000000 2436.220703 0.000000 0.503245 0.000000 0.864143 0.587041 0.587041 0.587041
1723.325317 0.000000 2440.943359 0.000000 0.498089 0.000000 0.867126 0.576178 0.576178 0.576178
1716.032959 0.000000 2484.591553 0.000000 0.171682 0.000000 0.985152 0.529648 0.529648 0.529648
1728.013672 0.000000 2433.350830 0.000000 0.032279 0.000000 0.999479 0.425314 0.425314 0.425314
1537.798950 0.000000 2535.251465 0.000000 0.315406 0.000000 0.948957 0.458975 0.458975 0.458975
1541.476685 0.000000 2593.075195 0.000000 0.580649 0.000000 0.814154 0.459309 0.459309 0.459309
1706.581665 0.000000 2504.117432 0.000000 0.198935 0.000000 0.980013 0.382413 0.382413 0.382413
1713.605835 0.000000 2538.166260 0.000000 0.276228 0.000000 0.961092 0.381952 0.381952 0.381952
1708.435303 0.000000 2521.287598 0.000000 0.294857 0.000000 0.955541 0.454987 0.454987 0.454987
1715.339844 0.000000 2520.601807 0.000000 0.338322 0.000000 0.941030 0.450491 0.450491 0.450491
1712.736572 0.000000 2531.999268 0.000000 0.147417 0.000000 0.989074 0.453843 0.453843 0.453843
1709.740601 0.000000 2515.521729 0.000000 0.374282 0.000000 0.927315 0.451214 0.451214 0.451214
1706.998291 0.000000 2521.979492 0.000000 0.008189 0.000000 0.999966 0.458107 0.458107 0.458107
1671.626831 0.000000 2588.147217 0.000000 0.501778 0.000000 0.864996 0.419256 0.419256 0.419256
1689.637573 0.000000 2578.494385 0.000000 0.234542 0.000000 0.972106 0.423496 0.423496 0.423496
1704.327271 0.000000 2564.068848 0.000000 0.435091 0.000000 0.900387 0.633957 0.633957 0.633957
1691.568481 0.000000 2575.204346 0.000000 0.089513 0.000000 0.995986 0.450959 0.450959 0.450959
1681.954346 0.000000 2579.821045 0.000000 0.555809 0.000000 0.831310 0.515090 0.515090 0.515090
1553.646729 0.000000 2617.605957 0.000000 0.413951 0.000000 0.910299 0.473635 0.473635 0.473635
1563.871582 0.000000 2618.348633 0.000000 0.431139 0.000000 0.902286 0.491997 0.491997 0.491997
1568.706299 0.000000 2602.430420 0.000000 0.294884 0.000000 0.955533 0.469246 0.469246 0.469246
1653.757935 0.000000 2617.645996 0.000000 0.192642 0.000000 0.981269 0.381574 0.381574 0.381574
1623.654907 0.000000 2631.936768 0.000000 0.520332 0.000000 0.853964 0.515901 0.515901 0.515901
1644.304199 0.000000 2621.980713 0.000000 0.364477 0.000000 0.931212 0.472535 0.472535 0.472535
1600.164185 0.000000 2654.620361 0.000000 0.146314 0.000000 0.989238 0.407748 0.407748 0.407748
1625.637573 0.000000 2634.978760 0.000000 0.002022 0.000000 0.999998 0.542313 0.542313 0.542313
1617.040649 0.000000 2650.816650 0.000000 0.421187 0.000000 0.906974 0.479191 0.479191 0.479191
1612.416504 0.000000 2640.199219 0.000000 0.415505 0.000000 0.909591 0.473670 0.473670 0.473670
1622.662964 0.000000 2633.172607 0.000000 0.343969 0.000000 0.938981 0.576456 0.576456 0.576456
1560.755737 0.000000 2674.114746 0.000000 0.522838 0.000000 0.852432 0.476161 0.476161 0.476161
1598.188843 0.000000 2669.840332 0.000000 0.305639 0.000000 0.952147 0.471256 0.471256 0.471256
1592.956177 0.000000 2680.181396 0.000000 0.197377 0.000000 0.980328 0.468964 0.468964 0.468964
1564.903564 0.000000 2661.386963 0.000000 0.253711 0.000000 0.967280 0.470148 0.470148 0.470148
1597.359375 0.000000 2675.839111 0.000000 0.208051 0.000000 0.978118 0.430166 0.430166 0.430166
1565.381714 0.000000 2685.360840 0.000000 0.514178 0.000000 0.857683 0.472326 0.472326 0.472326
1576.804443 0.000000 2688.889893 0.000000 0.343983 0.000000 0.938976 0.472086 0.472086 0.472086
1570.989624 0.000000 2686.979980 0.000000 0.050628 0.000000 0.998718 0.465933 0.465933 0.465933
1574.210083 0.000000 2688.265625 0.000000 0.044591 0.000000 0.999005 0.510870 0.510870 0.510870
1573.460205 0.000000 2686.100830 0.000000 0.516548 0.000000 0.856258 0.476011 0.476011 0.476011
1584.720703 0.000000 2684.809326 0.000000 0.208651 0.000000 0.977990 0.469200 0.469200 0.469200
1566.746948 0.000000 2656.353760 0.000000 0.344211 0.000000 0.938892 0.472091 0.472091 0.472091
1610.685181 0.000000 2656.729004 0.000000 0.141283 0.000000 0.989969 0.467799 0.467799 0.467799
1601.897461 0.000000 2677.557129 0.000000 0.472196 0.000000 0.881494 0.532509 0.532509 0.532509
1670.927612 0.000000 2604.628662 0.000000 0.092322 0.000000 0.995729 0.466789 0.466789 0.466789
1366.295044 0.000000 2718.723145 0.000000 0.213158 0.000000 0.977018 0.490452 0.490452 0.490452
1369.317871 0.000000 2718.510254 0.000000 0.136484 0.000000 0.990642 0.481725 0.481725 0.481725
1423.104492 0.000000 2716.102051 0.000000 0.578460 0.000000 0.815711 0.446442 0.446442 0.446442
1967.560791 0.000000 2810.498047 0.000000 0.070419 0.000000 0.997518 0.425975 0.425975 0.425975
1975.370483 0.000000 2801.389893 0.000000 0.129959 0.000000 0.991519 0.446453 0.446453 0.446453
1956.534668 0.000000 2784.912354 0.000000 0.221193 0.000000 0.975230 0.399998 0.399998 0.399998
1960.666260 0.000000 2814.056885 0.000000 0.520783 0.000000 0.853689 0.441543 0.441543 0.441543
1963.248413 0.000000 2800.560303 0.000000 0.464736 0.000000 0.885449 0.438577 0.438577 0.438577
1960.686523 0.000000 2786.387451 0.000000 0.505744 0.000000 0.862683 0.481187 0.481187 0.481187
1959.006714 0.000000 2787.138184 0.000000 0.357574 0.000000 0.933885 0.465224 0.465224 0.465224
1963.594971 0.000000 2790.134033 0.000000 0.285455 0.000000 0.958392 0.476154 0.476154 0.476154
1966.419189 0.000000 2823.448242 0.000000 0.402508 0.000000 0.915416 0.494885 0.494885 0.494885
2000.434082 0.000000 2797.795654 0.000000 0.472470 0.000000 0.881347 0.391304 0.391304 0.391304
2022.985352 0.000000 2799.598877 0.000000 0.299423 0.000000 0.954120 0.449719 0.449719 0.449719
2016.506104 0.000000 2812.392090 0.000000 0.208967 0.000000 0.977923 0.440857 0.440857 0.440857
2019.886841 0.000000 2798.358887 0.000000 0.370625 0.000000 0.928783 0.427721 0.427721 0.427721
2014.632446 0.000000 2795.044434 0.000000 0.130382 0.000000 0.991464 0.485089 0.485089 0.485089
2021.460205 0.000000 2799.069580 0.000000 0.221784 0.000000 0.975096 0.471243 0.471243 0.471243
2006.790405 0.000000 2794.263184 0.000000 0.086277 0.000000 0.996271 0.518802 0.518802 0.518802
1961.191162 0.000000 2826.349121 0.000000 0.391470 0.000000 0.920191 0.420869 0.420869 0.420869
2175.474121 0.000000 2248.114990 0.000000 0.542695 0.000000 0.839930 0.460257 0.460257 0.460257
2168.590820 0.000000 2256.801270 0.000000 0.324164 0.000000 0.946001 0.471656 0.471656 0.471656
2204.691406 0.000000 2250.982910 0.000000 0.553936 0.000000 0.832559 0.412912 0.412912 0.412912
2236.370361 0.000000 2248.787354 0.000000 0.145791 0.000000 0.989315 0.446754 0.446754 0.446754
2233.397217 0.000000 2241.041016 0.000000 0.413993 0.000000 0.910280 0.470040 0.470040 0.470040
2201.450195 0.000000 2250.587402 0.000000 0.378265 0.000000 0.925697 0.400702 0.400702 0.400702
2176.164307 0.000000 2259.229736 0.000000 0.153549 0.000000 0.988141 0.420321 0.420321 0.420321
2227.339844 0.000000 2238.179932 0.000000 0.235927 0.000000 0.971771 0.446702 0.446702 0.446702
2190.936279 0.000000 2249.462646 0.000000 0.240441 0.000000 0.970664 0.457454 0.457454 0.457454
2237.135498 0.000000 2245.617188 0.000000 0.260457 0.000000 0.965486 0.464966 0.464966 0.464966
2228.391602 0.000000 2239.345703 0.000000 0.333801 0.000000 0.942644 0.528678 0.528678 0.528678
2175.450684 0.000000 2267.304199 0.000000 0.584769 0.000000 0.811200 0.433736 0.433736 0.433736
2174.998535 0.000000 2283.356689 0.000000 0.112016 0.000000 0.993706 0.403643 0.403643 0.403643
2172.870850 0.000000 2266.767578 0.000000 0.414099 0.000000 0.910232 0.473638 0.473638 0.473638
2162.737793 0.000000 2292.872559 0.000000 0.181842 0.000000 0.983328 0.447441 0.447441 0.447441
2165.526611 0.000000 2293.310547 0.000000 0.130967 0.000000 0.991387 0.519925 0.519925 0.519925
2185.424072 0.000000 2287.248779 0.000000 0.314236 0.000000 0.949345 0.383445 0.383445 0.383445
2220.193604 0.000000 2280.319580 0.000000 0.439080 0.000000 0.898448 0.387109 0.387109 0.387109
2211.024170 0.000000 2279.947021 0.000000 0.040186 0.000000 0.999192 0.390112 0.390112 0.390112
2236.370361 0.000000 2305.271729 0.000000 0.077626 0.000000 0.996983 0.392446 0.392446 0.392446
2189.917725 0.000000 2290.821289 0.000000 0.277887 0.000000 0.960614 0.459991 0.459991 0.459991
2210.304199 0.000000 2275.474854 0.000000 0.582643 0.000000 0.812728 0.420825 0.420825 0.420825
2195.258789 0.000000 2298.268555 0.000000 0.411774 0.000000 0.911286 0.453784 0.453784 0.453784
2222.326416 0.000000 2270.493164 0.000000 0.577999 0.000000 0.816037 0.448263 0.448263 0.448263
2229.305176 0.000000 2273.025879 0.000000 0.222760 0.000000 0.974873 0.469496 0.469496 0.469496
2210.286865 0.000000 2263.002686 0.000000 0.530365 0.000000 0.847770 0.465436 0.465436 0.465436
2232.590820 0.000000 2313.285645 0.000000 0.315705 0.000000 0.948857 0.442877 0.442877 0.442877
2217.985107 0.000000 2280.311523 0.000000 0.406360 0.000000 0.913713 0.484232 0.484232 0.484232
2227.450439 0.000000 2312.214111 0.000000 0.114717 0.000000 0.993398 0.467250 0.467250 0.467250
2198.173340 0.000000 2298.716553 0.000000 0.239683 0.000000 0.970851 0.510413 0.510413 0.510413
2188.826172 0.000000 2298.561035 0.000000 0.199814 0.000000 0.979834 0.454872 0.454872 0.454872
2187.164307 0.000000 2295.930176 0.000000 0.327717 0.000000 0.944776 0.471733 0.471733 0.471733
2237.900391 0.000000 2312.442871 0.000000 0.530956 0.000000 0.847400 0.523416 0.523416 0.523416
2276.314209 0.000000 2312.770996 0.000000 0.022297 0.000000 0.999751 0.378428 0.378428 0.378428
2286.584229 0.000000 2308.155518 0.000000 0.560677 0.000000 0.828035 0.477083 0.477083 0.477083
2277.505371 0.000000 2315.062744 0.000000 0.063873 0.000000 0.997958 0.418806 0.418806 0.418806
2280.273193 0.000000 2309.590576 0.000000 0.198332 0.000000 0.980135 0.408588 0.408588 0.408588
2285.863037 0.000000 2306.192139 0.000000 0.397338 0.000000 0.917672 0.480437 0.480437 0.480437
2282.936768 0.000000 2311.875244 0.000000 0.137700 0.000000 0.990474 0.535682 0.535682 0.535682
2193.306885 0.000000 2326.805176 0.000000 0.533695 0.000000 0.845677 0.589905 0.589905 0.589905
2200.755615 0.000000 2335.208496 0.000000 0.252069 0.000000 0.967709 0.416639 0.416639 0.416639
2224.601807 0.000000 2320.701660 0.000000 0.401131 0.000000 0.916021 0.581812 0.581812 0.581812
2199.342529 0.000000 2331.370117 0.000000 0.440642 0.000000 0.897683 0.474239 0.474239 0.474239
2235.325195 0.000000 2327.974609 0.000000 0.069626 0.000000 0.997573 0.633105 0.633105 0.633105
2207.909912 0.000000 2330.826904 0.000000 0.217324 0.000000 0.976099 0.437455 0.437455 0.437455
2214.213623 0.000000 2325.872559 0.000000 0.584790 0.000000 0.811185 0.477686 0.477686 0.477686
2256.763916 0.000000 2331.811279 0.000000 0.478116 0.000000 0.878297 0.391396 0.391396 0.391396
2251.346924 0.000000 2363.823486 0.000000 0.511346 0.000000 0.859375 0.504831 0.504831 0.504831
2257.306885 0.000000 2326.805176 0.000000 0.091007 0.000000 0.995850 0.470260 0.470260 0.470260
2269.193848 0.000000 2342.070557 0.000000 0.086070 0.000000 0.996289 0.435065 0.435065 0.435065
2277.593018 0.000000 2358.070068 0.000000 0.117014 0.000000 0.993130 0.433858 0.433858 0.433858
2281.461914 0.000000 2371.458984 0.000000 0.162305 0.000000 0.986741 0.457663 0.457663 0.457663
2265.175293 0.000000 2358.229004 0.000000 0.578107 0.000000 0.815961 0.444601 0.444601 0.444601
2252.884766 0.000000 2362.841797 0.000000 0.222245 0.000000 0.974991 0.555348 0.555348 0.555348
2298.732422 0.000000 2369.532227 0.000000 0.508822 0.000000 0.860872 0.472200 0.472200 0.472200
2299.649902 0.000000 2370.813232 0.000000 0.264857 0.000000 0.964288 0.470385 0.470385 0.470385
2250.104736 0.000000 2362.950195 0.000000 0.097357 0.000000 0.995250 0.494806 0.494806 0.494806
2282.734131 0.000000 2363.873535 0.000000 0.431163 0.000000 0.902274 0.531345 0.531345 0.531345
2285.602051 0.000000 2412.268799 0.000000 0.097609 0.000000 0.995225 0.435274 0.435274 0.435274
2290.714844 0.000000 2422.816650 0.000000 0.469809 0.000000 0.882768 0.391260 0.391260 0.391260
2263.052002 0.000000 2375.391602 0.000000 0.301694 0.000000 0.953405 0.471171 0.471171 0.471171
2270.429688 0.000000 2397.518799 0.000000 0.338799 0.000000 0.940859 0.471973 0.471973 0.471973
2334.899414 0.000000 2425.205566 0.000000 0.049810 0.000000 0.998759 0.465917 0.465917 0.465917
2308.025635 0.000000 2376.569092 0.000000 0.539352 0.000000 0.842080 0.554273 0.554273 0.554273
2334.667969 0.000000 2465.209473 0.000000 0.484764 0.000000 0.874645 0.460772 0.460772 0.460772
2353.258545 0.000000 2466.285156 0.000000 0.442993 0.000000 0.896525 0.474293 0.474293 0.474293
2364.195068 0.000000 2464.417236 0.000000 0.369317 0.000000 0.929303 0.472641 0.472641 0.472641
2312.096436 0.000000 2431.013184 0.000000 0.548630 0.000000 0.836065 0.476787 0.476787 0.476787
2351.125977 0.000000 2467.745361 0.000000 0.527308 0.000000 0.849674 0.438028 0.438028 0.438028
2312.084717 0.000000 2444.463135 0.000000 0.555509 0.000000 0.831511 0.476956 0.476956 0.476956
2329.175293 0.000000 2471.197754 0.000000 0.048748 0.000000 0.998811 0.577643 0.577643 0.577643
2326.173340 0.000000 2468.169678 0.000000 0.202912 0.000000 0.979197 0.462012 0.462012 0.462012
2326.760498 0.000000 2438.032471 0.000000 0.413010 0.000000 0.910727 0.459218 0.459218 0.459218
2357.526611 0.000000 2462.763672 0.000000 0.581445 0.000000 0.813586 0.512194 0.512194 0.512194
2355.137939 0.000000 2460.840332 0.000000 0.164957 0.000000 0.986301 0.541607 0.541607 0.541607
2388.724609 0.000000 2458.528564 0.000000 0.467709 0.000000 0.883882 0.389395 0.389395 0.389395
2400.506104 0.000000 2473.485840 0.000000 0.150931 0.000000 0.988544 0.558480 0.558480 0.558480
2399.716309 0.000000 2469.278809 0.000000 0.547157 0.000000 0.837030 0.416455 0.416455 0.416455
2396.530762 0.000000 2470.503174 0.000000 0.354598 0.000000 0.935019 0.438235 0.438235 0.438235
2374.483887 0.000000 2447.760498 0.000000 0.298736 0.000000 0.954336 0.442552 0.442552 0.442552
2375.854248 0.000000 2439.576172 0.000000 0.309565 0.000000 0.950878 0.471341 0.471341 0.471341
2377.625488 0.000000 2439.052979 0.000000 0.535742 0.000000 0.844382 0.467381 0.467381 0.467381
2395.705566 0.000000 2468.866943 0.000000 0.305652 0.000000 0.952143 0.471256 0.471256 0.471256
2401.783936 0.000000 2472.392334 0.000000 0.401312 0.000000 0.915942 0.565947 0.565947 0.565947
2399.085693 0.000000 2492.941406 0.000000 0.551887 0.000000 0.833919 0.386262 0.386262 0.386262
2396.442627 0.000000 2485.329834 0.000000 0.068338 0.000000 0.997662 0.411810 0.411810 0.411810
2398.455078 0.000000 2491.391113 0.000000 0.511516 0.000000 0.859274 0.486760 0.486760 0.486760
2398.456787 0.000000 2488.363281 0.000000 0.587431 0.000000 0.809274 0.501453 0.501453 0.501453
3507.333496 0.000000 2416.751465 0.000000 0.563233 0.000000 0.826298 0.540621 0.540621 0.540621
2175.022949 0.000000 2821.899902 0.000000 0.172685 0.000000 0.984977 0.406388 0.406388 0.406388
2174.188965 0.000000 2782.809082 0.000000 0.506947 0.000000 0.861977 0.452178 0.452178 0.452178
2171.459473 0.000000 2777.094482 0.000000 0.416783 0.000000 0.909006 0.450279 0.450279 0.450279
2213.443359 0.000000 2731.052002 0.000000 0.392599 0.000000 0.919710 0.384612 0.384612 0.384612
2238.612305 0.000000 2762.890381 0.000000 0.081261 0.000000 0.996693 0.380143 0.380143 0.380143
2199.871582 0.000000 2750.730957 0.000000 0.002306 0.000000 0.999997 0.378385 0.378385 0.378385
2190.569336 0.000000 2745.018799 0.000000 0.114687 0.000000 0.993402 0.398346 0.398346 0.398346
2196.386963 0.000000 2738.047119 0.000000 0.518445 0.000000 0.855111 0.660204 0.660204 0.660204
2185.639893 0.000000 2744.477051 0.000000 0.242972 0.000000 0.970033 0.464604 0.464604 0.464604
2194.112793 0.000000 2737.441650 0.000000 0.327545 0.000000 0.944836 0.500197 0.500197 0.500197
2219.705322 0.000000 2738.637695 0.000000 0.127488 0.000000 0.991840 0.456973 0.456973 0.456973
2198.346924 0.000000 2733.893555 0.000000 0.271761 0.000000 0.962365 0.443824 0.443824 0.443824
2209.555908 0.000000 2737.924316 0.000000 0.203097 0.000000 0.979159 0.428297 0.428297 0.428297
2210.022705 0.000000 2733.285645 0.000000 0.317289 0.000000 0.948329 0.537044 0.537044 0.537044
2180.483643 0.000000 2745.679932 0.000000 0.331204 0.000000 0.943559 0.555021 0.555021 0.555021
2203.994141 0.000000 2736.283203 0.000000 0.256051 0.000000 0.966663 0.606572 0.606572 0.606572
2196.010742 0.000000 2755.459229 0.000000 0.357267 0.000000 0.934002 0.652811 0.652811 0.652811
2201.702148 0.000000 2736.692139 0.000000 0.248690 0.000000 0.968583 0.647887 0.647887 0.647887
2234.732422 0.000000 2764.922852 0.000000 0.184229 0.000000 0.982883 0.644916 0.644916 0.644916
2194.458496 0.000000 2746.345947 0.000000 0.551485 0.000000 0.834185 0.603065 0.603065 0.603065
2198.076904 0.000000 2753.035889 0.000000 0.578446 0.000000 0.815720 0.541099 0.541099 0.541099
2198.790283 0.000000 2737.778809 0.000000 0.383374 0.000000 0.923593 0.501561 0.501561 0.501561
2192.015625 0.000000 2745.034424 0.000000 0.558725 0.000000 0.829353 0.545892 0.545892 0.545892
2184.168701 0.000000 2747.025635 0.000000 0.286344 0.000000 0.958127 0.509805 0.509805 0.509805
2249.639893 0.000000 2744.477051 0.000000 0.274936 0.000000 0.961462 0.645059 0.645059 0.645059
2254.936279 0.000000 2757.822021 0.000000 0.516452 0.000000 0.856316 0.445098 0.445098 0.445098
2245.887695 0.000000 2742.078613 0.000000 0.085087 0.000000 0.996373 0.406767 0.406767 0.406767
2240.004639 0.000000 2764.563965 0.000000 0.433935 0.000000 0.900944 0.488473 0.488473 0.488473
2242.240967 0.000000 2753.567383 0.000000 0.035008 0.000000 0.999387 0.456897 0.456897 0.456897
2245.147461 0.000000 2765.239258 0.000000 0.031119 0.000000 0.999516 0.503651 0.503651 0.503651
2256.417480 0.000000 2757.121094 0.000000 0.467780 0.000000 0.883845 0.657186 0.657186 0.657186
2247.945068 0.000000 2739.188232 0.000000 0.545843 0.000000 0.837887 0.565261 0.565261 0.565261
2223.961914 0.000000 2822.994385 0.000000 0.043337 0.000000 0.999061 0.443066 0.443066 0.443066
2183.626709 0.000000 2814.084717 0.000000 0.294449 0.000000 0.955667 0.399352 0.399352 0.399352
2180.014893 0.000000 2773.821533 0.000000 0.299067 0.000000 0.954232 0.413843 0.413843 0.413843
2187.346924 0.000000 2815.698486 0.000000 0.534466 0.000000 0.845190 0.584573 0.584573 0.584573
2191.784668 0.000000 2809.557129 0.000000 0.510311 0.000000 0.859990 0.406604 0.406604 0.406604
2187.567871 0.000000 2807.887695 0.000000 0.262124 0.000000 0.965034 0.440071 0.440071 0.440071
2230.075195 0.000000 2789.279297 0.000000 0.472124 0.000000 0.881532 0.444174 0.444174 0.444174
2191.977051 0.000000 2816.801514 0.000000 0.172618 0.000000 0.984989 0.409956 0.409956 0.409956
2221.664307 0.000000 2774.729980 0.000000 0.309611 0.000000 0.950863 0.648857 0.648857 0.648857
2191.150635 0.000000 2821.345459 0.000000 0.580586 0.000000 0.814199 0.431811 0.431811 0.431811
2220.434570 0.000000 2779.513184 0.000000 0.522497 0.000000 0.852641 0.591287 0.591287 0.591287
2225.878906 0.000000 2780.078369 0.000000 0.135264 0.000000 0.990810 0.644574 0.644574 0.644574
2233.029541 0.000000 2774.171143 0.000000 0.453480 0.000000 0.891267 0.567596 0.567596 0.567596
2228.288330 0.000000 2788.564453 0.000000 0.400002 0.000000 0.916514 0.528701 0.528701 0.528701
2185.975098 0.000000 2805.246338 0.000000 0.408621 0.000000 0.912704 0.486077 0.486077 0.486077
2189.842285 0.000000 2819.212158 0.000000 0.038500 0.000000 0.999259 0.442976 0.442976 0.442976
2235.649170 0.000000 2789.247070 0.000000 0.047512 0.000000 0.998871 0.594515 0.594515 0.594515
2224.528809 0.000000 2788.615479 0.000000 0.391443 0.000000 0.920202 0.517800 0.517800 0.517800
2198.839355 0.000000 2818.299316 0.000000 0.484325 0.000000 0.874888 0.572155 0.572155 0.572155
2184.076660 0.000000 2817.173828 0.000000 0.515335 0.000000 0.856989 0.479608 0.479608 0.479608
2233.855957 0.000000 2776.556396 0.000000 0.505455 0.000000 0.862853 0.655252 0.655252 0.655252
2220.527832 0.000000 2775.718018 0.000000 0.318455 0.000000 0.947938 0.649236 0.649236 0.649236
2180.396240 0.000000 2794.320068 0.000000 0.420722 0.000000 0.907190 0.482773 0.482773 0.482773
2192.139404 0.000000 2806.690430 0.000000 0.351217 0.000000 0.936294 0.493654 0.493654 0.493654
2198.808838 0.000000 2810.753418 0.000000 0.571852 0.000000 0.820357 0.497390 0.497390 0.497390
2273.456543 0.000000 2781.659180 0.000000 0.574534 0.000000 0.818481 0.386979 0.386979 0.386979
2260.470947 0.000000 2789.560059 0.000000 0.410842 0.000000 0.911706 0.393957 0.393957 0.393957
2248.162109 0.000000 2787.455078 0.000000 0.242533 0.000000 0.970143 0.402129 0.402129 0.402129
2264.196777 0.000000 2774.002441 0.000000 0.012357 0.000000 0.999924 0.400313 0.400313 0.400313
2263.342529 0.000000 2783.245117 0.000000 0.450692 0.000000 0.892679 0.656041 0.656041 0.656041
2251.631592 0.000000 2784.250732 0.000000 0.155015 0.000000 0.987912 0.466324 0.466324 0.466324
2254.121338 0.000000 2769.752930 0.000000 0.394492 0.000000 0.918899 0.607923 0.607923 0.607923
2261.555908 0.000000 2783.500244 0.000000 0.443028 0.000000 0.896508 0.569035 0.569035 0.569035
2244.025635 0.000000 2771.959717 0.000000 0.496177 0.000000 0.868221 0.595681 0.595681 0.595681
2264.543945 0.000000 2782.235840 0.000000 0.197718 0.000000 0.980259 0.518125 0.518125 0.518125
2258.552002 0.000000 2779.626953 0.000000 0.008115 0.000000 0.999967 0.571324 0.571324 0.571324
2261.351318 0.000000 2774.163574 0.000000 0.527996 0.000000 0.849247 0.659220 0.659220 0.659220
2254.473389 0.000000 2771.258301 0.000000 0.222425 0.000000 0.974950 0.634520 0.634520 0.634520
2166.469482 0.000000 2834.372803 0.000000 0.154648 0.000000 0.987970 0.380705 0.380705 0.380705
2148.534668 0.000000 2841.396729 0.000000 0.587398 0.000000 0.809298 0.450308 0.450308 0.450308
2169.532715 0.000000 2839.193359 0.000000 0.389052 0.000000 0.921216 0.598973 0.598973 0.598973
2162.636963 0.000000 2834.673096 0.000000 0.474057 0.000000 0.880494 0.475009 0.475009 0.475009
2169.029541 0.000000 2830.655518 0.000000 0.407750 0.000000 0.913094 0.543128 0.543128 0.543128
2171.459473 0.000000 2833.578857 0.000000 0.393327 0.000000 0.919399 0.588589 0.588589 0.588589
2166.224854 0.000000 2839.397461 0.000000 0.475984 0.000000 0.879454 0.562980 0.562980 0.562980
2163.249023 0.000000 2828.628906 0.000000 0.477972 0.000000 0.878375 0.586163 0.586163 0.586163
2150.613281 0.000000 2845.089600 0.000000 0.292025 0.000000 0.956411 0.494035 0.494035 0.494035
2215.709717 0.000000 2824.220947 0.000000 0.117360 0.000000 0.993089 0.462042 0.462042 0.462042
2653.193848 0.000000 2906.914307 0.000000 0.366534 0.000000 0.930405 0.536643 0.536643 0.536643
2678.374756 0.000000 2912.252930 0.000000 0.539697 0.000000 0.841860 0.627541 0.627541 0.627541
2632.383301 0.000000 2902.566895 0.000000 0.346413 0.000000 0.938082 0.504208 0.504208 0.504208
2678.766602 0.000000 2925.303711 0.000000 0.049772 0.000000 0.998761 0.465916 0.465916 0.465916
2654.198975 0.000000 2931.951172 0.000000 0.071522 0.000000 0.997439 0.485531 0.485531 0.485531
2656.008545 0.000000 2931.187500 0.000000 0.207386 0.000000 0.978259 0.506118 0.506118 0.506118
2633.808594 0.000000 2903.061279 0.000000 0.504122 0.000000 0.863633 0.508246 0.508246 0.508246
2667.042236 0.000000 2946.058350 0.000000 0.271536 0.000000 0.962428 0.431307 0.431307 0.431307
6009.361328 0.000000 3458.336182 0.000000 0.346928 0.000000 0.937892 0.647489 0.647489 0.647489
6009.095215 0.000000 3469.326416 0.000000 0.075627 0.000000 0.997136 0.566556 0.566556 0.566556
6013.998047 0.000000 3478.172852 0.000000 0.232984 0.000000 0.972481 0.522518 0.522518 0.522518
6012.957031 0.000000 3470.312744 0.000000 0.426727 0.000000 0.904381 0.616106 0.616106 0.616106
6064.587402 0.000000 3439.988525 0.000000 0.448523 0.000000 0.893771 0.488825 0.488825 0.488825
6077.369629 0.000000 3436.358154 0.000000 0.152774 0.000000 0.988261 0.641665 0.641665 0.641665
6077.805664 0.000000 3424.708984 0.000000 0.176877 0.000000 0.984233 0.560957 0.560957 0.560957
6106.280762 0.000000 3432.908936 0.000000 0.369048 0.000000 0.929410 0.422275 0.422275 0.422275
6081.278809 0.000000 3434.937744 0.000000 0.082704 0.000000 0.996574 0.433243 0.433243 0.433243
6110.899414 0.000000 3441.924316 0.000000 0.224845 0.000000 0.974395 0.513555 0.513555 0.513555
6110.198730 0.000000 3440.310547 0.000000 0.391518 0.000000 0.920171 0.517802 0.517802 0.517802
6117.666016 0.000000 3436.898438 0.000000 0.046687 0.000000 0.998910 0.639406 0.639406 0.639406
6109.439453 0.000000 3435.949219 0.000000 0.459767 0.000000 0.888039 0.597927 0.597927 0.597927
6040.466797 0.000000 3472.071045 0.000000 0.489769 0.000000 0.871852 0.457255 0.457255 0.457255
6037.939941 0.000000 3470.880371 0.000000 0.358266 0.000000 0.933620 0.585673 0.585673 0.585673
6040.739258 0.000000 3474.115967 0.000000 0.098612 0.000000 0.995126 0.585992 0.585992 0.585992
6027.577637 0.000000 3489.568115 0.000000 0.419543 0.000000 0.907735 0.650685 0.650685 0.650685
6098.867188 0.000000 3488.510742 0.000000 0.068941 0.000000 0.997621 0.379379 0.379379 0.379379
6090.422852 0.000000 3469.294434 0.000000 0.202418 0.000000 0.979299 0.392532 0.392532 0.392532
6127.681152 0.000000 3448.448730 0.000000 0.571669 0.000000 0.820484 0.657119 0.657119 0.657119
6101.389160 0.000000 3488.772705 0.000000 0.104092 0.000000 0.994568 0.634647 0.634647 0.634647
6096.405273 0.000000 3483.102051 0.000000 0.418690 0.000000 0.908129 0.482725 0.482725 0.482725
6090.112305 0.000000 3463.700684 0.000000 0.447926 0.000000 0.894071 0.652534 0.652534 0.652534
6086.215332 0.000000 3461.700195 0.000000 0.393853 0.000000 0.919173 0.528533 0.528533 0.528533
6127.569336 0.000000 3445.650146 0.000000 0.459967 0.000000 0.887936 0.551790 0.551790 0.551790
6091.861328 0.000000 3460.216309 0.000000 0.564524 0.000000 0.825417 0.656732 0.656732 0.656732
6129.127930 0.000000 3447.374756 0.000000 0.343272 0.000000 0.939236 0.645615 0.645615 0.645615
6138.962891 0.000000 3463.685547 0.000000 0.501796 0.000000 0.864986 0.653426 0.653426 0.653426
6100.010742 0.000000 3489.756104 0.000000 0.512066 0.000000 0.858946 0.653957 0.653957 0.653957
6097.260742 0.000000 3488.111084 0.000000 0.503545 0.000000 0.863969 0.482944 0.482944 0.482944
6131.249023 0.000000 3449.957031 0.000000 0.398656 0.000000 0.917101 0.567630 0.567630 0.567630
6102.808594 0.000000 3488.565918 0.000000 0.244441 0.000000 0.969664 0.642971 0.642971 0.642971
6014.298340 0.000000 3551.501953 0.000000 0.550607 0.000000 0.834765 0.412849 0.412849 0.412849
6006.224609 0.000000 3517.209961 0.000000 0.537227 0.000000 0.843438 0.577515 0.577515 0.577515
5940.288574 0.000000 3579.345703 0.000000 0.142084 0.000000 0.989855 0.636353 0.636353 0.636353
5949.495117 0.000000 3577.675781 0.000000 0.254182 0.000000 0.967156 0.489624 0.489624 0.489624
5942.872070 0.000000 3578.900879 0.000000 0.232292 0.000000 0.972646 0.532990 0.532990 0.532990
5979.828125 0.000000 3562.554688 0.000000 0.138832 0.000000 0.990316 0.504477 0.504477 0.504477
6003.339844 0.000000 3593.804932 0.000000 0.187205 0.000000 0.982321 0.413763 0.413763 0.413763
5998.922852 0.000000 3593.836914 0.000000 0.263154 0.000000 0.964754 0.620592 0.620592 0.620592
6001.047363 0.000000 3567.340088 0.000000 0.023748 0.000000 0.999718 0.440951 0.440951 0.440951
5978.266113 0.000000 3563.273682 0.000000 0.512569 0.000000 0.858646 0.513884 0.513884 0.513884
6023.626953 0.000000 3548.381592 0.000000 0.137734 0.000000 0.990469 0.621248 0.621248 0.621248
6017.278809 0.000000 3547.906494 0.000000 0.476972 0.000000 0.878918 0.518304 0.518304 0.518304
6030.936035 0.000000 3548.603271 0.000000 0.487375 0.000000 0.873192 0.440852 0.440852 0.440852
6017.798828 0.000000 3551.970215 0.000000 0.326160 0.000000 0.945315 0.644806 0.644806 0.644806
6030.324707 0.000000 3525.919189 0.000000 0.557216 0.000000 0.830368 0.661389 0.661389 0.661389
6033.646484 0.000000 3521.355957 0.000000 0.366446 0.000000 0.930439 0.436661 0.436661 0.436661
6027.577637 0.000000 3546.052490 0.000000 0.383896 0.000000 0.923376 0.647559 0.647559 0.647559
6025.185059 0.000000 3545.566406 0.000000 0.461407 0.000000 0.887188 0.498135 0.498135 0.498135
6063.125977 0.000000 3540.948486 0.000000 0.336237 0.000000 0.941777 0.480837 0.480837 0.480837
6028.302734 0.000000 3522.429688 0.000000 0.326448 0.000000 0.945215 0.648931 0.648931 0.648931
6028.623047 0.000000 3525.662842 0.000000 0.549848 0.000000 0.835265 0.662077 0.662077 0.662077
6061.321289 0.000000 3540.514160 0.000000 0.464191 0.000000 0.885735 0.546570 0.546570 0.546570
6130.714844 0.000000 3552.504150 0.000000 0.153526 0.000000 0.988145 0.615016 0.615016 0.615016
6097.307129 0.000000 3512.977051 0.000000 0.391823 0.000000 0.920041 0.435341 0.435341 0.435341
6115.886719 0.000000 3532.655762 0.000000 0.216540 0.000000 0.976274 0.601792 0.601792 0.601792
6093.681152 0.000000 3515.803955 0.000000 0.242325 0.000000 0.970195 0.450383 0.450383 0.450383
6089.625488 0.000000 3512.256104 0.000000 0.255236 0.000000 0.966879 0.592738 0.592738 0.592738
6091.080078 0.000000 3551.838867 0.000000 0.440591 0.000000 0.897708 0.583121 0.583121 0.583121
6040.755859 0.000000 3577.864746 0.000000 0.468552 0.000000 0.883436 0.562743 0.562743 0.562743
6045.193848 0.000000 3584.726807 0.000000 0.450004 0.000000 0.893026 0.655528 0.655528 0.655528
6040.281738 0.000000 3580.530762 0.000000 0.435839 0.000000 0.900025 0.425307 0.425307 0.425307
6022.066895 0.000000 3591.651123 0.000000 0.461923 0.000000 0.886920 0.576747 0.576747 0.576747
6043.994141 0.000000 3583.548828 0.000000 0.517142 0.000000 0.855900 0.486900 0.486900 0.486900
6119.590820 0.000000 3562.130859 0.000000 0.546379 0.000000 0.837538 0.572456 0.572456 0.572456
6096.434082 0.000000 3588.576904 0.000000 0.512895 0.000000 0.858451 0.658510 0.658510 0.658510
6120.628906 0.000000 3564.656006 0.000000 0.417252 0.000000 0.908791 0.654362 0.654362 0.654362
6118.302734 0.000000 3571.582275 0.000000 0.488415 0.000000 0.872612 0.518619 0.518619 0.518619
6091.004883 0.000000 3584.335693 0.000000 0.188077 0.000000 0.982154 0.444015 0.444015 0.444015
6122.243164 0.000000 3564.400635 0.000000 0.450460 0.000000 0.892796 0.476267 0.476267 0.476267
6124.527832 0.000000 3566.499268 0.000000 0.192861 0.000000 0.981226 0.489991 0.489991 0.489991
6089.120117 0.000000 3582.790527 0.000000 0.553369 0.000000 0.832936 0.542118 0.542118 0.542118
6170.002441 0.000000 3459.582275 0.000000 0.472140 0.000000 0.881523 0.651913 0.651913 0.651913
6151.852051 0.000000 3482.724365 0.000000 0.552660 0.000000 0.833407 0.478705 0.478705 0.478705
6177.762695 0.000000 3456.915527 0.000000 0.143079 0.000000 0.989711 0.460802 0.460802 0.460802
6179.886719 0.000000 3476.171387 0.000000 0.449875 0.000000 0.893091 0.653496 0.653496 0.653496
6162.112793 0.000000 3471.738525 0.000000 0.061513 0.000000 0.998106 0.530225 0.530225 0.530225
6168.281738 0.000000 3467.562012 0.000000 0.549334 0.000000 0.835603 0.635046 0.635046 0.635046
6174.946777 0.000000 3458.785889 0.000000 0.303578 0.000000 0.952807 0.566458 0.566458 0.566458
6164.672363 0.000000 3465.104248 0.000000 0.014349 0.000000 0.999897 0.640568 0.640568 0.640568
6165.939941 0.000000 3470.880371 0.000000 0.314065 0.000000 0.949401 0.591202 0.591202 0.591202
6155.631836 0.000000 3462.063232 0.000000 0.009141 0.000000 0.999958 0.630407 0.630407 0.630407
6194.463867 0.000000 3461.475342 0.000000 0.024250 0.000000 0.999706 0.637702 0.637702 0.637702
6150.066895 0.000000 3478.682373 0.000000 0.301235 0.000000 0.953550 0.492479 0.492479 0.492479
6173.993164 0.000000 3460.344727 0.000000 0.199977 0.000000 0.979801 0.639092 0.639092 0.639092
6152.607910 0.000000 3459.382324 0.000000 0.552717 0.000000 0.833369 0.540295 0.540295 0.540295
6150.483887 0.000000 3464.479248 0.000000 0.572378 0.000000 0.819990 0.662701 0.662701 0.662701
6173.381836 0.000000 3476.142090 0.000000 0.515094 0.000000 0.857134 0.450534 0.450534 0.450534
6155.861328 0.000000 3460.216309 0.000000 0.290307 0.000000 0.956934 0.643126 0.643126 0.643126
6168.050781 0.000000 3463.259766 0.000000 0.499076 0.000000 0.866558 0.522510 0.522510 0.522510
6174.632324 0.000000 3472.856934 0.000000 0.193855 0.000000 0.981030 0.505793 0.505793 0.505793
6157.156250 0.000000 3454.483398 0.000000 0.062987 0.000000 0.998014 0.523385 0.523385 0.523385
6174.637207 0.000000 3463.715820 0.000000 0.544367 0.000000 0.838847 0.625953 0.625953 0.625953
6147.098633 0.000000 3463.670898 0.000000 0.274361 0.000000 0.961627 0.509509 0.509509 0.509509
6170.808105 0.000000 3462.552734 0.000000 0.275169 0.000000 0.961396 0.642423 0.642423 0.642423
6171.479980 0.000000 3459.905762 0.000000 0.217417 0.000000 0.976079 0.639767 0.639767 0.639767
6151.860840 0.000000 3478.886963 0.000000 0.382786 0.000000 0.923837 0.494408 0.494408 0.494408
6161.019043 0.000000 3474.164551 0.000000 0.438848 0.000000 0.898561 0.621826 0.621826 0.621826
6177.496582 0.000000 3526.261963 0.000000 0.259432 0.000000 0.965761 0.558165 0.558165 0.558165
6194.714844 0.000000 3552.504150 0.000000 0.036348 0.000000 0.999339 0.388281 0.388281 0.388281
6164.672363 0.000000 3521.588623 0.000000 0.284190 0.000000 0.958768 0.525600 0.525600 0.525600
6153.975098 0.000000 3539.543213 0.000000 0.367168 0.000000 0.930155 0.653749 0.653749 0.653749
6192.143066 0.000000 3554.447754 0.000000 0.558634 0.000000 0.829415 0.475211 0.475211 0.475211
6260.612793 0.000000 3517.743164 0.000000 0.232222 0.000000 0.972663 0.381516 0.381516 0.381516
6210.854492 0.000000 3549.578125 0.000000 0.561412 0.000000 0.827536 0.578362 0.578362 0.578362
6270.808594 0.000000 3530.058838 0.000000 0.021146 0.000000 0.999776 0.409278 0.409278 0.409278
6248.272949 0.000000 3552.246826 0.000000 0.038488 0.000000 0.999259 0.411324 0.411324 0.411324
6267.648926 0.000000 3523.543945 0.000000 0.283823 0.000000 0.958877 0.650111 0.650111 0.650111
6248.984863 0.000000 3556.254639 0.000000 0.444222 0.000000 0.895917 0.602670 0.602670 0.602670
6250.991699 0.000000 3557.410156 0.000000 0.323013 0.000000 0.946394 0.516026 0.516026 0.516026
6174.384766 0.000000 3600.110352 0.000000 0.153910 0.000000 0.988085 0.436295 0.436295 0.436295
6175.343262 0.000000 3601.652344 0.000000 0.320198 0.000000 0.947351 0.439377 0.439377 0.439377
6161.954102 0.000000 3596.539795 0.000000 0.116188 0.000000 0.993227 0.477786 0.477786 0.477786
6166.076660 0.000000 3600.301514 0.000000 0.471476 0.000000 0.881879 0.654049 0.654049 0.654049
6278.066895 0.000000 3535.166748 0.000000 0.290899 0.000000 0.956754 0.651067 0.651067 0.651067
6273.897461 0.000000 3524.822754 0.000000 0.266864 0.000000 0.963734 0.449081 0.449081 0.449081
6290.458496 0.000000 3537.127197 0.000000 0.102723 0.000000 0.994710 0.508824 0.508824 0.508824
6277.821289 0.000000 3519.637451 0.000000 0.558992 0.000000 0.829173 0.553108 0.553108 0.553108
6301.245605 0.000000 3537.865967 0.000000 0.558117 0.000000 0.829762 0.653179 0.653179 0.653179
6366.635254 0.000000 3546.594482 0.000000 0.264756 0.000000 0.964315 0.481019 0.481019 0.481019
6369.783691 0.000000 3545.595459 0.000000 0.580283 0.000000 0.814415 0.659085 0.659085 0.659085
6377.330078 0.000000 3599.677246 0.000000 0.566611 0.000000 0.823986 0.591106 0.591106 0.591106
6608.405273 0.000000 3483.102051 0.000000 0.097722 0.000000 0.995214 0.458139 0.458139 0.458139
6607.784668 0.000000 3487.369629 0.000000 0.150571 0.000000 0.988599 0.518682 0.518682 0.518682
6606.486328 0.000000 3484.228760 0.000000 0.345627 0.000000 0.938372 0.646578 0.646578 0.646578
6603.567871 0.000000 3485.700195 0.000000 0.124539 0.000000 0.992215 0.585107 0.585107 0.585107
6602.652832 0.000000 3484.612793 0.000000 0.026637 0.000000 0.999645 0.582031 0.582031 0.582031
6450.491699 0.000000 3582.156006 0.000000 0.012692 0.000000 0.999919 0.549415 0.549415 0.549415
6404.483398 0.000000 3592.945557 0.000000 0.303039 0.000000 0.952978 0.561198 0.561198 0.561198
6404.650391 0.000000 3596.291748 0.000000 0.434193 0.000000 0.900820 0.493866 0.493866 0.493866
6405.865234 0.000000 3593.341553 0.000000 0.313499 0.000000 0.949588 0.561510 0.561510 0.561510
6448.418945 0.000000 3584.792236 0.000000 0.248073 0.000000 0.968741 0.635477 0.635477 0.635477
6464.036621 0.000000 3605.110840 0.000000 0.546657 0.000000 0.837357 0.550911 0.550911 0.550911
6643.232422 0.000000 3521.385254 0.000000 0.383851 0.000000 0.923395 0.476547 0.476547 0.476547
6640.528809 0.000000 3522.912354 0.000000 0.394857 0.000000 0.918743 0.501845 0.501845 0.501845
6540.302734 0.000000 3578.914062 0.000000 0.196270 0.000000 0.980550 0.451261 0.451261 0.451261
6537.291016 0.000000 3575.308838 0.000000 0.375223 0.000000 0.926934 0.655018 0.655018 0.655018
6539.125000 0.000000 3577.772217 0.000000 0.414291 0.000000 0.910145 0.513051 0.513051 0.513051
6635.719727 0.000000 3576.102295 0.000000 0.099096 0.000000 0.995078 0.473925 0.473925 0.473925
6665.349609 0.000000 3611.070801 0.000000 0.335056 0.000000 0.942198 0.392759 0.392759 0.392759
6667.346680 0.000000 3606.479736 0.000000 0.206824 0.000000 0.978378 0.639641 0.639641 0.639641
6670.486328 0.000000 3597.197510 0.000000 0.581871 0.000000 0.813281 0.591673 0.591673 0.591673
6671.977051 0.000000 3607.582764 0.000000 0.300344 0.000000 0.953831 0.485363 0.485363 0.485363
6664.816895 0.000000 3606.523926 0.000000 0.246593 0.000000 0.969119 0.443345 0.443345 0.443345
6660.483398 0.000000 3592.945557 0.000000 0.558846 0.000000 0.829271 0.576477 0.576477 0.576477
6668.826172 0.000000 3597.701660 0.000000 0.183107 0.000000 0.983093 0.636460 0.636460 0.636460
6664.825684 0.000000 3593.024658 0.000000 0.528339 0.000000 0.849033 0.552126 0.552126 0.552126
6661.865234 0.000000 3593.341553 0.000000 0.093016 0.000000 0.995665 0.561946 0.561946 0.561946
6666.652832 0.000000 3597.581543 0.000000 0.583919 0.000000 0.811812 0.627583 0.627583 0.627583
6667.080078 0.000000 3608.323242 0.000000 0.278107 0.000000 0.960550 0.642897 0.642897 0.642897
6664.168945 0.000000 3594.291260 0.000000 0.282551 0.000000 0.959252 0.581487 0.581487 0.581487
7735.474609 0.000000 2942.258057 0.000000 0.448297 0.000000 0.893885 0.465393 0.465393 0.465393
"}
object={
	name="pine_sparse_generator_2_1"
	clamp_to_water_level=no
	render_under_water=no
	generated_content=yes
	layer="semidynamic_medium"
	pdxmesh="tree_fir_002_mesh"
	count=564
	transform="1270.213257 0.000000 2528.317871 0.000000 0.873159 0.000000 0.487436 0.501730 0.501730 0.501730
1272.805054 0.000000 2524.826660 0.000000 0.876460 0.000000 0.481475 0.520736 0.520736 0.520736
1276.370483 0.000000 2587.693604 0.000000 0.793310 0.000000 0.608818 0.674719 0.674719 0.674719
1278.188843 0.000000 2556.871582 0.000000 0.602786 0.000000 0.797903 0.619418 0.619418 0.619418
1266.464111 0.000000 2557.725342 0.000000 0.818443 0.000000 0.574588 0.454514 0.454514 0.454514
1274.464966 0.000000 2578.084229 0.000000 0.674767 0.000000 0.738030 0.620708 0.620708 0.620708
1271.988525 0.000000 2557.420166 0.000000 0.888685 0.000000 0.458519 0.681021 0.681021 0.681021
1279.537720 0.000000 2572.063232 0.000000 0.905315 0.000000 0.424742 0.584602 0.584602 0.584602
1277.121704 0.000000 2558.021973 0.000000 0.690869 0.000000 0.722980 0.605083 0.605083 0.605083
1269.702759 0.000000 2559.633789 0.000000 0.613614 0.000000 0.789606 0.628844 0.628844 0.628844
1279.022949 0.000000 2652.446777 0.000000 0.785849 0.000000 0.618419 0.483407 0.483407 0.483407
1278.998657 0.000000 2622.262939 0.000000 0.887421 0.000000 0.460960 0.445561 0.445561 0.445561
1276.870728 0.000000 2605.673828 0.000000 0.672991 0.000000 0.739651 0.665809 0.665809 0.665809
1276.446655 0.000000 2602.539062 0.000000 0.910491 0.000000 0.413529 0.494028 0.494028 0.494028
1275.325317 0.000000 2666.880859 0.000000 0.657035 0.000000 0.753860 0.479575 0.479575 0.479575
1263.125977 0.000000 2693.682861 0.000000 0.656980 0.000000 0.753908 0.444560 0.444560 0.444560
1279.180664 0.000000 2660.866943 0.000000 0.620200 0.000000 0.784444 0.660837 0.660837 0.660837
1271.627441 0.000000 2685.393066 0.000000 0.931286 0.000000 0.364290 0.523730 0.523730 0.523730
1278.777100 0.000000 2675.193848 0.000000 0.877632 0.000000 0.479334 0.550921 0.550921 0.550921
1268.391724 0.000000 2691.220703 0.000000 0.753405 0.000000 0.657556 0.495366 0.495366 0.495366
1275.166870 0.000000 2678.458252 0.000000 0.724996 0.000000 0.688753 0.529536 0.529536 0.529536
1270.250977 0.000000 2682.528809 0.000000 0.659178 0.000000 0.751987 0.505341 0.505341 0.505341
1285.147461 0.000000 2539.301758 0.000000 0.947376 0.000000 0.320124 0.524817 0.524817 0.524817
1282.854492 0.000000 2589.343750 0.000000 0.904891 0.000000 0.425644 0.432924 0.432924 0.432924
1281.707153 0.000000 2590.300781 0.000000 0.592874 0.000000 0.805295 0.656526 0.656526 0.656526
1530.107300 0.000000 2540.512939 0.000000 0.647868 0.000000 0.761753 0.387893 0.387893 0.387893
1534.298462 0.000000 2534.783203 0.000000 0.797167 0.000000 0.603759 0.671510 0.671510 0.671510
1504.929810 0.000000 2541.790039 0.000000 0.913482 0.000000 0.406880 0.507478 0.507478 0.507478
1524.752563 0.000000 2531.709717 0.000000 0.786674 0.000000 0.617369 0.557804 0.557804 0.557804
1499.848511 0.000000 2538.971680 0.000000 0.650227 0.000000 0.759740 0.666417 0.666417 0.666417
1523.333496 0.000000 2529.720215 0.000000 0.628531 0.000000 0.777785 0.467804 0.467804 0.467804
1517.060913 0.000000 2534.255371 0.000000 0.735472 0.000000 0.677555 0.629008 0.629008 0.629008
1529.594482 0.000000 2531.130371 0.000000 0.853685 0.000000 0.520790 0.585242 0.585242 0.585242
1456.094482 0.000000 2558.906250 0.000000 0.856848 0.000000 0.515569 0.485968 0.485968 0.485968
1460.512451 0.000000 2551.651367 0.000000 0.838261 0.000000 0.545268 0.485250 0.485250 0.485250
1532.546265 0.000000 2569.736572 0.000000 0.942369 0.000000 0.334575 0.490074 0.490074 0.490074
1519.221924 0.000000 2575.095459 0.000000 0.914198 0.000000 0.405268 0.615436 0.615436 0.615436
1535.211670 0.000000 2552.628662 0.000000 0.905592 0.000000 0.424150 0.432951 0.432951 0.432951
1503.429199 0.000000 2565.725098 0.000000 0.774201 0.000000 0.632940 0.430733 0.430733 0.430733
1521.818970 0.000000 2568.544678 0.000000 0.871510 0.000000 0.490377 0.486565 0.486565 0.486565
1524.116699 0.000000 2544.127686 0.000000 0.928670 0.000000 0.370908 0.684826 0.684826 0.684826
1532.870728 0.000000 2549.189453 0.000000 0.835292 0.000000 0.549807 0.505776 0.505776 0.505776
1526.278564 0.000000 2541.828857 0.000000 0.701500 0.000000 0.712669 0.477120 0.477120 0.477120
1524.201538 0.000000 2548.744873 0.000000 0.817786 0.000000 0.575522 0.467631 0.467631 0.467631
1531.459473 0.000000 2551.156982 0.000000 0.693187 0.000000 0.720757 0.664131 0.664131 0.664131
1508.762085 0.000000 2563.302002 0.000000 0.932436 0.000000 0.361334 0.633973 0.633973 0.633973
1512.327271 0.000000 2564.068848 0.000000 0.752419 0.000000 0.658685 0.569277 0.569277 0.569277
1503.070923 0.000000 2562.454102 0.000000 0.951004 0.000000 0.309180 0.555674 0.555674 0.555674
1530.833618 0.000000 2545.062500 0.000000 0.870267 0.000000 0.492580 0.516676 0.516676 0.516676
1511.006714 0.000000 2561.200684 0.000000 0.723895 0.000000 0.689910 0.481470 0.481470 0.481470
1511.139160 0.000000 2565.524658 0.000000 0.760749 0.000000 0.649046 0.668524 0.668524 0.668524
1525.482910 0.000000 2543.119141 0.000000 0.763599 0.000000 0.645691 0.670314 0.670314 0.670314
1314.996948 0.000000 2654.244629 0.000000 0.907157 0.000000 0.420792 0.394188 0.394188 0.394188
1290.112183 0.000000 2616.435059 0.000000 0.656500 0.000000 0.754326 0.450087 0.450087 0.450087
1299.281494 0.000000 2653.935791 0.000000 0.827987 0.000000 0.560747 0.518587 0.518587 0.518587
1292.076904 0.000000 2633.591797 0.000000 0.669968 0.000000 0.742390 0.589669 0.589669 0.589669
1298.112671 0.000000 2624.472900 0.000000 0.889459 0.000000 0.457015 0.415239 0.415239 0.415239
1284.206177 0.000000 2600.536133 0.000000 0.803621 0.000000 0.595142 0.675548 0.675548 0.675548
1320.507935 0.000000 2622.703613 0.000000 0.842645 0.000000 0.538469 0.459075 0.459075 0.459075
1291.945557 0.000000 2620.349854 0.000000 0.820635 0.000000 0.571453 0.518286 0.518286 0.518286
1303.342529 0.000000 2613.791992 0.000000 0.935596 0.000000 0.353073 0.506846 0.506846 0.506846
1296.326904 0.000000 2620.948242 0.000000 0.892652 0.000000 0.450747 0.557406 0.557406 0.557406
1301.939941 0.000000 2623.614746 0.000000 0.835384 0.000000 0.549667 0.595430 0.595430 0.595430
1295.150513 0.000000 2651.892334 0.000000 0.626585 0.000000 0.779353 0.478761 0.478761 0.478761
1291.631714 0.000000 2614.797607 0.000000 0.924768 0.000000 0.380531 0.523326 0.523326 0.523326
1294.008911 0.000000 2618.026367 0.000000 0.697515 0.000000 0.716570 0.436268 0.436268 0.436268
1297.040649 0.000000 2650.816650 0.000000 0.704673 0.000000 0.709533 0.571002 0.571002 0.571002
1308.806519 0.000000 2648.644287 0.000000 0.767027 0.000000 0.641614 0.503249 0.503249 0.503249
1307.430664 0.000000 2610.308838 0.000000 0.621251 0.000000 0.783611 0.645317 0.645317 0.645317
1308.971191 0.000000 2643.593994 0.000000 0.936848 0.000000 0.349737 0.461077 0.461077 0.461077
1309.993286 0.000000 2613.079102 0.000000 0.852910 0.000000 0.522058 0.672702 0.672702 0.672702
1282.331055 0.000000 2638.227051 0.000000 0.896075 0.000000 0.443904 0.655413 0.655413 0.655413
1306.396606 0.000000 2608.319092 0.000000 0.943499 0.000000 0.331375 0.539813 0.539813 0.539813
1290.837524 0.000000 2649.889404 0.000000 0.639559 0.000000 0.768742 0.532155 0.532155 0.532155
1307.705688 0.000000 2638.320068 0.000000 0.634501 0.000000 0.772922 0.508269 0.508269 0.508269
1302.760498 0.000000 2607.485596 0.000000 0.918407 0.000000 0.395637 0.684432 0.684432 0.684432
1304.544067 0.000000 2608.458740 0.000000 0.874611 0.000000 0.484825 0.679699 0.679699 0.679699
1299.123779 0.000000 2620.970459 0.000000 0.791190 0.000000 0.611570 0.620847 0.620847 0.620847
1293.010498 0.000000 2632.305420 0.000000 0.938550 0.000000 0.345142 0.604160 0.604160 0.604160
1282.702148 0.000000 2603.444092 0.000000 0.816363 0.000000 0.577540 0.495684 0.495684 0.495684
1302.790405 0.000000 2624.810059 0.000000 0.681172 0.000000 0.732123 0.566439 0.566439 0.566439
1361.216431 0.000000 2638.162598 0.000000 0.944765 0.000000 0.327750 0.395465 0.395465 0.395465
1363.281494 0.000000 2653.935791 0.000000 0.898850 0.000000 0.438257 0.407942 0.407942 0.407942
1373.699463 0.000000 2653.884766 0.000000 0.713220 0.000000 0.700941 0.519918 0.519918 0.519918
1323.597290 0.000000 2656.790039 0.000000 0.914207 0.000000 0.405247 0.452356 0.452356 0.452356
1314.441895 0.000000 2688.729004 0.000000 0.899371 0.000000 0.437185 0.476413 0.476413 0.476413
1306.002319 0.000000 2668.801025 0.000000 0.657913 0.000000 0.753094 0.455656 0.455656 0.455656
1300.386963 0.000000 2681.562744 0.000000 0.605013 0.000000 0.796216 0.569100 0.569100 0.569100
1316.142212 0.000000 2654.860840 0.000000 0.860851 0.000000 0.508856 0.486128 0.486128 0.486128
1296.405029 0.000000 2692.320801 0.000000 0.625632 0.000000 0.780118 0.478736 0.478736 0.478736
1312.506104 0.000000 2699.423340 0.000000 0.759721 0.000000 0.650249 0.672536 0.672536 0.672536
1311.885010 0.000000 2673.955811 0.000000 0.629367 0.000000 0.777108 0.555464 0.555464 0.555464
1307.827881 0.000000 2658.804688 0.000000 0.850535 0.000000 0.525919 0.429147 0.429147 0.429147
1315.886841 0.000000 2685.390137 0.000000 0.797210 0.000000 0.603702 0.517365 0.517365 0.517365
1309.291748 0.000000 2666.056641 0.000000 0.911030 0.000000 0.412339 0.488356 0.488356 0.488356
1291.945557 0.000000 2676.834229 0.000000 0.787058 0.000000 0.616879 0.524417 0.524417 0.524417
1312.249146 0.000000 2683.141357 0.000000 0.721792 0.000000 0.692110 0.551498 0.551498 0.551498
1285.852539 0.000000 2677.611084 0.000000 0.857072 0.000000 0.515197 0.485977 0.485977 0.485977
1318.302734 0.000000 2667.832275 0.000000 0.639057 0.000000 0.769159 0.447826 0.447826 0.447826
1280.668579 0.000000 2672.536133 0.000000 0.822424 0.000000 0.568875 0.518359 0.518359 0.518359
1302.346924 0.000000 2677.409180 0.000000 0.775571 0.000000 0.631261 0.464422 0.464422 0.464422
1298.017090 0.000000 2678.550293 0.000000 0.826401 0.000000 0.563083 0.535340 0.535340 0.535340
1308.530762 0.000000 2696.440674 0.000000 0.780744 0.000000 0.624851 0.466446 0.466446 0.466446
1323.248413 0.000000 2687.591553 0.000000 0.947067 0.000000 0.321037 0.545809 0.545809 0.545809
1287.854370 0.000000 2665.513672 0.000000 0.692577 0.000000 0.721344 0.550413 0.550413 0.550413
1311.070923 0.000000 2675.422852 0.000000 0.818352 0.000000 0.574717 0.676782 0.676782 0.676782
1304.544067 0.000000 2664.943115 0.000000 0.878810 0.000000 0.477172 0.486874 0.486874 0.486874
1308.480591 0.000000 2693.326660 0.000000 0.640684 0.000000 0.767805 0.501133 0.501133 0.501133
1299.123779 0.000000 2677.454834 0.000000 0.832110 0.000000 0.554611 0.479390 0.479390 0.479390
1313.783813 0.000000 2698.329834 0.000000 0.740843 0.000000 0.671678 0.671428 0.671428 0.671428
1312.219360 0.000000 2700.921143 0.000000 0.862439 0.000000 0.506161 0.624970 0.624970 0.624970
1283.585327 0.000000 2674.358887 0.000000 0.918371 0.000000 0.395720 0.545719 0.545719 0.545719
1309.245483 0.000000 2690.600342 0.000000 0.944288 0.000000 0.329120 0.625593 0.625593 0.625593
1378.040283 0.000000 2673.070557 0.000000 0.619744 0.000000 0.784804 0.387700 0.387700 0.387700
1365.436035 0.000000 2706.063477 0.000000 0.862954 0.000000 0.505282 0.392727 0.392727 0.392727
1372.691528 0.000000 2702.857910 0.000000 0.817623 0.000000 0.575754 0.445094 0.445094 0.445094
1388.424194 0.000000 2707.311768 0.000000 0.781806 0.000000 0.623521 0.550187 0.550187 0.550187
1385.191162 0.000000 2656.895996 0.000000 0.779854 0.000000 0.625962 0.559363 0.559363 0.559363
1367.989624 0.000000 2667.795410 0.000000 0.761564 0.000000 0.648090 0.424794 0.424794 0.424794
1392.094482 0.000000 2671.875000 0.000000 0.698810 0.000000 0.715307 0.612708 0.612708 0.612708
1378.022705 0.000000 2676.801270 0.000000 0.869268 0.000000 0.494341 0.619806 0.619806 0.619806
1371.568481 0.000000 2688.173096 0.000000 0.755385 0.000000 0.655282 0.465685 0.465685 0.465685
1364.786621 0.000000 2672.101562 0.000000 0.918069 0.000000 0.396420 0.659136 0.659136 0.659136
1369.591064 0.000000 2672.747314 0.000000 0.817458 0.000000 0.575988 0.673987 0.673987 0.673987
1392.912598 0.000000 2670.578613 0.000000 0.704405 0.000000 0.709798 0.612959 0.612959 0.612959
1498.516602 0.000000 2637.060059 0.000000 0.693739 0.000000 0.720227 0.406441 0.406441 0.406441
1510.985352 0.000000 2630.145752 0.000000 0.757480 0.000000 0.652858 0.465747 0.465747 0.465747
1503.885010 0.000000 2617.471436 0.000000 0.634093 0.000000 0.773257 0.551995 0.551995 0.551995
1497.450073 0.000000 2645.978027 0.000000 0.631015 0.000000 0.775771 0.497196 0.497196 0.497196
1523.339844 0.000000 2633.570557 0.000000 0.663608 0.000000 0.748080 0.616596 0.616596 0.616596
1481.185303 0.000000 2641.816406 0.000000 0.735989 0.000000 0.676993 0.619901 0.619901 0.619901
1522.737793 0.000000 2631.778809 0.000000 0.708763 0.000000 0.705447 0.523450 0.523450 0.523450
1481.040405 0.000000 2639.805908 0.000000 0.596384 0.000000 0.802700 0.488938 0.488938 0.488938
1481.975220 0.000000 2635.793213 0.000000 0.919337 0.000000 0.393471 0.479261 0.479261 0.479261
1496.941406 0.000000 2648.509033 0.000000 0.815293 0.000000 0.579049 0.596225 0.596225 0.596225
1494.371582 0.000000 2651.107178 0.000000 0.906068 0.000000 0.423132 0.516565 0.516565 0.516565
1503.070923 0.000000 2618.938477 0.000000 0.931889 0.000000 0.362744 0.498995 0.498995 0.498995
1509.460205 0.000000 2629.616455 0.000000 0.901978 0.000000 0.431782 0.537166 0.537166 0.537166
1492.687622 0.000000 2650.984375 0.000000 0.833292 0.000000 0.552833 0.468159 0.468159 0.468159
1514.998291 0.000000 2634.948242 0.000000 0.916378 0.000000 0.400314 0.477210 0.477210 0.477210
1502.637329 0.000000 2616.450195 0.000000 0.897313 0.000000 0.441395 0.563339 0.563339 0.563339
1495.844482 0.000000 2645.801758 0.000000 0.775170 0.000000 0.631753 0.623688 0.623688 0.623688
1493.261719 0.000000 2645.442139 0.000000 0.915793 0.000000 0.401652 0.480987 0.480987 0.480987
1513.198730 0.000000 2634.289307 0.000000 0.921453 0.000000 0.388489 0.490793 0.490793 0.490793
1482.104736 0.000000 2645.372070 0.000000 0.947468 0.000000 0.319852 0.543930 0.543930 0.543930
1446.737793 0.000000 2693.243408 0.000000 0.905247 0.000000 0.424885 0.393909 0.393909 0.393909
1432.982788 0.000000 2658.639404 0.000000 0.908941 0.000000 0.416925 0.398751 0.398751 0.398751
1453.452271 0.000000 2683.335449 0.000000 0.844552 0.000000 0.535473 0.430850 0.430850 0.430850
1410.786255 0.000000 2689.666260 0.000000 0.854790 0.000000 0.518974 0.397097 0.397097 0.397097
1425.307007 0.000000 2665.711426 0.000000 0.893214 0.000000 0.449632 0.519678 0.519678 0.519678
1450.151367 0.000000 2697.277100 0.000000 0.875089 0.000000 0.483962 0.426152 0.426152 0.426152
1415.299561 0.000000 2695.503662 0.000000 0.858714 0.000000 0.512456 0.589261 0.589261 0.589261
1429.078003 0.000000 2656.893311 0.000000 0.646427 0.000000 0.762976 0.435082 0.435082 0.435082
1451.434082 0.000000 2683.855713 0.000000 0.639830 0.000000 0.768516 0.493783 0.493783 0.493783
1438.555786 0.000000 2677.103027 0.000000 0.949139 0.000000 0.314859 0.463675 0.463675 0.463675
1414.638794 0.000000 2664.318604 0.000000 0.926115 0.000000 0.377241 0.608812 0.608812 0.608812
1425.633179 0.000000 2703.594482 0.000000 0.855239 0.000000 0.518234 0.510360 0.510360 0.510360
1447.991211 0.000000 2687.657227 0.000000 0.728833 0.000000 0.684691 0.669423 0.669423 0.669423
1416.168701 0.000000 2690.541260 0.000000 0.863444 0.000000 0.504445 0.578300 0.578300 0.578300
1726.998657 0.000000 2396.325439 0.000000 0.918885 0.000000 0.394525 0.490658 0.490658 0.490658
1737.306274 0.000000 2398.018311 0.000000 0.924001 0.000000 0.382391 0.547979 0.547979 0.547979
1731.196289 0.000000 2418.094238 0.000000 0.901093 0.000000 0.433625 0.487875 0.487875 0.487875
1714.616577 0.000000 2474.881348 0.000000 0.819637 0.000000 0.572883 0.391472 0.391472 0.391472
1715.409058 0.000000 2454.314453 0.000000 0.745995 0.000000 0.665951 0.461692 0.461692 0.461692
1727.450562 0.000000 2436.757324 0.000000 0.706300 0.000000 0.707913 0.423467 0.423467 0.423467
1708.873901 0.000000 2473.817383 0.000000 0.876904 0.000000 0.480665 0.486792 0.486792 0.486792
1726.677124 0.000000 2431.374268 0.000000 0.635282 0.000000 0.772280 0.497317 0.497317 0.497317
1714.491943 0.000000 2452.468506 0.000000 0.680840 0.000000 0.732432 0.480230 0.480230 0.480230
1723.459473 0.000000 2438.188232 0.000000 0.691444 0.000000 0.722430 0.592368 0.592368 0.592368
1714.737793 0.000000 2462.325684 0.000000 0.806620 0.000000 0.591070 0.461643 0.461643 0.461643
1706.718262 0.000000 2475.327148 0.000000 0.814084 0.000000 0.580747 0.435589 0.435589 0.435589
1707.631348 0.000000 2472.377930 0.000000 0.948927 0.000000 0.315495 0.459827 0.459827 0.459827
1727.180664 0.000000 2434.929443 0.000000 0.896149 0.000000 0.443752 0.550061 0.550061 0.550061
1537.116211 0.000000 2578.296143 0.000000 0.906448 0.000000 0.422318 0.622388 0.622388 0.622388
1549.897339 0.000000 2584.904785 0.000000 0.915889 0.000000 0.401432 0.575869 0.575869 0.575869
1536.013672 0.000000 2546.319580 0.000000 0.646024 0.000000 0.763317 0.440612 0.440612 0.440612
1561.637573 0.000000 2578.494385 0.000000 0.786123 0.000000 0.618070 0.461005 0.461005 0.461005
1542.215454 0.000000 2557.950195 0.000000 0.902915 0.000000 0.429819 0.518291 0.518291 0.518291
1711.961792 0.000000 2540.572510 0.000000 0.791201 0.000000 0.611556 0.485452 0.485452 0.485452
1711.560791 0.000000 2528.076172 0.000000 0.884293 0.000000 0.466932 0.422666 0.422666 0.422666
1710.630737 0.000000 2509.089111 0.000000 0.683586 0.000000 0.729870 0.544600 0.544600 0.544600
1715.473267 0.000000 2525.690430 0.000000 0.819985 0.000000 0.572385 0.398073 0.398073 0.398073
1707.827026 0.000000 2523.499268 0.000000 0.659570 0.000000 0.751643 0.479644 0.479644 0.479644
1711.221924 0.000000 2518.611084 0.000000 0.867003 0.000000 0.498303 0.501460 0.501460 0.501460
1713.077515 0.000000 2517.700439 0.000000 0.750824 0.000000 0.660503 0.489714 0.489714 0.489714
1712.863892 0.000000 2529.788574 0.000000 0.923120 0.000000 0.384512 0.591534 0.591534 0.591534
1712.299683 0.000000 2521.458984 0.000000 0.631924 0.000000 0.775031 0.508193 0.508193 0.508193
1709.664185 0.000000 2548.792480 0.000000 0.816229 0.000000 0.577729 0.454444 0.454444 0.454444
1711.569580 0.000000 2541.900146 0.000000 0.867475 0.000000 0.497481 0.488284 0.488284 0.488284
1704.686523 0.000000 2560.449951 0.000000 0.895374 0.000000 0.445314 0.468649 0.468649 0.468649
1686.173218 0.000000 2581.138428 0.000000 0.897265 0.000000 0.441493 0.468730 0.468730 0.468730
1709.746216 0.000000 2561.932861 0.000000 0.941810 0.000000 0.336146 0.465172 0.465172 0.465172
1684.371582 0.000000 2578.334961 0.000000 0.866421 0.000000 0.499314 0.529667 0.529667 0.529667
1676.710571 0.000000 2578.530762 0.000000 0.933112 0.000000 0.359586 0.489527 0.489527 0.489527
1711.227539 0.000000 2543.316162 0.000000 0.812299 0.000000 0.583242 0.549637 0.549637 0.549637
1558.596802 0.000000 2618.812500 0.000000 0.598208 0.000000 0.801341 0.387561 0.387561 0.387561
1549.243652 0.000000 2605.522461 0.000000 0.692875 0.000000 0.721058 0.393383 0.393383 0.393383
1654.928345 0.000000 2615.166260 0.000000 0.906626 0.000000 0.421936 0.488140 0.488140 0.488140
1613.897339 0.000000 2641.389160 0.000000 0.765277 0.000000 0.643701 0.482740 0.482740 0.482740
1615.977173 0.000000 2647.348389 0.000000 0.879443 0.000000 0.476005 0.486901 0.486901 0.486901
1645.502441 0.000000 2620.642090 0.000000 0.772526 0.000000 0.634983 0.482972 0.482972 0.482972
1624.535400 0.000000 2633.324951 0.000000 0.899227 0.000000 0.437482 0.508632 0.508632 0.508632
1614.515747 0.000000 2648.228027 0.000000 0.874717 0.000000 0.484634 0.533835 0.533835 0.533835
1622.136108 0.000000 2631.859863 0.000000 0.915585 0.000000 0.402125 0.530373 0.530373 0.530373
1599.940552 0.000000 2674.215088 0.000000 0.862186 0.000000 0.506592 0.540735 0.540735 0.540735
1572.999878 0.000000 2689.447266 0.000000 0.936872 0.000000 0.349671 0.489745 0.489745 0.489745
1563.871582 0.000000 2674.833008 0.000000 0.684188 0.000000 0.729306 0.454468 0.454468 0.454468
1565.201782 0.000000 2687.432129 0.000000 0.733204 0.000000 0.680008 0.481748 0.481748 0.481748
1575.991211 0.000000 2687.657227 0.000000 0.691519 0.000000 0.722358 0.489754 0.489754 0.489754
1615.844482 0.000000 2657.892822 0.000000 0.775978 0.000000 0.630760 0.404530 0.404530 0.404530
1601.439453 0.000000 2679.145020 0.000000 0.743201 0.000000 0.669068 0.504299 0.504299 0.504299
1602.305054 0.000000 2656.115479 0.000000 0.716271 0.000000 0.697822 0.466429 0.466429 0.466429
1601.541504 0.000000 2675.929688 0.000000 0.870621 0.000000 0.491955 0.450623 0.450623 0.450623
1607.773682 0.000000 2655.312500 0.000000 0.917321 0.000000 0.398149 0.486772 0.486772 0.486772
1668.014893 0.000000 2604.368408 0.000000 0.609229 0.000000 0.792995 0.467321 0.467321 0.467321
1423.571045 0.000000 2717.862549 0.000000 0.669762 0.000000 0.742576 0.448562 0.448562 0.448562
1958.352295 0.000000 2816.922852 0.000000 0.783474 0.000000 0.621424 0.427231 0.427231 0.427231
1972.417847 0.000000 2798.059326 0.000000 0.845041 0.000000 0.534702 0.434641 0.434641 0.434641
1974.093628 0.000000 2792.001709 0.000000 0.934277 0.000000 0.356547 0.487685 0.487685 0.487685
1978.545166 0.000000 2799.705078 0.000000 0.806974 0.000000 0.590587 0.452279 0.452279 0.452279
2023.131470 0.000000 2802.713623 0.000000 0.853764 0.000000 0.520660 0.392371 0.392371 0.392371
2023.437012 0.000000 2795.116211 0.000000 0.918219 0.000000 0.396073 0.423916 0.423916 0.423916
2019.097656 0.000000 2809.834473 0.000000 0.934451 0.000000 0.356091 0.447568 0.447568 0.447568
2035.339844 0.000000 2803.023682 0.000000 0.786586 0.000000 0.617481 0.414177 0.414177 0.414177
2008.739258 0.000000 2796.303467 0.000000 0.709851 0.000000 0.704352 0.434708 0.434708 0.434708
2006.346924 0.000000 2790.377930 0.000000 0.909035 0.000000 0.416720 0.454035 0.454035 0.454035
2011.994141 0.000000 2792.767578 0.000000 0.669797 0.000000 0.742544 0.490964 0.490964 0.490964
1962.243408 0.000000 2830.103760 0.000000 0.653477 0.000000 0.756946 0.479478 0.479478 0.479478
2174.612305 0.000000 2254.531006 0.000000 0.645037 0.000000 0.764151 0.388318 0.388318 0.388318
2167.879395 0.000000 2246.085449 0.000000 0.615316 0.000000 0.788280 0.387351 0.387351 0.387351
2183.626709 0.000000 2249.240967 0.000000 0.734880 0.000000 0.678197 0.481798 0.481798 0.481798
2188.076904 0.000000 2238.201172 0.000000 0.740628 0.000000 0.671915 0.533787 0.533787 0.533787
2191.977051 0.000000 2251.957764 0.000000 0.943233 0.000000 0.332132 0.490127 0.490127 0.490127
2231.657227 0.000000 2243.264404 0.000000 0.643987 0.000000 0.765037 0.433180 0.433180 0.433180
2235.123047 0.000000 2242.316895 0.000000 0.627314 0.000000 0.778767 0.471444 0.471444 0.471444
2198.839355 0.000000 2253.455566 0.000000 0.916015 0.000000 0.401144 0.488607 0.488607 0.488607
2188.710449 0.000000 2239.624512 0.000000 0.751250 0.000000 0.660018 0.534180 0.534180 0.534180
2166.374756 0.000000 2290.924805 0.000000 0.614837 0.000000 0.788654 0.576681 0.576681 0.576681
2167.627441 0.000000 2290.002441 0.000000 0.837640 0.000000 0.546222 0.586241 0.586241 0.586241
2220.304199 0.000000 2283.074463 0.000000 0.756237 0.000000 0.654297 0.456396 0.456396 0.456396
2237.061279 0.000000 2259.931396 0.000000 0.942120 0.000000 0.335275 0.490058 0.490058 0.490058
2209.958740 0.000000 2299.604004 0.000000 0.690655 0.000000 0.723184 0.447226 0.447226 0.447226
2221.664307 0.000000 2266.370605 0.000000 0.669935 0.000000 0.742420 0.450414 0.450414 0.450414
2193.373535 0.000000 2259.481445 0.000000 0.799249 0.000000 0.601000 0.483857 0.483857 0.483857
2231.475830 0.000000 2271.270264 0.000000 0.694911 0.000000 0.719096 0.471392 0.471392 0.471392
2229.692383 0.000000 2271.110107 0.000000 0.772743 0.000000 0.634719 0.482979 0.482979 0.482979
2196.233154 0.000000 2301.494629 0.000000 0.846666 0.000000 0.532125 0.485570 0.485570 0.485570
2198.880615 0.000000 2299.938232 0.000000 0.687624 0.000000 0.726067 0.522744 0.522744 0.522744
2283.827148 0.000000 2297.561768 0.000000 0.763827 0.000000 0.645421 0.452881 0.452881 0.452881
2280.552490 0.000000 2312.226074 0.000000 0.782456 0.000000 0.622706 0.440318 0.440318 0.440318
2240.036377 0.000000 2305.970215 0.000000 0.643819 0.000000 0.765178 0.530469 0.530469 0.530469
2214.658447 0.000000 2324.080322 0.000000 0.615761 0.000000 0.787933 0.478479 0.478479 0.478479
2222.967041 0.000000 2331.236328 0.000000 0.900632 0.000000 0.434582 0.463180 0.463180 0.463180
2237.061279 0.000000 2316.415771 0.000000 0.887204 0.000000 0.461378 0.449347 0.449347 0.449347
2219.536621 0.000000 2329.422363 0.000000 0.902320 0.000000 0.431067 0.593831 0.593831 0.593831
2222.857178 0.000000 2321.363281 0.000000 0.882037 0.000000 0.471181 0.475664 0.475664 0.475664
2205.993164 0.000000 2330.657227 0.000000 0.915554 0.000000 0.402195 0.488584 0.488584 0.488584
2200.050781 0.000000 2333.572266 0.000000 0.609061 0.000000 0.793124 0.518456 0.518456 0.518456
2215.815674 0.000000 2325.413086 0.000000 0.933197 0.000000 0.359366 0.489532 0.489532 0.489532
2219.719727 0.000000 2333.446045 0.000000 0.709444 0.000000 0.704762 0.622290 0.622290 0.622290
2197.720947 0.000000 2328.032227 0.000000 0.720042 0.000000 0.693930 0.521992 0.521992 0.521992
2233.855957 0.000000 2324.681396 0.000000 0.938811 0.000000 0.344434 0.539476 0.539476 0.539476
2234.513428 0.000000 2329.555664 0.000000 0.693820 0.000000 0.720148 0.668877 0.668877 0.668877
2259.875488 0.000000 2331.308105 0.000000 0.622963 0.000000 0.782251 0.447450 0.447450 0.447450
2275.097656 0.000000 2357.959473 0.000000 0.892014 0.000000 0.452008 0.546053 0.546053 0.546053
2273.958740 0.000000 2356.088379 0.000000 0.692485 0.000000 0.721432 0.497154 0.497154 0.497154
2280.552490 0.000000 2368.710449 0.000000 0.655136 0.000000 0.755511 0.479523 0.479523 0.479523
2244.386230 0.000000 2326.276367 0.000000 0.683726 0.000000 0.729738 0.454456 0.454456 0.454456
2265.195068 0.000000 2361.435059 0.000000 0.811367 0.000000 0.584537 0.484276 0.484276 0.484276
2285.863037 0.000000 2362.676514 0.000000 0.763456 0.000000 0.645859 0.480821 0.480821 0.480821
2267.430664 0.000000 2327.886963 0.000000 0.595242 0.000000 0.803546 0.498026 0.498026 0.498026
2268.327393 0.000000 2343.677979 0.000000 0.921415 0.000000 0.388580 0.454587 0.454587 0.454587
2278.249512 0.000000 2369.551514 0.000000 0.670258 0.000000 0.742128 0.461502 0.461502 0.461502
2270.632324 0.000000 2343.169434 0.000000 0.859939 0.000000 0.510397 0.486091 0.486091 0.486091
2265.412842 0.000000 2355.970947 0.000000 0.771886 0.000000 0.635761 0.479226 0.479226 0.479226
2296.531494 0.000000 2371.320312 0.000000 0.872608 0.000000 0.488421 0.484723 0.484723 0.484723
2269.193848 0.000000 2398.554932 0.000000 0.751160 0.000000 0.660121 0.409573 0.409573 0.409573
2271.885010 0.000000 2391.533936 0.000000 0.934060 0.000000 0.357117 0.489582 0.489582 0.489582
2260.737793 0.000000 2372.346680 0.000000 0.771919 0.000000 0.635721 0.432545 0.432545 0.432545
2287.226074 0.000000 2413.287842 0.000000 0.712513 0.000000 0.701659 0.451491 0.451491 0.451491
2310.114014 0.000000 2411.302246 0.000000 0.854895 0.000000 0.518801 0.392483 0.392483 0.392483
2313.040527 0.000000 2413.868408 0.000000 0.644341 0.000000 0.764738 0.479232 0.479232 0.479232
2322.931396 0.000000 2460.154297 0.000000 0.626683 0.000000 0.779275 0.434642 0.434642 0.434642
2315.945557 0.000000 2450.896729 0.000000 0.944716 0.000000 0.327889 0.455757 0.455757 0.455757
2329.637451 0.000000 2465.525635 0.000000 0.824218 0.000000 0.566273 0.464092 0.464092 0.464092
2348.434570 0.000000 2440.606934 0.000000 0.944546 0.000000 0.328381 0.430826 0.430826 0.430826
2354.737793 0.000000 2462.325684 0.000000 0.604403 0.000000 0.796678 0.567271 0.567271 0.567271
2331.430664 0.000000 2440.855713 0.000000 0.807606 0.000000 0.589722 0.484145 0.484145 0.484145
2362.465088 0.000000 2465.115479 0.000000 0.768048 0.000000 0.640392 0.458600 0.458600 0.458600
2349.502441 0.000000 2451.188965 0.000000 0.911397 0.000000 0.411529 0.594461 0.594461 0.594461
2365.407227 0.000000 2466.211670 0.000000 0.930739 0.000000 0.365685 0.481763 0.481763 0.481763
2347.594971 0.000000 2451.227783 0.000000 0.709063 0.000000 0.705145 0.528979 0.528979 0.528979
2337.198730 0.000000 2463.679199 0.000000 0.745876 0.000000 0.666085 0.548743 0.548743 0.548743
2397.075928 0.000000 2481.228271 0.000000 0.850612 0.000000 0.525794 0.392398 0.392398 0.392398
2394.516602 0.000000 2467.606934 0.000000 0.878779 0.000000 0.477228 0.458499 0.458499 0.458499
2371.928711 0.000000 2458.959961 0.000000 0.866004 0.000000 0.500037 0.450457 0.450457 0.450457
2386.931396 0.000000 2460.154297 0.000000 0.834587 0.000000 0.550876 0.516989 0.516989 0.516989
2371.661377 0.000000 2449.901611 0.000000 0.882359 0.000000 0.470578 0.462426 0.462426 0.462426
2402.456055 0.000000 2473.781006 0.000000 0.950595 0.000000 0.310432 0.515487 0.515487 0.515487
2402.384521 0.000000 2477.097900 0.000000 0.785277 0.000000 0.619144 0.518773 0.518773 0.518773
2403.246582 0.000000 2475.246582 0.000000 0.854899 0.000000 0.518795 0.626356 0.626356 0.626356
2400.125000 0.000000 2494.454590 0.000000 0.656326 0.000000 0.754478 0.464832 0.464832 0.464832
2407.815674 0.000000 2494.866211 0.000000 0.931077 0.000000 0.364822 0.550357 0.550357 0.550357
2405.195312 0.000000 2493.904785 0.000000 0.927661 0.000000 0.373422 0.616513 0.616513 0.616513
2405.640869 0.000000 2492.438965 0.000000 0.818733 0.000000 0.574175 0.609385 0.609385 0.609385
3513.390381 0.000000 2414.750977 0.000000 0.859610 0.000000 0.510951 0.518071 0.518071 0.518071
3520.956543 0.000000 2413.463623 0.000000 0.894214 0.000000 0.447639 0.472392 0.472392 0.472392
2172.195068 0.000000 2746.839111 0.000000 0.856581 0.000000 0.516013 0.431229 0.431229 0.431229
2170.465088 0.000000 2747.537354 0.000000 0.881296 0.000000 0.472565 0.601852 0.601852 0.601852
2173.258057 0.000000 2779.748779 0.000000 0.594813 0.000000 0.803864 0.446807 0.446807 0.446807
2175.211670 0.000000 2778.566162 0.000000 0.855683 0.000000 0.517501 0.493452 0.493452 0.493452
2171.649902 0.000000 2822.688232 0.000000 0.680579 0.000000 0.732675 0.487593 0.487593 0.487593
2214.352295 0.000000 2760.438477 0.000000 0.754405 0.000000 0.656410 0.437692 0.437692 0.437692
2195.150879 0.000000 2745.011475 0.000000 0.750580 0.000000 0.660779 0.672247 0.672247 0.672247
2215.437012 0.000000 2738.631836 0.000000 0.864181 0.000000 0.503181 0.478719 0.478719 0.478719
2199.550293 0.000000 2753.039062 0.000000 0.804011 0.000000 0.594614 0.549274 0.549274 0.549274
2181.188232 0.000000 2753.989990 0.000000 0.917310 0.000000 0.398175 0.460117 0.460117 0.460117
2182.067139 0.000000 2744.385498 0.000000 0.932623 0.000000 0.360851 0.537145 0.537145 0.537145
2218.718262 0.000000 2757.749023 0.000000 0.940420 0.000000 0.340015 0.499509 0.499509 0.499509
2211.804932 0.000000 2730.164307 0.000000 0.654010 0.000000 0.756486 0.448181 0.448181 0.448181
2197.837891 0.000000 2756.197266 0.000000 0.948152 0.000000 0.317816 0.454031 0.454031 0.454031
2214.249512 0.000000 2764.942139 0.000000 0.628806 0.000000 0.777562 0.598885 0.598885 0.598885
2218.287842 0.000000 2741.932373 0.000000 0.734664 0.000000 0.678431 0.446494 0.446494 0.446494
2181.526123 0.000000 2752.315918 0.000000 0.789057 0.000000 0.614321 0.455483 0.455483 0.455483
2209.168701 0.000000 2731.542236 0.000000 0.593551 0.000000 0.804797 0.523445 0.523445 0.523445
2178.930908 0.000000 2742.724609 0.000000 0.883196 0.000000 0.469004 0.485172 0.485172 0.485172
2210.717041 0.000000 2736.613037 0.000000 0.913782 0.000000 0.406206 0.662524 0.662524 0.662524
2216.266113 0.000000 2740.013428 0.000000 0.671297 0.000000 0.741189 0.667465 0.667465 0.667465
2191.107910 0.000000 2746.445068 0.000000 0.664132 0.000000 0.747616 0.501821 0.501821 0.501821
2199.405273 0.000000 2740.619141 0.000000 0.843134 0.000000 0.537704 0.492951 0.492951 0.492951
2216.255371 0.000000 2756.136719 0.000000 0.887946 0.000000 0.459948 0.679996 0.679996 0.679996
2193.551270 0.000000 2745.191895 0.000000 0.822444 0.000000 0.568846 0.555681 0.555681 0.555681
2183.860840 0.000000 2744.590088 0.000000 0.732886 0.000000 0.680351 0.527972 0.527972 0.527972
2193.383301 0.000000 2747.757324 0.000000 0.842405 0.000000 0.538844 0.522942 0.522942 0.522942
2198.808838 0.000000 2754.269043 0.000000 0.863220 0.000000 0.504828 0.677666 0.677666 0.677666
2257.216553 0.000000 2751.131348 0.000000 0.798580 0.000000 0.601889 0.391099 0.391099 0.391099
2259.281494 0.000000 2766.904541 0.000000 0.673879 0.000000 0.738842 0.620668 0.620668 0.620668
2245.188232 0.000000 2753.989990 0.000000 0.875455 0.000000 0.483300 0.577106 0.577106 0.577106
2248.816650 0.000000 2759.258301 0.000000 0.799591 0.000000 0.600544 0.674445 0.674445 0.674445
2246.226807 0.000000 2755.824951 0.000000 0.751761 0.000000 0.659436 0.668855 0.668855 0.668855
2255.409668 0.000000 2751.410156 0.000000 0.831299 0.000000 0.555825 0.578462 0.578462 0.578462
2261.261719 0.000000 2758.410889 0.000000 0.669531 0.000000 0.742784 0.584200 0.584200 0.584200
2245.528809 0.000000 2740.588135 0.000000 0.949988 0.000000 0.312287 0.528833 0.528833 0.528833
2248.825684 0.000000 2745.759033 0.000000 0.727859 0.000000 0.685727 0.665025 0.665025 0.665025
2247.945557 0.000000 2763.656006 0.000000 0.919564 0.000000 0.392941 0.513514 0.513514 0.513514
2248.569824 0.000000 2767.187012 0.000000 0.840537 0.000000 0.541754 0.677588 0.677588 0.677588
2210.996826 0.000000 2823.697754 0.000000 0.931338 0.000000 0.364156 0.394975 0.394975 0.394975
2232.357666 0.000000 2776.081299 0.000000 0.899785 0.000000 0.436334 0.680589 0.680589 0.680589
2193.306885 0.000000 2778.680176 0.000000 0.741685 0.000000 0.670748 0.457849 0.457849 0.457849
2232.956055 0.000000 2793.150146 0.000000 0.945505 0.000000 0.325608 0.432792 0.432792 0.432792
2194.931396 0.000000 2799.060547 0.000000 0.648373 0.000000 0.761322 0.442512 0.442512 0.442512
2222.967041 0.000000 2783.111328 0.000000 0.863979 0.000000 0.503527 0.459833 0.459833 0.459833
2183.561523 0.000000 2818.708252 0.000000 0.936161 0.000000 0.351572 0.621038 0.621038 0.621038
2199.825684 0.000000 2821.654785 0.000000 0.820528 0.000000 0.571606 0.639107 0.639107 0.639107
2222.914795 0.000000 2776.820068 0.000000 0.914581 0.000000 0.404403 0.681447 0.681447 0.681447
2181.476562 0.000000 2819.012695 0.000000 0.924467 0.000000 0.381262 0.654053 0.654053 0.654053
2185.185303 0.000000 2811.269531 0.000000 0.935208 0.000000 0.354099 0.522077 0.522077 0.522077
2223.881836 0.000000 2780.466797 0.000000 0.727974 0.000000 0.685605 0.634108 0.634108 0.634108
2184.026367 0.000000 2822.188721 0.000000 0.659952 0.000000 0.751308 0.440935 0.440935 0.440935
2237.495117 0.000000 2786.894531 0.000000 0.689483 0.000000 0.724302 0.497063 0.497063 0.497063
2230.093750 0.000000 2792.001709 0.000000 0.671930 0.000000 0.740615 0.542364 0.542364 0.542364
2198.371582 0.000000 2820.560303 0.000000 0.933184 0.000000 0.359400 0.647299 0.647299 0.647299
2233.095215 0.000000 2791.513916 0.000000 0.597425 0.000000 0.801925 0.519927 0.519927 0.519927
2196.687500 0.000000 2820.437500 0.000000 0.649349 0.000000 0.760491 0.659195 0.659195 0.659195
2187.164307 0.000000 2804.289551 0.000000 0.843073 0.000000 0.537799 0.524845 0.524845 0.524845
2186.104736 0.000000 2814.825195 0.000000 0.838646 0.000000 0.544676 0.597469 0.597469 0.597469
2224.912598 0.000000 2783.547363 0.000000 0.802527 0.000000 0.596616 0.556641 0.556641 0.556641
2244.014893 0.000000 2773.821533 0.000000 0.880502 0.000000 0.474043 0.418741 0.418741 0.418741
2257.306885 0.000000 2778.680176 0.000000 0.607222 0.000000 0.794532 0.624984 0.624984 0.624984
2255.571045 0.000000 2774.346924 0.000000 0.773116 0.000000 0.634265 0.419466 0.419466 0.419466
2265.026123 0.000000 2767.982178 0.000000 0.751561 0.000000 0.659664 0.441350 0.441350 0.441350
2244.206299 0.000000 2769.989258 0.000000 0.744101 0.000000 0.668068 0.491356 0.491356 0.491356
2256.326904 0.000000 2790.401367 0.000000 0.784397 0.000000 0.620259 0.451603 0.451603 0.451603
2263.052002 0.000000 2770.782227 0.000000 0.888022 0.000000 0.459801 0.568440 0.568440 0.568440
2244.679688 0.000000 2781.970703 0.000000 0.855924 0.000000 0.517102 0.446326 0.446326 0.446326
2271.953369 0.000000 2773.409668 0.000000 0.834632 0.000000 0.550808 0.561851 0.561851 0.561851
2261.077881 0.000000 2769.862061 0.000000 0.915461 0.000000 0.402407 0.660789 0.660789 0.660789
2259.108398 0.000000 2777.711426 0.000000 0.607931 0.000000 0.793990 0.487419 0.487419 0.487419
2250.587402 0.000000 2781.014648 0.000000 0.610656 0.000000 0.791896 0.523963 0.523963 0.523963
2248.096436 0.000000 2769.919434 0.000000 0.622061 0.000000 0.782969 0.607629 0.607629 0.607629
2250.859131 0.000000 2775.262939 0.000000 0.908983 0.000000 0.416833 0.514826 0.514826 0.514826
2248.084717 0.000000 2783.369385 0.000000 0.608509 0.000000 0.793547 0.601685 0.601685 0.601685
2270.270752 0.000000 2777.011230 0.000000 0.704193 0.000000 0.710008 0.508570 0.508570 0.508570
2251.861084 0.000000 2782.403809 0.000000 0.878941 0.000000 0.476931 0.577308 0.577308 0.577308
2247.854248 0.000000 2778.482422 0.000000 0.699981 0.000000 0.714162 0.501068 0.501068 0.501068
2255.876465 0.000000 2776.182617 0.000000 0.662114 0.000000 0.749403 0.618340 0.618340 0.618340
2249.625488 0.000000 2777.959229 0.000000 0.656618 0.000000 0.754223 0.661922 0.661922 0.661922
2267.871582 0.000000 2787.801758 0.000000 0.782210 0.000000 0.623015 0.673965 0.673965 0.673965
2246.638672 0.000000 2777.287354 0.000000 0.864208 0.000000 0.503134 0.678993 0.678993 0.678993
2247.773682 0.000000 2768.281250 0.000000 0.710394 0.000000 0.703805 0.457000 0.457000 0.457000
2253.156250 0.000000 2776.670898 0.000000 0.922690 0.000000 0.385543 0.528901 0.528901 0.528901
2240.943115 0.000000 2770.883789 0.000000 0.896226 0.000000 0.443599 0.578356 0.578356 0.578356
2240.951172 0.000000 2781.969482 0.000000 0.858882 0.000000 0.512173 0.634063 0.634063 0.634063
2270.455078 0.000000 2773.812988 0.000000 0.670548 0.000000 0.741866 0.555098 0.555098 0.555098
2251.124756 0.000000 2786.990967 0.000000 0.754116 0.000000 0.656741 0.629943 0.629943 0.629943
2258.493408 0.000000 2774.033691 0.000000 0.649940 0.000000 0.759986 0.583433 0.583433 0.583433
2173.258057 0.000000 2836.233154 0.000000 0.687071 0.000000 0.726590 0.408162 0.408162 0.408162
2145.762939 0.000000 2835.587402 0.000000 0.689025 0.000000 0.724738 0.666850 0.666850 0.666850
2141.291748 0.000000 2835.509766 0.000000 0.760101 0.000000 0.649805 0.504868 0.504868 0.504868
2160.601807 0.000000 2829.061035 0.000000 0.894932 0.000000 0.446202 0.512201 0.512201 0.512201
2169.361084 0.000000 2837.008057 0.000000 0.784615 0.000000 0.619983 0.598385 0.598385 0.598385
2150.039062 0.000000 2842.320557 0.000000 0.862365 0.000000 0.506287 0.508790 0.508790 0.508790
2150.058105 0.000000 2840.521240 0.000000 0.783189 0.000000 0.621783 0.459047 0.459047 0.459047
2144.356445 0.000000 2836.585693 0.000000 0.721595 0.000000 0.692316 0.595480 0.595480 0.595480
2164.128174 0.000000 2829.704102 0.000000 0.595820 0.000000 0.803118 0.510788 0.510788 0.510788
2215.590820 0.000000 2827.833984 0.000000 0.826758 0.000000 0.562558 0.522276 0.522276 0.522276
2201.026123 0.000000 2824.466553 0.000000 0.938160 0.000000 0.346202 0.457320 0.457320 0.457320
2180.206299 0.000000 2826.473633 0.000000 0.902353 0.000000 0.430998 0.493625 0.493625 0.493625
2212.465576 0.000000 2826.004639 0.000000 0.945209 0.000000 0.326467 0.518930 0.518930 0.518930
2189.156250 0.000000 2833.155273 0.000000 0.671326 0.000000 0.741162 0.525877 0.525877 0.525877
2190.208252 0.000000 2835.467285 0.000000 0.912658 0.000000 0.408724 0.515026 0.515026 0.515026
2532.845703 0.000000 2813.714355 0.000000 0.882587 0.000000 0.470150 0.481363 0.481363 0.481363
2525.381592 0.000000 2798.329590 0.000000 0.786272 0.000000 0.617881 0.609533 0.609533 0.609533
2538.572266 0.000000 2817.313232 0.000000 0.944991 0.000000 0.327096 0.557098 0.557098 0.557098
2612.752686 0.000000 2927.100342 0.000000 0.911751 0.000000 0.410744 0.643523 0.643523 0.643523
2657.210693 0.000000 2930.145996 0.000000 0.677816 0.000000 0.735232 0.518756 0.518756 0.518756
2643.159424 0.000000 2900.922607 0.000000 0.947726 0.000000 0.319086 0.477004 0.477004 0.477004
2665.330078 0.000000 2921.864746 0.000000 0.950996 0.000000 0.309202 0.580499 0.580499 0.580499
2659.060059 0.000000 2934.697998 0.000000 0.758956 0.000000 0.651142 0.576924 0.576924 0.576924
2667.597168 0.000000 2939.211914 0.000000 0.651172 0.000000 0.758930 0.519744 0.519744 0.519744
6014.808594 0.000000 3473.574463 0.000000 0.846362 0.000000 0.532609 0.588574 0.588574 0.588574
6011.166992 0.000000 3469.239502 0.000000 0.894829 0.000000 0.446410 0.504627 0.504627 0.504627
6007.532715 0.000000 3470.156738 0.000000 0.893652 0.000000 0.448761 0.521591 0.521591 0.521591
6009.877930 0.000000 3476.128174 0.000000 0.781241 0.000000 0.624230 0.666224 0.666224 0.666224
6012.552246 0.000000 3474.966064 0.000000 0.945626 0.000000 0.325257 0.652335 0.652335 0.652335
6075.742676 0.000000 3426.739502 0.000000 0.656567 0.000000 0.754267 0.388266 0.388266 0.388266
6066.714844 0.000000 3439.535400 0.000000 0.658315 0.000000 0.752743 0.405713 0.405713 0.405713
6075.060547 0.000000 3431.654785 0.000000 0.901366 0.000000 0.433059 0.608836 0.608836 0.608836
6076.194824 0.000000 3424.651611 0.000000 0.805913 0.000000 0.592034 0.582776 0.582776 0.582776
6075.498047 0.000000 3436.096436 0.000000 0.892598 0.000000 0.450853 0.559288 0.559288 0.559288
6073.594238 0.000000 3434.880371 0.000000 0.920131 0.000000 0.391610 0.538240 0.538240 0.538240
6120.272949 0.000000 3439.278076 0.000000 0.622702 0.000000 0.782459 0.661290 0.661290 0.661290
6122.572266 0.000000 3438.641357 0.000000 0.643099 0.000000 0.765783 0.579545 0.579545 0.579545
6128.308105 0.000000 3442.926270 0.000000 0.937199 0.000000 0.348794 0.684932 0.684932 0.684932
6017.541504 0.000000 3466.710938 0.000000 0.764818 0.000000 0.644247 0.668804 0.668804 0.668804
6045.381836 0.000000 3476.142090 0.000000 0.858706 0.000000 0.512468 0.679266 0.679266 0.679266
6036.957031 0.000000 3473.707764 0.000000 0.862663 0.000000 0.505779 0.649218 0.649218 0.649218
6087.324707 0.000000 3472.156982 0.000000 0.614808 0.000000 0.788677 0.554964 0.554964 0.554964
6139.596680 0.000000 3462.073242 0.000000 0.651402 0.000000 0.758733 0.661615 0.661615 0.661615
6095.784668 0.000000 3487.369629 0.000000 0.911748 0.000000 0.410749 0.452248 0.452248 0.452248
6091.910645 0.000000 3473.229736 0.000000 0.831686 0.000000 0.555246 0.505632 0.505632 0.505632
6088.383301 0.000000 3467.410645 0.000000 0.934778 0.000000 0.355232 0.422702 0.422702 0.422702
6128.601562 0.000000 3450.389160 0.000000 0.895825 0.000000 0.444407 0.666639 0.666639 0.666639
6137.361328 0.000000 3458.336182 0.000000 0.724596 0.000000 0.689174 0.666116 0.666116 0.666116
6090.324219 0.000000 3477.040283 0.000000 0.944779 0.000000 0.327710 0.520811 0.520811 0.520811
6136.204590 0.000000 3455.807617 0.000000 0.928245 0.000000 0.371970 0.633599 0.633599 0.633599
6091.004883 0.000000 3471.366943 0.000000 0.780262 0.000000 0.625453 0.669888 0.669888 0.669888
6083.034668 0.000000 3499.705322 0.000000 0.612221 0.000000 0.790687 0.498496 0.498496 0.498496
6087.944824 0.000000 3473.485107 0.000000 0.836338 0.000000 0.548215 0.563801 0.563801 0.563801
6100.652832 0.000000 3479.206055 0.000000 0.650268 0.000000 0.759705 0.512399 0.512399 0.512399
6081.707031 0.000000 3494.050781 0.000000 0.679634 0.000000 0.733551 0.549946 0.549946 0.549946
6127.227539 0.000000 3447.066162 0.000000 0.805177 0.000000 0.593035 0.671710 0.671710 0.671710
6090.271484 0.000000 3474.648682 0.000000 0.733621 0.000000 0.679559 0.507682 0.507682 0.507682
6087.009277 0.000000 3467.186768 0.000000 0.908635 0.000000 0.417591 0.680802 0.680802 0.680802
5939.409180 0.000000 3584.001953 0.000000 0.888401 0.000000 0.459068 0.678912 0.678912 0.678912
5938.491699 0.000000 3582.156006 0.000000 0.638211 0.000000 0.769861 0.663072 0.663072 0.663072
5998.915039 0.000000 3567.601318 0.000000 0.767772 0.000000 0.640723 0.628813 0.628813 0.628813
5990.209961 0.000000 3592.015625 0.000000 0.841541 0.000000 0.540193 0.614380 0.614380 0.614380
6065.258789 0.000000 3539.488281 0.000000 0.936143 0.000000 0.351620 0.681661 0.681661 0.681661
6079.474121 0.000000 3547.255615 0.000000 0.914328 0.000000 0.404976 0.454266 0.454266 0.454266
6033.633301 0.000000 3550.860107 0.000000 0.827222 0.000000 0.561876 0.552174 0.552174 0.552174
6030.941895 0.000000 3527.671875 0.000000 0.806458 0.000000 0.591292 0.472877 0.472877 0.472877
6018.838379 0.000000 3553.329590 0.000000 0.920008 0.000000 0.391900 0.542028 0.542028 0.542028
6030.515625 0.000000 3551.978027 0.000000 0.903342 0.000000 0.428922 0.680245 0.680245 0.680245
6016.313965 0.000000 3551.773193 0.000000 0.735502 0.000000 0.677522 0.666828 0.666828 0.666828
6017.707031 0.000000 3550.535156 0.000000 0.632872 0.000000 0.774256 0.660537 0.660537 0.660537
6102.596680 0.000000 3522.562500 0.000000 0.943762 0.000000 0.330625 0.395491 0.395491 0.395491
6090.587402 0.000000 3515.311523 0.000000 0.815581 0.000000 0.578643 0.516216 0.516216 0.516216
6128.863770 0.000000 3546.507324 0.000000 0.758459 0.000000 0.651721 0.502957 0.502957 0.502957
6104.050781 0.000000 3519.744141 0.000000 0.929553 0.000000 0.368688 0.489327 0.489327 0.489327
6132.959961 0.000000 3552.090332 0.000000 0.945640 0.000000 0.325216 0.541881 0.541881 0.541881
6090.685059 0.000000 3503.994629 0.000000 0.915346 0.000000 0.402669 0.488573 0.488573 0.488573
6110.604492 0.000000 3535.311523 0.000000 0.692333 0.000000 0.721578 0.508195 0.508195 0.508195
6087.856445 0.000000 3546.712891 0.000000 0.871184 0.000000 0.490957 0.653543 0.653543 0.653543
6038.343750 0.000000 3575.907959 0.000000 0.674023 0.000000 0.738711 0.393013 0.393013 0.393013
6032.687988 0.000000 3593.700684 0.000000 0.903909 0.000000 0.427724 0.644770 0.644770 0.644770
6025.640137 0.000000 3591.742676 0.000000 0.809411 0.000000 0.587243 0.575525 0.575525 0.575525
6045.381836 0.000000 3589.110840 0.000000 0.783444 0.000000 0.621462 0.447833 0.447833 0.447833
6041.591309 0.000000 3576.497314 0.000000 0.650128 0.000000 0.759825 0.568919 0.568919 0.568919
6095.977051 0.000000 3607.582764 0.000000 0.742078 0.000000 0.670314 0.587217 0.587217 0.587217
6123.041992 0.000000 3567.386475 0.000000 0.926928 0.000000 0.375239 0.622131 0.622131 0.622131
6134.518555 0.000000 3562.204590 0.000000 0.721278 0.000000 0.692646 0.547804 0.547804 0.547804
6119.927246 0.000000 3571.689697 0.000000 0.934860 0.000000 0.355017 0.535391 0.535391 0.535391
6119.286133 0.000000 3565.337891 0.000000 0.909078 0.000000 0.416626 0.545148 0.545148 0.545148
6117.195312 0.000000 3567.107910 0.000000 0.946846 0.000000 0.321687 0.679054 0.679054 0.679054
6122.270996 0.000000 3566.007324 0.000000 0.822631 0.000000 0.568576 0.615159 0.615159 0.615159
6115.450684 0.000000 3567.176270 0.000000 0.786105 0.000000 0.618093 0.662847 0.662847 0.662847
6162.409180 0.000000 3473.956299 0.000000 0.843383 0.000000 0.537313 0.392494 0.392494 0.392494
6196.127930 0.000000 3463.429443 0.000000 0.862135 0.000000 0.506679 0.457877 0.457877 0.457877
6172.897949 0.000000 3467.185791 0.000000 0.929190 0.000000 0.369602 0.683129 0.683129 0.683129
6173.062500 0.000000 3463.223145 0.000000 0.881686 0.000000 0.471837 0.678103 0.678103 0.678103
6175.909668 0.000000 3460.514404 0.000000 0.925564 0.000000 0.378592 0.568965 0.568965 0.568965
6177.556152 0.000000 3472.221191 0.000000 0.884633 0.000000 0.466287 0.678383 0.678383 0.678383
6172.327637 0.000000 3473.365479 0.000000 0.932103 0.000000 0.362194 0.544722 0.544722 0.544722
6178.170410 0.000000 3473.904297 0.000000 0.844810 0.000000 0.535067 0.646170 0.646170 0.646170
6178.989746 0.000000 3477.761230 0.000000 0.816198 0.000000 0.577773 0.674056 0.674056 0.674056
6171.871582 0.000000 3465.614258 0.000000 0.934691 0.000000 0.355461 0.683805 0.683805 0.683805
6146.931152 0.000000 3477.021484 0.000000 0.874584 0.000000 0.484874 0.648187 0.648187 0.648187
6169.702148 0.000000 3470.989014 0.000000 0.912395 0.000000 0.409311 0.497925 0.497925 0.497925
6144.129395 0.000000 3477.591553 0.000000 0.948169 0.000000 0.317768 0.532521 0.532521 0.532521
6174.429688 0.000000 3470.721924 0.000000 0.867662 0.000000 0.497155 0.676813 0.676813 0.676813
6167.098145 0.000000 3464.561279 0.000000 0.777804 0.000000 0.628506 0.468223 0.468223 0.468223
6153.291016 0.000000 3462.340088 0.000000 0.898189 0.000000 0.439609 0.679716 0.679716 0.679716
6168.543945 0.000000 3460.048340 0.000000 0.862759 0.000000 0.505615 0.495627 0.495627 0.495627
6157.914551 0.000000 3463.790039 0.000000 0.782083 0.000000 0.623174 0.670018 0.670018 0.670018
6149.821289 0.000000 3463.153076 0.000000 0.932345 0.000000 0.361570 0.592249 0.592249 0.592249
6169.273438 0.000000 3466.475342 0.000000 0.875248 0.000000 0.483675 0.651969 0.651969 0.651969
6191.961914 0.000000 3557.291260 0.000000 0.689631 0.000000 0.724161 0.581360 0.581360 0.581360
6207.474121 0.000000 3547.255615 0.000000 0.885392 0.000000 0.464845 0.458757 0.458757 0.458757
6175.070801 0.000000 3522.688477 0.000000 0.947201 0.000000 0.320641 0.538180 0.538180 0.538180
6167.098145 0.000000 3521.045654 0.000000 0.897153 0.000000 0.441720 0.497165 0.497165 0.497165
6247.675293 0.000000 3556.805176 0.000000 0.940632 0.000000 0.339428 0.395470 0.395470 0.395470
6209.278809 0.000000 3547.906494 0.000000 0.908403 0.000000 0.418097 0.586699 0.586699 0.586699
6269.359375 0.000000 3523.104736 0.000000 0.801553 0.000000 0.597924 0.433352 0.433352 0.433352
6248.552734 0.000000 3554.882324 0.000000 0.760864 0.000000 0.648911 0.670012 0.670012 0.670012
6251.937012 0.000000 3558.458740 0.000000 0.765294 0.000000 0.643680 0.672809 0.672809 0.672809
6269.495117 0.000000 3521.191406 0.000000 0.908455 0.000000 0.417984 0.658302 0.658302 0.658302
6211.196289 0.000000 3547.781738 0.000000 0.720834 0.000000 0.693108 0.494330 0.494330 0.494330
6270.777344 0.000000 3522.459473 0.000000 0.847793 0.000000 0.530328 0.588652 0.588652 0.588652
6209.717285 0.000000 3546.476318 0.000000 0.935815 0.000000 0.352491 0.588730 0.588730 0.588730
6158.486328 0.000000 3597.197510 0.000000 0.836526 0.000000 0.547928 0.556343 0.556343 0.556343
6175.716309 0.000000 3598.966309 0.000000 0.921525 0.000000 0.388319 0.648126 0.648126 0.648126
6203.459473 0.000000 3567.875732 0.000000 0.806675 0.000000 0.590995 0.649359 0.649359 0.649359
6166.808594 0.000000 3601.534668 0.000000 0.859708 0.000000 0.510785 0.677187 0.677187 0.677187
6274.873047 0.000000 3528.321533 0.000000 0.692758 0.000000 0.721170 0.419442 0.419442 0.419442
6280.383301 0.000000 3523.895020 0.000000 0.627583 0.000000 0.778550 0.440191 0.440191 0.440191
6296.739258 0.000000 3530.600342 0.000000 0.839503 0.000000 0.543355 0.617979 0.617979 0.617979
6276.679688 0.000000 3516.267578 0.000000 0.726561 0.000000 0.687102 0.457434 0.457434 0.457434
6298.051758 0.000000 3534.325439 0.000000 0.915552 0.000000 0.402199 0.524679 0.524679 0.524679
6289.551270 0.000000 3535.973145 0.000000 0.791598 0.000000 0.611042 0.611649 0.611649 0.611649
6279.009277 0.000000 3523.671143 0.000000 0.918157 0.000000 0.396217 0.683625 0.683625 0.683625
6297.687012 0.000000 3531.612305 0.000000 0.925423 0.000000 0.378935 0.623896 0.623896 0.623896
6368.505859 0.000000 3546.688965 0.000000 0.840372 0.000000 0.542010 0.517232 0.517232 0.517232
6363.848633 0.000000 3555.690430 0.000000 0.887432 0.000000 0.460939 0.496709 0.496709 0.496709
6295.654785 0.000000 3592.171143 0.000000 0.817383 0.000000 0.576094 0.392345 0.392345 0.392345
6297.637695 0.000000 3595.213135 0.000000 0.858798 0.000000 0.512315 0.563067 0.563067 0.563067
6298.051758 0.000000 3590.809814 0.000000 0.920196 0.000000 0.391458 0.465969 0.465969 0.465969
6299.568359 0.000000 3591.923096 0.000000 0.817921 0.000000 0.575330 0.462007 0.462007 0.462007
6383.961914 0.000000 3613.775635 0.000000 0.889551 0.000000 0.456837 0.521381 0.521381 0.521381
6378.151367 0.000000 3601.027100 0.000000 0.884239 0.000000 0.467034 0.500343 0.500343 0.500343
6397.805664 0.000000 3594.162109 0.000000 0.894062 0.000000 0.447943 0.682224 0.682224 0.682224
6373.564453 0.000000 3603.169189 0.000000 0.905224 0.000000 0.424935 0.525991 0.525991 0.525991
6608.139160 0.000000 3484.502930 0.000000 0.722003 0.000000 0.691890 0.527588 0.527588 0.527588
6451.409180 0.000000 3584.001953 0.000000 0.937410 0.000000 0.348229 0.420904 0.420904 0.420904
6402.786133 0.000000 3593.416260 0.000000 0.654633 0.000000 0.755947 0.483185 0.483185 0.483185
6462.298340 0.000000 3607.986328 0.000000 0.768532 0.000000 0.639811 0.421225 0.421225 0.421225
6407.299805 0.000000 3599.253662 0.000000 0.614609 0.000000 0.788832 0.472954 0.472954 0.472954
6464.313965 0.000000 3608.257568 0.000000 0.631551 0.000000 0.775334 0.489889 0.489889 0.489889
6465.707031 0.000000 3607.019531 0.000000 0.944167 0.000000 0.329468 0.685918 0.685918 0.685918
6627.895020 0.000000 3514.544922 0.000000 0.841389 0.000000 0.540430 0.392046 0.392046 0.392046
6627.024414 0.000000 3522.603271 0.000000 0.639887 0.000000 0.768469 0.401639 0.401639 0.401639
6639.774902 0.000000 3521.219727 0.000000 0.940398 0.000000 0.340075 0.672649 0.672649 0.672649
6628.762207 0.000000 3523.536377 0.000000 0.895604 0.000000 0.444853 0.680987 0.680987 0.680987
6530.523438 0.000000 3572.930420 0.000000 0.689928 0.000000 0.723878 0.608678 0.608678 0.608678
6532.679688 0.000000 3572.751953 0.000000 0.706202 0.000000 0.708010 0.430903 0.430903 0.430903
6536.084473 0.000000 3574.150635 0.000000 0.638312 0.000000 0.769778 0.666685 0.666685 0.666685
6568.266113 0.000000 3587.279053 0.000000 0.629991 0.000000 0.776603 0.508136 0.508136 0.508136
6639.221680 0.000000 3591.814209 0.000000 0.687386 0.000000 0.726292 0.665905 0.665905 0.665905
6641.665527 0.000000 3587.278320 0.000000 0.870143 0.000000 0.492800 0.469513 0.469513 0.469513
6632.686523 0.000000 3577.168701 0.000000 0.858445 0.000000 0.512906 0.604192 0.604192 0.604192
6598.483887 0.000000 3577.447998 0.000000 0.776013 0.000000 0.630717 0.577679 0.577679 0.577679
6667.621582 0.000000 3604.439209 0.000000 0.757387 0.000000 0.652966 0.613614 0.613614 0.613614
6668.710449 0.000000 3595.249512 0.000000 0.710527 0.000000 0.703670 0.640521 0.640521 0.640521
6666.104492 0.000000 3605.606445 0.000000 0.870696 0.000000 0.491822 0.619898 0.619898 0.619898
"}
object={
	name="pine_sparse_generator_2_2"
	clamp_to_water_level=no
	render_under_water=no
	generated_content=yes
	layer="semidynamic_medium"
	pdxmesh="tree_fir_003_mesh"
	count=546
	transform="1268.503296 0.000000 2539.729980 0.000000 0.988984 0.000000 -0.148024 0.531822 0.531822 0.531822
1275.060547 0.000000 2527.904785 0.000000 0.975230 0.000000 -0.221194 0.445875 0.445875 0.445875
1275.279419 0.000000 2566.998291 0.000000 0.991439 0.000000 -0.130569 0.426543 0.426543 0.426543
1275.649170 0.000000 2563.309570 0.000000 0.980428 0.000000 -0.196878 0.560833 0.560833 0.560833
1279.487793 0.000000 2558.125000 0.000000 0.999296 0.000000 0.037524 0.607720 0.607720 0.607720
1277.998047 0.000000 2574.422852 0.000000 0.952179 0.000000 0.305539 0.624479 0.624479 0.624479
1276.607178 0.000000 2559.651855 0.000000 0.981548 0.000000 -0.191218 0.636418 0.636418 0.636418
1277.135376 0.000000 2584.523438 0.000000 0.990076 0.000000 -0.140534 0.705680 0.705680 0.705680
1275.166870 0.000000 2565.489502 0.000000 0.997130 0.000000 0.075705 0.530601 0.530601 0.530601
1277.369507 0.000000 2589.092529 0.000000 0.998040 0.000000 -0.062581 0.512130 0.512130 0.512130
1279.265015 0.000000 2575.248779 0.000000 0.960822 0.000000 -0.277166 0.673382 0.673382 0.673382
1276.341309 0.000000 2651.448975 0.000000 0.988972 0.000000 0.148101 0.398890 0.398890 0.398890
1277.973755 0.000000 2602.256348 0.000000 0.997378 0.000000 -0.072364 0.504455 0.504455 0.504455
1274.815186 0.000000 2662.334717 0.000000 0.970625 0.000000 -0.240599 0.403397 0.403397 0.403397
1279.450562 0.000000 2662.694824 0.000000 0.999871 0.000000 -0.016084 0.700689 0.700689 0.700689
1278.188843 0.000000 2669.840332 0.000000 0.985498 0.000000 0.169684 0.603809 0.603809 0.603809
1267.339844 0.000000 2690.054932 0.000000 0.994040 0.000000 -0.109020 0.671443 0.671443 0.671443
1277.061157 0.000000 2655.322021 0.000000 0.969776 0.000000 0.243998 0.490086 0.490086 0.490086
1277.359375 0.000000 2675.839111 0.000000 0.975838 0.000000 -0.218497 0.501569 0.501569 0.501569
1271.776123 0.000000 2682.490479 0.000000 0.973614 0.000000 -0.228200 0.529695 0.529695 0.529695
1277.495117 0.000000 2673.925781 0.000000 0.997233 0.000000 0.074343 0.491635 0.491635 0.491635
1274.963013 0.000000 2672.904297 0.000000 0.990173 0.000000 -0.139851 0.499932 0.499932 0.499932
1277.973755 0.000000 2658.740723 0.000000 0.958337 0.000000 0.285641 0.491128 0.491128 0.491128
1276.241577 0.000000 2665.508057 0.000000 0.951131 0.000000 -0.308789 0.656357 0.656357 0.656357
1266.026733 0.000000 2690.849854 0.000000 0.985019 0.000000 -0.172446 0.673670 0.673670 0.673670
1276.446655 0.000000 2659.023438 0.000000 0.977272 0.000000 -0.211991 0.501433 0.501433 0.501433
1282.838379 0.000000 2536.610840 0.000000 0.980682 0.000000 -0.195608 0.632567 0.632567 0.632567
1291.346924 0.000000 2589.760986 0.000000 0.953667 0.000000 0.300865 0.643694 0.643694 0.643694
1280.164185 0.000000 2598.135986 0.000000 0.997800 0.000000 -0.066296 0.616691 0.616691 0.616691
1281.729858 0.000000 2574.389160 0.000000 0.972265 0.000000 0.233884 0.669027 0.669027 0.669027
1294.936279 0.000000 2588.368896 0.000000 0.988587 0.000000 -0.150652 0.704733 0.704733 0.704733
1281.866943 0.000000 2598.000000 0.000000 0.996316 0.000000 -0.085759 0.617275 0.617275 0.617275
1283.807495 0.000000 2549.598633 0.000000 0.977898 0.000000 -0.209085 0.479478 0.479478 0.479478
1294.478760 0.000000 2586.277588 0.000000 0.991229 0.000000 0.132154 0.694093 0.694093 0.694093
1282.917725 0.000000 2575.226318 0.000000 0.956464 0.000000 -0.291852 0.539202 0.539202 0.539202
1280.096802 0.000000 2581.834229 0.000000 0.983614 0.000000 -0.180287 0.636070 0.636070 0.636070
1530.085693 0.000000 2532.471191 0.000000 0.999146 0.000000 0.041312 0.698169 0.698169 0.698169
1505.615479 0.000000 2539.408203 0.000000 0.951552 0.000000 0.307489 0.593908 0.593908 0.593908
1528.393677 0.000000 2530.439209 0.000000 0.973870 0.000000 0.227104 0.594398 0.594398 0.594398
1524.127808 0.000000 2559.679443 0.000000 0.987979 0.000000 -0.154588 0.478429 0.478429 0.478429
1501.062500 0.000000 2559.473145 0.000000 0.999220 0.000000 -0.039488 0.604083 0.604083 0.604083
1501.993286 0.000000 2556.594727 0.000000 0.974681 0.000000 0.223601 0.478939 0.478939 0.478939
1510.039062 0.000000 2559.898682 0.000000 0.992074 0.000000 -0.125654 0.499638 0.499638 0.499638
1510.058228 0.000000 2558.099365 0.000000 0.999935 0.000000 0.011390 0.496826 0.496826 0.496826
1485.156372 0.000000 2550.733398 0.000000 0.951152 0.000000 -0.308723 0.503485 0.503485 0.503485
1525.526611 0.000000 2575.732422 0.000000 0.971265 0.000000 0.238000 0.661212 0.661212 0.661212
1496.543945 0.000000 2556.298340 0.000000 0.998677 0.000000 -0.051420 0.698992 0.698992 0.698992
1532.446655 0.000000 2546.054688 0.000000 0.975880 0.000000 -0.218309 0.519499 0.519499 0.519499
1509.195312 0.000000 2550.389160 0.000000 0.999259 0.000000 0.038495 0.629186 0.629186 0.629186
1498.442749 0.000000 2557.281982 0.000000 0.994915 0.000000 0.100722 0.696130 0.696130 0.696130
1535.011719 0.000000 2551.159180 0.000000 0.994945 0.000000 0.100417 0.582538 0.582538 0.582538
1519.227539 0.000000 2543.316162 0.000000 0.985184 0.000000 0.171503 0.646224 0.646224 0.646224
1290.276367 0.000000 2618.888672 0.000000 0.994063 0.000000 0.108807 0.398547 0.398547 0.398547
1280.956543 0.000000 2639.401123 0.000000 0.989062 0.000000 0.147498 0.515359 0.515359 0.515359
1300.471069 0.000000 2620.106934 0.000000 0.999445 0.000000 0.033298 0.416166 0.416166 0.416166
1306.281006 0.000000 2642.127686 0.000000 0.997661 0.000000 0.068360 0.495658 0.495658 0.495658
1324.304199 0.000000 2621.980713 0.000000 0.995604 0.000000 0.093659 0.629399 0.629399 0.629399
1281.116211 0.000000 2634.780518 0.000000 0.981699 0.000000 0.190437 0.475731 0.475731 0.475731
1304.466675 0.000000 2624.805420 0.000000 0.993024 0.000000 -0.117913 0.446103 0.446103 0.446103
1309.291748 0.000000 2609.572266 0.000000 0.995202 0.000000 0.097840 0.444420 0.444420 0.444420
1287.299561 0.000000 2639.019287 0.000000 0.988391 0.000000 -0.151930 0.500182 0.500182 0.500182
1303.052002 0.000000 2601.329102 0.000000 0.993710 0.000000 0.111983 0.558908 0.558908 0.558908
1297.646729 0.000000 2617.605957 0.000000 0.967427 0.000000 -0.253151 0.632391 0.632391 0.632391
1305.195190 0.000000 2643.856934 0.000000 0.992682 0.000000 -0.120756 0.483715 0.483715 0.483715
1301.078003 0.000000 2600.408936 0.000000 0.956770 0.000000 -0.290846 0.543189 0.543189 0.543189
1288.026367 0.000000 2652.735596 0.000000 0.966271 0.000000 0.257527 0.689394 0.689394 0.689394
1286.215454 0.000000 2614.434570 0.000000 0.971412 0.000000 0.237401 0.526810 0.526810 0.526810
1307.270386 0.000000 2650.027588 0.000000 0.983584 0.000000 0.180451 0.667122 0.667122 0.667122
1308.530762 0.000000 2639.956299 0.000000 0.981521 0.000000 -0.191354 0.536806 0.536806 0.536806
1310.899414 0.000000 2651.143066 0.000000 0.992685 0.000000 0.120731 0.529554 0.529554 0.529554
1307.848511 0.000000 2651.940430 0.000000 0.998393 0.000000 0.056668 0.671527 0.671527 0.671527
1297.241333 0.000000 2615.912598 0.000000 0.993017 0.000000 -0.117971 0.507391 0.507391 0.507391
1280.520874 0.000000 2618.051270 0.000000 0.990007 0.000000 -0.141021 0.521751 0.521751 0.521751
1325.746216 0.000000 2618.417236 0.000000 0.971192 0.000000 0.238297 0.689278 0.689278 0.689278
1307.994141 0.000000 2623.314453 0.000000 0.997741 0.000000 0.067182 0.521045 0.521045 0.521045
1306.534668 0.000000 2653.076660 0.000000 0.956623 0.000000 -0.291328 0.711856 0.711856 0.711856
1281.897461 0.000000 2621.072754 0.000000 0.996305 0.000000 0.085890 0.645208 0.645208 0.645208
1305.702271 0.000000 2623.723389 0.000000 0.990456 0.000000 -0.137828 0.535550 0.535550 0.535550
1307.663208 0.000000 2621.076904 0.000000 0.983428 0.000000 -0.181301 0.556458 0.556458 0.556458
1299.982056 0.000000 2652.463379 0.000000 0.998531 0.000000 0.054176 0.531099 0.531099 0.531099
1294.515747 0.000000 2648.228027 0.000000 0.991104 0.000000 -0.133088 0.499792 0.499792 0.499792
1305.614136 0.000000 2650.016846 0.000000 0.965602 0.000000 0.260026 0.589589 0.589589 0.589589
1307.479858 0.000000 2612.640137 0.000000 0.990766 0.000000 0.135585 0.531148 0.531148 0.531148
1301.358154 0.000000 2622.173828 0.000000 0.968496 0.000000 0.249028 0.605257 0.605257 0.605257
1286.498657 0.000000 2652.824219 0.000000 0.974364 0.000000 0.224979 0.686612 0.686612 0.686612
1280.065918 0.000000 2604.318604 0.000000 0.995007 0.000000 0.099804 0.696156 0.696156 0.696156
1288.569824 0.000000 2654.218262 0.000000 0.979244 0.000000 -0.202687 0.558988 0.558988 0.558988
1355.577515 0.000000 2642.302490 0.000000 0.996305 0.000000 -0.085882 0.506712 0.506712 0.506712
1384.984863 0.000000 2652.504639 0.000000 0.995131 0.000000 -0.098559 0.704046 0.704046 0.704046
1315.373291 0.000000 2681.708984 0.000000 0.999122 0.000000 0.041894 0.399431 0.399431 0.399431
1325.456909 0.000000 2658.979248 0.000000 0.977299 0.000000 0.211866 0.397047 0.397047 0.397047
1292.406494 0.000000 2655.713867 0.000000 0.957126 0.000000 0.289671 0.395950 0.395950 0.395950
1307.921387 0.000000 2670.721436 0.000000 0.999335 0.000000 0.036453 0.418075 0.418075 0.418075
1325.452271 0.000000 2683.335449 0.000000 0.953676 0.000000 0.300835 0.559722 0.559722 0.559722
1287.324707 0.000000 2681.375732 0.000000 0.987900 0.000000 -0.155092 0.462584 0.462584 0.462584
1305.026123 0.000000 2655.013428 0.000000 0.970648 0.000000 -0.240505 0.458160 0.458160 0.458160
1313.651611 0.000000 2690.963135 0.000000 0.979019 0.000000 -0.203770 0.505241 0.505241 0.505241
1281.439453 0.000000 2679.145020 0.000000 0.970285 0.000000 0.241965 0.492055 0.492055 0.492055
1294.486328 0.000000 2693.447510 0.000000 0.999904 0.000000 -0.013854 0.491454 0.491454 0.491454
1313.051514 0.000000 2686.957031 0.000000 0.997421 0.000000 0.071776 0.639831 0.639831 0.639831
1321.380981 0.000000 2670.713135 0.000000 0.963166 0.000000 -0.268909 0.548661 0.548661 0.548661
1284.386230 0.000000 2665.182617 0.000000 0.996382 0.000000 -0.084991 0.463295 0.463295 0.463295
1282.305054 0.000000 2656.115479 0.000000 0.962217 0.000000 0.272283 0.533651 0.533651 0.533651
1311.953247 0.000000 2660.440918 0.000000 0.999868 0.000000 -0.016239 0.497391 0.497391 0.497391
1294.008911 0.000000 2674.510742 0.000000 0.951708 0.000000 -0.307006 0.459367 0.459367 0.459367
1319.709595 0.000000 2654.767822 0.000000 0.976382 0.000000 -0.216050 0.501518 0.501518 0.501518
1288.096313 0.000000 2656.950684 0.000000 0.997244 0.000000 0.074185 0.530636 0.530636 0.530636
1291.020874 0.000000 2666.007812 0.000000 0.996208 0.000000 -0.087000 0.451497 0.451497 0.451497
1312.410645 0.000000 2672.135254 0.000000 0.991911 0.000000 0.126932 0.498338 0.498338 0.498338
1308.327393 0.000000 2682.584229 0.000000 0.978723 0.000000 -0.205185 0.463493 0.463493 0.463493
1314.989624 0.000000 2686.979980 0.000000 0.960606 0.000000 -0.277916 0.528850 0.528850 0.528850
1291.004761 0.000000 2680.585693 0.000000 0.975675 0.000000 0.219220 0.615782 0.615782 0.615782
1310.604736 0.000000 2688.045898 0.000000 0.995960 0.000000 -0.089802 0.678682 0.678682 0.678682
1287.773682 0.000000 2655.312500 0.000000 0.972415 0.000000 0.233257 0.571155 0.571155 0.571155
1312.356323 0.000000 2667.132568 0.000000 0.979330 0.000000 -0.202269 0.503219 0.503219 0.503219
1310.637329 0.000000 2672.934570 0.000000 0.997040 0.000000 -0.076890 0.581483 0.581483 0.581483
1321.913086 0.000000 2672.160400 0.000000 0.952976 0.000000 -0.303046 0.497349 0.497349 0.497349
1289.120239 0.000000 2679.040527 0.000000 0.978659 0.000000 -0.205491 0.624893 0.624893 0.624893
1313.198730 0.000000 2689.616699 0.000000 0.955990 0.000000 -0.293399 0.641732 0.641732 0.641732
1399.370483 0.000000 2688.421143 0.000000 0.999992 0.000000 0.003984 0.414647 0.414647 0.414647
1359.784668 0.000000 2696.588379 0.000000 0.996865 0.000000 0.079122 0.602599 0.602599 0.602599
1401.532715 0.000000 2669.740234 0.000000 0.979077 0.000000 -0.203489 0.517178 0.517178 0.517178
1391.221924 0.000000 2688.064209 0.000000 0.970115 0.000000 0.242644 0.647635 0.647635 0.647635
1367.342529 0.000000 2670.276367 0.000000 0.954455 0.000000 -0.298356 0.505266 0.505266 0.505266
1364.110352 0.000000 2668.403320 0.000000 0.996635 0.000000 0.081973 0.466138 0.466138 0.466138
1370.808105 0.000000 2671.771484 0.000000 0.960414 0.000000 0.278577 0.516233 0.516233 0.516233
1501.536743 0.000000 2638.294434 0.000000 0.995808 0.000000 0.091473 0.398733 0.398733 0.398733
1495.931152 0.000000 2649.998535 0.000000 0.959485 0.000000 0.281761 0.579382 0.579382 0.579382
1501.193848 0.000000 2624.492432 0.000000 0.982903 0.000000 0.184122 0.618808 0.618808 0.618808
1503.429199 0.000000 2622.209473 0.000000 0.998527 0.000000 -0.054250 0.651797 0.651797 0.651797
1521.077515 0.000000 2630.669189 0.000000 0.990639 0.000000 0.136510 0.441817 0.441817 0.441817
1503.860107 0.000000 2646.114746 0.000000 0.980998 0.000000 0.194016 0.467925 0.467925 0.467925
1508.999878 0.000000 2632.962891 0.000000 0.994568 0.000000 -0.104088 0.447844 0.447844 0.447844
1499.848511 0.000000 2651.940430 0.000000 0.951257 0.000000 -0.308400 0.565724 0.565724 0.565724
1493.837891 0.000000 2643.228516 0.000000 0.999185 0.000000 -0.040365 0.480187 0.480187 0.480187
1499.994141 0.000000 2623.314453 0.000000 0.996479 0.000000 0.083847 0.477799 0.477799 0.477799
1492.010742 0.000000 2642.490479 0.000000 0.951415 0.000000 -0.307912 0.485424 0.485424 0.485424
1502.429565 0.000000 2623.456299 0.000000 0.971449 0.000000 -0.237249 0.657929 0.657929 0.657929
1494.839355 0.000000 2648.846191 0.000000 0.998705 0.000000 0.050879 0.585852 0.585852 0.585852
1523.138062 0.000000 2630.293457 0.000000 0.999998 0.000000 -0.001918 0.542203 0.542203 0.542203
1494.076782 0.000000 2640.067139 0.000000 0.996366 0.000000 -0.085172 0.652823 0.652823 0.652823
1494.478638 0.000000 2646.187744 0.000000 0.979337 0.000000 -0.202234 0.620800 0.620800 0.620800
1494.880737 0.000000 2638.844482 0.000000 0.971771 0.000000 -0.235926 0.545849 0.545849 0.545849
1432.755737 0.000000 2674.114746 0.000000 0.999773 0.000000 -0.021328 0.424841 0.424841 0.424841
1419.567871 0.000000 2694.918945 0.000000 0.994552 0.000000 -0.104246 0.499197 0.499197 0.499197
1431.342529 0.000000 2670.276367 0.000000 0.999805 0.000000 -0.019752 0.436596 0.436596 0.436596
1431.052002 0.000000 2657.813477 0.000000 0.999949 0.000000 -0.010070 0.456059 0.456059 0.456059
1442.607544 0.000000 2707.159668 0.000000 0.977577 0.000000 0.210578 0.691361 0.691361 0.691361
1446.210083 0.000000 2688.265625 0.000000 0.980269 0.000000 -0.197668 0.618665 0.618665 0.618665
1415.860718 0.000000 2688.105713 0.000000 0.997066 0.000000 -0.076545 0.703200 0.703200 0.703200
1424.744019 0.000000 2664.360352 0.000000 0.996054 0.000000 -0.088752 0.532434 0.532434 0.532434
1425.383301 0.000000 2691.272949 0.000000 0.998351 0.000000 -0.057409 0.555347 0.555347 0.555347
1725.135376 0.000000 2415.070312 0.000000 0.998548 0.000000 -0.053868 0.645873 0.645873 0.645873
1730.873169 0.000000 2398.634033 0.000000 0.998451 0.000000 -0.055647 0.498199 0.498199 0.498199
1737.640015 0.000000 2405.570801 0.000000 0.990869 0.000000 0.134829 0.494290 0.494290 0.494290
1729.439453 0.000000 2396.723145 0.000000 0.975721 0.000000 0.219019 0.413348 0.413348 0.413348
1734.676880 0.000000 2397.593994 0.000000 0.985695 0.000000 0.168539 0.607706 0.607706 0.607706
1730.917725 0.000000 2405.773193 0.000000 0.990007 0.000000 -0.141022 0.521751 0.521751 0.521751
1733.906494 0.000000 2398.932373 0.000000 0.998739 0.000000 -0.050210 0.624087 0.624087 0.624087
1708.435303 0.000000 2464.803223 0.000000 0.962447 0.000000 0.271469 0.470285 0.470285 0.470285
1723.533813 0.000000 2434.402832 0.000000 0.976270 0.000000 0.216556 0.667741 0.667741 0.667741
1712.736572 0.000000 2475.514893 0.000000 0.997063 0.000000 -0.076587 0.498629 0.498629 0.498629
1720.204712 0.000000 2439.088867 0.000000 0.984803 0.000000 -0.173676 0.520494 0.520494 0.520494
1725.973755 0.000000 2432.803223 0.000000 0.963227 0.000000 -0.268690 0.710815 0.710815 0.710815
1537.941895 0.000000 2537.940430 0.000000 0.999896 0.000000 0.014427 0.699441 0.699441 0.699441
1562.132568 0.000000 2576.248779 0.000000 0.999850 0.000000 0.017333 0.399758 0.399758 0.399758
1541.188354 0.000000 2584.536865 0.000000 0.992487 0.000000 -0.122348 0.705166 0.705166 0.705166
1551.150513 0.000000 2595.407959 0.000000 0.985720 0.000000 0.168395 0.493594 0.493594 0.493594
1538.305054 0.000000 2543.146729 0.000000 0.983485 0.000000 -0.180990 0.707856 0.707856 0.707856
1547.577515 0.000000 2585.818115 0.000000 0.989350 0.000000 -0.145554 0.680676 0.680676 0.680676
1538.331055 0.000000 2581.742676 0.000000 0.988751 0.000000 -0.149568 0.517976 0.517976 0.517976
1547.621582 0.000000 2587.720459 0.000000 0.975716 0.000000 0.219038 0.565771 0.565771 0.565771
1537.194214 0.000000 2551.071289 0.000000 0.974974 0.000000 -0.222318 0.709070 0.709070 0.709070
1537.437988 0.000000 2579.757568 0.000000 0.965262 0.000000 -0.261283 0.644694 0.644694 0.644694
1536.096802 0.000000 2581.834229 0.000000 0.952221 0.000000 0.305409 0.548129 0.548129 0.548129
1712.749756 0.000000 2507.920166 0.000000 0.997702 0.000000 -0.067761 0.447226 0.447226 0.447226
1686.596802 0.000000 2562.328125 0.000000 0.995682 0.000000 0.092833 0.398747 0.398747 0.398747
1708.304199 0.000000 2565.496338 0.000000 0.998286 0.000000 -0.058519 0.419515 0.419515 0.419515
1688.281860 0.000000 2563.812012 0.000000 0.986764 0.000000 0.162162 0.460774 0.460774 0.460774
1708.596680 0.000000 2560.748291 0.000000 0.973439 0.000000 -0.228947 0.475879 0.475879 0.475879
1705.985107 0.000000 2562.733398 0.000000 0.999756 0.000000 -0.022091 0.688064 0.688064 0.688064
1707.779663 0.000000 2546.778320 0.000000 0.999975 0.000000 0.007115 0.532188 0.532188 0.532188
1706.270874 0.000000 2549.288574 0.000000 0.998710 0.000000 -0.050783 0.604410 0.604410 0.604410
1565.234741 0.000000 2621.989990 0.000000 0.992460 0.000000 -0.122571 0.401687 0.401687 0.401687
1540.206177 0.000000 2600.536133 0.000000 0.958177 0.000000 -0.286177 0.462985 0.462985 0.462985
1551.104492 0.000000 2603.133301 0.000000 0.966000 0.000000 -0.258542 0.502413 0.502413 0.502413
1650.335327 0.000000 2619.174316 0.000000 0.952884 0.000000 0.303336 0.395753 0.395753 0.395753
1629.260010 0.000000 2632.550537 0.000000 0.951806 0.000000 0.306701 0.400443 0.400443 0.400443
1616.405029 0.000000 2635.836426 0.000000 0.997870 0.000000 -0.065227 0.498395 0.498395 0.498395
1615.784668 0.000000 2640.104004 0.000000 0.972572 0.000000 0.232604 0.438244 0.438244 0.438244
1635.886841 0.000000 2628.905762 0.000000 0.991547 0.000000 -0.129746 0.479932 0.479932 0.479932
1614.936279 0.000000 2644.853271 0.000000 0.951745 0.000000 0.306889 0.454236 0.454236 0.454236
1615.150513 0.000000 2651.892334 0.000000 0.967320 0.000000 0.253557 0.451375 0.451375 0.451375
1631.589478 0.000000 2628.326416 0.000000 0.982369 0.000000 -0.186953 0.556599 0.556599 0.556599
1645.746216 0.000000 2618.417236 0.000000 0.988097 0.000000 0.153833 0.484202 0.484202 0.484202
1630.604736 0.000000 2631.561523 0.000000 0.990810 0.000000 -0.135259 0.589011 0.589011 0.589011
1617.633179 0.000000 2647.110107 0.000000 1.000000 0.000000 -0.000140 0.485297 0.485297 0.485297
1617.270264 0.000000 2649.098877 0.000000 0.952911 0.000000 -0.303250 0.638027 0.638027 0.638027
1622.083252 0.000000 2634.723389 0.000000 0.957500 0.000000 -0.288433 0.587284 0.587284 0.587284
1567.881958 0.000000 2657.415039 0.000000 0.995408 0.000000 -0.095724 0.499022 0.499022 0.499022
1560.739258 0.000000 2683.334717 0.000000 0.997787 0.000000 -0.066490 0.431450 0.431450 0.431450
1585.077515 0.000000 2687.153564 0.000000 0.999236 0.000000 0.039091 0.496258 0.496258 0.496258
1562.051758 0.000000 2687.059814 0.000000 0.994212 0.000000 -0.107434 0.481480 0.481480 0.481480
1599.487793 0.000000 2671.093750 0.000000 0.970637 0.000000 -0.240548 0.502033 0.502033 0.502033
1598.222290 0.000000 2677.477295 0.000000 0.951470 0.000000 0.307741 0.633931 0.633931 0.633931
1600.974365 0.000000 2667.473389 0.000000 0.962933 0.000000 0.269740 0.408707 0.408707 0.408707
1672.096313 0.000000 2600.466309 0.000000 0.996410 0.000000 -0.084655 0.498794 0.498794 0.498794
1969.044556 0.000000 2816.418213 0.000000 0.963940 0.000000 0.266120 0.396463 0.396463 0.396463
1962.451904 0.000000 2802.668457 0.000000 0.955281 0.000000 0.295699 0.402533 0.402533 0.402533
1971.409058 0.000000 2793.220703 0.000000 0.955348 0.000000 0.295483 0.417929 0.417929 0.417929
1979.279419 0.000000 2792.935791 0.000000 0.972761 0.000000 0.231809 0.440188 0.440188 0.440188
1971.473267 0.000000 2808.112305 0.000000 0.992815 0.000000 0.119657 0.422648 0.422648 0.422648
1955.024292 0.000000 2788.306396 0.000000 0.962873 0.000000 0.269954 0.410631 0.410631 0.410631
1980.605713 0.000000 2799.660889 0.000000 0.977282 0.000000 0.211942 0.426996 0.426996 0.426996
1976.956177 0.000000 2793.150146 0.000000 0.993036 0.000000 -0.117813 0.489589 0.489589 0.489589
1974.447144 0.000000 2816.943848 0.000000 0.984597 0.000000 -0.174838 0.494700 0.494700 0.494700
1960.273193 0.000000 2817.949951 0.000000 0.998799 0.000000 -0.048996 0.437073 0.437073 0.437073
1972.948608 0.000000 2794.460449 0.000000 0.988668 0.000000 0.150118 0.443528 0.443528 0.443528
1962.833130 0.000000 2791.967285 0.000000 0.951439 0.000000 -0.307836 0.509483 0.509483 0.509483
2004.386963 0.000000 2794.531494 0.000000 0.995995 0.000000 0.089407 0.518599 0.518599 0.518599
2013.193848 0.000000 2793.945557 0.000000 0.977275 0.000000 0.211976 0.515841 0.515841 0.515841
2031.221924 0.000000 2801.032959 0.000000 0.998632 0.000000 -0.052282 0.509940 0.509940 0.509940
2012.327393 0.000000 2795.552979 0.000000 0.999996 0.000000 -0.002653 0.544181 0.544181 0.544181
2009.702271 0.000000 2793.176514 0.000000 0.958613 0.000000 -0.284713 0.545044 0.545044 0.545044
1963.597290 0.000000 2826.243164 0.000000 0.953073 0.000000 -0.302739 0.419291 0.419291 0.419291
1960.628784 0.000000 2830.359131 0.000000 0.957817 0.000000 0.287377 0.412285 0.412285 0.412285
1972.201538 0.000000 2831.166748 0.000000 0.987656 0.000000 -0.156639 0.583644 0.583644 0.583644
2171.060547 0.000000 2245.482910 0.000000 0.982955 0.000000 0.183846 0.493273 0.493273 0.493273
2163.333496 0.000000 2247.298340 0.000000 0.995543 0.000000 0.094306 0.483440 0.483440 0.483440
2177.278564 0.000000 2248.765869 0.000000 0.984152 0.000000 0.177325 0.493409 0.493409 0.493409
2195.281494 0.000000 2258.545166 0.000000 0.975449 0.000000 -0.220225 0.455807 0.455807 0.455807
2187.567871 0.000000 2243.043945 0.000000 0.999978 0.000000 -0.006595 0.442267 0.442267 0.442267
2193.040771 0.000000 2255.426025 0.000000 0.999965 0.000000 0.008324 0.491010 0.491010 0.491010
2236.200928 0.000000 2246.963379 0.000000 0.982152 0.000000 0.188089 0.489317 0.489317 0.489317
2182.216797 0.000000 2250.122559 0.000000 0.966285 0.000000 0.257474 0.491727 0.491727 0.491727
2195.982178 0.000000 2257.072754 0.000000 0.967430 0.000000 -0.253140 0.494311 0.494311 0.494311
2229.526611 0.000000 2236.826172 0.000000 0.999820 0.000000 0.018947 0.496671 0.496671 0.496671
2191.107910 0.000000 2238.085693 0.000000 0.998350 0.000000 -0.057418 0.498235 0.498235 0.498235
2173.258057 0.000000 2271.389404 0.000000 0.968645 0.000000 -0.248448 0.468275 0.468275 0.468275
2167.370361 0.000000 2293.030518 0.000000 0.978886 0.000000 0.204405 0.521803 0.521803 0.521803
2175.836182 0.000000 2263.859131 0.000000 0.999681 0.000000 0.025267 0.647207 0.647207 0.647207
2174.677246 0.000000 2261.921143 0.000000 0.999637 0.000000 0.026959 0.568904 0.568904 0.568904
2169.361084 0.000000 2272.164307 0.000000 0.963914 0.000000 0.266213 0.428034 0.428034 0.428034
2171.459473 0.000000 2268.735107 0.000000 0.984977 0.000000 0.172686 0.493505 0.493505 0.493505
2173.973633 0.000000 2263.350098 0.000000 0.996025 0.000000 0.089079 0.617873 0.617873 0.617873
2171.166748 0.000000 2283.067627 0.000000 0.987885 0.000000 -0.155190 0.531988 0.531988 0.531988
2173.973633 0.000000 2319.834473 0.000000 0.975405 0.000000 -0.220420 0.501609 0.501609 0.501609
2194.852783 0.000000 2295.982422 0.000000 0.999453 0.000000 0.033072 0.399562 0.399562 0.399562
2176.205078 0.000000 2281.793701 0.000000 0.962652 0.000000 0.270742 0.396194 0.396194 0.396194
2212.534668 0.000000 2276.552979 0.000000 0.998176 0.000000 -0.060379 0.584979 0.584979 0.584979
2185.639893 0.000000 2292.602051 0.000000 0.976930 0.000000 -0.213561 0.417915 0.417915 0.417915
2213.593018 0.000000 2301.585693 0.000000 0.998375 0.000000 -0.056986 0.472633 0.472633 0.472633
2187.567871 0.000000 2299.528320 0.000000 0.986978 0.000000 0.160853 0.489875 0.489875 0.489875
2216.507812 0.000000 2283.797363 0.000000 0.999960 0.000000 0.008932 0.453766 0.453766 0.453766
2225.878906 0.000000 2271.718994 0.000000 0.976299 0.000000 0.216426 0.498380 0.498380 0.498380
2216.666260 0.000000 2305.697510 0.000000 0.965486 0.000000 0.260456 0.491664 0.491664 0.491664
2223.881836 0.000000 2272.107422 0.000000 0.957823 0.000000 -0.287358 0.457009 0.457009 0.457009
2216.504639 0.000000 2302.768555 0.000000 0.999977 0.000000 0.006738 0.483202 0.483202 0.483202
2192.782227 0.000000 2261.083984 0.000000 0.997977 0.000000 -0.063571 0.498361 0.498361 0.498361
2189.010498 0.000000 2293.399170 0.000000 0.979085 0.000000 -0.203453 0.535099 0.535099 0.535099
2224.912598 0.000000 2275.187988 0.000000 0.995767 0.000000 0.091909 0.625565 0.625565 0.625565
2215.114014 0.000000 2289.829834 0.000000 0.988419 0.000000 -0.151750 0.545796 0.545796 0.545796
2270.667969 0.000000 2295.756348 0.000000 0.998385 0.000000 0.056805 0.439256 0.439256 0.439256
2252.076904 0.000000 2294.685547 0.000000 0.961009 0.000000 -0.276517 0.444830 0.444830 0.444830
2247.561523 0.000000 2310.348877 0.000000 0.969046 0.000000 -0.246878 0.432367 0.432367 0.432367
2271.716309 0.000000 2299.825684 0.000000 0.953185 0.000000 0.302387 0.421663 0.421663 0.421663
2276.999756 0.000000 2294.056641 0.000000 0.962155 0.000000 -0.272501 0.502710 0.502710 0.502710
2282.572266 0.000000 2308.953857 0.000000 0.956242 0.000000 -0.292578 0.541225 0.541225 0.541225
2223.681152 0.000000 2318.761230 0.000000 0.997538 0.000000 -0.070124 0.474849 0.474849 0.474849
2232.357666 0.000000 2324.206299 0.000000 0.963277 0.000000 0.268512 0.541419 0.541419 0.541419
2227.156250 0.000000 2329.932373 0.000000 0.972759 0.000000 -0.231817 0.442075 0.442075 0.442075
2231.475830 0.000000 2327.754639 0.000000 0.997960 0.000000 0.063847 0.569891 0.569891 0.569891
2228.512451 0.000000 2325.713867 0.000000 0.982293 0.000000 -0.187353 0.556610 0.556610 0.556610
2196.110352 0.000000 2329.497070 0.000000 0.985135 0.000000 0.171784 0.536098 0.536098 0.536098
2230.224854 0.000000 2331.038086 0.000000 0.999593 0.000000 0.028516 0.647100 0.647100 0.647100
2201.591064 0.000000 2333.841064 0.000000 0.986797 0.000000 0.161960 0.536335 0.536335 0.536335
2218.500732 0.000000 2330.645020 0.000000 0.998779 0.000000 -0.049392 0.702180 0.702180 0.702180
2194.552002 0.000000 2327.751953 0.000000 0.952841 0.000000 -0.303469 0.503372 0.503372 0.503372
2220.925537 0.000000 2332.426758 0.000000 0.999088 0.000000 -0.042696 0.543177 0.543177 0.543177
2287.961914 0.000000 2371.119385 0.000000 0.989867 0.000000 -0.141999 0.486110 0.486110 0.486110
2249.306152 0.000000 2341.533936 0.000000 0.994149 0.000000 -0.108014 0.499275 0.499275 0.499275
2270.946777 0.000000 2329.098389 0.000000 0.999865 0.000000 -0.016413 0.462060 0.462060 0.462060
2240.060303 0.000000 2324.107666 0.000000 0.991255 0.000000 0.131957 0.505999 0.505999 0.505999
2266.396484 0.000000 2325.897217 0.000000 0.965457 0.000000 0.260563 0.474348 0.474348 0.474348
2267.705566 0.000000 2355.898193 0.000000 0.999278 0.000000 -0.038001 0.489972 0.489972 0.489972
2264.543945 0.000000 2326.036865 0.000000 0.963658 0.000000 0.267139 0.479986 0.479986 0.479986
2299.144043 0.000000 2368.049072 0.000000 0.996343 0.000000 0.085442 0.491410 0.491410 0.491410
2241.194336 0.000000 2325.133789 0.000000 0.981351 0.000000 -0.192223 0.512951 0.512951 0.512951
2270.637207 0.000000 2390.512695 0.000000 0.992337 0.000000 -0.123559 0.499595 0.499595 0.499595
2317.897461 0.000000 2415.451660 0.000000 0.983955 0.000000 -0.178418 0.500732 0.500732 0.500732
2306.702148 0.000000 2377.506592 0.000000 0.999522 0.000000 0.030919 0.531638 0.531638 0.531638
2320.763916 0.000000 2444.780029 0.000000 0.999776 0.000000 0.021164 0.412432 0.412432 0.412432
2337.651611 0.000000 2465.025635 0.000000 0.996522 0.000000 -0.083331 0.463265 0.463265 0.463265
2314.112305 0.000000 2446.981934 0.000000 0.997706 0.000000 0.067701 0.495672 0.495672 0.495672
2333.291748 0.000000 2440.119141 0.000000 0.986621 0.000000 -0.163028 0.454797 0.454797 0.454797
2356.417969 0.000000 2459.153076 0.000000 0.999553 0.000000 -0.029895 0.424974 0.424974 0.424974
2365.048584 0.000000 2468.093506 0.000000 0.981536 0.000000 -0.191277 0.501000 0.501000 0.501000
2333.993164 0.000000 2443.625977 0.000000 0.970238 0.000000 0.242153 0.445796 0.445796 0.445796
2314.859131 0.000000 2436.356689 0.000000 0.989845 0.000000 -0.142149 0.468290 0.468290 0.468290
2338.989746 0.000000 2461.042480 0.000000 0.959836 0.000000 -0.280560 0.502882 0.502882 0.502882
2329.412842 0.000000 2468.939697 0.000000 0.965131 0.000000 -0.261768 0.526474 0.526474 0.526474
2328.838135 0.000000 2466.939697 0.000000 0.989749 0.000000 0.142820 0.488303 0.488303 0.488303
2313.291260 0.000000 2445.621338 0.000000 0.996892 0.000000 -0.078776 0.498673 0.498673 0.498673
2326.662842 0.000000 2463.719482 0.000000 0.999050 0.000000 -0.043580 0.497951 0.497951 0.497951
2326.083252 0.000000 2465.270264 0.000000 0.963448 0.000000 -0.267894 0.552641 0.552641 0.552641
2326.076904 0.000000 2470.614014 0.000000 0.998375 0.000000 -0.056988 0.604589 0.604589 0.604589
2372.637939 0.000000 2447.400879 0.000000 0.995646 0.000000 -0.093212 0.647157 0.647157 0.647157
2401.615479 0.000000 2482.923828 0.000000 0.965380 0.000000 -0.260846 0.448551 0.448551 0.448551
2372.206299 0.000000 2431.083008 0.000000 0.999947 0.000000 -0.010297 0.497270 0.497270 0.497270
2398.899414 0.000000 2481.689941 0.000000 0.994669 0.000000 -0.103116 0.459673 0.459673 0.459673
2386.458496 0.000000 2463.924072 0.000000 0.971439 0.000000 -0.237290 0.577859 0.577859 0.577859
2373.821045 0.000000 2446.434326 0.000000 0.988310 0.000000 -0.152456 0.649102 0.649102 0.649102
2406.658447 0.000000 2493.533447 0.000000 0.999976 0.000000 -0.006860 0.475620 0.475620 0.475620
2418.636963 0.000000 2495.766846 0.000000 0.999123 0.000000 0.041869 0.488382 0.488382 0.488382
2403.859863 0.000000 2490.994873 0.000000 0.990296 0.000000 -0.138977 0.525669 0.525669 0.525669
2171.743408 0.000000 2818.461914 0.000000 0.986027 0.000000 0.166588 0.451001 0.451001 0.451001
2173.900391 0.000000 2820.802246 0.000000 0.982135 0.000000 -0.188176 0.520818 0.520818 0.520818
2190.124512 0.000000 2740.258789 0.000000 0.952660 0.000000 0.304037 0.395974 0.395974 0.395974
2192.003174 0.000000 2738.552734 0.000000 0.971978 0.000000 -0.235073 0.643832 0.643832 0.643832
2205.193848 0.000000 2737.461182 0.000000 0.988621 0.000000 -0.150427 0.432793 0.432793 0.432793
2194.931396 0.000000 2742.576172 0.000000 0.995594 0.000000 -0.093770 0.473321 0.473321 0.473321
2188.076904 0.000000 2746.560547 0.000000 0.999613 0.000000 0.027826 0.698864 0.698864 0.698864
2200.466797 0.000000 2737.774170 0.000000 0.972388 0.000000 0.233371 0.690697 0.690697 0.690697
2216.581299 0.000000 2741.514404 0.000000 0.999990 0.000000 -0.004513 0.700176 0.700176 0.700176
2216.552490 0.000000 2764.101074 0.000000 0.990952 0.000000 0.134218 0.694836 0.694836 0.694836
2198.646240 0.000000 2741.915771 0.000000 0.990137 0.000000 -0.140102 0.507861 0.507861 0.507861
2200.739258 0.000000 2739.819092 0.000000 0.985928 0.000000 -0.167171 0.564053 0.564053 0.564053
2236.195068 0.000000 2746.839111 0.000000 0.989241 0.000000 0.146296 0.439710 0.439710 0.439710
2217.028320 0.000000 2737.956787 0.000000 0.993608 0.000000 0.112887 0.477239 0.477239 0.477239
2218.936768 0.000000 2763.750244 0.000000 0.965703 0.000000 -0.259650 0.562444 0.562444 0.562444
2196.957275 0.000000 2739.410889 0.000000 0.978882 0.000000 0.204427 0.692013 0.692013 0.692013
2213.564209 0.000000 2755.903564 0.000000 0.963493 0.000000 0.267735 0.520325 0.520325 0.520325
2193.019287 0.000000 2739.867676 0.000000 0.973238 0.000000 -0.229799 0.643659 0.643659 0.643659
2216.984863 0.000000 2765.473389 0.000000 0.991710 0.000000 0.128500 0.695057 0.695057 0.695057
2215.114014 0.000000 2741.704834 0.000000 0.975771 0.000000 0.218794 0.579251 0.579251 0.579251
2259.100342 0.000000 2763.996826 0.000000 0.982660 0.000000 -0.185418 0.403603 0.403603 0.403603
2242.786133 0.000000 2746.150635 0.000000 0.997526 0.000000 -0.070300 0.640489 0.640489 0.640489
2247.626709 0.000000 2757.600342 0.000000 0.967086 0.000000 0.254449 0.689074 0.689074 0.689074
2241.116211 0.000000 2747.749268 0.000000 0.966801 0.000000 0.255529 0.689343 0.689343 0.689343
2251.567871 0.000000 2751.403320 0.000000 0.976667 0.000000 0.214761 0.509992 0.509992 0.509992
2249.114258 0.000000 2741.363770 0.000000 0.995587 0.000000 -0.093845 0.704188 0.704188 0.704188
2241.941895 0.000000 2763.877930 0.000000 0.991025 0.000000 0.133676 0.525371 0.525371 0.525371
2246.067139 0.000000 2744.385498 0.000000 0.999834 0.000000 0.018213 0.633737 0.633737 0.633737
2249.975098 0.000000 2748.761963 0.000000 0.999890 0.000000 0.014808 0.481086 0.481086 0.481086
2252.416504 0.000000 2753.167969 0.000000 0.972015 0.000000 -0.234918 0.497925 0.497925 0.497925
2247.856445 0.000000 2755.931641 0.000000 0.993987 0.000000 0.109498 0.695254 0.695254 0.695254
2252.826172 0.000000 2750.436035 0.000000 0.988620 0.000000 -0.150434 0.706294 0.706294 0.706294
2243.034668 0.000000 2765.408447 0.000000 0.995089 0.000000 -0.098989 0.703925 0.703925 0.703925
2246.455566 0.000000 2739.155273 0.000000 0.999778 0.000000 -0.021093 0.593729 0.593729 0.593729
2248.168701 0.000000 2747.025635 0.000000 0.996707 0.000000 -0.081091 0.688253 0.688253 0.688253
2239.290771 0.000000 2768.139404 0.000000 0.999607 0.000000 -0.028025 0.400369 0.400369 0.400369
2215.675293 0.000000 2822.508301 0.000000 0.993277 0.000000 0.115763 0.398482 0.398482 0.398482
2197.388916 0.000000 2810.960205 0.000000 0.999751 0.000000 0.022311 0.441785 0.441785 0.441785
2178.873291 0.000000 2794.024658 0.000000 0.999014 0.000000 -0.044385 0.433065 0.433065 0.433065
2183.324707 0.000000 2794.344482 0.000000 0.995810 0.000000 -0.091447 0.431848 0.431848 0.431848
2232.373535 0.000000 2767.872803 0.000000 0.968030 0.000000 0.250834 0.466838 0.466838 0.466838
2233.682861 0.000000 2769.890137 0.000000 0.996274 0.000000 -0.086250 0.492908 0.492908 0.492908
2201.450195 0.000000 2815.431152 0.000000 0.993343 0.000000 -0.115198 0.426302 0.426302 0.426302
2237.359375 0.000000 2788.807861 0.000000 0.999778 0.000000 -0.021077 0.700853 0.700853 0.700853
2181.852539 0.000000 2790.579834 0.000000 0.992524 0.000000 -0.122050 0.448150 0.448150 0.448150
2184.816650 0.000000 2815.742676 0.000000 0.977614 0.000000 0.210407 0.494649 0.494649 0.494649
2226.491943 0.000000 2791.374756 0.000000 0.990048 0.000000 -0.140729 0.706292 0.706292 0.706292
2235.325195 0.000000 2779.849609 0.000000 0.992887 0.000000 -0.119064 0.685677 0.685677 0.685677
2188.231934 0.000000 2770.570801 0.000000 0.994460 0.000000 -0.105112 0.473534 0.473534 0.473534
2191.104492 0.000000 2772.586426 0.000000 0.987315 0.000000 0.158773 0.546092 0.546092 0.546092
2191.409668 0.000000 2807.894531 0.000000 0.967214 0.000000 -0.253961 0.600343 0.600343 0.600343
2180.025635 0.000000 2771.959717 0.000000 0.957416 0.000000 -0.288713 0.569220 0.569220 0.569220
2228.736572 0.000000 2792.585449 0.000000 0.984880 0.000000 -0.173240 0.570174 0.570174 0.570174
2176.046631 0.000000 2822.497803 0.000000 0.976930 0.000000 0.213559 0.504231 0.504231 0.504231
2223.139160 0.000000 2781.652588 0.000000 0.999860 0.000000 0.016704 0.659236 0.659236 0.659236
2274.074463 0.000000 2773.254150 0.000000 0.999604 0.000000 -0.028141 0.400370 0.400370 0.400370
2259.875488 0.000000 2783.183105 0.000000 0.979697 0.000000 0.200482 0.432988 0.432988 0.432988
2242.523438 0.000000 2782.149170 0.000000 0.965443 0.000000 0.260615 0.460874 0.460874 0.460874
2260.737793 0.000000 2767.737305 0.000000 0.998819 0.000000 -0.048580 0.685095 0.685095 0.685095
2251.945557 0.000000 2789.802979 0.000000 0.990068 0.000000 0.140588 0.457286 0.457286 0.457286
2257.646729 0.000000 2787.059082 0.000000 0.994341 0.000000 0.106235 0.465690 0.465690 0.465690
2257.373535 0.000000 2767.840820 0.000000 0.999634 0.000000 0.027050 0.633457 0.633457 0.633457
2254.009033 0.000000 2787.479492 0.000000 0.998589 0.000000 -0.053103 0.569025 0.569025 0.569025
2242.093750 0.000000 2778.800781 0.000000 0.998515 0.000000 0.054476 0.470552 0.470552 0.470552
2251.020752 0.000000 2778.976562 0.000000 0.997791 0.000000 -0.066426 0.630502 0.630502 0.630502
2272.410645 0.000000 2785.104004 0.000000 0.991311 0.000000 0.131542 0.509891 0.509891 0.509891
2269.993164 0.000000 2782.532227 0.000000 0.978772 0.000000 0.204954 0.492832 0.492832 0.492832
2248.607910 0.000000 2781.569824 0.000000 0.983427 0.000000 -0.181306 0.693933 0.693933 0.693933
2272.870605 0.000000 2774.979980 0.000000 0.959292 0.000000 0.282416 0.676767 0.676767 0.676767
2264.548584 0.000000 2769.791260 0.000000 0.973558 0.000000 -0.228438 0.708821 0.708821 0.708821
2252.302734 0.000000 2788.132812 0.000000 0.992867 0.000000 -0.119229 0.602433 0.602433 0.602433
2270.637207 0.000000 2785.903320 0.000000 0.975012 0.000000 0.222152 0.636823 0.636823 0.636823
2261.329346 0.000000 2778.358643 0.000000 0.958290 0.000000 -0.285798 0.559110 0.559110 0.559110
2246.925537 0.000000 2775.831543 0.000000 0.992702 0.000000 0.120595 0.498470 0.498470 0.498470
2251.846924 0.000000 2771.981445 0.000000 0.973979 0.000000 0.226639 0.534770 0.534770 0.534770
2259.355225 0.000000 2767.768066 0.000000 0.994517 0.000000 0.104578 0.644590 0.644590 0.644590
2173.524414 0.000000 2829.732178 0.000000 0.985323 0.000000 -0.170702 0.402218 0.402218 0.402218
2164.127686 0.000000 2842.101318 0.000000 0.999761 0.000000 0.021875 0.424170 0.424170 0.424170
2142.946777 0.000000 2837.457764 0.000000 0.999683 0.000000 -0.025178 0.599739 0.599739 0.599739
2173.061279 0.000000 2824.775146 0.000000 0.998820 0.000000 -0.048572 0.620098 0.620098 0.620098
2172.870850 0.000000 2831.611328 0.000000 0.959886 0.000000 0.280391 0.437420 0.437420 0.437420
2164.201660 0.000000 2831.166748 0.000000 0.999644 0.000000 -0.026686 0.515287 0.515287 0.515287
2148.762207 0.000000 2845.723877 0.000000 0.995125 0.000000 -0.098617 0.481309 0.481309 0.481309
2168.204834 0.000000 2834.479492 0.000000 0.958938 0.000000 -0.283615 0.561060 0.561060 0.561060
2163.232666 0.000000 2843.572754 0.000000 0.986151 0.000000 0.165851 0.468459 0.468459 0.468459
2144.125000 0.000000 2833.360840 0.000000 0.998598 0.000000 0.052931 0.552607 0.552607 0.552607
2161.404785 0.000000 2843.676758 0.000000 0.959035 0.000000 0.283288 0.466209 0.466209 0.466209
2167.988525 0.000000 2839.842041 0.000000 0.951979 0.000000 0.306163 0.584406 0.584406 0.584406
2146.940674 0.000000 2834.305176 0.000000 0.976902 0.000000 0.213689 0.563988 0.563988 0.563988
2212.142334 0.000000 2824.313965 0.000000 0.999862 0.000000 0.016623 0.551551 0.551551 0.551551
2216.628906 0.000000 2830.359131 0.000000 0.972764 0.000000 -0.231796 0.434112 0.434112 0.434112
2187.020752 0.000000 2835.460938 0.000000 0.982849 0.000000 0.184412 0.442939 0.442939 0.442939
2189.681152 0.000000 2837.991455 0.000000 0.989276 0.000000 0.146057 0.482417 0.482417 0.482417
2176.976074 0.000000 2824.739014 0.000000 0.999550 0.000000 0.029984 0.539484 0.539484 0.539484
2678.447266 0.000000 2929.912598 0.000000 0.966510 0.000000 -0.256629 0.598416 0.598416 0.598416
2664.273193 0.000000 2930.918701 0.000000 0.991311 0.000000 0.131541 0.451619 0.451619 0.451619
2658.607666 0.000000 2933.097168 0.000000 0.972316 0.000000 0.233670 0.465239 0.465239 0.465239
2647.097900 0.000000 2899.717529 0.000000 0.974597 0.000000 -0.223965 0.495705 0.495705 0.495705
2660.175781 0.000000 2935.617920 0.000000 0.999904 0.000000 0.013870 0.584914 0.584914 0.584914
2660.142334 0.000000 2937.282715 0.000000 0.973457 0.000000 0.228870 0.432514 0.432514 0.432514
6012.529297 0.000000 3478.980225 0.000000 0.990551 0.000000 -0.137143 0.559319 0.559319 0.559319
6076.370605 0.000000 3434.959229 0.000000 0.998581 0.000000 0.053247 0.472528 0.472528 0.472528
6068.752441 0.000000 3435.459717 0.000000 0.994932 0.000000 -0.100554 0.435941 0.435941 0.435941
6072.393555 0.000000 3434.189209 0.000000 0.992882 0.000000 -0.119099 0.550947 0.550947 0.550947
6079.474121 0.000000 3434.286865 0.000000 0.956709 0.000000 -0.291048 0.711715 0.711715 0.711715
6072.254883 0.000000 3436.444824 0.000000 0.996366 0.000000 0.085175 0.551805 0.551805 0.551805
6070.766602 0.000000 3433.663086 0.000000 0.995924 0.000000 -0.090198 0.703465 0.703465 0.703465
6077.407227 0.000000 3426.446045 0.000000 0.995240 0.000000 -0.097458 0.703744 0.703744 0.703744
6079.198730 0.000000 3424.082520 0.000000 0.985687 0.000000 0.168586 0.603841 0.603841 0.603841
6118.352539 0.000000 3438.250977 0.000000 0.978120 0.000000 -0.208043 0.700934 0.700934 0.700934
6120.552734 0.000000 3441.913574 0.000000 0.994350 0.000000 0.106148 0.562945 0.562945 0.562945
6108.971191 0.000000 3434.375244 0.000000 0.953469 0.000000 0.301492 0.622707 0.622707 0.622707
6129.522949 0.000000 3443.734375 0.000000 0.990416 0.000000 0.138116 0.694140 0.694140 0.694140
6080.096680 0.000000 3429.099854 0.000000 0.999403 0.000000 0.034542 0.698460 0.698460 0.698460
6043.115234 0.000000 3474.830566 0.000000 0.984556 0.000000 -0.175067 0.492719 0.492719 0.492719
6023.626953 0.000000 3491.897217 0.000000 0.989841 0.000000 -0.142176 0.539617 0.539617 0.539617
6020.637695 0.000000 3464.119629 0.000000 0.999977 0.000000 0.006800 0.608624 0.608624 0.608624
6022.227051 0.000000 3490.121826 0.000000 0.951548 0.000000 -0.307500 0.543598 0.543598 0.543598
6042.051758 0.000000 3477.841064 0.000000 0.984900 0.000000 -0.173126 0.707754 0.707754 0.707754
6023.856445 0.000000 3490.228516 0.000000 0.991692 0.000000 -0.128639 0.539297 0.539297 0.539297
6059.314453 0.000000 3490.732178 0.000000 0.966402 0.000000 0.257036 0.612674 0.612674 0.612674
6099.150879 0.000000 3479.308350 0.000000 0.994910 0.000000 0.100771 0.696110 0.696110 0.696110
6137.532715 0.000000 3460.521484 0.000000 0.971603 0.000000 0.236618 0.689480 0.689480 0.689480
6141.359375 0.000000 3466.620361 0.000000 0.986960 0.000000 0.160965 0.685193 0.685193 0.685193
6081.798828 0.000000 3495.485840 0.000000 0.976716 0.000000 0.214537 0.565892 0.565892 0.565892
6091.631836 0.000000 3462.063232 0.000000 0.991449 0.000000 0.130494 0.694385 0.694385 0.694385
6085.476562 0.000000 3496.825195 0.000000 0.999310 0.000000 -0.037132 0.442776 0.442776 0.442776
6091.119141 0.000000 3499.166016 0.000000 0.971083 0.000000 -0.238744 0.668004 0.668004 0.668004
6090.587402 0.000000 3458.827148 0.000000 0.952190 0.000000 -0.305507 0.537525 0.537525 0.537525
6136.123047 0.000000 3448.890381 0.000000 0.992513 0.000000 -0.122140 0.501544 0.501544 0.501544
6088.607910 0.000000 3459.382324 0.000000 0.995721 0.000000 -0.092407 0.704124 0.704124 0.704124
6101.837891 0.000000 3490.494141 0.000000 0.952293 0.000000 -0.305184 0.638090 0.638090 0.638090
6097.954102 0.000000 3483.571045 0.000000 0.972078 0.000000 0.234659 0.501842 0.501842 0.501842
6140.606934 0.000000 3463.401855 0.000000 0.982165 0.000000 -0.188020 0.616380 0.616380 0.616380
6080.313965 0.000000 3495.288818 0.000000 0.964748 0.000000 0.263175 0.564576 0.564576 0.564576
6086.455566 0.000000 3473.452148 0.000000 0.990956 0.000000 -0.134190 0.583033 0.583033 0.583033
6138.513184 0.000000 3459.243164 0.000000 0.999919 0.000000 0.012751 0.575151 0.575151 0.575151
6007.988281 0.000000 3517.654541 0.000000 0.999818 0.000000 -0.019100 0.607421 0.607421 0.607421
5936.015137 0.000000 3586.297119 0.000000 0.994356 0.000000 0.106093 0.398514 0.398514 0.398514
5941.702637 0.000000 3576.352539 0.000000 0.999828 0.000000 -0.018570 0.617226 0.617226 0.617226
5978.413574 0.000000 3566.787109 0.000000 0.979201 0.000000 0.202895 0.591257 0.591257 0.591257
6061.602051 0.000000 3541.956299 0.000000 0.999408 0.000000 0.034412 0.574575 0.574575 0.574575
6060.435059 0.000000 3538.006348 0.000000 0.992553 0.000000 -0.121816 0.495603 0.495603 0.495603
6022.227051 0.000000 3546.606201 0.000000 0.997968 0.000000 -0.063725 0.702563 0.702563 0.702563
6030.008789 0.000000 3521.776367 0.000000 0.959667 0.000000 -0.281140 0.712401 0.712401 0.712401
6033.241211 0.000000 3519.662598 0.000000 0.989358 0.000000 -0.145501 0.705958 0.705958 0.705958
6023.856445 0.000000 3546.712891 0.000000 0.999540 0.000000 0.030339 0.698780 0.698780 0.698780
6033.973633 0.000000 3516.952637 0.000000 0.974350 0.000000 -0.225039 0.693566 0.693566 0.693566
6063.751465 0.000000 3539.591309 0.000000 0.959398 0.000000 -0.282057 0.571050 0.571050 0.571050
6032.717773 0.000000 3514.368408 0.000000 0.991689 0.000000 -0.128659 0.513557 0.513557 0.513557
6104.281738 0.000000 3524.046387 0.000000 0.999997 0.000000 0.002413 0.436235 0.436235 0.436235
6085.188477 0.000000 3544.771240 0.000000 0.999993 0.000000 0.003716 0.440135 0.440135 0.440135
6086.227051 0.000000 3546.606201 0.000000 0.974854 0.000000 0.222844 0.663675 0.663675 0.663675
6128.736816 0.000000 3548.718018 0.000000 0.986414 0.000000 -0.164276 0.544113 0.544113 0.544113
6111.589355 0.000000 3532.076416 0.000000 0.978635 0.000000 0.205607 0.596956 0.596956 0.596956
6084.645020 0.000000 3546.645020 0.000000 0.958421 0.000000 -0.285357 0.565118 0.565118 0.565118
6106.808105 0.000000 3519.037109 0.000000 0.999410 0.000000 0.034348 0.519825 0.519825 0.519825
6086.787598 0.000000 3506.922852 0.000000 0.996445 0.000000 -0.084240 0.544172 0.544172 0.544172
6029.917480 0.000000 3589.961914 0.000000 0.999944 0.000000 0.010604 0.418467 0.418467 0.418467
6023.860840 0.000000 3591.855713 0.000000 0.999767 0.000000 0.021564 0.608189 0.608189 0.608189
6136.373535 0.000000 3558.654053 0.000000 0.985020 0.000000 0.172441 0.508996 0.508996 0.508996
6135.474609 0.000000 3563.586182 0.000000 0.993082 0.000000 -0.117425 0.570699 0.570699 0.570699
6088.816895 0.000000 3606.523926 0.000000 0.999999 0.000000 0.001278 0.618589 0.618589 0.618589
6094.922852 0.000000 3588.736328 0.000000 0.993155 0.000000 0.116804 0.551015 0.551015 0.551015
6177.496582 0.000000 3469.777588 0.000000 0.959598 0.000000 0.281374 0.687937 0.687937 0.687937
6160.434082 0.000000 3475.608154 0.000000 0.992817 0.000000 0.119641 0.655725 0.655725 0.655725
6178.441895 0.000000 3479.510254 0.000000 0.962404 0.000000 0.271624 0.452970 0.452970 0.452970
6175.885254 0.000000 3464.737061 0.000000 0.992157 0.000000 0.124995 0.430344 0.430344 0.430344
6153.640137 0.000000 3478.773926 0.000000 0.965757 0.000000 -0.259450 0.434566 0.434566 0.434566
6162.931641 0.000000 3476.873047 0.000000 0.986236 0.000000 0.165342 0.441327 0.441327 0.441327
6145.729980 0.000000 3478.139160 0.000000 0.960382 0.000000 -0.278686 0.516853 0.516853 0.516853
6154.587402 0.000000 3458.827148 0.000000 0.996395 0.000000 -0.084839 0.703785 0.703785 0.703785
6192.094238 0.000000 3462.656250 0.000000 0.971467 0.000000 0.237176 0.689329 0.689329 0.689329
6179.914551 0.000000 3474.305908 0.000000 0.953777 0.000000 0.300514 0.686505 0.686505 0.686505
6195.232422 0.000000 3464.900879 0.000000 0.997572 0.000000 -0.069637 0.703106 0.703106 0.703106
6174.555664 0.000000 3467.884277 0.000000 0.974650 0.000000 0.223736 0.689944 0.689944 0.689944
6156.302734 0.000000 3465.945312 0.000000 0.962997 0.000000 -0.269512 0.568711 0.568711 0.568711
6159.572266 0.000000 3477.146729 0.000000 0.956088 0.000000 0.293081 0.645873 0.645873 0.645873
6175.070801 0.000000 3466.204102 0.000000 0.995187 0.000000 -0.097997 0.704374 0.704374 0.704374
6195.356445 0.000000 3467.722168 0.000000 0.995038 0.000000 -0.099494 0.704136 0.704136 0.704136
6163.159180 0.000000 3465.766357 0.000000 0.994038 0.000000 -0.109030 0.493367 0.493367 0.493367
6155.125000 0.000000 3464.803467 0.000000 0.973858 0.000000 0.227156 0.690989 0.690989 0.690989
6149.865234 0.000000 3480.372803 0.000000 0.978298 0.000000 0.207204 0.519809 0.519809 0.519809
6192.912598 0.000000 3461.359863 0.000000 0.982924 0.000000 0.184015 0.543532 0.543532 0.543532
6151.852051 0.000000 3539.208740 0.000000 0.967283 0.000000 -0.253698 0.466378 0.466378 0.466378
6177.168457 0.000000 3522.323486 0.000000 0.999789 0.000000 0.020538 0.480975 0.480975 0.480975
6164.786621 0.000000 3519.367188 0.000000 0.965595 0.000000 0.260049 0.618324 0.618324 0.618324
6271.940430 0.000000 3521.480713 0.000000 0.999648 0.000000 0.026528 0.439757 0.439757 0.439757
6252.424316 0.000000 3554.577393 0.000000 0.969139 0.000000 -0.246516 0.440330 0.440330 0.440330
6246.249512 0.000000 3555.723389 0.000000 0.970881 0.000000 -0.239561 0.613936 0.613936 0.613936
6208.036621 0.000000 3547.058594 0.000000 0.999925 0.000000 -0.012223 0.599369 0.599369 0.599369
6165.389160 0.000000 3601.741455 0.000000 0.959195 0.000000 0.282745 0.433531 0.433531 0.433531
6204.241699 0.000000 3569.258057 0.000000 0.996387 0.000000 0.084925 0.567389 0.567389 0.567389
6164.371582 0.000000 3595.053711 0.000000 0.958056 0.000000 -0.286580 0.503010 0.503010 0.503010
6288.434082 0.000000 3532.092529 0.000000 0.992622 0.000000 0.121250 0.469301 0.469301 0.469301
6281.306152 0.000000 3527.705811 0.000000 0.994475 0.000000 0.104969 0.500743 0.500743 0.500743
6278.215332 0.000000 3518.184570 0.000000 0.974714 0.000000 0.223457 0.507870 0.507870 0.507870
6278.483887 0.000000 3520.963623 0.000000 0.969854 0.000000 -0.243687 0.596042 0.596042 0.596042
6287.572266 0.000000 3533.631104 0.000000 0.996326 0.000000 -0.085640 0.684465 0.684465 0.684465
6279.944824 0.000000 3529.969482 0.000000 0.964383 0.000000 -0.264509 0.670920 0.670920 0.670920
6279.860840 0.000000 3535.371338 0.000000 0.960734 0.000000 -0.277470 0.710785 0.710785 0.710785
6370.456055 0.000000 3546.984131 0.000000 0.996968 0.000000 -0.077810 0.583481 0.583481 0.583481
6364.806641 0.000000 3552.394287 0.000000 0.968216 0.000000 -0.250116 0.709741 0.709741 0.709741
6302.667969 0.000000 3594.896973 0.000000 0.997872 0.000000 0.065202 0.526942 0.526942 0.526942
6296.535645 0.000000 3593.559326 0.000000 0.989398 0.000000 -0.145232 0.494099 0.494099 0.494099
6302.551758 0.000000 3593.270508 0.000000 0.999270 0.000000 -0.038195 0.543070 0.543070 0.543070
6376.632324 0.000000 3598.150879 0.000000 0.978796 0.000000 0.204840 0.614308 0.614308 0.614308
6399.211914 0.000000 3569.347412 0.000000 0.982862 0.000000 0.184341 0.502933 0.502933 0.502933
6372.845703 0.000000 3604.495605 0.000000 0.954275 0.000000 -0.298930 0.690302 0.690302 0.690302
6395.533691 0.000000 3564.090332 0.000000 0.991874 0.000000 0.127228 0.490561 0.490561 0.490561
6394.544922 0.000000 3590.486328 0.000000 0.954814 0.000000 0.297203 0.496633 0.496633 0.496633
6378.734375 0.000000 3606.529785 0.000000 0.980740 0.000000 -0.195317 0.590680 0.590680 0.590680
6376.332520 0.000000 3596.718506 0.000000 0.980532 0.000000 -0.196359 0.572773 0.572773 0.572773
6374.914062 0.000000 3601.297852 0.000000 0.998279 0.000000 -0.058645 0.577050 0.577050 0.577050
6611.258789 0.000000 3484.440430 0.000000 0.997475 0.000000 0.071025 0.639855 0.639855 0.639855
6609.954102 0.000000 3483.571045 0.000000 0.997285 0.000000 0.073633 0.485798 0.485798 0.485798
6449.818848 0.000000 3585.263428 0.000000 0.955248 0.000000 -0.295806 0.694220 0.694220 0.694220
6458.541992 0.000000 3607.686768 0.000000 0.988678 0.000000 0.150053 0.538559 0.538559 0.538559
6404.253418 0.000000 3597.881592 0.000000 0.978999 0.000000 0.203865 0.514095 0.514095 0.514095
6627.248535 0.000000 3516.392578 0.000000 0.954979 0.000000 0.296673 0.529217 0.529217 0.529217
6641.404785 0.000000 3521.489258 0.000000 0.985051 0.000000 -0.172263 0.492662 0.492662 0.492662
6627.868164 0.000000 3517.872070 0.000000 0.954229 0.000000 -0.299077 0.543391 0.543391 0.543391
6540.424805 0.000000 3576.935303 0.000000 0.967835 0.000000 -0.251588 0.403517 0.403517 0.403517
6587.325195 0.000000 3570.630859 0.000000 0.970060 0.000000 -0.242866 0.709346 0.709346 0.709346
6591.487793 0.000000 3574.843750 0.000000 0.994576 0.000000 -0.104014 0.643552 0.643552 0.643552
6596.679688 0.000000 3572.751953 0.000000 0.972216 0.000000 -0.234084 0.440122 0.440122 0.440122
6614.173340 0.000000 3597.857178 0.000000 0.969810 0.000000 -0.243862 0.570035 0.570035 0.570035
6597.125488 0.000000 3571.246826 0.000000 0.974800 0.000000 0.223079 0.634871 0.634871 0.634871
6668.076660 0.000000 3593.826172 0.000000 0.981632 0.000000 0.190787 0.437021 0.437021 0.437021
6665.975098 0.000000 3596.027588 0.000000 0.979789 0.000000 0.200033 0.604827 0.604827 0.604827
6671.107910 0.000000 3593.710693 0.000000 0.954672 0.000000 0.297659 0.615203 0.615203 0.615203
"}
object={
	name="pine_sparse_generator_2_3"
	clamp_to_water_level=no
	render_under_water=no
	generated_content=yes
	layer="semidynamic_medium"
	pdxmesh="tree_fir_004_mesh"
	count=583
	transform="1268.960205 0.000000 2535.371582 0.000000 0.778807 0.000000 -0.627264 0.632919 0.632919 0.632919
1271.191162 0.000000 2527.203125 0.000000 0.878314 0.000000 -0.478084 0.519461 0.519461 0.519461
1273.594482 0.000000 2531.130371 0.000000 0.782628 0.000000 -0.622490 0.665998 0.665998 0.665998
1274.989014 0.000000 2575.430908 0.000000 0.734363 0.000000 -0.678757 0.413523 0.413523 0.413523
1279.545410 0.000000 2573.755859 0.000000 0.636500 0.000000 -0.771277 0.622071 0.622071 0.622071
1273.361084 0.000000 2554.586182 0.000000 0.601092 0.000000 -0.799180 0.507649 0.507649 0.507649
1277.495117 0.000000 2560.957031 0.000000 0.782853 0.000000 -0.622207 0.607837 0.607837 0.607837
1275.122925 0.000000 2581.223145 0.000000 0.660821 0.000000 -0.750543 0.733156 0.733156 0.733156
1277.407227 0.000000 2579.180420 0.000000 0.886815 0.000000 -0.462124 0.667951 0.667951 0.667951
1277.805542 0.000000 2577.443359 0.000000 0.943692 0.000000 -0.330824 0.572362 0.572362 0.572362
1279.538696 0.000000 2556.281982 0.000000 0.946295 0.000000 -0.323305 0.660899 0.660899 0.660899
1275.111816 0.000000 2582.919922 0.000000 0.677397 0.000000 -0.735618 0.681585 0.681585 0.681585
1279.011719 0.000000 2607.643555 0.000000 0.949481 0.000000 -0.313826 0.674701 0.674701 0.674701
1278.061768 0.000000 2606.469482 0.000000 0.758709 0.000000 -0.651430 0.688119 0.688119 0.688119
1279.836060 0.000000 2659.249756 0.000000 0.867622 0.000000 -0.497225 0.585232 0.585232 0.585232
1275.596436 0.000000 2671.291992 0.000000 0.871334 0.000000 -0.490690 0.507560 0.507560 0.507560
1272.713501 0.000000 2684.188721 0.000000 0.740615 0.000000 -0.671929 0.495629 0.495629 0.495629
1276.870728 0.000000 2662.158203 0.000000 0.888408 0.000000 -0.459054 0.708829 0.708829 0.708829
1275.459473 0.000000 2664.125732 0.000000 0.814086 0.000000 -0.580744 0.509746 0.509746 0.509746
1266.737793 0.000000 2688.263184 0.000000 0.679645 0.000000 -0.733541 0.551397 0.551397 0.551397
1266.333252 0.000000 2693.702148 0.000000 0.879481 0.000000 -0.475933 0.615232 0.615232 0.615232
1264.299683 0.000000 2690.912109 0.000000 0.650184 0.000000 -0.759777 0.525154 0.525154 0.525154
1277.523560 0.000000 2668.351074 0.000000 0.671065 0.000000 -0.741398 0.516239 0.516239 0.516239
1277.121704 0.000000 2670.990723 0.000000 0.923461 0.000000 -0.383691 0.531359 0.531359 0.531359
1278.787476 0.000000 2673.449707 0.000000 0.661301 0.000000 -0.750121 0.612736 0.612736 0.612736
1285.476685 0.000000 2536.590820 0.000000 0.847642 0.000000 -0.530569 0.449446 0.449446 0.449446
1281.116211 0.000000 2578.296143 0.000000 0.703983 0.000000 -0.710217 0.609024 0.609024 0.609024
1281.798950 0.000000 2591.735840 0.000000 0.939736 0.000000 -0.341900 0.704092 0.704092 0.704092
1292.884766 0.000000 2588.779297 0.000000 0.875919 0.000000 -0.482458 0.720148 0.720148 0.720148
1283.459351 0.000000 2578.313232 0.000000 0.718772 0.000000 -0.695246 0.730564 0.730564 0.730564
1282.702148 0.000000 2546.959717 0.000000 0.591972 0.000000 -0.805959 0.554028 0.554028 0.554028
1299.869141 0.000000 2593.116455 0.000000 0.843419 0.000000 -0.537256 0.725275 0.725275 0.725275
1281.437988 0.000000 2579.757568 0.000000 0.657090 0.000000 -0.753812 0.610789 0.610789 0.610789
1524.503296 0.000000 2539.729980 0.000000 0.797072 0.000000 -0.603884 0.520605 0.520605 0.520605
1518.584106 0.000000 2534.093018 0.000000 0.849700 0.000000 -0.527267 0.514552 0.514552 0.514552
1526.407227 0.000000 2538.348145 0.000000 0.698929 0.000000 -0.715191 0.730638 0.730638 0.730638
1520.736572 0.000000 2531.999268 0.000000 0.590981 0.000000 -0.806685 0.657660 0.657660 0.657660
1531.498169 0.000000 2532.346436 0.000000 0.923821 0.000000 -0.382825 0.717404 0.717404 0.717404
1468.870728 0.000000 2549.189453 0.000000 0.771220 0.000000 -0.636569 0.482390 0.482390 0.482390
1461.819214 0.000000 2550.422607 0.000000 0.919856 0.000000 -0.392256 0.505312 0.505312 0.505312
1531.206421 0.000000 2571.777588 0.000000 0.907221 0.000000 -0.420654 0.409099 0.409099 0.409099
1510.658447 0.000000 2550.017822 0.000000 0.828267 0.000000 -0.560333 0.684176 0.684176 0.684176
1531.279419 0.000000 2566.998291 0.000000 0.671249 0.000000 -0.741232 0.491298 0.491298 0.491298
1487.571045 0.000000 2548.409424 0.000000 0.740634 0.000000 -0.671908 0.450327 0.450327 0.450327
1503.885010 0.000000 2560.987061 0.000000 0.858057 0.000000 -0.513555 0.686390 0.686390 0.686390
1528.956177 0.000000 2567.212646 0.000000 0.685674 0.000000 -0.727909 0.513752 0.513752 0.513752
1495.342529 0.000000 2557.307617 0.000000 0.622988 0.000000 -0.782231 0.463361 0.463361 0.463361
1495.989624 0.000000 2554.826660 0.000000 0.840864 0.000000 -0.541247 0.701998 0.701998 0.701998
1507.805054 0.000000 2560.711182 0.000000 0.926045 0.000000 -0.377414 0.714710 0.714710 0.714710
1511.815552 0.000000 2551.350586 0.000000 0.645108 0.000000 -0.764091 0.693626 0.693626 0.693626
1475.807495 0.000000 2549.598633 0.000000 0.758984 0.000000 -0.651109 0.503331 0.503331 0.503331
1518.407837 0.000000 2568.966797 0.000000 0.624970 0.000000 -0.780649 0.494534 0.494534 0.494534
1495.097900 0.000000 2560.811279 0.000000 0.714902 0.000000 -0.699225 0.502561 0.502561 0.502561
1532.396973 0.000000 2568.084961 0.000000 0.623615 0.000000 -0.781732 0.515434 0.515434 0.515434
1531.157593 0.000000 2543.548584 0.000000 0.666049 0.000000 -0.745908 0.514297 0.514297 0.514297
1499.479858 0.000000 2556.155762 0.000000 0.662651 0.000000 -0.748928 0.732469 0.732469 0.732469
1527.597168 0.000000 2548.713135 0.000000 0.684466 0.000000 -0.729045 0.557500 0.557500 0.557500
1515.614258 0.000000 2552.021240 0.000000 0.809684 0.000000 -0.586866 0.652106 0.652106 0.652106
1525.412354 0.000000 2544.592773 0.000000 0.756594 0.000000 -0.653885 0.728460 0.728460 0.728460
1286.202026 0.000000 2609.793945 0.000000 0.630762 0.000000 -0.775976 0.423811 0.423811 0.423811
1306.516602 0.000000 2637.060059 0.000000 0.785893 0.000000 -0.618363 0.459411 0.459411 0.459411
1300.386963 0.000000 2625.078369 0.000000 0.822036 0.000000 -0.569436 0.560739 0.560739 0.560739
1281.439453 0.000000 2622.660645 0.000000 0.937363 0.000000 -0.348354 0.514404 0.514404 0.514404
1289.306274 0.000000 2623.955811 0.000000 0.658418 0.000000 -0.752652 0.458431 0.458431 0.458431
1310.946777 0.000000 2611.520264 0.000000 0.830530 0.000000 -0.556974 0.470349 0.470349 0.470349
1288.383423 0.000000 2620.145020 0.000000 0.690961 0.000000 -0.722892 0.470090 0.470090 0.470090
1320.552612 0.000000 2651.132324 0.000000 0.687696 0.000000 -0.725999 0.513695 0.513695 0.513695
1309.062500 0.000000 2615.957520 0.000000 0.924903 0.000000 -0.380202 0.446647 0.446647 0.446647
1321.461914 0.000000 2653.880859 0.000000 0.727813 0.000000 -0.685776 0.512531 0.512531 0.512531
1311.909790 0.000000 2613.248779 0.000000 0.903562 0.000000 -0.428457 0.518273 0.518273 0.518273
1281.541504 0.000000 2619.445312 0.000000 0.774944 0.000000 -0.632030 0.533731 0.533731 0.533731
1304.941406 0.000000 2648.509033 0.000000 0.943261 0.000000 -0.332051 0.514037 0.514037 0.514037
1325.502441 0.000000 2620.642090 0.000000 0.807361 0.000000 -0.590058 0.652230 0.652230 0.652230
1304.050781 0.000000 2615.994141 0.000000 0.834642 0.000000 -0.550793 0.476333 0.476333 0.476333
1307.789307 0.000000 2633.460938 0.000000 0.931254 0.000000 -0.364370 0.551067 0.551067 0.551067
1307.981201 0.000000 2642.222900 0.000000 0.918978 0.000000 -0.394309 0.505358 0.505358 0.505358
1307.020386 0.000000 2646.489502 0.000000 0.860652 0.000000 -0.509194 0.532462 0.532462 0.532462
1305.412720 0.000000 2638.392822 0.000000 0.642984 0.000000 -0.765880 0.548342 0.548342 0.548342
1308.480591 0.000000 2636.842285 0.000000 0.623644 0.000000 -0.781708 0.527975 0.527975 0.527975
1283.459351 0.000000 2634.797607 0.000000 0.670560 0.000000 -0.741855 0.516253 0.516253 0.516253
1304.838135 0.000000 2636.392822 0.000000 0.779959 0.000000 -0.625831 0.517078 0.517078 0.517078
1289.760254 0.000000 2606.982910 0.000000 0.685307 0.000000 -0.728254 0.551218 0.551218 0.551218
1295.615479 0.000000 2627.035645 0.000000 0.647351 0.000000 -0.762192 0.514805 0.514805 0.514805
1281.437988 0.000000 2636.241943 0.000000 0.918229 0.000000 -0.396049 0.659412 0.659412 0.659412
1292.990845 0.000000 2615.283447 0.000000 0.618129 0.000000 -0.786076 0.544880 0.544880 0.544880
1309.699463 0.000000 2653.884766 0.000000 0.848201 0.000000 -0.529675 0.584174 0.584174 0.584174
1302.880737 0.000000 2638.844482 0.000000 0.839304 0.000000 -0.543662 0.545645 0.545645 0.545645
1372.691528 0.000000 2646.373535 0.000000 0.691827 0.000000 -0.722063 0.428794 0.428794 0.428794
1370.534668 0.000000 2653.076660 0.000000 0.916931 0.000000 -0.399045 0.716319 0.716319 0.716319
1286.202026 0.000000 2666.278320 0.000000 0.857993 0.000000 -0.513661 0.407515 0.407515 0.407515
1302.908936 0.000000 2665.765381 0.000000 0.904854 0.000000 -0.425722 0.425292 0.425292 0.425292
1315.895264 0.000000 2667.279297 0.000000 0.649275 0.000000 -0.760554 0.419327 0.419327 0.419327
1280.974365 0.000000 2667.473389 0.000000 0.622840 0.000000 -0.782349 0.565719 0.565719 0.565719
1316.534668 0.000000 2671.943604 0.000000 0.609753 0.000000 -0.792592 0.494902 0.494902 0.494902
1313.762817 0.000000 2666.134277 0.000000 0.776643 0.000000 -0.629941 0.513071 0.513071 0.513071
1309.193848 0.000000 2680.976807 0.000000 0.802141 0.000000 -0.597135 0.483510 0.483510 0.483510
1291.910645 0.000000 2682.448486 0.000000 0.940526 0.000000 -0.339722 0.580670 0.580670 0.580670
1327.221924 0.000000 2688.064209 0.000000 0.763421 0.000000 -0.645901 0.451810 0.451810 0.451810
1308.903564 0.000000 2661.386963 0.000000 0.947080 0.000000 -0.320999 0.503750 0.503750 0.503750
1320.581299 0.000000 2685.030029 0.000000 0.925866 0.000000 -0.377852 0.436554 0.436554 0.436554
1310.946777 0.000000 2668.004639 0.000000 0.749532 0.000000 -0.661968 0.511872 0.511872 0.511872
1313.958618 0.000000 2694.994629 0.000000 0.770091 0.000000 -0.637934 0.591805 0.591805 0.591805
1296.326904 0.000000 2677.432617 0.000000 0.839628 0.000000 -0.543162 0.508816 0.508816 0.508816
1301.939941 0.000000 2680.099121 0.000000 0.922618 0.000000 -0.385715 0.606276 0.606276 0.606276
1306.413818 0.000000 2663.037109 0.000000 0.794191 0.000000 -0.607668 0.481706 0.481706 0.481706
1316.267090 0.000000 2679.656250 0.000000 0.876986 0.000000 -0.480516 0.468751 0.468751 0.468751
1311.909790 0.000000 2669.733154 0.000000 0.754088 0.000000 -0.656773 0.511730 0.511730 0.511730
1316.762085 0.000000 2676.270752 0.000000 0.714096 0.000000 -0.700047 0.550286 0.550286 0.550286
1322.287964 0.000000 2685.447998 0.000000 0.659301 0.000000 -0.751879 0.657042 0.657042 0.657042
1289.625610 0.000000 2664.990479 0.000000 0.917230 0.000000 -0.398357 0.551945 0.551945 0.551945
1292.622803 0.000000 2678.397217 0.000000 0.706263 0.000000 -0.707949 0.496592 0.496592 0.496592
1280.520874 0.000000 2674.535645 0.000000 0.824475 0.000000 -0.565898 0.676123 0.676123 0.676123
1310.632446 0.000000 2682.075684 0.000000 0.803563 0.000000 -0.595220 0.588308 0.588308 0.588308
1281.897461 0.000000 2677.557129 0.000000 0.792938 0.000000 -0.609302 0.580507 0.580507 0.580507
1325.740601 0.000000 2684.974854 0.000000 0.624986 0.000000 -0.780636 0.673284 0.673284 0.673284
1286.675903 0.000000 2657.650635 0.000000 0.665822 0.000000 -0.746110 0.646228 0.646228 0.646228
1284.025513 0.000000 2658.990967 0.000000 0.655806 0.000000 -0.754929 0.732968 0.732968 0.732968
1312.099487 0.000000 2691.585205 0.000000 0.620574 0.000000 -0.784148 0.519694 0.519694 0.519694
1402.989014 0.000000 2688.399658 0.000000 0.948367 0.000000 -0.317175 0.413518 0.413518 0.413518
1398.928345 0.000000 2671.650635 0.000000 0.819085 0.000000 -0.573672 0.602034 0.602034 0.602034
1406.188843 0.000000 2669.840332 0.000000 0.900954 0.000000 -0.433914 0.461755 0.461755 0.461755
1365.939941 0.000000 2680.099121 0.000000 0.823542 0.000000 -0.567256 0.462408 0.462408 0.462408
1397.305176 0.000000 2668.416504 0.000000 0.678300 0.000000 -0.734785 0.618396 0.618396 0.618396
1395.156128 0.000000 2668.838623 0.000000 0.630563 0.000000 -0.776138 0.670931 0.670931 0.670931
1390.877930 0.000000 2708.189209 0.000000 0.832632 0.000000 -0.553827 0.570545 0.570545 0.570545
1379.859863 0.000000 2660.447998 0.000000 0.928421 0.000000 -0.371530 0.522997 0.522997 0.522997
1387.779663 0.000000 2659.747070 0.000000 0.750047 0.000000 -0.661384 0.732204 0.732204 0.732204
1371.789307 0.000000 2689.945312 0.000000 0.698060 0.000000 -0.716039 0.494743 0.494743 0.494743
1356.416504 0.000000 2696.683594 0.000000 0.894874 0.000000 -0.446320 0.522754 0.522754 0.522754
1399.988525 0.000000 2670.388916 0.000000 0.874324 0.000000 -0.485342 0.599178 0.599178 0.599178
1388.179810 0.000000 2658.188721 0.000000 0.727213 0.000000 -0.686412 0.524969 0.524969 0.524969
1384.668823 0.000000 2659.418945 0.000000 0.903521 0.000000 -0.428544 0.589295 0.589295 0.589295
1369.071655 0.000000 2688.129639 0.000000 0.949081 0.000000 -0.315034 0.592061 0.592061 0.592061
1444.916992 0.000000 2650.022461 0.000000 0.668913 0.000000 -0.743341 0.557999 0.557999 0.557999
1483.346924 0.000000 2646.245361 0.000000 0.696842 0.000000 -0.717225 0.498920 0.498920 0.498920
1495.550293 0.000000 2640.070312 0.000000 0.644689 0.000000 -0.764445 0.678807 0.678807 0.678807
1478.226929 0.000000 2642.856201 0.000000 0.946750 0.000000 -0.321971 0.451627 0.451627 0.451627
1504.410645 0.000000 2615.650879 0.000000 0.690722 0.000000 -0.723120 0.517762 0.517762 0.517762
1506.989624 0.000000 2630.495605 0.000000 0.935024 0.000000 -0.354585 0.548800 0.548800 0.548800
1497.175293 0.000000 2640.650879 0.000000 0.802673 0.000000 -0.596420 0.723164 0.723164 0.723164
1505.168701 0.000000 2618.573486 0.000000 0.742453 0.000000 -0.669899 0.512089 0.512089 0.512089
1497.412720 0.000000 2638.392822 0.000000 0.943969 0.000000 -0.330035 0.711727 0.711727 0.711727
1482.960205 0.000000 2632.446045 0.000000 0.819784 0.000000 -0.572673 0.624693 0.624693 0.624693
1483.164307 0.000000 2634.836426 0.000000 0.779676 0.000000 -0.626183 0.666152 0.666152 0.666152
1494.808716 0.000000 2641.300293 0.000000 0.738969 0.000000 -0.673739 0.674473 0.674473 0.674473
1434.616211 0.000000 2678.848145 0.000000 0.948791 0.000000 -0.315906 0.421498 0.421498 0.421498
1427.922729 0.000000 2658.564941 0.000000 0.698965 0.000000 -0.715156 0.416300 0.416300 0.416300
1418.112183 0.000000 2672.919434 0.000000 0.800714 0.000000 -0.599047 0.483554 0.483554 0.483554
1432.196777 0.000000 2661.033691 0.000000 0.734661 0.000000 -0.678434 0.436087 0.436087 0.436087
1442.455933 0.000000 2699.718506 0.000000 0.642402 0.000000 -0.766368 0.546268 0.546268 0.546268
1451.042236 0.000000 2663.636475 0.000000 0.767058 0.000000 -0.641578 0.482511 0.482511 0.482511
1417.625610 0.000000 2664.990479 0.000000 0.941827 0.000000 -0.336097 0.566460 0.566460 0.566460
1432.544067 0.000000 2664.943115 0.000000 0.859641 0.000000 -0.510899 0.651297 0.651297 0.651297
1419.124878 0.000000 2674.022217 0.000000 0.860191 0.000000 -0.509971 0.720294 0.720294 0.720294
1424.015625 0.000000 2688.550049 0.000000 0.609838 0.000000 -0.792526 0.661169 0.661169 0.661169
1720.393677 0.000000 2417.470459 0.000000 0.893368 0.000000 -0.449326 0.486339 0.486339 0.486339
1735.324707 0.000000 2398.953857 0.000000 0.868038 0.000000 -0.496498 0.642560 0.642560 0.642560
1732.483643 0.000000 2406.773682 0.000000 0.838311 0.000000 -0.545193 0.510909 0.510909 0.510909
1732.396240 0.000000 2398.929443 0.000000 0.680278 0.000000 -0.732954 0.647737 0.647737 0.647737
1713.818970 0.000000 2455.575928 0.000000 0.910732 0.000000 -0.412998 0.499712 0.499712 0.499712
1709.660034 0.000000 2460.778320 0.000000 0.589760 0.000000 -0.807578 0.495379 0.495379 0.495379
1720.122925 0.000000 2432.171631 0.000000 0.844358 0.000000 -0.535779 0.492313 0.492313 0.492313
1709.740601 0.000000 2459.037354 0.000000 0.918901 0.000000 -0.394488 0.495271 0.495271 0.495271
1711.049927 0.000000 2458.038086 0.000000 0.704521 0.000000 -0.709683 0.596463 0.596463 0.596463
1724.241577 0.000000 2439.570557 0.000000 0.882625 0.000000 -0.470078 0.507079 0.507079 0.507079
1543.299561 0.000000 2582.534912 0.000000 0.897575 0.000000 -0.440861 0.476042 0.476042 0.476042
1545.185303 0.000000 2585.332031 0.000000 0.614520 0.000000 -0.788901 0.637675 0.637675 0.637675
1545.040405 0.000000 2583.321533 0.000000 0.654566 0.000000 -0.756005 0.708041 0.708041 0.708041
1538.240967 0.000000 2584.114258 0.000000 0.600005 0.000000 -0.799996 0.737677 0.737677 0.737677
1541.147461 0.000000 2595.786133 0.000000 0.868304 0.000000 -0.496032 0.640492 0.640492 0.640492
1541.391968 0.000000 2591.536621 0.000000 0.702697 0.000000 -0.711489 0.625820 0.625820 0.625820
1546.169800 0.000000 2582.370605 0.000000 0.820915 0.000000 -0.571051 0.707443 0.707443 0.707443
1708.084717 0.000000 2516.056396 0.000000 0.810469 0.000000 -0.585781 0.408656 0.408656 0.408656
1709.452271 0.000000 2513.882324 0.000000 0.675587 0.000000 -0.737280 0.514034 0.514034 0.514034
1713.258545 0.000000 2522.769531 0.000000 0.824963 0.000000 -0.565186 0.509358 0.509358 0.509358
1708.304199 0.000000 2509.011963 0.000000 0.761027 0.000000 -0.648720 0.474460 0.474460 0.474460
1711.681152 0.000000 2544.698730 0.000000 0.868085 0.000000 -0.496415 0.456900 0.456900 0.456900
1690.516602 0.000000 2580.575684 0.000000 0.910156 0.000000 -0.414265 0.451293 0.451293 0.451293
1680.687988 0.000000 2576.981934 0.000000 0.712699 0.000000 -0.701470 0.591981 0.591981 0.591981
1680.405029 0.000000 2579.352051 0.000000 0.884171 0.000000 -0.467163 0.549698 0.549698 0.549698
1676.277832 0.000000 2597.053223 0.000000 0.691304 0.000000 -0.722564 0.513593 0.513593 0.513593
1690.051758 0.000000 2574.091064 0.000000 0.696909 0.000000 -0.717160 0.494774 0.494774 0.494774
1713.127930 0.000000 2543.624756 0.000000 0.800070 0.000000 -0.599907 0.563708 0.563708 0.563708
1691.789307 0.000000 2576.976562 0.000000 0.702266 0.000000 -0.711915 0.569417 0.569417 0.569417
1706.243408 0.000000 2547.681885 0.000000 0.779848 0.000000 -0.625968 0.547994 0.547994 0.547994
1703.139160 0.000000 2565.524658 0.000000 0.841698 0.000000 -0.539949 0.539403 0.539403 0.539403
1682.458496 0.000000 2576.892822 0.000000 0.765173 0.000000 -0.643824 0.573356 0.573356 0.573356
1681.383301 0.000000 2578.304199 0.000000 0.699692 0.000000 -0.714445 0.557003 0.557003 0.557003
1551.844482 0.000000 2601.408447 0.000000 0.842125 0.000000 -0.539282 0.407878 0.407878 0.407878
1551.571045 0.000000 2604.893799 0.000000 0.688956 0.000000 -0.724803 0.468071 0.468071 0.468071
1552.326904 0.000000 2620.948242 0.000000 0.634852 0.000000 -0.772634 0.500541 0.500541 0.500541
1570.286743 0.000000 2601.908936 0.000000 0.723777 0.000000 -0.690034 0.485779 0.485779 0.485779
1563.789307 0.000000 2633.460938 0.000000 0.634382 0.000000 -0.773020 0.488057 0.488057 0.488057
1562.288574 0.000000 2618.114014 0.000000 0.836874 0.000000 -0.547396 0.529368 0.529368 0.529368
1542.675903 0.000000 2601.166260 0.000000 0.881636 0.000000 -0.471930 0.507122 0.507122 0.507122
1561.614136 0.000000 2650.016846 0.000000 0.750670 0.000000 -0.660677 0.511836 0.511836 0.511836
1627.974365 0.000000 2630.010742 0.000000 0.845814 0.000000 -0.533478 0.407389 0.407389 0.407389
1621.228027 0.000000 2636.186279 0.000000 0.830594 0.000000 -0.556879 0.413350 0.413350 0.413350
1648.749756 0.000000 2620.888916 0.000000 0.919241 0.000000 -0.393696 0.424760 0.424760 0.424760
1632.249146 0.000000 2626.656982 0.000000 0.589228 0.000000 -0.807967 0.497482 0.497482 0.497482
1615.857666 0.000000 2653.571533 0.000000 0.916202 0.000000 -0.400716 0.612827 0.612827 0.612827
1597.449707 0.000000 2664.251709 0.000000 0.940788 0.000000 -0.338995 0.404645 0.404645 0.404645
1563.115234 0.000000 2684.049316 0.000000 0.834002 0.000000 -0.551761 0.509026 0.509026 0.509026
1570.441895 0.000000 2688.729004 0.000000 0.757520 0.000000 -0.652812 0.491017 0.491017 0.491017
1581.660034 0.000000 2686.715820 0.000000 0.723559 0.000000 -0.690262 0.496113 0.496113 0.496113
1567.589478 0.000000 2684.810791 0.000000 0.802882 0.000000 -0.596137 0.469159 0.469159 0.469159
1560.050781 0.000000 2672.478516 0.000000 0.942468 0.000000 -0.334296 0.477929 0.477929 0.477929
1617.373657 0.000000 2654.872070 0.000000 0.682644 0.000000 -0.730751 0.466153 0.466153 0.466153
1608.096313 0.000000 2656.950684 0.000000 0.930410 0.000000 -0.366520 0.543049 0.543049 0.543049
1606.675903 0.000000 2657.650635 0.000000 0.822648 0.000000 -0.568551 0.509441 0.509441 0.509441
1433.026123 0.000000 2711.497803 0.000000 0.663424 0.000000 -0.748244 0.470748 0.470748 0.470748
1961.764648 0.000000 2796.058594 0.000000 0.692268 0.000000 -0.721640 0.410909 0.410909 0.410909
1956.176392 0.000000 2811.753906 0.000000 0.614817 0.000000 -0.788670 0.412477 0.412477 0.412477
1975.776123 0.000000 2795.459229 0.000000 0.772420 0.000000 -0.635112 0.486465 0.486465 0.486465
1961.985107 0.000000 2788.670898 0.000000 0.662467 0.000000 -0.749091 0.506072 0.506072 0.506072
1965.502441 0.000000 2790.095215 0.000000 0.648206 0.000000 -0.761465 0.535647 0.535647 0.535647
2000.913574 0.000000 2800.304443 0.000000 0.921606 0.000000 -0.388126 0.405294 0.405294 0.405294
2016.344604 0.000000 2806.052002 0.000000 0.687993 0.000000 -0.725717 0.411029 0.411029 0.411029
1987.168213 0.000000 2811.687012 0.000000 0.772384 0.000000 -0.635156 0.418833 0.418833 0.418833
2033.258545 0.000000 2805.191406 0.000000 0.935507 0.000000 -0.353309 0.416080 0.416080 0.416080
2021.593018 0.000000 2809.945068 0.000000 0.869725 0.000000 -0.493537 0.430499 0.430499 0.430499
2002.931519 0.000000 2799.060547 0.000000 0.852112 0.000000 -0.523360 0.449306 0.449306 0.449306
2005.939941 0.000000 2793.067871 0.000000 0.822391 0.000000 -0.568923 0.503310 0.503310 0.503310
2021.382812 0.000000 2795.316406 0.000000 0.609665 0.000000 -0.792659 0.449099 0.449099 0.449099
2033.077515 0.000000 2800.122314 0.000000 0.764849 0.000000 -0.644209 0.534080 0.534080 0.534080
2030.922729 0.000000 2803.055664 0.000000 0.608063 0.000000 -0.793889 0.486598 0.486598 0.486598
2032.299683 0.000000 2803.880859 0.000000 0.725818 0.000000 -0.687887 0.502250 0.502250 0.502250
2010.272827 0.000000 2795.817871 0.000000 0.745526 0.000000 -0.666477 0.530594 0.530594 0.530594
1966.857178 0.000000 2829.722656 0.000000 0.826472 0.000000 -0.562978 0.564657 0.564657 0.564657
1964.378174 0.000000 2824.715088 0.000000 0.881174 0.000000 -0.472793 0.511205 0.511205 0.511205
2169.397217 0.000000 2241.041016 0.000000 0.662175 0.000000 -0.749349 0.458347 0.458347 0.458347
2170.732422 0.000000 2256.563477 0.000000 0.807346 0.000000 -0.590079 0.600522 0.600522 0.600522
2171.144043 0.000000 2255.080322 0.000000 0.633435 0.000000 -0.773796 0.508916 0.508916 0.508916
2190.486328 0.000000 2241.572510 0.000000 0.919264 0.000000 -0.393642 0.436826 0.436826 0.436826
2235.060547 0.000000 2245.482910 0.000000 0.898453 0.000000 -0.439069 0.506366 0.506366 0.506366
2191.150635 0.000000 2256.501709 0.000000 0.919679 0.000000 -0.392671 0.450896 0.450896 0.450896
2237.048584 0.000000 2242.156006 0.000000 0.946709 0.000000 -0.322091 0.459645 0.459645 0.459645
2204.806396 0.000000 2253.253662 0.000000 0.926094 0.000000 -0.377292 0.504980 0.504980 0.504980
2200.941406 0.000000 2253.118408 0.000000 0.932785 0.000000 -0.360433 0.472417 0.472417 0.472417
2229.498779 0.000000 2240.366943 0.000000 0.923228 0.000000 -0.384252 0.505134 0.505134 0.505134
2195.869141 0.000000 2254.210205 0.000000 0.718265 0.000000 -0.695769 0.500397 0.500397 0.500397
2171.669434 0.000000 2279.079834 0.000000 0.885638 0.000000 -0.464377 0.406679 0.406679 0.406679
2175.940674 0.000000 2278.824463 0.000000 0.882972 0.000000 -0.469425 0.432097 0.432097 0.432097
2171.325195 0.000000 2271.490234 0.000000 0.704232 0.000000 -0.709970 0.513223 0.513223 0.513223
2171.649170 0.000000 2280.887695 0.000000 0.605928 0.000000 -0.795520 0.595721 0.595721 0.595721
2165.040771 0.000000 2288.022461 0.000000 0.946826 0.000000 -0.321745 0.507781 0.507781 0.507781
2172.446777 0.000000 2263.632812 0.000000 0.946121 0.000000 -0.323813 0.630627 0.630627 0.630627
2175.180664 0.000000 2321.960693 0.000000 0.934541 0.000000 -0.355856 0.492435 0.492435 0.492435
2170.833496 0.000000 2319.125000 0.000000 0.939199 0.000000 -0.343375 0.482127 0.482127 0.482127
2228.885254 0.000000 2311.126221 0.000000 0.802706 0.000000 -0.596375 0.408231 0.408231 0.408231
2228.503418 0.000000 2313.792480 0.000000 0.612424 0.000000 -0.790529 0.461511 0.461511 0.461511
2199.550293 0.000000 2301.164062 0.000000 0.950859 0.000000 -0.309624 0.461418 0.461418 0.461418
2188.076904 0.000000 2294.685547 0.000000 0.687603 0.000000 -0.726087 0.439189 0.439189 0.439189
2216.581299 0.000000 2289.639404 0.000000 0.784448 0.000000 -0.620194 0.486104 0.486104 0.486104
2211.097656 0.000000 2301.475098 0.000000 0.736737 0.000000 -0.676179 0.605639 0.605639 0.605639
2227.156250 0.000000 2273.447998 0.000000 0.735332 0.000000 -0.677707 0.568251 0.568251 0.568251
2178.304932 0.000000 2260.724854 0.000000 0.881232 0.000000 -0.472684 0.442268 0.442268 0.442268
2228.512451 0.000000 2269.229492 0.000000 0.918064 0.000000 -0.396433 0.459021 0.459021 0.459021
2239.474121 0.000000 2304.599365 0.000000 0.727735 0.000000 -0.685858 0.641506 0.641506 0.641506
2186.323975 0.000000 2290.868408 0.000000 0.752339 0.000000 -0.658776 0.511785 0.511785 0.511785
2217.028320 0.000000 2286.081787 0.000000 0.740047 0.000000 -0.672555 0.559779 0.559779 0.559779
2186.960205 0.000000 2293.539795 0.000000 0.948510 0.000000 -0.316747 0.598153 0.598153 0.598153
2218.833008 0.000000 2283.607910 0.000000 0.789962 0.000000 -0.613156 0.570306 0.570306 0.570306
2232.531494 0.000000 2314.835938 0.000000 0.728315 0.000000 -0.685243 0.512516 0.512516 0.512516
2266.516602 0.000000 2298.153809 0.000000 0.831104 0.000000 -0.556117 0.429598 0.429598 0.429598
2284.424072 0.000000 2311.921143 0.000000 0.873715 0.000000 -0.486437 0.434422 0.434422 0.434422
2241.278564 0.000000 2305.250244 0.000000 0.887627 0.000000 -0.460563 0.563767 0.563767 0.563767
2270.427490 0.000000 2297.662109 0.000000 0.717787 0.000000 -0.696262 0.475616 0.475616 0.475616
2279.873779 0.000000 2296.162598 0.000000 0.654939 0.000000 -0.755682 0.527106 0.527106 0.527106
2251.164307 0.000000 2295.930176 0.000000 0.615423 0.000000 -0.788197 0.534480 0.534480 0.534480
2241.707275 0.000000 2307.878906 0.000000 0.717260 0.000000 -0.696805 0.575140 0.575140 0.575140
2239.450684 0.000000 2323.788574 0.000000 0.747354 0.000000 -0.664426 0.456325 0.456325 0.456325
2233.361084 0.000000 2328.648682 0.000000 0.663528 0.000000 -0.748151 0.677982 0.677982 0.677982
2229.305176 0.000000 2329.510254 0.000000 0.905531 0.000000 -0.424280 0.719526 0.719526 0.719526
2220.434570 0.000000 2327.638184 0.000000 0.949461 0.000000 -0.313885 0.505603 0.505603 0.505603
2228.201660 0.000000 2322.807373 0.000000 0.729053 0.000000 -0.684457 0.526983 0.526983 0.526983
2235.459473 0.000000 2325.219482 0.000000 0.894055 0.000000 -0.447958 0.490360 0.490360 0.490360
2225.566406 0.000000 2323.041992 0.000000 0.713488 0.000000 -0.700667 0.508812 0.508812 0.508812
2189.156250 0.000000 2324.795898 0.000000 0.684351 0.000000 -0.729153 0.618163 0.618163 0.618163
2231.988525 0.000000 2331.482666 0.000000 0.768038 0.000000 -0.640405 0.670922 0.670922 0.670922
2190.208252 0.000000 2327.107910 0.000000 0.782076 0.000000 -0.623183 0.572689 0.572689 0.572689
2191.744385 0.000000 2326.819824 0.000000 0.705379 0.000000 -0.708831 0.575563 0.575563 0.575563
2218.374268 0.000000 2328.504150 0.000000 0.702025 0.000000 -0.712152 0.630038 0.630038 0.630038
2276.142334 0.000000 2315.954590 0.000000 0.854132 0.000000 -0.520057 0.453305 0.453305 0.453305
2266.281006 0.000000 2359.705811 0.000000 0.886535 0.000000 -0.462661 0.448152 0.448152 0.448152
2254.936279 0.000000 2362.431396 0.000000 0.937727 0.000000 -0.347372 0.454091 0.454091 0.454091
2265.637451 0.000000 2352.556885 0.000000 0.598040 0.000000 -0.801466 0.516096 0.516096 0.516096
2242.093750 0.000000 2326.925781 0.000000 0.864518 0.000000 -0.502602 0.491562 0.491562 0.491562
2291.450439 0.000000 2368.698486 0.000000 0.699856 0.000000 -0.714284 0.513349 0.513349 0.513349
2255.876465 0.000000 2324.307617 0.000000 0.744009 0.000000 -0.668170 0.493469 0.493469 0.493469
2256.743896 0.000000 2325.454102 0.000000 0.749921 0.000000 -0.661527 0.573939 0.573939 0.573939
2287.560791 0.000000 2415.107422 0.000000 0.638963 0.000000 -0.769238 0.515029 0.515029 0.515029
2261.077881 0.000000 2374.471436 0.000000 0.765914 0.000000 -0.642943 0.464056 0.464056 0.464056
2280.804443 0.000000 2406.468018 0.000000 0.590642 0.000000 -0.806933 0.472393 0.472393 0.472393
2323.875488 0.000000 2444.276855 0.000000 0.908542 0.000000 -0.417794 0.407043 0.407043 0.407043
2330.002197 0.000000 2442.863525 0.000000 0.902798 0.000000 -0.430066 0.502113 0.502113 0.502113
2327.550293 0.000000 2470.617188 0.000000 0.829349 0.000000 -0.558731 0.620075 0.620075 0.620075
2315.600586 0.000000 2434.550049 0.000000 0.866498 0.000000 -0.499181 0.503690 0.503690 0.503690
2324.672607 0.000000 2448.385498 0.000000 0.948967 0.000000 -0.315376 0.435495 0.435495 0.435495
2327.989502 0.000000 2441.857910 0.000000 0.894983 0.000000 -0.446100 0.506527 0.506527 0.506527
2315.631592 0.000000 2445.344482 0.000000 0.760459 0.000000 -0.649386 0.474475 0.474475 0.474475
2310.215332 0.000000 2444.981445 0.000000 0.662020 0.000000 -0.749486 0.504004 0.504004 0.504004
2351.226074 0.000000 2469.772217 0.000000 0.873583 0.000000 -0.486675 0.519671 0.519671 0.519671
2327.132568 0.000000 2466.776855 0.000000 0.888290 0.000000 -0.459283 0.514947 0.514947 0.514947
2349.746338 0.000000 2448.964111 0.000000 0.603366 0.000000 -0.797465 0.627503 0.627503 0.627503
2323.159424 0.000000 2449.047607 0.000000 0.663007 0.000000 -0.748613 0.501898 0.501898 0.501898
2326.808838 0.000000 2471.847168 0.000000 0.858639 0.000000 -0.512580 0.618496 0.618496 0.618496
2404.101074 0.000000 2476.689453 0.000000 0.814289 0.000000 -0.580460 0.408658 0.408658 0.408658
2387.150879 0.000000 2462.589600 0.000000 0.852328 0.000000 -0.523008 0.586019 0.586019 0.586019
2368.010498 0.000000 2457.514404 0.000000 0.664254 0.000000 -0.747507 0.493553 0.493553 0.493553
2374.215332 0.000000 2444.981445 0.000000 0.803051 0.000000 -0.595911 0.460973 0.460973 0.460973
2374.638672 0.000000 2438.381104 0.000000 0.907344 0.000000 -0.420389 0.505943 0.505943 0.505943
2371.098633 0.000000 2446.952148 0.000000 0.627309 0.000000 -0.778770 0.534149 0.534149 0.534149
2398.773926 0.000000 2501.784180 0.000000 0.758028 0.000000 -0.652222 0.409330 0.409330 0.409330
2399.881836 0.000000 2487.961914 0.000000 0.883236 0.000000 -0.468929 0.417942 0.417942 0.417942
2401.762939 0.000000 2496.681152 0.000000 0.948721 0.000000 -0.316116 0.533763 0.533763 0.533763
2396.903564 0.000000 2491.933838 0.000000 0.774153 0.000000 -0.632998 0.544075 0.544075 0.544075
2402.304199 0.000000 2501.412354 0.000000 0.646693 0.000000 -0.762751 0.469062 0.469062 0.469062
2403.248779 0.000000 2499.673828 0.000000 0.756172 0.000000 -0.654373 0.493115 0.493115 0.493115
2417.404785 0.000000 2504.770508 0.000000 0.819828 0.000000 -0.572610 0.509542 0.509542 0.509542
2409.112793 0.000000 2495.750244 0.000000 0.856599 0.000000 -0.515982 0.563288 0.563288 0.563288
3508.752686 0.000000 2418.740967 0.000000 0.691388 0.000000 -0.722483 0.668303 0.668303 0.668303
3506.704590 0.000000 2420.267822 0.000000 0.714622 0.000000 -0.699511 0.537806 0.537806 0.537806
2170.382568 0.000000 2746.126709 0.000000 0.596971 0.000000 -0.802263 0.644690 0.644690 0.644690
2175.290771 0.000000 2768.139404 0.000000 0.734799 0.000000 -0.678284 0.409714 0.409714 0.409714
2174.677246 0.000000 2770.280518 0.000000 0.919094 0.000000 -0.394039 0.479126 0.479126 0.479126
2199.538086 0.000000 2747.536865 0.000000 0.769276 0.000000 -0.638916 0.409171 0.409171 0.409171
2192.434082 0.000000 2741.311279 0.000000 0.811841 0.000000 -0.583879 0.426039 0.426039 0.426039
2192.687988 0.000000 2746.435059 0.000000 0.590977 0.000000 -0.806688 0.558264 0.558264 0.558264
2214.985352 0.000000 2743.114502 0.000000 0.633613 0.000000 -0.773650 0.735555 0.735555 0.735555
2211.024170 0.000000 2731.822021 0.000000 0.636122 0.000000 -0.771588 0.479694 0.479694 0.479694
2213.593018 0.000000 2753.460693 0.000000 0.609605 0.000000 -0.792706 0.648452 0.648452 0.648452
2200.281738 0.000000 2733.265137 0.000000 0.923221 0.000000 -0.384269 0.565735 0.565735 0.565735
2197.939941 0.000000 2736.583496 0.000000 0.811849 0.000000 -0.583867 0.475022 0.475022 0.475022
2181.887695 0.000000 2742.078613 0.000000 0.824126 0.000000 -0.566406 0.636855 0.636855 0.636855
2194.928467 0.000000 2752.154785 0.000000 0.788034 0.000000 -0.615632 0.504473 0.504473 0.504473
2232.590820 0.000000 2765.160645 0.000000 0.856445 0.000000 -0.516238 0.622724 0.622724 0.622724
2216.504639 0.000000 2754.643555 0.000000 0.838532 0.000000 -0.544852 0.621653 0.621653 0.621653
2219.434082 0.000000 2740.340088 0.000000 0.896823 0.000000 -0.442390 0.467984 0.467984 0.467984
2203.663330 0.000000 2734.045654 0.000000 0.896546 0.000000 -0.442950 0.488227 0.488227 0.488227
2235.144043 0.000000 2763.439697 0.000000 0.784673 0.000000 -0.619910 0.500472 0.500472 0.500472
2188.710449 0.000000 2747.983887 0.000000 0.836195 0.000000 -0.548432 0.723687 0.723687 0.723687
2201.273682 0.000000 2732.178467 0.000000 0.625341 0.000000 -0.780352 0.578245 0.578245 0.578245
2202.272705 0.000000 2739.333496 0.000000 0.663311 0.000000 -0.748344 0.583288 0.583288 0.583288
2195.482422 0.000000 2736.939941 0.000000 0.731189 0.000000 -0.682175 0.545565 0.545565 0.545565
2214.914307 0.000000 2754.032227 0.000000 0.797377 0.000000 -0.603482 0.725587 0.725587 0.725587
2240.390625 0.000000 2754.800049 0.000000 0.905894 0.000000 -0.423505 0.405917 0.405917 0.405917
2251.346924 0.000000 2759.214111 0.000000 0.714263 0.000000 -0.699878 0.450958 0.450958 0.450958
2252.076904 0.000000 2746.560547 0.000000 0.820156 0.000000 -0.572140 0.482935 0.482935 0.482935
2247.561523 0.000000 2762.223877 0.000000 0.774047 0.000000 -0.633129 0.537888 0.537888 0.537888
2259.138916 0.000000 2758.913818 0.000000 0.925914 0.000000 -0.377735 0.715806 0.715806 0.715806
2245.476562 0.000000 2762.528320 0.000000 0.660869 0.000000 -0.750502 0.508195 0.508195 0.508195
2248.026367 0.000000 2765.704346 0.000000 0.817955 0.000000 -0.575282 0.523955 0.523955 0.523955
2259.982178 0.000000 2765.432129 0.000000 0.809922 0.000000 -0.586537 0.606595 0.606595 0.606595
2242.838379 0.000000 2762.548340 0.000000 0.628103 0.000000 -0.778131 0.734282 0.734282 0.734282
2248.076660 0.000000 2760.689453 0.000000 0.805908 0.000000 -0.592041 0.725633 0.725633 0.725633
2241.437988 0.000000 2749.210693 0.000000 0.670126 0.000000 -0.742247 0.547521 0.547521 0.547521
2247.860840 0.000000 2744.590088 0.000000 0.849651 0.000000 -0.527346 0.651907 0.651907 0.651907
2250.271729 0.000000 2740.351807 0.000000 0.755446 0.000000 -0.655211 0.571657 0.571657 0.571657
2250.652832 0.000000 2750.315918 0.000000 0.633307 0.000000 -0.773901 0.533981 0.533981 0.533981
2261.138184 0.000000 2767.066162 0.000000 0.820305 0.000000 -0.571926 0.705405 0.705405 0.705405
2248.996094 0.000000 2762.468994 0.000000 0.938921 0.000000 -0.344132 0.574741 0.574741 0.574741
2218.549316 0.000000 2778.845703 0.000000 0.875854 0.000000 -0.482576 0.406990 0.406990 0.406990
2176.974365 0.000000 2780.442139 0.000000 0.700015 0.000000 -0.714128 0.455415 0.455415 0.455415
2199.931152 0.000000 2819.451660 0.000000 0.906620 0.000000 -0.421949 0.615530 0.615530 0.615530
2195.150879 0.000000 2801.495850 0.000000 0.855340 0.000000 -0.518067 0.481731 0.481731 0.481731
2183.852051 0.000000 2804.911865 0.000000 0.662811 0.000000 -0.748787 0.425258 0.425258 0.425258
2224.749756 0.000000 2790.342041 0.000000 0.605277 0.000000 -0.796015 0.545246 0.545246 0.545246
2190.486328 0.000000 2806.416260 0.000000 0.595059 0.000000 -0.803682 0.619331 0.619331 0.619331
2237.061279 0.000000 2768.290771 0.000000 0.925603 0.000000 -0.378495 0.486868 0.486868 0.486868
2190.936279 0.000000 2814.306396 0.000000 0.931536 0.000000 -0.363649 0.450369 0.450369 0.450369
2227.156250 0.000000 2781.807373 0.000000 0.926317 0.000000 -0.376745 0.559468 0.559468 0.559468
2225.047119 0.000000 2776.558838 0.000000 0.915312 0.000000 -0.402745 0.717386 0.717386 0.717386
2193.982666 0.000000 2770.988037 0.000000 0.727025 0.000000 -0.686611 0.485691 0.485691 0.485691
2235.533691 0.000000 2773.309082 0.000000 0.723755 0.000000 -0.690057 0.496108 0.496108 0.496108
2177.941895 0.000000 2820.362305 0.000000 0.767476 0.000000 -0.641077 0.455807 0.455807 0.455807
2226.464111 0.000000 2783.662842 0.000000 0.687458 0.000000 -0.726224 0.474313 0.474313 0.474313
2176.004639 0.000000 2821.048340 0.000000 0.932163 0.000000 -0.362039 0.450340 0.450340 0.450340
2235.459473 0.000000 2777.094482 0.000000 0.720812 0.000000 -0.693130 0.729376 0.729376 0.729376
2232.123047 0.000000 2771.077881 0.000000 0.933371 0.000000 -0.358912 0.554962 0.554962 0.554962
2188.884766 0.000000 2814.716797 0.000000 0.651831 0.000000 -0.758364 0.655239 0.655239 0.655239
2177.866943 0.000000 2823.937500 0.000000 0.775115 0.000000 -0.631820 0.523419 0.523419 0.523419
2225.566406 0.000000 2774.916992 0.000000 0.624103 0.000000 -0.781342 0.486220 0.486220 0.486220
2187.621582 0.000000 2813.657959 0.000000 0.800653 0.000000 -0.599128 0.623577 0.623577 0.623577
2227.356445 0.000000 2789.909668 0.000000 0.944514 0.000000 -0.328471 0.644914 0.644914 0.644914
2178.838379 0.000000 2819.032715 0.000000 0.825254 0.000000 -0.564762 0.535976 0.535976 0.535976
2237.523682 0.000000 2781.319824 0.000000 0.945568 0.000000 -0.325425 0.505854 0.505854 0.505854
2235.157471 0.000000 2769.486084 0.000000 0.644558 0.000000 -0.764556 0.735287 0.735287 0.735287
2186.169922 0.000000 2808.308105 0.000000 0.851682 0.000000 -0.524059 0.618883 0.618883 0.618883
2252.396729 0.000000 2780.242188 0.000000 0.810413 0.000000 -0.585860 0.408751 0.408751 0.408751
2240.974365 0.000000 2780.442139 0.000000 0.624653 0.000000 -0.780902 0.681788 0.681788 0.681788
2246.927734 0.000000 2774.081787 0.000000 0.931759 0.000000 -0.363078 0.508695 0.508695 0.508695
2264.755615 0.000000 2787.083496 0.000000 0.646509 0.000000 -0.762906 0.475294 0.475294 0.475294
2271.885010 0.000000 2786.924561 0.000000 0.855810 0.000000 -0.517290 0.437009 0.437009 0.437009
2250.112305 0.000000 2785.888184 0.000000 0.701359 0.000000 -0.712809 0.511232 0.511232 0.511232
2268.903564 0.000000 2774.355713 0.000000 0.661584 0.000000 -0.749871 0.579157 0.579157 0.579157
2262.295166 0.000000 2775.207520 0.000000 0.734877 0.000000 -0.678200 0.655827 0.655827 0.655827
2263.989502 0.000000 2780.764160 0.000000 0.905759 0.000000 -0.423793 0.719464 0.719464 0.719464
2254.324707 0.000000 2791.622314 0.000000 0.798828 0.000000 -0.601560 0.448828 0.448828 0.448828
2269.062500 0.000000 2785.410645 0.000000 0.813977 0.000000 -0.580898 0.579602 0.579602 0.579602
2250.945312 0.000000 2767.880615 0.000000 0.875412 0.000000 -0.483377 0.513488 0.513488 0.513488
2266.288574 0.000000 2787.567139 0.000000 0.613730 0.000000 -0.789516 0.735226 0.735226 0.735226
2254.208252 0.000000 2778.982910 0.000000 0.760000 0.000000 -0.649923 0.567340 0.567340 0.567340
2261.720947 0.000000 2779.907227 0.000000 0.759767 0.000000 -0.650196 0.569421 0.569421 0.569421
2249.760254 0.000000 2776.436035 0.000000 0.730260 0.000000 -0.683169 0.733516 0.733516 0.733516
2266.808105 0.000000 2784.740234 0.000000 0.848554 0.000000 -0.529108 0.563666 0.563666 0.563666
2256.717773 0.000000 2780.071533 0.000000 0.677962 0.000000 -0.735097 0.530610 0.530610 0.530610
2269.555176 0.000000 2775.707520 0.000000 0.793672 0.000000 -0.608346 0.574283 0.574283 0.574283
2256.743896 0.000000 2777.329102 0.000000 0.924644 0.000000 -0.380832 0.616260 0.616260 0.616260
2143.085693 0.000000 2831.847656 0.000000 0.870040 0.000000 -0.492981 0.407079 0.407079 0.407079
2168.357666 0.000000 2832.565674 0.000000 0.861028 0.000000 -0.508557 0.622463 0.622463 0.622463
2166.928223 0.000000 2841.103760 0.000000 0.923273 0.000000 -0.384145 0.583945 0.583945 0.583945
2171.596436 0.000000 2840.745117 0.000000 0.756210 0.000000 -0.654329 0.608994 0.608994 0.608994
2165.305176 0.000000 2837.869629 0.000000 0.811774 0.000000 -0.583972 0.499582 0.499582 0.499582
2163.156250 0.000000 2838.291748 0.000000 0.918789 0.000000 -0.394750 0.456975 0.456975 0.456975
2161.047119 0.000000 2833.043213 0.000000 0.728237 0.000000 -0.685326 0.514588 0.514588 0.514588
2162.464111 0.000000 2840.147217 0.000000 0.734569 0.000000 -0.678534 0.477237 0.477237 0.477237
2169.789062 0.000000 2843.580566 0.000000 0.886047 0.000000 -0.463595 0.466384 0.466384 0.466384
2167.633301 0.000000 2842.936523 0.000000 0.797151 0.000000 -0.603779 0.506226 0.506226 0.506226
2142.270752 0.000000 2833.495605 0.000000 0.614716 0.000000 -0.788748 0.561767 0.561767 0.561767
2175.487793 0.000000 2840.546875 0.000000 0.881637 0.000000 -0.471928 0.480740 0.480740 0.480740
2219.551025 0.000000 2831.018555 0.000000 0.689926 0.000000 -0.723880 0.411316 0.411316 0.411316
2184.000732 0.000000 2828.280029 0.000000 0.767396 0.000000 -0.641173 0.480446 0.480446 0.480446
2178.304932 0.000000 2825.568604 0.000000 0.865161 0.000000 -0.501493 0.503744 0.503744 0.503744
2184.096436 0.000000 2826.403809 0.000000 0.875075 0.000000 -0.483988 0.539962 0.539962 0.539962
2215.698242 0.000000 2826.177002 0.000000 0.634658 0.000000 -0.772793 0.556968 0.556968 0.556968
2181.380859 0.000000 2824.376709 0.000000 0.789727 0.000000 -0.613459 0.520861 0.520861 0.520861
2213.877441 0.000000 2824.272705 0.000000 0.892303 0.000000 -0.451436 0.563514 0.563514 0.563514
2521.195068 0.000000 2813.310059 0.000000 0.948954 0.000000 -0.315414 0.638425 0.638425 0.638425
2530.456055 0.000000 2812.687256 0.000000 0.811873 0.000000 -0.583835 0.528285 0.528285 0.528285
2661.505371 0.000000 2936.390869 0.000000 0.800058 0.000000 -0.599922 0.446751 0.446751 0.446751
2667.248291 0.000000 2913.529053 0.000000 0.740538 0.000000 -0.672014 0.483259 0.483259 0.483259
2620.365723 0.000000 2939.915283 0.000000 0.928179 0.000000 -0.372135 0.410356 0.410356 0.410356
2623.836182 0.000000 2941.671631 0.000000 0.640536 0.000000 -0.767928 0.492069 0.492069 0.492069
2648.358154 0.000000 2945.698486 0.000000 0.688031 0.000000 -0.725681 0.411069 0.411069 0.411069
2624.013672 0.000000 2941.710205 0.000000 0.771049 0.000000 -0.636775 0.591766 0.591766 0.591766
2648.543945 0.000000 2947.364990 0.000000 0.654505 0.000000 -0.756057 0.554269 0.554269 0.554269
6014.998535 0.000000 3469.528564 0.000000 0.786283 0.000000 -0.617866 0.694963 0.694963 0.694963
6014.222168 0.000000 3468.258545 0.000000 0.612301 0.000000 -0.790625 0.703596 0.703596 0.703596
6011.155762 0.000000 3473.997070 0.000000 0.838793 0.000000 -0.544450 0.724852 0.724852 0.724852
6074.085938 0.000000 3436.221191 0.000000 0.791363 0.000000 -0.611347 0.588839 0.588839 0.588839
6068.105469 0.000000 3431.453369 0.000000 0.844995 0.000000 -0.534775 0.455630 0.455630 0.455630
6067.333496 0.000000 3433.470215 0.000000 0.682756 0.000000 -0.730646 0.653946 0.653946 0.653946
6070.213379 0.000000 3432.067871 0.000000 0.619354 0.000000 -0.785112 0.734634 0.734634 0.734634
6077.135254 0.000000 3431.789062 0.000000 0.920077 0.000000 -0.391739 0.584163 0.584163 0.584163
6073.143066 0.000000 3432.841064 0.000000 0.917782 0.000000 -0.397084 0.616773 0.616773 0.616773
6129.605957 0.000000 3441.916260 0.000000 0.700062 0.000000 -0.714082 0.411119 0.411119 0.411119
6108.691406 0.000000 3437.154785 0.000000 0.638126 0.000000 -0.769932 0.706684 0.706684 0.706684
6108.806641 0.000000 3439.425537 0.000000 0.785128 0.000000 -0.619334 0.727079 0.727079 0.727079
6081.437988 0.000000 3427.023193 0.000000 0.836534 0.000000 -0.547915 0.619700 0.619700 0.619700
6023.290527 0.000000 3488.392090 0.000000 0.950426 0.000000 -0.310951 0.404279 0.404279 0.404279
6036.387207 0.000000 3472.343994 0.000000 0.773692 0.000000 -0.633561 0.691493 0.691493 0.691493
6017.439453 0.000000 3469.926270 0.000000 0.726793 0.000000 -0.686856 0.570637 0.570637 0.570637
6029.897461 0.000000 3488.654785 0.000000 0.747081 0.000000 -0.664733 0.603136 0.603136 0.603136
6034.017090 0.000000 3469.331543 0.000000 0.705055 0.000000 -0.709153 0.453234 0.453234 0.453234
6060.225586 0.000000 3491.781250 0.000000 0.915387 0.000000 -0.402574 0.618978 0.618978 0.618978
6041.687012 0.000000 3475.127930 0.000000 0.852364 0.000000 -0.522949 0.649685 0.649685 0.649685
6143.940430 0.000000 3464.996338 0.000000 0.909932 0.000000 -0.414757 0.427122 0.427122 0.427122
6084.637695 0.000000 3464.119629 0.000000 0.883780 0.000000 -0.467903 0.623144 0.623144 0.623144
6103.550293 0.000000 3487.335938 0.000000 0.706303 0.000000 -0.707909 0.475910 0.475910 0.475910
6093.989746 0.000000 3472.461426 0.000000 0.742636 0.000000 -0.669695 0.551395 0.551395 0.551395
6098.928223 0.000000 3486.451660 0.000000 0.818149 0.000000 -0.575007 0.726122 0.726122 0.726122
6126.857422 0.000000 3451.050781 0.000000 0.883923 0.000000 -0.467633 0.720707 0.720707 0.720707
6082.200195 0.000000 3462.166016 0.000000 0.855182 0.000000 -0.518328 0.720759 0.720759 0.720759
6088.084473 0.000000 3461.181885 0.000000 0.789542 0.000000 -0.613697 0.729445 0.729445 0.729445
6086.483887 0.000000 3464.479248 0.000000 0.733142 0.000000 -0.680075 0.730648 0.730648 0.730648
6102.173340 0.000000 3484.888428 0.000000 0.690753 0.000000 -0.723091 0.548961 0.548961 0.548961
6085.147461 0.000000 3499.536133 0.000000 0.905291 0.000000 -0.424792 0.487840 0.487840 0.487840
6087.353027 0.000000 3458.248291 0.000000 0.910923 0.000000 -0.412576 0.588824 0.588824 0.588824
6130.757324 0.000000 3446.895020 0.000000 0.917696 0.000000 -0.397283 0.489277 0.489277 0.489277
6134.518555 0.000000 3449.235840 0.000000 0.730027 0.000000 -0.683419 0.529023 0.529023 0.529023
6083.098633 0.000000 3463.670898 0.000000 0.705455 0.000000 -0.708755 0.730010 0.730010 0.730010
6098.458496 0.000000 3480.642822 0.000000 0.925401 0.000000 -0.378988 0.595944 0.595944 0.595944
6099.827148 0.000000 3478.048340 0.000000 0.792240 0.000000 -0.610209 0.725291 0.725291 0.725291
6005.305176 0.000000 3515.682129 0.000000 0.748339 0.000000 -0.663316 0.701235 0.701235 0.701235
5942.075195 0.000000 3580.060547 0.000000 0.690295 0.000000 -0.723528 0.732725 0.732725 0.732725
5938.992676 0.000000 3587.921631 0.000000 0.921269 0.000000 -0.388926 0.717801 0.717801 0.717801
5983.881836 0.000000 3561.165039 0.000000 0.936095 0.000000 -0.351748 0.484306 0.484306 0.484306
5996.435059 0.000000 3594.490723 0.000000 0.649231 0.000000 -0.760591 0.736096 0.736096 0.736096
6035.100098 0.000000 3554.778076 0.000000 0.731463 0.000000 -0.681881 0.423840 0.423840 0.423840
6032.326660 0.000000 3524.698242 0.000000 0.606287 0.000000 -0.795246 0.708128 0.708128 0.708128
6031.814941 0.000000 3522.663330 0.000000 0.941196 0.000000 -0.337860 0.570538 0.570538 0.570538
6027.621582 0.000000 3547.954834 0.000000 0.729338 0.000000 -0.684154 0.733576 0.733576 0.733576
6033.270508 0.000000 3552.848877 0.000000 0.895602 0.000000 -0.444856 0.720544 0.720544 0.720544
6020.645020 0.000000 3546.645020 0.000000 0.929241 0.000000 -0.369473 0.557256 0.557256 0.557256
6017.717285 0.000000 3546.476318 0.000000 0.926190 0.000000 -0.377058 0.553414 0.553414 0.553414
6091.346680 0.000000 3549.995361 0.000000 0.629578 0.000000 -0.776937 0.584414 0.584414 0.584414
6081.278809 0.000000 3547.906494 0.000000 0.844675 0.000000 -0.535280 0.602824 0.602824 0.602824
6090.945312 0.000000 3502.177490 0.000000 0.742883 0.000000 -0.669421 0.512076 0.512076 0.512076
6103.875000 0.000000 3534.106934 0.000000 0.867267 0.000000 -0.497844 0.675473 0.675473 0.675473
6106.288574 0.000000 3521.864014 0.000000 0.873584 0.000000 -0.486674 0.722651 0.722651 0.722651
6100.786621 0.000000 3519.367188 0.000000 0.639634 0.000000 -0.768680 0.581983 0.581983 0.581983
6096.534668 0.000000 3515.859131 0.000000 0.912534 0.000000 -0.409001 0.619184 0.619184 0.619184
6102.136230 0.000000 3535.609863 0.000000 0.858437 0.000000 -0.512919 0.676064 0.676064 0.676064
6028.076660 0.000000 3593.826172 0.000000 0.910302 0.000000 -0.413946 0.666166 0.666166 0.666166
6040.050781 0.000000 3576.228516 0.000000 0.768147 0.000000 -0.640274 0.612636 0.612636 0.612636
6043.871582 0.000000 3578.583008 0.000000 0.779615 0.000000 -0.626259 0.695339 0.695339 0.695339
6029.010254 0.000000 3592.539795 0.000000 0.696798 0.000000 -0.717268 0.678585 0.678585 0.678585
6032.015625 0.000000 3592.300049 0.000000 0.895239 0.000000 -0.445585 0.675513 0.675513 0.675513
6044.560059 0.000000 3587.791992 0.000000 0.882618 0.000000 -0.470092 0.719457 0.719457 0.719457
6113.762695 0.000000 3569.884277 0.000000 0.850863 0.000000 -0.525388 0.512465 0.512465 0.512465
6137.683105 0.000000 3560.671387 0.000000 0.851286 0.000000 -0.524702 0.518570 0.518570 0.518570
6089.306152 0.000000 3584.190186 0.000000 0.635930 0.000000 -0.771747 0.565314 0.565314 0.565314
6093.989746 0.000000 3585.430176 0.000000 0.929354 0.000000 -0.369189 0.587563 0.587563 0.587563
6114.940430 0.000000 3568.602051 0.000000 0.708890 0.000000 -0.705319 0.590037 0.590037 0.590037
6088.076660 0.000000 3607.955078 0.000000 0.883557 0.000000 -0.468323 0.633381 0.633381 0.633381
6134.014648 0.000000 3564.035645 0.000000 0.879087 0.000000 -0.476661 0.619346 0.619346 0.619346
6095.615723 0.000000 3587.270020 0.000000 0.792901 0.000000 -0.609351 0.533093 0.533093 0.533093
6135.597168 0.000000 3565.431885 0.000000 0.704746 0.000000 -0.709459 0.627831 0.627831 0.627831
6136.234863 0.000000 3560.258545 0.000000 0.936530 0.000000 -0.350588 0.514455 0.514455 0.514455
6117.641113 0.000000 3565.642090 0.000000 0.720802 0.000000 -0.693141 0.652282 0.652282 0.652282
6168.755859 0.000000 3464.895996 0.000000 0.927574 0.000000 -0.373640 0.583645 0.583645 0.583645
6164.471191 0.000000 3467.372559 0.000000 0.807761 0.000000 -0.589509 0.497668 0.497668 0.497668
6173.193848 0.000000 3471.758057 0.000000 0.869988 0.000000 -0.493074 0.593285 0.593285 0.593285
6152.162109 0.000000 3465.267578 0.000000 0.938932 0.000000 -0.344104 0.715654 0.715654 0.715654
6190.967285 0.000000 3460.923828 0.000000 0.759892 0.000000 -0.650050 0.731535 0.731535 0.731535
6177.051758 0.000000 3477.738281 0.000000 0.680682 0.000000 -0.732579 0.530530 0.530530 0.530530
6176.249023 0.000000 3473.922607 0.000000 0.648000 0.000000 -0.761640 0.738585 0.738585 0.738585
6194.491699 0.000000 3469.187256 0.000000 0.731287 0.000000 -0.682070 0.712647 0.712647 0.712647
6166.347168 0.000000 3468.190430 0.000000 0.718599 0.000000 -0.695424 0.730910 0.730910 0.730910
6146.200195 0.000000 3462.166016 0.000000 0.711296 0.000000 -0.702893 0.558697 0.558697 0.558697
6176.356445 0.000000 3457.913818 0.000000 0.884390 0.000000 -0.466748 0.498883 0.498883 0.498883
6193.404785 0.000000 3465.004883 0.000000 0.904271 0.000000 -0.426960 0.719658 0.719658 0.719658
6192.528809 0.000000 3466.427979 0.000000 0.709052 0.000000 -0.705157 0.734877 0.734877 0.734877
6150.203613 0.000000 3482.842041 0.000000 0.848408 0.000000 -0.529343 0.510521 0.510521 0.510521
6169.662598 0.000000 3468.342285 0.000000 0.757779 0.000000 -0.652511 0.700726 0.700726 0.700726
6170.288574 0.000000 3465.379639 0.000000 0.866944 0.000000 -0.498405 0.723251 0.723251 0.723251
6169.591309 0.000000 3463.528564 0.000000 0.716169 0.000000 -0.697927 0.566853 0.566853 0.566853
6159.107910 0.000000 3480.741943 0.000000 0.783395 0.000000 -0.621524 0.726020 0.726020 0.726020
6145.273926 0.000000 3473.066650 0.000000 0.905869 0.000000 -0.423558 0.666519 0.666519 0.666519
6173.330566 0.000000 3461.654053 0.000000 0.770753 0.000000 -0.637134 0.730723 0.730723 0.730723
6163.482422 0.000000 3471.236816 0.000000 0.898265 0.000000 -0.439454 0.581481 0.581481 0.581481
6161.384766 0.000000 3476.752197 0.000000 0.837364 0.000000 -0.546646 0.724409 0.724409 0.724409
6191.139160 0.000000 3459.465088 0.000000 0.737541 0.000000 -0.675302 0.731937 0.731937 0.731937
6179.650879 0.000000 3524.973633 0.000000 0.693016 0.000000 -0.720922 0.411015 0.411015 0.411015
6175.885254 0.000000 3521.221436 0.000000 0.700760 0.000000 -0.713397 0.492600 0.492600 0.492600
6149.188477 0.000000 3544.771240 0.000000 0.597499 0.000000 -0.801870 0.737154 0.737154 0.737154
6190.877930 0.000000 3555.454834 0.000000 0.798706 0.000000 -0.601722 0.724767 0.724767 0.724767
6149.526367 0.000000 3543.097168 0.000000 0.839652 0.000000 -0.543125 0.541535 0.541535 0.541535
6271.545410 0.000000 3533.990234 0.000000 0.877028 0.000000 -0.480439 0.472806 0.472806 0.472806
6260.127930 0.000000 3519.913818 0.000000 0.759186 0.000000 -0.650874 0.441663 0.441663 0.441663
6265.789062 0.000000 3521.393066 0.000000 0.817617 0.000000 -0.575763 0.532172 0.532172 0.532172
6196.512207 0.000000 3568.370117 0.000000 0.878764 0.000000 -0.477257 0.656219 0.656219 0.656219
6208.974121 0.000000 3571.223389 0.000000 0.852945 0.000000 -0.522001 0.592138 0.592138 0.592138
6279.852051 0.000000 3539.208740 0.000000 0.624052 0.000000 -0.781383 0.477894 0.477894 0.477894
6279.324707 0.000000 3528.641357 0.000000 0.871809 0.000000 -0.489847 0.679272 0.679272 0.679272
6272.010254 0.000000 3530.717529 0.000000 0.676570 0.000000 -0.736379 0.620562 0.620562 0.620562
6274.422852 0.000000 3530.430908 0.000000 0.910441 0.000000 -0.413640 0.439188 0.439188 0.439188
6299.568359 0.000000 3535.438721 0.000000 0.667896 0.000000 -0.744255 0.553853 0.553853 0.553853
6278.455566 0.000000 3529.936523 0.000000 0.885535 0.000000 -0.464573 0.678288 0.678288 0.678288
6288.015625 0.000000 3535.815674 0.000000 0.933213 0.000000 -0.359324 0.643929 0.643929 0.643929
6286.922852 0.000000 3532.251953 0.000000 0.594243 0.000000 -0.804286 0.715072 0.715072 0.715072
6297.071777 0.000000 3535.395264 0.000000 0.777802 0.000000 -0.628510 0.550134 0.550134 0.550134
6371.097656 0.000000 3544.131348 0.000000 0.940810 0.000000 -0.338935 0.621013 0.621013 0.621013
6371.246582 0.000000 3548.449707 0.000000 0.612983 0.000000 -0.790096 0.528265 0.528265 0.528265
6368.219238 0.000000 3548.186768 0.000000 0.868180 0.000000 -0.496249 0.507691 0.507691 0.507691
6394.988770 0.000000 3592.149658 0.000000 0.915055 0.000000 -0.403330 0.408830 0.408830 0.408830
6396.605469 0.000000 3590.442139 0.000000 0.818977 0.000000 -0.573827 0.503430 0.503430 0.503430
6396.194824 0.000000 3594.104736 0.000000 0.628022 0.000000 -0.778196 0.734131 0.734131 0.734131
6378.572266 0.000000 3608.094482 0.000000 0.706239 0.000000 -0.707974 0.509020 0.509020 0.509020
6397.998047 0.000000 3591.141602 0.000000 0.937566 0.000000 -0.347808 0.498299 0.498299 0.498299
6587.123047 0.000000 3484.973145 0.000000 0.912246 0.000000 -0.409644 0.716153 0.716153 0.716153
6598.113770 0.000000 3484.505371 0.000000 0.803896 0.000000 -0.594770 0.408715 0.408715 0.408715
6610.928223 0.000000 3486.451660 0.000000 0.949354 0.000000 -0.314209 0.648472 0.648472 0.648472
6604.826172 0.000000 3484.732910 0.000000 0.809185 0.000000 -0.587554 0.565393 0.565393 0.565393
6446.630859 0.000000 3582.292236 0.000000 0.903042 0.000000 -0.429552 0.603562 0.603562 0.603562
6449.665527 0.000000 3587.278320 0.000000 0.715764 0.000000 -0.698343 0.481863 0.481863 0.481863
6405.526367 0.000000 3599.581543 0.000000 0.932872 0.000000 -0.360207 0.567106 0.567106 0.567106
6452.736328 0.000000 3583.366699 0.000000 0.886287 0.000000 -0.463136 0.529258 0.529258 0.529258
6465.798828 0.000000 3608.454590 0.000000 0.909956 0.000000 -0.414706 0.517949 0.517949 0.517949
6573.452148 0.000000 3587.085449 0.000000 0.743864 0.000000 -0.668331 0.584552 0.584552 0.584552
6538.112305 0.000000 3576.669434 0.000000 0.659319 0.000000 -0.751864 0.560393 0.560393 0.560393
6571.705078 0.000000 3585.903320 0.000000 0.731056 0.000000 -0.682317 0.545570 0.545570 0.545570
6569.028320 0.000000 3585.222412 0.000000 0.697099 0.000000 -0.716975 0.680677 0.680677 0.680677
6589.523438 0.000000 3572.101074 0.000000 0.743260 0.000000 -0.669003 0.580420 0.580420 0.580420
6589.121582 0.000000 3574.740723 0.000000 0.924196 0.000000 -0.381920 0.499033 0.499033 0.499033
6641.077637 0.000000 3590.903564 0.000000 0.897185 0.000000 -0.441655 0.661057 0.661057 0.661057
6615.132812 0.000000 3596.464355 0.000000 0.941181 0.000000 -0.337904 0.572554 0.572554 0.572554
6599.353027 0.000000 3571.217041 0.000000 0.591293 0.000000 -0.806457 0.596200 0.596200 0.596200
6640.720703 0.000000 3588.559326 0.000000 0.826842 0.000000 -0.562435 0.581082 0.581082 0.581082
6668.884766 0.000000 3605.498047 0.000000 0.825195 0.000000 -0.564848 0.651258 0.651258 0.651258
6666.960449 0.000000 3592.680420 0.000000 0.785017 0.000000 -0.619474 0.506626 0.506626 0.506626
6668.418457 0.000000 3607.591553 0.000000 0.781524 0.000000 -0.623875 0.730022 0.730022 0.730022
"}
object={
	name="pine_sparse_generator_2_4"
	clamp_to_water_level=no
	render_under_water=no
	generated_content=yes
	layer="semidynamic_medium"
	pdxmesh="tree_fir_005_mesh"
	count=588
	transform="1270.447144 0.000000 2534.521973 0.000000 0.155840 0.000000 -0.987782 0.757095 0.757095 0.757095
1271.657227 0.000000 2525.686279 0.000000 0.444732 0.000000 -0.895664 0.477508 0.477508 0.477508
1270.407227 0.000000 2538.348145 0.000000 0.278877 0.000000 -0.960327 0.579412 0.579412 0.579412
1273.390381 0.000000 2527.719727 0.000000 0.229524 0.000000 -0.973303 0.639459 0.639459 0.639459
1273.142822 0.000000 2529.091064 0.000000 0.167013 0.000000 -0.985955 0.599662 0.599662 0.599662
1279.940552 0.000000 2561.246338 0.000000 0.432063 0.000000 -0.901843 0.494657 0.494657 0.494657
1275.060547 0.000000 2584.389160 0.000000 0.456807 0.000000 -0.889566 0.656119 0.656119 0.656119
1276.194946 0.000000 2577.385986 0.000000 0.059688 0.000000 -0.998217 0.602430 0.602430 0.602430
1270.224854 0.000000 2556.975586 0.000000 0.193855 0.000000 -0.981030 0.754815 0.754815 0.754815
1274.165039 0.000000 2620.832031 0.000000 0.097432 0.000000 -0.995242 0.419420 0.419420 0.419420
1279.450562 0.000000 2606.210449 0.000000 0.507008 0.000000 -0.861941 0.699453 0.699453 0.699453
1279.836060 0.000000 2602.765381 0.000000 0.155558 0.000000 -0.987827 0.755870 0.755870 0.755870
1279.180664 0.000000 2604.382568 0.000000 0.584496 0.000000 -0.811396 0.742181 0.742181 0.742181
1278.222290 0.000000 2620.992920 0.000000 0.397461 0.000000 -0.917619 0.749043 0.749043 0.749043
1277.258179 0.000000 2666.780029 0.000000 0.098150 0.000000 -0.995172 0.638871 0.638871 0.638871
1275.279419 0.000000 2679.967041 0.000000 0.408229 0.000000 -0.912880 0.576053 0.576053 0.576053
1276.546265 0.000000 2682.705322 0.000000 0.471507 0.000000 -0.881863 0.424528 0.424528 0.424528
1279.940552 0.000000 2674.215088 0.000000 0.049470 0.000000 -0.998776 0.602692 0.602692 0.602692
1265.258545 0.000000 2692.222656 0.000000 0.198057 0.000000 -0.980191 0.741937 0.741937 0.741937
1270.374756 0.000000 2686.315430 0.000000 0.039594 0.000000 -0.999216 0.465521 0.465521 0.465521
1278.998657 0.000000 2678.747314 0.000000 0.273078 0.000000 -0.961992 0.686261 0.686261 0.686261
1279.211670 0.000000 2665.597412 0.000000 0.042022 0.000000 -0.999117 0.756780 0.756780 0.756780
1263.226074 0.000000 2695.709717 0.000000 0.213446 0.000000 -0.976955 0.484003 0.484003 0.484003
1275.649170 0.000000 2676.278320 0.000000 0.440115 0.000000 -0.897941 0.488151 0.488151 0.488151
1273.095215 0.000000 2678.545166 0.000000 0.539123 0.000000 -0.842227 0.498649 0.498649 0.498649
1276.607178 0.000000 2672.620605 0.000000 0.144724 0.000000 -0.989472 0.521920 0.521920 0.521920
1276.396973 0.000000 2681.053711 0.000000 0.379316 0.000000 -0.925267 0.658732 0.658732 0.658732
1276.956909 0.000000 2679.531494 0.000000 0.293508 0.000000 -0.955957 0.747113 0.747113 0.747113
1278.222290 0.000000 2677.477295 0.000000 0.071055 0.000000 -0.997472 0.553918 0.553918 0.553918
1279.538696 0.000000 2669.250732 0.000000 0.314053 0.000000 -0.949406 0.645627 0.645627 0.645627
1278.061768 0.000000 2662.953857 0.000000 0.234535 0.000000 -0.972108 0.757119 0.757119 0.757119
1280.004639 0.000000 2538.626465 0.000000 0.211467 0.000000 -0.977385 0.752200 0.752200 0.752200
1281.866943 0.000000 2541.515625 0.000000 0.204892 0.000000 -0.978785 0.633614 0.633614 0.633614
1283.034790 0.000000 2539.470947 0.000000 0.015667 0.000000 -0.999877 0.769302 0.769302 0.769302
1282.786255 0.000000 2576.697510 0.000000 0.378264 0.000000 -0.925698 0.721847 0.721847 0.721847
1280.956543 0.000000 2582.916748 0.000000 0.300997 0.000000 -0.953625 0.527245 0.527245 0.527245
1284.206177 0.000000 2544.051758 0.000000 0.505042 0.000000 -0.863095 0.478393 0.478393 0.478393
1282.305054 0.000000 2543.146729 0.000000 0.238938 0.000000 -0.971035 0.643552 0.643552 0.643552
1291.621582 0.000000 2587.720459 0.000000 0.375666 0.000000 -0.926755 0.519206 0.519206 0.519206
1284.650269 0.000000 2579.572998 0.000000 0.563377 0.000000 -0.826200 0.531677 0.531677 0.531677
1290.104736 0.000000 2588.887695 0.000000 0.392162 0.000000 -0.919896 0.693005 0.693005 0.693005
1280.036377 0.000000 2588.392090 0.000000 0.068172 0.000000 -0.997674 0.693047 0.693047 0.693047
1516.263306 0.000000 2535.487549 0.000000 0.341601 0.000000 -0.939845 0.694824 0.694824 0.694824
1528.254761 0.000000 2532.694824 0.000000 0.238729 0.000000 -0.971086 0.759258 0.759258 0.759258
1532.833740 0.000000 2535.040771 0.000000 0.480643 0.000000 -0.876916 0.548596 0.548596 0.548596
1471.450562 0.000000 2549.726074 0.000000 0.231801 0.000000 -0.972763 0.524432 0.524432 0.524432
1465.029419 0.000000 2548.233643 0.000000 0.418367 0.000000 -0.908278 0.520383 0.520383 0.520383
1522.317383 0.000000 2544.988037 0.000000 0.568499 0.000000 -0.822684 0.412735 0.412735 0.412735
1494.908936 0.000000 2552.796631 0.000000 0.175641 0.000000 -0.984454 0.420590 0.420590 0.420590
1519.681152 0.000000 2544.698730 0.000000 0.548567 0.000000 -0.836107 0.527849 0.527849 0.527849
1528.357544 0.000000 2550.143799 0.000000 0.515858 0.000000 -0.856674 0.744498 0.744498 0.744498
1489.307007 0.000000 2552.742676 0.000000 0.433402 0.000000 -0.901201 0.452449 0.452449 0.452449
1507.024292 0.000000 2562.368896 0.000000 0.199625 0.000000 -0.979872 0.677699 0.677699 0.677699
1533.061157 0.000000 2542.353271 0.000000 0.449118 0.000000 -0.893472 0.723392 0.723392 0.723392
1535.035522 0.000000 2583.405029 0.000000 0.053541 0.000000 -0.998566 0.515073 0.515073 0.515073
1512.686523 0.000000 2560.449951 0.000000 0.371427 0.000000 -0.928462 0.493779 0.493779 0.493779
1509.573853 0.000000 2553.301025 0.000000 0.391782 0.000000 -0.920058 0.578633 0.578633 0.578633
1505.168701 0.000000 2562.089111 0.000000 0.150455 0.000000 -0.988617 0.758059 0.758059 0.758059
1510.213745 0.000000 2551.810059 0.000000 0.531172 0.000000 -0.847264 0.698480 0.698480 0.698480
1533.973755 0.000000 2545.771973 0.000000 0.052556 0.000000 -0.998618 0.587211 0.587211 0.587211
1502.637329 0.000000 2559.965820 0.000000 0.164069 0.000000 -0.986449 0.756144 0.756144 0.756144
1529.855957 0.000000 2550.618896 0.000000 0.305496 0.000000 -0.952193 0.754513 0.754513 0.754513
1477.442505 0.000000 2548.737061 0.000000 0.142000 0.000000 -0.989867 0.526304 0.526304 0.526304
1507.134155 0.000000 2559.098389 0.000000 0.393660 0.000000 -0.919256 0.719068 0.719068 0.719068
1312.693359 0.000000 2650.269531 0.000000 0.499804 0.000000 -0.866139 0.414539 0.414539 0.414539
1301.436035 0.000000 2649.579102 0.000000 0.041030 0.000000 -0.999158 0.421234 0.421234 0.421234
1327.961792 0.000000 2653.541260 0.000000 0.494335 0.000000 -0.869271 0.476512 0.476512 0.476512
1306.002319 0.000000 2612.316650 0.000000 0.505964 0.000000 -0.862555 0.558529 0.558529 0.558529
1293.917725 0.000000 2629.727539 0.000000 0.531074 0.000000 -0.847326 0.488334 0.488334 0.488334
1327.774780 0.000000 2617.469727 0.000000 0.154867 0.000000 -0.987935 0.487217 0.487217 0.487217
1304.281860 0.000000 2620.296387 0.000000 0.016854 0.000000 -0.999858 0.463737 0.463737 0.463737
1280.164185 0.000000 2654.620361 0.000000 0.324461 0.000000 -0.945899 0.522456 0.522456 0.522456
1304.196777 0.000000 2604.549316 0.000000 0.074732 0.000000 -0.997204 0.445590 0.445590 0.445590
1303.989624 0.000000 2611.311035 0.000000 0.084886 0.000000 -0.996391 0.592998 0.592998 0.592998
1282.305054 0.000000 2599.631104 0.000000 0.240443 0.000000 -0.970663 0.759179 0.759179 0.759179
1298.017090 0.000000 2622.065918 0.000000 0.543512 0.000000 -0.839401 0.555390 0.555390 0.555390
1294.853149 0.000000 2615.183105 0.000000 0.169590 0.000000 -0.985515 0.610524 0.610524 0.610524
1309.530396 0.000000 2652.454590 0.000000 0.001155 0.000000 -0.999999 0.610567 0.610567 0.610567
1289.975220 0.000000 2635.793213 0.000000 0.060824 0.000000 -0.998149 0.584812 0.584812 0.584812
1320.327271 0.000000 2620.553223 0.000000 0.155113 0.000000 -0.987897 0.756135 0.756135 0.756135
1305.175293 0.000000 2640.650879 0.000000 0.215507 0.000000 -0.976502 0.483966 0.483966 0.483966
1289.625610 0.000000 2608.506104 0.000000 0.189998 0.000000 -0.981784 0.488722 0.488722 0.488722
1281.866943 0.000000 2654.484375 0.000000 0.468767 0.000000 -0.883322 0.519232 0.519232 0.519232
1297.270264 0.000000 2649.098877 0.000000 0.036386 0.000000 -0.999338 0.554689 0.554689 0.554689
1299.159302 0.000000 2618.500732 0.000000 0.098834 0.000000 -0.995104 0.533711 0.533711 0.533711
1291.164307 0.000000 2634.836426 0.000000 0.292704 0.000000 -0.956203 0.748304 0.748304 0.748304
1304.543945 0.000000 2612.782715 0.000000 0.102061 0.000000 -0.994778 0.566314 0.566314 0.566314
1303.808105 0.000000 2603.114990 0.000000 0.251386 0.000000 -0.967887 0.758676 0.758676 0.758676
1280.011719 0.000000 2623.134277 0.000000 0.165393 0.000000 -0.986228 0.536635 0.536635 0.536635
1287.945435 0.000000 2650.687256 0.000000 0.020582 0.000000 -0.999788 0.687884 0.687884 0.687884
1291.080078 0.000000 2648.088867 0.000000 0.517080 0.000000 -0.855937 0.579424 0.579424 0.579424
1298.552246 0.000000 2652.432129 0.000000 0.356000 0.000000 -0.934486 0.560261 0.560261 0.560261
1302.596802 0.000000 2675.296875 0.000000 0.294492 0.000000 -0.955654 0.416956 0.416956 0.416956
1314.304321 0.000000 2670.865479 0.000000 0.051515 0.000000 -0.998672 0.504256 0.504256 0.504256
1324.435303 0.000000 2690.740723 0.000000 0.312538 0.000000 -0.949905 0.467288 0.467288 0.467288
1289.306274 0.000000 2680.440186 0.000000 0.033529 0.000000 -0.999438 0.689704 0.689704 0.689704
1288.383423 0.000000 2676.629395 0.000000 0.241077 0.000000 -0.970506 0.474950 0.474950 0.474950
1280.060181 0.000000 2663.013916 0.000000 0.524698 0.000000 -0.851288 0.530558 0.530558 0.530558
1323.705322 0.000000 2682.153320 0.000000 0.487038 0.000000 -0.873381 0.514582 0.514582 0.514582
1297.373657 0.000000 2654.872070 0.000000 0.464755 0.000000 -0.885440 0.504525 0.504525 0.504525
1310.427490 0.000000 2693.052734 0.000000 0.342954 0.000000 -0.939352 0.679510 0.679510 0.679510
1307.430664 0.000000 2666.793213 0.000000 0.107713 0.000000 -0.994182 0.667340 0.667340 0.667340
1315.248779 0.000000 2669.126953 0.000000 0.535123 0.000000 -0.844774 0.517660 0.517660 0.517660
1281.541504 0.000000 2675.929688 0.000000 0.081434 0.000000 -0.996679 0.705996 0.705996 0.705996
1309.381714 0.000000 2685.360840 0.000000 0.270949 0.000000 -0.962594 0.523603 0.523603 0.523603
1314.170532 0.000000 2683.123047 0.000000 0.215890 0.000000 -0.976418 0.509704 0.509704 0.509704
1323.434082 0.000000 2683.855713 0.000000 0.503687 0.000000 -0.863886 0.514195 0.514195 0.514195
1311.343506 0.000000 2697.902344 0.000000 0.455081 0.000000 -0.890450 0.744435 0.744435 0.744435
1295.409668 0.000000 2694.925781 0.000000 0.528691 0.000000 -0.848814 0.511501 0.511501 0.511501
1313.168701 0.000000 2675.057861 0.000000 0.503175 0.000000 -0.864185 0.526869 0.526869 0.526869
1286.638794 0.000000 2664.318604 0.000000 0.039610 0.000000 -0.999215 0.611771 0.611771 0.611771
1327.049927 0.000000 2683.975586 0.000000 0.317694 0.000000 -0.948193 0.595679 0.595679 0.595679
1310.635132 0.000000 2699.328857 0.000000 0.583963 0.000000 -0.811780 0.738900 0.738900 0.738900
1297.954346 0.000000 2692.789795 0.000000 0.017300 0.000000 -0.999850 0.528867 0.528867 0.528867
1310.455078 0.000000 2660.844238 0.000000 0.119259 0.000000 -0.992863 0.526774 0.526774 0.526774
1319.698120 0.000000 2656.723877 0.000000 0.118260 0.000000 -0.992983 0.526794 0.526794 0.526794
1301.358154 0.000000 2678.658203 0.000000 0.550727 0.000000 -0.834685 0.739436 0.739436 0.739436
1290.271729 0.000000 2683.867432 0.000000 0.029713 0.000000 -0.999559 0.612031 0.612031 0.612031
1307.986084 0.000000 2665.523682 0.000000 0.438770 0.000000 -0.898599 0.579502 0.579502 0.579502
1372.442627 0.000000 2654.782959 0.000000 0.567392 0.000000 -0.823448 0.647913 0.647913 0.647913
1357.897339 0.000000 2697.873535 0.000000 0.075817 0.000000 -0.997122 0.545085 0.545085 0.545085
1363.138916 0.000000 2702.429443 0.000000 0.463812 0.000000 -0.885934 0.487663 0.487663 0.487663
1387.248413 0.000000 2687.591553 0.000000 0.331066 0.000000 -0.943608 0.477570 0.477570 0.477570
1366.371582 0.000000 2707.591553 0.000000 0.109926 0.000000 -0.993940 0.631921 0.631921 0.631921
1368.050781 0.000000 2672.478516 0.000000 0.083141 0.000000 -0.996538 0.763041 0.763041 0.763041
1378.527588 0.000000 2661.873291 0.000000 0.170985 0.000000 -0.985274 0.545176 0.545176 0.545176
1366.839355 0.000000 2705.330566 0.000000 0.330520 0.000000 -0.943799 0.603967 0.603967 0.603967
1435.270386 0.000000 2650.027588 0.000000 0.127632 0.000000 -0.991822 0.479101 0.479101 0.479101
1442.607544 0.000000 2650.675293 0.000000 0.486102 0.000000 -0.873902 0.683043 0.683043 0.683043
1500.691528 0.000000 2646.373535 0.000000 0.081995 0.000000 -0.996633 0.668131 0.668131 0.668131
1484.076904 0.000000 2633.591797 0.000000 0.028867 0.000000 -0.999583 0.554857 0.554857 0.554857
1507.886841 0.000000 2628.905762 0.000000 0.054000 0.000000 -0.998541 0.547742 0.547742 0.547742
1497.195190 0.000000 2643.856934 0.000000 0.004161 0.000000 -0.999991 0.524769 0.524769 0.524769
1483.577515 0.000000 2642.302490 0.000000 0.085452 0.000000 -0.996342 0.586403 0.586403 0.586403
1499.270386 0.000000 2650.027588 0.000000 0.072004 0.000000 -0.997404 0.595518 0.595518 0.595518
1512.804443 0.000000 2632.405518 0.000000 0.555814 0.000000 -0.831307 0.567716 0.567716 0.567716
1502.555786 0.000000 2620.618652 0.000000 0.544591 0.000000 -0.838702 0.737816 0.737816 0.737816
1502.632446 0.000000 2625.591309 0.000000 0.521137 0.000000 -0.853473 0.501159 0.501159 0.501159
1499.020386 0.000000 2646.489502 0.000000 0.339722 0.000000 -0.940526 0.608028 0.608028 0.608028
1501.439453 0.000000 2645.167969 0.000000 0.150991 0.000000 -0.988535 0.600078 0.600078 0.600078
1411.928833 0.000000 2684.897461 0.000000 0.217689 0.000000 -0.976018 0.434853 0.434853 0.434853
1436.897827 0.000000 2676.404541 0.000000 0.309812 0.000000 -0.950798 0.463089 0.463089 0.463089
1422.008911 0.000000 2674.510742 0.000000 0.040042 0.000000 -0.999198 0.508817 0.508817 0.508817
1423.814819 0.000000 2675.397705 0.000000 0.117990 0.000000 -0.993015 0.507315 0.507315 0.507315
1415.854370 0.000000 2665.513672 0.000000 0.303014 0.000000 -0.952986 0.659038 0.659038 0.659038
1420.302734 0.000000 2675.164062 0.000000 0.572736 0.000000 -0.819740 0.713885 0.713885 0.713885
1416.825562 0.000000 2689.274658 0.000000 0.227735 0.000000 -0.973723 0.528823 0.528823 0.528823
1425.551270 0.000000 2688.707520 0.000000 0.036820 0.000000 -0.999322 0.680665 0.680665 0.680665
1445.564209 0.000000 2699.419189 0.000000 0.301944 0.000000 -0.953326 0.696226 0.696226 0.696226
1726.808594 0.000000 2400.371338 0.000000 0.480419 0.000000 -0.877039 0.451595 0.451595 0.451595
1735.290405 0.000000 2407.016113 0.000000 0.299201 0.000000 -0.954190 0.420912 0.420912 0.420912
1730.786255 0.000000 2407.244385 0.000000 0.014996 0.000000 -0.999888 0.509298 0.509298 0.509298
1730.854492 0.000000 2419.890625 0.000000 0.523206 0.000000 -0.852207 0.517948 0.517948 0.517948
1729.729858 0.000000 2404.936035 0.000000 0.543759 0.000000 -0.839242 0.448316 0.448316 0.448316
1733.887573 0.000000 2403.172363 0.000000 0.378156 0.000000 -0.925742 0.540472 0.540472 0.540472
1734.067017 0.000000 2405.479248 0.000000 0.448663 0.000000 -0.893701 0.585634 0.585634 0.585634
1730.930908 0.000000 2403.818359 0.000000 0.465592 0.000000 -0.885000 0.529892 0.529892 0.529892
1733.528809 0.000000 2401.681885 0.000000 0.062521 0.000000 -0.998044 0.662061 0.662061 0.662061
1735.944946 0.000000 2400.281982 0.000000 0.516326 0.000000 -0.856392 0.522329 0.522329 0.522329
1734.455566 0.000000 2400.249023 0.000000 0.482665 0.000000 -0.875805 0.523135 0.523135 0.523135
1735.860718 0.000000 2405.683838 0.000000 0.512289 0.000000 -0.858813 0.583809 0.583809 0.583809
1720.357544 0.000000 2437.175049 0.000000 0.575164 0.000000 -0.818038 0.462295 0.462295 0.462295
1716.503296 0.000000 2483.245605 0.000000 0.563978 0.000000 -0.825790 0.544287 0.544287 0.544287
1713.665527 0.000000 2457.590820 0.000000 0.134722 0.000000 -0.990883 0.526455 0.526455 0.526455
1709.863159 0.000000 2475.645264 0.000000 0.524844 0.000000 -0.851199 0.490570 0.490570 0.490570
1722.833618 0.000000 2432.093750 0.000000 0.583278 0.000000 -0.812272 0.702731 0.702731 0.702731
1717.526611 0.000000 2462.763672 0.000000 0.232301 0.000000 -0.972644 0.524421 0.524421 0.524421
1712.720703 0.000000 2458.871826 0.000000 0.435554 0.000000 -0.900163 0.519994 0.519994 0.519994
1724.446655 0.000000 2433.085938 0.000000 0.266294 0.000000 -0.963892 0.751734 0.751734 0.751734
1717.732422 0.000000 2484.390381 0.000000 0.154078 0.000000 -0.988059 0.602185 0.602185 0.602185
1536.060181 0.000000 2550.045166 0.000000 0.440686 0.000000 -0.897661 0.745086 0.745086 0.745086
1553.040649 0.000000 2594.332275 0.000000 0.161499 0.000000 -0.986873 0.491397 0.491397 0.491397
1540.837402 0.000000 2590.036621 0.000000 0.429070 0.000000 -0.903271 0.635523 0.635523 0.635523
1539.196289 0.000000 2587.547363 0.000000 0.447989 0.000000 -0.894039 0.481660 0.481660 0.481660
1539.459351 0.000000 2578.313232 0.000000 0.022796 0.000000 -0.999740 0.590144 0.590144 0.590144
1539.034790 0.000000 2595.955322 0.000000 0.435001 0.000000 -0.900430 0.558271 0.558271 0.558271
1540.645142 0.000000 2586.410645 0.000000 0.391677 0.000000 -0.920103 0.752065 0.752065 0.752065
1538.702148 0.000000 2546.959717 0.000000 0.416719 0.000000 -0.909035 0.586525 0.586525 0.586525
1717.811401 0.000000 2526.611572 0.000000 0.387748 0.000000 -0.921766 0.415867 0.415867 0.415867
1708.877319 0.000000 2519.099365 0.000000 0.500868 0.000000 -0.865524 0.414052 0.414052 0.414052
1721.029419 0.000000 2491.749268 0.000000 0.079729 0.000000 -0.996817 0.473472 0.473472 0.473472
1709.502441 0.000000 2507.673340 0.000000 0.395786 0.000000 -0.918343 0.520890 0.520890 0.520890
1715.333496 0.000000 2529.720215 0.000000 0.183313 0.000000 -0.983055 0.607971 0.607971 0.607971
1711.049927 0.000000 2514.522461 0.000000 0.028545 0.000000 -0.999593 0.522097 0.522097 0.522097
1685.428101 0.000000 2574.144531 0.000000 0.252749 0.000000 -0.967532 0.416944 0.416944 0.416944
1676.244629 0.000000 2592.413574 0.000000 0.274136 0.000000 -0.961691 0.431866 0.431866 0.431866
1675.346924 0.000000 2589.760986 0.000000 0.301271 0.000000 -0.953539 0.435678 0.435678 0.435678
1688.755737 0.000000 2561.145996 0.000000 0.183209 0.000000 -0.983074 0.525449 0.525449 0.525449
1704.628784 0.000000 2547.937256 0.000000 0.150642 0.000000 -0.988588 0.467963 0.467963 0.467963
1675.567871 0.000000 2581.950195 0.000000 0.449459 0.000000 -0.893301 0.479522 0.479522 0.479522
1704.507935 0.000000 2566.219238 0.000000 0.120615 0.000000 -0.992699 0.483531 0.483531 0.483531
1672.816650 0.000000 2589.805176 0.000000 0.004070 0.000000 -0.999992 0.457466 0.457466 0.457466
1687.132690 0.000000 2579.745605 0.000000 0.049239 0.000000 -0.998787 0.528213 0.528213 0.528213
1672.076660 0.000000 2591.236328 0.000000 0.286069 0.000000 -0.958209 0.529715 0.529715 0.529715
1707.594971 0.000000 2564.196533 0.000000 0.045590 0.000000 -0.998960 0.644803 0.644803 0.644803
1702.613281 0.000000 2562.667725 0.000000 0.565275 0.000000 -0.824903 0.546358 0.546358 0.546358
1560.755737 0.000000 2617.630371 0.000000 0.286632 0.000000 -0.958041 0.559801 0.559801 0.559801
1550.008911 0.000000 2618.026367 0.000000 0.541239 0.000000 -0.840869 0.542788 0.542788 0.542788
1551.814819 0.000000 2618.913330 0.000000 0.355400 0.000000 -0.934714 0.547423 0.547423 0.547423
1571.859863 0.000000 2603.963623 0.000000 0.457471 0.000000 -0.889225 0.519493 0.519493 0.519493
1561.591064 0.000000 2616.262939 0.000000 0.456666 0.000000 -0.889638 0.555584 0.555584 0.555584
1633.051514 0.000000 2630.472656 0.000000 0.279126 0.000000 -0.960255 0.607553 0.607553 0.607553
1623.132690 0.000000 2636.229980 0.000000 0.412498 0.000000 -0.910959 0.520515 0.520515 0.520515
1622.173218 0.000000 2637.622803 0.000000 0.179118 0.000000 -0.983828 0.525534 0.525534 0.525534
1648.528931 0.000000 2619.162354 0.000000 0.440084 0.000000 -0.897957 0.519891 0.519891 0.519891
1623.874878 0.000000 2630.356934 0.000000 0.209103 0.000000 -0.977894 0.572480 0.572480 0.572480
1580.877319 0.000000 2688.552490 0.000000 0.497974 0.000000 -0.867192 0.414306 0.414306 0.414306
1597.258179 0.000000 2666.780029 0.000000 0.214356 0.000000 -0.976755 0.458335 0.458335 0.458335
1574.985352 0.000000 2686.630127 0.000000 0.218286 0.000000 -0.975885 0.535492 0.535492 0.535492
1571.886841 0.000000 2685.390137 0.000000 0.571236 0.000000 -0.820786 0.456120 0.456120 0.456120
1569.051514 0.000000 2686.957031 0.000000 0.496306 0.000000 -0.868148 0.518588 0.518588 0.518588
1598.998657 0.000000 2678.747314 0.000000 0.091699 0.000000 -0.995787 0.575301 0.575301 0.575301
1567.953247 0.000000 2660.440918 0.000000 0.525247 0.000000 -0.850950 0.517898 0.517898 0.517898
1591.776123 0.000000 2682.490479 0.000000 0.268929 0.000000 -0.963160 0.510780 0.510780 0.510780
1579.248413 0.000000 2687.591553 0.000000 0.551684 0.000000 -0.834053 0.517256 0.517256 0.517256
1562.510254 0.000000 2685.558838 0.000000 0.021433 0.000000 -0.999770 0.528783 0.528783 0.528783
1566.455078 0.000000 2660.844238 0.000000 0.542529 0.000000 -0.840037 0.517480 0.517480 0.517480
1598.777100 0.000000 2675.193848 0.000000 0.573675 0.000000 -0.819083 0.577747 0.577747 0.577747
1613.333862 0.000000 2659.094971 0.000000 0.036773 0.000000 -0.999324 0.420298 0.420298 0.420298
1604.206177 0.000000 2657.020508 0.000000 0.366582 0.000000 -0.930386 0.506630 0.506630 0.506630
1600.011719 0.000000 2679.618652 0.000000 0.115849 0.000000 -0.993267 0.552918 0.552918 0.552918
1391.681152 0.000000 2714.151855 0.000000 0.097108 0.000000 -0.995274 0.430255 0.430255 0.430255
1432.548584 0.000000 2713.306885 0.000000 0.008092 0.000000 -0.999967 0.483361 0.483361 0.483361
1434.746094 0.000000 2711.277100 0.000000 0.530048 0.000000 -0.847968 0.515678 0.515678 0.515678
1967.365356 0.000000 2798.538086 0.000000 0.507269 0.000000 -0.861787 0.413693 0.413693 0.413693
1970.335327 0.000000 2788.627441 0.000000 0.072790 0.000000 -0.997347 0.420793 0.420793 0.420793
1970.278564 0.000000 2798.443359 0.000000 0.322364 0.000000 -0.946616 0.417310 0.417310 0.417310
1973.008667 0.000000 2811.956299 0.000000 0.206381 0.000000 -0.978472 0.419055 0.419055 0.419055
1958.885986 0.000000 2811.895996 0.000000 0.019372 0.000000 -0.999812 0.424947 0.424947 0.424947
1967.961792 0.000000 2822.994385 0.000000 0.024167 0.000000 -0.999708 0.554961 0.554961 0.554961
1966.630737 0.000000 2791.510986 0.000000 0.543104 0.000000 -0.839665 0.469223 0.469223 0.469223
1980.546265 0.000000 2795.674072 0.000000 0.059178 0.000000 -0.998247 0.428665 0.428665 0.428665
1964.873901 0.000000 2812.723633 0.000000 0.241586 0.000000 -0.970379 0.453620 0.453620 0.453620
1964.304199 0.000000 2791.433838 0.000000 0.359707 0.000000 -0.933065 0.543043 0.543043 0.543043
1976.713501 0.000000 2797.157471 0.000000 0.170425 0.000000 -0.985371 0.482639 0.482639 0.482639
1974.374756 0.000000 2799.284180 0.000000 0.420220 0.000000 -0.907422 0.480102 0.480102 0.480102
1964.596680 0.000000 2786.685791 0.000000 0.384002 0.000000 -0.923332 0.480808 0.480808 0.480808
2010.661499 0.000000 2789.172119 0.000000 0.560427 0.000000 -0.828204 0.412864 0.412864 0.412864
2011.115234 0.000000 2797.018066 0.000000 0.017836 0.000000 -0.999841 0.465881 0.465881 0.465881
2017.210693 0.000000 2817.177246 0.000000 0.431970 0.000000 -0.901888 0.435663 0.435663 0.435663
2018.441895 0.000000 2801.697754 0.000000 0.318625 0.000000 -0.947881 0.454452 0.454452 0.454452
2008.466675 0.000000 2794.258545 0.000000 0.090651 0.000000 -0.995883 0.555662 0.555662 0.555662
2018.455933 0.000000 2812.687256 0.000000 0.442167 0.000000 -0.896933 0.477558 0.477558 0.477558
2014.429565 0.000000 2792.909424 0.000000 0.037584 0.000000 -0.999293 0.550287 0.550287 0.550287
2004.957153 0.000000 2795.895264 0.000000 0.002757 0.000000 -0.999996 0.555437 0.555437 0.555437
1965.664185 0.000000 2831.214355 0.000000 0.386666 0.000000 -0.922220 0.544540 0.544540 0.544540
1969.566528 0.000000 2831.401367 0.000000 0.143523 0.000000 -0.989647 0.606839 0.606839 0.606839
2171.123047 0.000000 2242.316895 0.000000 0.164815 0.000000 -0.986324 0.525831 0.525831 0.525831
2171.649902 0.000000 2257.844482 0.000000 0.172682 0.000000 -0.984978 0.621385 0.621385 0.621385
2239.022949 0.000000 2257.056152 0.000000 0.572543 0.000000 -0.819874 0.435273 0.435273 0.435273
2199.931152 0.000000 2254.607910 0.000000 0.437546 0.000000 -0.899196 0.425083 0.425083 0.425083
2226.737793 0.000000 2236.388184 0.000000 0.507833 0.000000 -0.861455 0.495146 0.495146 0.495146
2168.373535 0.000000 2259.513428 0.000000 0.163635 0.000000 -0.986521 0.450620 0.450620 0.450620
2168.713623 0.000000 2288.798096 0.000000 0.584220 0.000000 -0.811596 0.516447 0.516447 0.516447
2164.417969 0.000000 2289.699951 0.000000 0.386364 0.000000 -0.922347 0.525357 0.525357 0.525357
2173.359375 0.000000 2280.448486 0.000000 0.509604 0.000000 -0.860409 0.620077 0.620077 0.620077
2175.180664 0.000000 2265.476318 0.000000 0.154436 0.000000 -0.988003 0.624082 0.624082 0.624082
2163.137939 0.000000 2291.387207 0.000000 0.331725 0.000000 -0.943376 0.573756 0.573756 0.573756
2175.836182 0.000000 2320.343506 0.000000 0.533690 0.000000 -0.845680 0.505075 0.505075 0.505075
2199.759277 0.000000 2303.500732 0.000000 0.445652 0.000000 -0.895206 0.414783 0.414783 0.414783
2215.437012 0.000000 2286.756836 0.000000 0.044461 0.000000 -0.999011 0.655936 0.655936 0.655936
2185.114258 0.000000 2289.488770 0.000000 0.407367 0.000000 -0.913264 0.457128 0.457128 0.457128
2193.982666 0.000000 2262.628662 0.000000 0.469615 0.000000 -0.882871 0.485435 0.485435 0.485435
2226.464111 0.000000 2275.303467 0.000000 0.031281 0.000000 -0.999511 0.627473 0.627473 0.627473
2216.327148 0.000000 2281.646973 0.000000 0.433788 0.000000 -0.901015 0.532770 0.532770 0.532770
2213.911865 0.000000 2262.534668 0.000000 0.038789 0.000000 -0.999247 0.528427 0.528427 0.528427
2212.465576 0.000000 2261.160889 0.000000 0.478482 0.000000 -0.878098 0.495785 0.495785 0.495785
2219.594971 0.000000 2281.774658 0.000000 0.169687 0.000000 -0.985498 0.560390 0.560390 0.560390
2214.914307 0.000000 2302.157227 0.000000 0.223727 0.000000 -0.974652 0.578630 0.578630 0.578630
2284.263184 0.000000 2309.550049 0.000000 0.536856 0.000000 -0.843674 0.621313 0.621313 0.621313
2280.632324 0.000000 2299.010254 0.000000 0.281477 0.000000 -0.959568 0.523379 0.523379 0.523379
2273.958740 0.000000 2299.604004 0.000000 0.101164 0.000000 -0.994870 0.475258 0.475258 0.475258
2265.412842 0.000000 2299.486572 0.000000 0.230296 0.000000 -0.973121 0.524463 0.524463 0.524463
2269.201660 0.000000 2292.041504 0.000000 0.319401 0.000000 -0.947620 0.522565 0.522565 0.522565
2252.710449 0.000000 2296.108887 0.000000 0.325812 0.000000 -0.945435 0.554560 0.554560 0.554560
2282.445068 0.000000 2298.230957 0.000000 0.018893 0.000000 -0.999821 0.528835 0.528835 0.528835
2285.060791 0.000000 2308.317871 0.000000 0.557246 0.000000 -0.830347 0.620630 0.620630 0.620630
2240.036621 0.000000 2304.402344 0.000000 0.388341 0.000000 -0.921516 0.580869 0.580869 0.580869
2189.243652 0.000000 2323.100586 0.000000 0.230007 0.000000 -0.973189 0.418449 0.418449 0.418449
2225.495361 0.000000 2315.959473 0.000000 0.496852 0.000000 -0.867836 0.414639 0.414639 0.414639
2232.373535 0.000000 2315.997803 0.000000 0.307596 0.000000 -0.951517 0.522820 0.522820 0.522820
2199.989502 0.000000 2328.889160 0.000000 0.216351 0.000000 -0.976316 0.524756 0.524756 0.524756
2205.062500 0.000000 2333.535645 0.000000 0.240973 0.000000 -0.970532 0.511348 0.511348 0.511348
2223.881836 0.000000 2328.591797 0.000000 0.506414 0.000000 -0.862290 0.490971 0.490971 0.490971
2229.692383 0.000000 2327.594482 0.000000 0.420441 0.000000 -0.907320 0.556511 0.556511 0.556511
2221.137695 0.000000 2330.919434 0.000000 0.559503 0.000000 -0.828828 0.741319 0.741319 0.741319
2232.204834 0.000000 2326.120117 0.000000 0.384484 0.000000 -0.923132 0.750974 0.750974 0.750974
2191.876465 0.000000 2324.307617 0.000000 0.551934 0.000000 -0.833888 0.544612 0.544612 0.544612
2229.819092 0.000000 2324.485107 0.000000 0.516239 0.000000 -0.856445 0.577326 0.577326 0.577326
2202.808105 0.000000 2332.865234 0.000000 0.166916 0.000000 -0.985971 0.525788 0.525788 0.525788
2257.626221 0.000000 2321.068848 0.000000 0.501198 0.000000 -0.865333 0.413838 0.413838 0.413838
2266.516602 0.000000 2354.638184 0.000000 0.434833 0.000000 -0.900511 0.511531 0.511531 0.511531
2292.503418 0.000000 2370.276855 0.000000 0.567328 0.000000 -0.823492 0.447862 0.447862 0.447862
2274.794434 0.000000 2354.118896 0.000000 0.099550 0.000000 -0.995033 0.496858 0.496858 0.496858
2269.291748 0.000000 2327.150391 0.000000 0.377452 0.000000 -0.926029 0.521297 0.521297 0.521297
2245.188232 0.000000 2358.599365 0.000000 0.242597 0.000000 -0.970127 0.477058 0.477058 0.477058
2266.413818 0.000000 2324.130859 0.000000 0.418567 0.000000 -0.908186 0.501290 0.501290 0.501290
2246.226807 0.000000 2360.434326 0.000000 0.178564 0.000000 -0.983928 0.493230 0.493230 0.493230
2280.666260 0.000000 2362.181885 0.000000 0.356684 0.000000 -0.934225 0.472850 0.472850 0.472850
2259.108398 0.000000 2325.836426 0.000000 0.503016 0.000000 -0.864277 0.478434 0.478434 0.478434
2282.718262 0.000000 2362.358398 0.000000 0.075469 0.000000 -0.997148 0.597628 0.597628 0.597628
2296.590820 0.000000 2369.770020 0.000000 0.181910 0.000000 -0.983315 0.525476 0.525476 0.525476
2282.572266 0.000000 2365.438232 0.000000 0.215982 0.000000 -0.976397 0.633294 0.633294 0.633294
2289.522705 0.000000 2370.531250 0.000000 0.115399 0.000000 -0.993319 0.570368 0.570368 0.570368
2264.838135 0.000000 2353.970947 0.000000 0.531523 0.000000 -0.847044 0.517747 0.517747 0.517747
2252.418213 0.000000 2364.935303 0.000000 0.486037 0.000000 -0.873938 0.556941 0.556941 0.556941
2251.080078 0.000000 2365.666992 0.000000 0.586909 0.000000 -0.809653 0.541558 0.541558 0.541558
2270.946777 0.000000 2385.582764 0.000000 0.110855 0.000000 -0.993837 0.526947 0.526947 0.526947
2271.429199 0.000000 2396.271973 0.000000 0.334951 0.000000 -0.942236 0.522228 0.522228 0.522228
2287.569580 0.000000 2372.447021 0.000000 0.009084 0.000000 -0.999959 0.505060 0.505060 0.505060
2271.909912 0.000000 2387.311279 0.000000 0.125341 0.000000 -0.992114 0.496377 0.496377 0.496377
2290.704590 0.000000 2420.267822 0.000000 0.234690 0.000000 -0.972070 0.524371 0.524371 0.524371
2308.206299 0.000000 2374.598633 0.000000 0.309933 0.000000 -0.950758 0.669718 0.669718 0.669718
2315.567871 0.000000 2412.497070 0.000000 0.333172 0.000000 -0.942866 0.458440 0.458440 0.458440
2311.299561 0.000000 2413.081787 0.000000 0.326057 0.000000 -0.945350 0.452207 0.452207 0.452207
2316.416504 0.000000 2414.261719 0.000000 0.545406 0.000000 -0.838172 0.517410 0.517410 0.517410
2334.198975 0.000000 2423.591797 0.000000 0.380101 0.000000 -0.924945 0.514852 0.514852 0.514852
2349.602051 0.000000 2468.753174 0.000000 0.412830 0.000000 -0.910808 0.457030 0.457030 0.457030
2351.560791 0.000000 2471.591797 0.000000 0.357907 0.000000 -0.933757 0.491925 0.491925 0.491925
2327.655029 0.000000 2462.483643 0.000000 0.228609 0.000000 -0.973518 0.524499 0.524499 0.524499
2323.150879 0.000000 2462.589600 0.000000 0.560822 0.000000 -0.827937 0.508634 0.508634 0.508634
2338.441895 0.000000 2462.791504 0.000000 0.236658 0.000000 -0.971593 0.509288 0.509288 0.509288
2355.339844 0.000000 2464.117432 0.000000 0.549227 0.000000 -0.835673 0.498417 0.498417 0.498417
2337.051514 0.000000 2461.019531 0.000000 0.524725 0.000000 -0.851272 0.484275 0.484275 0.484275
2314.685303 0.000000 2430.791504 0.000000 0.351973 0.000000 -0.936010 0.521857 0.521857 0.521857
2334.604736 0.000000 2462.108398 0.000000 0.498096 0.000000 -0.867122 0.518546 0.518546 0.518546
2321.973633 0.000000 2443.749512 0.000000 0.228437 0.000000 -0.973559 0.524502 0.524502 0.524502
2324.653076 0.000000 2462.487305 0.000000 0.006078 0.000000 -0.999982 0.645938 0.645938 0.645938
2398.662598 0.000000 2475.018555 0.000000 0.282104 0.000000 -0.959384 0.417642 0.417642 0.417642
2368.974365 0.000000 2441.535889 0.000000 0.483230 0.000000 -0.875493 0.502007 0.502007 0.502007
2370.523438 0.000000 2443.242920 0.000000 0.463911 0.000000 -0.885882 0.502431 0.502431 0.502431
2370.422852 0.000000 2457.227783 0.000000 0.501629 0.000000 -0.865083 0.461677 0.461677 0.461677
2370.304932 0.000000 2430.177979 0.000000 0.469167 0.000000 -0.883110 0.477021 0.477021 0.477021
2397.530273 0.000000 2483.001465 0.000000 0.413445 0.000000 -0.910529 0.473896 0.473896 0.473896
2400.219238 0.000000 2474.983643 0.000000 0.304796 0.000000 -0.952418 0.676439 0.676439 0.676439
2373.380859 0.000000 2428.986084 0.000000 0.443015 0.000000 -0.896514 0.534674 0.534674 0.534674
2388.653076 0.000000 2462.487305 0.000000 0.201279 0.000000 -0.979534 0.548830 0.548830 0.548830
2387.827393 0.000000 2461.329590 0.000000 0.219729 0.000000 -0.975561 0.561390 0.561390 0.561390
2399.953369 0.000000 2490.987793 0.000000 0.509612 0.000000 -0.860404 0.530934 0.530934 0.530934
2420.201660 0.000000 2492.260498 0.000000 0.496947 0.000000 -0.867781 0.463865 0.463865 0.463865
2409.043945 0.000000 2497.328125 0.000000 0.579795 0.000000 -0.814762 0.474715 0.474715 0.474715
2400.356445 0.000000 2497.679443 0.000000 0.355592 0.000000 -0.934641 0.553842 0.553842 0.553842
2402.527588 0.000000 2492.420166 0.000000 0.181409 0.000000 -0.983408 0.608022 0.608022 0.608022
2406.213623 0.000000 2495.325684 0.000000 0.395338 0.000000 -0.918536 0.589258 0.589258 0.589258
2403.450684 0.000000 2493.973145 0.000000 0.455557 0.000000 -0.890206 0.600392 0.600392 0.600392
3515.060547 0.000000 2414.936035 0.000000 0.123336 0.000000 -0.992365 0.763857 0.763857 0.763857
2169.397217 0.000000 2749.400391 0.000000 0.063784 0.000000 -0.997964 0.657583 0.657583 0.657583
2175.836182 0.000000 2772.218506 0.000000 0.392431 0.000000 -0.919781 0.480644 0.480644 0.480644
2174.566406 0.000000 2823.363037 0.000000 0.529632 0.000000 -0.848228 0.560000 0.560000 0.560000
2202.549072 0.000000 2752.562988 0.000000 0.147566 0.000000 -0.989052 0.418683 0.418683 0.418683
2197.388916 0.000000 2754.475830 0.000000 0.388878 0.000000 -0.921289 0.745855 0.745855 0.745855
2209.496826 0.000000 2735.480713 0.000000 0.201363 0.000000 -0.979517 0.686460 0.686460 0.686460
2212.267090 0.000000 2736.140625 0.000000 0.127940 0.000000 -0.991782 0.479096 0.479096 0.479096
2219.937012 0.000000 2767.677490 0.000000 0.034050 0.000000 -0.999420 0.467772 0.467772 0.467772
2216.666260 0.000000 2757.572510 0.000000 0.270839 0.000000 -0.962625 0.754266 0.754266 0.754266
2217.461914 0.000000 2766.849609 0.000000 0.017598 0.000000 -0.999845 0.483194 0.483194 0.483194
2214.210205 0.000000 2744.750000 0.000000 0.526067 0.000000 -0.850443 0.494743 0.494743 0.494743
2239.198730 0.000000 2746.270020 0.000000 0.213506 0.000000 -0.976942 0.741353 0.741353 0.741353
2186.960205 0.000000 2745.414795 0.000000 0.003814 0.000000 -0.999993 0.603862 0.603862 0.603862
2213.460205 0.000000 2742.585205 0.000000 0.445921 0.000000 -0.895072 0.662956 0.662956 0.662956
2201.662842 0.000000 2734.045410 0.000000 0.518401 0.000000 -0.855137 0.741591 0.741591 0.741591
2196.233154 0.000000 2753.369629 0.000000 0.356933 0.000000 -0.934130 0.663812 0.663812 0.663812
2235.649902 0.000000 2766.203857 0.000000 0.537614 0.000000 -0.843191 0.726155 0.726155 0.726155
2187.164307 0.000000 2747.805176 0.000000 0.174001 0.000000 -0.984745 0.759889 0.759889 0.759889
2196.653076 0.000000 2744.909180 0.000000 0.257181 0.000000 -0.966363 0.625559 0.625559 0.625559
2255.784668 0.000000 2753.072754 0.000000 0.400343 0.000000 -0.916365 0.446715 0.446715 0.446715
2258.130127 0.000000 2756.343262 0.000000 0.211862 0.000000 -0.977300 0.661911 0.661911 0.661911
2254.486328 0.000000 2749.931885 0.000000 0.386209 0.000000 -0.922411 0.463843 0.463843 0.463843
2249.185303 0.000000 2754.785156 0.000000 0.424886 0.000000 -0.905247 0.515992 0.515992 0.515992
2263.245850 0.000000 2766.910400 0.000000 0.164922 0.000000 -0.986307 0.487034 0.487034 0.487034
2250.323975 0.000000 2742.743408 0.000000 0.352096 0.000000 -0.935964 0.519721 0.519721 0.519721
2245.526123 0.000000 2752.315918 0.000000 0.520995 0.000000 -0.853559 0.619706 0.619706 0.619706
2246.216797 0.000000 2758.481934 0.000000 0.317947 0.000000 -0.948109 0.717571 0.717571 0.717571
2243.459473 0.000000 2747.766357 0.000000 0.028050 0.000000 -0.999607 0.687645 0.687645 0.687645
2244.645020 0.000000 2755.863770 0.000000 0.159050 0.000000 -0.987270 0.761156 0.761156 0.761156
2251.164307 0.000000 2747.805176 0.000000 0.443703 0.000000 -0.896174 0.708427 0.708427 0.708427
2250.169922 0.000000 2751.823730 0.000000 0.481654 0.000000 -0.876362 0.537973 0.537973 0.537973
2258.552246 0.000000 2765.400879 0.000000 0.470681 0.000000 -0.882304 0.619183 0.619183 0.619183
2257.812744 0.000000 2767.114990 0.000000 0.253414 0.000000 -0.967358 0.675949 0.675949 0.675949
2224.887695 0.000000 2792.609863 0.000000 0.203400 0.000000 -0.979096 0.418620 0.418620 0.418620
2227.409180 0.000000 2793.220703 0.000000 0.496395 0.000000 -0.868097 0.552427 0.552427 0.552427
2237.258057 0.000000 2779.748779 0.000000 0.378182 0.000000 -0.925731 0.748065 0.748065 0.748065
2189.897461 0.000000 2810.842285 0.000000 0.576835 0.000000 -0.816861 0.447676 0.447676 0.447676
2176.164307 0.000000 2824.073486 0.000000 0.044424 0.000000 -0.999013 0.576425 0.576425 0.576425
2180.206299 0.000000 2769.989258 0.000000 0.279631 0.000000 -0.960108 0.489185 0.489185 0.489185
2222.326416 0.000000 2778.852539 0.000000 0.288741 0.000000 -0.957407 0.756947 0.756947 0.756947
2239.211670 0.000000 2778.566162 0.000000 0.236316 0.000000 -0.971676 0.513590 0.513590 0.513590
2226.636963 0.000000 2778.188721 0.000000 0.199137 0.000000 -0.979972 0.460724 0.460724 0.460724
2201.195068 0.000000 2813.310059 0.000000 0.050818 0.000000 -0.998708 0.620307 0.620307 0.620307
2187.577393 0.000000 2811.755615 0.000000 0.302313 0.000000 -0.953209 0.540083 0.540083 0.540083
2199.245850 0.000000 2823.394775 0.000000 0.560194 0.000000 -0.828362 0.544389 0.544389 0.544389
2185.040527 0.000000 2809.259033 0.000000 0.135492 0.000000 -0.990778 0.530771 0.530771 0.530771
2219.042236 0.000000 2776.605225 0.000000 0.392393 0.000000 -0.919798 0.512460 0.512460 0.512460
2232.204834 0.000000 2777.995117 0.000000 0.282501 0.000000 -0.959267 0.755217 0.755217 0.755217
2201.175293 0.000000 2810.104004 0.000000 0.384735 0.000000 -0.923027 0.585256 0.585256 0.585256
2188.416504 0.000000 2809.652344 0.000000 0.330924 0.000000 -0.943658 0.515907 0.515907 0.515907
2234.833496 0.000000 2771.000000 0.000000 0.087080 0.000000 -0.996201 0.759762 0.759762 0.759762
2188.826172 0.000000 2806.920410 0.000000 0.050546 0.000000 -0.998722 0.580670 0.580670 0.580670
2236.241455 0.000000 2778.476807 0.000000 0.333060 0.000000 -0.942906 0.750027 0.750027 0.750027
2181.392090 0.000000 2817.474121 0.000000 0.071153 0.000000 -0.997465 0.699642 0.699642 0.699642
2231.532715 0.000000 2792.344238 0.000000 0.221328 0.000000 -0.975199 0.598244 0.598244 0.598244
2190.473389 0.000000 2771.258301 0.000000 0.511212 0.000000 -0.859455 0.605108 0.605108 0.605108
2247.651123 0.000000 2785.221680 0.000000 0.142572 0.000000 -0.989784 0.418606 0.418606 0.418606
2255.212646 0.000000 2780.187744 0.000000 0.142073 0.000000 -0.989856 0.419825 0.419825 0.419825
2248.000732 0.000000 2771.795654 0.000000 0.520990 0.000000 -0.853563 0.442478 0.442478 0.442478
2242.304932 0.000000 2769.084229 0.000000 0.239113 0.000000 -0.970992 0.569585 0.569585 0.569585
2255.814941 0.000000 2788.366455 0.000000 0.122707 0.000000 -0.992443 0.722422 0.722422 0.722422
2257.982666 0.000000 2770.988037 0.000000 0.247043 0.000000 -0.969005 0.709152 0.709152 0.709152
2271.909912 0.000000 2782.701904 0.000000 0.403839 0.000000 -0.914830 0.653593 0.653593 0.653593
2260.110352 0.000000 2781.372070 0.000000 0.108628 0.000000 -0.994082 0.765150 0.765150 0.765150
2252.231934 0.000000 2770.570801 0.000000 0.453864 0.000000 -0.891071 0.542904 0.542904 0.542904
2272.125000 0.000000 2776.876465 0.000000 0.402588 0.000000 -0.915381 0.578345 0.578345 0.578345
2259.362549 0.000000 2776.045898 0.000000 0.110676 0.000000 -0.993857 0.537806 0.537806 0.537806
2256.782227 0.000000 2769.443359 0.000000 0.061719 0.000000 -0.998094 0.735793 0.735793 0.735793
2262.760498 0.000000 2776.938721 0.000000 0.048926 0.000000 -0.998802 0.624778 0.624778 0.624778
2250.685303 0.000000 2769.697754 0.000000 0.482898 0.000000 -0.875676 0.744372 0.744372 0.744372
2255.744385 0.000000 2778.694824 0.000000 0.231076 0.000000 -0.972936 0.582785 0.582785 0.582785
2248.235840 0.000000 2775.116943 0.000000 0.497321 0.000000 -0.867566 0.686920 0.686920 0.686920
2256.534668 0.000000 2781.562256 0.000000 0.277821 0.000000 -0.960633 0.540637 0.540637 0.540637
2174.188965 0.000000 2839.293457 0.000000 0.207683 0.000000 -0.978196 0.488395 0.488395 0.488395
2174.677246 0.000000 2826.764893 0.000000 0.147673 0.000000 -0.989036 0.515376 0.515376 0.515376
2160.094482 0.000000 2841.328125 0.000000 0.480431 0.000000 -0.877032 0.457888 0.457888 0.457888
2167.475830 0.000000 2836.114014 0.000000 0.080039 0.000000 -0.996792 0.514552 0.514552 0.514552
2171.325195 0.000000 2836.333984 0.000000 0.533756 0.000000 -0.845639 0.612904 0.612904 0.612904
2161.566406 0.000000 2831.401367 0.000000 0.031984 0.000000 -0.999488 0.539479 0.539479 0.539479
2151.006836 0.000000 2843.622559 0.000000 0.496770 0.000000 -0.867882 0.543944 0.543944 0.543944
2171.157471 0.000000 2825.970459 0.000000 0.534896 0.000000 -0.844918 0.532409 0.532409 0.532409
2169.855957 0.000000 2833.040771 0.000000 0.301109 0.000000 -0.953590 0.643851 0.643851 0.643851
2170.513428 0.000000 2837.915039 0.000000 0.414702 0.000000 -0.909957 0.616615 0.616615 0.616615
2217.191162 0.000000 2826.349121 0.000000 0.376588 0.000000 -0.926381 0.508546 0.508546 0.508546
2188.800293 0.000000 2834.781494 0.000000 0.093269 0.000000 -0.995641 0.634594 0.634594 0.634594
2191.876465 0.000000 2832.666992 0.000000 0.111776 0.000000 -0.993733 0.503111 0.503111 0.503111
2213.911865 0.000000 2827.378418 0.000000 0.587344 0.000000 -0.809337 0.547852 0.547852 0.547852
2191.744385 0.000000 2835.179199 0.000000 0.035845 0.000000 -0.999357 0.559081 0.559081 0.559081
2182.676025 0.000000 2827.103760 0.000000 0.131715 0.000000 -0.991288 0.587448 0.587448 0.587448
2664.632324 0.000000 2920.338379 0.000000 0.151207 0.000000 -0.988502 0.628563 0.628563 0.628563
2657.938477 0.000000 2931.591553 0.000000 0.135696 0.000000 -0.990750 0.572069 0.572069 0.572069
2621.061279 0.000000 2937.743896 0.000000 0.274850 0.000000 -0.961487 0.538553 0.538553 0.538553
2665.381104 0.000000 2953.135010 0.000000 0.429528 0.000000 -0.903054 0.463046 0.463046 0.463046
2668.434570 0.000000 2948.966309 0.000000 0.157127 0.000000 -0.987578 0.599919 0.599919 0.599919
2656.870605 0.000000 2944.433105 0.000000 0.088363 0.000000 -0.996088 0.507887 0.507887 0.507887
2646.760498 0.000000 2946.391846 0.000000 0.359734 0.000000 -0.933055 0.508902 0.508902 0.508902
2624.943115 0.000000 2940.336914 0.000000 0.215415 0.000000 -0.976523 0.609290 0.609290 0.609290
6012.546387 0.000000 3473.486572 0.000000 0.465620 0.000000 -0.884984 0.748416 0.748416 0.748416
6008.713379 0.000000 3474.969971 0.000000 0.387024 0.000000 -0.922070 0.747061 0.747061 0.747061
6006.093750 0.000000 3469.814209 0.000000 0.000104 0.000000 -1.000000 0.646110 0.646110 0.646110
6012.396973 0.000000 3471.834961 0.000000 0.280244 0.000000 -0.959929 0.696985 0.696985 0.696985
6079.022949 0.000000 3443.228027 0.000000 0.294808 0.000000 -0.955556 0.525237 0.525237 0.525237
6078.298340 0.000000 3438.533203 0.000000 0.355616 0.000000 -0.934632 0.753271 0.753271 0.753271
6077.048828 0.000000 3428.327881 0.000000 0.501942 0.000000 -0.864901 0.648118 0.648118 0.648118
6066.704590 0.000000 3436.986572 0.000000 0.475220 0.000000 -0.879867 0.506405 0.506405 0.506405
6062.407715 0.000000 3416.232422 0.000000 0.558558 0.000000 -0.829465 0.593014 0.593014 0.593014
6075.111816 0.000000 3430.185547 0.000000 0.540411 0.000000 -0.841401 0.653163 0.653163 0.653163
6078.782227 0.000000 3427.082520 0.000000 0.021840 0.000000 -0.999761 0.721478 0.721478 0.721478
6127.961914 0.000000 3444.322510 0.000000 0.574809 0.000000 -0.818288 0.607316 0.607316 0.607316
6126.877930 0.000000 3442.486084 0.000000 0.296783 0.000000 -0.954945 0.531625 0.531625 0.531625
6100.232910 0.000000 3431.182129 0.000000 0.158987 0.000000 -0.987281 0.755733 0.755733 0.755733
6126.419434 0.000000 3444.776367 0.000000 0.581911 0.000000 -0.813252 0.607081 0.607081 0.607081
6060.874023 0.000000 3490.536133 0.000000 0.360697 0.000000 -0.932683 0.642004 0.642004 0.642004
6034.112793 0.000000 3471.738525 0.000000 0.085614 0.000000 -0.996328 0.575446 0.575446 0.575446
6019.661133 0.000000 3466.620361 0.000000 0.527453 0.000000 -0.849584 0.625886 0.625886 0.625886
6058.151367 0.000000 3488.058350 0.000000 0.565602 0.000000 -0.824678 0.466667 0.466667 0.466667
6017.897461 0.000000 3468.338379 0.000000 0.042704 0.000000 -0.999088 0.589653 0.589653 0.589653
6042.510254 0.000000 3476.340088 0.000000 0.431242 0.000000 -0.902236 0.750131 0.750131 0.750131
6016.011719 0.000000 3470.399902 0.000000 0.267388 0.000000 -0.963589 0.712830 0.712830 0.712830
6035.482422 0.000000 3471.236816 0.000000 0.313213 0.000000 -0.949683 0.569919 0.569919 0.569919
6093.917480 0.000000 3476.993164 0.000000 0.022764 0.000000 -0.999741 0.520034 0.520034 0.520034
6098.931641 0.000000 3476.873047 0.000000 0.189640 0.000000 -0.981854 0.482293 0.482293 0.482293
6089.306152 0.000000 3471.221436 0.000000 0.508539 0.000000 -0.861039 0.615846 0.615846 0.615846
6099.258789 0.000000 3484.440430 0.000000 0.524491 0.000000 -0.851416 0.745396 0.745396 0.745396
6129.566406 0.000000 3452.729492 0.000000 0.149831 0.000000 -0.988712 0.748216 0.748216 0.748216
6082.838379 0.000000 3496.845215 0.000000 0.370845 0.000000 -0.928695 0.753070 0.753070 0.753070
6089.291016 0.000000 3462.340088 0.000000 0.475502 0.000000 -0.879715 0.747917 0.747917 0.747917
6100.232910 0.000000 3487.666504 0.000000 0.283535 0.000000 -0.958962 0.525480 0.525480 0.525480
6092.962891 0.000000 3475.667480 0.000000 0.561199 0.000000 -0.827681 0.525425 0.525425 0.525425
6137.855957 0.000000 3454.368896 0.000000 0.583949 0.000000 -0.811790 0.677093 0.677093 0.677093
6100.371582 0.000000 3482.084961 0.000000 0.045947 0.000000 -0.998944 0.767952 0.767952 0.767952
6085.821289 0.000000 3463.153076 0.000000 0.384437 0.000000 -0.923151 0.745941 0.745941 0.745941
6089.120117 0.000000 3469.821777 0.000000 0.379965 0.000000 -0.925001 0.750464 0.750464 0.750464
5940.127930 0.000000 3576.398193 0.000000 0.171609 0.000000 -0.985165 0.658754 0.658754 0.658754
5949.359375 0.000000 3579.589111 0.000000 0.417741 0.000000 -0.908566 0.749002 0.749002 0.749002
5939.232422 0.000000 3577.869629 0.000000 0.138965 0.000000 -0.990297 0.530699 0.530699 0.530699
5936.528809 0.000000 3579.396729 0.000000 0.536971 0.000000 -0.843601 0.534464 0.534464 0.534464
5939.356445 0.000000 3580.690918 0.000000 0.368441 0.000000 -0.929651 0.656922 0.656922 0.656922
5948.606934 0.000000 3576.370605 0.000000 0.467707 0.000000 -0.883884 0.542560 0.542560 0.542560
5998.326660 0.000000 3569.633789 0.000000 0.537414 0.000000 -0.843318 0.740858 0.740858 0.740858
5992.804199 0.000000 3592.639893 0.000000 0.275593 0.000000 -0.961274 0.611991 0.611991 0.611991
5993.198730 0.000000 3594.523682 0.000000 0.477168 0.000000 -0.878812 0.516923 0.516923 0.516923
6027.346680 0.000000 3549.995361 0.000000 0.210098 0.000000 -0.977680 0.522733 0.522733 0.522733
6031.977051 0.000000 3551.098389 0.000000 0.109702 0.000000 -0.993965 0.765101 0.765101 0.765101
6065.077637 0.000000 3534.419189 0.000000 0.307880 0.000000 -0.951425 0.537812 0.537812 0.537812
6030.853027 0.000000 3518.933105 0.000000 0.026407 0.000000 -0.999651 0.623178 0.623178 0.623178
6019.196289 0.000000 3547.781738 0.000000 0.060044 0.000000 -0.998196 0.759402 0.759402 0.759402
6018.240723 0.000000 3544.348633 0.000000 0.457525 0.000000 -0.889197 0.697071 0.697071 0.697071
6022.216797 0.000000 3549.263184 0.000000 0.201029 0.000000 -0.979585 0.719633 0.719633 0.719633
6064.299805 0.000000 3538.177734 0.000000 0.397371 0.000000 -0.917658 0.738558 0.738558 0.738558
6016.036621 0.000000 3547.058594 0.000000 0.437557 0.000000 -0.899191 0.570997 0.570997 0.570997
6099.875488 0.000000 3517.479980 0.000000 0.187222 0.000000 -0.982318 0.620982 0.620982 0.620982
6103.654785 0.000000 3535.686768 0.000000 0.210369 0.000000 -0.977622 0.703816 0.703816 0.703816
6086.927734 0.000000 3508.378662 0.000000 0.071986 0.000000 -0.997406 0.648472 0.648472 0.648472
6104.755859 0.000000 3521.380371 0.000000 0.544148 0.000000 -0.838989 0.744359 0.744359 0.744359
6108.897949 0.000000 3523.670166 0.000000 0.313163 0.000000 -0.949700 0.700210 0.700210 0.700210
6088.607910 0.000000 3515.866699 0.000000 0.475645 0.000000 -0.879637 0.512731 0.512731 0.512731
6098.442871 0.000000 3518.410400 0.000000 0.131840 0.000000 -0.991271 0.695402 0.695402 0.695402
6103.098145 0.000000 3521.045654 0.000000 0.450611 0.000000 -0.892720 0.748494 0.748494 0.748494
6105.591309 0.000000 3520.012939 0.000000 0.293271 0.000000 -0.956029 0.756736 0.756736 0.756736
6089.760254 0.000000 3510.732910 0.000000 0.512804 0.000000 -0.858506 0.682028 0.682028 0.682028
6096.717773 0.000000 3514.368408 0.000000 0.342946 0.000000 -0.939355 0.642558 0.642558 0.642558
6090.104492 0.000000 3549.122070 0.000000 0.331330 0.000000 -0.943515 0.593153 0.593153 0.593153
6105.273438 0.000000 3522.959717 0.000000 0.140173 0.000000 -0.990127 0.737411 0.737411 0.737411
6081.717285 0.000000 3546.476318 0.000000 0.140093 0.000000 -0.990138 0.626676 0.626676 0.626676
6080.036621 0.000000 3547.058594 0.000000 0.281435 0.000000 -0.959580 0.622687 0.622687 0.622687
6038.347168 0.000000 3581.159180 0.000000 0.157356 0.000000 -0.987542 0.575908 0.575908 0.575908
6044.327637 0.000000 3586.334229 0.000000 0.127820 0.000000 -0.991797 0.757355 0.757355 0.757355
6026.324219 0.000000 3590.009033 0.000000 0.120036 0.000000 -0.992769 0.756400 0.756400 0.756400
6042.288574 0.000000 3578.348389 0.000000 0.581340 0.000000 -0.813661 0.704952 0.704952 0.704952
6041.273438 0.000000 3579.444092 0.000000 0.271596 0.000000 -0.962411 0.575273 0.575273 0.575273
6033.551270 0.000000 3592.457520 0.000000 0.408588 0.000000 -0.912719 0.698918 0.698918 0.698918
6134.278809 0.000000 3558.547607 0.000000 0.077085 0.000000 -0.997024 0.582223 0.582223 0.582223
6132.201660 0.000000 3565.463623 0.000000 0.557725 0.000000 -0.830026 0.489840 0.489840 0.489840
6136.123047 0.000000 3561.859131 0.000000 0.518872 0.000000 -0.854852 0.528594 0.528594 0.528594
6117.573730 0.000000 3570.019775 0.000000 0.216999 0.000000 -0.976172 0.688145 0.688145 0.688145
6092.623047 0.000000 3582.147217 0.000000 0.559424 0.000000 -0.828882 0.493991 0.493991 0.493991
6097.981934 0.000000 3588.427734 0.000000 0.561437 0.000000 -0.827519 0.739176 0.739176 0.739176
6114.394043 0.000000 3571.208740 0.000000 0.406018 0.000000 -0.913865 0.539812 0.539812 0.539812
6120.668945 0.000000 3563.168945 0.000000 0.407068 0.000000 -0.913398 0.744274 0.744274 0.744274
6097.384766 0.000000 3589.720947 0.000000 0.429722 0.000000 -0.902961 0.745283 0.745283 0.745283
6154.112305 0.000000 3463.700684 0.000000 0.075343 0.000000 -0.997158 0.766639 0.766639 0.766639
6144.010254 0.000000 3474.233154 0.000000 0.223144 0.000000 -0.974786 0.559146 0.559146 0.559146
6192.749512 0.000000 3468.154541 0.000000 0.403616 0.000000 -0.914929 0.751485 0.751485 0.751485
6173.291992 0.000000 3456.837891 0.000000 0.337265 0.000000 -0.941410 0.662286 0.662286 0.662286
6149.887695 0.000000 3476.375488 0.000000 0.303124 0.000000 -0.952951 0.535774 0.535774 0.535774
6175.429199 0.000000 3469.475098 0.000000 0.251851 0.000000 -0.967766 0.758654 0.758654 0.758654
6191.881836 0.000000 3458.279297 0.000000 0.563167 0.000000 -0.826343 0.741897 0.741897 0.741897
6171.430664 0.000000 3457.574463 0.000000 0.229402 0.000000 -0.973332 0.698745 0.698745 0.698745
6155.020996 0.000000 3456.789062 0.000000 0.356475 0.000000 -0.934305 0.740210 0.740210 0.740210
6152.084473 0.000000 3461.181885 0.000000 0.580019 0.000000 -0.814603 0.581776 0.581776 0.581776
6189.137695 0.000000 3460.606934 0.000000 0.451272 0.000000 -0.892386 0.742295 0.742295 0.742295
6171.994141 0.000000 3470.580078 0.000000 0.058997 0.000000 -0.998258 0.675512 0.675512 0.675512
6171.663086 0.000000 3468.342529 0.000000 0.405173 0.000000 -0.914240 0.569717 0.569717 0.569717
6181.460449 0.000000 3476.882080 0.000000 0.150479 0.000000 -0.988613 0.755701 0.755701 0.755701
6161.981934 0.000000 3475.458984 0.000000 0.387674 0.000000 -0.921797 0.699693 0.699693 0.699693
6170.442871 0.000000 3461.031982 0.000000 0.369472 0.000000 -0.929242 0.753135 0.753135 0.753135
6156.990723 0.000000 3462.549072 0.000000 0.547764 0.000000 -0.836633 0.744167 0.744167 0.744167
6146.917480 0.000000 3478.976318 0.000000 0.005911 0.000000 -0.999983 0.597181 0.597181 0.597181
6152.764648 0.000000 3464.012451 0.000000 0.392374 0.000000 -0.919806 0.752032 0.752032 0.752032
6171.985840 0.000000 3456.304932 0.000000 0.457607 0.000000 -0.889154 0.690585 0.690585 0.690585
6195.450195 0.000000 3554.870361 0.000000 0.192621 0.000000 -0.981273 0.651518 0.651518 0.651518
6168.050781 0.000000 3519.744141 0.000000 0.102692 0.000000 -0.994713 0.663063 0.663063 0.663063
6191.452637 0.000000 3552.010498 0.000000 0.025960 0.000000 -0.999663 0.656484 0.656484 0.656484
6190.419434 0.000000 3557.745117 0.000000 0.238707 0.000000 -0.971092 0.643559 0.643559 0.643559
6262.928223 0.000000 3518.916260 0.000000 0.160717 0.000000 -0.987001 0.734426 0.734426 0.734426
6249.461914 0.000000 3557.630859 0.000000 0.331355 0.000000 -0.943506 0.677727 0.677727 0.677727
6266.962891 0.000000 3520.169922 0.000000 0.019512 0.000000 -0.999810 0.670047 0.670047 0.670047
6252.112305 0.000000 3556.085693 0.000000 0.500113 0.000000 -0.865960 0.582038 0.582038 0.582038
6160.405273 0.000000 3596.070801 0.000000 0.322810 0.000000 -0.946464 0.535331 0.535331 0.535331
6167.550293 0.000000 3600.304688 0.000000 0.028237 0.000000 -0.999601 0.765641 0.765641 0.765641
6194.636719 0.000000 3568.969971 0.000000 0.088193 0.000000 -0.996103 0.665722 0.665722 0.665722
6208.110840 0.000000 3568.880127 0.000000 0.145169 0.000000 -0.989407 0.418999 0.418999 0.418999
6291.150879 0.000000 3535.792725 0.000000 0.136944 0.000000 -0.990579 0.446765 0.446765 0.446765
6288.687988 0.000000 3537.216309 0.000000 0.412310 0.000000 -0.911044 0.605945 0.605945 0.605945
6285.917480 0.000000 3533.477539 0.000000 0.055262 0.000000 -0.998472 0.512867 0.512867 0.512867
6273.729980 0.000000 3534.623535 0.000000 0.297558 0.000000 -0.954704 0.469680 0.469680 0.469680
6273.541504 0.000000 3523.195312 0.000000 0.345347 0.000000 -0.938475 0.616508 0.616508 0.616508
6281.975098 0.000000 3539.543213 0.000000 0.251994 0.000000 -0.967729 0.645345 0.645345 0.645345
6276.395996 0.000000 3528.616943 0.000000 0.429290 0.000000 -0.903167 0.539254 0.539254 0.539254
6273.273926 0.000000 3529.551025 0.000000 0.517664 0.000000 -0.855584 0.581529 0.581529 0.581529
6277.906250 0.000000 3528.619873 0.000000 0.510659 0.000000 -0.859783 0.537245 0.537245 0.537245
6367.859863 0.000000 3549.864746 0.000000 0.289538 0.000000 -0.957166 0.583461 0.583461 0.583461
6322.704590 0.000000 3606.439697 0.000000 0.089942 0.000000 -0.995947 0.608247 0.608247 0.608247
6298.510254 0.000000 3589.308838 0.000000 0.499281 0.000000 -0.866440 0.631093 0.631093 0.631093
6380.424316 0.000000 3611.061768 0.000000 0.030565 0.000000 -0.999533 0.485131 0.485131 0.485131
6396.870605 0.000000 3565.908203 0.000000 0.476193 0.000000 -0.879341 0.514832 0.514832 0.514832
6376.504883 0.000000 3601.909180 0.000000 0.527445 0.000000 -0.849589 0.511531 0.511531 0.511531
6397.407227 0.000000 3595.899170 0.000000 0.150486 0.000000 -0.988612 0.754336 0.754336 0.754336
6607.409668 0.000000 3485.707031 0.000000 0.104793 0.000000 -0.994494 0.764297 0.764297 0.764297
6404.219238 0.000000 3591.149658 0.000000 0.354406 0.000000 -0.935092 0.416413 0.416413 0.416413
6459.060547 0.000000 3601.107910 0.000000 0.009014 0.000000 -0.999959 0.708435 0.708435 0.708435
6463.474121 0.000000 3603.739990 0.000000 0.005230 0.000000 -0.999986 0.663787 0.663787 0.663787
6465.278809 0.000000 3604.390869 0.000000 0.292641 0.000000 -0.956222 0.611516 0.611516 0.611516
6644.288574 0.000000 3522.861328 0.000000 0.214546 0.000000 -0.976714 0.758470 0.758470 0.758470
6630.613281 0.000000 3522.902100 0.000000 0.313471 0.000000 -0.949598 0.544119 0.544119 0.544119
6542.853027 0.000000 3575.417480 0.000000 0.468811 0.000000 -0.883298 0.587196 0.587196 0.587196
6536.607910 0.000000 3572.351074 0.000000 0.039008 0.000000 -0.999239 0.504493 0.504493 0.504493
6571.434082 0.000000 3587.605713 0.000000 0.242171 0.000000 -0.970233 0.757361 0.757361 0.757361
6596.637695 0.000000 3577.088379 0.000000 0.306138 0.000000 -0.951987 0.505745 0.505745 0.505745
6636.596680 0.000000 3577.467041 0.000000 0.335427 0.000000 -0.942066 0.627617 0.627617 0.627617
6664.996094 0.000000 3609.734619 0.000000 0.201045 0.000000 -0.979582 0.664446 0.664446 0.664446
"}
