object={
	name="rainforest_sparse_generator_2_0"
	clamp_to_water_level=no
	render_under_water=no
	generated_content=yes
	layer="semidynamic_medium"
	pdxmesh="tree_rainforest_001_mesh"
	count=407
	transform="2427.498047 0.000000 1233.205933 0.000000 0.339396 0.000000 0.940643 0.249655 0.249655 0.249655
2415.430908 0.000000 1230.307007 0.000000 0.197531 0.000000 0.980297 0.247707 0.247707 0.247707
2434.331055 0.000000 1226.117676 0.000000 0.402665 0.000000 0.915347 0.235297 0.235297 0.235297
2433.437988 0.000000 1224.132446 0.000000 0.033675 0.000000 0.999433 0.270643 0.270643 0.270643
2436.866455 0.000000 1210.130371 0.000000 0.183445 0.000000 0.983030 0.273524 0.273524 0.273524
2432.049316 0.000000 1216.870117 0.000000 0.002757 0.000000 0.999996 0.270053 0.270053 0.270053
2439.816406 0.000000 1216.635010 0.000000 0.036570 0.000000 0.999331 0.270699 0.270699 0.270699
2445.156250 0.000000 1251.592651 0.000000 0.452647 0.000000 0.891690 0.239904 0.239904 0.239904
2442.945312 0.000000 1242.802368 0.000000 0.571861 0.000000 0.820351 0.282455 0.282455 0.282455
2261.261719 0.000000 1685.207764 0.000000 0.384382 0.000000 0.923174 0.242947 0.242947 0.242947
2252.281982 0.000000 1690.048828 0.000000 0.474602 0.000000 0.880201 0.280613 0.280613 0.280613
2158.922852 0.000000 1786.336914 0.000000 0.239416 0.000000 0.970917 0.208360 0.208360 0.208360
2160.299561 0.000000 1787.162109 0.000000 0.576702 0.000000 0.816955 0.246664 0.246664 0.246664
2154.445068 0.000000 1789.871460 0.000000 0.285465 0.000000 0.958389 0.276441 0.276441 0.276441
2159.751465 0.000000 1788.575806 0.000000 0.103260 0.000000 0.994654 0.258151 0.258151 0.258151
2155.856201 0.000000 1790.589844 0.000000 0.315559 0.000000 0.948906 0.250773 0.250773 0.250773
2164.189697 0.000000 1785.089722 0.000000 0.507318 0.000000 0.861759 0.280162 0.280162 0.280162
2197.261719 0.000000 1741.692139 0.000000 0.112392 0.000000 0.993664 0.224195 0.224195 0.224195
2198.076904 0.000000 1736.317017 0.000000 0.418262 0.000000 0.908327 0.278242 0.278242 0.278242
2198.808838 0.000000 1737.550171 0.000000 0.329393 0.000000 0.944193 0.276411 0.276411 0.276411
2198.880615 0.000000 1735.094482 0.000000 0.120414 0.000000 0.992724 0.259339 0.259339 0.259339
2194.752686 0.000000 1740.885376 0.000000 0.256646 0.000000 0.966505 0.276479 0.276479 0.276479
2270.946777 0.000000 1707.770264 0.000000 0.248162 0.000000 0.968719 0.206458 0.206458 0.206458
2263.989502 0.000000 1707.561035 0.000000 0.144883 0.000000 0.989449 0.222123 0.222123 0.222123
2261.077881 0.000000 1696.658936 0.000000 0.459654 0.000000 0.888098 0.221000 0.221000 0.221000
2259.108398 0.000000 1704.508423 0.000000 0.139891 0.000000 0.990167 0.219168 0.219168 0.219168
2247.352783 0.000000 1707.232544 0.000000 0.166107 0.000000 0.986108 0.273187 0.273187 0.273187
2282.833008 0.000000 1718.764038 0.000000 0.418549 0.000000 0.908194 0.231028 0.231028 0.231028
2277.208008 0.000000 1720.570557 0.000000 0.527865 0.000000 0.849328 0.260380 0.260380 0.260380
2272.928711 0.000000 1710.522461 0.000000 0.169069 0.000000 0.985604 0.273245 0.273245 0.273245
2181.852539 0.000000 1773.861206 0.000000 0.462680 0.000000 0.886525 0.210942 0.210942 0.210942
2178.358887 0.000000 1758.662842 0.000000 0.169091 0.000000 0.985601 0.273245 0.273245 0.273245
2185.015625 0.000000 1782.997681 0.000000 0.192748 0.000000 0.981248 0.274787 0.274787 0.274787
2346.718262 0.000000 1684.545898 0.000000 0.553478 0.000000 0.832864 0.218498 0.218498 0.218498
2328.941406 0.000000 1688.274536 0.000000 0.245202 0.000000 0.969472 0.277010 0.277010 0.277010
2339.246582 0.000000 1684.465332 0.000000 0.501883 0.000000 0.864936 0.257972 0.257972 0.257972
2324.687500 0.000000 1690.750000 0.000000 0.099743 0.000000 0.995013 0.265055 0.265055 0.265055
2334.635254 0.000000 1682.610107 0.000000 0.236303 0.000000 0.971679 0.274556 0.274556 0.274556
2337.783936 0.000000 1681.611084 0.000000 0.138923 0.000000 0.990303 0.274216 0.274216 0.274216
2336.219238 0.000000 1684.202515 0.000000 0.066265 0.000000 0.997802 0.273520 0.273520 0.273520
2324.429443 0.000000 1688.069580 0.000000 0.213042 0.000000 0.977043 0.260267 0.260267 0.260267
2404.762207 0.000000 1716.036377 0.000000 0.492272 0.000000 0.870442 0.233935 0.233935 0.233935
2406.039062 0.000000 1712.632935 0.000000 0.018091 0.000000 0.999836 0.231258 0.231258 0.231258
2413.137695 0.000000 1709.591309 0.000000 0.338844 0.000000 0.940843 0.243809 0.243809 0.243809
2409.028320 0.000000 1721.238037 0.000000 0.367738 0.000000 0.929929 0.240765 0.240765 0.240765
2409.913086 0.000000 1711.926025 0.000000 0.548447 0.000000 0.836185 0.281087 0.281087 0.281087
2408.266113 0.000000 1723.294678 0.000000 0.565690 0.000000 0.824618 0.235907 0.235907 0.235907
2410.500732 0.000000 1709.316772 0.000000 0.174772 0.000000 0.984609 0.274243 0.274243 0.274243
2412.925537 0.000000 1711.098633 0.000000 0.390934 0.000000 0.920419 0.277671 0.277671 0.277671
1773.502441 0.000000 1942.829590 0.000000 0.045183 0.000000 0.998979 0.216786 0.216786 0.216786
1777.566528 0.000000 1927.651367 0.000000 0.107303 0.000000 0.994226 0.246030 0.246030 0.246030
1771.719849 0.000000 1938.055420 0.000000 0.290951 0.000000 0.956738 0.232964 0.232964 0.232964
1770.500732 0.000000 1935.254272 0.000000 0.197448 0.000000 0.980313 0.273796 0.273796 0.273796
1772.925659 0.000000 1937.036133 0.000000 0.540470 0.000000 0.841363 0.281916 0.281916 0.281916
1770.374146 0.000000 1933.113525 0.000000 0.312716 0.000000 0.949847 0.277904 0.277904 0.277904
1844.449829 0.000000 1896.744873 0.000000 0.169532 0.000000 0.985525 0.190980 0.190980 0.190980
1833.606079 0.000000 1901.465820 0.000000 0.205730 0.000000 0.978609 0.190638 0.190638 0.190638
1839.226074 0.000000 1904.928589 0.000000 0.327698 0.000000 0.944783 0.218608 0.218608 0.218608
1822.385010 0.000000 1905.579102 0.000000 0.407718 0.000000 0.913108 0.278021 0.278021 0.278021
1850.545166 0.000000 1895.955078 0.000000 0.586621 0.000000 0.809862 0.281301 0.281301 0.281301
1839.751465 0.000000 1901.544556 0.000000 0.073211 0.000000 0.997316 0.271680 0.271680 0.271680
1913.614258 0.000000 1916.365479 0.000000 0.414896 0.000000 0.909869 0.192296 0.192296 0.192296
1866.276367 0.000000 1884.591797 0.000000 0.021789 0.000000 0.999763 0.190870 0.190870 0.190870
1875.123779 0.000000 1886.673706 0.000000 0.001969 0.000000 0.999998 0.270038 0.270038 0.270038
1915.144043 0.000000 1916.174072 0.000000 0.363822 0.000000 0.931469 0.241694 0.241694 0.241694
1917.091431 0.000000 1915.695923 0.000000 0.124411 0.000000 0.992231 0.256128 0.256128 0.256128
1869.914429 0.000000 1882.227417 0.000000 0.460472 0.000000 0.887674 0.247448 0.247448 0.247448
1919.412231 0.000000 1916.832520 0.000000 0.035128 0.000000 0.999383 0.270671 0.270671 0.270671
1944.941406 0.000000 1914.212036 0.000000 0.012207 0.000000 0.999925 0.231662 0.231662 0.231662
1945.614136 0.000000 1915.720093 0.000000 0.008214 0.000000 0.999966 0.231616 0.231616 0.231616
1979.166870 0.000000 1887.677124 0.000000 0.218219 0.000000 0.975900 0.264123 0.264123 0.264123
1952.238770 0.000000 1917.522827 0.000000 0.086370 0.000000 0.996263 0.273264 0.273264 0.273264
1955.060181 0.000000 1917.979248 0.000000 0.484528 0.000000 0.874776 0.279661 0.279661 0.279661
1934.955566 0.000000 1916.276611 0.000000 0.247955 0.000000 0.968772 0.240210 0.240210 0.240210
2039.086548 0.000000 1900.600708 0.000000 0.322489 0.000000 0.946573 0.215580 0.215580 0.215580
2034.333252 0.000000 1902.920898 0.000000 0.406988 0.000000 0.913433 0.223426 0.223426 0.223426
2045.369507 0.000000 1911.280151 0.000000 0.338872 0.000000 0.940832 0.234515 0.234515 0.234515
2041.878052 0.000000 1894.565674 0.000000 0.099499 0.000000 0.995038 0.241683 0.241683 0.241683
1899.434082 0.000000 1949.558838 0.000000 0.356628 0.000000 0.934246 0.249897 0.249897 0.249897
1910.224854 0.000000 1935.647461 0.000000 0.577081 0.000000 0.816687 0.251197 0.251197 0.251197
1893.460205 0.000000 1951.803955 0.000000 0.155866 0.000000 0.987778 0.260809 0.260809 0.260809
1867.945557 0.000000 1999.021606 0.000000 0.493333 0.000000 0.869841 0.208197 0.208197 0.208197
1869.010498 0.000000 2010.977417 0.000000 0.356651 0.000000 0.934238 0.276965 0.276965 0.276965
1866.271729 0.000000 2006.054932 0.000000 0.189237 0.000000 0.981932 0.235636 0.235636 0.235636
2045.042114 0.000000 1976.126831 0.000000 0.198877 0.000000 0.980025 0.191069 0.191069 0.191069
2031.774780 0.000000 1939.657349 0.000000 0.143475 0.000000 0.989654 0.214346 0.214346 0.214346
2008.196777 0.000000 1926.736816 0.000000 0.383650 0.000000 0.923478 0.209177 0.209177 0.209177
2022.302734 0.000000 1933.535400 0.000000 0.384583 0.000000 0.923090 0.213197 0.213197 0.213197
2034.333252 0.000000 1959.405273 0.000000 0.354964 0.000000 0.934880 0.237658 0.237658 0.237658
1990.638794 0.000000 1930.021606 0.000000 0.539690 0.000000 0.841864 0.282686 0.282686 0.282686
2041.390381 0.000000 1962.875977 0.000000 0.180955 0.000000 0.983491 0.245581 0.245581 0.245581
2033.404663 0.000000 1939.926880 0.000000 0.461586 0.000000 0.887095 0.279163 0.279163 0.279163
2026.833130 0.000000 1944.701538 0.000000 0.378452 0.000000 0.925621 0.234998 0.234998 0.234998
2021.195312 0.000000 1929.061157 0.000000 0.554699 0.000000 0.832051 0.231715 0.231715 0.231715
2007.808105 0.000000 1925.302490 0.000000 0.368215 0.000000 0.929741 0.234872 0.234872 0.234872
2027.860962 0.000000 1945.774780 0.000000 0.322665 0.000000 0.946513 0.234320 0.234320 0.234320
2047.538696 0.000000 1934.953979 0.000000 0.579689 0.000000 0.814838 0.281810 0.281810 0.281810
2027.614258 0.000000 1930.692993 0.000000 0.215926 0.000000 0.976410 0.254149 0.254149 0.254149
2034.095459 0.000000 1960.805664 0.000000 0.057862 0.000000 0.998325 0.271106 0.271106 0.271106
2047.335327 0.000000 1946.698120 0.000000 0.518433 0.000000 0.855118 0.281369 0.281369 0.281369
2040.776245 0.000000 1947.311890 0.000000 0.499161 0.000000 0.866509 0.279981 0.279981 0.279981
2042.833618 0.000000 1980.218628 0.000000 0.090250 0.000000 0.995919 0.271726 0.271726 0.271726
2045.973755 0.000000 1980.928345 0.000000 0.079775 0.000000 0.996813 0.270255 0.270255 0.270255
1836.193481 0.000000 2054.382080 0.000000 0.046807 0.000000 0.998904 0.192523 0.192523 0.192523
1842.491943 0.000000 2057.077881 0.000000 0.456419 0.000000 0.889765 0.211386 0.211386 0.211386
1855.180664 0.000000 2039.538940 0.000000 0.199917 0.000000 0.979813 0.273844 0.273844 0.273844
1841.404663 0.000000 2052.895508 0.000000 0.556526 0.000000 0.830830 0.221079 0.221079 0.221079
1843.356323 0.000000 2055.612793 0.000000 0.111565 0.000000 0.993757 0.274867 0.274867 0.274867
1857.729858 0.000000 2066.029785 0.000000 0.582634 0.000000 0.812735 0.205490 0.205490 0.205490
1966.326538 0.000000 2214.008789 0.000000 0.581865 0.000000 0.813285 0.226985 0.226985 0.226985
1967.881714 0.000000 2215.623047 0.000000 0.383849 0.000000 0.923396 0.224664 0.224664 0.224664
1955.248779 0.000000 2217.251953 0.000000 0.223910 0.000000 0.974610 0.233150 0.233150 0.233150
1981.523560 0.000000 2216.476074 0.000000 0.526911 0.000000 0.849921 0.224792 0.224792 0.224792
1974.458008 0.000000 2215.800049 0.000000 0.529013 0.000000 0.848614 0.259407 0.259407 0.259407
2031.365356 0.000000 2233.694336 0.000000 0.072753 0.000000 0.997350 0.190052 0.190052 0.190052
2015.085693 0.000000 2210.519531 0.000000 0.299285 0.000000 0.954164 0.196408 0.196408 0.196408
2017.210693 0.000000 2252.333496 0.000000 0.406886 0.000000 0.913479 0.200815 0.200815 0.200815
2020.999878 0.000000 2237.572266 0.000000 0.295450 0.000000 0.955358 0.214324 0.214324 0.214324
2020.653442 0.000000 2241.155518 0.000000 0.570396 0.000000 0.821370 0.230397 0.230397 0.230397
2018.022705 0.000000 2224.926270 0.000000 0.455557 0.000000 0.890206 0.279938 0.279938 0.279938
2021.911865 0.000000 2206.050293 0.000000 0.275362 0.000000 0.961341 0.224470 0.224470 0.224470
1995.621582 0.000000 2248.814209 0.000000 0.426738 0.000000 0.904375 0.261674 0.261674 0.261674
2026.243408 0.000000 2208.775635 0.000000 0.333253 0.000000 0.942837 0.223616 0.223616 0.223616
2016.219360 0.000000 2249.046143 0.000000 0.491915 0.000000 0.870643 0.240931 0.240931 0.240931
2034.992432 0.000000 2232.296631 0.000000 0.431251 0.000000 0.902232 0.271478 0.271478 0.271478
1994.271729 0.000000 2231.992432 0.000000 0.373268 0.000000 0.927724 0.277306 0.277306 0.277306
2019.360474 0.000000 2252.139404 0.000000 0.228141 0.000000 0.973628 0.246206 0.246206 0.246206
2014.441772 0.000000 2214.854736 0.000000 0.387359 0.000000 0.921929 0.255213 0.255213 0.255213
2167.657227 0.000000 1847.873779 0.000000 0.551645 0.000000 0.834079 0.215928 0.215928 0.215928
2164.201660 0.000000 1814.447998 0.000000 0.516284 0.000000 0.856417 0.220113 0.220113 0.220113
2162.333252 0.000000 1846.436523 0.000000 0.186136 0.000000 0.982524 0.271102 0.271102 0.271102
2157.449951 0.000000 1810.019409 0.000000 0.469092 0.000000 0.883149 0.279325 0.279325 0.279325
2159.751465 0.000000 1845.060181 0.000000 0.169477 0.000000 0.985534 0.273252 0.273252 0.273252
2157.066406 0.000000 1813.098389 0.000000 0.356540 0.000000 0.934280 0.276963 0.276963 0.276963
2168.776367 0.000000 1834.343140 0.000000 0.051829 0.000000 0.998656 0.272867 0.272867 0.272867
2181.125244 0.000000 1820.231079 0.000000 0.501092 0.000000 0.865394 0.270280 0.270280 0.270280
2176.951172 0.000000 1821.735229 0.000000 0.386413 0.000000 0.922326 0.277841 0.277841 0.277841
2185.120117 0.000000 1831.774902 0.000000 0.342525 0.000000 0.939509 0.277317 0.277317 0.277317
2183.009521 0.000000 1829.139893 0.000000 0.080671 0.000000 0.996741 0.273551 0.273551 0.273551
2054.656738 0.000000 1969.286499 0.000000 0.477770 0.000000 0.878485 0.195304 0.195304 0.195304
2079.881836 0.000000 1923.118164 0.000000 0.579853 0.000000 0.814721 0.204948 0.204948 0.204948
2078.899414 0.000000 1973.330566 0.000000 0.404535 0.000000 0.914522 0.237298 0.237298 0.237298
2080.666016 0.000000 1921.107666 0.000000 0.530897 0.000000 0.847437 0.280689 0.280689 0.280689
2051.196289 0.000000 1966.219238 0.000000 0.441309 0.000000 0.897355 0.279063 0.279063 0.279063
2093.502441 0.000000 1942.829590 0.000000 0.158462 0.000000 0.987365 0.219839 0.219839 0.219839
2075.848389 0.000000 1974.127930 0.000000 0.162630 0.000000 0.986687 0.216477 0.216477 0.216477
2070.371582 0.000000 1973.294800 0.000000 0.561205 0.000000 0.827677 0.264929 0.264929 0.264929
2053.528809 0.000000 1949.806885 0.000000 0.569638 0.000000 0.821896 0.242023 0.242023 0.242023
2092.925537 0.000000 1937.036133 0.000000 0.204499 0.000000 0.978867 0.276336 0.276336 0.276336
2094.419189 0.000000 1976.182617 0.000000 0.364215 0.000000 0.931315 0.277299 0.277299 0.277299
2077.699463 0.000000 1976.072266 0.000000 0.345866 0.000000 0.938284 0.276745 0.276745 0.276745
2048.036621 0.000000 1965.496094 0.000000 0.194036 0.000000 0.980994 0.247184 0.247184 0.247184
2051.614258 0.000000 1963.047729 0.000000 0.346482 0.000000 0.938057 0.261850 0.261850 0.261850
2048.003906 0.000000 1962.548706 0.000000 0.145612 0.000000 0.989342 0.274445 0.274445 0.274445
2065.435547 0.000000 1964.382690 0.000000 0.008177 0.000000 0.999967 0.270975 0.270975 0.270975
2081.773193 0.000000 1975.894165 0.000000 0.066907 0.000000 0.997759 0.271279 0.271279 0.271279
2103.542480 0.000000 2000.082886 0.000000 0.223679 0.000000 0.974663 0.193827 0.193827 0.193827
2086.039062 0.000000 1995.054810 0.000000 0.163502 0.000000 0.986543 0.229081 0.229081 0.229081
2057.625488 0.000000 1987.177979 0.000000 0.519140 0.000000 0.854689 0.252290 0.252290 0.252290
2070.760498 0.000000 1986.157593 0.000000 0.017067 0.000000 0.999854 0.227464 0.227464 0.227464
2080.706299 0.000000 1981.102417 0.000000 0.344465 0.000000 0.938799 0.232617 0.232617 0.232617
2103.988525 0.000000 1992.576416 0.000000 0.407037 0.000000 0.913412 0.279171 0.279171 0.279171
2087.006836 0.000000 1996.356934 0.000000 0.415881 0.000000 0.909419 0.280116 0.280116 0.280116
2092.378174 0.000000 1977.449341 0.000000 0.361459 0.000000 0.932388 0.277063 0.277063 0.277063
2087.286377 0.000000 1983.775269 0.000000 0.226047 0.000000 0.974117 0.275109 0.275109 0.275109
2085.195312 0.000000 1985.545532 0.000000 0.017231 0.000000 0.999852 0.255496 0.255496 0.255496
2082.393799 0.000000 1989.646118 0.000000 0.179824 0.000000 0.983699 0.254106 0.254106 0.254106
2088.668945 0.000000 1981.606445 0.000000 0.131064 0.000000 0.991374 0.235422 0.235422 0.235422
2240.226318 0.000000 2084.754395 0.000000 0.253785 0.000000 0.967261 0.190813 0.190813 0.190813
2250.859131 0.000000 2097.450439 0.000000 0.417196 0.000000 0.908817 0.229022 0.229022 0.229022
2054.114014 0.000000 2241.849121 0.000000 0.124955 0.000000 0.992162 0.191116 0.191116 0.191116
2111.537598 0.000000 2233.156982 0.000000 0.577242 0.000000 0.816573 0.240618 0.240618 0.240618
2101.040771 0.000000 2231.538086 0.000000 0.013697 0.000000 0.999906 0.224582 0.224582 0.224582
2124.652588 0.000000 2228.317383 0.000000 0.555981 0.000000 0.831195 0.193190 0.193190 0.193190
2132.724609 0.000000 2232.591064 0.000000 0.080382 0.000000 0.996764 0.207448 0.207448 0.207448
2121.114258 0.000000 2233.004395 0.000000 0.235554 0.000000 0.971861 0.215718 0.215718 0.215718
2114.422852 0.000000 2231.290283 0.000000 0.502974 0.000000 0.864301 0.230053 0.230053 0.230053
2156.596680 0.000000 2221.842041 0.000000 0.270594 0.000000 0.962693 0.220983 0.220983 0.220983
2161.878906 0.000000 2215.234619 0.000000 0.290177 0.000000 0.956973 0.229043 0.229043 0.229043
2167.633301 0.000000 2221.608398 0.000000 0.482148 0.000000 0.876090 0.221248 0.221248 0.221248
2122.323975 0.000000 2234.384033 0.000000 0.230276 0.000000 0.973125 0.229344 0.229344 0.229344
2166.224854 0.000000 2218.069336 0.000000 0.479941 0.000000 0.877301 0.251693 0.251693 0.251693
2161.404785 0.000000 2222.348633 0.000000 0.216177 0.000000 0.976354 0.275175 0.275175 0.275175
2160.528809 0.000000 2223.771729 0.000000 0.174542 0.000000 0.984650 0.274396 0.274396 0.274396
2155.719727 0.000000 2220.477295 0.000000 0.451734 0.000000 0.892153 0.275242 0.275242 0.275242
2127.615479 0.000000 2231.645020 0.000000 0.361862 0.000000 0.932232 0.234795 0.234795 0.234795
2137.687256 0.000000 2232.471680 0.000000 0.243900 0.000000 0.969800 0.251209 0.251209 0.251209
2134.003174 0.000000 2232.106934 0.000000 0.319993 0.000000 0.947420 0.269568 0.269568 0.269568
2125.189453 0.000000 2230.931396 0.000000 0.332080 0.000000 0.943251 0.268816 0.268816 0.268816
2232.204834 0.000000 2156.666992 0.000000 0.001938 0.000000 0.999998 0.213972 0.213972 0.213972
2177.439453 0.000000 2227.270020 0.000000 0.344421 0.000000 0.938815 0.216791 0.216791 0.216791
7414.407227 0.000000 617.879395 0.000000 0.493232 0.000000 0.869898 0.213782 0.213782 0.213782
7423.537598 0.000000 595.110107 0.000000 0.186673 0.000000 0.982422 0.236566 0.236566 0.236566
7390.198730 0.000000 616.091919 0.000000 0.315902 0.000000 0.948792 0.240099 0.240099 0.240099
7421.900391 0.000000 617.911621 0.000000 0.080767 0.000000 0.996733 0.243330 0.243330 0.243330
7415.775879 0.000000 649.053101 0.000000 0.232478 0.000000 0.972602 0.230826 0.230826 0.230826
7397.573730 0.000000 632.832397 0.000000 0.104420 0.000000 0.994533 0.271998 0.271998 0.271998
7422.039551 0.000000 661.788391 0.000000 0.218739 0.000000 0.975783 0.276133 0.276133 0.276133
7415.635742 0.000000 653.611572 0.000000 0.100324 0.000000 0.994955 0.274672 0.274672 0.274672
7432.162109 0.000000 584.564575 0.000000 0.419535 0.000000 0.907739 0.220064 0.220064 0.220064
7454.427246 0.000000 603.130920 0.000000 0.437423 0.000000 0.899256 0.218750 0.218750 0.218750
7428.253418 0.000000 604.209656 0.000000 0.066771 0.000000 0.997768 0.214105 0.214105 0.214105
7451.789062 0.000000 600.023438 0.000000 0.336815 0.000000 0.941571 0.276561 0.276561 0.276561
7449.412598 0.000000 604.955200 0.000000 0.255593 0.000000 0.966784 0.258538 0.258538 0.258538
7425.707031 0.000000 613.347717 0.000000 0.499934 0.000000 0.866064 0.253980 0.253980 0.253980
7433.015625 0.000000 596.825806 0.000000 0.203350 0.000000 0.979106 0.242529 0.242529 0.242529
7432.040039 0.000000 590.087585 0.000000 0.126323 0.000000 0.991989 0.250054 0.250054 0.250054
7431.451660 0.000000 612.561523 0.000000 0.467184 0.000000 0.884160 0.280584 0.280584 0.280584
7473.428223 0.000000 614.778931 0.000000 0.551977 0.000000 0.833859 0.281205 0.281205 0.281205
7451.110840 0.000000 602.453125 0.000000 0.403051 0.000000 0.915178 0.267116 0.267116 0.267116
7494.216797 0.000000 612.075684 0.000000 0.124691 0.000000 0.992196 0.257535 0.257535 0.257535
7489.707031 0.000000 613.347717 0.000000 0.118446 0.000000 0.992961 0.260241 0.260241 0.260241
7503.857910 0.000000 620.133972 0.000000 0.204573 0.000000 0.978851 0.257776 0.257776 0.257776
7491.320312 0.000000 613.631836 0.000000 0.395453 0.000000 0.918486 0.256309 0.256309 0.256309
7436.424805 0.000000 639.747864 0.000000 0.022130 0.000000 0.999755 0.199179 0.199179 0.199179
7464.221680 0.000000 641.771362 0.000000 0.549868 0.000000 0.835252 0.194367 0.194367 0.194367
7471.961914 0.000000 676.588013 0.000000 0.092703 0.000000 0.995694 0.199741 0.199741 0.199741
7482.464844 0.000000 657.615540 0.000000 0.252490 0.000000 0.967600 0.275515 0.275515 0.275515
7436.302734 0.000000 641.726562 0.000000 0.118307 0.000000 0.992977 0.226180 0.226180 0.226180
7428.650391 0.000000 659.104187 0.000000 0.051710 0.000000 0.998662 0.242487 0.242487 0.242487
7454.637207 0.000000 639.497009 0.000000 0.322369 0.000000 0.946614 0.276269 0.276269 0.276269
7428.645020 0.000000 665.942017 0.000000 0.538441 0.000000 0.842663 0.282661 0.282661 0.282661
7437.791016 0.000000 621.380798 0.000000 0.332722 0.000000 0.943025 0.249561 0.249561 0.249561
7424.976074 0.000000 621.848450 0.000000 0.343949 0.000000 0.938988 0.240946 0.240946 0.240946
7436.118652 0.000000 652.660889 0.000000 0.003181 0.000000 0.999995 0.261706 0.261706 0.261706
7424.096680 0.000000 661.365540 0.000000 0.291637 0.000000 0.956529 0.250918 0.250918 0.250918
7482.382812 0.000000 656.204834 0.000000 0.248104 0.000000 0.968733 0.275431 0.275431 0.275431
7456.928711 0.000000 637.319336 0.000000 0.322002 0.000000 0.946739 0.276261 0.276261 0.276261
7466.449707 0.000000 624.088989 0.000000 0.535263 0.000000 0.844686 0.250045 0.250045 0.250045
7480.508789 0.000000 662.770813 0.000000 0.402018 0.000000 0.915632 0.280068 0.280068 0.280068
7508.110352 0.000000 634.965942 0.000000 0.552080 0.000000 0.833791 0.271214 0.271214 0.271214
7499.861328 0.000000 635.997681 0.000000 0.265228 0.000000 0.964186 0.239943 0.239943 0.239943
7495.854492 0.000000 632.076172 0.000000 0.535235 0.000000 0.844703 0.255033 0.255033 0.255033
7515.705566 0.000000 661.367004 0.000000 0.188377 0.000000 0.982097 0.251386 0.251386 0.251386
7493.125488 0.000000 634.059204 0.000000 0.007650 0.000000 0.999971 0.270146 0.270146 0.270146
7499.846680 0.000000 625.575256 0.000000 0.186169 0.000000 0.982518 0.235599 0.235599 0.235599
7490.422363 0.000000 634.394409 0.000000 0.072991 0.000000 0.997333 0.273358 0.273358 0.273358
7410.542480 0.000000 683.611023 0.000000 0.160969 0.000000 0.986959 0.199300 0.199300 0.199300
7422.677246 0.000000 680.358521 0.000000 0.525950 0.000000 0.850515 0.210047 0.210047 0.210047
7405.660156 0.000000 709.762817 0.000000 0.290999 0.000000 0.956723 0.211804 0.211804 0.211804
7405.502441 0.000000 700.173279 0.000000 0.160590 0.000000 0.987021 0.225672 0.225672 0.225672
7403.434082 0.000000 706.902527 0.000000 0.236051 0.000000 0.971741 0.218668 0.218668 0.218668
7402.288086 0.000000 708.494751 0.000000 0.191835 0.000000 0.981427 0.215296 0.215296 0.215296
7410.757324 0.000000 679.160706 0.000000 0.446310 0.000000 0.894878 0.256601 0.256601 0.256601
7394.940430 0.000000 687.898865 0.000000 0.430145 0.000000 0.902760 0.278492 0.278492 0.278492
7395.450684 0.000000 686.473267 0.000000 0.012908 0.000000 0.999917 0.270247 0.270247 0.270247
7459.373047 0.000000 704.755798 0.000000 0.066972 0.000000 0.997755 0.195618 0.195618 0.195618
7548.341309 0.000000 730.980347 0.000000 0.376195 0.000000 0.926541 0.206597 0.206597 0.206597
7492.015137 0.000000 683.899597 0.000000 0.163285 0.000000 0.986579 0.195857 0.195857 0.195857
7492.206055 0.000000 680.067444 0.000000 0.557515 0.000000 0.830167 0.214461 0.214461 0.214461
7521.556152 0.000000 704.486816 0.000000 0.410922 0.000000 0.911671 0.262879 0.262879 0.262879
7531.434082 0.000000 706.902527 0.000000 0.027628 0.000000 0.999618 0.270528 0.270528 0.270528
7533.740723 0.000000 708.021667 0.000000 0.530754 0.000000 0.847526 0.280685 0.280685 0.280685
7547.144043 0.000000 730.002136 0.000000 0.544479 0.000000 0.838775 0.280996 0.280996 0.280996
7544.193359 0.000000 730.263306 0.000000 0.154293 0.000000 0.988025 0.255624 0.255624 0.255624
7517.169434 0.000000 681.412109 0.000000 0.198860 0.000000 0.980028 0.261466 0.261466 0.261466
7470.145508 0.000000 778.119934 0.000000 0.565940 0.000000 0.824446 0.229325 0.229325 0.229325
7487.265137 0.000000 767.748840 0.000000 0.233390 0.000000 0.972383 0.239062 0.239062 0.239062
7559.852051 0.000000 771.474365 0.000000 0.462515 0.000000 0.886612 0.215993 0.215993 0.215993
7560.084473 0.000000 749.931824 0.000000 0.133381 0.000000 0.991065 0.223452 0.223452 0.223452
7565.681152 0.000000 748.069580 0.000000 0.581017 0.000000 0.813891 0.283336 0.283336 0.283336
7564.302734 0.000000 754.695312 0.000000 0.113064 0.000000 0.993588 0.215513 0.215513 0.215513
7559.353027 0.000000 746.998169 0.000000 0.176756 0.000000 0.984255 0.229711 0.229711 0.229711
7564.826172 0.000000 773.482971 0.000000 0.507022 0.000000 0.861933 0.280350 0.280350 0.280350
7566.515625 0.000000 784.243591 0.000000 0.082904 0.000000 0.996558 0.272811 0.272811 0.272811
7469.746094 0.000000 810.917236 0.000000 0.342273 0.000000 0.939601 0.226679 0.226679 0.226679
7478.224609 0.000000 805.960022 0.000000 0.451799 0.000000 0.892120 0.265016 0.265016 0.265016
7477.040527 0.000000 819.428711 0.000000 0.320616 0.000000 0.947209 0.278330 0.278330 0.278330
7484.606934 0.000000 808.636292 0.000000 0.249264 0.000000 0.968436 0.273576 0.273576 0.273576
7479.627441 0.000000 821.408752 0.000000 0.516643 0.000000 0.856201 0.259698 0.259698 0.259698
7487.538574 0.000000 805.266479 0.000000 0.563285 0.000000 0.826262 0.281428 0.281428 0.281428
7488.951172 0.000000 805.016418 0.000000 0.452347 0.000000 0.891842 0.229438 0.229438 0.229438
7550.298340 0.000000 896.736267 0.000000 0.215937 0.000000 0.976407 0.203705 0.203705 0.203705
7574.760742 0.000000 799.985657 0.000000 0.079815 0.000000 0.996810 0.271526 0.271526 0.271526
7579.994141 0.000000 815.814514 0.000000 0.112847 0.000000 0.993612 0.219381 0.219381 0.219381
7583.070801 0.000000 811.438477 0.000000 0.034452 0.000000 0.999406 0.224327 0.224327 0.224327
7569.633301 0.000000 839.610107 0.000000 0.426569 0.000000 0.904455 0.262159 0.262159 0.262159
7569.270508 0.000000 841.598877 0.000000 0.022999 0.000000 0.999735 0.272700 0.272700 0.272700
7570.551758 0.000000 802.673828 0.000000 0.575740 0.000000 0.817633 0.273149 0.273149 0.273149
7570.267090 0.000000 823.305420 0.000000 0.458235 0.000000 0.888831 0.269520 0.269520 0.269520
7567.814941 0.000000 867.897583 0.000000 0.267918 0.000000 0.963442 0.207128 0.207128 0.207128
7570.442871 0.000000 863.644714 0.000000 0.164048 0.000000 0.986452 0.220866 0.220866 0.220866
7578.472168 0.000000 850.499268 0.000000 0.519556 0.000000 0.854436 0.231266 0.231266 0.231266
7579.908691 0.000000 852.769165 0.000000 0.118189 0.000000 0.992991 0.269511 0.269511 0.269511
7415.633301 0.000000 1091.921021 0.000000 0.020742 0.000000 0.999785 0.211748 0.211748 0.211748
7417.763184 0.000000 1094.218750 0.000000 0.235232 0.000000 0.971939 0.220619 0.220619 0.220619
7414.014648 0.000000 1078.723267 0.000000 0.402364 0.000000 0.915480 0.251529 0.251529 0.251529
7409.428223 0.000000 1123.138306 0.000000 0.309002 0.000000 0.951061 0.276000 0.276000 0.276000
7537.158691 0.000000 938.378357 0.000000 0.076610 0.000000 0.997061 0.189630 0.189630 0.189630
7543.370605 0.000000 937.405396 0.000000 0.242881 0.000000 0.970056 0.211849 0.211849 0.211849
7541.498535 0.000000 941.226196 0.000000 0.027500 0.000000 0.999622 0.231366 0.231366 0.231366
7522.384277 0.000000 952.019836 0.000000 0.239462 0.000000 0.970906 0.275763 0.275763 0.275763
7530.998047 0.000000 940.416931 0.000000 0.052631 0.000000 0.998614 0.271006 0.271006 0.271006
7540.391602 0.000000 940.205017 0.000000 0.578384 0.000000 0.815765 0.238106 0.238106 0.238106
7533.061035 0.000000 952.692810 0.000000 0.277479 0.000000 0.960732 0.239128 0.239128 0.239128
7533.321289 0.000000 942.232910 0.000000 0.086991 0.000000 0.996209 0.230619 0.230619 0.230619
7528.332520 0.000000 941.953003 0.000000 0.009555 0.000000 0.999954 0.238209 0.238209 0.238209
7531.855957 0.000000 943.324219 0.000000 0.021150 0.000000 0.999776 0.270404 0.270404 0.270404
7470.877930 0.000000 1013.657837 0.000000 0.070853 0.000000 0.997487 0.219441 0.219441 0.219441
7487.474121 0.000000 1005.458801 0.000000 0.578587 0.000000 0.815621 0.238615 0.238615 0.238615
7478.159668 0.000000 1010.881104 0.000000 0.156436 0.000000 0.987688 0.244784 0.244784 0.244784
7488.390625 0.000000 1003.784485 0.000000 0.043195 0.000000 0.999067 0.189436 0.189436 0.189436
7511.828125 0.000000 984.411194 0.000000 0.570879 0.000000 0.821034 0.195064 0.195064 0.195064
7509.939941 0.000000 985.567810 0.000000 0.586835 0.000000 0.809706 0.226538 0.226538 0.226538
7503.572266 0.000000 991.834229 0.000000 0.504995 0.000000 0.863122 0.255546 0.255546 0.255546
7499.164062 0.000000 996.789490 0.000000 0.121492 0.000000 0.992592 0.224772 0.224772 0.224772
7532.179688 0.000000 963.657410 0.000000 0.325608 0.000000 0.945505 0.277680 0.277680 0.277680
7492.395996 0.000000 986.820190 0.000000 0.481499 0.000000 0.876446 0.238795 0.238795 0.238795
7518.457031 0.000000 963.285095 0.000000 0.132153 0.000000 0.991229 0.272531 0.272531 0.272531
7500.118652 0.000000 991.567139 0.000000 0.561915 0.000000 0.827195 0.281396 0.281396 0.281396
7497.015625 0.000000 992.216431 0.000000 0.015634 0.000000 0.999878 0.270299 0.270299 0.270299
7572.109863 0.000000 915.439636 0.000000 0.567533 0.000000 0.823351 0.198133 0.198133 0.198133
7576.548340 0.000000 905.807007 0.000000 0.508923 0.000000 0.860812 0.215976 0.215976 0.215976
7553.897461 0.000000 926.541565 0.000000 0.286480 0.000000 0.958086 0.277754 0.277754 0.277754
7554.702148 0.000000 908.912720 0.000000 0.225913 0.000000 0.974147 0.276816 0.276816 0.276816
7552.011719 0.000000 928.603088 0.000000 0.311428 0.000000 0.950270 0.253128 0.253128 0.253128
7434.749023 0.000000 1058.911621 0.000000 0.007258 0.000000 0.999974 0.189148 0.189148 0.189148
7450.516602 0.000000 1055.497681 0.000000 0.117439 0.000000 0.993080 0.199938 0.199938 0.199938
7424.004883 0.000000 1070.032837 0.000000 0.293646 0.000000 0.955914 0.235436 0.235436 0.235436
7458.989746 0.000000 1048.933105 0.000000 0.165767 0.000000 0.986165 0.273181 0.273181 0.273181
7487.180664 0.000000 1022.820190 0.000000 0.484097 0.000000 0.875014 0.227311 0.227311 0.227311
7449.412598 0.000000 1056.830200 0.000000 0.333218 0.000000 0.942850 0.278424 0.278424 0.278424
7431.856445 0.000000 1061.400391 0.000000 0.129440 0.000000 0.991587 0.255733 0.255733 0.255733
7430.216797 0.000000 1063.950684 0.000000 0.373010 0.000000 0.927827 0.262270 0.262270 0.262270
7454.637207 0.000000 1034.887695 0.000000 0.181034 0.000000 0.983477 0.247961 0.247961 0.247961
7478.014648 0.000000 1022.238831 0.000000 0.293685 0.000000 0.955902 0.240303 0.240303 0.240303
7418.544922 0.000000 1331.111328 0.000000 0.070851 0.000000 0.997487 0.217999 0.217999 0.217999
7486.888184 0.000000 1279.281250 0.000000 0.185072 0.000000 0.982725 0.204925 0.204925 0.204925
7458.607422 0.000000 1295.050171 0.000000 0.388086 0.000000 0.921623 0.219232 0.219232 0.219232
7482.732422 0.000000 1296.329224 0.000000 0.191737 0.000000 0.981446 0.273685 0.273685 0.273685
7480.531250 0.000000 1298.117188 0.000000 0.247747 0.000000 0.968825 0.274781 0.274781 0.274781
7461.666016 0.000000 1290.492065 0.000000 0.040284 0.000000 0.999188 0.270770 0.270770 0.270770
7456.238770 0.000000 1296.194702 0.000000 0.357838 0.000000 0.933784 0.276989 0.276989 0.276989
7459.360352 0.000000 1291.905029 0.000000 0.395711 0.000000 0.918375 0.260692 0.260692 0.260692
7532.304199 0.000000 1266.355591 0.000000 0.522834 0.000000 0.852435 0.210016 0.210016 0.210016
7516.327637 0.000000 1270.474854 0.000000 0.442180 0.000000 0.896926 0.271185 0.271185 0.271185
7498.960449 0.000000 1276.821167 0.000000 0.295106 0.000000 0.955465 0.226647 0.226647 0.226647
7501.010254 0.000000 1276.680542 0.000000 0.390649 0.000000 0.920540 0.241064 0.241064 0.241064
7493.392090 0.000000 1292.396118 0.000000 0.072256 0.000000 0.997386 0.255371 0.255371 0.255371
7516.560059 0.000000 1271.932739 0.000000 0.144476 0.000000 0.989508 0.266231 0.266231 0.266231
7505.435547 0.000000 1286.570190 0.000000 0.371175 0.000000 0.928563 0.277263 0.277263 0.277263
7431.290527 0.000000 1341.985718 0.000000 0.556922 0.000000 0.830565 0.193149 0.193149 0.193149
7433.114258 0.000000 1329.254395 0.000000 0.112424 0.000000 0.993660 0.215991 0.215991 0.215991
7469.502441 0.000000 1321.501465 0.000000 0.486829 0.000000 0.873497 0.266592 0.266592 0.266592
7428.483398 0.000000 1333.570435 0.000000 0.214277 0.000000 0.976773 0.274124 0.274124 0.274124
7469.137695 0.000000 1314.200684 0.000000 0.125015 0.000000 0.992155 0.272394 0.272394 0.272394
7436.302734 0.000000 1319.539062 0.000000 0.507789 0.000000 0.861481 0.281766 0.281766 0.281766
7438.208008 0.000000 1310.389160 0.000000 0.135888 0.000000 0.990724 0.272603 0.272603 0.272603
7439.744141 0.000000 1310.100952 0.000000 0.305687 0.000000 0.952132 0.275933 0.275933 0.275933
7483.157715 0.000000 1300.892334 0.000000 0.117044 0.000000 0.993127 0.269954 0.269954 0.269954
7465.913086 0.000000 1316.535400 0.000000 0.305021 0.000000 0.952345 0.264072 0.264072 0.264072
7450.472168 0.000000 1302.374268 0.000000 0.130305 0.000000 0.991474 0.225829 0.225829 0.225829
7466.833008 0.000000 1323.373413 0.000000 0.539007 0.000000 0.842301 0.280872 0.280872 0.280872
7430.455566 0.000000 1327.045776 0.000000 0.457197 0.000000 0.889366 0.279069 0.279069 0.279069
7468.925781 0.000000 1315.708008 0.000000 0.321865 0.000000 0.946786 0.276259 0.276259 0.276259
7430.676758 0.000000 1324.390747 0.000000 0.503517 0.000000 0.863985 0.280078 0.280078 0.280078
7429.865234 0.000000 1333.966675 0.000000 0.491926 0.000000 0.870637 0.279822 0.279822 0.279822
7454.457031 0.000000 1302.191284 0.000000 0.305590 0.000000 0.952163 0.275931 0.275931 0.275931
7426.917480 0.000000 1332.570068 0.000000 0.336069 0.000000 0.941837 0.276546 0.276546 0.276546
7434.271484 0.000000 1328.242432 0.000000 0.519833 0.000000 0.854268 0.238810 0.238810 0.238810
7444.429199 0.000000 1349.163330 0.000000 0.262803 0.000000 0.964849 0.275079 0.275079 0.275079
7481.597656 0.000000 1299.857422 0.000000 0.056408 0.000000 0.998408 0.271078 0.271078 0.271078
7444.915039 0.000000 1306.862549 0.000000 0.290605 0.000000 0.956843 0.275631 0.275631 0.275631
7467.041992 0.000000 1319.219482 0.000000 0.165689 0.000000 0.986178 0.273179 0.273179 0.273179
7433.015625 0.000000 1331.122681 0.000000 0.318450 0.000000 0.947940 0.276190 0.276190 0.276190
7452.146484 0.000000 1300.501221 0.000000 0.495227 0.000000 0.868764 0.279895 0.279895 0.279895
7866.732422 0.000000 1013.907288 0.000000 0.549830 0.000000 0.835277 0.241235 0.241235 0.241235
7867.144043 0.000000 1012.424011 0.000000 0.528542 0.000000 0.848907 0.240936 0.240936 0.240936
7864.531250 0.000000 1015.695312 0.000000 0.382984 0.000000 0.923755 0.258550 0.258550 0.258550
7882.749023 0.000000 1002.427246 0.000000 0.573660 0.000000 0.819094 0.193338 0.193338 0.193338
7873.798828 0.000000 1010.173462 0.000000 0.381745 0.000000 0.924268 0.210664 0.210664 0.210664
7877.476562 0.000000 1011.512573 0.000000 0.514974 0.000000 0.857206 0.207898 0.207898 0.207898
7874.838379 0.000000 1011.532715 0.000000 0.044612 0.000000 0.999004 0.263267 0.263267 0.263267
7892.586426 0.000000 999.538391 0.000000 0.569078 0.000000 0.822284 0.281670 0.281670 0.281670
7854.915039 0.000000 1025.804565 0.000000 0.295714 0.000000 0.955277 0.221736 0.221736 0.221736
7840.531738 0.000000 1039.906372 0.000000 0.458649 0.000000 0.888617 0.258267 0.258267 0.258267
8145.981934 0.000000 1103.115356 0.000000 0.068451 0.000000 0.997654 0.239406 0.239406 0.239406
8142.922852 0.000000 1103.423828 0.000000 0.197299 0.000000 0.980343 0.258141 0.258141 0.258141
7487.419434 0.000000 1377.497070 0.000000 0.276355 0.000000 0.961056 0.191589 0.191589 0.191589
7455.881836 0.000000 1358.274414 0.000000 0.357146 0.000000 0.934049 0.211432 0.211432 0.211432
7434.858887 0.000000 1363.153687 0.000000 0.482391 0.000000 0.875956 0.262094 0.262094 0.262094
7456.870605 0.000000 1362.870483 0.000000 0.095905 0.000000 0.995390 0.266380 0.266380 0.266380
7431.854492 0.000000 1366.373047 0.000000 0.051602 0.000000 0.998668 0.212033 0.212033 0.212033
7440.782227 0.000000 1357.333984 0.000000 0.066640 0.000000 0.997777 0.273865 0.273865 0.273865
7448.535645 0.000000 1390.668579 0.000000 0.289275 0.000000 0.957246 0.236844 0.236844 0.236844
7454.455078 0.000000 1361.703491 0.000000 0.227358 0.000000 0.973811 0.274381 0.274381 0.274381
7436.093750 0.000000 1363.712524 0.000000 0.048606 0.000000 0.998818 0.270929 0.270929 0.270929
7517.993164 0.000000 1370.422852 0.000000 0.359522 0.000000 0.933137 0.215449 0.215449 0.215449
7522.170410 0.000000 1383.982300 0.000000 0.338279 0.000000 0.941046 0.217227 0.217227 0.217227
7508.957031 0.000000 1383.786011 0.000000 0.535093 0.000000 0.844793 0.278287 0.278287 0.278287
7510.790527 0.000000 1382.153809 0.000000 0.429573 0.000000 0.903032 0.278987 0.278987 0.278987
7544.805176 0.000000 1395.139160 0.000000 0.384174 0.000000 0.923261 0.277531 0.277531 0.277531
7507.060547 0.000000 1382.835571 0.000000 0.213711 0.000000 0.976897 0.236893 0.236893 0.236893
7438.955566 0.000000 1464.401611 0.000000 0.044825 0.000000 0.998995 0.260972 0.260972 0.260972
7564.884766 0.000000 1402.607422 0.000000 0.418809 0.000000 0.908074 0.262034 0.262034 0.262034
7556.645020 0.000000 1400.238892 0.000000 0.380855 0.000000 0.924635 0.277462 0.277462 0.277462
7557.392090 0.000000 1405.364868 0.000000 0.401622 0.000000 0.915806 0.277893 0.277893 0.277893
7557.865234 0.000000 1390.451050 0.000000 0.259774 0.000000 0.965669 0.275019 0.275019 0.275019
7560.569824 0.000000 1411.562012 0.000000 0.544329 0.000000 0.838872 0.280993 0.280993 0.280993
7628.302734 0.000000 1376.023438 0.000000 0.229943 0.000000 0.973204 0.258628 0.258628 0.258628
7636.915039 0.000000 1363.346924 0.000000 0.360887 0.000000 0.932610 0.277052 0.277052 0.277052
7577.025879 0.000000 1412.357300 0.000000 0.578176 0.000000 0.815912 0.215198 0.215198 0.215198
7582.747070 0.000000 1413.697388 0.000000 0.014428 0.000000 0.999896 0.239205 0.239205 0.239205
7578.266113 0.000000 1416.867554 0.000000 0.137739 0.000000 0.990469 0.272639 0.272639 0.272639
7581.531738 0.000000 1412.953003 0.000000 0.107925 0.000000 0.994159 0.272777 0.272777 0.272777
8033.168457 0.000000 1545.370361 0.000000 0.200294 0.000000 0.979736 0.276364 0.276364 0.276364
8028.146484 0.000000 1582.923096 0.000000 0.442002 0.000000 0.897014 0.278744 0.278744 0.278744
"}
object={
	name="rainforest_sparse_generator_2_1"
	clamp_to_water_level=no
	render_under_water=no
	generated_content=yes
	layer="semidynamic_medium"
	pdxmesh="tree_rainforest_002_mesh"
	count=431
	transform="2412.874023 0.000000 1231.161133 0.000000 0.674968 0.000000 0.737847 0.221498 0.221498 0.221498
2426.542236 0.000000 1235.342896 0.000000 0.849550 0.000000 0.527508 0.237373 0.237373 0.237373
2415.482178 0.000000 1233.729980 0.000000 0.907027 0.000000 0.421072 0.245654 0.245654 0.245654
2416.909180 0.000000 1229.218994 0.000000 0.895847 0.000000 0.444363 0.291206 0.291206 0.291206
2438.226807 0.000000 1230.746826 0.000000 0.797116 0.000000 0.603826 0.226387 0.226387 0.226387
2445.528320 0.000000 1240.690308 0.000000 0.902296 0.000000 0.431116 0.266864 0.266864 0.266864
2435.718506 0.000000 1214.965820 0.000000 0.869822 0.000000 0.493365 0.250543 0.250543 0.250543
2447.876465 0.000000 1251.104492 0.000000 0.684842 0.000000 0.728692 0.229381 0.229381 0.229381
2458.265869 0.000000 1247.414429 0.000000 0.897126 0.000000 0.441776 0.291078 0.291078 0.291078
2256.417480 0.000000 1683.917847 0.000000 0.945016 0.000000 0.327024 0.294061 0.294061 0.294061
2151.675293 0.000000 1805.789551 0.000000 0.929025 0.000000 0.370018 0.197483 0.197483 0.197483
2173.258057 0.000000 1763.029907 0.000000 0.705766 0.000000 0.708445 0.207842 0.207842 0.207842
2175.450684 0.000000 1758.944946 0.000000 0.917401 0.000000 0.397964 0.207691 0.207691 0.207691
2161.566406 0.000000 1758.198242 0.000000 0.839647 0.000000 0.543132 0.290109 0.290109 0.290109
2154.998291 0.000000 1787.682617 0.000000 0.767497 0.000000 0.641053 0.229581 0.229581 0.229581
2163.249023 0.000000 1755.425903 0.000000 0.679457 0.000000 0.733715 0.241136 0.241136 0.241136
2164.391602 0.000000 1787.470703 0.000000 0.759554 0.000000 0.650445 0.286475 0.286475 0.286475
2156.932129 0.000000 1788.204224 0.000000 0.764570 0.000000 0.644540 0.286623 0.286623 0.286623
2191.977051 0.000000 1743.598389 0.000000 0.824551 0.000000 0.565787 0.221031 0.221031 0.221031
2191.150635 0.000000 1748.142212 0.000000 0.826271 0.000000 0.563273 0.224764 0.224764 0.224764
2201.175293 0.000000 1736.900757 0.000000 0.925328 0.000000 0.379167 0.237571 0.237571 0.237571
2260.110352 0.000000 1708.169067 0.000000 0.819077 0.000000 0.573684 0.288331 0.288331 0.288331
2249.625488 0.000000 1704.756104 0.000000 0.905951 0.000000 0.423382 0.244554 0.244554 0.244554
2271.070801 0.000000 1715.188477 0.000000 0.941821 0.000000 0.336115 0.293659 0.293659 0.293659
2263.097900 0.000000 1713.545654 0.000000 0.595264 0.000000 0.803530 0.223581 0.223581 0.223581
2260.698242 0.000000 1699.715332 0.000000 0.639808 0.000000 0.768534 0.256782 0.256782 0.256782
2261.329346 0.000000 1705.155640 0.000000 0.845655 0.000000 0.533729 0.275702 0.275702 0.275702
2279.754639 0.000000 1720.439697 0.000000 0.706987 0.000000 0.707226 0.285938 0.285938 0.285938
2185.114258 0.000000 1781.129395 0.000000 0.697301 0.000000 0.716778 0.225937 0.225937 0.225937
2177.897461 0.000000 1773.807129 0.000000 0.614242 0.000000 0.789118 0.282632 0.282632 0.282632
2182.676025 0.000000 1753.900757 0.000000 0.926867 0.000000 0.375390 0.263964 0.263964 0.263964
2178.702148 0.000000 1756.178345 0.000000 0.753022 0.000000 0.657995 0.286284 0.286284 0.286284
2181.528809 0.000000 1780.353760 0.000000 0.929636 0.000000 0.368479 0.292793 0.292793 0.292793
2177.194336 0.000000 1760.289917 0.000000 0.676091 0.000000 0.736818 0.259469 0.259469 0.259469
2179.273438 0.000000 1775.848877 0.000000 0.647979 0.000000 0.761658 0.239115 0.239115 0.239115
2333.565674 0.000000 1681.345581 0.000000 0.950240 0.000000 0.311520 0.204604 0.204604 0.204604
2324.862061 0.000000 1686.713867 0.000000 0.733963 0.000000 0.679189 0.210271 0.210271 0.210271
2335.860107 0.000000 1685.880371 0.000000 0.695764 0.000000 0.718271 0.219695 0.219695 0.219695
2321.633057 0.000000 1686.875732 0.000000 0.926300 0.000000 0.376786 0.278404 0.278404 0.278404
2321.260742 0.000000 1680.611206 0.000000 0.905794 0.000000 0.423718 0.233295 0.233295 0.233295
2326.839355 0.000000 1688.611694 0.000000 0.895481 0.000000 0.445100 0.291190 0.291190 0.291190
2343.682861 0.000000 1686.297852 0.000000 0.900848 0.000000 0.434134 0.291423 0.291423 0.291423
2321.812744 0.000000 1693.911865 0.000000 0.588168 0.000000 0.808739 0.282009 0.282009 0.282009
2318.955566 0.000000 1690.339111 0.000000 0.948404 0.000000 0.317064 0.293838 0.293838 0.293838
2329.668701 0.000000 1687.143677 0.000000 0.817442 0.000000 0.576011 0.287378 0.287378 0.287378
2317.681152 0.000000 1708.303955 0.000000 0.803320 0.000000 0.595548 0.242770 0.242770 0.242770
2319.744385 0.000000 1705.491577 0.000000 0.587913 0.000000 0.808924 0.246835 0.246835 0.246835
2323.355225 0.000000 1694.564941 0.000000 0.748299 0.000000 0.663362 0.280386 0.280386 0.280386
2409.985107 0.000000 1715.467896 0.000000 0.822427 0.000000 0.568870 0.288443 0.288443 0.288443
2405.219971 0.000000 1718.110718 0.000000 0.774278 0.000000 0.632845 0.286913 0.286913 0.286913
2407.006836 0.000000 1713.935059 0.000000 0.667057 0.000000 0.745007 0.239405 0.239405 0.239405
2407.754639 0.000000 1720.439697 0.000000 0.637876 0.000000 0.770139 0.283211 0.283211 0.283211
2406.613281 0.000000 1715.401978 0.000000 0.907669 0.000000 0.419686 0.286190 0.286190 0.286190
2406.447266 0.000000 1721.021973 0.000000 0.928282 0.000000 0.371878 0.292723 0.292723 0.292723
1761.456543 0.000000 1934.393677 0.000000 0.708257 0.000000 0.705955 0.196349 0.196349 0.196349
1772.434570 0.000000 1932.247437 0.000000 0.705174 0.000000 0.709034 0.223454 0.223454 0.223454
1848.851562 0.000000 1895.596802 0.000000 0.859036 0.000000 0.511915 0.196404 0.196404 0.196404
1845.610352 0.000000 1899.477173 0.000000 0.872907 0.000000 0.487886 0.202607 0.202607 0.202607
1826.794434 0.000000 1902.243896 0.000000 0.729066 0.000000 0.684443 0.212304 0.212304 0.212304
1852.194946 0.000000 1899.573486 0.000000 0.714288 0.000000 0.699852 0.234985 0.234985 0.234985
1834.998291 0.000000 1900.651367 0.000000 0.819496 0.000000 0.573084 0.242039 0.242039 0.242039
1825.783813 0.000000 1907.548584 0.000000 0.619580 0.000000 0.784933 0.247835 0.247835 0.247835
1852.529175 0.000000 1897.417847 0.000000 0.805309 0.000000 0.592855 0.288260 0.288260 0.288260
1850.382690 0.000000 1898.861084 0.000000 0.789382 0.000000 0.613902 0.272652 0.272652 0.272652
1835.856201 0.000000 1903.558594 0.000000 0.819183 0.000000 0.573532 0.288334 0.288334 0.288334
1837.920898 0.000000 1905.308350 0.000000 0.614223 0.000000 0.789133 0.282632 0.282632 0.282632
1824.756958 0.000000 1903.606445 0.000000 0.762801 0.000000 0.646634 0.286571 0.286571 0.286571
1880.281860 0.000000 1885.999512 0.000000 0.898356 0.000000 0.439269 0.208409 0.208409 0.208409
1914.732300 0.000000 1917.657349 0.000000 0.786391 0.000000 0.617729 0.248186 0.248186 0.248186
1875.482422 0.000000 1889.674316 0.000000 0.636438 0.000000 0.771328 0.284165 0.284165 0.284165
1917.311279 0.000000 1918.275269 0.000000 0.639712 0.000000 0.768615 0.283257 0.283257 0.283257
1953.615479 0.000000 1918.080078 0.000000 0.649242 0.000000 0.760582 0.208249 0.208249 0.208249
1981.495117 0.000000 1883.144653 0.000000 0.828531 0.000000 0.559943 0.236425 0.236425 0.236425
1946.534668 0.000000 1918.779785 0.000000 0.912641 0.000000 0.408762 0.292746 0.292746 0.292746
1928.996094 0.000000 1915.203247 0.000000 0.822144 0.000000 0.569279 0.288433 0.288433 0.288433
2038.766602 0.000000 1908.584961 0.000000 0.801155 0.000000 0.598457 0.249527 0.249527 0.249527
2045.962402 0.000000 1909.772461 0.000000 0.846262 0.000000 0.532767 0.248926 0.248926 0.248926
2039.627441 0.000000 1894.611816 0.000000 0.782597 0.000000 0.622529 0.272486 0.272486 0.272486
1996.418213 0.000000 1913.060303 0.000000 0.947492 0.000000 0.319778 0.257744 0.257744 0.257744
1894.210083 0.000000 1953.968628 0.000000 0.800234 0.000000 0.599688 0.271885 0.271885 0.271885
1905.404663 0.000000 1939.926880 0.000000 0.591031 0.000000 0.806649 0.231175 0.231175 0.231175
1911.988525 0.000000 1936.092041 0.000000 0.872923 0.000000 0.487858 0.290267 0.290267 0.290267
1895.991211 0.000000 1953.360352 0.000000 0.805954 0.000000 0.591978 0.272029 0.272029 0.272029
1866.423096 0.000000 2000.700684 0.000000 0.702350 0.000000 0.711832 0.201529 0.201529 0.201529
1883.827881 0.000000 1980.992310 0.000000 0.619954 0.000000 0.784639 0.202763 0.202763 0.202763
1864.162109 0.000000 1996.673950 0.000000 0.935959 0.000000 0.352110 0.223814 0.223814 0.223814
1861.852539 0.000000 1999.798706 0.000000 0.847241 0.000000 0.531209 0.228318 0.228318 0.228318
1867.164307 0.000000 2013.508301 0.000000 0.938743 0.000000 0.344617 0.236345 0.236345 0.236345
1865.808472 0.000000 1999.311401 0.000000 0.874244 0.000000 0.485487 0.286033 0.286033 0.286033
2006.295044 0.000000 1927.941895 0.000000 0.679521 0.000000 0.733656 0.217414 0.217414 0.217414
2047.035522 0.000000 1962.076904 0.000000 0.734435 0.000000 0.678679 0.216556 0.216556 0.216556
2041.361084 0.000000 1933.258057 0.000000 0.603897 0.000000 0.797062 0.216513 0.216513 0.216513
2038.213257 0.000000 1963.474121 0.000000 0.779839 0.000000 0.625981 0.285293 0.285293 0.285293
1993.760254 0.000000 1929.170410 0.000000 0.798025 0.000000 0.602624 0.288447 0.288447 0.288447
2023.286377 0.000000 1927.290894 0.000000 0.608622 0.000000 0.793460 0.282497 0.282497 0.282497
2021.640869 0.000000 1927.595093 0.000000 0.934457 0.000000 0.356076 0.249170 0.249170 0.249170
2027.041992 0.000000 1940.547607 0.000000 0.758509 0.000000 0.651663 0.287135 0.287135 0.287135
2023.477661 0.000000 1925.726562 0.000000 0.938734 0.000000 0.344642 0.253093 0.253093 0.253093
2040.122925 0.000000 1980.296631 0.000000 0.912001 0.000000 0.410187 0.245257 0.245257 0.245257
2041.855957 0.000000 1985.775269 0.000000 0.618026 0.000000 0.786158 0.256404 0.256404 0.256404
2042.349854 0.000000 1983.228516 0.000000 0.606703 0.000000 0.794929 0.282450 0.282450 0.282450
1852.194946 0.000000 2069.026611 0.000000 0.939406 0.000000 0.342806 0.216310 0.216310 0.216310
1847.988525 0.000000 2049.060791 0.000000 0.830809 0.000000 0.556558 0.253310 0.253310 0.253310
1854.371094 0.000000 2064.727051 0.000000 0.599448 0.000000 0.800413 0.253571 0.253571 0.253571
1979.596436 0.000000 2219.416992 0.000000 0.915044 0.000000 0.403354 0.211968 0.211968 0.211968
1946.396606 0.000000 2212.928467 0.000000 0.837720 0.000000 0.546099 0.230260 0.230260 0.230260
1973.692383 0.000000 2214.625732 0.000000 0.814149 0.000000 0.580656 0.241408 0.241408 0.241408
1983.487793 0.000000 2219.218750 0.000000 0.662470 0.000000 0.749088 0.278416 0.278416 0.278416
1947.648804 0.000000 2210.324219 0.000000 0.933917 0.000000 0.357490 0.293442 0.293442 0.293442
1945.317871 0.000000 2210.150879 0.000000 0.705360 0.000000 0.708849 0.248754 0.248754 0.248754
1947.908447 0.000000 2208.394287 0.000000 0.862989 0.000000 0.505222 0.254077 0.254077 0.254077
1978.513306 0.000000 2216.586914 0.000000 0.945849 0.000000 0.324606 0.244696 0.244696 0.244696
1957.640869 0.000000 2210.017090 0.000000 0.899757 0.000000 0.436392 0.245457 0.245457 0.245457
1999.212769 0.000000 2215.343994 0.000000 0.634923 0.000000 0.772575 0.197200 0.197200 0.197200
2043.279419 0.000000 2228.092041 0.000000 0.643401 0.000000 0.765529 0.203000 0.203000 0.203000
2045.048584 0.000000 2242.156006 0.000000 0.640138 0.000000 0.768260 0.228251 0.228251 0.228251
2021.990845 0.000000 2239.528076 0.000000 0.744948 0.000000 0.667123 0.240146 0.240146 0.240146
2043.122925 0.000000 2242.316895 0.000000 0.722767 0.000000 0.691092 0.227856 0.227856 0.227856
2019.859863 0.000000 2208.572998 0.000000 0.882441 0.000000 0.470423 0.222602 0.222602 0.222602
1996.884766 0.000000 2249.873047 0.000000 0.698406 0.000000 0.715702 0.243497 0.243497 0.243497
2020.710693 0.000000 2252.387207 0.000000 0.752262 0.000000 0.658864 0.228820 0.228820 0.228820
2044.396973 0.000000 2229.178711 0.000000 0.758603 0.000000 0.651553 0.228396 0.228396 0.228396
2018.804321 0.000000 2226.872803 0.000000 0.943271 0.000000 0.332023 0.266211 0.266211 0.266211
2002.493530 0.000000 2265.674316 0.000000 0.780142 0.000000 0.625602 0.287091 0.287091 0.287091
2168.956055 0.000000 1832.915771 0.000000 0.942014 0.000000 0.335574 0.221807 0.221807 0.221807
2165.692383 0.000000 1819.234985 0.000000 0.855612 0.000000 0.517617 0.250727 0.250727 0.250727
2173.407227 0.000000 1844.883545 0.000000 0.926406 0.000000 0.376526 0.225730 0.225730 0.225730
2160.299561 0.000000 1843.646484 0.000000 0.887023 0.000000 0.461726 0.232857 0.232857 0.232857
2156.179932 0.000000 1810.922974 0.000000 0.668887 0.000000 0.743364 0.283994 0.283994 0.283994
2159.227539 0.000000 1809.019287 0.000000 0.902476 0.000000 0.430740 0.249272 0.249272 0.249272
2154.488525 0.000000 1808.748169 0.000000 0.736397 0.000000 0.676549 0.285808 0.285808 0.285808
2085.505371 0.000000 1919.671997 0.000000 0.604269 0.000000 0.796781 0.206224 0.206224 0.206224
2182.483887 0.000000 1826.432373 0.000000 0.592156 0.000000 0.805824 0.249422 0.249422 0.249422
2050.873291 0.000000 1946.759033 0.000000 0.932478 0.000000 0.361227 0.218850 0.218850 0.218850
2089.461914 0.000000 1976.068359 0.000000 0.732924 0.000000 0.680311 0.220191 0.220191 0.220191
2089.028320 0.000000 1947.175537 0.000000 0.845347 0.000000 0.534217 0.234111 0.234111 0.234111
2075.020264 0.000000 1968.677002 0.000000 0.672718 0.000000 0.739899 0.285215 0.285215 0.285215
2055.856445 0.000000 1965.150391 0.000000 0.926095 0.000000 0.377290 0.293336 0.293336 0.293336
2080.008545 0.000000 1970.953125 0.000000 0.905391 0.000000 0.424578 0.245074 0.245074 0.245074
2082.589355 0.000000 1920.666870 0.000000 0.833315 0.000000 0.552798 0.288857 0.288857 0.288857
2070.839355 0.000000 1971.033569 0.000000 0.926284 0.000000 0.376826 0.292621 0.292621 0.292621
2073.614014 0.000000 1972.204468 0.000000 0.876748 0.000000 0.480949 0.249125 0.249125 0.249125
2049.273926 0.000000 1947.988525 0.000000 0.801841 0.000000 0.597537 0.288129 0.288129 0.288129
2068.429443 0.000000 1970.491455 0.000000 0.708972 0.000000 0.705236 0.276916 0.276916 0.276916
2083.060059 0.000000 1974.463623 0.000000 0.948651 0.000000 0.316326 0.294227 0.294227 0.294227
2094.218506 0.000000 1939.345215 0.000000 0.831519 0.000000 0.555497 0.270607 0.270607 0.270607
2051.320312 0.000000 1969.256836 0.000000 0.929756 0.000000 0.368175 0.290314 0.290314 0.290314
2084.294922 0.000000 1980.609863 0.000000 0.691925 0.000000 0.721969 0.207162 0.207162 0.207162
2105.532715 0.000000 1991.927734 0.000000 0.739609 0.000000 0.673037 0.218715 0.218715 0.218715
2094.967041 0.000000 1992.329956 0.000000 0.939182 0.000000 0.343419 0.223358 0.223358 0.223358
2058.859131 0.000000 1984.481812 0.000000 0.735445 0.000000 0.677585 0.286228 0.286228 0.286228
2099.232666 0.000000 1996.307007 0.000000 0.726123 0.000000 0.687565 0.285521 0.285521 0.285521
2097.404785 0.000000 1996.411255 0.000000 0.749368 0.000000 0.662154 0.286937 0.286937 0.286937
2096.528809 0.000000 1997.834106 0.000000 0.622639 0.000000 0.782509 0.283779 0.283779 0.283779
2099.356445 0.000000 1999.128418 0.000000 0.808588 0.000000 0.588375 0.287986 0.287986 0.287986
2091.719727 0.000000 1994.539795 0.000000 0.922083 0.000000 0.386992 0.292411 0.292411 0.292411
2056.235840 0.000000 1984.335693 0.000000 0.845976 0.000000 0.533221 0.289259 0.289259 0.289259
2092.925537 0.000000 1993.520508 0.000000 0.860041 0.000000 0.510225 0.277698 0.277698 0.277698
2071.808105 0.000000 1981.786865 0.000000 0.868935 0.000000 0.494926 0.238317 0.238317 0.238317
2056.166748 0.000000 1982.537720 0.000000 0.835469 0.000000 0.549537 0.251840 0.251840 0.251840
2085.640869 0.000000 1984.079468 0.000000 0.842336 0.000000 0.538953 0.269851 0.269851 0.269851
2090.449707 0.000000 1979.713989 0.000000 0.919577 0.000000 0.392910 0.276536 0.276536 0.276536
2077.531982 0.000000 1977.796753 0.000000 0.937028 0.000000 0.349253 0.293186 0.293186 0.293186
2238.612305 0.000000 2085.077881 0.000000 0.758967 0.000000 0.651129 0.195132 0.195132 0.195132
2258.973877 0.000000 2091.324707 0.000000 0.888832 0.000000 0.458233 0.196780 0.196780 0.196780
2079.822266 0.000000 2228.951660 0.000000 0.754490 0.000000 0.656312 0.195192 0.195192 0.195192
2097.818848 0.000000 2229.638428 0.000000 0.732048 0.000000 0.681253 0.221222 0.221222 0.221222
2052.396240 0.000000 2229.476318 0.000000 0.778868 0.000000 0.627187 0.240743 0.240743 0.240743
2053.906494 0.000000 2229.479248 0.000000 0.931377 0.000000 0.364055 0.244218 0.244218 0.244218
2109.768066 0.000000 2230.088867 0.000000 0.913052 0.000000 0.407842 0.252788 0.252788 0.252788
2159.844482 0.000000 2210.000977 0.000000 0.731313 0.000000 0.682042 0.195091 0.195091 0.195091
2139.115234 0.000000 2232.174316 0.000000 0.622705 0.000000 0.782456 0.206931 0.206931 0.206931
2143.885010 0.000000 2222.080811 0.000000 0.914206 0.000000 0.405250 0.225971 0.225971 0.225971
2157.502441 0.000000 2225.251465 0.000000 0.775436 0.000000 0.631426 0.258356 0.258356 0.258356
2146.022705 0.000000 2224.926270 0.000000 0.680703 0.000000 0.732559 0.237047 0.237047 0.237047
2142.555908 0.000000 2225.228027 0.000000 0.641762 0.000000 0.766904 0.243612 0.243612 0.243612
2145.168701 0.000000 2223.182861 0.000000 0.794641 0.000000 0.607080 0.248872 0.248872 0.248872
2157.746338 0.000000 2223.026611 0.000000 0.688916 0.000000 0.724841 0.236658 0.236658 0.236658
2174.777100 0.000000 2223.318848 0.000000 0.761395 0.000000 0.648288 0.287480 0.287480 0.287480
2119.945068 0.000000 2230.828857 0.000000 0.697034 0.000000 0.717038 0.235752 0.235752 0.235752
2118.455566 0.000000 2230.795898 0.000000 0.937674 0.000000 0.347517 0.240638 0.240638 0.240638
2157.479736 0.000000 2227.430176 0.000000 0.856052 0.000000 0.516890 0.258652 0.258652 0.258652
2187.124756 0.000000 2222.147217 0.000000 0.799887 0.000000 0.600151 0.287948 0.287948 0.287948
7413.610352 0.000000 600.336548 0.000000 0.596982 0.000000 0.802254 0.195813 0.195813 0.195813
7415.775879 0.000000 592.568726 0.000000 0.877705 0.000000 0.479201 0.218230 0.218230 0.218230
7413.498535 0.000000 602.319946 0.000000 0.639930 0.000000 0.768433 0.233884 0.233884 0.233884
7394.384277 0.000000 613.113586 0.000000 0.608788 0.000000 0.793333 0.282501 0.282501 0.282501
7414.213379 0.000000 607.849060 0.000000 0.699578 0.000000 0.714556 0.285394 0.285394 0.285394
7393.938477 0.000000 615.732300 0.000000 0.946848 0.000000 0.321683 0.293745 0.293745 0.293745
7419.649902 0.000000 619.797546 0.000000 0.655572 0.000000 0.755133 0.281279 0.281279 0.281279
7415.627441 0.000000 595.471252 0.000000 0.711636 0.000000 0.702549 0.285589 0.285589 0.285589
7417.877930 0.000000 595.425049 0.000000 0.767002 0.000000 0.641645 0.286695 0.286695 0.286695
7420.552246 0.000000 594.262939 0.000000 0.798033 0.000000 0.602614 0.287852 0.287852 0.287852
7420.833984 0.000000 614.572083 0.000000 0.829796 0.000000 0.558067 0.252237 0.252237 0.252237
7423.545410 0.000000 653.287231 0.000000 0.948983 0.000000 0.315326 0.216017 0.216017 0.216017
7417.532715 0.000000 636.302734 0.000000 0.829990 0.000000 0.557779 0.221121 0.221121 0.221121
7390.384766 0.000000 662.922791 0.000000 0.929772 0.000000 0.368137 0.223654 0.223654 0.223654
7415.627441 0.000000 651.955627 0.000000 0.670727 0.000000 0.741704 0.242023 0.242023 0.242023
7417.877930 0.000000 651.909424 0.000000 0.658264 0.000000 0.752787 0.236197 0.236197 0.236197
7393.452148 0.000000 658.871887 0.000000 0.882703 0.000000 0.469931 0.279470 0.279470 0.279470
7421.311523 0.000000 675.619080 0.000000 0.913019 0.000000 0.407918 0.290122 0.290122 0.290122
7423.412109 0.000000 674.176270 0.000000 0.683886 0.000000 0.729589 0.267242 0.267242 0.267242
7413.027344 0.000000 652.845215 0.000000 0.949355 0.000000 0.314205 0.268091 0.268091 0.268091
7470.444824 0.000000 616.205994 0.000000 0.901552 0.000000 0.432670 0.198757 0.198757 0.198757
7429.852539 0.000000 587.689331 0.000000 0.814520 0.000000 0.580136 0.225622 0.225622 0.225622
7451.568359 0.000000 598.251099 0.000000 0.763347 0.000000 0.645988 0.282297 0.282297 0.282297
7429.526367 0.000000 605.909668 0.000000 0.927383 0.000000 0.374113 0.224675 0.224675 0.224675
7452.480469 0.000000 603.404663 0.000000 0.666201 0.000000 0.745772 0.229635 0.229635 0.229635
7451.274902 0.000000 607.463684 0.000000 0.651112 0.000000 0.758982 0.284349 0.284349 0.284349
7426.917480 0.000000 598.273193 0.000000 0.691733 0.000000 0.722153 0.285858 0.285858 0.285858
7439.857910 0.000000 620.133972 0.000000 0.870235 0.000000 0.492637 0.290278 0.290278 0.290278
7431.009277 0.000000 586.483582 0.000000 0.712455 0.000000 0.701718 0.285145 0.285145 0.285145
7432.996094 0.000000 616.062622 0.000000 0.938923 0.000000 0.344126 0.245541 0.245541 0.245541
7447.770020 0.000000 610.401367 0.000000 0.938279 0.000000 0.345878 0.282670 0.282670 0.282670
7487.399414 0.000000 613.336060 0.000000 0.886713 0.000000 0.462321 0.280133 0.280133 0.280133
7433.361328 0.000000 618.851990 0.000000 0.901505 0.000000 0.432769 0.255117 0.255117 0.255117
7501.842285 0.000000 616.321533 0.000000 0.737652 0.000000 0.675181 0.285844 0.285844 0.285844
7493.392090 0.000000 614.583557 0.000000 0.876961 0.000000 0.480562 0.288756 0.288756 0.288756
7500.418457 0.000000 613.919678 0.000000 0.863721 0.000000 0.503971 0.290565 0.290565 0.290565
7488.313965 0.000000 614.585815 0.000000 0.846136 0.000000 0.532967 0.290191 0.290191 0.290191
7488.046387 0.000000 619.607056 0.000000 0.680393 0.000000 0.732847 0.246277 0.246277 0.246277
7498.106445 0.000000 613.390381 0.000000 0.757328 0.000000 0.653035 0.286410 0.286410 0.286410
7495.451660 0.000000 612.561523 0.000000 0.824883 0.000000 0.565304 0.269912 0.269912 0.269912
7428.206055 0.000000 623.583069 0.000000 0.786925 0.000000 0.617049 0.213593 0.213593 0.213593
7426.305176 0.000000 622.677979 0.000000 0.840854 0.000000 0.541262 0.228729 0.228729 0.228729
7460.267090 0.000000 646.218872 0.000000 0.649061 0.000000 0.760737 0.214976 0.214976 0.214976
7457.556152 0.000000 648.002441 0.000000 0.865577 0.000000 0.500776 0.290101 0.290101 0.290101
7439.572266 0.000000 652.927979 0.000000 0.816513 0.000000 0.577327 0.228294 0.228294 0.228294
7481.390625 0.000000 663.735291 0.000000 0.594825 0.000000 0.803855 0.283915 0.283915 0.283915
7456.356445 0.000000 633.695007 0.000000 0.904045 0.000000 0.427438 0.290820 0.290820 0.290820
7487.198730 0.000000 656.348206 0.000000 0.844420 0.000000 0.535682 0.289203 0.289203 0.289203
7473.522949 0.000000 675.999939 0.000000 0.878643 0.000000 0.477479 0.290940 0.290940 0.290940
7467.594727 0.000000 643.727905 0.000000 0.792383 0.000000 0.610024 0.271691 0.271691 0.271691
7441.551270 0.000000 655.270142 0.000000 0.806184 0.000000 0.591665 0.287052 0.287052 0.287052
7440.015625 0.000000 655.112427 0.000000 0.660025 0.000000 0.751244 0.283385 0.283385 0.283385
7485.805664 0.000000 656.974548 0.000000 0.726879 0.000000 0.686766 0.285542 0.285542 0.285542
7430.769043 0.000000 657.335449 0.000000 0.662893 0.000000 0.748714 0.279431 0.279431 0.279431
7446.808594 0.000000 664.347107 0.000000 0.722751 0.000000 0.691108 0.244423 0.244423 0.244423
7438.473633 0.000000 624.852112 0.000000 0.892080 0.000000 0.451878 0.266540 0.266540 0.266540
7477.732422 0.000000 676.890442 0.000000 0.633681 0.000000 0.773595 0.283107 0.283107 0.283107
7459.134277 0.000000 638.629761 0.000000 0.653708 0.000000 0.756747 0.283607 0.283607 0.283607
7454.551758 0.000000 656.082947 0.000000 0.820962 0.000000 0.570982 0.248895 0.248895 0.248895
7424.022461 0.000000 657.034912 0.000000 0.823013 0.000000 0.568023 0.289073 0.289073 0.289073
7467.041992 0.000000 641.406982 0.000000 0.649990 0.000000 0.759942 0.250870 0.250870 0.250870
7454.441895 0.000000 633.292175 0.000000 0.651068 0.000000 0.759020 0.282684 0.282684 0.282684
7496.607910 0.000000 635.163574 0.000000 0.786416 0.000000 0.617698 0.238267 0.238267 0.238267
7515.020508 0.000000 669.536316 0.000000 0.589132 0.000000 0.808037 0.277385 0.277385 0.277385
7501.156250 0.000000 630.264587 0.000000 0.860067 0.000000 0.510181 0.258228 0.258228 0.258228
7501.933594 0.000000 627.197021 0.000000 0.793192 0.000000 0.608972 0.282047 0.282047 0.282047
7511.405273 0.000000 650.697266 0.000000 0.771737 0.000000 0.635942 0.286837 0.286837 0.286837
7494.925293 0.000000 629.425354 0.000000 0.892195 0.000000 0.451651 0.291805 0.291805 0.291805
7507.827148 0.000000 653.829468 0.000000 0.824824 0.000000 0.565390 0.251077 0.251077 0.251077
7515.966309 0.000000 670.597351 0.000000 0.870161 0.000000 0.492767 0.290159 0.290159 0.290159
7513.668945 0.000000 670.424927 0.000000 0.867348 0.000000 0.497702 0.290051 0.290051 0.290051
7506.267090 0.000000 653.852295 0.000000 0.671560 0.000000 0.740951 0.248175 0.248175 0.248175
7399.815430 0.000000 687.366211 0.000000 0.910172 0.000000 0.414231 0.292643 0.292643 0.292643
7394.527344 0.000000 684.920044 0.000000 0.920399 0.000000 0.390979 0.230972 0.230972 0.230972
7398.213867 0.000000 687.825806 0.000000 0.933514 0.000000 0.358541 0.293683 0.293683 0.293683
7416.234863 0.000000 679.555420 0.000000 0.709616 0.000000 0.704588 0.285068 0.285068 0.285068
7427.585449 0.000000 697.405823 0.000000 0.613616 0.000000 0.789605 0.278383 0.278383 0.278383
7514.616211 0.000000 701.894897 0.000000 0.862414 0.000000 0.506204 0.211545 0.211545 0.211545
7517.269531 0.000000 679.971863 0.000000 0.887926 0.000000 0.459987 0.216279 0.216279 0.216279
7517.291992 0.000000 689.103577 0.000000 0.619029 0.000000 0.785368 0.214114 0.214114 0.214114
7514.413574 0.000000 686.084045 0.000000 0.886185 0.000000 0.463331 0.237110 0.237110 0.237110
7534.407715 0.000000 704.982483 0.000000 0.674885 0.000000 0.737923 0.227178 0.227178 0.227178
7527.927246 0.000000 690.986511 0.000000 0.718655 0.000000 0.695366 0.285315 0.285315 0.285315
7514.472168 0.000000 681.046143 0.000000 0.948435 0.000000 0.316972 0.285846 0.285846 0.285846
7528.266113 0.000000 706.575989 0.000000 0.835739 0.000000 0.549126 0.233924 0.233924 0.233924
7518.747070 0.000000 679.400513 0.000000 0.783083 0.000000 0.621918 0.262669 0.262669 0.262669
7530.089355 0.000000 711.425781 0.000000 0.833765 0.000000 0.552119 0.289508 0.289508 0.289508
7452.971191 0.000000 779.609558 0.000000 0.730665 0.000000 0.682736 0.243009 0.243009 0.243009
7479.190918 0.000000 776.187439 0.000000 0.922947 0.000000 0.384927 0.292971 0.292971 0.292971
7474.095215 0.000000 774.633789 0.000000 0.817740 0.000000 0.575587 0.247253 0.247253 0.247253
7472.909180 0.000000 777.343933 0.000000 0.613039 0.000000 0.790053 0.282603 0.282603 0.282603
7549.523438 0.000000 747.882324 0.000000 0.733053 0.000000 0.680171 0.285714 0.285714 0.285714
7571.100098 0.000000 787.043823 0.000000 0.764154 0.000000 0.645034 0.201695 0.201695 0.201695
7561.306152 0.000000 759.971497 0.000000 0.778622 0.000000 0.627494 0.213478 0.213478 0.213478
7577.195312 0.000000 779.872681 0.000000 0.696292 0.000000 0.717758 0.218144 0.218144 0.218144
7560.607910 0.000000 748.132324 0.000000 0.653808 0.000000 0.756660 0.229463 0.229463 0.229463
7561.975098 0.000000 771.808960 0.000000 0.814050 0.000000 0.580795 0.288165 0.288165 0.288165
7559.854492 0.000000 745.044922 0.000000 0.915151 0.000000 0.403112 0.252852 0.252852 0.252852
7567.572266 0.000000 765.896729 0.000000 0.947063 0.000000 0.321048 0.231725 0.231725 0.231725
7569.270508 0.000000 785.114502 0.000000 0.754450 0.000000 0.656357 0.286326 0.286326 0.286326
7569.981934 0.000000 764.209106 0.000000 0.917973 0.000000 0.396643 0.292211 0.292211 0.292211
7569.019043 0.000000 762.914429 0.000000 0.878420 0.000000 0.477889 0.291417 0.291417 0.291417
7560.168945 0.000000 770.072571 0.000000 0.859450 0.000000 0.511219 0.289752 0.289752 0.289752
7569.812988 0.000000 790.161804 0.000000 0.732669 0.000000 0.680586 0.261594 0.261594 0.261594
7573.857422 0.000000 783.883972 0.000000 0.826287 0.000000 0.563250 0.288976 0.288976 0.288976
7571.060547 0.000000 761.507446 0.000000 0.825691 0.000000 0.564122 0.245844 0.245844 0.245844
7471.774902 0.000000 809.969788 0.000000 0.902823 0.000000 0.430013 0.211186 0.211186 0.211186
7474.491699 0.000000 814.421509 0.000000 0.913200 0.000000 0.407513 0.237778 0.237778 0.237778
7468.596680 0.000000 809.732544 0.000000 0.833882 0.000000 0.551943 0.215348 0.215348 0.215348
7475.356445 0.000000 812.956604 0.000000 0.714082 0.000000 0.700062 0.258148 0.258148 0.258148
7471.419922 0.000000 813.435669 0.000000 0.896797 0.000000 0.442442 0.291247 0.291247 0.291247
7477.027344 0.000000 822.298340 0.000000 0.808924 0.000000 0.587914 0.266906 0.266906 0.266906
7550.566406 0.000000 902.894287 0.000000 0.864617 0.000000 0.502432 0.284139 0.284139 0.284139
7571.875488 0.000000 806.230042 0.000000 0.769640 0.000000 0.638478 0.212829 0.212829 0.212829
7569.982910 0.000000 794.034973 0.000000 0.687093 0.000000 0.726569 0.220101 0.220101 0.220101
7588.653320 0.000000 829.046143 0.000000 0.677707 0.000000 0.735332 0.229796 0.229796 0.229796
7568.782227 0.000000 792.490234 0.000000 0.926840 0.000000 0.375456 0.293053 0.293053 0.293053
7562.945312 0.000000 790.927368 0.000000 0.921445 0.000000 0.388510 0.240691 0.240691 0.240691
7591.682617 0.000000 839.032227 0.000000 0.751209 0.000000 0.660065 0.286232 0.286232 0.286232
7558.675781 0.000000 793.666382 0.000000 0.663179 0.000000 0.748461 0.283848 0.283848 0.283848
7568.015625 0.000000 824.565552 0.000000 0.680708 0.000000 0.732555 0.257519 0.257519 0.257519
7569.019043 0.000000 819.398804 0.000000 0.896017 0.000000 0.444020 0.246426 0.246426 0.246426
7586.794922 0.000000 827.689087 0.000000 0.807986 0.000000 0.589201 0.277788 0.277788 0.277788
7563.577637 0.000000 891.286743 0.000000 0.922427 0.000000 0.386171 0.216449 0.216449 0.216449
7587.859863 0.000000 852.947998 0.000000 0.718842 0.000000 0.695174 0.285320 0.285320 0.285320
7569.241211 0.000000 864.896973 0.000000 0.839803 0.000000 0.542892 0.225000 0.225000 0.225000
7583.070801 0.000000 867.922852 0.000000 0.787784 0.000000 0.615951 0.250298 0.250298 0.250298
7563.621582 0.000000 893.189209 0.000000 0.823946 0.000000 0.566668 0.279261 0.279261 0.279261
7582.637207 0.000000 865.434509 0.000000 0.918744 0.000000 0.394854 0.292248 0.292248 0.292248
7589.430176 0.000000 851.732910 0.000000 0.750884 0.000000 0.660434 0.286222 0.286222 0.286222
7575.770020 0.000000 892.823242 0.000000 0.624109 0.000000 0.781337 0.248414 0.248414 0.248414
7559.451660 0.000000 894.983398 0.000000 0.944101 0.000000 0.329657 0.293584 0.293584 0.293584
7416.590820 0.000000 1070.629395 0.000000 0.904302 0.000000 0.426893 0.291577 0.291577 0.291577
7409.098145 0.000000 1087.579102 0.000000 0.886936 0.000000 0.461893 0.201753 0.201753 0.201753
7420.446777 0.000000 1077.461060 0.000000 0.773733 0.000000 0.633511 0.240129 0.240129 0.240129
7414.485352 0.000000 1112.906006 0.000000 0.890019 0.000000 0.455924 0.290959 0.290959 0.290959
7545.855957 0.000000 912.572144 0.000000 0.626081 0.000000 0.779758 0.244894 0.244894 0.244894
7535.452637 0.000000 953.729126 0.000000 0.682339 0.000000 0.731036 0.284342 0.284342 0.284342
7548.552246 0.000000 933.169189 0.000000 0.733756 0.000000 0.679413 0.248746 0.248746 0.248746
7550.061523 0.000000 911.938110 0.000000 0.868224 0.000000 0.496172 0.290979 0.290979 0.290979
7523.360352 0.000000 952.998718 0.000000 0.895047 0.000000 0.445972 0.291570 0.291570 0.291570
7495.451660 0.000000 951.467773 0.000000 0.741741 0.000000 0.670686 0.259723 0.259723 0.259723
7475.450195 0.000000 1013.073547 0.000000 0.735727 0.000000 0.677278 0.234285 0.234285 0.234285
7451.274902 0.000000 1002.854309 0.000000 0.785491 0.000000 0.618873 0.247647 0.247647 0.247647
7481.594238 0.000000 1006.052246 0.000000 0.778870 0.000000 0.627185 0.267231 0.267231 0.267231
7473.868164 0.000000 964.675415 0.000000 0.869945 0.000000 0.493148 0.274846 0.274846 0.274846
7494.066895 0.000000 993.369873 0.000000 0.746877 0.000000 0.664962 0.231862 0.231862 0.231862
7498.324219 0.000000 991.727844 0.000000 0.725998 0.000000 0.687696 0.254269 0.254269 0.254269
7520.706543 0.000000 964.383606 0.000000 0.870555 0.000000 0.492070 0.284333 0.284333 0.284333
7494.216797 0.000000 1007.466309 0.000000 0.932751 0.000000 0.360521 0.293260 0.293260 0.293260
7496.825684 0.000000 994.743469 0.000000 0.810809 0.000000 0.585310 0.273711 0.273711 0.273711
7515.648926 0.000000 967.667847 0.000000 0.915598 0.000000 0.402095 0.292097 0.292097 0.292097
7506.551758 0.000000 972.126953 0.000000 0.691777 0.000000 0.722111 0.284590 0.284590 0.284590
7523.868164 0.000000 976.075256 0.000000 0.688378 0.000000 0.725352 0.254087 0.254087 0.254087
7497.808594 0.000000 982.592651 0.000000 0.937970 0.000000 0.346717 0.293238 0.293238 0.293238
7494.676758 0.000000 985.484558 0.000000 0.942453 0.000000 0.334339 0.254308 0.254308 0.254308
7514.266113 0.000000 964.992493 0.000000 0.836932 0.000000 0.547306 0.288939 0.288939 0.288939
7515.908691 0.000000 965.737915 0.000000 0.717882 0.000000 0.696165 0.285293 0.285293 0.285293
7502.922852 0.000000 990.455017 0.000000 0.597683 0.000000 0.801733 0.257063 0.257063 0.257063
7493.906250 0.000000 986.823120 0.000000 0.594777 0.000000 0.803891 0.240365 0.240365 0.240365
7495.009277 0.000000 981.874207 0.000000 0.747302 0.000000 0.664485 0.286119 0.286119 0.286119
7530.488281 0.000000 961.482544 0.000000 0.743567 0.000000 0.668662 0.265930 0.265930 0.265930
7517.531738 0.000000 961.078003 0.000000 0.694296 0.000000 0.719690 0.284657 0.284657 0.284657
7575.051758 0.000000 906.797791 0.000000 0.921725 0.000000 0.387844 0.235316 0.235316 0.235316
7553.541504 0.000000 924.914062 0.000000 0.752570 0.000000 0.658512 0.220464 0.220464 0.220464
7571.362793 0.000000 912.061646 0.000000 0.943266 0.000000 0.332038 0.241360 0.241360 0.241360
7555.459473 0.000000 940.266235 0.000000 0.588372 0.000000 0.808590 0.252886 0.252886 0.252886
7578.472168 0.000000 906.983643 0.000000 0.691014 0.000000 0.722841 0.285024 0.285024 0.285024
7555.273438 0.000000 928.583252 0.000000 0.919028 0.000000 0.394192 0.292823 0.292823 0.292823
7577.317871 0.000000 911.010376 0.000000 0.915996 0.000000 0.401187 0.246444 0.246444 0.246444
7556.866211 0.000000 927.708496 0.000000 0.684755 0.000000 0.728773 0.277895 0.277895 0.277895
7552.096680 0.000000 943.787415 0.000000 0.719291 0.000000 0.694709 0.285332 0.285332 0.285332
7552.003906 0.000000 945.829895 0.000000 0.674072 0.000000 0.738666 0.263495 0.263495 0.263495
7425.867188 0.000000 1072.921875 0.000000 0.942765 0.000000 0.333457 0.257019 0.257019 0.257019
7484.241699 0.000000 1027.461182 0.000000 0.640181 0.000000 0.768224 0.238488 0.238488 0.238488
7479.597168 0.000000 1023.634949 0.000000 0.891371 0.000000 0.453274 0.250035 0.250035 0.250035
7418.464844 0.000000 1335.427979 0.000000 0.687768 0.000000 0.725930 0.271887 0.271887 0.271887
7471.226074 0.000000 1283.600464 0.000000 0.907064 0.000000 0.420992 0.279793 0.279793 0.279793
7462.249512 0.000000 1296.348511 0.000000 0.908439 0.000000 0.418018 0.235507 0.235507 0.235507
7476.959961 0.000000 1292.715332 0.000000 0.607062 0.000000 0.794654 0.276754 0.276754 0.276754
7475.333496 0.000000 1287.063965 0.000000 0.822786 0.000000 0.568352 0.253129 0.253129 0.253129
7474.837402 0.000000 1284.332520 0.000000 0.615890 0.000000 0.787832 0.282910 0.282910 0.282910
7467.314453 0.000000 1287.841675 0.000000 0.697954 0.000000 0.716143 0.284754 0.284754 0.284754
7467.855957 0.000000 1282.230469 0.000000 0.931192 0.000000 0.364530 0.292874 0.292874 0.292874
7457.772949 0.000000 1298.081665 0.000000 0.695921 0.000000 0.718119 0.264942 0.264942 0.264942
7469.920898 0.000000 1283.980225 0.000000 0.807023 0.000000 0.590520 0.288409 0.288409 0.288409
7491.034668 0.000000 1296.814575 0.000000 0.724385 0.000000 0.689395 0.285473 0.285473 0.285473
7495.681641 0.000000 1281.574341 0.000000 0.834373 0.000000 0.551201 0.288850 0.288850 0.288850
7498.652832 0.000000 1281.722046 0.000000 0.812630 0.000000 0.582780 0.288118 0.288118 0.288118
7510.136230 0.000000 1276.234863 0.000000 0.782037 0.000000 0.623232 0.287351 0.287351 0.287351
7515.789062 0.000000 1273.077271 0.000000 0.592405 0.000000 0.805640 0.262990 0.262990 0.262990
7489.161133 0.000000 1281.936401 0.000000 0.887195 0.000000 0.461395 0.290841 0.290841 0.290841
7454.667969 0.000000 1335.521973 0.000000 0.897604 0.000000 0.440804 0.210011 0.210011 0.210011
7485.061035 0.000000 1299.696899 0.000000 0.790572 0.000000 0.612369 0.223127 0.223127 0.223127
7455.953125 0.000000 1304.815796 0.000000 0.809588 0.000000 0.586998 0.226066 0.226066 0.226066
7456.666016 0.000000 1299.779541 0.000000 0.932307 0.000000 0.361667 0.271145 0.271145 0.271145
7465.984863 0.000000 1320.077271 0.000000 0.618363 0.000000 0.785893 0.282732 0.282732 0.282732
7445.837891 0.000000 1344.087891 0.000000 0.651531 0.000000 0.758622 0.249879 0.249879 0.249879
7469.746094 0.000000 1319.276611 0.000000 0.864408 0.000000 0.502790 0.289938 0.289938 0.289938
7431.856445 0.000000 1343.822266 0.000000 0.887546 0.000000 0.460720 0.235006 0.235006 0.235006
7452.480469 0.000000 1337.701538 0.000000 0.679884 0.000000 0.733320 0.284432 0.284432 0.284432
7428.645020 0.000000 1343.754517 0.000000 0.601724 0.000000 0.798704 0.282331 0.282331 0.282331
7445.329102 0.000000 1309.765015 0.000000 0.692813 0.000000 0.721117 0.284618 0.284618 0.284618
7451.648926 0.000000 1306.574097 0.000000 0.675662 0.000000 0.737212 0.252839 0.252839 0.252839
7466.374023 0.000000 1311.785400 0.000000 0.851867 0.000000 0.523758 0.265385 0.265385 0.265385
7432.168945 0.000000 1334.916260 0.000000 0.873578 0.000000 0.486685 0.290292 0.290292 0.290292
7436.281738 0.000000 1351.142578 0.000000 0.927883 0.000000 0.372871 0.292702 0.292702 0.292702
7431.009277 0.000000 1320.780518 0.000000 0.683128 0.000000 0.730298 0.284363 0.284363 0.284363
7476.127930 0.000000 1304.625977 0.000000 0.831856 0.000000 0.554991 0.264342 0.264342 0.264342
7433.361328 0.000000 1353.148804 0.000000 0.776986 0.000000 0.629517 0.286995 0.286995 0.286995
7453.531738 0.000000 1299.984253 0.000000 0.892416 0.000000 0.451214 0.291393 0.291393 0.291393
7864.590820 0.000000 1014.145081 0.000000 0.943837 0.000000 0.330413 0.270547 0.270547 0.270547
7867.649902 0.000000 1015.188171 0.000000 0.892514 0.000000 0.451020 0.291116 0.291116 0.291116
7882.104492 0.000000 1007.325134 0.000000 0.945667 0.000000 0.325137 0.274400 0.274400 0.274400
7879.451660 0.000000 1007.952148 0.000000 0.683283 0.000000 0.730153 0.260622 0.260622 0.260622
7847.451172 0.000000 1031.714233 0.000000 0.744704 0.000000 0.667394 0.221921 0.221921 0.221921
7856.601562 0.000000 1021.561035 0.000000 0.629409 0.000000 0.777074 0.212684 0.212684 0.212684
7857.566406 0.000000 1023.901367 0.000000 0.803615 0.000000 0.595149 0.275600 0.275600 0.275600
7859.249023 0.000000 1021.128967 0.000000 0.884465 0.000000 0.466606 0.250917 0.250917 0.250917
7852.527832 0.000000 1024.702515 0.000000 0.861359 0.000000 0.507996 0.289823 0.289823 0.289823
7843.134277 0.000000 1034.020386 0.000000 0.835945 0.000000 0.548813 0.263398 0.263398 0.263398
8147.123535 0.000000 1095.892456 0.000000 0.638300 0.000000 0.769788 0.238970 0.238970 0.238970
8154.272949 0.000000 1101.286499 0.000000 0.737994 0.000000 0.674808 0.286464 0.286464 0.286464
8153.687012 0.000000 1102.784180 0.000000 0.648982 0.000000 0.760804 0.243215 0.243215 0.243215
7465.028320 0.000000 1382.331787 0.000000 0.940912 0.000000 0.338652 0.244527 0.244527 0.244527
7439.876465 0.000000 1364.073242 0.000000 0.709404 0.000000 0.704802 0.232841 0.232841 0.232841
7443.362793 0.000000 1363.936646 0.000000 0.817959 0.000000 0.575276 0.267128 0.267128 0.267128
7437.156250 0.000000 1364.561401 0.000000 0.909573 0.000000 0.415544 0.291815 0.291815 0.291815
7458.527344 0.000000 1362.732544 0.000000 0.882955 0.000000 0.469457 0.290667 0.290667 0.290667
7437.933594 0.000000 1361.493896 0.000000 0.736060 0.000000 0.676917 0.271917 0.271917 0.271917
7445.351074 0.000000 1362.054077 0.000000 0.683338 0.000000 0.730102 0.276854 0.276854 0.276854
7461.430176 0.000000 1360.092285 0.000000 0.646106 0.000000 0.763247 0.284977 0.284977 0.284977
7442.493652 0.000000 1361.924316 0.000000 0.837900 0.000000 0.545824 0.288973 0.288973 0.288973
7456.928711 0.000000 1371.616211 0.000000 0.622074 0.000000 0.782958 0.283126 0.283126 0.283126
7543.086426 0.000000 1392.241333 0.000000 0.918763 0.000000 0.394810 0.292917 0.292917 0.292917
7512.535645 0.000000 1390.668579 0.000000 0.632373 0.000000 0.774664 0.248548 0.248548 0.248548
7505.509277 0.000000 1382.995483 0.000000 0.789087 0.000000 0.614282 0.257091 0.257091 0.257091
7539.339844 0.000000 1447.398682 0.000000 0.711095 0.000000 0.703096 0.214168 0.214168 0.214168
7557.887695 0.000000 1386.453613 0.000000 0.626843 0.000000 0.779146 0.209042 0.209042 0.209042
7579.848633 0.000000 1409.284180 0.000000 0.605138 0.000000 0.796120 0.282413 0.282413 0.282413
7556.483398 0.000000 1390.054810 0.000000 0.893885 0.000000 0.448297 0.291122 0.291122 0.291122
7558.498535 0.000000 1410.168091 0.000000 0.791720 0.000000 0.610884 0.288359 0.288359 0.288359
7559.945312 0.000000 1408.031006 0.000000 0.944352 0.000000 0.328936 0.293900 0.293900 0.293900
7642.266113 0.000000 1360.383179 0.000000 0.914622 0.000000 0.404310 0.281676 0.281676 0.281676
7558.297363 0.000000 1413.457520 0.000000 0.828106 0.000000 0.560571 0.204095 0.204095 0.204095
7558.675781 0.000000 1414.994507 0.000000 0.718724 0.000000 0.695295 0.286526 0.286526 0.286526
7552.976074 0.000000 1412.629639 0.000000 0.944455 0.000000 0.328640 0.286185 0.286185 0.286185
8029.531738 0.000000 1582.406128 0.000000 0.661732 0.000000 0.749740 0.283811 0.283811 0.283811
"}
object={
	name="rainforest_sparse_generator_2_2"
	clamp_to_water_level=no
	render_under_water=no
	generated_content=yes
	layer="semidynamic_medium"
	pdxmesh="tree_rainforest_004_mesh"
	count=409
	transform="2425.560059 0.000000 1236.815918 0.000000 0.962829 0.000000 -0.270111 0.278096 0.278096 0.278096
2420.960205 0.000000 1236.230957 0.000000 0.990225 0.000000 -0.139482 0.302673 0.302673 0.302673
2418.359863 0.000000 1237.919067 0.000000 0.972023 0.000000 0.234886 0.264878 0.264878 0.264878
2432.956543 0.000000 1227.291748 0.000000 0.951744 0.000000 0.306894 0.212278 0.212278 0.212278
2447.150635 0.000000 1239.782837 0.000000 0.978146 0.000000 0.207920 0.224667 0.224667 0.224667
2434.930908 0.000000 1217.646606 0.000000 0.993849 0.000000 0.110741 0.259379 0.259379 0.259379
2439.856445 0.000000 1230.853516 0.000000 0.989221 0.000000 0.146427 0.231326 0.231326 0.231326
2435.459473 0.000000 1222.688110 0.000000 0.988326 0.000000 -0.152352 0.258736 0.258736 0.258736
2253.842285 0.000000 1689.524658 0.000000 0.962816 0.000000 -0.270159 0.305225 0.305225 0.305225
2250.837402 0.000000 1689.655029 0.000000 0.995355 0.000000 -0.096268 0.238811 0.238811 0.238811
2254.515625 0.000000 1687.993530 0.000000 0.976627 0.000000 0.214942 0.260777 0.260777 0.260777
2255.887695 0.000000 1685.784180 0.000000 0.954440 0.000000 -0.298404 0.305220 0.305220 0.305220
2254.955566 0.000000 1690.339111 0.000000 0.954480 0.000000 0.298275 0.268324 0.268324 0.268324
2162.026855 0.000000 1787.099854 0.000000 0.999882 0.000000 0.015379 0.299706 0.299706 0.299706
2175.538818 0.000000 1765.500854 0.000000 0.995431 0.000000 0.095487 0.247371 0.247371 0.247371
2154.991455 0.000000 1806.394531 0.000000 0.993097 0.000000 0.117293 0.297755 0.297755 0.297755
2201.412842 0.000000 1734.642700 0.000000 0.994591 0.000000 0.103873 0.230639 0.230639 0.230639
2193.270264 0.000000 1745.348877 0.000000 0.973636 0.000000 0.228108 0.286788 0.286788 0.286788
2190.515625 0.000000 1744.477905 0.000000 0.991235 0.000000 -0.132110 0.293169 0.293169 0.293169
2195.485352 0.000000 1743.500732 0.000000 0.953721 0.000000 0.300693 0.258542 0.258542 0.258542
2262.295166 0.000000 1702.004395 0.000000 0.977438 0.000000 0.211221 0.224087 0.224087 0.224087
2247.854248 0.000000 1705.279297 0.000000 0.982459 0.000000 0.186481 0.296418 0.296418 0.296418
2261.720947 0.000000 1706.703979 0.000000 0.998139 0.000000 0.060973 0.298835 0.298835 0.298835
2245.125244 0.000000 1707.262329 0.000000 0.999742 0.000000 0.022700 0.299566 0.299566 0.299566
2259.069824 0.000000 1699.559692 0.000000 0.962462 0.000000 -0.271418 0.283893 0.283893 0.283893
2269.330322 0.000000 1710.638428 0.000000 0.999899 0.000000 -0.014208 0.300271 0.300271 0.300271
2260.914795 0.000000 1702.253174 0.000000 0.998043 0.000000 0.062528 0.259992 0.259992 0.259992
2176.520752 0.000000 1770.785645 0.000000 0.998156 0.000000 -0.060704 0.275088 0.275088 0.275088
2179.807373 0.000000 1758.817505 0.000000 0.986224 0.000000 -0.165413 0.303174 0.303174 0.303174
2184.825684 0.000000 1785.524658 0.000000 0.992582 0.000000 -0.121576 0.270842 0.270842 0.270842
2179.585205 0.000000 1770.608887 0.000000 0.971957 0.000000 0.235159 0.295466 0.295466 0.295466
2182.787354 0.000000 1755.907104 0.000000 0.996516 0.000000 0.083397 0.298405 0.298405 0.298405
2326.697754 0.000000 1684.565552 0.000000 0.999994 0.000000 0.003405 0.213698 0.213698 0.213698
2329.450195 0.000000 1685.743652 0.000000 0.994391 0.000000 0.105763 0.207866 0.207866 0.207866
2326.371582 0.000000 1690.872925 0.000000 0.993704 0.000000 -0.112035 0.271846 0.271846 0.271846
2329.614014 0.000000 1689.782593 0.000000 0.966693 0.000000 0.255937 0.295503 0.295503 0.295503
2319.887695 0.000000 1685.784180 0.000000 0.971133 0.000000 -0.238540 0.272457 0.272457 0.272457
2318.121338 0.000000 1696.549683 0.000000 0.998897 0.000000 0.046964 0.233426 0.233426 0.233426
2319.288574 0.000000 1709.069214 0.000000 0.999785 0.000000 0.020716 0.244310 0.244310 0.244310
2411.041992 0.000000 1714.610107 0.000000 0.999351 0.000000 -0.036013 0.275301 0.275301 0.275301
1774.967163 0.000000 1935.845581 0.000000 0.986889 0.000000 0.161399 0.213511 0.213511 0.213511
1771.041992 0.000000 1940.547607 0.000000 0.953975 0.000000 -0.299887 0.264641 0.264641 0.264641
1819.981201 0.000000 1907.926147 0.000000 0.998880 0.000000 0.047314 0.236211 0.236211 0.236211
1836.260864 0.000000 1904.917725 0.000000 0.993854 0.000000 -0.110698 0.302119 0.302119 0.302119
1836.932007 0.000000 1901.172974 0.000000 0.977829 0.000000 0.209407 0.296042 0.296042 0.296042
1912.579102 0.000000 1913.146729 0.000000 0.972341 0.000000 -0.233565 0.201648 0.201648 0.201648
1858.873169 0.000000 1890.274658 0.000000 0.992599 0.000000 -0.121439 0.209622 0.209622 0.209622
1914.542236 0.000000 1913.155396 0.000000 0.998611 0.000000 0.052680 0.240615 0.240615 0.240615
1918.566406 0.000000 1919.613037 0.000000 0.970309 0.000000 0.241868 0.295334 0.295334 0.295334
1943.245850 0.000000 1919.644897 0.000000 0.974014 0.000000 0.226488 0.221748 0.221748 0.221748
1947.848511 0.000000 1917.643555 0.000000 0.973732 0.000000 0.227698 0.295974 0.295974 0.295974
1947.020386 0.000000 1912.192627 0.000000 0.967445 0.000000 -0.253081 0.283613 0.283613 0.283613
1947.966187 0.000000 1913.253540 0.000000 0.958791 0.000000 -0.284111 0.284088 0.284088 0.284088
2039.033203 0.000000 1902.432251 0.000000 0.953086 0.000000 -0.302700 0.208182 0.208182 0.208182
2039.635620 0.000000 1896.267822 0.000000 0.999931 0.000000 -0.011787 0.300225 0.300225 0.300225
1907.232544 0.000000 1939.822632 0.000000 0.995393 0.000000 -0.095879 0.301755 0.301755 0.301755
1904.528931 0.000000 1941.349731 0.000000 0.991217 0.000000 -0.132246 0.259623 0.259623 0.259623
1898.833130 0.000000 1944.701538 0.000000 0.994908 0.000000 -0.100784 0.275090 0.275090 0.275090
1909.702759 0.000000 1938.305664 0.000000 0.986546 0.000000 -0.163485 0.303124 0.303124 0.303124
1899.860962 0.000000 1945.774780 0.000000 0.996690 0.000000 0.081296 0.272524 0.272524 0.272524
1895.114014 0.000000 1950.923584 0.000000 0.978325 0.000000 -0.207074 0.303984 0.303984 0.303984
1875.958252 0.000000 1983.665649 0.000000 0.996207 0.000000 0.087010 0.213573 0.213573 0.213573
1875.362671 0.000000 1985.264771 0.000000 0.956934 0.000000 0.290306 0.244563 0.244563 0.244563
1879.808105 0.000000 1981.786865 0.000000 0.951654 0.000000 -0.307171 0.246236 0.246236 0.246236
1870.923096 0.000000 2007.173828 0.000000 0.977203 0.000000 0.212305 0.252599 0.252599 0.252599
2038.755981 0.000000 1946.564209 0.000000 0.971133 0.000000 -0.238539 0.204256 0.204256 0.204256
2023.451416 0.000000 1935.464233 0.000000 0.960456 0.000000 0.278432 0.214709 0.214709 0.214709
2039.633301 0.000000 1939.186646 0.000000 0.998355 0.000000 -0.057328 0.227706 0.227706 0.227706
1991.352905 0.000000 1933.170044 0.000000 0.994196 0.000000 0.107584 0.269938 0.269938 0.269938
2025.112671 0.000000 1930.906494 0.000000 0.960791 0.000000 0.277273 0.294634 0.294634 0.294634
2038.485107 0.000000 1960.171631 0.000000 0.997711 0.000000 0.067628 0.298707 0.298707 0.298707
2040.508789 0.000000 1961.911499 0.000000 0.958706 0.000000 0.284400 0.281526 0.281526 0.281526
2044.446655 0.000000 1981.211060 0.000000 0.985966 0.000000 -0.166948 0.297737 0.297737 0.297737
2045.398315 0.000000 1978.814941 0.000000 0.994655 0.000000 0.103259 0.259474 0.259474 0.259474
1850.989014 0.000000 2067.071533 0.000000 0.999850 0.000000 -0.017338 0.202085 0.202085 0.202085
1853.407227 0.000000 2070.821045 0.000000 0.982710 0.000000 0.185150 0.235891 0.235891 0.235891
1856.065918 0.000000 2039.474731 0.000000 0.962528 0.000000 -0.271181 0.251585 0.251585 0.251585
1982.188843 0.000000 2217.965332 0.000000 0.990413 0.000000 0.138140 0.226984 0.226984 0.226984
1981.121704 0.000000 2219.115723 0.000000 0.993011 0.000000 -0.118022 0.255476 0.255476 0.255476
1949.555054 0.000000 2210.863770 0.000000 0.975488 0.000000 -0.220054 0.298634 0.298634 0.298634
2029.790894 0.000000 2216.228760 0.000000 0.986049 0.000000 -0.166457 0.201111 0.201111 0.201111
2006.295044 0.000000 2210.363770 0.000000 0.992627 0.000000 0.121210 0.234345 0.234345 0.234345
2029.664185 0.000000 2209.886230 0.000000 0.978053 0.000000 0.208357 0.221915 0.221915 0.221915
1986.200317 0.000000 2219.509766 0.000000 0.981732 0.000000 0.190268 0.252871 0.252871 0.252871
2020.916992 0.000000 2254.631836 0.000000 0.997469 0.000000 -0.071102 0.249269 0.249269 0.249269
2045.407227 0.000000 2240.274170 0.000000 0.997462 0.000000 0.071198 0.247648 0.247648 0.247648
2016.706299 0.000000 2207.039795 0.000000 0.999632 0.000000 -0.027121 0.239780 0.239780 0.239780
2019.246582 0.000000 2249.309082 0.000000 0.990778 0.000000 0.135498 0.279478 0.279478 0.279478
1993.291260 0.000000 2219.683838 0.000000 0.988794 0.000000 -0.149285 0.263251 0.263251 0.263251
2009.317871 0.000000 2210.150879 0.000000 0.975482 0.000000 0.220080 0.245934 0.245934 0.245934
2043.155518 0.000000 2231.340820 0.000000 0.999725 0.000000 0.023460 0.263281 0.263281 0.263281
2045.768066 0.000000 2230.088867 0.000000 0.980976 0.000000 -0.194131 0.274129 0.274129 0.274129
2003.231201 0.000000 2262.064697 0.000000 0.998350 0.000000 -0.057421 0.291961 0.291961 0.291961
2165.008789 0.000000 1851.721802 0.000000 0.992914 0.000000 -0.118833 0.206773 0.206773 0.206773
2171.123047 0.000000 1846.926270 0.000000 0.999044 0.000000 -0.043705 0.278226 0.278226 0.278226
2165.819092 0.000000 1816.125732 0.000000 0.991209 0.000000 0.132303 0.297709 0.297709 0.297709
2154.998291 0.000000 1844.166992 0.000000 0.997231 0.000000 -0.074366 0.280932 0.280932 0.280932
2162.837158 0.000000 1849.176270 0.000000 0.955883 0.000000 -0.293747 0.305404 0.305404 0.305404
2167.127441 0.000000 1816.435181 0.000000 0.969551 0.000000 -0.244891 0.304419 0.304419 0.304419
2081.773193 0.000000 1919.409790 0.000000 0.989876 0.000000 0.141937 0.297360 0.297360 0.297360
2182.677002 0.000000 1832.750122 0.000000 0.986584 0.000000 0.163254 0.244940 0.244940 0.244940
2178.422363 0.000000 1820.566284 0.000000 0.970673 0.000000 -0.240405 0.304637 0.304637 0.304637
2072.941406 0.000000 1970.696411 0.000000 0.999565 0.000000 0.029483 0.299437 0.299437 0.299437
2060.416504 0.000000 1962.386719 0.000000 0.999766 0.000000 -0.021651 0.300414 0.300414 0.300414
2093.746338 0.000000 1940.604736 0.000000 0.994727 0.000000 -0.102560 0.301962 0.301962 0.301962
2065.633057 0.000000 1969.297607 0.000000 0.996583 0.000000 -0.082595 0.230200 0.230200 0.230200
2050.930908 0.000000 1951.943481 0.000000 0.966885 0.000000 -0.255212 0.304755 0.304755 0.304755
2064.417480 0.000000 1966.339722 0.000000 0.992176 0.000000 -0.124849 0.301014 0.301014 0.301014
2049.717041 0.000000 1964.913940 0.000000 0.999866 0.000000 -0.016373 0.265481 0.265481 0.265481
2080.238770 0.000000 1974.007202 0.000000 0.970496 0.000000 0.241117 0.295349 0.295349 0.295349
2092.112549 0.000000 1974.523193 0.000000 0.992622 0.000000 0.121247 0.269748 0.269748 0.269748
2070.478516 0.000000 1968.375244 0.000000 0.981443 0.000000 0.191752 0.296315 0.296315 0.296315
2086.915771 0.000000 1976.416504 0.000000 0.987982 0.000000 -0.154570 0.302964 0.302964 0.302964
2069.857178 0.000000 1970.055908 0.000000 0.973983 0.000000 0.226622 0.285723 0.285723 0.285723
2070.003418 0.000000 1990.655518 0.000000 0.994063 0.000000 -0.108802 0.200743 0.200743 0.200743
2080.666016 0.000000 1977.592041 0.000000 0.999914 0.000000 -0.013146 0.262634 0.262634 0.262634
2088.327148 0.000000 1999.224976 0.000000 0.959003 0.000000 -0.283397 0.241359 0.241359 0.241359
2072.548584 0.000000 1979.010132 0.000000 0.981285 0.000000 -0.192562 0.264954 0.264954 0.264954
2101.692383 0.000000 1988.688110 0.000000 0.999995 0.000000 -0.003122 0.300060 0.300060 0.300060
2093.137695 0.000000 1992.013184 0.000000 0.993267 0.000000 0.115849 0.284195 0.284195 0.284195
2057.760254 0.000000 1985.654785 0.000000 0.999011 0.000000 0.044462 0.299151 0.299151 0.299151
2054.925537 0.000000 1985.050293 0.000000 0.997682 0.000000 0.068052 0.242120 0.242120 0.242120
2101.702881 0.000000 1994.790039 0.000000 0.989894 0.000000 -0.141808 0.302718 0.302718 0.302718
2102.458008 0.000000 1989.862549 0.000000 0.967404 0.000000 0.253237 0.295110 0.295110 0.295110
2091.041992 0.000000 1997.031982 0.000000 0.959496 0.000000 -0.281720 0.305454 0.305454 0.305454
2095.419678 0.000000 1999.607544 0.000000 0.994501 0.000000 -0.104727 0.280248 0.280248 0.280248
2256.782227 0.000000 2091.630859 0.000000 0.967508 0.000000 0.252841 0.270616 0.270616 0.270616
2049.439453 0.000000 2227.270020 0.000000 0.955382 0.000000 0.295372 0.228186 0.228186 0.228186
2059.567871 0.000000 2243.043945 0.000000 0.996237 0.000000 -0.086666 0.220076 0.220076 0.220076
2054.067139 0.000000 2236.026123 0.000000 0.997935 0.000000 -0.064228 0.238479 0.238479 0.238479
2082.170654 0.000000 2231.248047 0.000000 0.991158 0.000000 0.132690 0.281175 0.281175 0.281175
2054.677002 0.000000 2228.140869 0.000000 0.975836 0.000000 -0.218502 0.267015 0.267015 0.267015
2108.552490 0.000000 2232.309814 0.000000 0.995344 0.000000 0.096382 0.260671 0.260671 0.260671
2160.446289 0.000000 2213.721436 0.000000 0.987724 0.000000 0.156208 0.199178 0.199178 0.199178
2115.928711 0.000000 2233.022461 0.000000 0.965534 0.000000 0.260278 0.221433 0.221433 0.221433
2161.818848 0.000000 2229.638428 0.000000 0.973395 0.000000 -0.229133 0.238485 0.238485 0.238485
2163.232666 0.000000 2222.244629 0.000000 0.981839 0.000000 0.189714 0.279203 0.279203 0.279203
2137.702148 0.000000 2228.332764 0.000000 0.999437 0.000000 -0.033560 0.300596 0.300596 0.300596
2124.962891 0.000000 2233.011230 0.000000 0.998841 0.000000 0.048127 0.274106 0.274106 0.274106
2135.405273 0.000000 2232.259766 0.000000 0.999122 0.000000 0.041900 0.288690 0.288690 0.288690
2134.790283 0.000000 2229.419434 0.000000 0.999803 0.000000 0.019865 0.252147 0.252147 0.252147
2112.049316 0.000000 2233.588867 0.000000 0.977180 0.000000 0.212413 0.281586 0.281586 0.281586
2122.621582 0.000000 2230.106689 0.000000 0.998041 0.000000 0.062563 0.278907 0.278907 0.278907
2188.302734 0.000000 2223.289062 0.000000 0.999044 0.000000 -0.043715 0.300830 0.300830 0.300830
7392.693359 0.000000 616.832031 0.000000 0.976041 0.000000 -0.217585 0.206952 0.206952 0.206952
7420.341309 0.000000 618.011597 0.000000 0.988786 0.000000 -0.149340 0.216080 0.216080 0.216080
7416.531250 0.000000 620.304688 0.000000 0.967315 0.000000 0.253578 0.255903 0.255903 0.255903
7421.048828 0.000000 660.593445 0.000000 0.986838 0.000000 -0.161715 0.220160 0.220160 0.220160
7396.916992 0.000000 673.069336 0.000000 0.987526 0.000000 0.157456 0.269793 0.269793 0.269793
7399.815430 0.000000 630.881836 0.000000 0.976895 0.000000 0.213718 0.228456 0.228456 0.228456
7414.224609 0.000000 636.506897 0.000000 0.988712 0.000000 -0.149825 0.292316 0.292316 0.292316
7416.531250 0.000000 676.789062 0.000000 0.981436 0.000000 0.191791 0.269857 0.269857 0.269857
7412.032715 0.000000 677.091614 0.000000 0.990724 0.000000 -0.135890 0.265921 0.265921 0.265921
7418.078125 0.000000 650.600769 0.000000 0.999949 0.000000 -0.010086 0.292881 0.292881 0.292881
7427.898438 0.000000 617.600403 0.000000 0.999961 0.000000 0.008813 0.211415 0.211415 0.211415
7471.961914 0.000000 620.103638 0.000000 0.994661 0.000000 -0.103194 0.216828 0.216828 0.216828
7431.561523 0.000000 615.817627 0.000000 0.999997 0.000000 0.002598 0.212024 0.212024 0.212024
7470.877930 0.000000 618.267212 0.000000 0.976800 0.000000 -0.214152 0.227471 0.227471 0.227471
7454.384766 0.000000 606.438416 0.000000 0.990057 0.000000 0.140664 0.297305 0.297305 0.297305
7429.147461 0.000000 618.832947 0.000000 0.996923 0.000000 -0.078382 0.256694 0.256694 0.256694
7473.522949 0.000000 619.515564 0.000000 0.951292 0.000000 -0.308293 0.305985 0.305985 0.305985
7427.034668 0.000000 619.002075 0.000000 0.999271 0.000000 -0.038183 0.285461 0.285461 0.285461
7454.635254 0.000000 609.407043 0.000000 0.981099 0.000000 0.193508 0.296573 0.296573 0.296573
7472.143066 0.000000 617.260315 0.000000 0.996016 0.000000 -0.089173 0.301535 0.301535 0.301535
7433.808594 0.000000 587.202026 0.000000 0.984367 0.000000 0.176132 0.284897 0.284897 0.284897
7424.313965 0.000000 614.585815 0.000000 0.969540 0.000000 0.244932 0.295274 0.295274 0.295274
7431.944824 0.000000 592.782104 0.000000 0.993367 0.000000 -0.114989 0.302175 0.302175 0.302175
7430.455566 0.000000 592.748962 0.000000 0.995893 0.000000 -0.090537 0.301711 0.301711 0.301711
7430.676758 0.000000 590.093933 0.000000 0.998174 0.000000 0.060398 0.298846 0.298846 0.298846
7472.308105 0.000000 618.707520 0.000000 0.968458 0.000000 -0.249176 0.304810 0.304810 0.304810
7453.439453 0.000000 611.730469 0.000000 0.984758 0.000000 -0.173928 0.303339 0.303339 0.303339
7450.960938 0.000000 601.132141 0.000000 0.996235 0.000000 -0.086688 0.301658 0.301658 0.301658
7487.412109 0.000000 617.691895 0.000000 0.990376 0.000000 -0.138402 0.302652 0.302652 0.302652
7503.150391 0.000000 618.454773 0.000000 0.995545 0.000000 0.094286 0.222402 0.222402 0.222402
7489.867188 0.000000 621.046814 0.000000 0.957073 0.000000 0.289846 0.271156 0.271156 0.271156
7502.955566 0.000000 617.135925 0.000000 0.994747 0.000000 -0.102363 0.271713 0.271713 0.271713
7441.040527 0.000000 673.863586 0.000000 0.978763 0.000000 0.204993 0.225245 0.225245 0.225245
7439.104492 0.000000 626.180237 0.000000 0.993811 0.000000 0.111083 0.297895 0.297895 0.297895
7477.692383 0.000000 633.063110 0.000000 0.995228 0.000000 -0.097580 0.242218 0.242218 0.242218
7439.876465 0.000000 629.776367 0.000000 0.991982 0.000000 0.126381 0.250888 0.250888 0.250888
7436.623047 0.000000 644.959717 0.000000 0.998837 0.000000 -0.048205 0.254075 0.254075 0.254075
7434.685059 0.000000 623.291382 0.000000 0.989127 0.000000 -0.147065 0.300826 0.300826 0.300826
7431.773438 0.000000 621.875122 0.000000 0.995806 0.000000 -0.091490 0.266470 0.266470 0.266470
7458.940430 0.000000 631.414490 0.000000 0.996129 0.000000 0.087905 0.269657 0.269657 0.269657
7458.717285 0.000000 646.691162 0.000000 0.959985 0.000000 0.280050 0.246317 0.246317 0.246317
7443.869141 0.000000 672.647766 0.000000 0.999253 0.000000 -0.038650 0.276464 0.276464 0.276464
7437.933594 0.000000 627.197021 0.000000 0.999685 0.000000 -0.025107 0.247060 0.247060 0.247060
7440.417480 0.000000 667.199158 0.000000 0.998274 0.000000 -0.058725 0.301109 0.301109 0.301109
7446.076660 0.000000 663.113953 0.000000 0.984199 0.000000 -0.177068 0.253337 0.253337 0.253337
7466.488281 0.000000 622.576294 0.000000 0.999016 0.000000 0.044351 0.299153 0.299153 0.299153
7480.429688 0.000000 658.523560 0.000000 0.954685 0.000000 0.297617 0.289951 0.289951 0.289951
7455.819336 0.000000 654.063904 0.000000 0.973359 0.000000 0.229286 0.295582 0.295582 0.295582
7425.161133 0.000000 660.608276 0.000000 0.956026 0.000000 0.293283 0.264063 0.264063 0.264063
7503.814941 0.000000 641.960083 0.000000 0.999500 0.000000 0.031629 0.238605 0.238605 0.238605
7518.899414 0.000000 674.189941 0.000000 0.999267 0.000000 -0.038270 0.241022 0.241022 0.241022
7496.084473 0.000000 636.963074 0.000000 0.999159 0.000000 -0.040998 0.300783 0.300783 0.300783
7503.104492 0.000000 626.180237 0.000000 0.989969 0.000000 0.141282 0.297452 0.297452 0.297452
7497.625488 0.000000 631.552979 0.000000 0.993649 0.000000 -0.112522 0.302154 0.302154 0.302154
7506.442871 0.000000 637.707214 0.000000 0.977006 0.000000 -0.213212 0.304104 0.304104 0.304104
7494.638672 0.000000 630.881042 0.000000 0.986249 0.000000 -0.165267 0.263457 0.263457 0.263457
7495.353027 0.000000 634.029419 0.000000 0.970345 0.000000 0.241725 0.284932 0.284932 0.284932
7511.875000 0.000000 653.403931 0.000000 0.979104 0.000000 0.203361 0.237347 0.237347 0.237347
7509.721191 0.000000 633.500854 0.000000 0.993732 0.000000 -0.111788 0.302093 0.302093 0.302093
7501.791016 0.000000 621.380798 0.000000 0.995911 0.000000 -0.090340 0.245532 0.245532 0.245532
7497.455566 0.000000 626.095154 0.000000 0.993038 0.000000 -0.117794 0.258309 0.258309 0.258309
7506.551758 0.000000 633.220703 0.000000 0.998694 0.000000 0.051093 0.299093 0.299093 0.299093
7515.274902 0.000000 663.948059 0.000000 0.996950 0.000000 0.078042 0.295883 0.295883 0.295883
7397.573730 0.000000 689.316772 0.000000 0.986082 0.000000 -0.166258 0.302940 0.302940 0.302940
7397.195312 0.000000 686.404846 0.000000 0.981912 0.000000 0.189339 0.296362 0.296362 0.296362
7403.860840 0.000000 703.118530 0.000000 0.988898 0.000000 -0.148599 0.302664 0.302664 0.302664
7409.868164 0.000000 682.253540 0.000000 0.969719 0.000000 0.244222 0.283260 0.283260 0.283260
7458.074219 0.000000 683.332275 0.000000 0.977359 0.000000 -0.211589 0.201405 0.201405 0.201405
7461.382812 0.000000 705.394531 0.000000 0.999998 0.000000 0.002174 0.216508 0.216508 0.216508
7424.942871 0.000000 680.961914 0.000000 0.999486 0.000000 -0.032070 0.276370 0.276370 0.276370
7461.430176 0.000000 682.279785 0.000000 0.998886 0.000000 0.047185 0.284706 0.284706 0.284706
7524.590332 0.000000 687.819153 0.000000 0.989166 0.000000 0.146801 0.199011 0.199011 0.199011
7546.541992 0.000000 726.983521 0.000000 0.995257 0.000000 -0.097283 0.230906 0.230906 0.230906
7544.590820 0.000000 731.723206 0.000000 0.964221 0.000000 -0.265100 0.279755 0.279755 0.279755
7530.288086 0.000000 708.494751 0.000000 0.971429 0.000000 0.237331 0.295424 0.295424 0.295424
7525.573730 0.000000 689.316772 0.000000 0.990838 0.000000 -0.135059 0.241485 0.241485 0.241485
7535.049805 0.000000 707.022461 0.000000 0.974421 0.000000 0.224729 0.295849 0.295849 0.295849
7518.429688 0.000000 702.987488 0.000000 0.991557 0.000000 -0.129675 0.245399 0.245399 0.245399
7536.720703 0.000000 707.856262 0.000000 0.963532 0.000000 0.267594 0.294826 0.294826 0.294826
7529.913086 0.000000 695.207275 0.000000 0.998773 0.000000 0.049516 0.285227 0.285227 0.285227
7518.239746 0.000000 725.994324 0.000000 0.971830 0.000000 0.235684 0.263776 0.263776 0.263776
7514.266113 0.000000 682.570618 0.000000 0.993426 0.000000 0.114479 0.297809 0.297809 0.297809
7533.534668 0.000000 712.833984 0.000000 0.964868 0.000000 0.262734 0.293263 0.293263 0.293263
7482.464844 0.000000 770.584290 0.000000 0.986249 0.000000 -0.165266 0.303171 0.303171 0.303171
7487.198730 0.000000 769.316956 0.000000 0.999712 0.000000 -0.024014 0.254349 0.254349 0.254349
7474.837402 0.000000 775.973083 0.000000 0.973830 0.000000 0.227276 0.251867 0.251867 0.251867
7485.805664 0.000000 769.943298 0.000000 0.967770 0.000000 0.251834 0.295138 0.295138 0.295138
7484.529297 0.000000 767.730347 0.000000 0.995241 0.000000 0.097445 0.248458 0.248458 0.248458
7495.852051 0.000000 771.474365 0.000000 0.994982 0.000000 -0.100058 0.207762 0.207762 0.207762
7497.040527 0.000000 775.821472 0.000000 0.999743 0.000000 -0.022657 0.234119 0.234119 0.234119
7538.757324 0.000000 735.645081 0.000000 0.954956 0.000000 0.296747 0.294246 0.294246 0.294246
7548.241699 0.000000 745.039307 0.000000 0.977768 0.000000 0.209689 0.271243 0.271243 0.271243
7552.013672 0.000000 738.819641 0.000000 0.975110 0.000000 -0.221722 0.235547 0.235547 0.235547
7554.931152 0.000000 765.771606 0.000000 0.991516 0.000000 0.129988 0.244211 0.244211 0.244211
7554.702148 0.000000 739.459595 0.000000 0.963524 0.000000 0.267624 0.276914 0.276914 0.276914
7573.261719 0.000000 781.457703 0.000000 0.987544 0.000000 -0.157342 0.297576 0.297576 0.297576
7563.164062 0.000000 770.851990 0.000000 0.958985 0.000000 0.283457 0.273418 0.273418 0.273418
7561.808594 0.000000 756.655151 0.000000 0.957706 0.000000 0.287750 0.259259 0.259259 0.259259
7558.676758 0.000000 759.547058 0.000000 0.995757 0.000000 0.092022 0.298413 0.298413 0.298413
7569.384766 0.000000 765.502258 0.000000 0.999190 0.000000 -0.040249 0.300769 0.300769 0.300769
7560.569824 0.000000 790.233826 0.000000 0.999061 0.000000 0.043337 0.250197 0.250197 0.250197
7575.770020 0.000000 779.854492 0.000000 0.956119 0.000000 0.292978 0.294889 0.294889 0.294889
7571.671875 0.000000 763.031677 0.000000 0.977806 0.000000 0.209513 0.278353 0.278353 0.278353
7478.250977 0.000000 818.544556 0.000000 0.965087 0.000000 -0.261929 0.249175 0.249175 0.249175
7479.635742 0.000000 823.064697 0.000000 0.999527 0.000000 0.030764 0.284401 0.284401 0.284401
7567.150391 0.000000 844.392273 0.000000 0.979764 0.000000 -0.200155 0.241039 0.241039 0.241039
7577.662598 0.000000 813.576538 0.000000 0.971502 0.000000 0.237031 0.295743 0.295743 0.295743
7576.543945 0.000000 805.282593 0.000000 0.969233 0.000000 0.246146 0.295250 0.295250 0.295250
7586.905762 0.000000 826.162231 0.000000 0.999792 0.000000 0.020391 0.287355 0.287355 0.287355
7569.384766 0.000000 821.986633 0.000000 0.981501 0.000000 0.191459 0.289578 0.289578 0.289578
7571.367188 0.000000 820.788574 0.000000 0.960540 0.000000 0.278143 0.249060 0.249060 0.249060
7570.752930 0.000000 837.135376 0.000000 0.998636 0.000000 0.052211 0.299002 0.299002 0.299002
7561.044434 0.000000 793.982605 0.000000 0.999533 0.000000 -0.030557 0.269040 0.269040 0.269040
7566.955566 0.000000 843.073425 0.000000 0.997805 0.000000 -0.066228 0.275167 0.275167 0.275167
7579.980957 0.000000 891.207336 0.000000 0.999395 0.000000 -0.034792 0.281471 0.281471 0.281471
7557.392090 0.000000 897.005432 0.000000 0.994202 0.000000 0.107524 0.297942 0.297942 0.297942
7589.877441 0.000000 847.319580 0.000000 0.964451 0.000000 -0.264261 0.305088 0.305088 0.305088
7587.259766 0.000000 849.830017 0.000000 0.983554 0.000000 -0.180612 0.303468 0.303468 0.303468
7413.913086 0.000000 1120.877075 0.000000 0.963874 0.000000 -0.266358 0.304634 0.304634 0.304634
7413.819336 0.000000 1081.828857 0.000000 0.994897 0.000000 0.100893 0.262829 0.262829 0.262829
7408.143066 0.000000 1125.619751 0.000000 0.996332 0.000000 0.085574 0.269134 0.269134 0.269134
7412.127930 0.000000 1078.688477 0.000000 0.979033 0.000000 -0.203701 0.303918 0.303918 0.303918
7411.251465 0.000000 1122.367188 0.000000 0.999995 0.000000 0.003129 0.299940 0.299940 0.299940
7463.682617 0.000000 952.000977 0.000000 0.957931 0.000000 -0.286998 0.288187 0.288187 0.288187
7540.127930 0.000000 921.632446 0.000000 0.981167 0.000000 -0.193162 0.214168 0.214168 0.214168
7531.631348 0.000000 947.299927 0.000000 0.984172 0.000000 0.177216 0.237626 0.237626 0.237626
7544.204590 0.000000 914.010864 0.000000 0.996823 0.000000 0.079645 0.244773 0.244773 0.244773
7537.404785 0.000000 923.208130 0.000000 0.990559 0.000000 0.137091 0.244684 0.244684 0.244684
7536.528809 0.000000 924.630981 0.000000 0.993658 0.000000 0.112442 0.241638 0.241638 0.241638
7523.246582 0.000000 950.168396 0.000000 0.971365 0.000000 0.237591 0.295419 0.295419 0.295419
7538.026855 0.000000 939.834167 0.000000 0.983486 0.000000 0.180983 0.268913 0.268913 0.268913
7530.445312 0.000000 942.605896 0.000000 0.993820 0.000000 0.111003 0.297876 0.297876 0.297876
7517.699219 0.000000 959.353455 0.000000 0.999945 0.000000 0.010530 0.299799 0.299799 0.299799
7527.334473 0.000000 943.508301 0.000000 0.994741 0.000000 0.102422 0.298160 0.298160 0.298160
7550.128906 0.000000 910.610535 0.000000 0.972243 0.000000 0.233972 0.295896 0.295896 0.295896
7483.742676 0.000000 997.911377 0.000000 0.951618 0.000000 -0.307283 0.204771 0.204771 0.204771
7473.566406 0.000000 967.416992 0.000000 0.986756 0.000000 -0.162213 0.239498 0.239498 0.239498
7472.143066 0.000000 1012.650940 0.000000 0.974815 0.000000 -0.223016 0.303916 0.303916 0.303916
7470.419434 0.000000 1015.948303 0.000000 0.961117 0.000000 -0.276141 0.278763 0.278763 0.278763
7488.164062 0.000000 1016.573425 0.000000 0.994709 0.000000 0.102736 0.213443 0.213443 0.213443
7524.762207 0.000000 981.739502 0.000000 0.992125 0.000000 -0.125249 0.224376 0.224376 0.224376
7519.070801 0.000000 980.891602 0.000000 0.998381 0.000000 -0.056876 0.290824 0.290824 0.290824
7533.450195 0.000000 962.753845 0.000000 0.962008 0.000000 0.273023 0.295019 0.295019 0.295019
7514.472168 0.000000 963.468018 0.000000 0.957783 0.000000 0.287493 0.294431 0.294431 0.294431
7503.615723 0.000000 988.988770 0.000000 0.973808 0.000000 0.227371 0.295705 0.295705 0.295705
7518.747070 0.000000 961.822388 0.000000 0.999832 0.000000 -0.018345 0.266069 0.266069 0.266069
7496.168945 0.000000 996.010071 0.000000 0.970811 0.000000 0.239846 0.257717 0.257717 0.257717
7517.169434 0.000000 963.833984 0.000000 0.994218 0.000000 -0.107380 0.301922 0.301922 0.301922
7520.928711 0.000000 976.225586 0.000000 0.957876 0.000000 0.287181 0.294437 0.294437 0.294437
7508.915039 0.000000 967.956299 0.000000 0.969762 0.000000 -0.244053 0.258733 0.258733 0.258733
7501.583496 0.000000 993.003296 0.000000 0.999002 0.000000 -0.044670 0.275988 0.275988 0.275988
7516.146484 0.000000 961.594971 0.000000 0.980053 0.000000 0.198735 0.296179 0.296179 0.296179
7569.653320 0.000000 912.219421 0.000000 0.999948 0.000000 -0.010227 0.205959 0.205959 0.205959
7557.380859 0.000000 903.908020 0.000000 0.994016 0.000000 -0.109239 0.301894 0.301894 0.301894
7553.273926 0.000000 931.269775 0.000000 0.986354 0.000000 0.164640 0.268042 0.268042 0.268042
7562.271484 0.000000 932.851807 0.000000 0.998715 0.000000 0.050682 0.299032 0.299032 0.299032
7552.022461 0.000000 939.456787 0.000000 0.967323 0.000000 -0.253547 0.260003 0.260003 0.260003
7553.161133 0.000000 943.030151 0.000000 0.999050 0.000000 -0.043568 0.300832 0.300832 0.300832
7481.532715 0.000000 1031.693359 0.000000 0.995985 0.000000 -0.089521 0.210504 0.210504 0.210504
7455.070801 0.000000 1037.375977 0.000000 0.960683 0.000000 0.277648 0.230547 0.230547 0.230547
7479.988281 0.000000 1032.342041 0.000000 0.983035 0.000000 -0.183419 0.303461 0.303461 0.303461
7477.819336 0.000000 1025.344482 0.000000 0.996868 0.000000 -0.079080 0.280436 0.280436 0.280436
7424.313965 0.000000 1066.460815 0.000000 0.994681 0.000000 -0.103005 0.285892 0.285892 0.285892
7445.357910 0.000000 1040.611450 0.000000 0.986040 0.000000 -0.166509 0.289729 0.289729 0.289729
7490.492188 0.000000 1020.308350 0.000000 0.985444 0.000000 -0.170002 0.211137 0.211137 0.211137
7417.096680 0.000000 1333.205566 0.000000 0.957527 0.000000 -0.288344 0.229324 0.229324 0.229324
7421.998047 0.000000 1331.766724 0.000000 0.992094 0.000000 -0.125495 0.302403 0.302403 0.302403
7418.382812 0.000000 1334.017334 0.000000 0.969296 0.000000 -0.245897 0.288114 0.288114 0.288114
7457.210938 0.000000 1292.099121 0.000000 0.992984 0.000000 -0.118250 0.214124 0.214124 0.214124
7458.456055 0.000000 1287.609131 0.000000 0.980662 0.000000 0.195707 0.225333 0.225333 0.225333
7480.590820 0.000000 1296.566895 0.000000 0.979573 0.000000 0.201091 0.296133 0.296133 0.296133
7473.177734 0.000000 1284.269531 0.000000 0.998366 0.000000 0.057136 0.227752 0.227752 0.227752
7458.384277 0.000000 1290.926025 0.000000 0.963640 0.000000 -0.267205 0.281518 0.281518 0.281518
7478.213379 0.000000 1285.661621 0.000000 0.989404 0.000000 0.145185 0.297217 0.297217 0.297217
7463.682617 0.000000 1290.907227 0.000000 0.984714 0.000000 -0.174180 0.303344 0.303344 0.303344
7464.255371 0.000000 1287.542969 0.000000 0.999986 0.000000 -0.005340 0.300102 0.300102 0.300102
7453.699219 0.000000 1298.259766 0.000000 0.987399 0.000000 -0.158249 0.302922 0.302922 0.302922
7461.751953 0.000000 1293.189575 0.000000 0.975137 0.000000 -0.221602 0.304268 0.304268 0.304268
7483.111816 0.000000 1283.779297 0.000000 0.996921 0.000000 0.078407 0.298501 0.298501 0.298501
7461.564453 0.000000 1287.309937 0.000000 0.999176 0.000000 0.040581 0.299225 0.299225 0.299225
7462.914062 0.000000 1285.438354 0.000000 0.979908 0.000000 -0.199450 0.303820 0.303820 0.303820
7478.159668 0.000000 1293.302979 0.000000 0.967437 0.000000 -0.253113 0.304887 0.304887 0.304887
7477.066895 0.000000 1295.859131 0.000000 0.968769 0.000000 -0.247964 0.304786 0.304786 0.304786
7523.373047 0.000000 1269.599609 0.000000 0.959853 0.000000 -0.280505 0.206862 0.206862 0.206862
7520.929688 0.000000 1299.133789 0.000000 0.981468 0.000000 -0.191626 0.240948 0.240948 0.240948
7490.331055 0.000000 1282.602051 0.000000 0.978908 0.000000 -0.204304 0.303930 0.303930 0.303930
7535.226074 0.000000 1283.600464 0.000000 0.987772 0.000000 -0.155905 0.253087 0.253087 0.253087
7492.650391 0.000000 1280.432373 0.000000 0.998653 0.000000 -0.051878 0.300991 0.300991 0.300991
7514.510254 0.000000 1273.449463 0.000000 0.973650 0.000000 -0.228045 0.279782 0.279782 0.279782
7510.663086 0.000000 1277.547485 0.000000 0.970217 0.000000 -0.242239 0.304600 0.304600 0.304600
7499.164062 0.000000 1279.211426 0.000000 0.987883 0.000000 0.155201 0.297024 0.297024 0.297024
7489.437988 0.000000 1280.616821 0.000000 0.984578 0.000000 0.174946 0.296641 0.296641 0.296641
7514.272949 0.000000 1270.739624 0.000000 0.997002 0.000000 0.077374 0.298521 0.298521 0.298521
7513.687012 0.000000 1272.237305 0.000000 0.970928 0.000000 0.239373 0.295384 0.295384 0.295384
7542.485352 0.000000 1282.359131 0.000000 0.969748 0.000000 0.244110 0.275100 0.275100 0.275100
7430.227051 0.000000 1343.715576 0.000000 0.999630 0.000000 -0.027184 0.240343 0.240343 0.240343
7473.878906 0.000000 1311.484497 0.000000 0.999655 0.000000 0.026268 0.220219 0.220219 0.220219
7428.837402 0.000000 1347.380371 0.000000 0.954455 0.000000 0.298355 0.247726 0.247726 0.247726
7434.324219 0.000000 1330.634033 0.000000 0.999776 0.000000 0.021168 0.299596 0.299596 0.299596
7437.842285 0.000000 1350.618408 0.000000 0.992445 0.000000 -0.122689 0.302349 0.302349 0.302349
7448.548340 0.000000 1301.197632 0.000000 0.963020 0.000000 0.269430 0.267114 0.267114 0.267114
7477.692383 0.000000 1310.875610 0.000000 0.968212 0.000000 0.250131 0.227548 0.227548 0.227548
7428.253418 0.000000 1338.506470 0.000000 0.976553 0.000000 -0.215278 0.289356 0.289356 0.289356
7439.876465 0.000000 1307.588867 0.000000 0.968703 0.000000 -0.248224 0.304424 0.304424 0.304424
7434.837402 0.000000 1350.748779 0.000000 0.996321 0.000000 -0.085698 0.301639 0.301639 0.301639
7443.362793 0.000000 1307.452271 0.000000 0.985850 0.000000 -0.167630 0.303217 0.303217 0.303217
7448.543945 0.000000 1309.318115 0.000000 0.971057 0.000000 -0.238846 0.298954 0.298954 0.298954
7430.203613 0.000000 1336.435913 0.000000 0.982739 0.000000 0.184996 0.296446 0.296446 0.296446
7463.006836 0.000000 1318.544434 0.000000 0.952188 0.000000 -0.305513 0.305930 0.305930 0.305930
7478.518555 0.000000 1302.829712 0.000000 0.995031 0.000000 -0.099563 0.301714 0.301714 0.301714
7458.589355 0.000000 1299.338745 0.000000 0.953012 0.000000 -0.302932 0.268154 0.268154 0.268154
7442.551758 0.000000 1311.033203 0.000000 0.980267 0.000000 -0.197676 0.303800 0.303800 0.303800
7440.717773 0.000000 1311.477783 0.000000 0.992218 0.000000 0.124509 0.297616 0.297616 0.297616
7433.808594 0.000000 1321.498901 0.000000 1.000000 0.000000 -0.000226 0.300004 0.300004 0.300004
7480.234863 0.000000 1300.883545 0.000000 0.999744 0.000000 0.022635 0.299603 0.299603 0.299603
7436.990723 0.000000 1316.142822 0.000000 0.997723 0.000000 0.067447 0.292728 0.292728 0.292728
7433.120117 0.000000 1323.415527 0.000000 0.999988 0.000000 0.004844 0.299908 0.299908 0.299908
7471.139160 0.000000 1313.058838 0.000000 0.964664 0.000000 -0.263483 0.305092 0.305092 0.305092
7453.169434 0.000000 1302.740234 0.000000 0.999912 0.000000 0.013291 0.299746 0.299746 0.299746
7424.049316 0.000000 1329.838867 0.000000 0.986350 0.000000 -0.164660 0.299985 0.299985 0.299985
7496.000977 0.000000 1303.201904 0.000000 0.982430 0.000000 0.186633 0.217709 0.217709 0.217709
7869.900391 0.000000 1013.302246 0.000000 0.999852 0.000000 0.017185 0.295232 0.295232 0.295232
7887.784668 0.000000 1002.057068 0.000000 0.958788 0.000000 -0.284124 0.210905 0.210905 0.210905
7879.856445 0.000000 1004.916077 0.000000 0.996848 0.000000 -0.079337 0.255576 0.255576 0.255576
7878.216797 0.000000 1007.466309 0.000000 0.956297 0.000000 0.292398 0.267868 0.267868 0.267868
7846.058105 0.000000 1033.021240 0.000000 0.971972 0.000000 0.235097 0.276870 0.276870 0.276870
7466.478516 0.000000 1381.362061 0.000000 0.996301 0.000000 0.085931 0.208020 0.208020 0.208020
7426.759766 0.000000 1364.739624 0.000000 0.995628 0.000000 0.093406 0.213520 0.213520 0.213520
7439.104492 0.000000 1360.477051 0.000000 0.999929 0.000000 -0.011955 0.300228 0.300228 0.300228
7441.197754 0.000000 1362.418091 0.000000 0.969591 0.000000 0.244730 0.295278 0.295278 0.295278
7429.125488 0.000000 1368.356079 0.000000 0.998935 0.000000 0.046137 0.245704 0.245704 0.245704
7450.266113 0.000000 1360.383179 0.000000 0.999977 0.000000 -0.006713 0.300128 0.300128 0.300128
7451.908691 0.000000 1361.128540 0.000000 0.985148 0.000000 0.171706 0.296704 0.296704 0.296704
7438.587891 0.000000 1363.393799 0.000000 0.999986 0.000000 0.005351 0.299898 0.299898 0.299898
7459.450684 0.000000 1364.285767 0.000000 0.999156 0.000000 -0.041078 0.300731 0.300731 0.300731
7461.641113 0.000000 1362.751343 0.000000 0.954576 0.000000 -0.297969 0.305779 0.305779 0.305779
7440.411621 0.000000 1360.019531 0.000000 0.978710 0.000000 -0.205247 0.303948 0.303948 0.303948
7543.657227 0.000000 1395.998779 0.000000 0.975964 0.000000 0.217930 0.220180 0.220180 0.220180
7519.909668 0.000000 1370.592407 0.000000 0.964419 0.000000 0.264379 0.220848 0.220848 0.220848
7547.123047 0.000000 1395.051270 0.000000 0.976278 0.000000 -0.216523 0.303899 0.303899 0.303899
7523.868164 0.000000 1371.465820 0.000000 0.998954 0.000000 0.045735 0.268567 0.268567 0.268567
7513.687012 0.000000 1385.206055 0.000000 0.983765 0.000000 -0.179460 0.303446 0.303446 0.303446
7437.842285 0.000000 1463.587158 0.000000 0.979964 0.000000 -0.199176 0.230183 0.230183 0.230183
7550.808594 0.000000 1440.136841 0.000000 0.974433 0.000000 -0.224679 0.232145 0.232145 0.232145
7518.384766 0.000000 1453.704102 0.000000 0.981264 0.000000 -0.192668 0.295303 0.295303 0.295303
7548.552246 0.000000 1441.528564 0.000000 0.972449 0.000000 0.233115 0.242499 0.242499 0.242499
7554.786133 0.000000 1390.525635 0.000000 0.996786 0.000000 0.080112 0.213073 0.213073 0.213073
7552.164062 0.000000 1411.964111 0.000000 0.996406 0.000000 0.084703 0.215816 0.215816 0.215816
7563.621582 0.000000 1401.548584 0.000000 0.961849 0.000000 0.273581 0.294708 0.294708 0.294708
7577.614258 0.000000 1407.360718 0.000000 0.984664 0.000000 -0.174463 0.286996 0.286996 0.286996
7564.418457 0.000000 1404.700928 0.000000 0.958634 0.000000 -0.284642 0.278889 0.278889 0.278889
7555.320312 0.000000 1404.413086 0.000000 0.989127 0.000000 -0.147066 0.302819 0.302819 0.302819
7627.004883 0.000000 1381.444946 0.000000 0.986360 0.000000 0.164601 0.296842 0.296842 0.296842
7638.760742 0.000000 1364.829468 0.000000 0.986613 0.000000 0.163078 0.296964 0.296964 0.296964
7637.329102 0.000000 1366.249390 0.000000 0.999227 0.000000 0.039312 0.245780 0.245780 0.245780
7641.317871 0.000000 1362.885376 0.000000 0.975965 0.000000 -0.217929 0.246380 0.246380 0.246380
7639.808105 0.000000 1360.458740 0.000000 0.966932 0.000000 0.255036 0.295075 0.295075 0.295075
7627.571777 0.000000 1380.164062 0.000000 0.997432 0.000000 -0.071618 0.301369 0.301369 0.301369
7624.040039 0.000000 1380.868896 0.000000 0.992052 0.000000 -0.125831 0.302254 0.302254 0.302254
7576.548340 0.000000 1414.166382 0.000000 0.993302 0.000000 -0.115547 0.302004 0.302004 0.302004
7578.472168 0.000000 1415.343018 0.000000 0.999972 0.000000 0.007460 0.299858 0.299858 0.299858
7555.273438 0.000000 1436.942627 0.000000 0.953739 0.000000 0.300635 0.260710 0.260710 0.260710
7581.169434 0.000000 1415.708984 0.000000 0.998916 0.000000 0.046543 0.299111 0.299111 0.299111
7580.146484 0.000000 1413.469971 0.000000 0.958530 0.000000 0.284993 0.294621 0.294621 0.294621
7504.744141 0.000000 1478.188477 0.000000 0.996928 0.000000 0.078329 0.270900 0.270900 0.270900
"}
object={
	name="rainforest_sparse_generator_2_3"
	clamp_to_water_level=no
	render_under_water=no
	generated_content=yes
	layer="semidynamic_medium"
	pdxmesh="tree_rainforest_005_mesh"
	count=417
	transform="2421.913086 0.000000 1233.845825 0.000000 0.664542 0.000000 -0.747251 0.310794 0.310794 0.310794
2418.837158 0.000000 1227.848145 0.000000 0.777779 0.000000 -0.628538 0.286855 0.286855 0.286855
2451.281494 0.000000 1241.826294 0.000000 0.634817 0.000000 -0.772663 0.238439 0.238439 0.238439
2441.114258 0.000000 1216.285645 0.000000 0.654626 0.000000 -0.755953 0.234563 0.234563 0.234563
2438.677002 0.000000 1211.421997 0.000000 0.702808 0.000000 -0.711379 0.315116 0.315116 0.315116
2447.857666 0.000000 1241.462158 0.000000 0.941895 0.000000 -0.335907 0.256417 0.256417 0.256417
2433.161133 0.000000 1225.452026 0.000000 0.790331 0.000000 -0.612680 0.312595 0.312595 0.312595
2444.093750 0.000000 1250.743774 0.000000 0.859274 0.000000 -0.511515 0.259299 0.259299 0.259299
2441.044434 0.000000 1245.857666 0.000000 0.803955 0.000000 -0.594690 0.294056 0.294056 0.294056
2260.862061 0.000000 1686.713867 0.000000 0.652831 0.000000 -0.757503 0.214710 0.214710 0.214710
2156.260742 0.000000 1791.948975 0.000000 0.657739 0.000000 -0.753246 0.316195 0.316195 0.316195
2165.819092 0.000000 1759.641357 0.000000 0.910345 0.000000 -0.413851 0.256239 0.256239 0.256239
2164.128174 0.000000 1756.500977 0.000000 0.912183 0.000000 -0.409783 0.276092 0.276092 0.276092
2157.534424 0.000000 1786.037109 0.000000 0.811864 0.000000 -0.583846 0.275257 0.275257 0.275257
2197.837891 0.000000 1739.478516 0.000000 0.884222 0.000000 -0.467067 0.309045 0.309045 0.309045
2190.955566 0.000000 1746.823486 0.000000 0.901903 0.000000 -0.431939 0.307811 0.307811 0.307811
2277.382812 0.000000 1722.113281 0.000000 0.917467 0.000000 -0.397811 0.241459 0.241459 0.241459
2275.914307 0.000000 1723.290405 0.000000 0.783188 0.000000 -0.621785 0.251314 0.251314 0.251314
2269.993164 0.000000 1709.329102 0.000000 0.820551 0.000000 -0.571573 0.311620 0.311620 0.311620
2281.028320 0.000000 1721.238037 0.000000 0.607413 0.000000 -0.794386 0.317532 0.317532 0.317532
2261.555908 0.000000 1710.296997 0.000000 0.869060 0.000000 -0.494706 0.240221 0.240221 0.240221
2270.637207 0.000000 1712.700195 0.000000 0.930759 0.000000 -0.365632 0.302917 0.302917 0.302917
2258.552002 0.000000 1706.423828 0.000000 0.713459 0.000000 -0.700697 0.314333 0.314333 0.314333
2278.447266 0.000000 1721.021973 0.000000 0.766074 0.000000 -0.642753 0.312496 0.312496 0.312496
2177.729736 0.000000 1783.607910 0.000000 0.830714 0.000000 -0.556699 0.216176 0.216176 0.216176
2177.541504 0.000000 1772.179688 0.000000 0.732510 0.000000 -0.680756 0.314301 0.314301 0.314301
2178.930908 0.000000 1782.490356 0.000000 0.860524 0.000000 -0.509409 0.310208 0.310208 0.310208
2180.025635 0.000000 1755.240967 0.000000 0.655752 0.000000 -0.754977 0.316341 0.316341 0.316341
2181.442627 0.000000 1757.955688 0.000000 0.835183 0.000000 -0.549973 0.311122 0.311122 0.311122
2181.604004 0.000000 1756.614624 0.000000 0.888562 0.000000 -0.458757 0.309102 0.309102 0.309102
2316.244629 0.000000 1688.663452 0.000000 0.825312 0.000000 -0.564678 0.211546 0.211546 0.211546
2346.572266 0.000000 1687.625732 0.000000 0.807234 0.000000 -0.590231 0.231876 0.231876 0.231876
2325.837891 0.000000 1682.994141 0.000000 0.848492 0.000000 -0.529208 0.257175 0.257175 0.257175
2335.343506 0.000000 1681.183716 0.000000 0.907062 0.000000 -0.420996 0.308055 0.308055 0.308055
2321.270264 0.000000 1688.864502 0.000000 0.810422 0.000000 -0.585847 0.311954 0.311954 0.311954
2340.710693 0.000000 1687.543457 0.000000 0.657013 0.000000 -0.753879 0.249670 0.249670 0.249670
2324.233154 0.000000 1680.166504 0.000000 0.794216 0.000000 -0.607635 0.312448 0.312448 0.312448
2322.552246 0.000000 1692.197632 0.000000 0.906073 0.000000 -0.423122 0.308344 0.308344 0.308344
2326.808838 0.000000 1681.065796 0.000000 0.784094 0.000000 -0.620642 0.269863 0.269863 0.269863
2320.782227 0.000000 1696.240234 0.000000 0.823675 0.000000 -0.567062 0.283352 0.283352 0.283352
2318.208252 0.000000 1705.779785 0.000000 0.841974 0.000000 -0.539517 0.265624 0.265624 0.265624
2408.686523 0.000000 1713.184326 0.000000 0.690808 0.000000 -0.723038 0.315435 0.315435 0.315435
2408.327148 0.000000 1716.803101 0.000000 0.823335 0.000000 -0.567556 0.311527 0.311527 0.311527
2411.434082 0.000000 1723.621338 0.000000 0.924610 0.000000 -0.380915 0.268651 0.268651 0.268651
2407.139160 0.000000 1718.258911 0.000000 0.788421 0.000000 -0.615136 0.312654 0.312654 0.312654
1769.043945 0.000000 1932.484375 0.000000 0.767399 0.000000 -0.641169 0.287092 0.287092 0.287092
1773.137695 0.000000 1935.528809 0.000000 0.930251 0.000000 -0.366923 0.291815 0.291815 0.291815
1849.096802 0.000000 1898.049316 0.000000 0.742281 0.000000 -0.670088 0.232228 0.232228 0.232228
1837.321289 0.000000 1902.467285 0.000000 0.630477 0.000000 -0.776208 0.316972 0.316972 0.316972
1918.612427 0.000000 1915.624634 0.000000 0.628745 0.000000 -0.777612 0.206539 0.206539 0.206539
1914.107300 0.000000 1919.184814 0.000000 0.666507 0.000000 -0.745499 0.218170 0.218170 0.218170
1880.755737 0.000000 1883.333618 0.000000 0.946926 0.000000 -0.321451 0.217540 0.217540 0.217540
1868.302734 0.000000 1884.382812 0.000000 0.905702 0.000000 -0.423916 0.308066 0.308066 0.308066
1868.622803 0.000000 1887.615967 0.000000 0.612586 0.000000 -0.790404 0.261283 0.261283 0.261283
1870.942017 0.000000 1889.624878 0.000000 0.917585 0.000000 -0.397539 0.279424 0.279424 0.279424
1879.097900 0.000000 1882.998779 0.000000 0.684161 0.000000 -0.729331 0.248073 0.248073 0.248073
1949.075928 0.000000 1916.384521 0.000000 0.779813 0.000000 -0.626013 0.207395 0.207395 0.207395
1925.476685 0.000000 1915.262573 0.000000 0.920207 0.000000 -0.391431 0.222796 0.222796 0.222796
1953.938477 0.000000 1914.872925 0.000000 0.866354 0.000000 -0.499431 0.300644 0.300644 0.300644
1952.008667 0.000000 1914.468750 0.000000 0.613315 0.000000 -0.789838 0.306934 0.306934 0.306934
1928.076660 0.000000 1913.423828 0.000000 0.882942 0.000000 -0.469481 0.309132 0.309132 0.309132
1956.175659 0.000000 1918.899048 0.000000 0.718165 0.000000 -0.695873 0.313344 0.313344 0.313344
1935.857666 0.000000 1919.274658 0.000000 0.607625 0.000000 -0.794224 0.271176 0.271176 0.271176
1933.528442 0.000000 1918.502808 0.000000 0.909771 0.000000 -0.415110 0.254501 0.254501 0.254501
2038.496216 0.000000 1893.293213 0.000000 0.670493 0.000000 -0.741916 0.209740 0.209740 0.209740
2042.085693 0.000000 1911.142944 0.000000 0.868966 0.000000 -0.494871 0.218523 0.218523 0.218523
2040.393677 0.000000 1909.111084 0.000000 0.921989 0.000000 -0.387217 0.223917 0.223917 0.223917
2047.474121 0.000000 1909.208862 0.000000 0.774111 0.000000 -0.633049 0.253268 0.253268 0.253268
2044.200928 0.000000 1908.057007 0.000000 0.866641 0.000000 -0.498933 0.262079 0.262079 0.262079
1996.884766 0.000000 1910.966797 0.000000 0.840168 0.000000 -0.542326 0.309896 0.309896 0.309896
2038.213257 0.000000 1906.989746 0.000000 0.816042 0.000000 -0.577992 0.294341 0.294341 0.294341
1994.104736 0.000000 1911.075195 0.000000 0.616860 0.000000 -0.787073 0.265507 0.265507 0.265507
2034.837158 0.000000 1905.660645 0.000000 0.892693 0.000000 -0.450665 0.272589 0.272589 0.272589
2039.001831 0.000000 1899.019043 0.000000 0.846271 0.000000 -0.532753 0.310036 0.310036 0.310036
1900.304199 0.000000 1944.168091 0.000000 0.936339 0.000000 -0.351098 0.232254 0.232254 0.232254
1895.754639 0.000000 1946.377197 0.000000 0.702784 0.000000 -0.711404 0.256258 0.256258 0.256258
1866.276367 0.000000 1997.560547 0.000000 0.885179 0.000000 -0.465250 0.203286 0.203286 0.203286
1881.026123 0.000000 1977.201050 0.000000 0.765685 0.000000 -0.643216 0.217036 0.217036 0.217036
1875.108398 0.000000 1986.930298 0.000000 0.831831 0.000000 -0.555028 0.255157 0.255157 0.255157
1880.548584 0.000000 1979.010132 0.000000 0.688507 0.000000 -0.725230 0.291820 0.291820 0.291820
1871.572021 0.000000 2008.552979 0.000000 0.884757 0.000000 -0.466052 0.277540 0.277540 0.277540
1868.710571 0.000000 2013.686890 0.000000 0.776301 0.000000 -0.630363 0.262216 0.262216 0.262216
1868.118530 0.000000 2008.285889 0.000000 0.763220 0.000000 -0.646139 0.313417 0.313417 0.313417
1956.142212 0.000000 1920.563965 0.000000 0.734927 0.000000 -0.678146 0.220982 0.220982 0.220982
2026.478760 0.000000 1946.205811 0.000000 0.856192 0.000000 -0.516657 0.213456 0.213456 0.213456
2044.546265 0.000000 1948.408447 0.000000 0.844168 0.000000 -0.536078 0.225972 0.225972 0.225972
2041.397339 0.000000 1958.619019 0.000000 0.947975 0.000000 -0.318343 0.215786 0.215786 0.215786
2027.042236 0.000000 1929.339478 0.000000 0.605344 0.000000 -0.795964 0.250988 0.250988 0.250988
2025.985107 0.000000 1941.405396 0.000000 0.910509 0.000000 -0.413488 0.246887 0.246887 0.246887
2029.502441 0.000000 1942.829590 0.000000 0.592043 0.000000 -0.805906 0.281910 0.281910 0.281910
2035.232544 0.000000 1939.822632 0.000000 0.936771 0.000000 -0.349943 0.265893 0.265893 0.265893
1993.625610 0.000000 1930.693604 0.000000 0.615986 0.000000 -0.787757 0.317325 0.317325 0.317325
2029.746216 0.000000 1940.604736 0.000000 0.839155 0.000000 -0.543892 0.266283 0.266283 0.266283
2022.213745 0.000000 1930.482056 0.000000 0.847472 0.000000 -0.530839 0.309849 0.309849 0.309849
2027.594971 0.000000 1942.868530 0.000000 0.722871 0.000000 -0.690983 0.308210 0.308210 0.308210
2039.191162 0.000000 1962.359253 0.000000 0.884476 0.000000 -0.466587 0.304781 0.304781 0.304781
1846.224854 0.000000 2048.616211 0.000000 0.864964 0.000000 -0.501834 0.267442 0.267442 0.267442
1845.702759 0.000000 2051.274414 0.000000 0.921973 0.000000 -0.387255 0.269909 0.269909 0.269909
1854.061768 0.000000 2041.625610 0.000000 0.634408 0.000000 -0.772998 0.302778 0.302778 0.302778
1854.782349 0.000000 2071.457520 0.000000 0.831767 0.000000 -0.555125 0.277774 0.277774 0.277774
1854.128906 0.000000 2040.297974 0.000000 0.901937 0.000000 -0.431868 0.295863 0.295863 0.295863
1856.013672 0.000000 2037.960205 0.000000 0.949715 0.000000 -0.313117 0.241105 0.241105 0.241105
1856.942993 0.000000 2036.586914 0.000000 0.795280 0.000000 -0.606242 0.244544 0.244544 0.244544
1945.550537 0.000000 2214.491943 0.000000 0.615958 0.000000 -0.787779 0.206160 0.206160 0.206160
1959.443970 0.000000 2214.179932 0.000000 0.912179 0.000000 -0.409793 0.209620 0.209620 0.209620
1972.512451 0.000000 2212.745117 0.000000 0.827574 0.000000 -0.561357 0.235096 0.235096 0.235096
1957.573853 0.000000 2214.394775 0.000000 0.799711 0.000000 -0.600386 0.261164 0.261164 0.261164
1942.760498 0.000000 2212.094971 0.000000 0.621421 0.000000 -0.783477 0.316148 0.316148 0.316148
1944.544067 0.000000 2213.068115 0.000000 0.637979 0.000000 -0.770054 0.277434 0.277434 0.277434
1954.940674 0.000000 2212.977051 0.000000 0.603474 0.000000 -0.797383 0.308381 0.308381 0.308381
1957.195312 0.000000 2211.482910 0.000000 0.809710 0.000000 -0.586830 0.257981 0.257981 0.257981
1954.393921 0.000000 2215.583740 0.000000 0.664227 0.000000 -0.747531 0.281262 0.281262 0.281262
1962.374146 0.000000 2215.535400 0.000000 0.815778 0.000000 -0.578365 0.270983 0.270983 0.270983
2022.737793 0.000000 2241.368408 0.000000 0.944402 0.000000 -0.328794 0.208964 0.208964 0.208964
2021.593018 0.000000 2245.101318 0.000000 0.730936 0.000000 -0.682446 0.238972 0.238972 0.238972
1993.185303 0.000000 2246.425781 0.000000 0.894524 0.000000 -0.447020 0.223324 0.223324 0.223324
2018.607544 0.000000 2255.284668 0.000000 0.698888 0.000000 -0.715231 0.254505 0.254505 0.254505
1992.084595 0.000000 2218.525635 0.000000 0.917751 0.000000 -0.397157 0.266541 0.266541 0.266541
1992.607910 0.000000 2216.726074 0.000000 0.653961 0.000000 -0.756528 0.315390 0.315390 0.315390
2014.270752 0.000000 2212.167480 0.000000 0.629899 0.000000 -0.776677 0.309694 0.309694 0.309694
2020.762085 0.000000 2224.395752 0.000000 0.595997 0.000000 -0.802987 0.268282 0.268282 0.268282
1995.861206 0.000000 2217.560059 0.000000 0.702399 0.000000 -0.711783 0.293369 0.293369 0.293369
1995.004761 0.000000 2228.710693 0.000000 0.817616 0.000000 -0.575764 0.306328 0.306328 0.306328
2016.356323 0.000000 2215.257568 0.000000 0.854922 0.000000 -0.518757 0.240502 0.240502 0.240502
2018.384521 0.000000 2251.160400 0.000000 0.689663 0.000000 -0.724130 0.284455 0.284455 0.284455
2037.040649 0.000000 2231.538086 0.000000 0.927049 0.000000 -0.374941 0.276742 0.276742 0.276742
1994.104736 0.000000 2249.981445 0.000000 0.921581 0.000000 -0.388187 0.283965 0.283965 0.283965
1995.080078 0.000000 2252.698242 0.000000 0.892089 0.000000 -0.451860 0.262018 0.262018 0.262018
1994.621582 0.000000 2230.106689 0.000000 0.674164 0.000000 -0.738582 0.315870 0.315870 0.315870
2002.973877 0.000000 2260.777832 0.000000 0.735449 0.000000 -0.677580 0.207885 0.207885 0.207885
2003.069702 0.000000 2264.403320 0.000000 0.641746 0.000000 -0.766918 0.316693 0.316693 0.316693
2000.411865 0.000000 2263.769531 0.000000 0.878522 0.000000 -0.477702 0.276540 0.276540 0.276540
2155.779541 0.000000 1812.481445 0.000000 0.877964 0.000000 -0.478726 0.252965 0.252965 0.252965
2170.545166 0.000000 1839.470703 0.000000 0.741996 0.000000 -0.670404 0.246006 0.246006 0.246006
2166.250977 0.000000 1835.263306 0.000000 0.764180 0.000000 -0.645003 0.312391 0.312391 0.312391
2157.321289 0.000000 1845.982910 0.000000 0.944474 0.000000 -0.328587 0.306394 0.306394 0.306394
2168.804932 0.000000 1847.014160 0.000000 0.599631 0.000000 -0.800276 0.263926 0.263926 0.263926
2158.835205 0.000000 1811.550537 0.000000 0.711747 0.000000 -0.702436 0.314874 0.314874 0.314874
2157.534424 0.000000 1842.521484 0.000000 0.762593 0.000000 -0.646879 0.312961 0.312961 0.312961
2155.793701 0.000000 1842.156372 0.000000 0.926891 0.000000 -0.375330 0.298987 0.298987 0.298987
2154.449707 0.000000 1810.260864 0.000000 0.620845 0.000000 -0.783933 0.316330 0.316330 0.316330
2156.932129 0.000000 1844.688599 0.000000 0.795107 0.000000 -0.606469 0.312445 0.312445 0.312445
2187.945557 0.000000 1829.568481 0.000000 0.887772 0.000000 -0.460284 0.220534 0.220534 0.220534
2178.093750 0.000000 1818.566406 0.000000 0.754240 0.000000 -0.656599 0.231466 0.231466 0.231466
2185.808594 0.000000 1829.858276 0.000000 0.895728 0.000000 -0.444602 0.308799 0.308799 0.308799
2087.437012 0.000000 1947.850708 0.000000 0.692515 0.000000 -0.721404 0.231081 0.231081 0.231081
2091.705322 0.000000 1947.856445 0.000000 0.915505 0.000000 -0.402306 0.233942 0.233942 0.233942
2075.270508 0.000000 1972.214966 0.000000 0.848646 0.000000 -0.528961 0.230016 0.230016 0.230016
2050.240967 0.000000 1962.786133 0.000000 0.642533 0.000000 -0.766258 0.292731 0.292731 0.292731
2054.216797 0.000000 1967.700684 0.000000 0.662405 0.000000 -0.749146 0.301580 0.301580 0.301580
2071.844482 0.000000 1967.989380 0.000000 0.802414 0.000000 -0.596768 0.280268 0.280268 0.280268
2062.478760 0.000000 1964.949341 0.000000 0.607915 0.000000 -0.794002 0.317520 0.317520 0.317520
2071.770020 0.000000 1966.026367 0.000000 0.949448 0.000000 -0.313926 0.275843 0.275843 0.275843
2049.633545 0.000000 1946.199341 0.000000 0.681309 0.000000 -0.731996 0.315223 0.315223 0.315223
2063.300537 0.000000 1963.556885 0.000000 0.907196 0.000000 -0.420708 0.300973 0.300973 0.300973
2105.426514 0.000000 1994.352051 0.000000 0.779712 0.000000 -0.626138 0.204442 0.204442 0.204442
2083.248779 0.000000 1991.314453 0.000000 0.815461 0.000000 -0.578813 0.249538 0.249538 0.249538
2088.686523 0.000000 1995.606201 0.000000 0.918496 0.000000 -0.395431 0.307521 0.307521 0.307521
2083.859863 0.000000 1982.635498 0.000000 0.618448 0.000000 -0.785826 0.239855 0.239855 0.239855
2087.815674 0.000000 1986.506836 0.000000 0.616440 0.000000 -0.787402 0.311846 0.311846 0.311846
2061.156250 0.000000 1985.889526 0.000000 0.593653 0.000000 -0.804721 0.251143 0.251143 0.251143
2095.227539 0.000000 1978.472412 0.000000 0.889294 0.000000 -0.457335 0.302235 0.302235 0.302235
2085.877441 0.000000 1977.007080 0.000000 0.858119 0.000000 -0.513450 0.272354 0.272354 0.272354
2090.488525 0.000000 1978.201294 0.000000 0.825095 0.000000 -0.564993 0.291699 0.291699 0.291699
2087.477539 0.000000 1982.210938 0.000000 0.853485 0.000000 -0.521118 0.310161 0.310161 0.310161
2081.555908 0.000000 2229.564941 0.000000 0.622781 0.000000 -0.782396 0.230706 0.230706 0.230706
2057.975098 0.000000 2240.402588 0.000000 0.588568 0.000000 -0.808448 0.259176 0.259176 0.259176
2100.736572 0.000000 2227.741699 0.000000 0.916823 0.000000 -0.399294 0.289422 0.289422 0.289422
2054.769043 0.000000 2238.897949 0.000000 0.730536 0.000000 -0.682874 0.261841 0.261841 0.261841
2056.168701 0.000000 2238.666260 0.000000 0.705497 0.000000 -0.708713 0.275621 0.275621 0.275621
2080.511475 0.000000 2233.887939 0.000000 0.718246 0.000000 -0.695790 0.277204 0.277204 0.277204
2164.127686 0.000000 2220.773193 0.000000 0.919500 0.000000 -0.393090 0.228036 0.228036 0.228036
2155.536621 0.000000 2216.453613 0.000000 0.756035 0.000000 -0.654531 0.224886 0.224886 0.224886
2169.789062 0.000000 2222.252441 0.000000 0.891161 0.000000 -0.453688 0.223972 0.223972 0.223972
2157.137695 0.000000 2217.950684 0.000000 0.689321 0.000000 -0.724456 0.274089 0.274089 0.274089
2143.070801 0.000000 2223.547852 0.000000 0.921526 0.000000 -0.388317 0.233796 0.233796 0.233796
2167.988525 0.000000 2218.513916 0.000000 0.875916 0.000000 -0.482464 0.272475 0.272475 0.272475
2122.271729 0.000000 2231.992432 0.000000 0.682963 0.000000 -0.730453 0.291933 0.291933 0.291933
2154.374268 0.000000 2215.535400 0.000000 0.877736 0.000000 -0.479144 0.252970 0.252970 0.252970
2160.912598 0.000000 2218.703613 0.000000 0.822907 0.000000 -0.568176 0.269033 0.269033 0.269033
2159.139160 0.000000 2216.808838 0.000000 0.932519 0.000000 -0.361121 0.305179 0.305179 0.305179
2155.041992 0.000000 2222.969482 0.000000 0.866716 0.000000 -0.498802 0.287548 0.287548 0.287548
7419.206543 0.000000 594.824524 0.000000 0.664873 0.000000 -0.746956 0.208598 0.208598 0.208598
7415.370605 0.000000 598.499146 0.000000 0.717713 0.000000 -0.696339 0.223578 0.223578 0.223578
7415.341309 0.000000 616.135742 0.000000 0.903470 0.000000 -0.428651 0.227224 0.227224 0.227224
7421.091309 0.000000 616.555298 0.000000 0.844584 0.000000 -0.535423 0.269721 0.269721 0.269721
7419.155762 0.000000 593.294067 0.000000 0.666270 0.000000 -0.745711 0.316073 0.316073 0.316073
7423.399414 0.000000 613.336060 0.000000 0.911202 0.000000 -0.411961 0.268504 0.268504 0.268504
7395.360352 0.000000 614.092468 0.000000 0.735060 0.000000 -0.678002 0.314229 0.314229 0.314229
7417.361328 0.000000 634.117371 0.000000 0.690746 0.000000 -0.723098 0.225098 0.225098 0.225098
7414.278809 0.000000 621.360046 0.000000 0.905718 0.000000 -0.423880 0.237085 0.237085 0.237085
7415.988281 0.000000 636.951416 0.000000 0.675206 0.000000 -0.737629 0.303155 0.303155 0.303155
7393.783691 0.000000 664.892273 0.000000 0.609938 0.000000 -0.792449 0.266226 0.266226 0.266226
7397.195312 0.000000 629.920471 0.000000 0.778998 0.000000 -0.627026 0.291658 0.291658 0.291658
7392.099609 0.000000 658.147705 0.000000 0.932145 0.000000 -0.362085 0.292904 0.292904 0.292904
7423.265137 0.000000 654.780090 0.000000 0.825824 0.000000 -0.563928 0.255873 0.255873 0.255873
7395.450684 0.000000 629.988892 0.000000 0.743472 0.000000 -0.668767 0.313991 0.313991 0.313991
7413.732422 0.000000 676.890442 0.000000 0.657203 0.000000 -0.753713 0.275264 0.275264 0.275264
7422.782227 0.000000 659.348206 0.000000 0.622958 0.000000 -0.782255 0.317156 0.317156 0.317156
7450.280762 0.000000 608.690125 0.000000 0.818005 0.000000 -0.575212 0.219892 0.219892 0.219892
7449.175293 0.000000 607.213257 0.000000 0.870914 0.000000 -0.491436 0.309081 0.309081 0.309081
7455.343262 0.000000 607.980530 0.000000 0.634245 0.000000 -0.773132 0.316879 0.316879 0.316879
7451.020508 0.000000 613.051941 0.000000 0.935855 0.000000 -0.352386 0.238638 0.238638 0.238638
7446.076660 0.000000 606.629578 0.000000 0.927884 0.000000 -0.372868 0.307097 0.307097 0.307097
7431.945312 0.000000 617.249695 0.000000 0.940473 0.000000 -0.339867 0.306623 0.306623 0.306623
7466.991699 0.000000 620.222595 0.000000 0.798093 0.000000 -0.602534 0.272568 0.272568 0.272568
7427.320312 0.000000 613.631836 0.000000 0.769045 0.000000 -0.639194 0.312179 0.312179 0.312179
7499.080078 0.000000 614.651367 0.000000 0.939430 0.000000 -0.342742 0.255342 0.255342 0.255342
7431.852051 0.000000 658.505615 0.000000 0.692171 0.000000 -0.721734 0.228683 0.228683 0.228683
7458.304199 0.000000 637.427979 0.000000 0.821900 0.000000 -0.569632 0.235191 0.235191 0.235191
7486.998535 0.000000 645.309692 0.000000 0.931194 0.000000 -0.364525 0.224861 0.224861 0.224861
7452.897949 0.000000 642.967041 0.000000 0.717686 0.000000 -0.696367 0.240361 0.240361 0.240361
7428.837402 0.000000 669.567871 0.000000 0.708059 0.000000 -0.706153 0.238091 0.238091 0.238091
7459.805176 0.000000 640.242493 0.000000 0.837318 0.000000 -0.546717 0.240243 0.240243 0.240243
7481.096680 0.000000 655.393066 0.000000 0.950675 0.000000 -0.310188 0.297275 0.297275 0.297275
7475.450195 0.000000 674.167297 0.000000 0.847903 0.000000 -0.530151 0.247132 0.247132 0.247132
7431.856445 0.000000 666.009827 0.000000 0.756870 0.000000 -0.653565 0.244575 0.244575 0.244575
7452.480469 0.000000 659.889038 0.000000 0.756596 0.000000 -0.653883 0.280676 0.280676 0.280676
7454.635254 0.000000 665.891418 0.000000 0.812666 0.000000 -0.582729 0.246024 0.246024 0.246024
7427.098633 0.000000 639.452148 0.000000 0.791238 0.000000 -0.611508 0.243421 0.243421 0.243421
7486.777344 0.000000 641.756287 0.000000 0.905103 0.000000 -0.425193 0.248779 0.248779 0.248779
7438.479004 0.000000 665.808716 0.000000 0.853841 0.000000 -0.520535 0.309903 0.309903 0.309903
7471.452637 0.000000 671.307251 0.000000 0.901506 0.000000 -0.432766 0.248286 0.248286 0.248286
7438.587891 0.000000 629.096863 0.000000 0.884552 0.000000 -0.466443 0.258099 0.258099 0.258099
7480.805176 0.000000 660.842285 0.000000 0.707701 0.000000 -0.706512 0.314984 0.314984 0.314984
7472.308105 0.000000 675.191895 0.000000 0.635917 0.000000 -0.771757 0.316045 0.316045 0.316045
7476.032715 0.000000 677.091614 0.000000 0.686296 0.000000 -0.727323 0.315554 0.315554 0.315554
7457.012207 0.000000 631.541382 0.000000 0.636424 0.000000 -0.771339 0.310174 0.310174 0.310174
7425.603027 0.000000 655.281494 0.000000 0.886824 0.000000 -0.462107 0.308473 0.308473 0.308473
7487.335449 0.000000 647.557495 0.000000 0.712716 0.000000 -0.701453 0.266991 0.266991 0.266991
7459.814453 0.000000 632.499451 0.000000 0.838351 0.000000 -0.545130 0.294927 0.294927 0.294927
7443.485352 0.000000 670.297668 0.000000 0.908859 0.000000 -0.417103 0.287365 0.287365 0.287365
7439.300293 0.000000 664.416321 0.000000 0.836241 0.000000 -0.548363 0.310498 0.310498 0.310498
7512.466797 0.000000 647.852234 0.000000 0.818864 0.000000 -0.573987 0.237018 0.237018 0.237018
7499.631836 0.000000 637.844421 0.000000 0.816895 0.000000 -0.576787 0.225811 0.225811 0.225811
7502.008789 0.000000 641.073181 0.000000 0.917823 0.000000 -0.396990 0.243197 0.243197 0.243197
7512.941406 0.000000 671.555786 0.000000 0.925862 0.000000 -0.377861 0.307400 0.307400 0.307400
7498.685059 0.000000 623.291382 0.000000 0.912738 0.000000 -0.408546 0.236336 0.236336 0.236336
7513.702148 0.000000 646.770325 0.000000 0.950641 0.000000 -0.310292 0.234150 0.234150 0.234150
7488.976074 0.000000 621.848450 0.000000 0.877099 0.000000 -0.480310 0.282497 0.282497 0.282497
7508.460938 0.000000 652.552734 0.000000 0.911903 0.000000 -0.410406 0.266725 0.266725 0.266725
7510.003418 0.000000 650.544434 0.000000 0.868087 0.000000 -0.496412 0.309921 0.309921 0.309921
7392.125000 0.000000 686.954529 0.000000 0.737155 0.000000 -0.675724 0.242480 0.242480 0.242480
7423.537598 0.000000 708.078857 0.000000 0.919401 0.000000 -0.393322 0.268241 0.268241 0.268241
7402.833008 0.000000 702.045288 0.000000 0.824691 0.000000 -0.565584 0.310738 0.310738 0.310738
7405.061035 0.000000 726.755310 0.000000 0.889402 0.000000 -0.457126 0.308267 0.308267 0.308267
7405.479492 0.000000 702.352112 0.000000 0.757602 0.000000 -0.652717 0.312357 0.312357 0.312357
7422.371094 0.000000 709.102173 0.000000 0.644826 0.000000 -0.764329 0.274251 0.274251 0.274251
7424.013672 0.000000 682.335266 0.000000 0.920252 0.000000 -0.391327 0.221635 0.221635 0.221635
7424.520996 0.000000 697.582520 0.000000 0.587847 0.000000 -0.808972 0.282600 0.282600 0.282600
7474.757324 0.000000 679.160706 0.000000 0.879985 0.000000 -0.475002 0.283002 0.283002 0.283002
7477.482910 0.000000 679.134644 0.000000 0.812968 0.000000 -0.582308 0.246612 0.246612 0.246612
7453.330566 0.000000 693.919678 0.000000 0.871064 0.000000 -0.491170 0.289792 0.289792 0.289792
7530.452148 0.000000 712.746643 0.000000 0.633166 0.000000 -0.774016 0.224547 0.224547 0.224547
7528.581055 0.000000 708.076904 0.000000 0.929844 0.000000 -0.367955 0.223156 0.223156 0.223156
7514.396484 0.000000 687.850220 0.000000 0.840870 0.000000 -0.541237 0.248455 0.248455 0.248455
7545.560059 0.000000 728.456482 0.000000 0.822844 0.000000 -0.568267 0.311543 0.311543 0.311543
7546.732422 0.000000 731.485413 0.000000 0.938035 0.000000 -0.346540 0.306759 0.306759 0.306759
7520.531738 0.000000 701.000122 0.000000 0.839258 0.000000 -0.543733 0.310979 0.310979 0.310979
7483.123047 0.000000 773.723083 0.000000 0.690949 0.000000 -0.722903 0.265544 0.265544 0.265544
7478.766602 0.000000 778.897461 0.000000 0.942133 0.000000 -0.335239 0.294789 0.294789 0.294789
7485.407227 0.000000 771.680420 0.000000 0.692321 0.000000 -0.721589 0.248559 0.248559 0.248559
7485.998047 0.000000 766.922913 0.000000 0.872197 0.000000 -0.489155 0.255456 0.255456 0.255456
7483.144043 0.000000 786.486511 0.000000 0.694798 0.000000 -0.719205 0.253358 0.253358 0.253358
7545.789062 0.000000 753.658630 0.000000 0.717646 0.000000 -0.696408 0.247580 0.247580 0.247580
7549.779785 0.000000 745.075867 0.000000 0.701237 0.000000 -0.712928 0.285450 0.285450 0.285450
7564.652344 0.000000 759.723694 0.000000 0.630595 0.000000 -0.776112 0.208322 0.208322 0.208322
7566.486328 0.000000 772.978699 0.000000 0.616168 0.000000 -0.787615 0.224126 0.224126 0.224126
7566.941895 0.000000 759.937439 0.000000 0.911900 0.000000 -0.410412 0.307586 0.307586 0.307586
7567.857910 0.000000 789.587097 0.000000 0.805624 0.000000 -0.592427 0.268216 0.268216 0.268216
7562.652832 0.000000 773.362671 0.000000 0.886032 0.000000 -0.463624 0.308647 0.308647 0.308647
7564.281738 0.000000 786.298889 0.000000 0.709027 0.000000 -0.705181 0.270696 0.270696 0.270696
7481.532715 0.000000 805.755859 0.000000 0.849577 0.000000 -0.527464 0.233532 0.233532 0.233532
7570.867188 0.000000 833.745178 0.000000 0.833125 0.000000 -0.553085 0.215554 0.215554 0.215554
7556.206055 0.000000 793.036194 0.000000 0.631671 0.000000 -0.775236 0.231209 0.231209 0.231209
7573.837891 0.000000 835.728516 0.000000 0.608970 0.000000 -0.793194 0.317495 0.317495 0.317495
7579.871582 0.000000 810.848694 0.000000 0.689027 0.000000 -0.724736 0.238950 0.238950 0.238950
7579.663086 0.000000 813.576904 0.000000 0.864408 0.000000 -0.502790 0.300707 0.300707 0.300707
7573.721191 0.000000 802.953979 0.000000 0.602617 0.000000 -0.798031 0.256528 0.256528 0.256528
7573.329102 0.000000 801.405640 0.000000 0.771989 0.000000 -0.635636 0.313156 0.313156 0.313156
7569.551270 0.000000 824.723267 0.000000 0.760800 0.000000 -0.648987 0.278171 0.278171 0.278171
7568.534668 0.000000 804.609009 0.000000 0.691737 0.000000 -0.722149 0.257644 0.257644 0.257644
7571.827148 0.000000 823.282593 0.000000 0.874691 0.000000 -0.484681 0.294428 0.294428 0.294428
7569.435547 0.000000 834.695251 0.000000 0.927619 0.000000 -0.373528 0.290169 0.290169 0.290169
7571.485352 0.000000 839.750793 0.000000 0.819934 0.000000 -0.572458 0.311093 0.311093 0.311093
7553.941895 0.000000 899.893616 0.000000 0.944418 0.000000 -0.328747 0.252272 0.252272 0.252272
7589.911621 0.000000 850.425354 0.000000 0.625421 0.000000 -0.780288 0.317096 0.317096 0.317096
7558.216797 0.000000 894.497559 0.000000 0.778200 0.000000 -0.628016 0.312968 0.312968 0.312968
7571.159180 0.000000 867.485168 0.000000 0.821893 0.000000 -0.569641 0.279807 0.279807 0.279807
7569.973633 0.000000 862.187012 0.000000 0.921691 0.000000 -0.387924 0.284546 0.284546 0.284546
7578.266113 0.000000 852.023743 0.000000 0.924345 0.000000 -0.381558 0.299684 0.299684 0.299684
7562.271484 0.000000 876.367432 0.000000 0.805050 0.000000 -0.593207 0.262251 0.262251 0.262251
7560.949707 0.000000 893.473999 0.000000 0.732594 0.000000 -0.680666 0.266637 0.266637 0.266637
7422.298340 0.000000 1066.189453 0.000000 0.890927 0.000000 -0.454146 0.234492 0.234492 0.234492
7418.732422 0.000000 1070.391724 0.000000 0.664006 0.000000 -0.747727 0.314929 0.314929 0.314929
7419.649902 0.000000 1071.672607 0.000000 0.721485 0.000000 -0.692430 0.313519 0.313519 0.313519
7416.531250 0.000000 1072.179688 0.000000 0.830027 0.000000 -0.557723 0.243927 0.243927 0.243927
7419.459473 0.000000 1082.563232 0.000000 0.904658 0.000000 -0.426139 0.246452 0.246452 0.246452
7413.692383 0.000000 1084.938110 0.000000 0.941160 0.000000 -0.337961 0.231543 0.231543 0.231543
7413.498535 0.000000 1110.679321 0.000000 0.753009 0.000000 -0.658010 0.259640 0.259640 0.259640
7410.704590 0.000000 1121.127197 0.000000 0.923976 0.000000 -0.382450 0.279778 0.279778 0.279778
7423.180664 0.000000 1079.304565 0.000000 0.607348 0.000000 -0.794436 0.298977 0.298977 0.298977
7412.959961 0.000000 1123.262207 0.000000 0.929622 0.000000 -0.368513 0.307208 0.307208 0.307208
7421.973633 0.000000 1077.178345 0.000000 0.682974 0.000000 -0.730443 0.257175 0.257175 0.257175
7414.159668 0.000000 1123.849854 0.000000 0.814467 0.000000 -0.580210 0.305214 0.305214 0.305214
7421.398438 0.000000 1075.064941 0.000000 0.862582 0.000000 -0.505917 0.267501 0.267501 0.267501
7461.751953 0.000000 954.283325 0.000000 0.640171 0.000000 -0.768232 0.285384 0.285384 0.285384
7494.113770 0.000000 942.708496 0.000000 0.922562 0.000000 -0.385850 0.211738 0.211738 0.211738
7539.232422 0.000000 923.103943 0.000000 0.814004 0.000000 -0.580859 0.311837 0.311837 0.311837
7494.216797 0.000000 950.981934 0.000000 0.642189 0.000000 -0.766546 0.281659 0.281659 0.281659
7491.034668 0.000000 957.908325 0.000000 0.824834 0.000000 -0.565375 0.257082 0.257082 0.257082
7490.838379 0.000000 955.048340 0.000000 0.850906 0.000000 -0.525318 0.254163 0.254163 0.254163
7550.777344 0.000000 924.178162 0.000000 0.808997 0.000000 -0.587813 0.312001 0.312001 0.312001
7550.222168 0.000000 926.461670 0.000000 0.944304 0.000000 -0.329074 0.306404 0.306404 0.306404
7525.564453 0.000000 948.403687 0.000000 0.895976 0.000000 -0.444102 0.308030 0.308030 0.308030
7550.782227 0.000000 941.770081 0.000000 0.850312 0.000000 -0.526279 0.309962 0.309962 0.309962
7531.522461 0.000000 945.853821 0.000000 0.794399 0.000000 -0.607396 0.311660 0.311660 0.311660
7533.661621 0.000000 954.005493 0.000000 0.749085 0.000000 -0.662474 0.313369 0.313369 0.313369
7503.887695 0.000000 951.487305 0.000000 0.663101 0.000000 -0.748530 0.280670 0.280670 0.280670
7470.857422 0.000000 965.738220 0.000000 0.591095 0.000000 -0.806602 0.256075 0.256075 0.256075
7485.135254 0.000000 1002.960999 0.000000 0.809162 0.000000 -0.587585 0.282509 0.282509 0.282509
7483.498047 0.000000 1007.268372 0.000000 0.589755 0.000000 -0.807582 0.261000 0.261000 0.261000
7446.880859 0.000000 1000.797607 0.000000 0.939950 0.000000 -0.341312 0.301313 0.301313 0.301313
7498.749023 0.000000 1002.427246 0.000000 0.917038 0.000000 -0.398801 0.203162 0.203162 0.203162
7495.290527 0.000000 994.906738 0.000000 0.923760 0.000000 -0.382973 0.219240 0.219240 0.219240
7492.637695 0.000000 978.807190 0.000000 0.893593 0.000000 -0.448879 0.219844 0.219844 0.219844
7523.248535 0.000000 974.595764 0.000000 0.661861 0.000000 -0.749627 0.316186 0.316186 0.316186
7497.975098 0.000000 997.746460 0.000000 0.852442 0.000000 -0.522822 0.267751 0.267751 0.267751
7521.168457 0.000000 980.526672 0.000000 0.745387 0.000000 -0.666632 0.313936 0.313936 0.313936
7514.746094 0.000000 960.261353 0.000000 0.743892 0.000000 -0.668300 0.312745 0.312745 0.312745
7494.455566 0.000000 988.139587 0.000000 0.677519 0.000000 -0.735505 0.314886 0.314886 0.314886
7508.957031 0.000000 988.395325 0.000000 0.816682 0.000000 -0.577088 0.311403 0.311403 0.311403
7523.134277 0.000000 977.536011 0.000000 0.787979 0.000000 -0.615702 0.273385 0.273385 0.273385
7501.189453 0.000000 988.275085 0.000000 0.846885 0.000000 -0.531777 0.264324 0.264324 0.264324
7495.451660 0.000000 1007.952148 0.000000 0.944254 0.000000 -0.329219 0.306131 0.306131 0.306131
7574.294922 0.000000 911.223083 0.000000 0.832236 0.000000 -0.554422 0.234425 0.234425 0.234425
7571.108398 0.000000 913.727173 0.000000 0.795103 0.000000 -0.606474 0.252295 0.252295 0.252295
7554.331055 0.000000 943.695801 0.000000 0.847428 0.000000 -0.530911 0.229448 0.229448 0.229448
7570.551758 0.000000 915.642578 0.000000 0.895944 0.000000 -0.444168 0.303767 0.303767 0.303767
7553.437988 0.000000 941.710632 0.000000 0.729291 0.000000 -0.684203 0.314391 0.314391 0.314391
7576.170898 0.000000 915.250854 0.000000 0.735223 0.000000 -0.677826 0.267193 0.267193 0.267193
7553.633789 0.000000 929.480591 0.000000 0.716009 0.000000 -0.698091 0.280894 0.280894 0.280894
7475.232422 0.000000 1036.072632 0.000000 0.763301 0.000000 -0.646043 0.278119 0.278119 0.278119
7446.173340 0.000000 1056.060303 0.000000 0.735641 0.000000 -0.677372 0.290220 0.290220 0.290220
7473.404785 0.000000 1036.176880 0.000000 0.926859 0.000000 -0.375408 0.276748 0.276748 0.276748
7472.528809 0.000000 1037.599731 0.000000 0.737372 0.000000 -0.675487 0.281681 0.281681 0.281681
7428.645020 0.000000 1061.332642 0.000000 0.756663 0.000000 -0.653805 0.261980 0.261980 0.261980
7446.790527 0.000000 1043.247559 0.000000 0.914291 0.000000 -0.405058 0.253790 0.253790 0.253790
7424.046387 0.000000 1071.482056 0.000000 0.873388 0.000000 -0.487026 0.256017 0.256017 0.256017
7486.061523 0.000000 1024.906860 0.000000 0.876465 0.000000 -0.481465 0.308747 0.308747 0.308747
7476.127930 0.000000 1022.204102 0.000000 0.818423 0.000000 -0.574616 0.311691 0.311691 0.311691
7424.013672 0.000000 1077.725830 0.000000 0.901045 0.000000 -0.433725 0.227275 0.227275 0.227275
7422.371094 0.000000 1330.430298 0.000000 0.925618 0.000000 -0.378458 0.307413 0.307413 0.307413
7484.341309 0.000000 1295.824097 0.000000 0.873843 0.000000 -0.486208 0.219611 0.219611 0.219611
7475.473145 0.000000 1283.034180 0.000000 0.699980 0.000000 -0.714162 0.219600 0.219600 0.219600
7483.649902 0.000000 1297.610107 0.000000 0.675884 0.000000 -0.737008 0.315826 0.315826 0.315826
7480.193359 0.000000 1295.107056 0.000000 0.605716 0.000000 -0.795681 0.317573 0.317573 0.317573
7485.311523 0.000000 1296.947144 0.000000 0.896874 0.000000 -0.442286 0.303140 0.303140 0.303140
7513.450195 0.000000 1290.353027 0.000000 0.838557 0.000000 -0.544814 0.223708 0.223708 0.223708
7497.975098 0.000000 1280.168335 0.000000 0.769376 0.000000 -0.638796 0.313234 0.313234 0.313234
7530.572266 0.000000 1292.235107 0.000000 0.786852 0.000000 -0.617142 0.312703 0.312703 0.312703
7506.458496 0.000000 1277.752197 0.000000 0.919804 0.000000 -0.392379 0.260634 0.260634 0.260634
7507.806641 0.000000 1277.957520 0.000000 0.872174 0.000000 -0.489195 0.261943 0.261943 0.261943
7503.678223 0.000000 1279.073486 0.000000 0.938190 0.000000 -0.346122 0.306393 0.306393 0.306393
7519.819336 0.000000 1275.392090 0.000000 0.782272 0.000000 -0.622937 0.312844 0.312844 0.312844
7444.862305 0.000000 1347.807617 0.000000 0.946425 0.000000 -0.322924 0.212946 0.212946 0.212946
7460.267090 0.000000 1324.031372 0.000000 0.905357 0.000000 -0.424652 0.237093 0.237093 0.237093
7430.066895 0.000000 1332.276123 0.000000 0.833031 0.000000 -0.553226 0.241504 0.241504 0.241504
7444.110352 0.000000 1312.778442 0.000000 0.767192 0.000000 -0.641417 0.274420 0.274420 0.274420
7460.762207 0.000000 1320.645752 0.000000 0.843837 0.000000 -0.536599 0.310181 0.310181 0.310181
7433.975098 0.000000 1336.652710 0.000000 0.924192 0.000000 -0.381928 0.256416 0.256416 0.256416
7464.327148 0.000000 1321.412476 0.000000 0.723967 0.000000 -0.689835 0.314539 0.314539 0.314539
7462.039062 0.000000 1317.242310 0.000000 0.914788 0.000000 -0.403934 0.307941 0.307941 0.307941
7465.028320 0.000000 1325.847412 0.000000 0.846437 0.000000 -0.532488 0.310725 0.310725 0.310725
7477.819336 0.000000 1307.766357 0.000000 0.698020 0.000000 -0.716078 0.315244 0.315244 0.315244
7468.527832 0.000000 1307.124390 0.000000 0.949657 0.000000 -0.313291 0.245728 0.245728 0.245728
7437.914551 0.000000 1317.383667 0.000000 0.884438 0.000000 -0.466658 0.301815 0.301815 0.301815
7462.613281 0.000000 1320.011353 0.000000 0.919728 0.000000 -0.392556 0.307705 0.307705 0.307705
7438.587891 0.000000 1306.909424 0.000000 0.737451 0.000000 -0.675400 0.313079 0.313079 0.313079
7467.860840 0.000000 1324.446655 0.000000 0.619566 0.000000 -0.784945 0.256900 0.256900 0.256900
7453.245605 0.000000 1334.975464 0.000000 0.709394 0.000000 -0.704813 0.264019 0.264019 0.264019
7440.744141 0.000000 1308.735352 0.000000 0.703543 0.000000 -0.710653 0.315096 0.315096 0.315096
7437.528320 0.000000 1353.659058 0.000000 0.656237 0.000000 -0.754554 0.316233 0.316233 0.316233
7432.569824 0.000000 1355.077637 0.000000 0.868655 0.000000 -0.495418 0.309899 0.309899 0.309899
7445.857422 0.000000 1348.727783 0.000000 0.708045 0.000000 -0.706167 0.314975 0.314975 0.314975
7427.718262 0.000000 1327.934570 0.000000 0.611695 0.000000 -0.791094 0.316541 0.316541 0.316541
7520.666016 0.000000 1299.779541 0.000000 0.668565 0.000000 -0.743654 0.247689 0.247689 0.247689
7883.621582 0.000000 1006.157959 0.000000 0.874406 0.000000 -0.485195 0.286724 0.286724 0.286724
7877.392090 0.000000 1009.974182 0.000000 0.926816 0.000000 -0.375515 0.307352 0.307352 0.307352
7860.116699 0.000000 1019.049622 0.000000 0.806103 0.000000 -0.591775 0.235451 0.235451 0.235451
8144.687012 0.000000 1099.317017 0.000000 0.740949 0.000000 -0.671561 0.312877 0.312877 0.312877
7436.231934 0.000000 1358.461548 0.000000 0.720408 0.000000 -0.693550 0.313604 0.313604 0.313604
7459.859863 0.000000 1361.307373 0.000000 0.893956 0.000000 -0.448154 0.308875 0.308875 0.308875
7458.940430 0.000000 1365.711426 0.000000 0.721738 0.000000 -0.692167 0.313599 0.313599 0.313599
7464.266113 0.000000 1384.388428 0.000000 0.816511 0.000000 -0.577329 0.266191 0.266191 0.266191
7506.112793 0.000000 1381.816650 0.000000 0.941817 0.000000 -0.336126 0.226903 0.226903 0.226903
7489.897461 0.000000 1378.416504 0.000000 0.778278 0.000000 -0.627920 0.295303 0.295303 0.295303
7446.839355 0.000000 1462.674194 0.000000 0.664486 0.000000 -0.747300 0.272083 0.272083 0.272083
7444.429199 0.000000 1462.132080 0.000000 0.590949 0.000000 -0.806709 0.317398 0.317398 0.317398
7436.281738 0.000000 1464.111328 0.000000 0.895284 0.000000 -0.445496 0.289015 0.289015 0.289015
7519.343262 0.000000 1455.246216 0.000000 0.704846 0.000000 -0.709360 0.313939 0.313939 0.313939
7521.783691 0.000000 1455.673584 0.000000 0.827052 0.000000 -0.562126 0.311401 0.311401 0.311401
7564.277832 0.000000 1410.881226 0.000000 0.720149 0.000000 -0.693819 0.226539 0.226539 0.226539
7562.837402 0.000000 1407.233154 0.000000 0.896815 0.000000 -0.442405 0.301368 0.301368 0.301368
7554.838379 0.000000 1406.923340 0.000000 0.665182 0.000000 -0.746681 0.287989 0.287989 0.287989
7560.996094 0.000000 1406.843872 0.000000 0.950120 0.000000 -0.311884 0.291490 0.291490 0.291490
7555.614258 0.000000 1398.203979 0.000000 0.590290 0.000000 -0.807191 0.317941 0.317941 0.317941
7579.966309 0.000000 1404.894165 0.000000 0.779738 0.000000 -0.626106 0.312921 0.312921 0.312921
7635.958008 0.000000 1362.337524 0.000000 0.668608 0.000000 -0.743615 0.210955 0.210955 0.210955
7639.051758 0.000000 1358.672852 0.000000 0.754987 0.000000 -0.655740 0.234440 0.234440 0.234440
7640.543945 0.000000 1365.802490 0.000000 0.630180 0.000000 -0.776449 0.291733 0.291733 0.291733
7643.648926 0.000000 1363.058472 0.000000 0.761147 0.000000 -0.648579 0.313478 0.313478 0.313478
7643.908691 0.000000 1361.128540 0.000000 0.893827 0.000000 -0.448411 0.295563 0.295563 0.295563
7637.351074 0.000000 1362.054077 0.000000 0.867139 0.000000 -0.498066 0.309957 0.309957 0.309957
7579.908691 0.000000 1417.612915 0.000000 0.684129 0.000000 -0.729361 0.315611 0.315611 0.315611
7561.044434 0.000000 1415.310791 0.000000 0.738424 0.000000 -0.674337 0.309053 0.309053 0.309053
8039.991211 0.000000 1557.969727 0.000000 0.941154 0.000000 -0.337977 0.300670 0.300670 0.300670
"}
object={
	name="rainforest_sparse_generator_2_4"
	clamp_to_water_level=no
	render_under_water=no
	generated_content=yes
	layer="semidynamic_medium"
	pdxmesh="tree_rainforest_005_mesh"
	count=411
	transform="2413.863037 0.000000 1232.989014 0.000000 0.332782 0.000000 -0.943004 0.231813 0.231813 0.231813
2422.213135 0.000000 1229.177246 0.000000 0.239608 0.000000 -0.970870 0.303345 0.303345 0.303345
2423.191162 0.000000 1228.062378 0.000000 0.443037 0.000000 -0.896503 0.300054 0.300054 0.300054
2418.095459 0.000000 1226.508789 0.000000 0.317142 0.000000 -0.948378 0.295072 0.295072 0.295072
2422.159912 0.000000 1236.818604 0.000000 0.183795 0.000000 -0.982965 0.326470 0.326470 0.326470
2447.977051 0.000000 1235.239014 0.000000 0.568061 0.000000 -0.822987 0.249026 0.249026 0.249026
2437.887695 0.000000 1217.000488 0.000000 0.198595 0.000000 -0.980082 0.232407 0.232407 0.232407
2433.897461 0.000000 1208.963379 0.000000 0.556462 0.000000 -0.830873 0.317958 0.317958 0.317958
2435.273438 0.000000 1211.005127 0.000000 0.576115 0.000000 -0.817369 0.318274 0.318274 0.318274
2455.808105 0.000000 1247.489990 0.000000 0.352081 0.000000 -0.935970 0.309243 0.309243 0.309243
2260.194824 0.000000 1683.959717 0.000000 0.049769 0.000000 -0.998761 0.210556 0.210556 0.210556
2251.119385 0.000000 1691.666016 0.000000 0.250651 0.000000 -0.968077 0.244491 0.244491 0.244491
2257.633057 0.000000 1686.875732 0.000000 0.250394 0.000000 -0.968144 0.325166 0.325166 0.325166
2258.752686 0.000000 1684.401001 0.000000 0.505852 0.000000 -0.862620 0.319871 0.319871 0.319871
2259.485352 0.000000 1687.016357 0.000000 0.091764 0.000000 -0.995781 0.328245 0.328245 0.328245
2171.669434 0.000000 1770.720459 0.000000 0.415512 0.000000 -0.909588 0.210751 0.210751 0.210751
2164.968994 0.000000 1755.373535 0.000000 0.334181 0.000000 -0.942509 0.213232 0.213232 0.213232
2154.622314 0.000000 1805.040649 0.000000 0.468755 0.000000 -0.883328 0.221313 0.221313 0.221313
2174.998535 0.000000 1774.997192 0.000000 0.566545 0.000000 -0.824031 0.230113 0.230113 0.230113
2159.226074 0.000000 1791.959839 0.000000 0.427180 0.000000 -0.904167 0.260067 0.260067 0.260067
2165.526611 0.000000 1784.951172 0.000000 0.089778 0.000000 -0.995962 0.328283 0.328283 0.328283
2157.321289 0.000000 1789.498535 0.000000 0.235642 0.000000 -0.971840 0.325457 0.325457 0.325457
2194.867188 0.000000 1737.495117 0.000000 0.460395 0.000000 -0.887714 0.208563 0.208563 0.208563
2196.010742 0.000000 1738.740601 0.000000 0.497029 0.000000 -0.867734 0.319554 0.319554 0.319554
2193.633057 0.000000 1743.360107 0.000000 0.069902 0.000000 -0.997554 0.323141 0.323141 0.323141
2196.233154 0.000000 1736.650879 0.000000 0.043235 0.000000 -0.999065 0.328316 0.328316 0.328316
2192.417480 0.000000 1740.402222 0.000000 0.192597 0.000000 -0.981278 0.286590 0.286590 0.286590
2267.115967 0.000000 1713.006470 0.000000 0.564961 0.000000 -0.825117 0.216166 0.216166 0.216166
2264.755615 0.000000 1713.880493 0.000000 0.470004 0.000000 -0.882664 0.224363 0.224363 0.224363
2274.170654 0.000000 1722.888550 0.000000 0.311847 0.000000 -0.950132 0.257684 0.257684 0.257684
2246.638672 0.000000 1704.084106 0.000000 0.429996 0.000000 -0.902831 0.321511 0.321511 0.321511
2279.139160 0.000000 1718.258911 0.000000 0.256078 0.000000 -0.966656 0.300505 0.300505 0.300505
2261.480713 0.000000 1698.289307 0.000000 0.534484 0.000000 -0.845178 0.282234 0.282234 0.282234
2178.492188 0.000000 1754.605225 0.000000 0.057318 0.000000 -0.998356 0.219722 0.219722 0.219722
2179.098633 0.000000 1769.139648 0.000000 0.236436 0.000000 -0.971647 0.300161 0.300161 0.300161
2181.821045 0.000000 1768.621826 0.000000 0.458811 0.000000 -0.888534 0.294107 0.294107 0.294107
2176.011719 0.000000 1775.868774 0.000000 0.551687 0.000000 -0.834051 0.300027 0.300027 0.300027
2183.860840 0.000000 1784.355835 0.000000 0.526546 0.000000 -0.850147 0.317659 0.317659 0.317659
2176.065918 0.000000 1757.052856 0.000000 0.317864 0.000000 -0.948136 0.322794 0.322794 0.322794
2183.816406 0.000000 1781.478760 0.000000 0.529539 0.000000 -0.848286 0.296047 0.296047 0.296047
2340.845703 0.000000 1684.026733 0.000000 0.585003 0.000000 -0.811031 0.235996 0.235996 0.235996
2322.928467 0.000000 1678.951660 0.000000 0.434483 0.000000 -0.900680 0.237632 0.237632 0.237632
2324.010742 0.000000 1682.256226 0.000000 0.051876 0.000000 -0.998654 0.268335 0.268335 0.268335
2323.982178 0.000000 1692.229004 0.000000 0.112088 0.000000 -0.993698 0.327855 0.327855 0.327855
2318.515625 0.000000 1687.993530 0.000000 0.306160 0.000000 -0.951980 0.276735 0.276735 0.276735
2323.869141 0.000000 1689.366577 0.000000 0.472608 0.000000 -0.881273 0.320518 0.320518 0.320518
2320.417480 0.000000 1683.917847 0.000000 0.124908 0.000000 -0.992168 0.297926 0.297926 0.297926
2319.857666 0.000000 1693.337158 0.000000 0.098720 0.000000 -0.995115 0.328112 0.328112 0.328112
2322.458984 0.000000 1689.484009 0.000000 0.123706 0.000000 -0.992319 0.327523 0.327523 0.327523
2413.790771 0.000000 1707.869385 0.000000 0.112773 0.000000 -0.993621 0.209572 0.209572 0.209572
2413.452393 0.000000 1723.101074 0.000000 0.307764 0.000000 -0.951463 0.215290 0.215290 0.215290
2411.719727 0.000000 1712.117920 0.000000 0.423720 0.000000 -0.905793 0.321643 0.321643 0.321643
2405.208008 0.000000 1720.570557 0.000000 0.047959 0.000000 -0.998849 0.326289 0.326289 0.326289
1758.946777 0.000000 1933.707764 0.000000 0.050001 0.000000 -0.998749 0.228001 0.228001 0.228001
1773.746216 0.000000 1940.604736 0.000000 0.490918 0.000000 -0.871206 0.306165 0.306165 0.306165
1781.819214 0.000000 1929.094482 0.000000 0.346417 0.000000 -0.938081 0.321466 0.321466 0.321466
1820.971191 0.000000 1909.297119 0.000000 0.020227 0.000000 -0.999795 0.244839 0.244839 0.244839
1823.343506 0.000000 1907.121216 0.000000 0.447784 0.000000 -0.894142 0.320014 0.320014 0.320014
1855.537720 0.000000 1894.250732 0.000000 0.224468 0.000000 -0.974482 0.262489 0.262489 0.262489
1840.299683 0.000000 1900.130859 0.000000 0.482264 0.000000 -0.876026 0.296864 0.296864 0.296864
1853.998047 0.000000 1896.610474 0.000000 0.409988 0.000000 -0.912091 0.321244 0.321244 0.321244
1833.330078 0.000000 1905.146118 0.000000 0.305945 0.000000 -0.952049 0.267225 0.267225 0.267225
1842.026733 0.000000 1900.068604 0.000000 0.004635 0.000000 -0.999989 0.264340 0.264340 0.264340
1834.445190 0.000000 1902.840210 0.000000 0.512880 0.000000 -0.858460 0.319715 0.319715 0.319715
1832.332397 0.000000 1902.187378 0.000000 0.413658 0.000000 -0.910432 0.278420 0.278420 0.278420
1852.552368 0.000000 1893.403564 0.000000 0.546295 0.000000 -0.837593 0.315179 0.315179 0.315179
1881.268799 0.000000 1880.393555 0.000000 0.126595 0.000000 -0.991955 0.209372 0.209372 0.209372
1875.159302 0.000000 1884.203979 0.000000 0.281334 0.000000 -0.959610 0.323205 0.323205 0.323205
1917.900391 0.000000 1917.052246 0.000000 0.178005 0.000000 -0.984030 0.326582 0.326582 0.326582
1877.588501 0.000000 1882.529053 0.000000 0.186104 0.000000 -0.982530 0.285389 0.285389 0.285389
1929.349487 0.000000 1916.539429 0.000000 0.318908 0.000000 -0.947786 0.211500 0.211500 0.211500
1948.806519 0.000000 1914.347412 0.000000 0.526620 0.000000 -0.850101 0.240942 0.240942 0.240942
1979.649170 0.000000 1885.497070 0.000000 0.054461 0.000000 -0.998516 0.243871 0.243871 0.243871
1945.114868 0.000000 1918.310791 0.000000 0.559664 0.000000 -0.828720 0.318656 0.318656 0.318656
2039.191162 0.000000 1905.874878 0.000000 0.000832 0.000000 -1.000000 0.272832 0.272832 0.272832
2034.095459 0.000000 1904.321289 0.000000 0.478819 0.000000 -0.877914 0.280603 0.280603 0.280603
1881.163940 0.000000 1976.328125 0.000000 0.300439 0.000000 -0.953801 0.221542 0.221542 0.221542
1892.999878 0.000000 1955.150269 0.000000 0.139380 0.000000 -0.990239 0.250686 0.250686 0.250686
1897.028320 0.000000 1947.175537 0.000000 0.442905 0.000000 -0.896569 0.321237 0.321237 0.321237
1896.266113 0.000000 1949.232178 0.000000 0.114237 0.000000 -0.993454 0.327813 0.327813 0.327813
1868.652466 0.000000 2002.380005 0.000000 0.126473 0.000000 -0.991970 0.209806 0.209806 0.209806
1879.052002 0.000000 1980.000977 0.000000 0.147660 0.000000 -0.989038 0.258253 0.258253 0.258253
1866.323975 0.000000 2008.446533 0.000000 0.113070 0.000000 -0.993587 0.272778 0.272778 0.272778
1866.960205 0.000000 2011.118042 0.000000 0.458018 0.000000 -0.888943 0.309294 0.309294 0.309294
1876.698120 0.000000 1982.137207 0.000000 0.244847 0.000000 -0.969562 0.248962 0.248962 0.248962
1868.962891 0.000000 2007.073853 0.000000 0.196747 0.000000 -0.980454 0.324624 0.324624 0.324624
1865.120239 0.000000 2001.228027 0.000000 0.284185 0.000000 -0.958769 0.268128 0.268128 0.268128
1863.009521 0.000000 1998.593018 0.000000 0.350204 0.000000 -0.936673 0.321940 0.321940 0.321940
1869.583374 0.000000 2009.722046 0.000000 0.400647 0.000000 -0.916233 0.322127 0.322127 0.322127
2020.590088 0.000000 1930.475464 0.000000 0.093719 0.000000 -0.995599 0.210029 0.210029 0.210029
2020.294800 0.000000 1924.125488 0.000000 0.407541 0.000000 -0.913187 0.220016 0.220016 0.220016
1991.854370 0.000000 1931.216797 0.000000 0.519522 0.000000 -0.854457 0.317725 0.317725 0.317725
2025.043945 0.000000 1932.484375 0.000000 0.363132 0.000000 -0.931738 0.240225 0.240225 0.240225
2023.815552 0.000000 1930.022461 0.000000 0.413562 0.000000 -0.910476 0.320143 0.320143 0.320143
2027.719849 0.000000 1938.055420 0.000000 0.525236 0.000000 -0.850956 0.256339 0.256339 0.256339
2041.095215 0.000000 1944.248413 0.000000 0.561845 0.000000 -0.827242 0.280552 0.280552 0.280552
2034.837158 0.000000 1962.145020 0.000000 0.548457 0.000000 -0.836179 0.298836 0.298836 0.298836
2043.157593 0.000000 1978.704834 0.000000 0.051909 0.000000 -0.998652 0.267041 0.267041 0.267041
1836.304199 0.000000 2057.136963 0.000000 0.233756 0.000000 -0.972295 0.222092 0.222092 0.222092
1846.075073 0.000000 2054.982422 0.000000 0.035974 0.000000 -0.999353 0.226214 0.226214 0.226214
1853.048584 0.000000 2072.702881 0.000000 0.251038 0.000000 -0.967977 0.233189 0.233189 0.233189
1846.872070 0.000000 2053.822754 0.000000 0.554149 0.000000 -0.832417 0.272000 0.272000 0.272000
1839.419800 0.000000 2056.091797 0.000000 0.153196 0.000000 -0.988196 0.277439 0.277439 0.277439
1955.450684 0.000000 2211.551270 0.000000 0.532715 0.000000 -0.846295 0.258092 0.258092 0.258092
1982.787476 0.000000 2221.574707 0.000000 0.086407 0.000000 -0.996260 0.269224 0.269224 0.269224
1955.814331 0.000000 2214.062012 0.000000 0.190498 0.000000 -0.981688 0.288555 0.288555 0.288555
2018.040283 0.000000 2221.195557 0.000000 0.377855 0.000000 -0.925865 0.208272 0.208272 0.208272
2011.921387 0.000000 2218.846436 0.000000 0.023494 0.000000 -0.999724 0.216192 0.216192 0.216192
2040.713501 0.000000 2232.313721 0.000000 0.070286 0.000000 -0.997527 0.230366 0.230366 0.230366
1995.631714 0.000000 2219.406982 0.000000 0.289749 0.000000 -0.957103 0.253524 0.253524 0.253524
1997.989746 0.000000 2229.805176 0.000000 0.018680 0.000000 -0.999826 0.253850 0.253850 0.253850
2036.948608 0.000000 2229.616699 0.000000 0.282605 0.000000 -0.959236 0.249824 0.249824 0.249824
1995.020874 0.000000 2214.132812 0.000000 0.334954 0.000000 -0.942235 0.239263 0.239263 0.239263
2023.873657 0.000000 2239.678223 0.000000 0.375399 0.000000 -0.926863 0.256318 0.256318 0.256318
2016.125000 0.000000 2212.032715 0.000000 0.055509 0.000000 -0.998458 0.257969 0.257969 0.257969
2003.362671 0.000000 2211.202148 0.000000 0.444728 0.000000 -0.895666 0.239378 0.239378 0.239378
1987.098755 0.000000 2221.014648 0.000000 0.244677 0.000000 -0.969605 0.272437 0.272437 0.272437
2032.720703 0.000000 2232.934326 0.000000 0.207985 0.000000 -0.978132 0.263954 0.263954 0.263954
2021.195312 0.000000 2211.482910 0.000000 0.557950 0.000000 -0.829875 0.255295 0.255295 0.255295
2000.717651 0.000000 2215.227783 0.000000 0.009538 0.000000 -0.999955 0.272728 0.272728 0.272728
2028.925659 0.000000 2219.458008 0.000000 0.444355 0.000000 -0.895851 0.321123 0.321123 0.321123
2000.744019 0.000000 2212.485352 0.000000 0.505615 0.000000 -0.862759 0.318668 0.318668 0.318668
2003.362671 0.000000 2267.686523 0.000000 0.253077 0.000000 -0.967446 0.263426 0.263426 0.263426
2001.197510 0.000000 2266.168213 0.000000 0.284648 0.000000 -0.958632 0.249802 0.249802 0.249802
2156.877197 0.000000 1841.286987 0.000000 0.065100 0.000000 -0.997879 0.210262 0.210262 0.210262
2170.465088 0.000000 1843.787354 0.000000 0.184894 0.000000 -0.982758 0.238197 0.238197 0.238197
2156.378174 0.000000 1807.996216 0.000000 0.053744 0.000000 -0.998555 0.315451 0.315451 0.315451
2154.243408 0.000000 1813.384888 0.000000 0.140706 0.000000 -0.990051 0.263450 0.263450 0.263450
2162.095459 0.000000 1847.836914 0.000000 0.340174 0.000000 -0.940363 0.313946 0.313946 0.313946
2168.429443 0.000000 1844.695435 0.000000 0.524811 0.000000 -0.851219 0.279897 0.279897 0.279897
2077.530273 0.000000 1974.642212 0.000000 0.343743 0.000000 -0.939064 0.322567 0.322567 0.322567
2050.331055 0.000000 1960.414551 0.000000 0.297282 0.000000 -0.954790 0.240261 0.240261 0.240261
2065.260742 0.000000 1963.033081 0.000000 0.067224 0.000000 -0.997738 0.262993 0.262993 0.262993
2074.534668 0.000000 1975.264160 0.000000 0.547038 0.000000 -0.837108 0.239483 0.239483 0.239483
2081.938477 0.000000 1971.357300 0.000000 0.524537 0.000000 -0.851388 0.261908 0.261908 0.261908
2052.645020 0.000000 1965.082642 0.000000 0.562173 0.000000 -0.827020 0.296090 0.296090 0.296090
2048.951172 0.000000 1934.703979 0.000000 0.224727 0.000000 -0.974422 0.325671 0.325671 0.325671
2048.096924 0.000000 1960.506226 0.000000 0.420855 0.000000 -0.907128 0.263269 0.263269 0.263269
2048.049316 0.000000 1951.166992 0.000000 0.154641 0.000000 -0.987971 0.294892 0.294892 0.294892
2075.966064 0.000000 1969.737915 0.000000 0.328434 0.000000 -0.944527 0.321942 0.321942 0.321942
2050.422363 0.000000 1933.535034 0.000000 0.585684 0.000000 -0.810539 0.318050 0.318050 0.318050
2051.718506 0.000000 1949.262695 0.000000 0.503277 0.000000 -0.864125 0.319928 0.319928 0.319928
2073.668701 0.000000 1969.565552 0.000000 0.114983 0.000000 -0.993367 0.327799 0.327799 0.327799
2090.157715 0.000000 1999.789429 0.000000 0.317626 0.000000 -0.948216 0.208503 0.208503 0.208503
2079.953369 0.000000 1982.628296 0.000000 0.430178 0.000000 -0.902744 0.232737 0.232737 0.232737
2089.985107 0.000000 1997.889771 0.000000 0.558774 0.000000 -0.829320 0.318676 0.318676 0.318676
2055.854248 0.000000 1987.701172 0.000000 0.272464 0.000000 -0.962166 0.242387 0.242387 0.242387
2054.638672 0.000000 1986.505981 0.000000 0.564168 0.000000 -0.825660 0.239286 0.239286 0.239286
2093.746338 0.000000 1997.089111 0.000000 0.179819 0.000000 -0.983700 0.324777 0.324777 0.324777
2102.224854 0.000000 1992.131836 0.000000 0.126227 0.000000 -0.992001 0.326123 0.326123 0.326123
2074.746094 0.000000 1976.980103 0.000000 0.441479 0.000000 -0.897272 0.254287 0.254287 0.254287
2101.819092 0.000000 1985.578857 0.000000 0.522896 0.000000 -0.852396 0.263787 0.263787 0.263787
2086.213623 0.000000 1986.966431 0.000000 0.070713 0.000000 -0.997497 0.321800 0.321800 0.321800
2093.449951 0.000000 1979.472534 0.000000 0.517294 0.000000 -0.855808 0.319616 0.319616 0.319616
2089.112793 0.000000 1987.390869 0.000000 0.272211 0.000000 -0.962238 0.258137 0.258137 0.258137
2069.720947 0.000000 1989.125854 0.000000 0.349681 0.000000 -0.936869 0.250352 0.250352 0.250352
2089.913086 0.000000 1994.347900 0.000000 0.534796 0.000000 -0.844981 0.318620 0.318620 0.318620
2086.613281 0.000000 1997.823853 0.000000 0.201327 0.000000 -0.979524 0.323823 0.323823 0.323823
2100.736572 0.000000 2001.804199 0.000000 0.463451 0.000000 -0.886123 0.289624 0.289624 0.289624
2083.814209 0.000000 1988.124512 0.000000 0.109754 0.000000 -0.993959 0.294230 0.294230 0.294230
2252.277832 0.000000 2088.693848 0.000000 0.501608 0.000000 -0.865095 0.227731 0.227731 0.227731
2248.235840 0.000000 2097.304443 0.000000 0.546805 0.000000 -0.837260 0.269016 0.269016 0.269016
2108.605713 0.000000 2234.817139 0.000000 0.196747 0.000000 -0.980454 0.228029 0.228029 0.228029
2102.093750 0.000000 2227.157959 0.000000 0.240716 0.000000 -0.970596 0.299450 0.299450 0.299450
2059.004883 0.000000 2228.710693 0.000000 0.567880 0.000000 -0.823111 0.242297 0.242297 0.242297
2103.532715 0.000000 2227.500488 0.000000 0.121877 0.000000 -0.992545 0.301236 0.301236 0.301236
2147.024170 0.000000 2223.462646 0.000000 0.051398 0.000000 -0.998678 0.226089 0.226089 0.226089
2152.686523 0.000000 2221.543701 0.000000 0.188000 0.000000 -0.982169 0.238799 0.238799 0.238799
2155.594971 0.000000 2225.290283 0.000000 0.096853 0.000000 -0.995299 0.256883 0.256883 0.256883
2156.925537 0.000000 2219.458008 0.000000 0.374763 0.000000 -0.927121 0.254448 0.254448 0.254448
2138.272705 0.000000 2230.974121 0.000000 0.240013 0.000000 -0.970770 0.298169 0.298169 0.298169
2113.273926 0.000000 2230.410400 0.000000 0.374601 0.000000 -0.927186 0.320400 0.320400 0.320400
2179.585205 0.000000 2222.483887 0.000000 0.521593 0.000000 -0.853194 0.302458 0.302458 0.302458
2180.648926 0.000000 2225.000732 0.000000 0.544834 0.000000 -0.838544 0.296402 0.296402 0.296402
7390.899414 0.000000 617.705566 0.000000 0.569219 0.000000 -0.822186 0.266835 0.266835 0.266835
7416.590820 0.000000 618.754456 0.000000 0.349083 0.000000 -0.937092 0.259765 0.259765 0.259765
7418.732422 0.000000 618.516663 0.000000 0.515460 0.000000 -0.856914 0.312642 0.312642 0.312642
7392.008789 0.000000 615.328125 0.000000 0.440994 0.000000 -0.897510 0.321278 0.321278 0.321278
7415.190918 0.000000 606.734314 0.000000 0.574287 0.000000 -0.818654 0.317598 0.317598 0.317598
7389.439453 0.000000 611.730469 0.000000 0.260746 0.000000 -0.965407 0.323836 0.323836 0.323836
7415.635742 0.000000 597.127197 0.000000 0.396749 0.000000 -0.917927 0.322208 0.322208 0.322208
7422.371094 0.000000 596.133423 0.000000 0.223655 0.000000 -0.974668 0.277819 0.277819 0.277819
7421.768066 0.000000 592.041931 0.000000 0.340341 0.000000 -0.940302 0.323367 0.323367 0.323367
7415.542480 0.000000 644.457886 0.000000 0.487248 0.000000 -0.873264 0.216871 0.216871 0.216871
7395.097656 0.000000 663.428162 0.000000 0.144175 0.000000 -0.989552 0.240476 0.240476 0.240476
7390.427246 0.000000 659.615295 0.000000 0.060494 0.000000 -0.998169 0.234893 0.234893 0.234893
7395.248535 0.000000 635.689514 0.000000 0.226134 0.000000 -0.974096 0.251686 0.251686 0.251686
7394.527344 0.000000 628.435669 0.000000 0.295248 0.000000 -0.955421 0.324276 0.324276 0.324276
7423.198730 0.000000 656.348206 0.000000 0.546764 0.000000 -0.837287 0.272731 0.272731 0.272731
7414.250977 0.000000 649.091431 0.000000 0.526678 0.000000 -0.850065 0.256938 0.256938 0.256938
7397.641113 0.000000 628.454529 0.000000 0.448062 0.000000 -0.894002 0.298072 0.298072 0.298072
7393.198730 0.000000 656.179199 0.000000 0.484106 0.000000 -0.875009 0.281148 0.281148 0.281148
7416.776367 0.000000 648.171326 0.000000 0.582321 0.000000 -0.812959 0.295722 0.295722 0.295722
7433.975098 0.000000 602.355835 0.000000 0.294490 0.000000 -0.955654 0.291571 0.291571 0.291571
7447.132812 0.000000 602.792480 0.000000 0.439252 0.000000 -0.898364 0.257424 0.257424 0.257424
7425.867188 0.000000 621.046814 0.000000 0.474024 0.000000 -0.880512 0.268807 0.268807 0.268807
7426.931152 0.000000 596.318481 0.000000 0.481578 0.000000 -0.876403 0.320404 0.320404 0.320404
7424.129395 0.000000 596.888367 0.000000 0.014231 0.000000 -0.999899 0.329728 0.329728 0.329728
7448.837891 0.000000 602.955444 0.000000 0.300729 0.000000 -0.953710 0.271092 0.271092 0.271092
7446.808594 0.000000 607.862732 0.000000 0.451299 0.000000 -0.892373 0.320480 0.320480 0.320480
7432.569824 0.000000 620.780701 0.000000 0.351204 0.000000 -0.936299 0.264142 0.264142 0.264142
7500.281738 0.000000 616.845764 0.000000 0.357126 0.000000 -0.934056 0.323025 0.323025 0.323025
7488.036621 0.000000 611.438965 0.000000 0.145272 0.000000 -0.989392 0.315283 0.315283 0.315283
7462.465332 0.000000 646.425842 0.000000 0.178480 0.000000 -0.983944 0.209240 0.209240 0.209240
7454.600098 0.000000 671.031738 0.000000 0.214265 0.000000 -0.976776 0.209166 0.209166 0.209166
7459.373047 0.000000 648.271423 0.000000 0.509657 0.000000 -0.860378 0.214846 0.214846 0.214846
7428.015137 0.000000 627.415222 0.000000 0.263141 0.000000 -0.964757 0.218121 0.218121 0.218121
7450.002441 0.000000 635.363464 0.000000 0.006177 0.000000 -0.999981 0.230910 0.230910 0.230910
7424.164062 0.000000 677.667175 0.000000 0.209699 0.000000 -0.977766 0.224163 0.224163 0.224163
7438.324707 0.000000 645.216064 0.000000 0.089504 0.000000 -0.995986 0.239082 0.239082 0.239082
7426.200195 0.000000 637.947388 0.000000 0.570877 0.000000 -0.821036 0.238597 0.238597 0.238597
7433.975098 0.000000 658.840210 0.000000 0.143892 0.000000 -0.989593 0.238579 0.238579 0.238579
7455.070801 0.000000 641.985352 0.000000 0.329659 0.000000 -0.944100 0.305127 0.305127 0.305127
7467.719727 0.000000 638.914795 0.000000 0.351719 0.000000 -0.936106 0.262248 0.262248 0.262248
7430.675781 0.000000 624.213257 0.000000 0.173675 0.000000 -0.984803 0.275249 0.275249 0.275249
7457.783691 0.000000 664.892273 0.000000 0.216558 0.000000 -0.976270 0.325831 0.325831 0.325831
7464.266113 0.000000 650.091614 0.000000 0.472459 0.000000 -0.881353 0.293882 0.293882 0.293882
7456.219238 0.000000 667.483704 0.000000 0.139128 0.000000 -0.990274 0.327334 0.327334 0.327334
7429.380859 0.000000 621.486145 0.000000 0.436072 0.000000 -0.899912 0.272454 0.272454 0.272454
7429.865234 0.000000 656.154175 0.000000 0.470369 0.000000 -0.882470 0.266987 0.266987 0.266987
7442.458984 0.000000 672.765259 0.000000 0.514145 0.000000 -0.857703 0.290679 0.290679 0.290679
7477.066895 0.000000 674.531006 0.000000 0.412978 0.000000 -0.910741 0.321869 0.321869 0.321869
7453.621094 0.000000 658.475525 0.000000 0.065197 0.000000 -0.997872 0.291587 0.291587 0.291587
7500.406250 0.000000 622.276428 0.000000 0.233017 0.000000 -0.972473 0.221474 0.221474 0.221474
7491.661133 0.000000 642.401672 0.000000 0.530710 0.000000 -0.847553 0.242735 0.242735 0.242735
7498.858887 0.000000 628.856750 0.000000 0.483421 0.000000 -0.875388 0.240195 0.240195 0.240195
7489.541504 0.000000 642.492188 0.000000 0.194411 0.000000 -0.980920 0.320360 0.320360 0.320360
7500.231934 0.000000 624.164673 0.000000 0.040757 0.000000 -0.999169 0.267816 0.267816 0.267816
7505.241211 0.000000 638.959473 0.000000 0.378002 0.000000 -0.925805 0.289053 0.289053 0.289053
7515.980957 0.000000 665.269836 0.000000 0.332398 0.000000 -0.943139 0.323529 0.323529 0.323529
7496.235840 0.000000 628.710754 0.000000 0.072676 0.000000 -0.997356 0.285611 0.285611 0.285611
7497.760254 0.000000 630.029846 0.000000 0.196479 0.000000 -0.980508 0.326223 0.326223 0.326223
7493.380859 0.000000 621.486145 0.000000 0.175128 0.000000 -0.984546 0.258589 0.258589 0.258589
7493.821289 0.000000 638.934387 0.000000 0.240558 0.000000 -0.970635 0.322924 0.322924 0.322924
7496.166504 0.000000 626.912781 0.000000 0.241252 0.000000 -0.970463 0.273118 0.273118 0.273118
7517.439453 0.000000 668.214844 0.000000 0.473370 0.000000 -0.880864 0.320582 0.320582 0.320582
7502.473633 0.000000 624.852112 0.000000 0.474124 0.000000 -0.880458 0.310266 0.310266 0.310266
7402.572266 0.000000 727.391418 0.000000 0.317348 0.000000 -0.948309 0.239437 0.239437 0.239437
7413.482910 0.000000 679.134644 0.000000 0.170467 0.000000 -0.985363 0.288833 0.288833 0.288833
7403.594727 0.000000 700.212280 0.000000 0.505561 0.000000 -0.862791 0.319215 0.319215 0.319215
7417.597656 0.000000 678.529236 0.000000 0.340720 0.000000 -0.940165 0.323360 0.323360 0.323360
7399.334473 0.000000 717.570801 0.000000 0.339938 0.000000 -0.940448 0.292171 0.292171 0.292171
7425.897461 0.000000 700.604065 0.000000 0.582371 0.000000 -0.812923 0.249456 0.249456 0.249456
7463.286133 0.000000 684.634644 0.000000 0.562132 0.000000 -0.827048 0.267556 0.267556 0.267556
7527.553711 0.000000 695.014771 0.000000 0.586535 0.000000 -0.809924 0.206528 0.206528 0.206528
7529.028320 0.000000 704.519348 0.000000 0.224955 0.000000 -0.974369 0.255499 0.255499 0.255499
7518.555664 0.000000 700.149963 0.000000 0.319961 0.000000 -0.947431 0.323780 0.323780 0.323780
7538.969727 0.000000 732.071167 0.000000 0.513657 0.000000 -0.857996 0.319697 0.319697 0.319697
7517.555176 0.000000 685.785767 0.000000 0.094218 0.000000 -0.995552 0.265909 0.265909 0.265909
7515.908691 0.000000 683.316040 0.000000 0.531431 0.000000 -0.847101 0.319299 0.319299 0.319299
7535.812988 0.000000 709.916992 0.000000 0.567611 0.000000 -0.823297 0.318472 0.318472 0.318472
7473.177734 0.000000 775.910095 0.000000 0.357436 0.000000 -0.933938 0.280477 0.280477 0.280477
7478.213379 0.000000 777.302185 0.000000 0.461223 0.000000 -0.887284 0.319414 0.319414 0.319414
7482.732422 0.000000 787.969788 0.000000 0.155311 0.000000 -0.987866 0.260086 0.260086 0.260086
7483.649902 0.000000 789.250671 0.000000 0.348945 0.000000 -0.937143 0.249734 0.249734 0.249734
7485.091309 0.000000 786.008423 0.000000 0.057910 0.000000 -0.998322 0.328893 0.328893 0.328893
7485.900391 0.000000 787.364746 0.000000 0.010714 0.000000 -0.999943 0.329795 0.329795 0.329795
7477.717285 0.000000 779.779236 0.000000 0.243670 0.000000 -0.969858 0.324257 0.324257 0.324257
7539.409180 0.000000 759.783142 0.000000 0.126661 0.000000 -0.991946 0.220444 0.220444 0.220444
7547.596680 0.000000 750.823303 0.000000 0.433805 0.000000 -0.901007 0.229005 0.229005 0.229005
7495.681641 0.000000 773.214966 0.000000 0.449776 0.000000 -0.893141 0.320635 0.320635 0.320635
7535.227539 0.000000 735.816162 0.000000 0.143462 0.000000 -0.989656 0.280790 0.280790 0.280790
7556.015137 0.000000 740.383972 0.000000 0.334525 0.000000 -0.942387 0.231175 0.231175 0.231175
7562.112305 0.000000 752.450806 0.000000 0.508690 0.000000 -0.860950 0.227661 0.227661 0.227661
7571.139160 0.000000 781.960571 0.000000 0.306598 0.000000 -0.951839 0.248939 0.248939 0.248939
7569.633301 0.000000 783.125732 0.000000 0.550145 0.000000 -0.835069 0.249866 0.249866 0.249866
7564.710449 0.000000 771.030640 0.000000 0.392042 0.000000 -0.919948 0.300906 0.300906 0.300906
7465.191406 0.000000 792.911743 0.000000 0.425255 0.000000 -0.905074 0.230935 0.230935 0.230935
7479.775879 0.000000 818.506226 0.000000 0.479379 0.000000 -0.877608 0.258166 0.258166 0.258166
7485.523438 0.000000 804.366699 0.000000 0.205358 0.000000 -0.978687 0.269730 0.269730 0.269730
7486.576172 0.000000 803.044739 0.000000 0.312122 0.000000 -0.950042 0.322436 0.322436 0.322436
7584.344727 0.000000 829.098877 0.000000 0.390507 0.000000 -0.920600 0.210335 0.210335 0.210335
7568.764160 0.000000 806.733215 0.000000 0.539355 0.000000 -0.842078 0.216403 0.216403 0.216403
7579.430664 0.000000 802.808960 0.000000 0.295916 0.000000 -0.955214 0.242779 0.242779 0.242779
7565.681152 0.000000 804.553955 0.000000 0.040337 0.000000 -0.999186 0.311030 0.311030 0.311030
7572.010742 0.000000 834.990601 0.000000 0.565267 0.000000 -0.824908 0.318526 0.318526 0.318526
7573.261719 0.000000 837.942078 0.000000 0.387317 0.000000 -0.921947 0.322404 0.322404 0.322404
7569.981934 0.000000 820.693481 0.000000 0.537851 0.000000 -0.843040 0.309061 0.309061 0.309061
7569.973633 0.000000 805.702637 0.000000 0.454511 0.000000 -0.890741 0.260968 0.260968 0.260968
7589.666016 0.000000 838.617065 0.000000 0.562967 0.000000 -0.826480 0.296076 0.296076 0.296076
7571.230957 0.000000 793.470886 0.000000 0.094936 0.000000 -0.995483 0.282067 0.282067 0.282067
7566.936035 0.000000 893.837524 0.000000 0.573980 0.000000 -0.818869 0.227602 0.227602 0.227602
7566.008789 0.000000 867.010681 0.000000 0.127569 0.000000 -0.991830 0.230509 0.230509 0.230509
7566.853027 0.000000 864.167419 0.000000 0.051477 0.000000 -0.998674 0.258656 0.258656 0.258656
7584.870605 0.000000 854.511169 0.000000 0.226165 0.000000 -0.974089 0.281633 0.281633 0.281633
7555.034668 0.000000 901.423950 0.000000 0.093304 0.000000 -0.995638 0.256280 0.256280 0.256280
7562.104492 0.000000 894.356384 0.000000 0.505522 0.000000 -0.862814 0.267126 0.267126 0.267126
7423.022949 0.000000 1070.884277 0.000000 0.000627 0.000000 -1.000000 0.227774 0.227774 0.227774
7422.566406 0.000000 1072.347412 0.000000 0.573267 0.000000 -0.819368 0.318341 0.318341 0.318341
7421.311523 0.000000 1071.009644 0.000000 0.520114 0.000000 -0.854097 0.319553 0.319553 0.319553
7422.677246 0.000000 1075.749146 0.000000 0.256774 0.000000 -0.966471 0.242543 0.242543 0.242543
7414.224609 0.000000 1088.381836 0.000000 0.231124 0.000000 -0.972924 0.325546 0.325546 0.325546
7415.988281 0.000000 1088.826416 0.000000 0.095750 0.000000 -0.995405 0.328169 0.328169 0.328169
7414.458008 0.000000 1086.112549 0.000000 0.186536 0.000000 -0.982448 0.282804 0.282804 0.282804
7410.359863 0.000000 1124.950317 0.000000 0.457616 0.000000 -0.889150 0.311204 0.311204 0.311204
7460.710938 0.000000 953.246643 0.000000 0.219746 0.000000 -0.975557 0.289436 0.289436 0.289436
7494.656738 0.000000 952.567749 0.000000 0.573838 0.000000 -0.818969 0.211246 0.211246 0.211246
7522.456055 0.000000 948.702942 0.000000 0.405399 0.000000 -0.914140 0.255964 0.255964 0.255964
7547.166992 0.000000 927.442749 0.000000 0.345241 0.000000 -0.938514 0.300390 0.300390 0.300390
7550.039551 0.000000 944.210266 0.000000 0.296588 0.000000 -0.955005 0.324106 0.324106 0.324106
7543.001953 0.000000 938.784668 0.000000 0.366019 0.000000 -0.930607 0.268992 0.268992 0.268992
7485.048828 0.000000 999.499695 0.000000 0.484850 0.000000 -0.874597 0.236488 0.236488 0.236488
7483.123047 0.000000 999.660583 0.000000 0.137958 0.000000 -0.990438 0.279569 0.279569 0.279569
7489.469238 0.000000 1014.782471 0.000000 0.201888 0.000000 -0.979409 0.209047 0.209047 0.209047
7537.495117 0.000000 960.334412 0.000000 0.335542 0.000000 -0.942025 0.223723 0.223723 0.223723
7499.910645 0.000000 987.917358 0.000000 0.492327 0.000000 -0.870410 0.229048 0.229048 0.229048
7499.945801 0.000000 982.302917 0.000000 0.279950 0.000000 -0.960015 0.250482 0.250482 0.250482
7499.577637 0.000000 1004.255493 0.000000 0.549350 0.000000 -0.835592 0.237622 0.237622 0.237622
7497.185059 0.000000 1003.769592 0.000000 0.126024 0.000000 -0.992027 0.231153 0.231153 0.231153
7501.989746 0.000000 987.148865 0.000000 0.053743 0.000000 -0.998555 0.253487 0.253487 0.253487
7506.017090 0.000000 984.019104 0.000000 0.521078 0.000000 -0.853509 0.239164 0.239164 0.239164
7500.302734 0.000000 980.632812 0.000000 0.483078 0.000000 -0.875577 0.315164 0.315164 0.315164
7532.377930 0.000000 960.730652 0.000000 0.002267 0.000000 -0.999997 0.299044 0.299044 0.299044
7500.962891 0.000000 990.355042 0.000000 0.319963 0.000000 -0.947430 0.323780 0.323780 0.323780
7501.914551 0.000000 978.477417 0.000000 0.223538 0.000000 -0.974695 0.273341 0.273341 0.273341
7495.944824 0.000000 988.172729 0.000000 0.350399 0.000000 -0.936600 0.321846 0.321846 0.321846
7510.790527 0.000000 986.763245 0.000000 0.225227 0.000000 -0.974306 0.323900 0.323900 0.323900
7535.227539 0.000000 961.753662 0.000000 0.530692 0.000000 -0.847565 0.267392 0.267392 0.267392
7509.351074 0.000000 966.663513 0.000000 0.219353 0.000000 -0.975645 0.272115 0.272115 0.272115
7521.218262 0.000000 963.053711 0.000000 0.563859 0.000000 -0.825871 0.317176 0.317176 0.317176
7496.949707 0.000000 1006.442749 0.000000 0.099620 0.000000 -0.995026 0.282006 0.282006 0.282006
7578.396484 0.000000 913.787720 0.000000 0.274114 0.000000 -0.961697 0.278435 0.278435 0.278435
7556.025391 0.000000 907.975342 0.000000 0.219615 0.000000 -0.975587 0.325771 0.325771 0.325771
7575.808105 0.000000 908.583740 0.000000 0.045458 0.000000 -0.998966 0.327189 0.327189 0.327189
7472.912598 0.000000 1032.531738 0.000000 0.585486 0.000000 -0.810682 0.318054 0.318054 0.318054
7446.880859 0.000000 1057.281982 0.000000 0.510076 0.000000 -0.860129 0.294506 0.294506 0.294506
7424.976074 0.000000 1073.723389 0.000000 0.454153 0.000000 -0.890924 0.275332 0.275332 0.275332
7483.123047 0.000000 1282.082520 0.000000 0.554983 0.000000 -0.831862 0.318763 0.318763 0.318763
7453.530273 0.000000 1296.829712 0.000000 0.291427 0.000000 -0.956593 0.289055 0.289055 0.289055
7464.504883 0.000000 1286.049927 0.000000 0.469342 0.000000 -0.883016 0.320669 0.320669 0.320669
7467.631348 0.000000 1286.206177 0.000000 0.154874 0.000000 -0.987934 0.327030 0.327030 0.327030
7480.254883 0.000000 1290.038574 0.000000 0.555645 0.000000 -0.831420 0.318748 0.318748 0.318748
7468.260742 0.000000 1283.589600 0.000000 0.504159 0.000000 -0.863611 0.319127 0.319127 0.319127
7459.246582 0.000000 1289.074707 0.000000 0.425349 0.000000 -0.905030 0.309882 0.309882 0.309882
7460.710938 0.000000 1292.152832 0.000000 0.354216 0.000000 -0.935163 0.323085 0.323085 0.323085
7465.330078 0.000000 1283.817993 0.000000 0.022963 0.000000 -0.999736 0.273868 0.273868 0.273868
7483.144043 0.000000 1294.845947 0.000000 0.522106 0.000000 -0.852881 0.260086 0.260086 0.260086
7466.734375 0.000000 1290.670410 0.000000 0.341814 0.000000 -0.939768 0.323338 0.323338 0.323338
7486.039551 0.000000 1283.116577 0.000000 0.466572 0.000000 -0.884483 0.265170 0.265170 0.265170
7479.190918 0.000000 1284.546753 0.000000 0.160161 0.000000 -0.987091 0.326928 0.326928 0.326928
7480.805176 0.000000 1282.170410 0.000000 0.033287 0.000000 -0.999446 0.329364 0.329364 0.329364
7478.485352 0.000000 1282.359131 0.000000 0.359671 0.000000 -0.933079 0.322973 0.322973 0.322973
7513.195312 0.000000 1288.232056 0.000000 0.460008 0.000000 -0.887915 0.229981 0.229981 0.229981
7518.604492 0.000000 1275.936401 0.000000 0.432989 0.000000 -0.901399 0.321448 0.321448 0.321448
7491.459473 0.000000 1279.172485 0.000000 0.434724 0.000000 -0.900564 0.321411 0.321411 0.321411
7500.710449 0.000000 1279.390015 0.000000 0.387400 0.000000 -0.921912 0.322402 0.322402 0.322402
7520.238770 0.000000 1296.194702 0.000000 0.331668 0.000000 -0.943396 0.281471 0.281471 0.281471
7508.652832 0.000000 1276.315308 0.000000 0.341436 0.000000 -0.939905 0.323345 0.323345 0.323345
7488.046387 0.000000 1297.419556 0.000000 0.309136 0.000000 -0.951018 0.323998 0.323998 0.323998
7496.168945 0.000000 1278.431885 0.000000 0.531558 0.000000 -0.847022 0.259342 0.259342 0.259342
7488.022461 0.000000 1278.363037 0.000000 0.520719 0.000000 -0.853728 0.319540 0.319540 0.319540
7452.903809 0.000000 1305.761963 0.000000 0.090379 0.000000 -0.995907 0.242891 0.242891 0.242891
7440.326660 0.000000 1321.807617 0.000000 0.435189 0.000000 -0.900339 0.237625 0.237625 0.237625
7469.664062 0.000000 1306.136230 0.000000 0.047537 0.000000 -0.998869 0.258698 0.258698 0.258698
7447.989746 0.000000 1312.170410 0.000000 0.579782 0.000000 -0.814772 0.242764 0.242764 0.242764
7438.853027 0.000000 1316.042358 0.000000 0.283006 0.000000 -0.959118 0.266874 0.266874 0.266874
7464.686523 0.000000 1317.793701 0.000000 0.420749 0.000000 -0.907177 0.300429 0.300429 0.300429
7426.331055 0.000000 1339.086426 0.000000 0.441655 0.000000 -0.897185 0.319971 0.319971 0.319971
7446.760742 0.000000 1308.345093 0.000000 0.035583 0.000000 -0.999367 0.327366 0.327366 0.327366
7442.442871 0.000000 1315.519775 0.000000 0.237804 0.000000 -0.971313 0.323969 0.323969 0.323969
7450.746094 0.000000 1299.167603 0.000000 0.493455 0.000000 -0.869771 0.320144 0.320144 0.320144
7427.459473 0.000000 1335.656860 0.000000 0.374978 0.000000 -0.927034 0.322659 0.322659 0.322659
7445.721191 0.000000 1311.313354 0.000000 0.320823 0.000000 -0.947139 0.303345 0.303345 0.303345
7429.528809 0.000000 1328.478760 0.000000 0.025910 0.000000 -0.999664 0.329505 0.329505 0.329505
7441.973633 0.000000 1314.062012 0.000000 0.100497 0.000000 -0.994937 0.328077 0.328077 0.328077
7435.164062 0.000000 1335.695801 0.000000 0.563066 0.000000 -0.826412 0.253998 0.253998 0.253998
7432.825684 0.000000 1333.649658 0.000000 0.077847 0.000000 -0.996965 0.328512 0.328512 0.328512
7466.500977 0.000000 1313.926147 0.000000 0.582403 0.000000 -0.812901 0.318127 0.318127 0.318127
7431.681641 0.000000 1338.058716 0.000000 0.283554 0.000000 -0.958956 0.324509 0.324509 0.324509
7431.944824 0.000000 1327.078979 0.000000 0.496223 0.000000 -0.868195 0.320083 0.320083 0.320083
7467.594727 0.000000 1321.540405 0.000000 0.009286 0.000000 -0.999957 0.329823 0.329823 0.329823
7449.317871 0.000000 1306.401001 0.000000 0.241679 0.000000 -0.970356 0.325338 0.325338 0.325338
7435.125000 0.000000 1318.397095 0.000000 0.437953 0.000000 -0.898998 0.321342 0.321342 0.321342
7447.808105 0.000000 1303.974365 0.000000 0.586764 0.000000 -0.809758 0.267191 0.267191 0.267191
7440.534668 0.000000 1312.968384 0.000000 0.009766 0.000000 -0.999952 0.329813 0.329813 0.329813
7431.945312 0.000000 1351.546631 0.000000 0.158049 0.000000 -0.987431 0.279955 0.279955 0.279955
7435.571777 0.000000 1323.679688 0.000000 0.170431 0.000000 -0.985370 0.326729 0.326729 0.326729
7431.816406 0.000000 1329.603760 0.000000 0.187521 0.000000 -0.982261 0.325776 0.325776 0.325776
7453.621094 0.000000 1336.288086 0.000000 0.156632 0.000000 -0.987657 0.326732 0.326732 0.326732
7849.043945 0.000000 1028.734375 0.000000 0.371745 0.000000 -0.928335 0.308266 0.308266 0.308266
7838.555664 0.000000 1039.056274 0.000000 0.474163 0.000000 -0.880437 0.254511 0.254511 0.254511
7865.597656 0.000000 1017.435486 0.000000 0.536629 0.000000 -0.843818 0.290300 0.290300 0.290300
7853.841309 0.000000 1025.042847 0.000000 0.581394 0.000000 -0.813622 0.318150 0.318150 0.318150
7478.755859 0.000000 1381.720459 0.000000 0.184811 0.000000 -0.982774 0.216240 0.216240 0.216240
7434.945312 0.000000 1355.771118 0.000000 0.300465 0.000000 -0.953793 0.324172 0.324172 0.324172
7444.698242 0.000000 1360.809082 0.000000 0.448067 0.000000 -0.894000 0.321127 0.321127 0.321127
7454.637207 0.000000 1373.793945 0.000000 0.563841 0.000000 -0.825883 0.262599 0.262599 0.262599
7461.195312 0.000000 1364.217407 0.000000 0.384554 0.000000 -0.923102 0.322461 0.322461 0.322461
7478.250977 0.000000 1383.388306 0.000000 0.524148 0.000000 -0.851627 0.317746 0.317746 0.317746
7443.069824 0.000000 1360.653442 0.000000 0.317730 0.000000 -0.948181 0.323825 0.323825 0.323825
7438.473633 0.000000 1359.149048 0.000000 0.387673 0.000000 -0.921797 0.322397 0.322397 0.322397
7444.915039 0.000000 1363.346924 0.000000 0.168867 0.000000 -0.985639 0.312277 0.312277 0.312277
7518.946777 0.000000 1368.864014 0.000000 0.014333 0.000000 -0.999897 0.232114 0.232114 0.232114
7525.382812 0.000000 1383.207031 0.000000 0.556935 0.000000 -0.830556 0.243651 0.243651 0.243651
7515.705566 0.000000 1395.663818 0.000000 0.258189 0.000000 -0.966094 0.320558 0.320558 0.320558
7492.648926 0.000000 1377.734985 0.000000 0.432267 0.000000 -0.901746 0.321421 0.321421 0.321421
7444.687500 0.000000 1464.812500 0.000000 0.164523 0.000000 -0.986373 0.286974 0.286974 0.286974
7525.593262 0.000000 1454.320068 0.000000 0.559248 0.000000 -0.829000 0.232629 0.232629 0.232629
7533.321289 0.000000 1450.592285 0.000000 0.317682 0.000000 -0.948197 0.315627 0.315627 0.315627
7563.577637 0.000000 1399.646118 0.000000 0.057062 0.000000 -0.998371 0.250245 0.250245 0.250245
7580.806641 0.000000 1405.988037 0.000000 0.139155 0.000000 -0.990271 0.243694 0.243694 0.243694
7581.530273 0.000000 1409.798462 0.000000 0.495707 0.000000 -0.868490 0.267884 0.267884 0.267884
7557.147461 0.000000 1409.614136 0.000000 0.315905 0.000000 -0.948791 0.323862 0.323862 0.323862
7578.534668 0.000000 1410.420410 0.000000 0.063138 0.000000 -0.998005 0.328793 0.328793 0.328793
7559.860840 0.000000 1388.965210 0.000000 0.024129 0.000000 -0.999709 0.307972 0.307972 0.307972
7561.361328 0.000000 1409.633179 0.000000 0.131253 0.000000 -0.991349 0.325061 0.325061 0.325061
7637.721191 0.000000 1367.797729 0.000000 0.495089 0.000000 -0.868842 0.257965 0.257965 0.257965
7623.944824 0.000000 1383.563354 0.000000 0.414136 0.000000 -0.910215 0.311357 0.311357 0.311357
7622.455566 0.000000 1383.530151 0.000000 0.138343 0.000000 -0.990384 0.316054 0.316054 0.316054
7578.746094 0.000000 1412.136353 0.000000 0.033635 0.000000 -0.999434 0.329358 0.329358 0.329358
7577.317871 0.000000 1419.369751 0.000000 0.450228 0.000000 -0.892914 0.318973 0.318973 0.318973
"}
