object={
	name="rainforest_sparse_generator_1_0"
	clamp_to_water_level=no
	render_under_water=no
	generated_content=yes
	layer="semidynamic"
	pdxmesh="tree_rainforest_001_mesh"
	count=384
	transform="2425.729980 0.000000 1226.961426 0.000000 0.209451 0.000000 0.977819 0.235395 0.235395 0.235395
2414.444580 0.000000 1237.534058 0.000000 0.272885 0.000000 0.962047 0.196702 0.196702 0.196702
2424.579102 0.000000 1235.334229 0.000000 0.579739 0.000000 0.814802 0.278188 0.278188 0.278188
2423.879395 0.000000 1229.366699 0.000000 0.057899 0.000000 0.998322 0.260250 0.260250 0.260250
2421.008789 0.000000 1230.393677 0.000000 0.465240 0.000000 0.885184 0.208434 0.208434 0.208434
2422.447266 0.000000 1235.381348 0.000000 0.474624 0.000000 0.880189 0.248147 0.248147 0.248147
2432.315430 0.000000 1212.597412 0.000000 0.332912 0.000000 0.942958 0.200194 0.200194 0.200194
2434.892334 0.000000 1224.373169 0.000000 0.255542 0.000000 0.966798 0.236433 0.236433 0.236433
2446.452148 0.000000 1241.766602 0.000000 0.249403 0.000000 0.968400 0.236843 0.236843 0.236843
2434.873291 0.000000 1212.462158 0.000000 0.220436 0.000000 0.975401 0.234560 0.234560 0.234560
2456.982666 0.000000 1246.530151 0.000000 0.185450 0.000000 0.982654 0.235590 0.235590 0.235590
2258.736816 0.000000 1688.167969 0.000000 0.190715 0.000000 0.981645 0.190593 0.190593 0.190593
2256.020752 0.000000 1682.275146 0.000000 0.162756 0.000000 0.986666 0.274914 0.274914 0.274914
2257.116211 0.000000 1685.294434 0.000000 0.511232 0.000000 0.859443 0.280249 0.280249 0.280249
2169.426514 0.000000 1768.414551 0.000000 0.277418 0.000000 0.960749 0.191146 0.191146 0.191146
2158.271240 0.000000 1788.304077 0.000000 0.176701 0.000000 0.984265 0.259247 0.259247 0.259247
2162.542236 0.000000 1756.814209 0.000000 0.454759 0.000000 0.890615 0.279016 0.279016 0.279016
2157.602051 0.000000 1790.940552 0.000000 0.504396 0.000000 0.863473 0.280214 0.280214 0.280214
2160.601807 0.000000 1755.857910 0.000000 0.126809 0.000000 0.991927 0.228194 0.228194 0.228194
2192.020752 0.000000 1738.759521 0.000000 0.280502 0.000000 0.959853 0.191296 0.191296 0.191296
2194.130127 0.000000 1739.624512 0.000000 0.578752 0.000000 0.815504 0.246695 0.246695 0.246695
2193.040771 0.000000 1747.066772 0.000000 0.357602 0.000000 0.933874 0.255255 0.255255 0.255255
2249.095459 0.000000 1706.518677 0.000000 0.584135 0.000000 0.811657 0.237681 0.237681 0.237681
2257.893799 0.000000 1707.846069 0.000000 0.568081 0.000000 0.822973 0.200200 0.200200 0.200200
2259.922852 0.000000 1698.330688 0.000000 0.159628 0.000000 0.987177 0.258991 0.258991 0.258991
2269.062500 0.000000 1712.207520 0.000000 0.542533 0.000000 0.840034 0.282147 0.282147 0.282147
2272.410645 0.000000 1711.900757 0.000000 0.167366 0.000000 0.985895 0.273212 0.273212 0.273212
2271.909912 0.000000 1709.498657 0.000000 0.066631 0.000000 0.997778 0.271274 0.271274 0.271274
2181.569092 0.000000 1755.033447 0.000000 0.538865 0.000000 0.842392 0.280869 0.280869 0.280869
2176.205078 0.000000 1773.434326 0.000000 0.053349 0.000000 0.998576 0.271019 0.271019 0.271019
2183.173340 0.000000 1780.222290 0.000000 0.246575 0.000000 0.969124 0.261253 0.261253 0.261253
2180.206299 0.000000 1753.270508 0.000000 0.526199 0.000000 0.850361 0.241906 0.241906 0.241906
2336.909180 0.000000 1680.290161 0.000000 0.543073 0.000000 0.839686 0.282047 0.282047 0.282047
2327.759277 0.000000 1682.172729 0.000000 0.278963 0.000000 0.960302 0.200251 0.200251 0.200251
2319.659912 0.000000 1689.212158 0.000000 0.155877 0.000000 0.987777 0.275002 0.275002 0.275002
2345.246582 0.000000 1686.358643 0.000000 0.255273 0.000000 0.966869 0.274930 0.274930 0.274930
2322.130127 0.000000 1683.140137 0.000000 0.083628 0.000000 0.996497 0.253672 0.253672 0.253672
2321.040771 0.000000 1690.582397 0.000000 0.087139 0.000000 0.996196 0.271666 0.271666 0.271666
2319.712891 0.000000 1713.145386 0.000000 0.042907 0.000000 0.999079 0.203239 0.203239 0.203239
2319.844482 0.000000 1697.658447 0.000000 0.398983 0.000000 0.916958 0.222341 0.222341 0.222341
2321.982666 0.000000 1697.785034 0.000000 0.508285 0.000000 0.861189 0.260055 0.260055 0.260055
2410.581543 0.000000 1713.336060 0.000000 0.080488 0.000000 0.996756 0.271539 0.271539 0.271539
2409.396484 0.000000 1708.290161 0.000000 0.238737 0.000000 0.971084 0.213781 0.213781 0.213781
2408.507812 0.000000 1718.953613 0.000000 0.460013 0.000000 0.887912 0.279763 0.279763 0.279763
2404.267090 0.000000 1719.421997 0.000000 0.298767 0.000000 0.954326 0.275795 0.275795 0.275795
2412.596680 0.000000 1713.482544 0.000000 0.458156 0.000000 0.888872 0.242956 0.242956 0.242956
1759.430420 0.000000 1931.240723 0.000000 0.145124 0.000000 0.989413 0.190268 0.190268 0.190268
1769.396362 0.000000 1934.227661 0.000000 0.522240 0.000000 0.852799 0.261773 0.261773 0.261773
1771.536621 0.000000 1934.031860 0.000000 0.295213 0.000000 0.955431 0.275723 0.275723 0.275723
1780.201538 0.000000 1927.416748 0.000000 0.410682 0.000000 0.911779 0.266275 0.266275 0.266275
1824.909058 0.000000 1906.227661 0.000000 0.041931 0.000000 0.999120 0.240017 0.240017 0.240017
1834.699829 0.000000 1904.363159 0.000000 0.107375 0.000000 0.994219 0.272055 0.272055 0.272055
1854.808594 0.000000 1892.011841 0.000000 0.329329 0.000000 0.944215 0.235380 0.235380 0.235380
1825.958618 0.000000 1904.213379 0.000000 0.584172 0.000000 0.811630 0.281915 0.281915 0.281915
1878.596802 0.000000 1884.515503 0.000000 0.361776 0.000000 0.932265 0.229863 0.229863 0.229863
1871.712891 0.000000 1882.598511 0.000000 0.555605 0.000000 0.831446 0.275731 0.275731 0.275731
1868.424805 0.000000 1882.404175 0.000000 0.202968 0.000000 0.979185 0.243960 0.243960 0.243960
1916.341309 0.000000 1917.152222 0.000000 0.050713 0.000000 0.998713 0.270969 0.270969 0.270969
1919.022949 0.000000 1918.149902 0.000000 0.419588 0.000000 0.907715 0.278270 0.278270 0.278270
1926.599243 0.000000 1917.085327 0.000000 0.068417 0.000000 0.997657 0.189648 0.189648 0.189648
1952.693359 0.000000 1915.972656 0.000000 0.529074 0.000000 0.848575 0.275712 0.275712 0.275712
1934.452148 0.000000 1919.579102 0.000000 0.513447 0.000000 0.858122 0.246724 0.246724 0.246724
1948.691528 0.000000 1912.076660 0.000000 0.499253 0.000000 0.866456 0.233021 0.233021 0.233021
1957.505493 0.000000 1919.671997 0.000000 0.574047 0.000000 0.818822 0.283366 0.283366 0.283366
1935.150513 0.000000 1917.595337 0.000000 0.263266 0.000000 0.964723 0.240403 0.240403 0.240403
2038.872192 0.000000 1910.318726 0.000000 0.419286 0.000000 0.907854 0.195846 0.195846 0.195846
1997.883423 0.000000 1912.480591 0.000000 0.061167 0.000000 0.998128 0.242608 0.242608 0.242608
2040.851562 0.000000 1895.596802 0.000000 0.341584 0.000000 0.939851 0.244820 0.244820 0.244820
2037.008667 0.000000 1908.206177 0.000000 0.300677 0.000000 0.953726 0.218334 0.218334 0.218334
2046.830811 0.000000 1911.219482 0.000000 0.472480 0.000000 0.881342 0.215592 0.215592 0.215592
2044.370483 0.000000 1909.880981 0.000000 0.254838 0.000000 0.966984 0.239813 0.239813 0.239813
2039.657227 0.000000 1904.358154 0.000000 0.564283 0.000000 0.825582 0.242449 0.242449 0.242449
1901.233887 0.000000 1946.366089 0.000000 0.158823 0.000000 0.987307 0.212052 0.212052 0.212052
1898.157837 0.000000 1943.305054 0.000000 0.526606 0.000000 0.850110 0.199309 0.199309 0.199309
1910.928345 0.000000 1937.353760 0.000000 0.254134 0.000000 0.967169 0.274907 0.274907 0.274907
1865.424194 0.000000 2004.826904 0.000000 0.230080 0.000000 0.973172 0.194375 0.194375 0.194375
1880.982788 0.000000 1980.827026 0.000000 0.089007 0.000000 0.996031 0.237768 0.237768 0.237768
1868.076904 0.000000 2012.263550 0.000000 0.025109 0.000000 0.999685 0.235581 0.235581 0.235581
2025.206665 0.000000 1929.012451 0.000000 0.457433 0.000000 0.889244 0.279074 0.279074 0.279074
2047.683594 0.000000 1933.509155 0.000000 0.458843 0.000000 0.888517 0.223001 0.223001 0.223001
2046.112061 0.000000 1964.387451 0.000000 0.310048 0.000000 0.950721 0.192971 0.192971 0.192971
2037.811401 0.000000 1961.767822 0.000000 0.484643 0.000000 0.874712 0.279663 0.279663 0.279663
2030.165649 0.000000 1938.010986 0.000000 0.448854 0.000000 0.893605 0.217362 0.217362 0.217362
1995.269287 0.000000 1929.798828 0.000000 0.531182 0.000000 0.847257 0.276245 0.276245 0.276245
2039.879395 0.000000 1963.663574 0.000000 0.312318 0.000000 0.949977 0.275618 0.275618 0.275618
2026.549194 0.000000 1931.580078 0.000000 0.037828 0.000000 0.999284 0.251630 0.251630 0.251630
2028.193481 0.000000 1941.413330 0.000000 0.181622 0.000000 0.983368 0.241773 0.241773 0.241773
2022.658447 0.000000 1928.689697 0.000000 0.317755 0.000000 0.948173 0.276176 0.276176 0.276176
2041.532715 0.000000 1935.443359 0.000000 0.562512 0.000000 0.826789 0.281410 0.281410 0.281410
2040.956177 0.000000 1945.884521 0.000000 0.484884 0.000000 0.874578 0.253252 0.253252 0.253252
2039.657227 0.000000 1960.842529 0.000000 0.084937 0.000000 0.996386 0.271624 0.271624 0.271624
2036.288452 0.000000 1941.298828 0.000000 0.175869 0.000000 0.984414 0.236436 0.236436 0.236436
2042.815186 0.000000 1984.522217 0.000000 0.481343 0.000000 0.876532 0.266988 0.266988 0.266988
1855.836060 0.000000 2037.921631 0.000000 0.199780 0.000000 0.979841 0.257233 0.257233 0.257233
1844.127808 0.000000 2051.320068 0.000000 0.388458 0.000000 0.921466 0.249373 0.249373 0.249373
1964.817139 0.000000 2212.416504 0.000000 0.431826 0.000000 0.901957 0.226700 0.226700 0.226700
1956.193237 0.000000 2210.349609 0.000000 0.027639 0.000000 0.999618 0.232784 0.232784 0.232784
1942.295044 0.000000 2210.363770 0.000000 0.584207 0.000000 0.811605 0.265841 0.265841 0.265841
1964.434570 0.000000 2214.669434 0.000000 0.285769 0.000000 0.958298 0.233879 0.233879 0.233879
2036.600708 0.000000 2226.104492 0.000000 0.027979 0.000000 0.999609 0.193855 0.193855 0.193855
2015.430420 0.000000 2213.662598 0.000000 0.443868 0.000000 0.896092 0.276552 0.276552 0.276552
2021.443237 0.000000 2222.692627 0.000000 0.059217 0.000000 0.998245 0.273563 0.273563 0.273563
1993.424194 0.000000 2230.764404 0.000000 0.457600 0.000000 0.889158 0.279693 0.279693 0.279693
2045.935669 0.000000 2232.920654 0.000000 0.102190 0.000000 0.994765 0.208126 0.208126 0.208126
2019.651001 0.000000 2225.833008 0.000000 0.135142 0.000000 0.990826 0.273771 0.273771 0.273771
2012.263916 0.000000 2212.186768 0.000000 0.572326 0.000000 0.820026 0.204359 0.204359 0.204359
1995.443359 0.000000 2232.877686 0.000000 0.511640 0.000000 0.859200 0.243202 0.243202 0.243202
2020.193237 0.000000 2210.349609 0.000000 0.464932 0.000000 0.885347 0.232590 0.232590 0.232590
2019.024292 0.000000 2223.462646 0.000000 0.413112 0.000000 0.910680 0.247761 0.247761 0.247761
1995.577515 0.000000 2246.911865 0.000000 0.220305 0.000000 0.975431 0.275808 0.275808 0.275808
2150.270752 0.000000 1808.906982 0.000000 0.153534 0.000000 0.988143 0.193802 0.193802 0.193802
2157.602051 0.000000 1847.424927 0.000000 0.541999 0.000000 0.840379 0.215823 0.215823 0.215823
2169.397217 0.000000 1845.650269 0.000000 0.009283 0.000000 0.999957 0.245669 0.245669 0.245669
2158.922852 0.000000 1842.821289 0.000000 0.011242 0.000000 0.999937 0.254948 0.254948 0.254948
2165.193359 0.000000 1846.834961 0.000000 0.030767 0.000000 0.999527 0.270588 0.270588 0.270588
2164.512451 0.000000 1817.354370 0.000000 0.042084 0.000000 0.999114 0.273609 0.273609 0.273609
2080.929688 0.000000 1920.461914 0.000000 0.444199 0.000000 0.895928 0.278791 0.278791 0.278791
2183.651123 0.000000 1824.987427 0.000000 0.106792 0.000000 0.994281 0.189950 0.189950 0.189950
2186.276367 0.000000 1828.107422 0.000000 0.175777 0.000000 0.984430 0.204846 0.204846 0.204846
2087.675293 0.000000 1975.242676 0.000000 0.419709 0.000000 0.907659 0.199911 0.199911 0.199911
2052.956787 0.000000 1966.635864 0.000000 0.045009 0.000000 0.998987 0.270860 0.270860 0.270860
2068.194824 0.000000 1966.381592 0.000000 0.057404 0.000000 0.998351 0.203846 0.203846 0.203846
2048.390625 0.000000 1964.018921 0.000000 0.334642 0.000000 0.942345 0.249103 0.249103 0.249103
2082.996826 0.000000 1976.432129 0.000000 0.517834 0.000000 0.855481 0.217087 0.217087 0.217087
2055.290527 0.000000 1963.313843 0.000000 0.421697 0.000000 0.906737 0.206508 0.206508 0.206508
2082.139648 0.000000 1922.195068 0.000000 0.037743 0.000000 0.999287 0.201251 0.201251 0.201251
2065.116211 0.000000 1967.716309 0.000000 0.108490 0.000000 0.994098 0.273951 0.273951 0.273951
2080.693359 0.000000 1972.457031 0.000000 0.141816 0.000000 0.989893 0.272718 0.272718 0.272718
2068.862061 0.000000 1969.135742 0.000000 0.199319 0.000000 0.979935 0.254859 0.254859 0.254859
2055.626709 0.000000 1966.818970 0.000000 0.523683 0.000000 0.851914 0.272167 0.272167 0.272167
2080.929688 0.000000 1976.946289 0.000000 0.044353 0.000000 0.999016 0.242861 0.242861 0.242861
2059.577393 0.000000 1964.489868 0.000000 0.546063 0.000000 0.837744 0.282334 0.282334 0.282334
2052.837402 0.000000 1968.708496 0.000000 0.051595 0.000000 0.998668 0.273091 0.273091 0.273091
2068.950195 0.000000 1986.122314 0.000000 0.570984 0.000000 0.820961 0.218186 0.218186 0.218186
2100.600586 0.000000 2000.166992 0.000000 0.260940 0.000000 0.965355 0.255755 0.255755 0.255755
2084.590088 0.000000 1986.959839 0.000000 0.226441 0.000000 0.974025 0.257627 0.257627 0.257627
2103.430908 0.000000 1990.830200 0.000000 0.558512 0.000000 0.829497 0.281318 0.281318 0.281318
2094.165527 0.000000 1994.495361 0.000000 0.050267 0.000000 0.998736 0.222107 0.222107 0.222107
2100.612793 0.000000 1992.665161 0.000000 0.358045 0.000000 0.933704 0.276993 0.276993 0.276993
2098.335205 0.000000 1997.846191 0.000000 0.555507 0.000000 0.831512 0.281249 0.281249 0.281249
2091.534668 0.000000 1992.942871 0.000000 0.329342 0.000000 0.944211 0.249029 0.249029 0.249029
2088.221680 0.000000 1997.396362 0.000000 0.397493 0.000000 0.917605 0.277807 0.277807 0.277807
2072.982666 0.000000 1980.827026 0.000000 0.371503 0.000000 0.928432 0.251570 0.251570 0.251570
2086.386963 0.000000 1999.301270 0.000000 0.459555 0.000000 0.888149 0.232524 0.232524 0.232524
2086.658447 0.000000 1985.174072 0.000000 0.351798 0.000000 0.936076 0.278091 0.278091 0.278091
2088.628906 0.000000 1983.093384 0.000000 0.383888 0.000000 0.923380 0.272097 0.272097 0.272097
2099.156250 0.000000 1991.026245 0.000000 0.425099 0.000000 0.905147 0.234585 0.234585 0.234585
2092.596680 0.000000 1995.904419 0.000000 0.472844 0.000000 0.881146 0.279406 0.279406 0.279406
2109.935791 0.000000 2232.920654 0.000000 0.432118 0.000000 0.901817 0.247537 0.247537 0.247537
2058.423096 0.000000 2226.638184 0.000000 0.559878 0.000000 0.828575 0.215508 0.215508 0.215508
2053.178223 0.000000 2228.260742 0.000000 0.265662 0.000000 0.964066 0.233641 0.233641 0.233641
2099.409180 0.000000 2228.376953 0.000000 0.145515 0.000000 0.989356 0.248902 0.248902 0.248902
2057.306152 0.000000 2228.565186 0.000000 0.541100 0.000000 0.840958 0.237088 0.237088 0.237088
2097.665527 0.000000 2231.653320 0.000000 0.443902 0.000000 0.896075 0.246224 0.246224 0.246224
2157.790771 0.000000 2216.228760 0.000000 0.326062 0.000000 0.945349 0.247528 0.247528 0.247528
2174.127197 0.000000 2220.330566 0.000000 0.251520 0.000000 0.967852 0.200027 0.200027 0.200027
2134.690430 0.000000 2230.907471 0.000000 0.139115 0.000000 0.990276 0.273952 0.273952 0.273952
2113.602295 0.000000 2233.263916 0.000000 0.398906 0.000000 0.916992 0.267047 0.267047 0.267047
2136.763672 0.000000 2233.621826 0.000000 0.345759 0.000000 0.938323 0.252656 0.252656 0.252656
2155.534668 0.000000 2218.880371 0.000000 0.561450 0.000000 0.827510 0.226223 0.226223 0.226223
2173.359375 0.000000 2223.964111 0.000000 0.281756 0.000000 0.959486 0.254622 0.254622 0.254622
2183.674561 0.000000 2226.836670 0.000000 0.359559 0.000000 0.933122 0.196381 0.196381 0.196381
2190.146729 0.000000 2224.744141 0.000000 0.213993 0.000000 0.976835 0.197738 0.197738 0.197738
2183.651123 0.000000 2220.377930 0.000000 0.238855 0.000000 0.971055 0.193441 0.193441 0.193441
2179.661377 0.000000 2223.964111 0.000000 0.156088 0.000000 0.987743 0.264552 0.264552 0.264552
2187.945557 0.000000 2224.959229 0.000000 0.357353 0.000000 0.933969 0.277566 0.277566 0.277566
7420.270508 0.000000 613.177612 0.000000 0.524995 0.000000 0.851105 0.207486 0.207486 0.207486
7421.935547 0.000000 594.873779 0.000000 0.038088 0.000000 0.999274 0.272747 0.272747 0.272747
7420.546387 0.000000 592.783447 0.000000 0.234887 0.000000 0.972023 0.274528 0.274528 0.274528
7417.426758 0.000000 638.727051 0.000000 0.099331 0.000000 0.995054 0.200284 0.200284 0.200284
7418.133789 0.000000 648.792603 0.000000 0.252005 0.000000 0.967726 0.198037 0.198037 0.198037
7392.909180 0.000000 663.571411 0.000000 0.537976 0.000000 0.842960 0.222896 0.222896 0.222896
7418.875000 0.000000 621.482605 0.000000 0.382445 0.000000 0.923978 0.256112 0.256112 0.256112
7415.430664 0.000000 635.205139 0.000000 0.028818 0.000000 0.999585 0.208930 0.208930 0.208930
7392.344727 0.000000 659.645752 0.000000 0.498034 0.000000 0.867157 0.270716 0.270716 0.270716
7414.928223 0.000000 638.213196 0.000000 0.421951 0.000000 0.906619 0.241971 0.241971 0.241971
7424.290527 0.000000 599.208923 0.000000 0.289698 0.000000 0.957118 0.203834 0.203834 0.203834
7437.066406 0.000000 618.059937 0.000000 0.203076 0.000000 0.979163 0.218338 0.218338 0.218338
7447.538086 0.000000 601.130554 0.000000 0.175647 0.000000 0.984453 0.193470 0.193470 0.193470
7486.612305 0.000000 616.484009 0.000000 0.062840 0.000000 0.998024 0.271201 0.271201 0.271201
7428.256348 0.000000 620.359436 0.000000 0.175650 0.000000 0.984453 0.241220 0.241220 0.241220
7487.022949 0.000000 619.009338 0.000000 0.083738 0.000000 0.996488 0.243839 0.243839 0.243839
7426.854492 0.000000 612.390686 0.000000 0.381136 0.000000 0.924519 0.279279 0.279279 0.279279
7467.937012 0.000000 621.271301 0.000000 0.043106 0.000000 0.999070 0.244249 0.244249 0.244249
7452.530762 0.000000 606.518738 0.000000 0.025076 0.000000 0.999686 0.270479 0.270479 0.270479
7492.957031 0.000000 611.010864 0.000000 0.020324 0.000000 0.999793 0.234583 0.234583 0.234583
7488.226074 0.000000 616.160767 0.000000 0.119270 0.000000 0.992862 0.266292 0.266292 0.266292
7499.346680 0.000000 612.807800 0.000000 0.558417 0.000000 0.829560 0.281315 0.281315 0.281315
7505.040527 0.000000 617.379211 0.000000 0.053328 0.000000 0.998577 0.273235 0.273235 0.273235
7466.581543 0.000000 640.132935 0.000000 0.111084 0.000000 0.993811 0.243248 0.243248 0.243248
7487.419434 0.000000 643.200195 0.000000 0.011610 0.000000 0.999933 0.245700 0.245700 0.245700
7440.020996 0.000000 665.556396 0.000000 0.502294 0.000000 0.864697 0.192985 0.192985 0.192985
7480.634766 0.000000 657.116699 0.000000 0.405242 0.000000 0.914209 0.277969 0.277969 0.277969
7429.568848 0.000000 625.346008 0.000000 0.041600 0.000000 0.999134 0.196404 0.196404 0.196404
7447.759277 0.000000 665.453918 0.000000 0.410222 0.000000 0.911986 0.239841 0.239841 0.239841
7431.290527 0.000000 664.173218 0.000000 0.046582 0.000000 0.998914 0.272888 0.272888 0.272888
7479.010742 0.000000 676.281067 0.000000 0.337699 0.000000 0.941254 0.276579 0.276579 0.276579
7431.290527 0.000000 656.000488 0.000000 0.013965 0.000000 0.999902 0.267801 0.267801 0.267801
7486.888184 0.000000 657.953125 0.000000 0.278993 0.000000 0.960293 0.275400 0.275400 0.275400
7426.786133 0.000000 656.228821 0.000000 0.076300 0.000000 0.997085 0.212261 0.212261 0.212261
7439.571289 0.000000 627.940613 0.000000 0.156235 0.000000 0.987720 0.273261 0.273261 0.273261
7450.280762 0.000000 665.174500 0.000000 0.280187 0.000000 0.959945 0.276629 0.276629 0.276629
7470.877930 0.000000 674.751587 0.000000 0.361847 0.000000 0.932237 0.270276 0.270276 0.270276
7438.008789 0.000000 641.073181 0.000000 0.587486 0.000000 0.809235 0.283335 0.283335 0.283335
7503.712891 0.000000 639.942261 0.000000 0.110354 0.000000 0.993892 0.272112 0.272112 0.272112
7497.939941 0.000000 636.616577 0.000000 0.073204 0.000000 0.997317 0.271399 0.271399 0.271399
7503.844238 0.000000 624.455322 0.000000 0.066014 0.000000 0.997819 0.268195 0.268195 0.268195
7494.202148 0.000000 632.840942 0.000000 0.238019 0.000000 0.971260 0.250648 0.250648 0.250648
7490.759766 0.000000 630.442749 0.000000 0.478971 0.000000 0.877831 0.261053 0.261053 0.261053
7507.875488 0.000000 636.776917 0.000000 0.377115 0.000000 0.926166 0.277385 0.277385 0.277385
7514.516602 0.000000 660.107056 0.000000 0.324280 0.000000 0.945961 0.253314 0.253314 0.253314
7507.150879 0.000000 655.089661 0.000000 0.381124 0.000000 0.924524 0.277468 0.277468 0.277468
7496.000977 0.000000 625.389343 0.000000 0.001236 0.000000 0.999999 0.227290 0.227290 0.227290
7503.571289 0.000000 627.940613 0.000000 0.421302 0.000000 0.906920 0.279582 0.279582 0.279582
7490.093750 0.000000 632.394531 0.000000 0.168940 0.000000 0.985626 0.269885 0.269885 0.269885
7516.806641 0.000000 671.691101 0.000000 0.178850 0.000000 0.983876 0.273434 0.273434 0.273434
7502.853027 0.000000 638.229919 0.000000 0.208746 0.000000 0.977970 0.274016 0.274016 0.274016
7423.291016 0.000000 678.217590 0.000000 0.385368 0.000000 0.922763 0.199117 0.199117 0.199117
7404.084473 0.000000 708.556274 0.000000 0.461519 0.000000 0.887130 0.213459 0.213459 0.213459
7398.737793 0.000000 716.290405 0.000000 0.482522 0.000000 0.875884 0.259634 0.259634 0.259634
7425.602051 0.000000 708.185791 0.000000 0.415590 0.000000 0.909552 0.208973 0.208973 0.208973
7472.887695 0.000000 702.687988 0.000000 0.537740 0.000000 0.843111 0.281557 0.281557 0.281557
7459.886719 0.000000 708.437012 0.000000 0.544873 0.000000 0.838519 0.271574 0.271574 0.271574
7549.041992 0.000000 733.470642 0.000000 0.396526 0.000000 0.918024 0.192618 0.192618 0.192618
7518.600098 0.000000 727.516113 0.000000 0.307935 0.000000 0.951407 0.196978 0.196978 0.196978
7545.614258 0.000000 730.193665 0.000000 0.122614 0.000000 0.992454 0.255166 0.255166 0.255166
7529.764648 0.000000 706.136719 0.000000 0.292467 0.000000 0.956276 0.226618 0.226618 0.226618
7546.107422 0.000000 733.012878 0.000000 0.485145 0.000000 0.874433 0.208626 0.208626 0.208626
7547.743652 0.000000 728.540039 0.000000 0.240557 0.000000 0.970635 0.274789 0.274789 0.274789
7529.380859 0.000000 693.760132 0.000000 0.042007 0.000000 0.999117 0.270803 0.270803 0.270803
7526.302734 0.000000 690.879211 0.000000 0.468830 0.000000 0.883288 0.279319 0.279319 0.279319
7537.665527 0.000000 706.575073 0.000000 0.447789 0.000000 0.894140 0.278867 0.278867 0.278867
7485.041992 0.000000 789.955017 0.000000 0.324726 0.000000 0.945808 0.227961 0.227961 0.227961
7486.612305 0.000000 785.937134 0.000000 0.156788 0.000000 0.987632 0.235728 0.235728 0.235728
7533.901367 0.000000 735.251282 0.000000 0.250014 0.000000 0.968242 0.191280 0.191280 0.191280
7545.426758 0.000000 751.695801 0.000000 0.421032 0.000000 0.907046 0.278300 0.278300 0.278300
7495.299805 0.000000 775.035034 0.000000 0.448191 0.000000 0.893938 0.278876 0.278876 0.278876
7535.569336 0.000000 734.400085 0.000000 0.010662 0.000000 0.999943 0.242428 0.242428 0.242428
7573.035156 0.000000 775.013977 0.000000 0.253946 0.000000 0.967218 0.191110 0.191110 0.191110
7557.568848 0.000000 738.314758 0.000000 0.470124 0.000000 0.882600 0.193195 0.193195 0.193195
7561.808105 0.000000 770.002441 0.000000 0.586676 0.000000 0.809822 0.281974 0.281974 0.281974
7558.927734 0.000000 740.644287 0.000000 0.319193 0.000000 0.947690 0.236235 0.236235 0.236235
7570.112793 0.000000 760.488464 0.000000 0.066235 0.000000 0.997804 0.235127 0.235127 0.235127
7563.567871 0.000000 774.450195 0.000000 0.032548 0.000000 0.999470 0.223831 0.223831 0.223831
7578.661621 0.000000 812.218933 0.000000 0.071579 0.000000 0.997435 0.267827 0.267827 0.267827
7568.913574 0.000000 823.351318 0.000000 0.383356 0.000000 0.923601 0.254179 0.254179 0.254179
7576.357910 0.000000 799.292236 0.000000 0.127934 0.000000 0.991783 0.206398 0.206398 0.206398
7569.116211 0.000000 838.028748 0.000000 0.488539 0.000000 0.872542 0.263180 0.263180 0.263180
7586.794434 0.000000 829.040710 0.000000 0.284021 0.000000 0.958818 0.275500 0.275500 0.275500
7576.281738 0.000000 812.796448 0.000000 0.211427 0.000000 0.977394 0.275848 0.275848 0.275848
7580.897949 0.000000 812.420166 0.000000 0.301049 0.000000 0.953609 0.247186 0.247186 0.247186
7569.373535 0.000000 790.887756 0.000000 0.475302 0.000000 0.879823 0.257054 0.257054 0.257054
7560.096191 0.000000 792.966248 0.000000 0.507552 0.000000 0.861621 0.254594 0.254594 0.254594
7559.693359 0.000000 879.098206 0.000000 0.214635 0.000000 0.976694 0.190566 0.190566 0.190566
7556.957031 0.000000 893.432739 0.000000 0.213503 0.000000 0.976942 0.224784 0.224784 0.224784
7558.656738 0.000000 896.083374 0.000000 0.481708 0.000000 0.876332 0.215688 0.215688 0.215688
7576.982910 0.000000 851.139526 0.000000 0.100308 0.000000 0.994956 0.234581 0.234581 0.234581
7559.626953 0.000000 893.615845 0.000000 0.433267 0.000000 0.901266 0.248046 0.248046 0.248046
7563.346680 0.000000 895.229675 0.000000 0.398402 0.000000 0.917211 0.240673 0.240673 0.240673
7579.828125 0.000000 851.304810 0.000000 0.374158 0.000000 0.927365 0.229513 0.229513 0.229513
7572.672363 0.000000 866.822998 0.000000 0.213818 0.000000 0.976874 0.247450 0.247450 0.247450
7552.004883 0.000000 900.579712 0.000000 0.201179 0.000000 0.979555 0.273869 0.273869 0.273869
7415.010742 0.000000 1071.671631 0.000000 0.496135 0.000000 0.868246 0.203638 0.203638 0.203638
7412.503418 0.000000 1071.136353 0.000000 0.003497 0.000000 0.999994 0.258050 0.258050 0.258050
7421.524414 0.000000 1078.716553 0.000000 0.123261 0.000000 0.992374 0.203911 0.203911 0.203911
7412.201660 0.000000 1080.151123 0.000000 0.447864 0.000000 0.894102 0.249735 0.249735 0.249735
7524.049805 0.000000 940.039551 0.000000 0.092073 0.000000 0.995752 0.267701 0.267701 0.267701
7491.898438 0.000000 956.506653 0.000000 0.375374 0.000000 0.926873 0.236438 0.236438 0.236438
7502.936035 0.000000 950.321899 0.000000 0.226789 0.000000 0.973944 0.250970 0.250970 0.250970
7550.998535 0.000000 927.731567 0.000000 0.376031 0.000000 0.926607 0.277363 0.277363 0.277363
7549.359375 0.000000 924.823547 0.000000 0.417346 0.000000 0.908748 0.279247 0.279247 0.279247
7496.816895 0.000000 951.758301 0.000000 0.566134 0.000000 0.824313 0.252027 0.252027 0.252027
7486.112305 0.000000 1004.153076 0.000000 0.038536 0.000000 0.999257 0.231965 0.231965 0.231965
7453.565918 0.000000 1003.533142 0.000000 0.086410 0.000000 0.996260 0.250443 0.250443 0.250443
7473.605957 0.000000 1013.088257 0.000000 0.415796 0.000000 0.909458 0.280114 0.280114 0.280114
7471.961914 0.000000 1015.494263 0.000000 0.108672 0.000000 0.994078 0.254030 0.254030 0.254030
7472.601562 0.000000 965.076660 0.000000 0.313805 0.000000 0.949487 0.263734 0.263734 0.263734
7452.971191 0.000000 1005.547058 0.000000 0.006880 0.000000 0.999976 0.250734 0.250734 0.250734
7507.921875 0.000000 984.559814 0.000000 0.210438 0.000000 0.977607 0.216454 0.216454 0.216454
7498.048340 0.000000 1005.734680 0.000000 0.359031 0.000000 0.933326 0.216939 0.216939 0.216939
7495.693359 0.000000 992.066956 0.000000 0.450591 0.000000 0.892731 0.227918 0.227918 0.227918
7525.443359 0.000000 980.036377 0.000000 0.584404 0.000000 0.811463 0.214755 0.214755 0.214755
7498.276367 0.000000 980.841797 0.000000 0.067688 0.000000 0.997707 0.272870 0.272870 0.272870
7521.456543 0.000000 974.159241 0.000000 0.371079 0.000000 0.928601 0.203534 0.203534 0.203534
7507.958008 0.000000 966.946960 0.000000 0.427902 0.000000 0.903825 0.223157 0.223157 0.223157
7517.269531 0.000000 962.393738 0.000000 0.387971 0.000000 0.921671 0.279058 0.279058 0.279058
7519.881836 0.000000 962.883850 0.000000 0.101543 0.000000 0.994831 0.271943 0.271943 0.271943
7501.917480 0.000000 991.680603 0.000000 0.511372 0.000000 0.859360 0.280252 0.280252 0.280252
7515.828125 0.000000 964.273560 0.000000 0.098311 0.000000 0.995156 0.271881 0.271881 0.271881
7516.903809 0.000000 966.855774 0.000000 0.182870 0.000000 0.983137 0.226396 0.226396 0.226396
7506.112793 0.000000 986.425964 0.000000 0.203974 0.000000 0.978976 0.226625 0.226625 0.226625
7497.114258 0.000000 990.348145 0.000000 0.368008 0.000000 0.929823 0.239787 0.239787 0.239787
7555.834473 0.000000 903.752502 0.000000 0.434559 0.000000 0.900643 0.210163 0.210163 0.210163
7552.205078 0.000000 926.168701 0.000000 0.424931 0.000000 0.905226 0.280332 0.280332 0.280332
7569.307129 0.000000 914.695923 0.000000 0.383971 0.000000 0.923345 0.278628 0.278628 0.278628
7579.828125 0.000000 907.789185 0.000000 0.227589 0.000000 0.973757 0.275138 0.275138 0.275138
7476.612793 0.000000 1032.430786 0.000000 0.185591 0.000000 0.982627 0.226910 0.226910 0.226910
7447.871582 0.000000 1056.199829 0.000000 0.115360 0.000000 0.993324 0.257864 0.257864 0.257864
7459.886719 0.000000 1047.343262 0.000000 0.417125 0.000000 0.908849 0.278602 0.278602 0.278602
7485.061035 0.000000 1017.275085 0.000000 0.313651 0.000000 0.949538 0.245904 0.245904 0.245904
7435.577637 0.000000 1060.739868 0.000000 0.417911 0.000000 0.908488 0.240930 0.240930 0.240930
7476.201660 0.000000 1023.666748 0.000000 0.297843 0.000000 0.954615 0.275776 0.275776 0.275776
7423.545410 0.000000 1331.099731 0.000000 0.393569 0.000000 0.919295 0.277726 0.277726 0.277726
7463.675293 0.000000 1297.430176 0.000000 0.265671 0.000000 0.964064 0.226324 0.226324 0.226324
7458.997070 0.000000 1298.619629 0.000000 0.472691 0.000000 0.881228 0.250100 0.250100 0.250100
7482.107422 0.000000 1297.856689 0.000000 0.014687 0.000000 0.999892 0.270281 0.270281 0.270281
7479.879395 0.000000 1285.851074 0.000000 0.419454 0.000000 0.907777 0.278267 0.278267 0.278267
7449.164062 0.000000 1298.515625 0.000000 0.565007 0.000000 0.825086 0.231849 0.231849 0.231849
7471.560547 0.000000 1285.419922 0.000000 0.345964 0.000000 0.938248 0.276747 0.276747 0.276747
7468.874023 0.000000 1287.645508 0.000000 0.294595 0.000000 0.955622 0.275711 0.275711 0.275711
7457.615234 0.000000 1296.751953 0.000000 0.458657 0.000000 0.888613 0.279100 0.279100 0.279100
7464.632324 0.000000 1282.291382 0.000000 0.140096 0.000000 0.990138 0.237915 0.237915 0.237915
7456.929688 0.000000 1299.133789 0.000000 0.090457 0.000000 0.995900 0.255169 0.255169 0.255169
7460.845703 0.000000 1288.636108 0.000000 0.395273 0.000000 0.918564 0.277107 0.277107 0.277107
7482.541992 0.000000 1291.827271 0.000000 0.242094 0.000000 0.970253 0.274670 0.274670 0.274670
7530.064453 0.000000 1293.980103 0.000000 0.148103 0.000000 0.988972 0.272839 0.272839 0.272839
7518.841309 0.000000 1274.288452 0.000000 0.128057 0.000000 0.991767 0.272452 0.272452 0.272452
7509.175293 0.000000 1277.874268 0.000000 0.408012 0.000000 0.912976 0.278027 0.278027 0.278027
7488.956543 0.000000 1283.776123 0.000000 0.423286 0.000000 0.905996 0.221105 0.221105 0.221105
7502.936035 0.000000 1289.228149 0.000000 0.093865 0.000000 0.995585 0.254752 0.254752 0.254752
7525.382812 0.000000 1270.238281 0.000000 0.231903 0.000000 0.972739 0.234696 0.234696 0.234696
7489.941895 0.000000 1295.284302 0.000000 0.505375 0.000000 0.862900 0.280119 0.280119 0.280119
7437.467773 0.000000 1314.695923 0.000000 0.118122 0.000000 0.992999 0.238123 0.238123 0.238123
7430.599121 0.000000 1352.241577 0.000000 0.392733 0.000000 0.919652 0.206747 0.206747 0.206747
7446.797363 0.000000 1300.115234 0.000000 0.453252 0.000000 0.891382 0.279808 0.279808 0.279808
7435.937012 0.000000 1331.910034 0.000000 0.287786 0.000000 0.957695 0.275575 0.275575 0.275575
7434.276367 0.000000 1319.748047 0.000000 0.399116 0.000000 0.916900 0.277841 0.277841 0.277841
7470.165527 0.000000 1316.682861 0.000000 0.502974 0.000000 0.864302 0.267856 0.267856 0.267856
7433.808105 0.000000 1334.846191 0.000000 0.044918 0.000000 0.998991 0.270858 0.270858 0.270858
7441.983398 0.000000 1320.508911 0.000000 0.234923 0.000000 0.972014 0.214729 0.214729 0.214729
7473.098145 0.000000 1313.516602 0.000000 0.049376 0.000000 0.998780 0.272539 0.272539 0.272539
7475.006836 0.000000 1307.585693 0.000000 0.326039 0.000000 0.945356 0.276343 0.276343 0.276343
7430.113770 0.000000 1338.099121 0.000000 0.036153 0.000000 0.999346 0.270691 0.270691 0.270691
7426.892090 0.000000 1337.341919 0.000000 0.444871 0.000000 0.895595 0.277539 0.277539 0.277539
7462.386719 0.000000 1321.488770 0.000000 0.459338 0.000000 0.888262 0.279115 0.279115 0.279115
7446.697754 0.000000 1345.659302 0.000000 0.126666 0.000000 0.991945 0.209806 0.209806 0.209806
7426.786133 0.000000 1334.041260 0.000000 0.322877 0.000000 0.946441 0.276279 0.276279 0.276279
7441.307129 0.000000 1310.086548 0.000000 0.515813 0.000000 0.856701 0.280351 0.280351 0.280351
7480.373535 0.000000 1299.279053 0.000000 0.501732 0.000000 0.865023 0.280038 0.280038 0.280038
7427.928711 0.000000 1329.272583 0.000000 0.242463 0.000000 0.970161 0.274677 0.274677 0.274677
7451.828125 0.000000 1303.179810 0.000000 0.332354 0.000000 0.943155 0.228047 0.228047 0.228047
7434.112305 0.000000 1317.294556 0.000000 0.572425 0.000000 0.819957 0.226358 0.226358 0.226358
7448.196777 0.000000 1305.408691 0.000000 0.178341 0.000000 0.983969 0.273424 0.273424 0.273424
7464.507812 0.000000 1323.562988 0.000000 0.517412 0.000000 0.855737 0.280386 0.280386 0.280386
7429.887695 0.000000 1329.969238 0.000000 0.455350 0.000000 0.890312 0.279029 0.279029 0.279029
7435.631836 0.000000 1315.656982 0.000000 0.102678 0.000000 0.994715 0.236511 0.236511 0.236511
7468.434570 0.000000 1310.919312 0.000000 0.116083 0.000000 0.993239 0.272222 0.272222 0.272222
7870.612305 0.000000 1011.874634 0.000000 0.047291 0.000000 0.998881 0.266975 0.266975 0.266975
7866.107422 0.000000 1015.434753 0.000000 0.061473 0.000000 0.998109 0.271344 0.271344 0.271344
7872.226074 0.000000 1011.551392 0.000000 0.450761 0.000000 0.892645 0.211330 0.211330 0.211330
7891.258789 0.000000 999.127930 0.000000 0.267245 0.000000 0.963629 0.258236 0.258236 0.258236
7842.040527 0.000000 1035.023682 0.000000 0.414580 0.000000 0.910013 0.255624 0.255624 0.255624
7864.373535 0.000000 1016.857178 0.000000 0.042509 0.000000 0.999096 0.254014 0.254014 0.254014
8145.983398 0.000000 1094.571411 0.000000 0.133878 0.000000 0.990998 0.261874 0.261874 0.261874
8146.112793 0.000000 1099.394775 0.000000 0.217308 0.000000 0.976103 0.222876 0.222876 0.222876
7439.571289 0.000000 1362.237549 0.000000 0.573442 0.000000 0.819246 0.281664 0.281664 0.281664
7464.581055 0.000000 1385.889404 0.000000 0.563810 0.000000 0.825904 0.246469 0.246469 0.246469
7453.062500 0.000000 1373.301270 0.000000 0.160453 0.000000 0.987043 0.273078 0.273078 0.273078
7441.982910 0.000000 1358.878784 0.000000 0.332362 0.000000 0.943152 0.261628 0.261628 0.261628
7505.893555 0.000000 1368.939819 0.000000 0.039032 0.000000 0.999238 0.196384 0.196384 0.196384
7507.875488 0.000000 1371.073853 0.000000 0.263847 0.000000 0.964564 0.226793 0.226793 0.226793
7512.466797 0.000000 1382.149048 0.000000 0.190373 0.000000 0.981712 0.273658 0.273658 0.273658
7445.436035 0.000000 1463.407349 0.000000 0.501387 0.000000 0.865223 0.280618 0.280618 0.280618
7439.150391 0.000000 1465.720337 0.000000 0.201105 0.000000 0.979570 0.263384 0.263384 0.263384
7524.219727 0.000000 1452.266846 0.000000 0.472346 0.000000 0.881413 0.279396 0.279396 0.279396
7562.048340 0.000000 1401.125366 0.000000 0.192707 0.000000 0.981256 0.273704 0.273704 0.273704
7553.469238 0.000000 1410.173096 0.000000 0.017673 0.000000 0.999844 0.203513 0.203513 0.203513
7561.889160 0.000000 1410.890015 0.000000 0.481486 0.000000 0.876454 0.279594 0.279594 0.279594
7577.164062 0.000000 1411.484375 0.000000 0.111242 0.000000 0.993793 0.274370 0.274370 0.274370
7556.256348 0.000000 1411.140747 0.000000 0.444456 0.000000 0.895801 0.214799 0.214799 0.214799
7559.561523 0.000000 1406.598877 0.000000 0.402662 0.000000 0.915349 0.277915 0.277915 0.277915
7557.476562 0.000000 1406.903198 0.000000 0.183859 0.000000 0.982953 0.273532 0.273532 0.273532
7579.270508 0.000000 1407.371216 0.000000 0.455953 0.000000 0.890004 0.248866 0.248866 0.248866
7642.616699 0.000000 1361.834473 0.000000 0.286359 0.000000 0.958122 0.268058 0.268058 0.268058
7638.302246 0.000000 1360.679077 0.000000 0.043115 0.000000 0.999070 0.270824 0.270824 0.270824
7626.276367 0.000000 1376.232422 0.000000 0.560363 0.000000 0.828247 0.282384 0.282384 0.282384
7640.357910 0.000000 1364.135986 0.000000 0.065731 0.000000 0.997837 0.256668 0.256668 0.256668
7623.324707 0.000000 1382.234985 0.000000 0.082760 0.000000 0.996570 0.268469 0.268469 0.268469
7627.910645 0.000000 1383.307983 0.000000 0.269117 0.000000 0.963108 0.225872 0.225872 0.225872
7578.844238 0.000000 1413.826904 0.000000 0.580441 0.000000 0.814302 0.281827 0.281827 0.281827
7557.963867 0.000000 1432.808350 0.000000 0.065602 0.000000 0.997846 0.209743 0.209743 0.209743
7560.096191 0.000000 1414.294434 0.000000 0.376719 0.000000 0.926327 0.276769 0.276769 0.276769
8038.985352 0.000000 1556.942505 0.000000 0.245247 0.000000 0.969461 0.273038 0.273038 0.273038
8029.269531 0.000000 1583.721924 0.000000 0.292238 0.000000 0.956346 0.275664 0.275664 0.275664
"}
object={
	name="rainforest_sparse_generator_1_1"
	clamp_to_water_level=no
	render_under_water=no
	generated_content=yes
	layer="semidynamic"
	pdxmesh="tree_rainforest_002_mesh"
	count=417
	transform="2420.391846 0.000000 1234.558594 0.000000 0.597285 0.000000 0.802029 0.221049 0.221049 0.221049
2430.888184 0.000000 1222.796875 0.000000 0.659583 0.000000 0.751632 0.225426 0.225426 0.225426
2418.714844 0.000000 1236.644775 0.000000 0.737611 0.000000 0.675226 0.258096 0.258096 0.258096
2443.937012 0.000000 1218.941284 0.000000 0.763135 0.000000 0.646239 0.284853 0.284853 0.284853
2433.602295 0.000000 1216.545166 0.000000 0.618524 0.000000 0.785766 0.282736 0.282736 0.282736
2451.100342 0.000000 1238.918823 0.000000 0.660252 0.000000 0.751044 0.242881 0.242881 0.242881
2437.178223 0.000000 1211.541870 0.000000 0.884398 0.000000 0.466733 0.290726 0.290726 0.290726
2433.116211 0.000000 1222.671143 0.000000 0.654947 0.000000 0.755675 0.283639 0.283639 0.283639
2434.422852 0.000000 1214.571533 0.000000 0.751100 0.000000 0.660188 0.248031 0.248031 0.248031
2458.844482 0.000000 1244.373779 0.000000 0.607254 0.000000 0.794508 0.201604 0.201604 0.201604
2454.302246 0.000000 1247.710327 0.000000 0.801050 0.000000 0.598598 0.279674 0.279674 0.279674
2253.883301 0.000000 1686.543091 0.000000 0.592406 0.000000 0.805640 0.207648 0.207648 0.207648
2254.936279 0.000000 1684.618774 0.000000 0.722461 0.000000 0.691412 0.286849 0.286849 0.286849
2255.977051 0.000000 1687.114014 0.000000 0.596579 0.000000 0.802554 0.251509 0.251509 0.251509
2175.683594 0.000000 1764.056030 0.000000 0.828963 0.000000 0.559304 0.241703 0.241703 0.241703
2159.844482 0.000000 1758.126099 0.000000 0.813952 0.000000 0.580932 0.195775 0.195775 0.195775
2163.720459 0.000000 1788.887451 0.000000 0.714502 0.000000 0.699633 0.194661 0.194661 0.194661
2163.006592 0.000000 1759.460693 0.000000 0.742832 0.000000 0.669478 0.285991 0.285991 0.285991
2155.827148 0.000000 1789.202393 0.000000 0.914469 0.000000 0.404656 0.292340 0.292340 0.292340
2163.339844 0.000000 1786.304932 0.000000 0.697543 0.000000 0.716543 0.284743 0.284743 0.284743
2161.047119 0.000000 1759.840088 0.000000 0.867605 0.000000 0.497254 0.291035 0.291035 0.291035
2153.461914 0.000000 1806.615234 0.000000 0.764093 0.000000 0.645107 0.286609 0.286609 0.286609
2162.737793 0.000000 1784.513306 0.000000 0.880863 0.000000 0.473372 0.290582 0.290582 0.290582
2159.125977 0.000000 1789.932739 0.000000 0.770772 0.000000 0.637111 0.269626 0.269626 0.269626
2197.388916 0.000000 1737.757080 0.000000 0.921486 0.000000 0.388411 0.292606 0.292606 0.292606
2195.138916 0.000000 1742.194946 0.000000 0.798303 0.000000 0.602256 0.254164 0.254164 0.254164
2245.348877 0.000000 1702.973022 0.000000 0.938275 0.000000 0.345890 0.217910 0.217910 0.217910
2268.683105 0.000000 1707.965210 0.000000 0.900330 0.000000 0.435207 0.206829 0.206829 0.206829
2262.343750 0.000000 1711.923462 0.000000 0.839969 0.000000 0.542634 0.289797 0.289797 0.289797
2259.958252 0.000000 1701.243774 0.000000 0.840057 0.000000 0.542498 0.235065 0.235065 0.235065
2271.885010 0.000000 1713.721313 0.000000 0.883289 0.000000 0.468830 0.288454 0.288454 0.288454
2283.705322 0.000000 1721.918945 0.000000 0.914435 0.000000 0.404733 0.245862 0.245862 0.245862
2177.476562 0.000000 1757.474365 0.000000 0.748376 0.000000 0.663274 0.286747 0.286747 0.286747
2179.605225 0.000000 1774.292236 0.000000 0.935469 0.000000 0.353408 0.244888 0.244888 0.244888
2177.602295 0.000000 1781.388916 0.000000 0.640231 0.000000 0.768182 0.201410 0.201410 0.201410
2178.760010 0.000000 1760.130249 0.000000 0.929909 0.000000 0.367791 0.251712 0.251712 0.251712
2185.639893 0.000000 1784.242676 0.000000 0.850392 0.000000 0.526150 0.261666 0.261666 0.261666
2179.661377 0.000000 1772.089233 0.000000 0.855322 0.000000 0.518096 0.289598 0.289598 0.289598
2325.034912 0.000000 1678.764038 0.000000 0.773838 0.000000 0.633383 0.257804 0.257804 0.257804
2317.066650 0.000000 1691.263062 0.000000 0.869461 0.000000 0.494002 0.196388 0.196388 0.196388
2317.883301 0.000000 1686.543091 0.000000 0.663992 0.000000 0.747739 0.198001 0.198001 0.198001
2334.662598 0.000000 1684.237305 0.000000 0.775017 0.000000 0.631940 0.220789 0.220789 0.220789
2318.936279 0.000000 1684.618774 0.000000 0.933863 0.000000 0.357630 0.264223 0.264223 0.264223
2319.150635 0.000000 1691.657837 0.000000 0.696877 0.000000 0.717190 0.284726 0.284726 0.284726
2319.347656 0.000000 1694.815308 0.000000 0.853854 0.000000 0.520513 0.289606 0.289606 0.289606
2316.396729 0.000000 1707.039062 0.000000 0.603559 0.000000 0.797318 0.282375 0.282375 0.282375
2319.212646 0.000000 1706.984619 0.000000 0.873816 0.000000 0.486256 0.290758 0.290758 0.290758
2409.764648 0.000000 1722.855469 0.000000 0.922659 0.000000 0.385618 0.242340 0.242340 0.242340
2403.373291 0.000000 1721.474609 0.000000 0.886284 0.000000 0.463143 0.208196 0.208196 0.208196
2407.553711 0.000000 1711.733521 0.000000 0.884761 0.000000 0.466045 0.205483 0.205483 0.205483
2411.534668 0.000000 1710.520996 0.000000 0.795774 0.000000 0.605594 0.287576 0.287576 0.287576
2408.221680 0.000000 1714.974487 0.000000 0.926890 0.000000 0.375332 0.292652 0.292652 0.292652
2406.386963 0.000000 1716.879395 0.000000 0.703792 0.000000 0.710406 0.284911 0.284911 0.284911
2411.536621 0.000000 1708.094360 0.000000 0.886450 0.000000 0.462825 0.291116 0.291116 0.291116
2409.381104 0.000000 1710.478882 0.000000 0.606279 0.000000 0.795252 0.282440 0.282440 0.282440
1770.581665 0.000000 1939.273560 0.000000 0.792373 0.000000 0.610036 0.239945 0.239945 0.239945
1774.917847 0.000000 1941.783447 0.000000 0.888436 0.000000 0.459001 0.198547 0.198547 0.198547
1771.534790 0.000000 1936.458496 0.000000 0.939330 0.000000 0.343013 0.264973 0.264973 0.264973
1775.774780 0.000000 1939.657349 0.000000 0.723074 0.000000 0.690771 0.228899 0.228899 0.228899
1777.047241 0.000000 1929.293213 0.000000 0.647507 0.000000 0.762060 0.273072 0.273072 0.273072
1853.734009 0.000000 1898.194580 0.000000 0.719708 0.000000 0.694277 0.235070 0.235070 0.235070
1841.158813 0.000000 1898.612793 0.000000 0.915875 0.000000 0.401463 0.233547 0.233547 0.233547
1821.565796 0.000000 1907.283081 0.000000 0.936594 0.000000 0.350417 0.292240 0.292240 0.292240
1855.545410 0.000000 1895.943481 0.000000 0.939384 0.000000 0.342866 0.243395 0.243395 0.243395
1835.827026 0.000000 1902.171143 0.000000 0.908101 0.000000 0.418751 0.291748 0.291748 0.291748
1852.605713 0.000000 1895.911011 0.000000 0.697632 0.000000 0.716456 0.284746 0.284746 0.284746
1916.270508 0.000000 1912.318237 0.000000 0.832335 0.000000 0.554272 0.221160 0.221160 0.221160
1871.814819 0.000000 1884.616333 0.000000 0.591835 0.000000 0.806059 0.282096 0.282096 0.282096
1874.017090 0.000000 1887.769043 0.000000 0.600166 0.000000 0.799875 0.282294 0.282294 0.282294
1945.924683 0.000000 1917.224854 0.000000 0.917628 0.000000 0.397441 0.290315 0.290315 0.290315
1937.114990 0.000000 1918.544189 0.000000 0.946962 0.000000 0.321346 0.209974 0.209974 0.209974
1946.772095 0.000000 1913.894653 0.000000 0.782395 0.000000 0.622782 0.269898 0.269898 0.269898
1956.314209 0.000000 1917.380249 0.000000 0.735413 0.000000 0.677620 0.286757 0.286757 0.286757
1945.163940 0.000000 1919.843750 0.000000 0.846670 0.000000 0.532118 0.289284 0.289284 0.289284
1932.277832 0.000000 1919.240601 0.000000 0.770846 0.000000 0.637022 0.241640 0.241640 0.241640
1994.048218 0.000000 1909.484741 0.000000 0.889198 0.000000 0.457523 0.206095 0.206095 0.206095
2036.449829 0.000000 1896.744873 0.000000 0.899572 0.000000 0.436772 0.229393 0.229393 0.229393
1897.423462 0.000000 1952.890991 0.000000 0.905225 0.000000 0.424932 0.197107 0.197107 0.197107
1898.478760 0.000000 1946.205811 0.000000 0.790441 0.000000 0.612538 0.287458 0.287458 0.287458
1894.985352 0.000000 1952.333130 0.000000 0.934340 0.000000 0.356383 0.276058 0.276058 0.276058
1909.305176 0.000000 1934.119629 0.000000 0.766873 0.000000 0.641799 0.256106 0.256106 0.256106
1899.705322 0.000000 1947.856445 0.000000 0.950376 0.000000 0.311105 0.293982 0.293982 0.293982
1908.288452 0.000000 1941.298828 0.000000 0.932676 0.000000 0.360716 0.266327 0.266327 0.266327
1876.950073 0.000000 1986.122314 0.000000 0.867607 0.000000 0.497251 0.196624 0.196624 0.196624
1870.124634 0.000000 2005.961914 0.000000 0.920437 0.000000 0.390890 0.197223 0.197223 0.197223
2041.729980 0.000000 1961.258301 0.000000 0.657401 0.000000 0.753541 0.272772 0.272772 0.272772
2046.018555 0.000000 1946.363892 0.000000 0.731408 0.000000 0.681940 0.286371 0.286371 0.286371
2022.192993 0.000000 1926.175659 0.000000 0.621193 0.000000 0.783657 0.282801 0.282801 0.282801
1992.260498 0.000000 1929.474365 0.000000 0.919233 0.000000 0.393715 0.292771 0.292771 0.292771
2008.982788 0.000000 1924.342651 0.000000 0.798445 0.000000 0.602067 0.232716 0.232716 0.232716
2020.193237 0.000000 1927.927734 0.000000 0.835007 0.000000 0.550239 0.246569 0.246569 0.246569
2024.628784 0.000000 1926.609009 0.000000 0.886943 0.000000 0.461879 0.291550 0.291550 0.291550
2028.304199 0.000000 1944.168091 0.000000 0.752240 0.000000 0.658889 0.235072 0.235072 0.235072
2044.365845 0.000000 1979.680786 0.000000 0.868875 0.000000 0.495031 0.254226 0.254226 0.254226
1844.600708 0.000000 2056.651367 0.000000 0.831698 0.000000 0.555229 0.196106 0.196106 0.196106
1845.757935 0.000000 2052.802246 0.000000 0.618853 0.000000 0.785507 0.281483 0.281483 0.281483
1844.612793 0.000000 2049.149414 0.000000 0.684673 0.000000 0.728850 0.236593 0.236593 0.236593
1856.290283 0.000000 2067.802734 0.000000 0.793191 0.000000 0.608972 0.207869 0.207869 0.207869
1940.950073 0.000000 2212.059814 0.000000 0.597093 0.000000 0.802172 0.226668 0.226668 0.226668
1977.915649 0.000000 2213.605469 0.000000 0.871035 0.000000 0.491220 0.212224 0.212224 0.212224
1975.430908 0.000000 2216.767578 0.000000 0.613727 0.000000 0.789518 0.217140 0.217140 0.217140
1974.469360 0.000000 2213.044678 0.000000 0.624051 0.000000 0.781384 0.224964 0.224964 0.224964
2016.264404 0.000000 2224.759033 0.000000 0.938919 0.000000 0.344138 0.201623 0.201623 0.201623
2019.530884 0.000000 2253.479248 0.000000 0.866336 0.000000 0.499462 0.256806 0.256806 0.256806
2017.638062 0.000000 2249.659180 0.000000 0.873990 0.000000 0.485944 0.247464 0.247464 0.247464
2043.742432 0.000000 2240.567627 0.000000 0.907441 0.000000 0.420179 0.241916 0.241916 0.241916
1990.798706 0.000000 2217.157715 0.000000 0.829301 0.000000 0.558803 0.210496 0.210496 0.210496
2032.015381 0.000000 2230.672119 0.000000 0.916172 0.000000 0.400785 0.252884 0.252884 0.252884
2020.294800 0.000000 2206.547363 0.000000 0.876146 0.000000 0.482045 0.232619 0.232619 0.232619
1996.244629 0.000000 2253.507324 0.000000 0.895877 0.000000 0.444302 0.291983 0.291983 0.291983
2035.409058 0.000000 2228.376953 0.000000 0.837979 0.000000 0.545703 0.248740 0.248740 0.248740
2016.506104 0.000000 2247.548340 0.000000 0.818009 0.000000 0.575205 0.227264 0.227264 0.227264
1995.910645 0.000000 2230.573486 0.000000 0.661376 0.000000 0.750054 0.283802 0.283802 0.283802
1993.306274 0.000000 2228.565186 0.000000 0.841377 0.000000 0.540449 0.241960 0.241960 0.241960
2019.097656 0.000000 2244.990723 0.000000 0.833344 0.000000 0.552755 0.264903 0.264903 0.264903
2036.417847 0.000000 2233.215576 0.000000 0.848703 0.000000 0.528869 0.234178 0.234178 0.234178
2033.665527 0.000000 2231.653320 0.000000 0.904445 0.000000 0.426590 0.252533 0.252533 0.252533
2003.922729 0.000000 2263.174316 0.000000 0.597984 0.000000 0.801508 0.276072 0.276072 0.276072
2154.134033 0.000000 1811.637329 0.000000 0.948065 0.000000 0.318078 0.294133 0.294133 0.294133
2165.811279 0.000000 1848.799072 0.000000 0.797564 0.000000 0.603234 0.287633 0.287633 0.287633
2153.896973 0.000000 1807.528320 0.000000 0.590325 0.000000 0.807166 0.282060 0.282060 0.282060
2166.755859 0.000000 1833.595459 0.000000 0.754244 0.000000 0.656595 0.222581 0.222581 0.222581
2160.763672 0.000000 1847.306396 0.000000 0.856186 0.000000 0.516667 0.290179 0.290179 0.290179
2166.469482 0.000000 1817.654053 0.000000 0.950599 0.000000 0.310421 0.294362 0.294362 0.294362
2163.473145 0.000000 1847.877930 0.000000 0.731855 0.000000 0.681460 0.281517 0.281517 0.281517
2167.776123 0.000000 1835.224976 0.000000 0.900946 0.000000 0.433932 0.292066 0.292066 0.292066
2158.857178 0.000000 1813.003906 0.000000 0.948438 0.000000 0.316964 0.273987 0.273987 0.273987
2079.273193 0.000000 1918.860840 0.000000 0.819261 0.000000 0.573421 0.217240 0.217240 0.217240
2082.996826 0.000000 1919.947754 0.000000 0.843129 0.000000 0.537712 0.289731 0.289731 0.289731
2176.522217 0.000000 1823.202026 0.000000 0.882049 0.000000 0.471158 0.283141 0.283141 0.283141
2180.061279 0.000000 1823.709595 0.000000 0.796792 0.000000 0.604253 0.288653 0.288653 0.288653
2184.162109 0.000000 1827.220825 0.000000 0.945634 0.000000 0.325234 0.278170 0.278170 0.278170
2184.383301 0.000000 1829.363770 0.000000 0.774913 0.000000 0.632067 0.286932 0.286932 0.286932
2051.589111 0.000000 1932.850952 0.000000 0.796778 0.000000 0.604272 0.287608 0.287608 0.287608
2093.233887 0.000000 1946.366089 0.000000 0.859766 0.000000 0.510687 0.204551 0.204551 0.204551
2073.924805 0.000000 1973.709229 0.000000 0.862584 0.000000 0.505914 0.248778 0.248778 0.248778
2064.020752 0.000000 1964.697021 0.000000 0.762550 0.000000 0.646929 0.286932 0.286932 0.286932
2094.917725 0.000000 1941.783447 0.000000 0.942323 0.000000 0.334704 0.215841 0.215841 0.215841
2049.602295 0.000000 1950.842041 0.000000 0.784054 0.000000 0.620693 0.265281 0.265281 0.265281
2077.565674 0.000000 1963.767456 0.000000 0.884704 0.000000 0.466153 0.203869 0.203869 0.203869
2090.478760 0.000000 1946.205811 0.000000 0.656268 0.000000 0.754528 0.221775 0.221775 0.221775
2092.193604 0.000000 1941.413330 0.000000 0.893736 0.000000 0.448594 0.291116 0.291116 0.291116
2095.774658 0.000000 1939.657349 0.000000 0.812250 0.000000 0.583309 0.270110 0.270110 0.270110
2048.010498 0.000000 1949.155029 0.000000 0.791609 0.000000 0.611028 0.287445 0.287445 0.287445
2092.304199 0.000000 1944.168091 0.000000 0.613139 0.000000 0.789975 0.231980 0.231980 0.231980
2085.505371 0.000000 1976.156372 0.000000 0.606226 0.000000 0.795292 0.253179 0.253179 0.253179
2053.887695 0.000000 1951.297363 0.000000 0.747965 0.000000 0.663739 0.251076 0.251076 0.251076
2092.596680 0.000000 1939.420044 0.000000 0.782792 0.000000 0.622283 0.287172 0.287172 0.287172
2057.453857 0.000000 1983.272461 0.000000 0.938270 0.000000 0.345904 0.254694 0.254694 0.254694
2097.916504 0.000000 1994.743164 0.000000 0.931995 0.000000 0.362471 0.197463 0.197463 0.197463
2089.896973 0.000000 1976.981445 0.000000 0.681190 0.000000 0.732107 0.219508 0.219508 0.219508
2096.887695 0.000000 2001.828613 0.000000 0.739998 0.000000 0.672610 0.203521 0.203521 0.203521
2087.553711 0.000000 1994.155396 0.000000 0.905292 0.000000 0.424789 0.239717 0.239717 0.239717
2059.269287 0.000000 1986.283203 0.000000 0.937819 0.000000 0.347124 0.235776 0.235776 0.235776
2095.681152 0.000000 1979.854980 0.000000 0.870618 0.000000 0.491960 0.285911 0.285911 0.285911
2095.774658 0.000000 1996.141724 0.000000 0.865246 0.000000 0.501347 0.290836 0.290836 0.290836
2071.052002 0.000000 1980.000977 0.000000 0.613178 0.000000 0.789945 0.234020 0.234020 0.234020
2098.491943 0.000000 2000.593384 0.000000 0.930441 0.000000 0.366443 0.268389 0.268389 0.268389
2095.569580 0.000000 1977.056274 0.000000 0.896618 0.000000 0.442805 0.291308 0.291308 0.291308
2249.453857 0.000000 2096.241211 0.000000 0.922089 0.000000 0.386979 0.251996 0.251996 0.251996
2257.373535 0.000000 2090.028320 0.000000 0.831685 0.000000 0.555248 0.265907 0.265907 0.265907
2099.521729 0.000000 2230.899414 0.000000 0.927841 0.000000 0.372976 0.281677 0.281677 0.281677
2057.807861 0.000000 2238.596191 0.000000 0.621636 0.000000 0.783306 0.253435 0.253435 0.253435
2055.290527 0.000000 2237.562988 0.000000 0.850709 0.000000 0.525637 0.232097 0.232097 0.232097
2050.873291 0.000000 2229.180908 0.000000 0.754201 0.000000 0.656644 0.219964 0.219964 0.219964
2055.324707 0.000000 2229.500732 0.000000 0.670932 0.000000 0.741519 0.253266 0.253266 0.253266
2119.693115 0.000000 2234.723145 0.000000 0.873338 0.000000 0.487116 0.196647 0.196647 0.196647
2138.840820 0.000000 2229.594971 0.000000 0.944791 0.000000 0.327675 0.241411 0.241411 0.241411
2126.124512 0.000000 2231.899414 0.000000 0.887626 0.000000 0.460566 0.243011 0.243011 0.243011
2116.861816 0.000000 2230.845215 0.000000 0.846145 0.000000 0.532952 0.210751 0.210751 0.210751
2121.424072 0.000000 2230.764404 0.000000 0.827955 0.000000 0.560794 0.231665 0.231665 0.231665
2158.165527 0.000000 2220.432861 0.000000 0.681662 0.000000 0.731667 0.224172 0.224172 0.224172
2156.817139 0.000000 2212.416504 0.000000 0.713349 0.000000 0.700809 0.218885 0.218885 0.218885
2161.098145 0.000000 2217.266602 0.000000 0.906793 0.000000 0.421575 0.264880 0.264880 0.264880
2152.221680 0.000000 2223.333984 0.000000 0.653163 0.000000 0.757217 0.209329 0.209329 0.209329
2123.443359 0.000000 2232.877686 0.000000 0.758051 0.000000 0.652195 0.250234 0.250234 0.250234
2172.880859 0.000000 2226.120361 0.000000 0.700409 0.000000 0.713742 0.217157 0.217157 0.217157
2168.270996 0.000000 2223.400391 0.000000 0.909545 0.000000 0.415605 0.216170 0.216170 0.216170
2175.940674 0.000000 2222.340088 0.000000 0.911619 0.000000 0.411035 0.292481 0.292481 0.292481
2123.910645 0.000000 2230.573486 0.000000 0.618814 0.000000 0.785537 0.266481 0.266481 0.266481
2112.010498 0.000000 2231.576904 0.000000 0.843375 0.000000 0.537325 0.290249 0.290249 0.290249
2156.304199 0.000000 2226.590088 0.000000 0.886801 0.000000 0.462151 0.259482 0.259482 0.259482
2174.998535 0.000000 2226.872314 0.000000 0.647938 0.000000 0.761693 0.231948 0.231948 0.231948
2158.326416 0.000000 2214.008789 0.000000 0.930055 0.000000 0.367420 0.276416 0.276416 0.276416
2173.495117 0.000000 2222.050781 0.000000 0.590398 0.000000 0.807112 0.259448 0.259448 0.259448
2230.469482 0.000000 2156.560303 0.000000 0.764160 0.000000 0.645026 0.229528 0.229528 0.229528
2179.605225 0.000000 2226.167236 0.000000 0.753925 0.000000 0.656961 0.206315 0.206315 0.206315
2186.423096 0.000000 2226.638184 0.000000 0.917506 0.000000 0.397722 0.225511 0.225511 0.225511
7418.133789 0.000000 592.308228 0.000000 0.620464 0.000000 0.784235 0.282783 0.282783 0.282783
7389.075684 0.000000 617.243958 0.000000 0.855832 0.000000 0.517254 0.227950 0.227950 0.227950
7419.279297 0.000000 590.045288 0.000000 0.912970 0.000000 0.408026 0.234548 0.234548 0.234548
7422.298340 0.000000 614.314392 0.000000 0.891441 0.000000 0.453138 0.252168 0.252168 0.252168
7423.097656 0.000000 660.717346 0.000000 0.880718 0.000000 0.473641 0.291279 0.291279 0.291279
7415.010742 0.000000 676.281067 0.000000 0.896248 0.000000 0.443553 0.287344 0.287344 0.287344
7414.755859 0.000000 647.423523 0.000000 0.697714 0.000000 0.716377 0.286273 0.286273 0.286273
7418.107422 0.000000 676.528503 0.000000 0.663301 0.000000 0.748353 0.218248 0.218248 0.218248
7419.206543 0.000000 651.308899 0.000000 0.813103 0.000000 0.582120 0.282592 0.282592 0.282592
7396.193359 0.000000 628.787109 0.000000 0.906837 0.000000 0.421482 0.275000 0.275000 0.275000
7423.022949 0.000000 675.493713 0.000000 0.798538 0.000000 0.601945 0.269769 0.269769 0.269769
7428.957031 0.000000 611.010864 0.000000 0.844641 0.000000 0.535333 0.225086 0.225086 0.225086
7433.808105 0.000000 600.549316 0.000000 0.700962 0.000000 0.713199 0.218204 0.218204 0.218204
7453.565918 0.000000 608.142517 0.000000 0.853398 0.000000 0.521260 0.212999 0.212999 0.212999
7428.219238 0.000000 597.477905 0.000000 0.949452 0.000000 0.313912 0.257282 0.257282 0.257282
7435.713867 0.000000 602.846863 0.000000 0.842127 0.000000 0.539279 0.230872 0.230872 0.230872
7433.349609 0.000000 617.398804 0.000000 0.641531 0.000000 0.767097 0.239529 0.239529 0.239529
7453.260254 0.000000 599.112976 0.000000 0.873203 0.000000 0.487357 0.290487 0.290487 0.290487
7452.691406 0.000000 612.936035 0.000000 0.909085 0.000000 0.416611 0.291793 0.291793 0.291793
7424.164062 0.000000 621.182800 0.000000 0.891385 0.000000 0.453246 0.250036 0.250036 0.250036
7486.298340 0.000000 614.314392 0.000000 0.946802 0.000000 0.321816 0.279841 0.279841 0.279841
7472.587402 0.000000 615.769775 0.000000 0.687006 0.000000 0.726652 0.284495 0.284495 0.284495
7430.066895 0.000000 597.979248 0.000000 0.676822 0.000000 0.736147 0.284973 0.284973 0.284973
7501.066406 0.000000 618.059937 0.000000 0.838775 0.000000 0.544478 0.203711 0.203711 0.203711
7503.660156 0.000000 616.009033 0.000000 0.751842 0.000000 0.659344 0.260445 0.260445 0.260445
7489.941895 0.000000 617.471741 0.000000 0.927603 0.000000 0.373567 0.283271 0.283271 0.283271
7492.837402 0.000000 613.083496 0.000000 0.694515 0.000000 0.719478 0.284663 0.284663 0.284663
7427.589355 0.000000 633.710388 0.000000 0.594241 0.000000 0.804287 0.268523 0.268523 0.268523
7469.901367 0.000000 622.282532 0.000000 0.848399 0.000000 0.529358 0.196114 0.196114 0.196114
7437.646484 0.000000 662.074341 0.000000 0.894686 0.000000 0.446695 0.291156 0.291156 0.291156
7486.018555 0.000000 647.223206 0.000000 0.719063 0.000000 0.694945 0.247967 0.247967 0.247967
7424.073242 0.000000 659.889587 0.000000 0.831284 0.000000 0.555849 0.206269 0.206269 0.206269
7483.742676 0.000000 659.005127 0.000000 0.850689 0.000000 0.525669 0.256937 0.256937 0.256937
7439.712891 0.000000 639.942261 0.000000 0.832248 0.000000 0.554404 0.289811 0.289811 0.289811
7453.587891 0.000000 640.995911 0.000000 0.879806 0.000000 0.475333 0.291412 0.291412 0.291412
7473.605957 0.000000 674.182007 0.000000 0.908729 0.000000 0.417387 0.292164 0.292164 0.292164
7441.116211 0.000000 668.575623 0.000000 0.784775 0.000000 0.619781 0.287233 0.287233 0.287233
7426.759766 0.000000 630.442749 0.000000 0.917360 0.000000 0.398059 0.220655 0.220655 0.220655
7476.503418 0.000000 675.745728 0.000000 0.588449 0.000000 0.808535 0.282016 0.282016 0.282016
7481.397461 0.000000 659.478455 0.000000 0.814028 0.000000 0.580825 0.284690 0.284690 0.284690
7439.784668 0.000000 663.150818 0.000000 0.919222 0.000000 0.393740 0.292271 0.292271 0.292271
7447.550293 0.000000 663.117065 0.000000 0.898454 0.000000 0.439067 0.245957 0.245957 0.245957
7440.326660 0.000000 643.995056 0.000000 0.708278 0.000000 0.705934 0.234375 0.234375 0.234375
7455.909668 0.000000 636.295593 0.000000 0.898985 0.000000 0.437980 0.291342 0.291342 0.291342
7515.221680 0.000000 667.356689 0.000000 0.889249 0.000000 0.457423 0.221131 0.221131 0.221131
7519.273438 0.000000 676.204529 0.000000 0.631548 0.000000 0.775336 0.284484 0.284484 0.284484
7506.853027 0.000000 657.935547 0.000000 0.898862 0.000000 0.438232 0.215416 0.215416 0.215416
7514.771973 0.000000 671.238403 0.000000 0.770117 0.000000 0.637903 0.286788 0.286788 0.286788
7499.269531 0.000000 630.658203 0.000000 0.831362 0.000000 0.555731 0.245438 0.245438 0.245438
7508.724609 0.000000 651.028503 0.000000 0.822353 0.000000 0.568977 0.226283 0.226283 0.226283
7506.931641 0.000000 652.654358 0.000000 0.783696 0.000000 0.621144 0.250216 0.250216 0.250216
7492.206055 0.000000 623.583069 0.000000 0.908610 0.000000 0.417647 0.265473 0.265473 0.265473
7510.645996 0.000000 651.993896 0.000000 0.893362 0.000000 0.449338 0.291100 0.291100 0.291100
7492.679688 0.000000 635.564453 0.000000 0.788378 0.000000 0.615191 0.287345 0.287345 0.287345
7490.305176 0.000000 622.677979 0.000000 0.882850 0.000000 0.469656 0.290773 0.290773 0.290773
7502.121582 0.000000 623.346619 0.000000 0.949566 0.000000 0.313569 0.281053 0.281053 0.281053
7404.186523 0.000000 725.520691 0.000000 0.841282 0.000000 0.540597 0.205880 0.205880 0.205880
7410.317383 0.000000 681.003662 0.000000 0.784066 0.000000 0.620677 0.287914 0.287914 0.287914
7402.478516 0.000000 703.549622 0.000000 0.930385 0.000000 0.366585 0.293295 0.293295 0.293295
7423.545410 0.000000 709.771606 0.000000 0.897335 0.000000 0.441350 0.257127 0.257127 0.257127
7417.683105 0.000000 679.968262 0.000000 0.869869 0.000000 0.493282 0.290148 0.290148 0.290148
7424.668457 0.000000 695.582947 0.000000 0.871007 0.000000 0.491271 0.269080 0.269080 0.269080
7459.914551 0.000000 706.571594 0.000000 0.654813 0.000000 0.755791 0.284951 0.284951 0.284951
7527.443848 0.000000 689.101868 0.000000 0.807440 0.000000 0.589949 0.267910 0.267910 0.267910
7527.451172 0.000000 692.808044 0.000000 0.897179 0.000000 0.441668 0.284204 0.284204 0.284204
7525.382812 0.000000 705.394531 0.000000 0.905135 0.000000 0.425125 0.264826 0.264826 0.264826
7533.660156 0.000000 709.762817 0.000000 0.656215 0.000000 0.754574 0.283671 0.283671 0.283671
7477.008789 0.000000 778.518738 0.000000 0.738996 0.000000 0.673710 0.286463 0.286463 0.286463
7484.341309 0.000000 787.464722 0.000000 0.942681 0.000000 0.333695 0.293502 0.293502 0.293502
7471.560547 0.000000 777.060547 0.000000 0.911911 0.000000 0.410388 0.251683 0.251683 0.251683
7474.714844 0.000000 784.769775 0.000000 0.607970 0.000000 0.793960 0.254216 0.254216 0.254216
7481.397461 0.000000 772.447205 0.000000 0.721221 0.000000 0.692705 0.233021 0.233021 0.233021
7484.605469 0.000000 766.223511 0.000000 0.692249 0.000000 0.721659 0.240312 0.240312 0.240312
7484.194824 0.000000 769.885986 0.000000 0.808167 0.000000 0.588953 0.287972 0.287972 0.287972
7476.105469 0.000000 776.687866 0.000000 0.668754 0.000000 0.743484 0.283990 0.283990 0.283990
7472.863770 0.000000 778.772888 0.000000 0.590484 0.000000 0.807049 0.244350 0.244350 0.244350
7537.495117 0.000000 734.396912 0.000000 0.735978 0.000000 0.677005 0.231692 0.231692 0.231692
7535.681152 0.000000 737.198669 0.000000 0.625937 0.000000 0.779874 0.284156 0.284156 0.284156
7559.650879 0.000000 751.784241 0.000000 0.788231 0.000000 0.615379 0.203572 0.203572 0.203572
7562.276367 0.000000 754.904297 0.000000 0.820975 0.000000 0.570965 0.221502 0.221502 0.221502
7573.389160 0.000000 777.522766 0.000000 0.876117 0.000000 0.482098 0.224615 0.224615 0.224615
7568.434082 0.000000 764.358032 0.000000 0.826376 0.000000 0.563119 0.288576 0.288576 0.288576
7555.928711 0.000000 764.428772 0.000000 0.749791 0.000000 0.661675 0.237632 0.237632 0.237632
7570.130371 0.000000 779.390076 0.000000 0.788587 0.000000 0.614923 0.288542 0.288542 0.288542
7560.383301 0.000000 756.160645 0.000000 0.879108 0.000000 0.476622 0.256615 0.256615 0.256615
7556.386230 0.000000 744.713867 0.000000 0.867608 0.000000 0.497250 0.240943 0.240943 0.240943
7483.875488 0.000000 804.987488 0.000000 0.905479 0.000000 0.424390 0.233824 0.233824 0.233824
7470.165527 0.000000 808.323486 0.000000 0.800176 0.000000 0.599765 0.209550 0.209550 0.209550
7485.495117 0.000000 809.941467 0.000000 0.928189 0.000000 0.372109 0.289175 0.289175 0.289175
7488.110840 0.000000 801.145752 0.000000 0.826076 0.000000 0.563558 0.211510 0.211510 0.211510
7561.437988 0.000000 791.598938 0.000000 0.697645 0.000000 0.716443 0.241427 0.241427 0.241427
7569.893555 0.000000 804.096008 0.000000 0.912026 0.000000 0.410133 0.243649 0.243649 0.243649
7570.409180 0.000000 819.190796 0.000000 0.603428 0.000000 0.797418 0.240999 0.240999 0.240999
7567.212891 0.000000 803.234558 0.000000 0.715097 0.000000 0.699025 0.225149 0.225149 0.225149
7578.616211 0.000000 814.863647 0.000000 0.928548 0.000000 0.371212 0.230107 0.230107 0.230107
7572.862305 0.000000 839.448303 0.000000 0.886702 0.000000 0.462342 0.256823 0.256823 0.256823
7569.893555 0.000000 860.580383 0.000000 0.809558 0.000000 0.587039 0.221846 0.221846 0.221846
7590.192871 0.000000 852.972534 0.000000 0.787800 0.000000 0.615931 0.242474 0.242474 0.242474
7552.226074 0.000000 898.582642 0.000000 0.605663 0.000000 0.795721 0.237985 0.237985 0.237985
7565.152832 0.000000 892.496704 0.000000 0.645955 0.000000 0.763375 0.277560 0.277560 0.277560
7555.898438 0.000000 900.022278 0.000000 0.918297 0.000000 0.395893 0.236301 0.236301 0.236301
7574.697754 0.000000 893.784241 0.000000 0.668528 0.000000 0.743687 0.249145 0.249145 0.249145
7556.256348 0.000000 902.781311 0.000000 0.945540 0.000000 0.325506 0.294264 0.294264 0.294264
7583.885254 0.000000 866.455688 0.000000 0.881848 0.000000 0.471534 0.252442 0.252442 0.252442
7575.550293 0.000000 889.054565 0.000000 0.891493 0.000000 0.453034 0.227606 0.227606 0.227606
7576.196777 0.000000 853.533630 0.000000 0.646661 0.000000 0.762777 0.284470 0.284470 0.284470
7560.816895 0.000000 895.273926 0.000000 0.928153 0.000000 0.372200 0.292716 0.292716 0.292716
7586.286621 0.000000 850.893372 0.000000 0.655724 0.000000 0.755001 0.247402 0.247402 0.247402
7421.041992 0.000000 1072.376831 0.000000 0.753258 0.000000 0.657725 0.286291 0.286291 0.286291
7417.614258 0.000000 1069.099854 0.000000 0.731783 0.000000 0.681538 0.201851 0.201851 0.201851
7417.729980 0.000000 1113.992676 0.000000 0.618717 0.000000 0.785614 0.208955 0.208955 0.208955
7417.915527 0.000000 1083.917847 0.000000 0.794079 0.000000 0.607814 0.195547 0.195547 0.195547
7409.044434 0.000000 1121.887085 0.000000 0.773237 0.000000 0.634117 0.252606 0.252606 0.252606
7415.430664 0.000000 1087.080200 0.000000 0.627387 0.000000 0.778708 0.253026 0.253026 0.253026
7411.006836 0.000000 1081.648193 0.000000 0.631761 0.000000 0.775163 0.283060 0.283060 0.283060
7412.392090 0.000000 1121.589844 0.000000 0.683928 0.000000 0.729549 0.285945 0.285945 0.285945
7415.033203 0.000000 1111.651001 0.000000 0.945888 0.000000 0.324492 0.262002 0.262002 0.262002
7420.365723 0.000000 1075.930786 0.000000 0.630467 0.000000 0.776216 0.249531 0.249531 0.249531
7421.061035 0.000000 1073.759399 0.000000 0.858792 0.000000 0.512325 0.289727 0.289727 0.289727
7411.156250 0.000000 1087.276245 0.000000 0.781661 0.000000 0.623703 0.287138 0.287138 0.287138
7417.789062 0.000000 1092.564941 0.000000 0.741519 0.000000 0.670931 0.285954 0.285954 0.285954
7540.449707 0.000000 936.510498 0.000000 0.779802 0.000000 0.626026 0.195542 0.195542 0.195542
7551.419434 0.000000 925.622070 0.000000 0.708652 0.000000 0.705558 0.285042 0.285042 0.285042
7534.444824 0.000000 955.112244 0.000000 0.944704 0.000000 0.327924 0.243574 0.243574 0.243574
7529.927734 0.000000 948.483276 0.000000 0.754928 0.000000 0.655808 0.221021 0.221021 0.221021
7516.116211 0.000000 959.165588 0.000000 0.787663 0.000000 0.616106 0.287323 0.287323 0.287323
7534.583984 0.000000 952.530579 0.000000 0.887787 0.000000 0.460255 0.290865 0.290865 0.290865
7537.258789 0.000000 941.206970 0.000000 0.876753 0.000000 0.480941 0.290418 0.290418 0.290418
7539.339844 0.000000 939.039368 0.000000 0.825538 0.000000 0.564346 0.263139 0.263139 0.263139
7528.632324 0.000000 943.385132 0.000000 0.880406 0.000000 0.474221 0.290564 0.290564 0.290564
7530.151367 0.000000 946.261597 0.000000 0.606899 0.000000 0.794779 0.229856 0.229856 0.229856
7531.937012 0.000000 960.177551 0.000000 0.689960 0.000000 0.723847 0.264823 0.264823 0.264823
7527.873535 0.000000 940.537476 0.000000 0.588384 0.000000 0.808582 0.258912 0.258912 0.258912
7493.963867 0.000000 980.933350 0.000000 0.946582 0.000000 0.322462 0.236051 0.236051 0.236051
7535.681152 0.000000 963.136169 0.000000 0.651441 0.000000 0.758699 0.283550 0.283550 0.283550
7495.626953 0.000000 1006.584595 0.000000 0.703176 0.000000 0.711016 0.285546 0.285546 0.285546
7495.324707 0.000000 986.844421 0.000000 0.727777 0.000000 0.685814 0.223768 0.223768 0.223768
7516.442383 0.000000 960.251770 0.000000 0.921201 0.000000 0.389087 0.292367 0.292367 0.292367
7535.569336 0.000000 960.337585 0.000000 0.666127 0.000000 0.745838 0.245019 0.245019 0.245019
7520.410645 0.000000 977.603882 0.000000 0.702425 0.000000 0.711758 0.284874 0.284874 0.284874
7557.568848 0.000000 907.767883 0.000000 0.881054 0.000000 0.473015 0.290590 0.290590 0.290590
7574.302246 0.000000 908.804077 0.000000 0.648333 0.000000 0.761357 0.284574 0.284574 0.284574
7576.357910 0.000000 912.260986 0.000000 0.791507 0.000000 0.611160 0.205202 0.205202 0.205202
7574.909180 0.000000 914.749817 0.000000 0.884551 0.000000 0.466443 0.246663 0.246663 0.246663
7554.786133 0.000000 938.650696 0.000000 0.606786 0.000000 0.794866 0.243583 0.243583 0.243583
7553.116211 0.000000 940.249207 0.000000 0.693947 0.000000 0.720026 0.284648 0.284648 0.284648
7578.413574 0.000000 912.021545 0.000000 0.588326 0.000000 0.808624 0.249866 0.249866 0.249866
7475.006836 0.000000 1025.163818 0.000000 0.639059 0.000000 0.769157 0.226184 0.226184 0.226184
7474.335449 0.000000 1037.611816 0.000000 0.643894 0.000000 0.765114 0.256854 0.256854 0.256854
7477.305176 0.000000 1030.369629 0.000000 0.794468 0.000000 0.607306 0.282081 0.282081 0.282081
7461.382812 0.000000 1044.300781 0.000000 0.794149 0.000000 0.607724 0.285167 0.285167 0.285167
7425.941895 0.000000 1069.346802 0.000000 0.900872 0.000000 0.434084 0.280629 0.280629 0.280629
7491.834473 0.000000 1016.721252 0.000000 0.727758 0.000000 0.685834 0.286132 0.286132 0.286132
7485.041992 0.000000 1298.314331 0.000000 0.822653 0.000000 0.568544 0.223645 0.223645 0.223645
7486.612305 0.000000 1294.296509 0.000000 0.625932 0.000000 0.779878 0.218312 0.218312 0.218312
7477.811523 0.000000 1283.955322 0.000000 0.673627 0.000000 0.739072 0.284116 0.284116 0.284116
7484.718750 0.000000 1283.887695 0.000000 0.949581 0.000000 0.313521 0.293909 0.293909 0.293909
7462.352539 0.000000 1291.844727 0.000000 0.654317 0.000000 0.756221 0.283623 0.283623 0.283623
7466.151367 0.000000 1285.167847 0.000000 0.723281 0.000000 0.690554 0.238749 0.238749 0.238749
7464.666504 0.000000 1288.978760 0.000000 0.622803 0.000000 0.782379 0.282840 0.282840 0.282840
7466.718262 0.000000 1289.155273 0.000000 0.819288 0.000000 0.573382 0.264031 0.264031 0.264031
7545.729980 0.000000 1283.445801 0.000000 0.725459 0.000000 0.688265 0.215393 0.215393 0.215393
7533.233887 0.000000 1268.553589 0.000000 0.795514 0.000000 0.605935 0.246279 0.246279 0.246279
7519.273438 0.000000 1297.532715 0.000000 0.934423 0.000000 0.356165 0.263169 0.263169 0.263169
7530.478516 0.000000 1268.393311 0.000000 0.771067 0.000000 0.636755 0.213901 0.213901 0.213901
7535.560547 0.000000 1285.419922 0.000000 0.689981 0.000000 0.723827 0.225836 0.225836 0.225836
7521.615234 0.000000 1296.751953 0.000000 0.714988 0.000000 0.699137 0.255089 0.255089 0.255089
7493.188477 0.000000 1285.396362 0.000000 0.698832 0.000000 0.715286 0.254277 0.254277 0.254277
7512.739258 0.000000 1271.225464 0.000000 0.820193 0.000000 0.572087 0.288368 0.288368 0.288368
7543.657227 0.000000 1283.030029 0.000000 0.809597 0.000000 0.586987 0.269523 0.269523 0.269523
7475.915527 0.000000 1311.181885 0.000000 0.923548 0.000000 0.383483 0.292483 0.292483 0.292483
7441.893555 0.000000 1312.455444 0.000000 0.629757 0.000000 0.776792 0.283011 0.283011 0.283011
7465.396484 0.000000 1312.899536 0.000000 0.768679 0.000000 0.639635 0.287551 0.287551 0.287551
7424.073242 0.000000 1337.702148 0.000000 0.707794 0.000000 0.706419 0.198443 0.198443 0.198443
7439.712891 0.000000 1317.754761 0.000000 0.941846 0.000000 0.336045 0.247802 0.247802 0.247802
7430.827637 0.000000 1355.139526 0.000000 0.763078 0.000000 0.646306 0.287763 0.287763 0.287763
7431.290527 0.000000 1333.812988 0.000000 0.844134 0.000000 0.536132 0.229850 0.229850 0.229850
7463.437012 0.000000 1326.522583 0.000000 0.939445 0.000000 0.342698 0.293320 0.293320 0.293320
7431.852051 0.000000 1336.318115 0.000000 0.913124 0.000000 0.407682 0.291980 0.291980 0.291980
7433.306152 0.000000 1324.815186 0.000000 0.617324 0.000000 0.786709 0.229994 0.229994 0.229994
7435.945801 0.000000 1321.209106 0.000000 0.858979 0.000000 0.512011 0.283433 0.283433 0.283433
7470.915039 0.000000 1308.226440 0.000000 0.925366 0.000000 0.379075 0.281574 0.281574 0.281574
7447.051758 0.000000 1302.188477 0.000000 0.775948 0.000000 0.630796 0.247462 0.247462 0.247462
7468.596680 0.000000 1318.091919 0.000000 0.808879 0.000000 0.587975 0.287996 0.287996 0.287996
7439.288574 0.000000 1313.678589 0.000000 0.840322 0.000000 0.542088 0.289058 0.289058 0.289058
7435.119141 0.000000 1352.759766 0.000000 0.948759 0.000000 0.316000 0.293860 0.293860 0.293860
7443.108398 0.000000 1309.117798 0.000000 0.874332 0.000000 0.485327 0.290322 0.290322 0.290322
7432.026367 0.000000 1353.594971 0.000000 0.807698 0.000000 0.589597 0.287957 0.287957 0.287957
7889.216309 0.000000 1000.115662 0.000000 0.608919 0.000000 0.793232 0.282504 0.282504 0.282504
7878.656738 0.000000 1009.052124 0.000000 0.625752 0.000000 0.780022 0.205928 0.205928 0.205928
7893.228027 0.000000 998.139526 0.000000 0.761181 0.000000 0.648539 0.286602 0.286602 0.286602
7876.837402 0.000000 1008.474121 0.000000 0.766237 0.000000 0.642558 0.286672 0.286672 0.286672
7859.006836 0.000000 1025.163818 0.000000 0.880492 0.000000 0.474062 0.248157 0.248157 0.248157
7860.969238 0.000000 1021.076599 0.000000 0.716380 0.000000 0.697711 0.219446 0.219446 0.219446
8144.326660 0.000000 1095.870117 0.000000 0.915095 0.000000 0.403238 0.277432 0.277432 0.277432
7422.127441 0.000000 1373.064941 0.000000 0.783032 0.000000 0.621981 0.216173 0.216173 0.216173
7422.298340 0.000000 1405.095703 0.000000 0.886683 0.000000 0.462378 0.243521 0.243521 0.243521
7450.616699 0.000000 1361.834473 0.000000 0.861438 0.000000 0.507863 0.289826 0.289826 0.289826
7458.074219 0.000000 1361.144775 0.000000 0.923590 0.000000 0.383382 0.292486 0.292486 0.292486
7428.061523 0.000000 1371.834595 0.000000 0.910267 0.000000 0.414021 0.227493 0.227493 0.227493
7435.269531 0.000000 1364.955078 0.000000 0.934583 0.000000 0.355744 0.293571 0.293571 0.293571
7443.958008 0.000000 1362.337524 0.000000 0.870056 0.000000 0.492954 0.268525 0.268525 0.268525
7428.386230 0.000000 1366.041992 0.000000 0.692868 0.000000 0.721065 0.256723 0.256723 0.256723
7476.948730 0.000000 1382.351074 0.000000 0.827785 0.000000 0.561045 0.289695 0.289695 0.289695
7490.164551 0.000000 1374.996582 0.000000 0.891408 0.000000 0.453202 0.198593 0.198593 0.198593
7510.690430 0.000000 1383.641968 0.000000 0.925045 0.000000 0.379857 0.292733 0.292733 0.292733
7504.003418 0.000000 1382.927734 0.000000 0.845819 0.000000 0.533470 0.258395 0.258395 0.258395
7522.304199 0.000000 1371.724854 0.000000 0.670683 0.000000 0.741744 0.257843 0.257843 0.257843
7509.939941 0.000000 1380.958374 0.000000 0.917480 0.000000 0.397782 0.292187 0.292187 0.292187
7512.739258 0.000000 1384.194214 0.000000 0.627425 0.000000 0.778677 0.282953 0.282953 0.282953
7436.244629 0.000000 1462.725952 0.000000 0.900689 0.000000 0.434465 0.224052 0.224052 0.224052
7557.002930 0.000000 1391.753052 0.000000 0.914388 0.000000 0.404840 0.292040 0.292040 0.292040
7565.883301 0.000000 1404.121216 0.000000 0.623471 0.000000 0.781846 0.262043 0.262043 0.262043
7555.856934 0.000000 1405.696899 0.000000 0.609499 0.000000 0.792787 0.282518 0.282518 0.282518
7552.226074 0.000000 1406.942017 0.000000 0.764393 0.000000 0.644750 0.230054 0.230054 0.230054
7581.075684 0.000000 1408.025146 0.000000 0.942617 0.000000 0.333877 0.251072 0.251072 0.251072
7558.656738 0.000000 1404.442749 0.000000 0.923005 0.000000 0.384788 0.292456 0.292456 0.292456
7565.152832 0.000000 1400.856079 0.000000 0.761669 0.000000 0.647967 0.251858 0.251858 0.251858
7580.116211 0.000000 1411.040649 0.000000 0.688996 0.000000 0.724765 0.210775 0.210775 0.210775
7555.167969 0.000000 1399.577637 0.000000 0.643286 0.000000 0.765626 0.283346 0.283346 0.283346
7555.898438 0.000000 1408.381592 0.000000 0.653470 0.000000 0.756952 0.223800 0.223800 0.223800
7560.026367 0.000000 1410.079346 0.000000 0.594166 0.000000 0.804343 0.282151 0.282151 0.282151
7553.941895 0.000000 1408.253052 0.000000 0.763038 0.000000 0.646354 0.261713 0.261713 0.261713
7552.004883 0.000000 1408.939087 0.000000 0.916069 0.000000 0.401020 0.265725 0.265725 0.265725
7638.909180 0.000000 1366.624878 0.000000 0.897260 0.000000 0.441502 0.230413 0.230413 0.230413
7627.945801 0.000000 1377.693481 0.000000 0.708894 0.000000 0.705315 0.285869 0.285869 0.285869
7582.802246 0.000000 1412.170532 0.000000 0.758979 0.000000 0.651115 0.249733 0.249733 0.249733
7552.173340 0.000000 1413.933960 0.000000 0.852494 0.000000 0.522737 0.282707 0.282707 0.282707
7505.307129 0.000000 1479.539673 0.000000 0.640755 0.000000 0.767745 0.259834 0.259834 0.259834
"}
object={
	name="rainforest_sparse_generator_1_2"
	clamp_to_water_level=no
	render_under_water=no
	generated_content=yes
	layer="semidynamic"
	pdxmesh="tree_rainforest_004_mesh"
	count=427
	transform="2415.152100 0.000000 1231.642578 0.000000 0.999268 0.000000 0.038266 0.265321 0.265321 0.265321
2420.752686 0.000000 1232.569214 0.000000 0.990915 0.000000 0.134487 0.294376 0.294376 0.294376
2420.105469 0.000000 1228.562866 0.000000 0.997604 0.000000 0.069189 0.298761 0.298761 0.298761
2439.674561 0.000000 1210.117920 0.000000 0.999847 0.000000 -0.017509 0.300334 0.300334 0.300334
2432.290283 0.000000 1220.536987 0.000000 0.999098 0.000000 -0.042474 0.200295 0.200295 0.200295
2432.073242 0.000000 1224.733398 0.000000 0.977612 0.000000 -0.210413 0.304049 0.304049 0.304049
2436.219482 0.000000 1218.806030 0.000000 0.984903 0.000000 0.173109 0.211206 0.211206 0.211206
2432.205078 0.000000 1208.590576 0.000000 0.985550 0.000000 0.169382 0.296883 0.296883 0.296883
2439.173340 0.000000 1215.378540 0.000000 0.978151 0.000000 -0.207897 0.225129 0.225129 0.225129
2439.324707 0.000000 1212.781860 0.000000 0.956285 0.000000 0.292435 0.294332 0.294332 0.294332
2435.928711 0.000000 1216.303833 0.000000 1.000000 0.000000 -0.000691 0.260793 0.260793 0.260793
2432.010498 0.000000 1214.858154 0.000000 0.973440 0.000000 -0.228943 0.271749 0.271749 0.271749
2435.661377 0.000000 1207.245483 0.000000 0.999930 0.000000 0.011806 0.245527 0.245527 0.245527
2253.066650 0.000000 1691.263062 0.000000 0.966936 0.000000 0.255019 0.295355 0.295355 0.295355
2157.255371 0.000000 1805.891113 0.000000 0.992656 0.000000 0.120975 0.199207 0.199207 0.199207
2162.317383 0.000000 1754.206787 0.000000 0.988618 0.000000 0.150444 0.248947 0.248947 0.248947
2194.736816 0.000000 1744.652344 0.000000 0.960176 0.000000 0.279394 0.198028 0.198028 0.198028
2189.066650 0.000000 1747.747437 0.000000 0.991149 0.000000 -0.132754 0.224444 0.224444 0.224444
2199.759277 0.000000 1738.657104 0.000000 0.982904 0.000000 -0.184117 0.267129 0.267129 0.267129
2199.871582 0.000000 1734.012329 0.000000 0.977917 0.000000 -0.208992 0.284091 0.284091 0.284091
2272.264404 0.000000 1716.399780 0.000000 0.987062 0.000000 0.160338 0.198951 0.198951 0.198951
2278.465332 0.000000 1719.629028 0.000000 0.960607 0.000000 -0.277909 0.285150 0.285150 0.285150
2270.773926 0.000000 1711.002930 0.000000 0.999697 0.000000 -0.024632 0.300471 0.300471 0.300471
2262.003418 0.000000 1708.233643 0.000000 0.970025 0.000000 0.243007 0.290348 0.290348 0.290348
2273.456543 0.000000 1708.456177 0.000000 0.952725 0.000000 -0.303833 0.305896 0.305896 0.305896
2282.478760 0.000000 1720.268311 0.000000 0.970423 0.000000 0.241413 0.247869 0.247869 0.247869
2262.908936 0.000000 1705.531128 0.000000 0.995692 0.000000 -0.092719 0.238774 0.238774 0.238774
2259.875488 0.000000 1709.980103 0.000000 0.979296 0.000000 0.202433 0.296496 0.296496 0.296496
2279.437012 0.000000 1721.913208 0.000000 0.998849 0.000000 -0.047958 0.300859 0.300859 0.300859
2244.386230 0.000000 1704.948242 0.000000 0.999270 0.000000 -0.038211 0.300730 0.300730 0.300730
2242.093750 0.000000 1705.597656 0.000000 0.994836 0.000000 0.101496 0.265038 0.265038 0.265038
2176.110596 0.000000 1761.380127 0.000000 0.999940 0.000000 -0.010984 0.271020 0.271020 0.271020
2180.219482 0.000000 1783.649780 0.000000 0.995429 0.000000 -0.095500 0.301827 0.301827 0.301827
2177.439453 0.000000 1775.395020 0.000000 0.958687 0.000000 -0.284462 0.289305 0.289305 0.289305
2329.924805 0.000000 1691.287354 0.000000 0.978804 0.000000 -0.204799 0.231379 0.231379 0.231379
2324.194824 0.000000 1683.959717 0.000000 0.990378 0.000000 0.138391 0.249088 0.249088 0.249088
2337.638184 0.000000 1684.815552 0.000000 0.999904 0.000000 0.013855 0.299756 0.299756 0.299756
2321.116211 0.000000 1685.294434 0.000000 0.962787 0.000000 -0.270261 0.276944 0.276944 0.276944
2323.100342 0.000000 1690.793823 0.000000 0.987936 0.000000 -0.154861 0.302970 0.302970 0.302970
2327.931152 0.000000 1689.764160 0.000000 0.975159 0.000000 0.221506 0.295734 0.295734 0.295734
2338.456055 0.000000 1682.999756 0.000000 0.955956 0.000000 0.293509 0.255927 0.255927 0.255927
2316.800293 0.000000 1705.093994 0.000000 0.987350 0.000000 -0.158558 0.279332 0.279332 0.279332
2410.157715 0.000000 1717.367554 0.000000 0.996672 0.000000 -0.081517 0.238658 0.238658 0.238658
2411.705322 0.000000 1721.918945 0.000000 0.988513 0.000000 -0.151133 0.249617 0.249617 0.249617
1773.790894 0.000000 1933.806885 0.000000 0.987138 0.000000 0.159869 0.229536 0.229536 0.229536
1843.720459 0.000000 1901.856201 0.000000 0.990471 0.000000 0.137719 0.245230 0.245230 0.245230
1853.935669 0.000000 1894.014404 0.000000 0.984290 0.000000 -0.176560 0.303390 0.303390 0.303390
1851.206421 0.000000 1893.965088 0.000000 0.979135 0.000000 -0.203210 0.236502 0.236502 0.236502
1841.258545 0.000000 1901.441406 0.000000 0.995757 0.000000 0.092021 0.279579 0.279579 0.279579
1843.339844 0.000000 1899.273682 0.000000 0.995894 0.000000 -0.090526 0.238752 0.238752 0.238752
1823.716431 0.000000 1904.434937 0.000000 0.994456 0.000000 -0.105156 0.302012 0.302012 0.302012
1822.427490 0.000000 1902.271606 0.000000 0.998663 0.000000 0.051700 0.299076 0.299076 0.299076
1875.921631 0.000000 1888.309814 0.000000 0.988703 0.000000 0.149888 0.297296 0.297296 0.297296
1860.861816 0.000000 1891.938965 0.000000 0.990777 0.000000 -0.135505 0.218232 0.218232 0.218232
1872.310547 0.000000 1888.778931 0.000000 0.961472 0.000000 0.274904 0.294681 0.294681 0.294681
1873.983643 0.000000 1885.352661 0.000000 0.999536 0.000000 0.030450 0.299427 0.299427 0.299427
1915.743408 0.000000 1914.711914 0.000000 1.000000 0.000000 0.000160 0.283191 0.283191 0.283191
1876.471069 0.000000 1885.809937 0.000000 0.998923 0.000000 -0.046392 0.286713 0.286713 0.286713
1876.672607 0.000000 1883.541748 0.000000 0.990357 0.000000 0.138536 0.265094 0.265094 0.265094
1873.646729 0.000000 1883.309204 0.000000 0.977005 0.000000 0.213217 0.272285 0.272285 0.272285
1947.221802 0.000000 1910.012939 0.000000 0.956033 0.000000 -0.293260 0.223045 0.223045 0.223045
1929.597778 0.000000 1913.859863 0.000000 0.996547 0.000000 -0.083026 0.301553 0.301553 0.301553
1947.270386 0.000000 1915.730591 0.000000 0.970658 0.000000 0.240466 0.290391 0.290391 0.290391
1954.607544 0.000000 1916.378296 0.000000 0.999565 0.000000 -0.029500 0.300563 0.300563 0.300563
2037.811401 0.000000 1905.283447 0.000000 0.969632 0.000000 -0.244570 0.304719 0.304719 0.304719
2042.308594 0.000000 1908.583984 0.000000 0.975134 0.000000 -0.221614 0.221255 0.221255 0.221255
2037.610352 0.000000 1899.477173 0.000000 0.964059 0.000000 -0.265689 0.232550 0.232550 0.232550
2039.879395 0.000000 1907.179199 0.000000 0.999353 0.000000 -0.035956 0.285426 0.285426 0.285426
2039.370483 0.000000 1897.639771 0.000000 0.989428 0.000000 -0.145024 0.302780 0.302780 0.302780
2038.374756 0.000000 1895.534058 0.000000 0.994077 0.000000 0.108681 0.280989 0.280989 0.280989
1909.757935 0.000000 1939.833496 0.000000 0.988400 0.000000 -0.151875 0.302900 0.302900 0.302900
1906.335327 0.000000 1941.361816 0.000000 0.990941 0.000000 -0.134300 0.302573 0.302573 0.302573
1895.437012 0.000000 1947.850708 0.000000 0.980855 0.000000 -0.194741 0.249548 0.249548 0.249548
1908.127808 0.000000 1938.351196 0.000000 0.988455 0.000000 0.151513 0.297107 0.297107 0.297107
1870.189453 0.000000 2013.396851 0.000000 0.999995 0.000000 0.003297 0.199978 0.199978 0.199978
1873.653076 0.000000 1985.422485 0.000000 0.963819 0.000000 -0.266556 0.219361 0.219361 0.219361
1870.569336 0.000000 2010.721924 0.000000 0.951877 0.000000 -0.306481 0.228925 0.228925 0.228925
1873.307007 0.000000 1987.899048 0.000000 0.985827 0.000000 0.167763 0.228356 0.228356 0.228356
1958.270874 0.000000 1921.875732 0.000000 0.960064 0.000000 -0.279779 0.201876 0.201876 0.201876
1942.797119 0.000000 1921.443359 0.000000 0.999070 0.000000 -0.043119 0.211265 0.211265 0.211265
2026.581665 0.000000 1939.273560 0.000000 0.959839 0.000000 -0.280552 0.248239 0.248239 0.248239
2021.084961 0.000000 1935.266357 0.000000 0.976921 0.000000 -0.213600 0.216618 0.216618 0.216618
1993.095337 0.000000 1932.456177 0.000000 0.999257 0.000000 0.038532 0.299297 0.299297 0.299297
2040.851562 0.000000 1952.081177 0.000000 0.998622 0.000000 0.052480 0.208836 0.208836 0.208836
2006.302124 0.000000 1925.522827 0.000000 0.952310 0.000000 0.305132 0.244930 0.244930 0.244930
2037.757935 0.000000 1939.833496 0.000000 0.975523 0.000000 0.219898 0.237169 0.237169 0.237169
2032.763550 0.000000 1960.275146 0.000000 0.994300 0.000000 0.106616 0.212856 0.212856 0.212856
2034.335327 0.000000 1941.361816 0.000000 0.995050 0.000000 0.099380 0.222356 0.222356 0.222356
2035.473267 0.000000 1960.846680 0.000000 0.999334 0.000000 0.036481 0.299303 0.299303 0.299303
2046.188843 0.000000 1935.543335 0.000000 0.993291 0.000000 -0.115643 0.302214 0.302214 0.302214
2036.127808 0.000000 1938.351196 0.000000 0.994182 0.000000 0.107709 0.238363 0.238363 0.238363
2037.193481 0.000000 1959.803711 0.000000 0.999234 0.000000 -0.039121 0.300747 0.300747 0.300747
1995.020874 0.000000 1931.711060 0.000000 0.953016 0.000000 -0.302920 0.305878 0.305878 0.305878
2041.029419 0.000000 1983.389893 0.000000 0.978152 0.000000 0.207892 0.296173 0.296173 0.296173
2043.533813 0.000000 1982.527954 0.000000 0.955053 0.000000 0.296435 0.294252 0.294252 0.294252
1840.749756 0.000000 2056.045166 0.000000 0.996942 0.000000 -0.078147 0.258951 0.258951 0.258951
1847.633301 0.000000 2052.155273 0.000000 0.989618 0.000000 0.143721 0.257855 0.257855 0.257855
1857.476685 0.000000 2039.896240 0.000000 0.964920 0.000000 0.262544 0.245436 0.245436 0.245436
1979.875732 0.000000 2217.096924 0.000000 0.975196 0.000000 -0.221345 0.251000 0.251000 0.251000
1948.263916 0.000000 2212.186768 0.000000 0.979173 0.000000 0.203027 0.229111 0.229111 0.229111
1944.358154 0.000000 2211.401611 0.000000 0.993909 0.000000 -0.110208 0.259916 0.259916 0.259916
1942.908936 0.000000 2213.890381 0.000000 0.971644 0.000000 -0.236450 0.304282 0.304282 0.304282
1955.895264 0.000000 2215.404297 0.000000 0.973993 0.000000 -0.226577 0.272865 0.272865 0.272865
1946.413818 0.000000 2211.162109 0.000000 0.989566 0.000000 -0.144082 0.302594 0.302594 0.302594
1994.048218 0.000000 2248.390869 0.000000 0.987293 0.000000 -0.158908 0.280478 0.280478 0.280478
2016.909058 0.000000 2245.134033 0.000000 0.999332 0.000000 -0.036551 0.213461 0.213461 0.213461
2020.050049 0.000000 2239.180176 0.000000 0.999171 0.000000 0.040704 0.247996 0.247996 0.247996
1997.883423 0.000000 2251.386719 0.000000 0.955106 0.000000 -0.296263 0.206410 0.206410 0.206410
2046.018555 0.000000 2228.785645 0.000000 0.991143 0.000000 0.132802 0.240310 0.240310 0.240310
2018.139526 0.000000 2204.616943 0.000000 0.978233 0.000000 -0.207508 0.251411 0.251411 0.251411
1994.748779 0.000000 2245.083496 0.000000 0.996813 0.000000 -0.079769 0.219452 0.219452 0.219452
2001.653076 0.000000 2211.360107 0.000000 0.984944 0.000000 -0.172874 0.244738 0.244738 0.244738
2034.278564 0.000000 2233.599609 0.000000 0.999731 0.000000 0.023185 0.288987 0.288987 0.288987
2043.206421 0.000000 2232.871338 0.000000 0.997398 0.000000 0.072092 0.239295 0.239295 0.239295
2044.546265 0.000000 2230.830322 0.000000 0.965106 0.000000 -0.261861 0.275091 0.275091 0.275091
2017.762817 0.000000 2214.259277 0.000000 0.985873 0.000000 0.167493 0.233321 0.233321 0.233321
2030.967163 0.000000 2218.267578 0.000000 0.987451 0.000000 0.157929 0.260979 0.260979 0.260979
2018.455933 0.000000 2247.843506 0.000000 0.999972 0.000000 0.007540 0.275802 0.275802 0.275802
2001.653076 0.000000 2267.844482 0.000000 0.970412 0.000000 -0.241455 0.239188 0.239188 0.239188
2003.958252 0.000000 2266.087646 0.000000 0.999571 0.000000 0.029276 0.248126 0.248126 0.248126
2001.982788 0.000000 2262.628662 0.000000 0.984300 0.000000 -0.176505 0.272168 0.272168 0.272168
2162.281250 0.000000 1850.569214 0.000000 0.960105 0.000000 0.279639 0.198097 0.198097 0.198097
2158.271240 0.000000 1844.788452 0.000000 0.956652 0.000000 0.291234 0.294356 0.294356 0.294356
2153.605957 0.000000 1844.981445 0.000000 0.997286 0.000000 -0.073621 0.200798 0.200798 0.200798
2166.496338 0.000000 1836.808838 0.000000 0.987138 0.000000 0.159872 0.274710 0.274710 0.274710
2155.827148 0.000000 1845.686768 0.000000 0.966020 0.000000 0.258467 0.275969 0.275969 0.275969
2168.713623 0.000000 1836.922974 0.000000 0.979380 0.000000 0.202027 0.296183 0.296183 0.296183
2159.125977 0.000000 1846.417114 0.000000 0.999467 0.000000 -0.032636 0.300623 0.300623 0.300623
2081.615479 0.000000 1918.080078 0.000000 0.980146 0.000000 -0.198277 0.303700 0.303700 0.303700
2183.674561 0.000000 1831.446045 0.000000 0.975499 0.000000 0.220004 0.296096 0.296096 0.296096
2048.315430 0.000000 1946.894287 0.000000 0.999920 0.000000 0.012631 0.299766 0.299766 0.299766
2074.549072 0.000000 1961.781860 0.000000 0.998066 0.000000 0.062161 0.207089 0.207089 0.207089
2053.348877 0.000000 1928.910522 0.000000 0.982998 0.000000 0.183615 0.212774 0.212774 0.212774
2077.536865 0.000000 1960.481934 0.000000 0.998426 0.000000 0.056089 0.216614 0.216614 0.216614
2069.436035 0.000000 1971.766724 0.000000 0.994560 0.000000 0.104164 0.287697 0.287697 0.287697
2048.974365 0.000000 1933.176514 0.000000 0.995066 0.000000 -0.099212 0.301898 0.301898 0.301898
2071.931152 0.000000 1972.186035 0.000000 0.982935 0.000000 -0.183955 0.281993 0.281993 0.281993
2050.854492 0.000000 1968.015747 0.000000 0.961774 0.000000 0.273843 0.291986 0.291986 0.291986
2063.784668 0.000000 1962.291382 0.000000 0.987702 0.000000 -0.156349 0.296417 0.296417 0.296417
2061.897461 0.000000 1963.576660 0.000000 0.961385 0.000000 -0.275206 0.305325 0.305325 0.305325
2073.195068 0.000000 1966.044556 0.000000 0.978566 0.000000 0.205935 0.260349 0.260349 0.260349
2078.802246 0.000000 1977.014282 0.000000 0.981221 0.000000 0.192889 0.296489 0.296489 0.296489
2093.901367 0.000000 1977.907593 0.000000 0.985236 0.000000 -0.171201 0.303286 0.303286 0.303286
2085.443359 0.000000 1996.755127 0.000000 0.997358 0.000000 -0.072644 0.208117 0.208117 0.208117
2090.134033 0.000000 1981.090454 0.000000 0.969900 0.000000 -0.243504 0.206579 0.206579 0.206579
2101.758057 0.000000 1996.317871 0.000000 0.999594 0.000000 -0.028487 0.300544 0.300544 0.300544
2078.227295 0.000000 1981.510498 0.000000 0.976513 0.000000 0.215459 0.232829 0.232829 0.232829
2093.456787 0.000000 1981.166626 0.000000 0.998993 0.000000 0.044859 0.220615 0.220615 0.220615
2056.260498 0.000000 1985.958740 0.000000 0.999910 0.000000 -0.013410 0.300256 0.300256 0.300256
2061.243652 0.000000 1984.194214 0.000000 0.993486 0.000000 -0.113950 0.242394 0.242394 0.242394
2068.109619 0.000000 1988.642822 0.000000 0.983371 0.000000 -0.181608 0.239702 0.239702 0.239702
2087.590820 0.000000 1980.568237 0.000000 0.999999 0.000000 -0.001069 0.273685 0.273685 0.273685
2084.142334 0.000000 1977.048340 0.000000 0.952164 0.000000 -0.305588 0.269349 0.269349 0.269349
2076.442627 0.000000 1976.970581 0.000000 0.998548 0.000000 -0.053863 0.301029 0.301029 0.301029
2100.127686 0.000000 1994.835571 0.000000 0.998070 0.000000 0.062096 0.298813 0.298813 0.298813
2059.600586 0.000000 1982.674927 0.000000 0.968924 0.000000 -0.247359 0.270854 0.270854 0.270854
2087.709717 0.000000 1976.955444 0.000000 0.983652 0.000000 0.180081 0.296542 0.296542 0.296542
2103.475830 0.000000 1988.848389 0.000000 0.955926 0.000000 0.293608 0.294309 0.294309 0.294309
2254.452148 0.000000 2089.032227 0.000000 0.961670 0.000000 0.274209 0.238216 0.238216 0.238216
2055.674561 0.000000 2226.836670 0.000000 0.982760 0.000000 -0.184883 0.256856 0.256856 0.256856
2100.600586 0.000000 2226.104492 0.000000 0.991615 0.000000 -0.129227 0.285159 0.285159 0.285159
2081.639404 0.000000 2232.928223 0.000000 0.978328 0.000000 0.207060 0.264167 0.264167 0.264167
2102.755859 0.000000 2228.986084 0.000000 0.983483 0.000000 0.180999 0.296324 0.296324 0.296324
2083.373291 0.000000 2229.833984 0.000000 0.985100 0.000000 -0.171983 0.218543 0.218543 0.218543
2078.089844 0.000000 2231.825928 0.000000 0.978573 0.000000 0.205900 0.212588 0.212588 0.212588
2108.546387 0.000000 2230.830322 0.000000 0.986894 0.000000 -0.161367 0.259987 0.259987 0.259987
2057.639893 0.000000 2236.117676 0.000000 0.964272 0.000000 -0.264915 0.239436 0.239436 0.239436
2083.886963 0.000000 2233.515137 0.000000 0.997824 0.000000 -0.065928 0.252594 0.252594 0.252594
2083.914307 0.000000 2231.649658 0.000000 0.988439 0.000000 -0.151619 0.285502 0.285502 0.285502
2154.581543 0.000000 2221.695557 0.000000 0.981466 0.000000 0.191639 0.290122 0.290122 0.290122
2133.428223 0.000000 2235.238281 0.000000 0.955888 0.000000 -0.293733 0.201980 0.201980 0.201980
2169.426514 0.000000 2220.289551 0.000000 0.970529 0.000000 0.240986 0.239130 0.239130 0.239130
2170.165039 0.000000 2225.441406 0.000000 0.965831 0.000000 0.259173 0.212140 0.212140 0.212140
2154.157715 0.000000 2225.726807 0.000000 0.957854 0.000000 -0.287256 0.244282 0.244282 0.244282
2160.887695 0.000000 2227.766113 0.000000 0.985910 0.000000 0.167277 0.246546 0.246546 0.246546
2154.549316 0.000000 2214.001953 0.000000 0.994886 0.000000 0.101001 0.246199 0.246199 0.246199
2166.928223 0.000000 2219.775635 0.000000 0.999808 0.000000 -0.019591 0.266085 0.266085 0.266085
2159.774658 0.000000 2222.079102 0.000000 0.972343 0.000000 -0.233559 0.248849 0.248849 0.248849
2136.466797 0.000000 2229.414795 0.000000 0.985097 0.000000 0.172002 0.296932 0.296932 0.296932
2165.305176 0.000000 2216.541504 0.000000 0.954266 0.000000 -0.298959 0.248451 0.248451 0.248451
2163.156250 0.000000 2216.963623 0.000000 0.998656 0.000000 -0.051821 0.265384 0.265384 0.265384
2136.739258 0.000000 2231.459717 0.000000 0.994127 0.000000 -0.108221 0.302071 0.302071 0.302071
2159.881836 0.000000 2215.623047 0.000000 0.998185 0.000000 -0.060219 0.282979 0.282979 0.282979
2160.094482 0.000000 2220.000000 0.000000 0.987324 0.000000 0.158717 0.297195 0.297195 0.297195
2162.464111 0.000000 2218.819092 0.000000 0.999659 0.000000 -0.026097 0.256621 0.256621 0.256621
2159.143311 0.000000 2228.568115 0.000000 0.999964 0.000000 -0.008452 0.283882 0.283882 0.283882
2181.963867 0.000000 2223.589600 0.000000 0.972043 0.000000 0.234803 0.294838 0.294838 0.294838
7414.496094 0.000000 594.152649 0.000000 0.993037 0.000000 0.117802 0.297816 0.297816 0.297816
7415.033203 0.000000 603.291687 0.000000 0.978620 0.000000 -0.205676 0.240527 0.240527 0.240527
7418.107422 0.000000 620.044128 0.000000 0.998765 0.000000 -0.049678 0.273242 0.273242 0.273242
7422.830566 0.000000 612.078857 0.000000 0.994281 0.000000 -0.106799 0.264406 0.264406 0.264406
7416.713379 0.000000 594.266724 0.000000 0.999831 0.000000 0.018379 0.299649 0.299649 0.299649
7388.806641 0.000000 615.206726 0.000000 0.993461 0.000000 -0.114170 0.260532 0.260532 0.260532
7388.971191 0.000000 610.156433 0.000000 0.969204 0.000000 0.246260 0.295462 0.295462 0.295462
7410.569336 0.000000 677.301941 0.000000 0.964642 0.000000 0.263562 0.209913 0.209913 0.209913
7416.851562 0.000000 652.940552 0.000000 0.959870 0.000000 0.280445 0.281049 0.281049 0.281049
7396.219727 0.000000 661.485596 0.000000 0.988803 0.000000 -0.149229 0.302715 0.302715 0.302715
7414.496094 0.000000 650.637024 0.000000 0.973868 0.000000 -0.227113 0.254507 0.254507 0.254507
7416.373535 0.000000 621.466553 0.000000 0.968264 0.000000 0.249929 0.255950 0.255950 0.255950
7392.505859 0.000000 665.985962 0.000000 0.986105 0.000000 -0.166123 0.257197 0.257197 0.257197
7414.375000 0.000000 652.877869 0.000000 0.964016 0.000000 0.265844 0.295365 0.295365 0.295365
7450.548828 0.000000 606.156799 0.000000 0.987445 0.000000 -0.157963 0.302881 0.302881 0.302881
7425.602051 0.000000 595.217041 0.000000 0.974552 0.000000 0.224160 0.208040 0.208040 0.208040
7429.963867 0.000000 585.542725 0.000000 0.985680 0.000000 -0.168626 0.212263 0.212263 0.212263
7456.693359 0.000000 616.832031 0.000000 0.956932 0.000000 0.290313 0.290078 0.290078 0.290078
7486.830566 0.000000 612.078857 0.000000 0.976670 0.000000 0.214744 0.284279 0.284279 0.284279
7426.786133 0.000000 599.744446 0.000000 0.982247 0.000000 -0.187595 0.303307 0.303307 0.303307
7431.852051 0.000000 602.021240 0.000000 0.986561 0.000000 0.163394 0.226743 0.226743 0.226743
7436.277832 0.000000 620.099976 0.000000 0.965397 0.000000 -0.260785 0.269311 0.269311 0.269311
7455.716309 0.000000 605.294373 0.000000 0.962838 0.000000 -0.270080 0.304854 0.304854 0.304854
7449.637695 0.000000 601.541138 0.000000 0.982263 0.000000 -0.187507 0.274036 0.274036 0.274036
7425.798828 0.000000 614.782837 0.000000 0.999962 0.000000 -0.008719 0.300167 0.300167 0.300167
7429.476562 0.000000 616.121948 0.000000 0.959208 0.000000 0.282701 0.261498 0.261498 0.261498
7432.026367 0.000000 619.298157 0.000000 0.972372 0.000000 -0.233436 0.263768 0.263768 0.263768
7452.806641 0.000000 615.206726 0.000000 0.993319 0.000000 0.115399 0.252125 0.252125 0.252125
7428.837402 0.000000 613.083496 0.000000 0.983029 0.000000 -0.183453 0.303524 0.303524 0.303524
7487.474121 0.000000 610.068176 0.000000 0.990574 0.000000 0.136978 0.267322 0.267322 0.267322
7498.048340 0.000000 610.344055 0.000000 0.991963 0.000000 -0.126527 0.200833 0.200833 0.200833
7494.656738 0.000000 613.661499 0.000000 0.993198 0.000000 -0.116439 0.280421 0.280421 0.280421
7500.244629 0.000000 615.460388 0.000000 0.961203 0.000000 0.275843 0.294663 0.294663 0.294663
7502.452148 0.000000 620.438477 0.000000 0.952303 0.000000 0.305154 0.273089 0.273089 0.273089
7496.816895 0.000000 612.852051 0.000000 0.987733 0.000000 0.156151 0.297135 0.297135 0.297135
7433.437988 0.000000 622.145813 0.000000 0.977529 0.000000 -0.210801 0.294455 0.294455 0.294455
7425.469238 0.000000 675.876221 0.000000 0.986098 0.000000 0.166168 0.216784 0.216784 0.216784
7428.957031 0.000000 667.495239 0.000000 0.998062 0.000000 0.062224 0.232717 0.232717 0.232717
7455.949707 0.000000 655.584106 0.000000 0.998754 0.000000 -0.049901 0.300953 0.300953 0.300953
7466.157715 0.000000 644.164368 0.000000 0.969509 0.000000 0.245054 0.220480 0.220480 0.220480
7458.040527 0.000000 639.633057 0.000000 0.963770 0.000000 0.266734 0.294843 0.294843 0.294843
7441.983398 0.000000 642.696350 0.000000 0.994448 0.000000 0.105228 0.241716 0.241716 0.241716
7434.749023 0.000000 663.520996 0.000000 0.999201 0.000000 0.039958 0.225682 0.225682 0.225682
7436.406250 0.000000 622.276428 0.000000 0.991618 0.000000 -0.129206 0.267537 0.267537 0.267537
7473.495117 0.000000 621.428162 0.000000 0.999470 0.000000 0.032544 0.249206 0.249206 0.249206
7439.844238 0.000000 624.455322 0.000000 0.975969 0.000000 -0.217908 0.276187 0.276187 0.276187
7459.895020 0.000000 633.841736 0.000000 0.982766 0.000000 0.184854 0.283114 0.283114 0.283114
7431.626953 0.000000 667.678345 0.000000 0.964306 0.000000 -0.264789 0.240009 0.240009 0.240009
7467.597168 0.000000 623.352600 0.000000 0.999986 0.000000 -0.005294 0.300101 0.300101 0.300101
7430.927734 0.000000 627.675537 0.000000 0.989326 0.000000 -0.145716 0.242167 0.242167 0.242167
7462.985352 0.000000 653.192566 0.000000 0.985944 0.000000 -0.167076 0.283454 0.283454 0.283454
7470.583984 0.000000 670.108704 0.000000 0.996673 0.000000 -0.081501 0.244305 0.244305 0.244305
7456.505859 0.000000 665.985962 0.000000 0.954514 0.000000 0.298166 0.294217 0.294217 0.294217
7425.116211 0.000000 657.827332 0.000000 0.985514 0.000000 -0.169596 0.303082 0.303082 0.303082
7464.581055 0.000000 651.592529 0.000000 0.969134 0.000000 0.246535 0.274519 0.274519 0.274519
7429.188477 0.000000 664.068176 0.000000 0.998298 0.000000 -0.058313 0.301009 0.301009 0.301009
7456.249023 0.000000 649.703857 0.000000 0.957440 0.000000 -0.288631 0.305526 0.305526 0.305526
7484.194824 0.000000 656.917236 0.000000 0.976269 0.000000 0.216563 0.295831 0.295831 0.295831
7474.636719 0.000000 631.782471 0.000000 0.951596 0.000000 -0.307350 0.267635 0.267635 0.267635
7443.139160 0.000000 668.991821 0.000000 0.988697 0.000000 -0.149928 0.256999 0.256999 0.256999
7426.093750 0.000000 632.394531 0.000000 0.997533 0.000000 -0.070198 0.283694 0.283694 0.283694
7508.950195 0.000000 630.497314 0.000000 0.996047 0.000000 0.088827 0.203549 0.203549 0.203549
7497.095215 0.000000 633.315552 0.000000 0.999885 0.000000 0.015176 0.251083 0.251083 0.251083
7493.348633 0.000000 629.769897 0.000000 0.953437 0.000000 0.301591 0.199767 0.199767 0.199767
7492.061523 0.000000 637.537720 0.000000 0.998440 0.000000 -0.055843 0.242335 0.242335 0.242335
7494.798828 0.000000 635.595093 0.000000 0.966988 0.000000 -0.254823 0.292873 0.292873 0.292873
7517.075684 0.000000 673.728333 0.000000 0.955422 0.000000 -0.295245 0.282522 0.282522 0.282522
7494.927734 0.000000 627.675537 0.000000 0.975953 0.000000 0.217979 0.237190 0.237190 0.237190
7499.600586 0.000000 627.049927 0.000000 0.953753 0.000000 -0.300591 0.305534 0.305534 0.305534
7396.219727 0.000000 717.969971 0.000000 0.999734 0.000000 0.023084 0.229192 0.229192 0.229192
7399.443848 0.000000 689.101868 0.000000 0.979147 0.000000 -0.203152 0.243357 0.243357 0.243357
7405.452148 0.000000 706.382324 0.000000 0.981606 0.000000 -0.190917 0.303323 0.303323 0.303323
7416.373535 0.000000 677.950928 0.000000 0.992111 0.000000 0.125364 0.270796 0.270796 0.270796
7414.278809 0.000000 677.844421 0.000000 0.974857 0.000000 -0.222833 0.298681 0.298681 0.298681
7441.893555 0.000000 691.127258 0.000000 0.999863 0.000000 -0.016533 0.224520 0.224520 0.224520
7478.278809 0.000000 677.844421 0.000000 0.992536 0.000000 0.121949 0.297665 0.297665 0.297665
7518.802246 0.000000 677.873657 0.000000 0.988029 0.000000 0.154266 0.297291 0.297291 0.297291
7493.568848 0.000000 681.830383 0.000000 0.992086 0.000000 0.125558 0.222120 0.222120 0.222120
7529.396484 0.000000 691.571411 0.000000 0.959111 0.000000 -0.283029 0.305180 0.305180 0.305180
7517.234863 0.000000 701.521301 0.000000 0.982936 0.000000 -0.183949 0.303388 0.303388 0.303388
7532.084473 0.000000 708.556274 0.000000 0.970229 0.000000 0.242189 0.295328 0.295328 0.295328
7533.452148 0.000000 706.382324 0.000000 0.993016 0.000000 0.117983 0.297741 0.297741 0.297741
7519.429199 0.000000 701.740662 0.000000 0.983929 0.000000 0.178562 0.296571 0.296571 0.296571
7531.248535 0.000000 710.638550 0.000000 0.962385 0.000000 0.271689 0.295065 0.295065 0.295065
7471.152344 0.000000 779.767578 0.000000 0.988511 0.000000 0.151150 0.237904 0.237904 0.237904
7483.742676 0.000000 771.973877 0.000000 0.996992 0.000000 -0.077506 0.301482 0.301482 0.301482
7472.763672 0.000000 774.103333 0.000000 0.979811 0.000000 0.199926 0.262072 0.262072 0.262072
7453.565918 0.000000 777.595642 0.000000 0.999964 0.000000 -0.008474 0.231175 0.231175 0.231175
7482.107422 0.000000 789.497253 0.000000 0.987647 0.000000 -0.156695 0.238872 0.238872 0.238872
7472.587402 0.000000 785.222900 0.000000 0.999188 0.000000 0.040287 0.242421 0.242421 0.242421
7497.163574 0.000000 773.597656 0.000000 0.994193 0.000000 -0.107615 0.302059 0.302059 0.302059
7561.163574 0.000000 773.597656 0.000000 0.997711 0.000000 0.067620 0.202591 0.202591 0.202591
7568.913574 0.000000 766.866943 0.000000 0.979843 0.000000 -0.199770 0.230759 0.230759 0.230759
7568.310547 0.000000 759.091492 0.000000 0.989662 0.000000 0.143423 0.258410 0.258410 0.258410
7558.798828 0.000000 748.563843 0.000000 0.955227 0.000000 0.295873 0.273771 0.273771 0.273771
7558.202148 0.000000 745.809692 0.000000 0.999938 0.000000 -0.011107 0.258121 0.258121 0.258121
7572.862305 0.000000 782.963928 0.000000 0.998676 0.000000 0.051434 0.299052 0.299052 0.299052
7568.003418 0.000000 761.599548 0.000000 0.990589 0.000000 0.136872 0.251868 0.251868 0.251868
7569.040527 0.000000 786.832336 0.000000 0.999827 0.000000 -0.018582 0.300355 0.300355 0.300355
7468.193359 0.000000 811.725769 0.000000 0.998463 0.000000 -0.055429 0.240078 0.240078 0.240078
7577.550293 0.000000 802.382690 0.000000 0.958200 0.000000 0.286098 0.215188 0.215188 0.215188
7572.194824 0.000000 836.694092 0.000000 0.967288 0.000000 -0.253680 0.304898 0.304898 0.304898
7574.003418 0.000000 804.483643 0.000000 0.987478 0.000000 -0.157757 0.249124 0.249124 0.249124
7586.997070 0.000000 846.744690 0.000000 0.988208 0.000000 0.153116 0.210816 0.210816 0.210816
7571.922852 0.000000 794.580688 0.000000 0.987626 0.000000 0.156826 0.239498 0.239498 0.239498
7568.434082 0.000000 820.842407 0.000000 0.974061 0.000000 -0.226286 0.296437 0.296437 0.296437
7590.352539 0.000000 839.969788 0.000000 0.994411 0.000000 0.105579 0.297980 0.297980 0.297980
7568.003418 0.000000 818.083923 0.000000 0.990767 0.000000 0.135575 0.250226 0.250226 0.250226
7570.130371 0.000000 835.874451 0.000000 0.990135 0.000000 -0.140115 0.291590 0.291590 0.291590
7574.294922 0.000000 798.254333 0.000000 0.988908 0.000000 -0.148531 0.302847 0.302847 0.302847
7567.288574 0.000000 805.319214 0.000000 0.951457 0.000000 -0.307782 0.305764 0.305764 0.305764
7586.074219 0.000000 852.785400 0.000000 0.976001 0.000000 0.217764 0.295807 0.295807 0.295807
7558.827637 0.000000 903.264465 0.000000 0.999891 0.000000 -0.014769 0.228992 0.228992 0.228992
7588.294922 0.000000 850.922363 0.000000 0.995417 0.000000 -0.095630 0.301829 0.301829 0.301829
7591.590820 0.000000 850.880798 0.000000 0.975416 0.000000 -0.220373 0.304244 0.304244 0.304244
7578.280762 0.000000 891.112000 0.000000 0.989186 0.000000 0.146669 0.278758 0.278758 0.278758
7423.291016 0.000000 1073.608154 0.000000 0.992556 0.000000 -0.121786 0.302332 0.302332 0.302332
7413.811523 0.000000 1114.502197 0.000000 0.997485 0.000000 0.070871 0.203124 0.203124 0.203124
7412.612793 0.000000 1088.915161 0.000000 0.997354 0.000000 0.072704 0.242626 0.242626 0.242626
7410.616699 0.000000 1119.256348 0.000000 0.962732 0.000000 0.270456 0.257860 0.257860 0.257860
7410.542480 0.000000 1079.001709 0.000000 0.985525 0.000000 -0.169530 0.229898 0.229898 0.229898
7414.928223 0.000000 1090.088135 0.000000 0.984765 0.000000 0.173890 0.224438 0.224438 0.224438
7410.714844 0.000000 1123.676025 0.000000 0.999997 0.000000 0.002618 0.299950 0.299950 0.299950
7415.474609 0.000000 1078.273804 0.000000 0.994235 0.000000 -0.107223 0.268379 0.268379 0.268379
7414.447266 0.000000 1122.412598 0.000000 0.999665 0.000000 -0.025883 0.295387 0.295387 0.295387
7417.361328 0.000000 1085.992432 0.000000 0.972308 0.000000 -0.233705 0.272965 0.272965 0.272965
7413.193359 0.000000 1112.538086 0.000000 0.997512 0.000000 -0.070499 0.283698 0.283698 0.283698
7533.255371 0.000000 958.625488 0.000000 0.989337 0.000000 0.145646 0.202022 0.202022 0.202022
7545.915527 0.000000 914.464783 0.000000 0.987186 0.000000 -0.159575 0.247437 0.247437 0.247437
7546.165039 0.000000 926.300720 0.000000 0.959116 0.000000 0.283013 0.277759 0.277759 0.277759
7524.219727 0.000000 943.907471 0.000000 0.991858 0.000000 -0.127351 0.206837 0.206837 0.206837
7533.602051 0.000000 943.674988 0.000000 0.955237 0.000000 -0.295842 0.250724 0.250724 0.250724
7495.626953 0.000000 950.100220 0.000000 0.999241 0.000000 -0.038948 0.270279 0.270279 0.270279
7551.035645 0.000000 945.358154 0.000000 0.998370 0.000000 -0.057068 0.301084 0.301084 0.301084
7469.255371 0.000000 1015.109863 0.000000 0.973589 0.000000 -0.228307 0.201610 0.201610 0.201610
7476.885254 0.000000 1011.985474 0.000000 0.993138 0.000000 -0.116948 0.208456 0.208456 0.208456
7450.548828 0.000000 1001.547424 0.000000 0.999670 0.000000 -0.025693 0.250437 0.250437 0.250437
7495.674805 0.000000 984.180420 0.000000 0.991969 0.000000 -0.126481 0.260119 0.260119 0.260119
7502.124512 0.000000 989.243164 0.000000 0.993760 0.000000 0.111540 0.297907 0.297907 0.297907
7510.690430 0.000000 988.251282 0.000000 0.996400 0.000000 -0.084779 0.227963 0.227963 0.227963
7497.424316 0.000000 988.108154 0.000000 0.976169 0.000000 0.217010 0.295822 0.295822 0.295822
7522.040527 0.000000 978.539307 0.000000 0.972495 0.000000 -0.232923 0.285607 0.285607 0.285607
7497.808105 0.000000 995.939941 0.000000 0.962964 0.000000 -0.269630 0.287334 0.287334 0.287334
7500.424805 0.000000 978.654114 0.000000 0.963923 0.000000 -0.266181 0.260163 0.260163 0.260163
7508.387207 0.000000 987.031494 0.000000 0.999925 0.000000 -0.012206 0.300233 0.300233 0.300233
7497.640137 0.000000 993.461426 0.000000 0.993578 0.000000 -0.113153 0.302166 0.302166 0.302166
7496.383301 0.000000 982.098145 0.000000 0.986877 0.000000 0.161472 0.296903 0.296903 0.296903
7523.805176 0.000000 979.148743 0.000000 0.981339 0.000000 0.192283 0.279164 0.279164 0.279164
7577.550293 0.000000 915.351440 0.000000 0.982864 0.000000 -0.184334 0.260276 0.260276 0.260276
7554.492188 0.000000 907.339600 0.000000 0.968932 0.000000 -0.247326 0.223201 0.223201 0.223201
7552.956543 0.000000 944.869873 0.000000 0.992038 0.000000 0.125941 0.273549 0.273549 0.273549
7555.661133 0.000000 924.823547 0.000000 0.991817 0.000000 0.127665 0.254742 0.254742 0.254742
7461.993652 0.000000 1046.282104 0.000000 1.000000 0.000000 0.000977 0.233884 0.233884 0.233884
7424.226074 0.000000 1068.035767 0.000000 0.992890 0.000000 0.119034 0.285803 0.285803 0.285803
7474.542480 0.000000 1022.517273 0.000000 0.987830 0.000000 0.155535 0.237305 0.237305 0.237305
7478.928223 0.000000 1033.603760 0.000000 1.000000 0.000000 0.000286 0.299995 0.299995 0.299995
7487.450684 0.000000 1024.648071 0.000000 0.998485 0.000000 0.055017 0.299042 0.299042 0.299042
7444.387207 0.000000 1043.515869 0.000000 0.985269 0.000000 0.171010 0.258608 0.258608 0.258608
7455.885254 0.000000 1035.908813 0.000000 0.996001 0.000000 0.089339 0.265200 0.265200 0.265200
7424.164062 0.000000 1073.057861 0.000000 0.977256 0.000000 -0.212063 0.264063 0.264063 0.264063
7490.305176 0.000000 1018.068604 0.000000 0.973153 0.000000 0.230161 0.295930 0.295930 0.295930
7421.935547 0.000000 1329.170654 0.000000 0.998013 0.000000 -0.063002 0.221561 0.221561 0.221561
7476.885254 0.000000 1294.407349 0.000000 0.971156 0.000000 0.238445 0.295402 0.295402 0.295402
7466.699707 0.000000 1283.035034 0.000000 0.999984 0.000000 0.005720 0.299891 0.299891 0.299891
7452.116211 0.000000 1298.071899 0.000000 0.996341 0.000000 -0.085467 0.301573 0.301573 0.301573
7460.101074 0.000000 1290.517578 0.000000 0.977638 0.000000 0.210295 0.295953 0.295953 0.295953
7469.602051 0.000000 1282.581177 0.000000 0.966682 0.000000 0.255981 0.295250 0.295250 0.295250
7487.022949 0.000000 1296.821777 0.000000 0.999462 0.000000 0.032806 0.299388 0.299388 0.299388
7483.743652 0.000000 1293.383789 0.000000 0.980842 0.000000 0.194804 0.296549 0.296549 0.296549
7479.657227 0.000000 1283.030029 0.000000 0.972817 0.000000 -0.231577 0.304463 0.304463 0.304463
7521.639160 0.000000 1272.693848 0.000000 0.962216 0.000000 0.272288 0.248043 0.248043 0.248043
7491.716309 0.000000 1283.762451 0.000000 0.960417 0.000000 0.278567 0.294608 0.294608 0.294608
7504.020996 0.000000 1286.884521 0.000000 0.999968 0.000000 0.007971 0.299848 0.299848 0.299848
7511.538086 0.000000 1278.943115 0.000000 0.976357 0.000000 0.216164 0.198749 0.198749 0.198749
7494.113770 0.000000 1281.614746 0.000000 0.982735 0.000000 -0.185017 0.303554 0.303554 0.303554
7517.260254 0.000000 1276.925537 0.000000 0.992361 0.000000 -0.123370 0.230591 0.230591 0.230591
7500.076660 0.000000 1277.966675 0.000000 0.999414 0.000000 -0.034243 0.255596 0.255596 0.255596
7489.116211 0.000000 1279.155518 0.000000 0.986972 0.000000 0.160892 0.296914 0.296914 0.296914
7452.282227 0.000000 1336.036621 0.000000 0.983758 0.000000 0.179498 0.296587 0.296587 0.296587
7431.693359 0.000000 1330.973145 0.000000 0.977508 0.000000 0.210899 0.296093 0.296093 0.296093
7462.465332 0.000000 1324.238403 0.000000 0.983201 0.000000 -0.182527 0.215788 0.215788 0.215788
7471.844727 0.000000 1306.251099 0.000000 0.977351 0.000000 -0.211624 0.239446 0.239446 0.239446
7450.616699 0.000000 1305.350098 0.000000 0.987129 0.000000 0.159926 0.230639 0.230639 0.230639
7433.424316 0.000000 1327.014404 0.000000 0.999965 0.000000 0.008314 0.299841 0.299841 0.299841
7482.875000 0.000000 1299.295166 0.000000 0.983652 0.000000 -0.180079 0.303458 0.303458 0.303458
7446.302246 0.000000 1304.194702 0.000000 0.958726 0.000000 -0.284333 0.305215 0.305215 0.305215
7466.157715 0.000000 1321.976929 0.000000 0.980513 0.000000 0.196452 0.296223 0.296223 0.296223
7458.139648 0.000000 1300.866943 0.000000 0.995766 0.000000 0.091924 0.210753 0.210753 0.210753
7436.424805 0.000000 1317.560425 0.000000 0.956302 0.000000 -0.292380 0.298713 0.298713 0.298713
7467.534668 0.000000 1315.130371 0.000000 0.999054 0.000000 -0.043496 0.266401 0.266401 0.266401
7445.436035 0.000000 1350.438599 0.000000 0.968248 0.000000 -0.249992 0.222652 0.222652 0.222652
7476.969238 0.000000 1303.498535 0.000000 0.993878 0.000000 0.110480 0.295887 0.295887 0.295887
7434.422852 0.000000 1322.888184 0.000000 0.971602 0.000000 0.236619 0.295438 0.295438 0.295438
7466.549316 0.000000 1310.251953 0.000000 0.989173 0.000000 0.146754 0.271046 0.271046 0.271046
7433.349609 0.000000 1351.695679 0.000000 0.999468 0.000000 -0.032616 0.235904 0.235904 0.235904
7466.478516 0.000000 1324.877686 0.000000 0.955486 0.000000 -0.295036 0.250137 0.250137 0.250137
7468.193359 0.000000 1320.085205 0.000000 0.990856 0.000000 -0.134923 0.284677 0.284677 0.284677
7474.542480 0.000000 1304.939209 0.000000 0.999245 0.000000 -0.038860 0.232594 0.232594 0.232594
7426.854492 0.000000 1346.687622 0.000000 0.997715 0.000000 -0.067570 0.246973 0.246973 0.246973
7433.640137 0.000000 1332.367676 0.000000 0.996086 0.000000 -0.088394 0.301690 0.301690 0.301690
7431.299805 0.000000 1339.878784 0.000000 0.960929 0.000000 0.276795 0.294644 0.294644 0.294644
7461.382812 0.000000 1326.722656 0.000000 0.951405 0.000000 -0.307944 0.305978 0.305978 0.305978
7474.636719 0.000000 1309.594971 0.000000 0.998829 0.000000 0.048383 0.299076 0.299076 0.299076
7518.802246 0.000000 1299.201782 0.000000 0.999594 0.000000 0.028489 0.213494 0.213494 0.213494
7497.453613 0.000000 1305.459961 0.000000 0.998939 0.000000 0.046046 0.232319 0.232319 0.232319
7882.048340 0.000000 1005.734680 0.000000 0.960080 0.000000 -0.279725 0.304979 0.304979 0.304979
7890.853027 0.000000 996.841797 0.000000 0.999006 0.000000 0.044579 0.211130 0.211130 0.211130
7875.856934 0.000000 1010.306335 0.000000 0.957634 0.000000 -0.287987 0.291680 0.291680 0.291680
7885.152832 0.000000 1005.465454 0.000000 0.982109 0.000000 -0.188312 0.241484 0.241484 0.241484
7879.626953 0.000000 1006.584595 0.000000 0.975566 0.000000 0.219705 0.268913 0.268913 0.268913
7883.577637 0.000000 1004.255493 0.000000 0.951578 0.000000 0.307406 0.294512 0.294512 0.294512
7840.264648 0.000000 1038.587280 0.000000 0.993013 0.000000 -0.118001 0.275334 0.275334 0.275334
8146.017090 0.000000 1096.987793 0.000000 0.973763 0.000000 0.227563 0.266617 0.266617 0.266617
7438.716309 0.000000 1365.358643 0.000000 0.999182 0.000000 -0.040430 0.241607 0.241607 0.241607
7460.590332 0.000000 1365.631714 0.000000 0.981569 0.000000 0.191109 0.296328 0.296328 0.296328
7439.844238 0.000000 1358.752197 0.000000 0.981300 0.000000 -0.192482 0.303699 0.303699 0.303699
7430.202148 0.000000 1367.137817 0.000000 0.984853 0.000000 0.173392 0.224442 0.224442 0.224442
7455.953125 0.000000 1361.300171 0.000000 0.959182 0.000000 -0.282790 0.305476 0.305476 0.305476
7493.963867 0.000000 1376.323975 0.000000 0.959642 0.000000 -0.281223 0.305434 0.305434 0.305434
7523.373047 0.000000 1382.568359 0.000000 0.982234 0.000000 -0.187661 0.230642 0.230642 0.230642
7488.205078 0.000000 1378.043701 0.000000 0.983687 0.000000 -0.179888 0.287652 0.287652 0.287652
7541.610352 0.000000 1391.117798 0.000000 0.980463 0.000000 0.196703 0.291131 0.291131 0.291131
7504.764160 0.000000 1371.577026 0.000000 0.999439 0.000000 0.033497 0.216246 0.216246 0.216246
7442.736816 0.000000 1462.230469 0.000000 0.960243 0.000000 0.279167 0.223440 0.223440 0.223440
7437.066406 0.000000 1465.325562 0.000000 0.997971 0.000000 0.063666 0.281115 0.281115 0.281115
7447.931152 0.000000 1463.826660 0.000000 0.991326 0.000000 0.131425 0.259668 0.259668 0.259668
7534.271484 0.000000 1449.397827 0.000000 0.996045 0.000000 0.088854 0.199396 0.199396 0.199396
7551.291016 0.000000 1412.514404 0.000000 0.970635 0.000000 0.240557 0.295579 0.295579 0.295579
7541.610352 0.000000 1447.602173 0.000000 0.990683 0.000000 -0.136187 0.225609 0.225609 0.225609
7519.716309 0.000000 1452.559937 0.000000 0.964869 0.000000 -0.262730 0.296471 0.296471 0.296471
7565.066406 0.000000 1408.841187 0.000000 0.984201 0.000000 -0.177055 0.303133 0.303133 0.303133
7578.771973 0.000000 1405.535278 0.000000 0.967175 0.000000 -0.254112 0.304907 0.304907 0.304907
7556.219238 0.000000 1388.259155 0.000000 0.999999 0.000000 0.001522 0.299971 0.299971 0.299971
7558.827637 0.000000 1411.623901 0.000000 0.962070 0.000000 0.272804 0.295106 0.295106 0.295106
7557.188477 0.000000 1398.365112 0.000000 0.998826 0.000000 0.048446 0.299074 0.299074 0.299074
7558.066895 0.000000 1388.760498 0.000000 0.986309 0.000000 -0.164909 0.286848 0.286848 0.286848
7623.674805 0.000000 1379.571045 0.000000 0.993142 0.000000 -0.116913 0.200758 0.200758 0.200758
7629.467773 0.000000 1371.180298 0.000000 0.999339 0.000000 -0.036367 0.200246 0.200246 0.200246
7630.853027 0.000000 1372.526733 0.000000 0.989831 0.000000 -0.142247 0.267142 0.267142 0.267142
7581.269531 0.000000 1414.268799 0.000000 0.965599 0.000000 0.260036 0.294976 0.294976 0.294976
"}
object={
	name="rainforest_sparse_generator_1_3"
	clamp_to_water_level=no
	render_under_water=no
	generated_content=yes
	layer="semidynamic"
	pdxmesh="tree_rainforest_005_mesh"
	count=392
	transform="2420.885254 0.000000 1237.922974 0.000000 0.941756 0.000000 -0.336298 0.306551 0.306551 0.306551
2417.044678 0.000000 1234.855835 0.000000 0.942146 0.000000 -0.335204 0.243662 0.243662 0.243662
2421.811279 0.000000 1227.470947 0.000000 0.891545 0.000000 -0.452932 0.308977 0.308977 0.308977
2426.085693 0.000000 1233.330444 0.000000 0.765482 0.000000 -0.643457 0.275058 0.275058 0.275058
2423.341309 0.000000 1237.463867 0.000000 0.917947 0.000000 -0.396703 0.307791 0.307791 0.307791
2423.657227 0.000000 1226.545654 0.000000 0.941374 0.000000 -0.337364 0.306572 0.306572 0.306572
2416.864014 0.000000 1230.647827 0.000000 0.762484 0.000000 -0.647007 0.312780 0.312780 0.312780
2416.736572 0.000000 1232.858765 0.000000 0.607490 0.000000 -0.794327 0.315846 0.315846 0.315846
2445.066650 0.000000 1239.388062 0.000000 0.884812 0.000000 -0.465948 0.203376 0.203376 0.203376
2441.424072 0.000000 1214.045654 0.000000 0.803436 0.000000 -0.595391 0.312180 0.312180 0.312180
2447.659912 0.000000 1237.337158 0.000000 0.731698 0.000000 -0.681629 0.218040 0.218040 0.218040
2444.277832 0.000000 1241.428101 0.000000 0.902437 0.000000 -0.430822 0.279350 0.279350 0.279350
2444.406494 0.000000 1243.604614 0.000000 0.804271 0.000000 -0.594263 0.224224 0.224224 0.224224
2255.659912 0.000000 1689.212158 0.000000 0.628276 0.000000 -0.777991 0.315323 0.315323 0.315323
2258.130127 0.000000 1683.140137 0.000000 0.904813 0.000000 -0.425810 0.287508 0.287508 0.287508
2259.138916 0.000000 1685.710571 0.000000 0.813331 0.000000 -0.581801 0.311859 0.311859 0.311859
2175.419434 0.000000 1772.887695 0.000000 0.671841 0.000000 -0.740695 0.231336 0.231336 0.231336
2161.158936 0.000000 1785.644043 0.000000 0.870169 0.000000 -0.492754 0.249022 0.249022 0.249022
2154.699707 0.000000 1791.394409 0.000000 0.794667 0.000000 -0.607046 0.276242 0.276242 0.276242
2165.610352 0.000000 1786.508423 0.000000 0.904252 0.000000 -0.427000 0.308426 0.308426 0.308426
2155.937012 0.000000 1807.443115 0.000000 0.683857 0.000000 -0.729616 0.315618 0.315618 0.315618
2164.201660 0.000000 1757.963623 0.000000 0.725017 0.000000 -0.688731 0.280716 0.280716 0.280716
2197.034912 0.000000 1735.248413 0.000000 0.852031 0.000000 -0.523492 0.239968 0.239968 0.239968
2196.194824 0.000000 1740.444092 0.000000 0.748752 0.000000 -0.662850 0.247100 0.247100 0.247100
2193.114990 0.000000 1749.091064 0.000000 0.723789 0.000000 -0.690022 0.213364 0.213364 0.213364
2193.116211 0.000000 1741.778809 0.000000 0.848822 0.000000 -0.528678 0.275560 0.275560 0.275560
2199.550293 0.000000 1736.320190 0.000000 0.806610 0.000000 -0.591084 0.312078 0.312078 0.312078
2260.950195 0.000000 1703.700439 0.000000 0.922606 0.000000 -0.385744 0.265799 0.265799 0.265799
2243.589111 0.000000 1706.913452 0.000000 0.865936 0.000000 -0.500155 0.256781 0.256781 0.256781
2257.626221 0.000000 1699.740723 0.000000 0.731229 0.000000 -0.682132 0.205191 0.205191 0.205191
2246.201904 0.000000 1706.044067 0.000000 0.940567 0.000000 -0.339609 0.306618 0.306618 0.306618
2260.109619 0.000000 1706.220947 0.000000 0.818128 0.000000 -0.575036 0.311701 0.311701 0.311701
2176.315430 0.000000 1777.441162 0.000000 0.875984 0.000000 -0.482341 0.203393 0.203393 0.203393
2178.164551 0.000000 1770.387207 0.000000 0.776878 0.000000 -0.629651 0.313008 0.313008 0.313008
2181.348877 0.000000 1759.457397 0.000000 0.710271 0.000000 -0.703928 0.247690 0.247690 0.247690
2181.963867 0.000000 1771.714600 0.000000 0.700865 0.000000 -0.713294 0.314484 0.314484 0.314484
2183.290527 0.000000 1785.687988 0.000000 0.784763 0.000000 -0.619796 0.311616 0.311616 0.311616
2180.014893 0.000000 1757.102661 0.000000 0.846485 0.000000 -0.532413 0.310723 0.310723 0.310723
2179.928711 0.000000 1781.147583 0.000000 0.713922 0.000000 -0.700226 0.314815 0.314815 0.314815
2176.060303 0.000000 1759.263794 0.000000 0.856793 0.000000 -0.515661 0.310347 0.310347 0.310347
2181.887695 0.000000 1781.844238 0.000000 0.819535 0.000000 -0.573030 0.311654 0.311654 0.311654
2322.736816 0.000000 1688.167969 0.000000 0.927521 0.000000 -0.373770 0.307287 0.307287 0.307287
2327.427979 0.000000 1687.042236 0.000000 0.882403 0.000000 -0.470494 0.309300 0.309300 0.309300
2325.636475 0.000000 1692.549072 0.000000 0.775151 0.000000 -0.631776 0.219883 0.219883 0.219883
2321.114990 0.000000 1692.606689 0.000000 0.943934 0.000000 -0.330133 0.306426 0.306426 0.306426
2322.867188 0.000000 1681.010742 0.000000 0.914880 0.000000 -0.403725 0.307346 0.307346 0.307346
2325.436035 0.000000 1689.344849 0.000000 0.858442 0.000000 -0.512910 0.288385 0.288385 0.288385
2340.101074 0.000000 1685.908203 0.000000 0.909481 0.000000 -0.415746 0.231171 0.231171 0.231171
2342.352295 0.000000 1687.235352 0.000000 0.833035 0.000000 -0.553221 0.311196 0.311196 0.311196
2323.281494 0.000000 1693.701294 0.000000 0.920696 0.000000 -0.390279 0.307657 0.307657 0.307657
2319.977051 0.000000 1687.114014 0.000000 0.890861 0.000000 -0.454275 0.266756 0.266756 0.266756
2316.424805 0.000000 1712.951050 0.000000 0.771306 0.000000 -0.636465 0.222901 0.222901 0.222901
2321.373535 0.000000 1694.637695 0.000000 0.950008 0.000000 -0.312227 0.306065 0.306065 0.306065
2407.437012 0.000000 1721.913208 0.000000 0.789459 0.000000 -0.613804 0.312622 0.312622 0.312622
1777.916626 0.000000 1938.258789 0.000000 0.757968 0.000000 -0.652292 0.206456 0.206456 0.206456
1774.165649 0.000000 1938.010986 0.000000 0.829016 0.000000 -0.559224 0.242761 0.242761 0.242761
1772.596680 0.000000 1939.420044 0.000000 0.787973 0.000000 -0.615709 0.293252 0.293252 0.293252
1850.134033 0.000000 1891.448853 0.000000 0.920270 0.000000 -0.391285 0.202690 0.202690 0.202690
1840.763550 0.000000 1903.790771 0.000000 0.670657 0.000000 -0.741768 0.240401 0.240401 0.240401
1832.632446 0.000000 1903.619507 0.000000 0.836438 0.000000 -0.548061 0.271105 0.271105 0.271105
1820.530762 0.000000 1905.659302 0.000000 0.838621 0.000000 -0.544715 0.266295 0.266295 0.266295
1839.125977 0.000000 1902.901489 0.000000 0.787896 0.000000 -0.615809 0.312670 0.312670 0.312670
1872.326904 0.000000 1886.651367 0.000000 0.836960 0.000000 -0.547263 0.311060 0.311060 0.311060
1978.165039 0.000000 1886.535034 0.000000 0.905586 0.000000 -0.424163 0.291603 0.291603 0.291603
2034.281372 0.000000 1907.053589 0.000000 0.691956 0.000000 -0.721940 0.220289 0.220289 0.220289
2035.473267 0.000000 1904.362305 0.000000 0.657794 0.000000 -0.753198 0.277703 0.277703 0.277703
1998.936279 0.000000 1910.556274 0.000000 0.683998 0.000000 -0.729484 0.247470 0.247470 0.247470
1894.465210 0.000000 1945.566528 0.000000 0.804366 0.000000 -0.594133 0.204241 0.204241 0.204241
1905.916626 0.000000 1938.258789 0.000000 0.948755 0.000000 -0.316013 0.244603 0.244603 0.244603
1892.675659 0.000000 1953.310791 0.000000 0.916133 0.000000 -0.400874 0.296499 0.296499 0.296499
1908.612793 0.000000 1936.180786 0.000000 0.663211 0.000000 -0.748433 0.316152 0.316152 0.316152
1895.131470 0.000000 1955.447876 0.000000 0.644989 0.000000 -0.764192 0.229846 0.229846 0.229846
1896.507935 0.000000 1944.891113 0.000000 0.879953 0.000000 -0.475061 0.248215 0.248215 0.248215
1882.844482 0.000000 1978.670654 0.000000 0.921418 0.000000 -0.388574 0.231475 0.231475 0.231475
1861.963745 0.000000 1997.652100 0.000000 0.935329 0.000000 -0.353779 0.216090 0.216090 0.216090
1867.443359 0.000000 2006.940186 0.000000 0.611947 0.000000 -0.790898 0.262517 0.262517 0.262517
1869.917725 0.000000 2008.399292 0.000000 0.853341 0.000000 -0.521353 0.310474 0.310474 0.310474
1867.910645 0.000000 2004.636108 0.000000 0.800910 0.000000 -0.598785 0.248614 0.248614 0.248614
1864.383423 0.000000 1998.816895 0.000000 0.866226 0.000000 -0.499653 0.303031 0.303031 0.303031
1935.347534 0.000000 1920.752808 0.000000 0.634573 0.000000 -0.772863 0.205932 0.205932 0.205932
2034.281372 0.000000 1963.537964 0.000000 0.686289 0.000000 -0.727329 0.296158 0.296158 0.296158
2029.233887 0.000000 1946.366089 0.000000 0.950349 0.000000 -0.311187 0.204226 0.204226 0.204226
2026.157837 0.000000 1943.305054 0.000000 0.938669 0.000000 -0.344821 0.301375 0.301375 0.301375
2039.033203 0.000000 1958.916626 0.000000 0.754746 0.000000 -0.656017 0.312942 0.312942 0.312942
2024.221680 0.000000 1940.911987 0.000000 0.871217 0.000000 -0.490899 0.247822 0.247822 0.247822
1990.202026 0.000000 1931.981567 0.000000 0.887482 0.000000 -0.460842 0.308286 0.308286 0.308286
2023.590698 0.000000 1924.083862 0.000000 0.884585 0.000000 -0.466379 0.263394 0.263394 0.263394
2046.808594 0.000000 1948.496216 0.000000 0.654135 0.000000 -0.756378 0.316382 0.316382 0.316382
2036.105469 0.000000 1962.859741 0.000000 0.807987 0.000000 -0.589200 0.311703 0.311703 0.311703
2045.524414 0.000000 1982.466553 0.000000 0.823674 0.000000 -0.567063 0.225708 0.225708 0.225708
2040.357544 0.000000 1985.300049 0.000000 0.902545 0.000000 -0.430596 0.274643 0.274643 0.274643
1853.734009 0.000000 2067.647705 0.000000 0.872197 0.000000 -0.489155 0.283233 0.283233 0.283233
1853.524414 0.000000 2038.950928 0.000000 0.671285 0.000000 -0.741199 0.315069 0.315069 0.315069
1849.426636 0.000000 2050.836426 0.000000 0.637113 0.000000 -0.770770 0.216672 0.216672 0.216672
1962.549194 0.000000 2214.001953 0.000000 0.805877 0.000000 -0.592083 0.271201 0.271201 0.271201
1977.532715 0.000000 2217.865234 0.000000 0.713285 0.000000 -0.700874 0.272439 0.272439 0.272439
1948.903564 0.000000 2209.511963 0.000000 0.897128 0.000000 -0.441771 0.255426 0.255426 0.255426
1977.361084 0.000000 2215.679932 0.000000 0.857893 0.000000 -0.513828 0.279482 0.279482 0.279482
1998.716187 0.000000 2212.624268 0.000000 0.876455 0.000000 -0.481483 0.221905 0.221905 0.221905
2018.074463 0.000000 2208.410400 0.000000 0.723251 0.000000 -0.690585 0.234283 0.234283 0.234283
1984.522339 0.000000 2218.592773 0.000000 0.950534 0.000000 -0.310621 0.304265 0.304265 0.304265
2008.358154 0.000000 2211.401611 0.000000 0.811281 0.000000 -0.584657 0.255567 0.255567 0.255567
1993.939697 0.000000 2218.178955 0.000000 0.911812 0.000000 -0.410608 0.266728 0.266728 0.266728
2017.496704 0.000000 2227.121338 0.000000 0.715239 0.000000 -0.698880 0.237992 0.237992 0.237992
1984.668579 0.000000 2220.661133 0.000000 0.853024 0.000000 -0.521872 0.301665 0.301665 0.301665
1994.587402 0.000000 2216.170898 0.000000 0.851443 0.000000 -0.524447 0.289777 0.289777 0.289777
2157.901367 0.000000 1808.454468 0.000000 0.879043 0.000000 -0.476743 0.309491 0.309491 0.309491
2170.134033 0.000000 1834.964478 0.000000 0.850385 0.000000 -0.526161 0.203873 0.203873 0.203873
2171.742432 0.000000 1845.177002 0.000000 0.846235 0.000000 -0.532811 0.309974 0.309974 0.309974
2157.456787 0.000000 1811.713501 0.000000 0.599408 0.000000 -0.800444 0.317724 0.317724 0.317724
2171.206543 0.000000 1837.480713 0.000000 0.630571 0.000000 -0.776132 0.256131 0.256131 0.256131
2155.597168 0.000000 1809.524536 0.000000 0.893741 0.000000 -0.448583 0.308884 0.308884 0.308884
2156.435303 0.000000 1843.475098 0.000000 0.863149 0.000000 -0.504950 0.309753 0.309753 0.309753
2153.191162 0.000000 1809.630493 0.000000 0.622356 0.000000 -0.782734 0.315689 0.315689 0.315689
2185.306152 0.000000 1833.174561 0.000000 0.712861 0.000000 -0.701305 0.254890 0.254890 0.254890
2048.354004 0.000000 1968.436646 0.000000 0.787630 0.000000 -0.616149 0.204524 0.204524 0.204524
2093.255371 0.000000 1975.344238 0.000000 0.920222 0.000000 -0.391396 0.276988 0.276988 0.276988
2058.048096 0.000000 1965.969116 0.000000 0.719720 0.000000 -0.694265 0.313650 0.313650 0.313650
2079.273193 0.000000 1975.345215 0.000000 0.762605 0.000000 -0.646865 0.313435 0.313435 0.313435
2094.165527 0.000000 1938.010986 0.000000 0.665982 0.000000 -0.745968 0.291658 0.291658 0.291658
2090.622314 0.000000 1974.493774 0.000000 0.713300 0.000000 -0.700859 0.232616 0.232616 0.232616
2070.697754 0.000000 1966.987427 0.000000 0.834526 0.000000 -0.550968 0.279495 0.279495 0.279495
2062.936279 0.000000 1967.040649 0.000000 0.895085 0.000000 -0.445895 0.293746 0.293746 0.293746
2050.422852 0.000000 1948.868408 0.000000 0.922220 0.000000 -0.386666 0.307582 0.307582 0.307582
2052.386230 0.000000 1930.885742 0.000000 0.625480 0.000000 -0.780240 0.316323 0.316323 0.316323
2054.226807 0.000000 1965.043701 0.000000 0.900277 0.000000 -0.435316 0.307759 0.307759 0.307759
2082.607666 0.000000 1972.862671 0.000000 0.730523 0.000000 -0.682888 0.314357 0.314357 0.314357
2089.206787 0.000000 1985.496826 0.000000 0.884380 0.000000 -0.466769 0.280505 0.280505 0.280505
2090.581543 0.000000 1995.757935 0.000000 0.723706 0.000000 -0.690109 0.314546 0.314546 0.314546
2099.915527 0.000000 1988.994385 0.000000 0.704908 0.000000 -0.709298 0.219544 0.219544 0.219544
2093.790771 0.000000 1990.291260 0.000000 0.913446 0.000000 -0.406960 0.218877 0.218877 0.218877
2102.469482 0.000000 1987.107178 0.000000 0.702162 0.000000 -0.712017 0.315133 0.315133 0.315133
2083.895264 0.000000 1989.466797 0.000000 0.702199 0.000000 -0.711981 0.284821 0.284821 0.284821
2084.193115 0.000000 1984.412109 0.000000 0.816473 0.000000 -0.577383 0.287127 0.287127 0.287127
2102.928223 0.000000 1993.838135 0.000000 0.719486 0.000000 -0.694507 0.313886 0.313886 0.313886
2071.989502 0.000000 1989.982910 0.000000 0.749346 0.000000 -0.662178 0.263317 0.263317 0.263317
2101.305176 0.000000 1990.604004 0.000000 0.909931 0.000000 -0.414760 0.308168 0.308168 0.308168
2103.633301 0.000000 1995.671021 0.000000 0.746219 0.000000 -0.665700 0.291202 0.291202 0.291202
2048.315430 0.000000 2229.316162 0.000000 0.637452 0.000000 -0.770490 0.258471 0.258471 0.258471
2057.163818 0.000000 2242.191406 0.000000 0.645152 0.000000 -0.764054 0.238915 0.238915 0.238915
2144.264404 0.000000 2224.759033 0.000000 0.681461 0.000000 -0.731854 0.314543 0.314543 0.314543
2163.915527 0.000000 2214.931885 0.000000 0.786929 0.000000 -0.617043 0.220913 0.220913 0.220913
2157.233887 0.000000 2228.787842 0.000000 0.790839 0.000000 -0.612025 0.236881 0.236881 0.236881
2158.917725 0.000000 2224.205322 0.000000 0.834990 0.000000 -0.550266 0.246794 0.246794 0.246794
2165.758057 0.000000 2222.255371 0.000000 0.623977 0.000000 -0.781442 0.213794 0.213794 0.213794
2171.669434 0.000000 2222.595459 0.000000 0.713190 0.000000 -0.700970 0.223035 0.223035 0.223035
2162.335205 0.000000 2223.783691 0.000000 0.688371 0.000000 -0.725358 0.294274 0.294274 0.294274
2158.630859 0.000000 2226.667236 0.000000 0.931864 0.000000 -0.362807 0.304624 0.304624 0.304624
2158.967041 0.000000 2218.267578 0.000000 0.637125 0.000000 -0.770760 0.255427 0.255427 0.255427
2181.852539 0.000000 2225.736084 0.000000 0.802594 0.000000 -0.596526 0.291081 0.291081 0.291081
7410.281250 0.000000 607.912964 0.000000 0.770608 0.000000 -0.637310 0.229450 0.229450 0.229450
7390.600098 0.000000 614.547363 0.000000 0.730795 0.000000 -0.682597 0.313167 0.313167 0.313167
7416.851562 0.000000 596.456177 0.000000 0.635746 0.000000 -0.771899 0.278086 0.278086 0.278086
7415.010742 0.000000 619.796692 0.000000 0.787703 0.000000 -0.616055 0.312676 0.312676 0.312676
7389.565918 0.000000 608.142517 0.000000 0.794482 0.000000 -0.607288 0.256485 0.256485 0.256485
7413.193359 0.000000 604.178711 0.000000 0.905355 0.000000 -0.424656 0.308376 0.308376 0.308376
7399.443848 0.000000 632.617493 0.000000 0.706129 0.000000 -0.708083 0.230309 0.230309 0.230309
7422.888184 0.000000 657.953125 0.000000 0.704327 0.000000 -0.709875 0.270172 0.270172 0.270172
7431.674805 0.000000 588.789795 0.000000 0.910072 0.000000 -0.414449 0.307938 0.307938 0.307938
7430.599121 0.000000 617.944702 0.000000 0.601276 0.000000 -0.799042 0.317680 0.317680 0.317680
7456.909180 0.000000 607.087036 0.000000 0.654427 0.000000 -0.756125 0.282667 0.282667 0.282667
7433.889160 0.000000 620.108765 0.000000 0.792780 0.000000 -0.609508 0.257712 0.257712 0.257712
7453.536621 0.000000 604.856873 0.000000 0.809141 0.000000 -0.587614 0.292117 0.292117 0.292117
7450.132812 0.000000 599.295593 0.000000 0.786308 0.000000 -0.617834 0.304781 0.304781 0.304781
7447.871582 0.000000 604.324768 0.000000 0.610469 0.000000 -0.792040 0.228422 0.228422 0.228422
7430.827637 0.000000 620.842590 0.000000 0.925290 0.000000 -0.379262 0.270380 0.270380 0.270380
7450.516602 0.000000 603.622681 0.000000 0.614573 0.000000 -0.788860 0.298837 0.298837 0.298837
7426.873047 0.000000 591.133972 0.000000 0.775148 0.000000 -0.631779 0.295379 0.295379 0.295379
7425.729980 0.000000 597.436035 0.000000 0.899832 0.000000 -0.436236 0.308621 0.308621 0.308621
7432.383301 0.000000 586.707520 0.000000 0.673321 0.000000 -0.739350 0.300733 0.300733 0.300733
7439.150391 0.000000 618.454773 0.000000 0.640638 0.000000 -0.767843 0.292768 0.292768 0.292768
7432.816895 0.000000 612.852051 0.000000 0.630794 0.000000 -0.775950 0.316964 0.316964 0.316964
7424.004883 0.000000 618.157837 0.000000 0.775040 0.000000 -0.631912 0.272453 0.272453 0.272453
7452.971191 0.000000 610.156433 0.000000 0.853107 0.000000 -0.521735 0.310483 0.310483 0.310483
7491.856934 0.000000 614.915710 0.000000 0.857393 0.000000 -0.514662 0.309454 0.309454 0.309454
7490.854492 0.000000 612.390686 0.000000 0.594002 0.000000 -0.804463 0.285588 0.285588 0.285588
7489.278809 0.000000 610.718994 0.000000 0.629755 0.000000 -0.776794 0.306593 0.306593 0.306593
7500.277832 0.000000 620.099976 0.000000 0.740883 0.000000 -0.671634 0.252630 0.252630 0.252630
7488.004883 0.000000 618.157837 0.000000 0.899661 0.000000 -0.436590 0.261810 0.261810 0.261810
7487.291016 0.000000 621.733215 0.000000 0.948608 0.000000 -0.316452 0.214619 0.214619 0.214619
7441.626465 0.000000 626.537598 0.000000 0.930133 0.000000 -0.367224 0.202922 0.202922 0.202922
7450.548828 0.000000 662.641174 0.000000 0.900488 0.000000 -0.434881 0.231952 0.231952 0.231952
7433.808105 0.000000 657.033691 0.000000 0.801889 0.000000 -0.597473 0.226626 0.226626 0.226626
7452.683105 0.000000 634.762024 0.000000 0.869357 0.000000 -0.494185 0.309872 0.309872 0.309872
7441.653320 0.000000 629.797546 0.000000 0.843440 0.000000 -0.537223 0.218340 0.218340 0.218340
7457.860352 0.000000 630.069275 0.000000 0.617369 0.000000 -0.786673 0.310581 0.310581 0.310581
7430.297363 0.000000 622.676270 0.000000 0.843428 0.000000 -0.537242 0.239540 0.239540 0.239540
7438.569336 0.000000 655.096863 0.000000 0.885011 0.000000 -0.465571 0.231689 0.231689 0.231689
7457.762695 0.000000 632.696655 0.000000 0.911434 0.000000 -0.411445 0.305520 0.305520 0.305520
7453.291992 0.000000 632.619202 0.000000 0.853212 0.000000 -0.521564 0.298076 0.298076 0.298076
7457.958496 0.000000 661.557068 0.000000 0.720958 0.000000 -0.692979 0.257174 0.257174 0.257174
7430.227051 0.000000 665.903076 0.000000 0.683344 0.000000 -0.730097 0.314559 0.314559 0.314559
7497.453613 0.000000 627.647522 0.000000 0.885346 0.000000 -0.464933 0.262786 0.262786 0.262786
7510.690430 0.000000 649.345032 0.000000 0.861754 0.000000 -0.507327 0.297812 0.297812 0.297812
7517.565918 0.000000 664.626892 0.000000 0.892115 0.000000 -0.451809 0.230376 0.230376 0.230376
7500.396484 0.000000 633.835876 0.000000 0.928458 0.000000 -0.371437 0.222031 0.222031 0.222031
7496.260254 0.000000 630.333801 0.000000 0.940879 0.000000 -0.338742 0.306600 0.306600 0.306600
7498.448242 0.000000 624.933044 0.000000 0.933568 0.000000 -0.358401 0.256119 0.256119 0.256119
7508.109863 0.000000 633.017761 0.000000 0.794028 0.000000 -0.607881 0.312210 0.312210 0.312210
7516.691406 0.000000 669.420410 0.000000 0.854535 0.000000 -0.519393 0.310431 0.310431 0.310431
7512.739258 0.000000 649.897339 0.000000 0.657682 0.000000 -0.753296 0.316292 0.316292 0.316292
7500.800293 0.000000 631.890930 0.000000 0.912937 0.000000 -0.408100 0.270792 0.270792 0.270792
7494.215332 0.000000 637.481506 0.000000 0.833419 0.000000 -0.552641 0.279523 0.279523 0.279523
7498.587402 0.000000 634.608459 0.000000 0.649336 0.000000 -0.760502 0.266225 0.266225 0.266225
7499.020996 0.000000 632.570374 0.000000 0.803157 0.000000 -0.595767 0.275454 0.275454 0.275454
7418.875000 0.000000 677.966980 0.000000 0.753238 0.000000 -0.657748 0.232674 0.232674 0.232674
7404.263184 0.000000 727.987610 0.000000 0.621698 0.000000 -0.783257 0.315670 0.315670 0.315670
7465.206543 0.000000 686.356140 0.000000 0.747004 0.000000 -0.664819 0.219643 0.219643 0.219643
7461.993652 0.000000 707.375854 0.000000 0.858344 0.000000 -0.513075 0.295534 0.295534 0.295534
7476.340820 0.000000 678.148560 0.000000 0.742133 0.000000 -0.670253 0.247804 0.247804 0.247804
7460.294922 0.000000 681.469238 0.000000 0.804847 0.000000 -0.593483 0.227766 0.227766 0.227766
7441.307129 0.000000 688.758423 0.000000 0.676610 0.000000 -0.736341 0.306205 0.306205 0.306205
7457.051758 0.000000 710.003967 0.000000 0.784078 0.000000 -0.620662 0.259073 0.259073 0.259073
7538.569336 0.000000 733.786316 0.000000 0.750564 0.000000 -0.660797 0.313787 0.313787 0.313787
7519.822266 0.000000 703.873596 0.000000 0.764858 0.000000 -0.644199 0.251631 0.251631 0.251631
7532.877441 0.000000 711.599487 0.000000 0.812325 0.000000 -0.583205 0.311892 0.311892 0.311892
7518.662598 0.000000 724.002930 0.000000 0.670731 0.000000 -0.741701 0.278084 0.278084 0.278084
7490.492188 0.000000 681.402100 0.000000 0.756348 0.000000 -0.654169 0.257777 0.257777 0.257777
7516.691406 0.000000 725.904785 0.000000 0.786848 0.000000 -0.617146 0.252444 0.252444 0.252444
7535.221680 0.000000 711.111145 0.000000 0.805440 0.000000 -0.592678 0.279598 0.279598 0.279598
7519.859863 0.000000 725.645996 0.000000 0.655599 0.000000 -0.755110 0.278354 0.278354 0.278354
7479.657227 0.000000 774.670654 0.000000 0.901616 0.000000 -0.432537 0.307689 0.307689 0.307689
7549.258301 0.000000 746.311218 0.000000 0.950648 0.000000 -0.310272 0.306025 0.306025 0.306025
7571.921875 0.000000 758.622314 0.000000 0.749885 0.000000 -0.661568 0.205035 0.205035 0.205035
7570.409180 0.000000 762.706421 0.000000 0.904199 0.000000 -0.427111 0.288119 0.288119 0.288119
7556.219238 0.000000 766.931030 0.000000 0.877343 0.000000 -0.479864 0.216046 0.216046 0.216046
7561.939941 0.000000 749.585327 0.000000 0.633990 0.000000 -0.773341 0.247556 0.247556 0.247556
7563.713867 0.000000 772.299988 0.000000 0.611389 0.000000 -0.791330 0.316377 0.316377 0.316377
7557.887695 0.000000 765.125488 0.000000 0.819732 0.000000 -0.572747 0.267314 0.267314 0.267314
7563.119141 0.000000 787.916077 0.000000 0.917634 0.000000 -0.397426 0.255446 0.255446 0.255446
7475.521484 0.000000 818.790100 0.000000 0.684841 0.000000 -0.728693 0.218571 0.218571 0.218571
7474.278320 0.000000 821.490173 0.000000 0.761126 0.000000 -0.648605 0.228391 0.228391 0.228391
7475.409180 0.000000 816.267517 0.000000 0.815451 0.000000 -0.578826 0.272783 0.272783 0.272783
7485.258301 0.000000 802.795593 0.000000 0.822505 0.000000 -0.568757 0.311056 0.311056 0.311056
7486.188965 0.000000 805.855835 0.000000 0.871761 0.000000 -0.489932 0.309779 0.309779 0.309779
7472.749512 0.000000 813.388855 0.000000 0.788487 0.000000 -0.615052 0.299884 0.299884 0.299884
7478.375000 0.000000 822.330994 0.000000 0.934744 0.000000 -0.355323 0.290454 0.290454 0.290454
7476.417969 0.000000 821.106262 0.000000 0.821857 0.000000 -0.569694 0.303196 0.303196 0.303196
7476.948730 0.000000 817.507324 0.000000 0.911486 0.000000 -0.411332 0.262640 0.262640 0.262640
7483.325195 0.000000 802.896545 0.000000 0.804629 0.000000 -0.593778 0.292835 0.292835 0.292835
7488.974121 0.000000 803.489014 0.000000 0.919368 0.000000 -0.393399 0.305773 0.305773 0.305773
7550.612305 0.000000 898.905884 0.000000 0.894205 0.000000 -0.447657 0.299098 0.299098 0.299098
7568.020996 0.000000 835.009521 0.000000 0.890595 0.000000 -0.454796 0.291536 0.291536 0.291536
7569.626465 0.000000 795.990723 0.000000 0.843475 0.000000 -0.537169 0.233051 0.233051 0.233051
7590.720703 0.000000 837.515930 0.000000 0.656695 0.000000 -0.754156 0.261229 0.261229 0.261229
7575.759277 0.000000 834.907043 0.000000 0.687279 0.000000 -0.726394 0.236563 0.236563 0.236563
7581.587891 0.000000 810.449036 0.000000 0.791924 0.000000 -0.610620 0.247580 0.247580 0.247580
7572.109863 0.000000 802.470886 0.000000 0.726614 0.000000 -0.687045 0.254669 0.254669 0.254669
7570.931641 0.000000 822.107483 0.000000 0.893603 0.000000 -0.448858 0.293798 0.293798 0.293798
7575.342285 0.000000 806.291992 0.000000 0.767432 0.000000 -0.641130 0.281653 0.281653 0.281653
7571.298340 0.000000 865.212830 0.000000 0.754208 0.000000 -0.656636 0.235646 0.235646 0.235646
7567.712891 0.000000 865.879761 0.000000 0.945295 0.000000 -0.326216 0.245875 0.245875 0.245875
7583.085938 0.000000 854.894470 0.000000 0.602035 0.000000 -0.798470 0.258985 0.258985 0.258985
7575.871582 0.000000 886.746643 0.000000 0.698808 0.000000 -0.715309 0.256927 0.256927 0.256927
7568.764160 0.000000 863.217590 0.000000 0.764316 0.000000 -0.644841 0.288976 0.288976 0.288976
7571.875488 0.000000 862.714417 0.000000 0.931752 0.000000 -0.363097 0.238753 0.238753 0.238753
7561.114258 0.000000 877.379395 0.000000 0.746565 0.000000 -0.665313 0.301533 0.301533 0.301533
7577.195312 0.000000 892.841431 0.000000 0.810148 0.000000 -0.586226 0.311963 0.311963 0.311963
7556.837402 0.000000 895.505371 0.000000 0.879354 0.000000 -0.476168 0.309478 0.309478 0.309478
7418.107422 0.000000 1071.919189 0.000000 0.692634 0.000000 -0.721290 0.314241 0.314241 0.314241
7411.915527 0.000000 1085.244385 0.000000 0.795202 0.000000 -0.606344 0.255874 0.255874 0.255874
7416.357422 0.000000 1081.550049 0.000000 0.684083 0.000000 -0.729404 0.234797 0.234797 0.234797
7408.587402 0.000000 1124.129150 0.000000 0.948034 0.000000 -0.318168 0.274744 0.274744 0.274744
7413.305176 0.000000 1086.854004 0.000000 0.861984 0.000000 -0.506936 0.310153 0.310153 0.310153
7417.029297 0.000000 1079.639893 0.000000 0.935152 0.000000 -0.354246 0.289853 0.289853 0.289853
7419.325195 0.000000 1085.318481 0.000000 0.659733 0.000000 -0.751500 0.267888 0.267888 0.267888
7462.720703 0.000000 950.484680 0.000000 0.939960 0.000000 -0.341285 0.224641 0.224641 0.224641
7465.246582 0.000000 952.061768 0.000000 0.871493 0.000000 -0.490407 0.280883 0.280883 0.280883
7464.272949 0.000000 953.965637 0.000000 0.942913 0.000000 -0.333039 0.278448 0.278448 0.278448
7551.291016 0.000000 904.155090 0.000000 0.611353 0.000000 -0.791358 0.242375 0.242375 0.242375
7551.097656 0.000000 943.139221 0.000000 0.922112 0.000000 -0.386924 0.304478 0.304478 0.304478
7521.638184 0.000000 950.518616 0.000000 0.786671 0.000000 -0.617372 0.227439 0.227439 0.227439
7549.935547 0.000000 933.780029 0.000000 0.697013 0.000000 -0.717059 0.267871 0.267871 0.267871
7549.449707 0.000000 913.236145 0.000000 0.610285 0.000000 -0.792182 0.312600 0.312600 0.312600
7530.699707 0.000000 944.128784 0.000000 0.687564 0.000000 -0.726124 0.314517 0.314517 0.314517
7517.075684 0.000000 956.150208 0.000000 0.878704 0.000000 -0.477367 0.216023 0.216023 0.216023
7526.737793 0.000000 942.227905 0.000000 0.904563 0.000000 -0.426339 0.307901 0.307901 0.307901
7541.610352 0.000000 939.242798 0.000000 0.761497 0.000000 -0.648169 0.313309 0.313309 0.313309
7548.880859 0.000000 926.979675 0.000000 0.924276 0.000000 -0.381724 0.307480 0.307480 0.307480
7550.888184 0.000000 940.375000 0.000000 0.640746 0.000000 -0.767753 0.315734 0.315734 0.315734
7469.457031 0.000000 964.447937 0.000000 0.754689 0.000000 -0.656083 0.248803 0.248803 0.248803
7480.579102 0.000000 1009.396790 0.000000 0.640271 0.000000 -0.768149 0.246257 0.246257 0.246257
7453.075684 0.000000 1012.634583 0.000000 0.896983 0.000000 -0.442065 0.297815 0.297815 0.297815
7478.447266 0.000000 1009.443848 0.000000 0.928675 0.000000 -0.370895 0.306659 0.306659 0.306659
7514.844238 0.000000 961.951843 0.000000 0.784645 0.000000 -0.619946 0.311644 0.311644 0.311644
7493.178223 0.000000 985.604431 0.000000 0.934857 0.000000 -0.355024 0.226506 0.226506 0.226506
7495.173340 0.000000 989.441101 0.000000 0.629421 0.000000 -0.777064 0.316031 0.316031 0.316031
7507.875488 0.000000 975.683167 0.000000 0.946112 0.000000 -0.323840 0.293432 0.293432 0.293432
7527.451172 0.000000 975.229919 0.000000 0.846705 0.000000 -0.532063 0.310169 0.310169 0.310169
7552.073242 0.000000 942.311462 0.000000 0.871938 0.000000 -0.489617 0.309772 0.309772 0.309772
7557.963867 0.000000 924.448975 0.000000 0.599356 0.000000 -0.800483 0.231578 0.231578 0.231578
7554.892090 0.000000 941.951294 0.000000 0.892111 0.000000 -0.451817 0.271429 0.271429 0.271429
7576.982910 0.000000 907.623901 0.000000 0.939106 0.000000 -0.343626 0.306699 0.306699 0.306699
7563.910645 0.000000 931.432983 0.000000 0.603350 0.000000 -0.797477 0.255293 0.255293 0.255293
7556.206055 0.000000 906.004944 0.000000 0.896234 0.000000 -0.443582 0.308778 0.308778 0.308778
7557.852539 0.000000 926.595581 0.000000 0.824014 0.000000 -0.566569 0.300730 0.300730 0.300730
7487.291016 0.000000 1017.123840 0.000000 0.904880 0.000000 -0.425666 0.254635 0.254635 0.254635
7485.449707 0.000000 1026.204956 0.000000 0.904524 0.000000 -0.426423 0.253474 0.253474 0.253474
7472.749512 0.000000 1039.326416 0.000000 0.842840 0.000000 -0.538164 0.301379 0.301379 0.301379
7445.939941 0.000000 1042.052124 0.000000 0.841788 0.000000 -0.539808 0.268005 0.268005 0.268005
7425.798828 0.000000 1066.657837 0.000000 0.786823 0.000000 -0.617179 0.294488 0.294488 0.294488
7484.870605 0.000000 1024.111206 0.000000 0.741345 0.000000 -0.671124 0.314051 0.314051 0.314051
7463.866699 0.000000 1284.359863 0.000000 0.928129 0.000000 -0.372260 0.307256 0.307256 0.307256
7481.729980 0.000000 1283.445801 0.000000 0.774514 0.000000 -0.632557 0.313080 0.313080 0.313080
7455.273438 0.000000 1297.532715 0.000000 0.945660 0.000000 -0.325158 0.306325 0.306325 0.306325
7469.060059 0.000000 1285.048096 0.000000 0.929083 0.000000 -0.369872 0.306952 0.306952 0.306952
7487.097656 0.000000 1282.045410 0.000000 0.876045 0.000000 -0.482229 0.258310 0.258310 0.258310
7460.176270 0.000000 1286.675903 0.000000 0.699944 0.000000 -0.714198 0.315193 0.315193 0.315193
7472.763672 0.000000 1282.462646 0.000000 0.739556 0.000000 -0.673095 0.219138 0.219138 0.219138
7456.693359 0.000000 1294.644531 0.000000 0.886744 0.000000 -0.462260 0.259807 0.259807 0.259807
7462.885742 0.000000 1286.817993 0.000000 0.729305 0.000000 -0.684189 0.314391 0.314391 0.314391
7464.272949 0.000000 1292.871826 0.000000 0.778210 0.000000 -0.628005 0.312968 0.312968 0.312968
7476.105469 0.000000 1285.047241 0.000000 0.861712 0.000000 -0.507398 0.310164 0.310164 0.310164
7454.899414 0.000000 1295.518066 0.000000 0.910762 0.000000 -0.412932 0.308130 0.308130 0.308130
7497.808105 0.000000 1278.361816 0.000000 0.943976 0.000000 -0.330014 0.251708 0.251708 0.251708
7512.763672 0.000000 1273.387451 0.000000 0.609951 0.000000 -0.792440 0.317471 0.317471 0.317471
7526.643555 0.000000 1294.358398 0.000000 0.919536 0.000000 -0.393005 0.221651 0.221651 0.221651
7515.115234 0.000000 1271.939941 0.000000 0.926902 0.000000 -0.375303 0.307348 0.307348 0.307348
7511.654785 0.000000 1276.311768 0.000000 0.743453 0.000000 -0.668789 0.313772 0.313772 0.313772
7528.272949 0.000000 1292.871826 0.000000 0.924225 0.000000 -0.381848 0.261662 0.261662 0.261662
7488.004883 0.000000 1295.970337 0.000000 0.932146 0.000000 -0.362082 0.307076 0.307076 0.307076
7442.736816 0.000000 1349.261719 0.000000 0.840483 0.000000 -0.541838 0.222501 0.222501 0.222501
7438.146973 0.000000 1320.994141 0.000000 0.628291 0.000000 -0.777978 0.275756 0.275756 0.275756
7433.163574 0.000000 1338.441406 0.000000 0.750890 0.000000 -0.660428 0.282612 0.282612 0.282612
7429.002930 0.000000 1335.268677 0.000000 0.636172 0.000000 -0.771547 0.316831 0.316831 0.316831
7444.194824 0.000000 1345.053467 0.000000 0.945291 0.000000 -0.326228 0.264992 0.264992 0.264992
7465.764648 0.000000 1327.464844 0.000000 0.917011 0.000000 -0.398861 0.226350 0.226350 0.226350
7468.817383 0.000000 1308.666626 0.000000 0.631799 0.000000 -0.775132 0.275083 0.275083 0.275083
7433.889160 0.000000 1354.405640 0.000000 0.794762 0.000000 -0.606922 0.312456 0.312456 0.312456
7428.219238 0.000000 1331.774780 0.000000 0.721707 0.000000 -0.692199 0.314601 0.314601 0.314601
7463.553711 0.000000 1316.342896 0.000000 0.871394 0.000000 -0.490585 0.309793 0.309793 0.309793
7435.713867 0.000000 1337.143799 0.000000 0.944835 0.000000 -0.327547 0.226821 0.226821 0.226821
7440.764160 0.000000 1315.092651 0.000000 0.642391 0.000000 -0.766377 0.316677 0.316677 0.316677
7435.443359 0.000000 1329.127686 0.000000 0.695245 0.000000 -0.718773 0.260012 0.260012 0.260012
7439.212891 0.000000 1311.593994 0.000000 0.680222 0.000000 -0.733006 0.315713 0.315713 0.315713
7444.109863 0.000000 1310.830322 0.000000 0.947228 0.000000 -0.320560 0.289305 0.289305 0.289305
7431.173340 0.000000 1328.347290 0.000000 0.894252 0.000000 -0.447564 0.308654 0.308654 0.308654
7443.875488 0.000000 1314.589478 0.000000 0.752384 0.000000 -0.658725 0.312953 0.312953 0.312953
7455.881836 0.000000 1301.790039 0.000000 0.761566 0.000000 -0.648087 0.237329 0.237329 0.237329
7431.324707 0.000000 1325.750610 0.000000 0.827380 0.000000 -0.561642 0.311390 0.311390 0.311390
7471.774902 0.000000 1318.329224 0.000000 0.740088 0.000000 -0.672511 0.246035 0.246035 0.246035
7432.162109 0.000000 1318.861450 0.000000 0.684882 0.000000 -0.728654 0.315591 0.315591 0.315591
7470.967285 0.000000 1314.517456 0.000000 0.865315 0.000000 -0.501229 0.310027 0.310027 0.310027
7452.442383 0.000000 1299.158081 0.000000 0.746121 0.000000 -0.665810 0.313396 0.313396 0.313396
7432.383301 0.000000 1321.004395 0.000000 0.921602 0.000000 -0.388135 0.307613 0.307613 0.307613
7446.294922 0.000000 1306.613770 0.000000 0.726105 0.000000 -0.687584 0.314480 0.314480 0.314480
7467.536621 0.000000 1312.703735 0.000000 0.680022 0.000000 -0.733192 0.315718 0.315718 0.315718
7470.326660 0.000000 1310.258667 0.000000 0.686283 0.000000 -0.727335 0.315554 0.315554 0.315554
7426.422852 0.000000 1327.540283 0.000000 0.864843 0.000000 -0.502042 0.309533 0.309533 0.309533
7450.413574 0.000000 1307.412109 0.000000 0.698039 0.000000 -0.716059 0.273932 0.273932 0.273932
7476.512207 0.000000 1308.994995 0.000000 0.896347 0.000000 -0.443353 0.308773 0.308773 0.308773
7876.957031 0.000000 1006.401489 0.000000 0.943515 0.000000 -0.331330 0.230322 0.230322 0.230322
7875.898438 0.000000 1012.991028 0.000000 0.831552 0.000000 -0.555447 0.227944 0.227944 0.227944
7878.227051 0.000000 1004.809326 0.000000 0.655560 0.000000 -0.755143 0.264905 0.264905 0.264905
7855.844727 0.000000 1023.829224 0.000000 0.622213 0.000000 -0.782848 0.212607 0.212607 0.212607
7858.317383 0.000000 1019.909912 0.000000 0.909012 0.000000 -0.416769 0.222454 0.222454 0.222454
7852.817383 0.000000 1026.244751 0.000000 0.839595 0.000000 -0.543214 0.310968 0.310968 0.310968
7847.553711 0.000000 1033.921021 0.000000 0.869117 0.000000 -0.494606 0.288070 0.288070 0.288070
7850.549316 0.000000 1027.830078 0.000000 0.848382 0.000000 -0.529385 0.224139 0.224139 0.224139
7854.326660 0.000000 1027.836792 0.000000 0.764599 0.000000 -0.644507 0.284736 0.284736 0.284736
7857.047363 0.000000 1025.543213 0.000000 0.688193 0.000000 -0.725528 0.315504 0.315504 0.315504
8147.921875 0.000000 1097.528564 0.000000 0.900552 0.000000 -0.434747 0.275881 0.275881 0.275881
8152.739258 0.000000 1101.772339 0.000000 0.883966 0.000000 -0.467551 0.269303 0.269303 0.269303
7429.348633 0.000000 1364.066772 0.000000 0.665827 0.000000 -0.746106 0.293505 0.293505 0.293505
7454.227539 0.000000 1360.182373 0.000000 0.776294 0.000000 -0.630371 0.313026 0.313026 0.313026
7465.764648 0.000000 1383.949219 0.000000 0.634616 0.000000 -0.772827 0.258513 0.258513 0.258513
7437.243652 0.000000 1362.866089 0.000000 0.819275 0.000000 -0.573400 0.311663 0.311663 0.311663
7460.193359 0.000000 1363.083984 0.000000 0.702242 0.000000 -0.711938 0.315131 0.315131 0.315131
7480.956055 0.000000 1381.040771 0.000000 0.882109 0.000000 -0.471045 0.298930 0.298930 0.298930
7428.679688 0.000000 1369.861328 0.000000 0.883316 0.000000 -0.468778 0.251662 0.251662 0.251662
7467.705078 0.000000 1383.012695 0.000000 0.707410 0.000000 -0.706803 0.256185 0.256185 0.256185
7525.993652 0.000000 1385.188354 0.000000 0.832173 0.000000 -0.554516 0.217920 0.217920 0.217920
7516.683105 0.000000 1369.058960 0.000000 0.667106 0.000000 -0.744963 0.316052 0.316052 0.316052
7514.516602 0.000000 1394.403931 0.000000 0.933166 0.000000 -0.359445 0.304563 0.304563 0.304563
7441.040527 0.000000 1464.644897 0.000000 0.740327 0.000000 -0.672247 0.313142 0.313142 0.313142
7548.546387 0.000000 1440.049072 0.000000 0.948930 0.000000 -0.315486 0.248643 0.248643 0.248643
7522.794434 0.000000 1450.368896 0.000000 0.792168 0.000000 -0.610303 0.253542 0.253542 0.253542
7523.097656 0.000000 1454.209473 0.000000 0.600790 0.000000 -0.799407 0.308436 0.308436 0.308436
7556.957031 0.000000 1401.792114 0.000000 0.842943 0.000000 -0.538002 0.310849 0.310849 0.310849
7561.349609 0.000000 1408.180054 0.000000 0.695978 0.000000 -0.718063 0.313948 0.313948 0.313948
7563.119141 0.000000 1409.244141 0.000000 0.688014 0.000000 -0.725698 0.315509 0.315509 0.315509
7556.837402 0.000000 1403.864746 0.000000 0.653498 0.000000 -0.756929 0.316109 0.316109 0.316109
7628.424805 0.000000 1374.044800 0.000000 0.607521 0.000000 -0.794303 0.317530 0.317530 0.317530
7626.422852 0.000000 1379.372559 0.000000 0.789350 0.000000 -0.613943 0.272755 0.272755 0.272755
7625.306152 0.000000 1381.299561 0.000000 0.732287 0.000000 -0.680996 0.313381 0.313381 0.313381
7640.196777 0.000000 1361.893066 0.000000 0.670934 0.000000 -0.741517 0.314953 0.314953 0.314953
7642.413574 0.000000 1363.896484 0.000000 0.677746 0.000000 -0.735296 0.315777 0.315777 0.315777
7555.605469 0.000000 1435.385986 0.000000 0.622010 0.000000 -0.783009 0.233744 0.233744 0.233744
7579.828125 0.000000 1416.148560 0.000000 0.722672 0.000000 -0.691191 0.314575 0.314575 0.314575
7576.196777 0.000000 1418.377441 0.000000 0.949440 0.000000 -0.313948 0.305489 0.305489 0.305489
7557.852539 0.000000 1434.954956 0.000000 0.803070 0.000000 -0.595884 0.251553 0.251553 0.251553
7505.653320 0.000000 1477.063110 0.000000 0.910467 0.000000 -0.413582 0.223586 0.223586 0.223586
"}
object={
	name="rainforest_sparse_generator_1_4"
	clamp_to_water_level=no
	render_under_water=no
	generated_content=yes
	layer="semidynamic"
	pdxmesh="tree_rainforest_005_mesh"
	count=412
	transform="2418.281250 0.000000 1229.241089 0.000000 0.168407 0.000000 -0.985718 0.326768 0.326768 0.326768
2412.186279 0.000000 1233.880127 0.000000 0.304462 0.000000 -0.952525 0.232075 0.232075 0.232075
2431.097656 0.000000 1225.561035 0.000000 0.273340 0.000000 -0.961918 0.234235 0.234235 0.234235
2418.616699 0.000000 1232.225098 0.000000 0.268130 0.000000 -0.963383 0.324816 0.324816 0.324816
2419.473145 0.000000 1226.549805 0.000000 0.363319 0.000000 -0.931665 0.294362 0.294362 0.294362
2414.584229 0.000000 1234.952393 0.000000 0.172276 0.000000 -0.985049 0.266927 0.266927 0.266927
2427.060547 0.000000 1228.764160 0.000000 0.355827 0.000000 -0.934552 0.282401 0.282401 0.282401
2435.716309 0.000000 1227.278076 0.000000 0.016816 0.000000 -0.999859 0.266147 0.266147 0.266147
2435.605225 0.000000 1209.448486 0.000000 0.559125 0.000000 -0.829083 0.318668 0.318668 0.318668
2439.290527 0.000000 1229.016968 0.000000 0.150430 0.000000 -0.988621 0.244219 0.244219 0.244219
2440.000732 0.000000 1246.717529 0.000000 0.558381 0.000000 -0.829585 0.239353 0.239353 0.239353
2459.827881 0.000000 1246.695435 0.000000 0.091821 0.000000 -0.995776 0.324094 0.324094 0.324094
2440.096436 0.000000 1244.841309 0.000000 0.326522 0.000000 -0.945190 0.303253 0.303253 0.303253
2252.244629 0.000000 1688.663452 0.000000 0.304783 0.000000 -0.952422 0.324085 0.324085 0.324085
2255.150635 0.000000 1691.657837 0.000000 0.373046 0.000000 -0.927813 0.289127 0.289127 0.289127
2156.435303 0.000000 1786.990723 0.000000 0.269246 0.000000 -0.963071 0.284250 0.284250 0.284250
2191.659912 0.000000 1745.696533 0.000000 0.193195 0.000000 -0.981160 0.313188 0.313188 0.313188
2265.268799 0.000000 1710.940430 0.000000 0.102192 0.000000 -0.994765 0.278731 0.278731 0.278731
2266.661621 0.000000 1715.968872 0.000000 0.127019 0.000000 -0.991900 0.216677 0.216677 0.216677
2269.587891 0.000000 1714.198975 0.000000 0.164487 0.000000 -0.986379 0.326213 0.326213 0.326213
2280.507812 0.000000 1718.953613 0.000000 0.368081 0.000000 -0.929794 0.322801 0.322801 0.322801
2263.342529 0.000000 1710.041992 0.000000 0.200356 0.000000 -0.979723 0.324353 0.324353 0.324353
2183.693115 0.000000 1782.848145 0.000000 0.322942 0.000000 -0.946419 0.323720 0.323720 0.323720
2182.297607 0.000000 1752.363770 0.000000 0.178076 0.000000 -0.984017 0.288081 0.288081 0.288081
2182.927734 0.000000 1757.363037 0.000000 0.451634 0.000000 -0.892203 0.312584 0.312584 0.312584
2180.637939 0.000000 1769.588379 0.000000 0.463256 0.000000 -0.886224 0.294034 0.294034 0.294034
2182.067139 0.000000 1784.151123 0.000000 0.475980 0.000000 -0.879456 0.318674 0.318674 0.318674
2320.020752 0.000000 1682.275146 0.000000 0.505329 0.000000 -0.862927 0.292079 0.292079 0.292079
2342.720947 0.000000 1684.781494 0.000000 0.271589 0.000000 -0.962413 0.323874 0.323874 0.323874
2342.643555 0.000000 1689.749023 0.000000 0.189666 0.000000 -0.981849 0.222450 0.222450 0.222450
2318.452148 0.000000 1693.641602 0.000000 0.470362 0.000000 -0.882474 0.320647 0.320647 0.320647
2325.388916 0.000000 1681.272705 0.000000 0.406493 0.000000 -0.913654 0.321962 0.321962 0.321962
2336.506104 0.000000 1682.704712 0.000000 0.581415 0.000000 -0.813607 0.318150 0.318150 0.318150
2327.550293 0.000000 1679.835815 0.000000 0.374872 0.000000 -0.927077 0.250073 0.250073 0.250073
2327.825684 0.000000 1691.967285 0.000000 0.377406 0.000000 -0.926048 0.286525 0.286525 0.286525
2344.666260 0.000000 1684.369385 0.000000 0.202555 0.000000 -0.979271 0.326105 0.326105 0.326105
2317.467529 0.000000 1710.086548 0.000000 0.106934 0.000000 -0.994266 0.210049 0.210049 0.210049
2318.716309 0.000000 1704.264893 0.000000 0.545784 0.000000 -0.837926 0.270888 0.270888 0.270888
2322.973877 0.000000 1695.934204 0.000000 0.420878 0.000000 -0.907117 0.310599 0.310599 0.310599
2413.233887 0.000000 1720.428589 0.000000 0.140480 0.000000 -0.990084 0.210949 0.210949 0.210949
2406.465332 0.000000 1719.629028 0.000000 0.069325 0.000000 -0.997594 0.328675 0.328675 0.328675
2405.443359 0.000000 1714.333252 0.000000 0.315805 0.000000 -0.948824 0.208547 0.208547 0.208547
2410.478760 0.000000 1720.268311 0.000000 0.122927 0.000000 -0.992416 0.264294 0.264294 0.264294
1770.157837 0.000000 1943.305054 0.000000 0.461081 0.000000 -0.887358 0.233045 0.233045 0.233045
1779.006592 0.000000 1928.913818 0.000000 0.309151 0.000000 -0.951013 0.323997 0.323997 0.323997
1772.193481 0.000000 1941.413330 0.000000 0.262297 0.000000 -0.964987 0.310102 0.310102 0.310102
1778.542358 0.000000 1926.267334 0.000000 0.371325 0.000000 -0.928503 0.322734 0.322734 0.322734
1838.271362 0.000000 1901.272827 0.000000 0.076454 0.000000 -0.997073 0.328259 0.328259 0.328259
1848.634888 0.000000 1899.772949 0.000000 0.022459 0.000000 -0.999748 0.239698 0.239698 0.239698
1818.548950 0.000000 1905.297485 0.000000 0.211617 0.000000 -0.977353 0.221023 0.221023 0.221023
1824.344604 0.000000 1902.302002 0.000000 0.487070 0.000000 -0.873363 0.320284 0.320284 0.320284
1850.989014 0.000000 1897.618408 0.000000 0.250965 0.000000 -0.967996 0.325155 0.325155 0.325155
1837.601929 0.000000 1903.909302 0.000000 0.269613 0.000000 -0.962969 0.324786 0.324786 0.324786
1818.281006 0.000000 1907.830688 0.000000 0.311822 0.000000 -0.950141 0.249511 0.249511 0.249511
1917.042114 0.000000 1919.642456 0.000000 0.122257 0.000000 -0.992499 0.327659 0.327659 0.327659
1870.146729 0.000000 1885.837891 0.000000 0.324173 0.000000 -0.945998 0.323695 0.323695 0.323695
1870.324707 0.000000 1887.872314 0.000000 0.567199 0.000000 -0.823581 0.318482 0.318482 0.318482
1870.008911 0.000000 1883.729492 0.000000 0.443142 0.000000 -0.896451 0.309563 0.309563 0.309563
1955.530884 0.000000 1914.572876 0.000000 0.193489 0.000000 -0.981102 0.326024 0.326024 0.326024
1933.066528 0.000000 1917.200562 0.000000 0.275821 0.000000 -0.961209 0.270772 0.270772 0.270772
1959.675415 0.000000 1918.758301 0.000000 0.060782 0.000000 -0.998151 0.210404 0.210404 0.210404
1954.996948 0.000000 1919.947754 0.000000 0.012232 0.000000 -0.999925 0.328249 0.328249 0.328249
1926.656738 0.000000 1912.802124 0.000000 0.484864 0.000000 -0.874590 0.320332 0.320332 0.320332
1927.561523 0.000000 1914.958252 0.000000 0.545071 0.000000 -0.838390 0.318990 0.318990 0.318990
1981.359375 0.000000 1885.057983 0.000000 0.452298 0.000000 -0.891867 0.258507 0.258507 0.258507
2040.634888 0.000000 1899.772949 0.000000 0.428114 0.000000 -0.903725 0.230908 0.230908 0.230908
1997.152710 0.000000 1909.215454 0.000000 0.216976 0.000000 -0.976177 0.257490 0.257490 0.257490
1995.346924 0.000000 1911.948364 0.000000 0.016920 0.000000 -0.999857 0.273291 0.273291 0.273291
2037.193481 0.000000 1903.319336 0.000000 0.395281 0.000000 -0.918560 0.269240 0.269240 0.269240
2036.105469 0.000000 1906.375366 0.000000 0.377712 0.000000 -0.925923 0.317774 0.317774 0.317774
1908.600708 0.000000 1943.682617 0.000000 0.269614 0.000000 -0.962969 0.208748 0.208748 0.208748
1893.993652 0.000000 1950.032104 0.000000 0.140304 0.000000 -0.990108 0.303573 0.303573 0.303573
1911.430908 0.000000 1934.345825 0.000000 0.539864 0.000000 -0.841753 0.276556 0.276556 0.276556
1897.764648 0.000000 1948.792969 0.000000 0.126687 0.000000 -0.991943 0.327574 0.327574 0.327574
1896.581299 0.000000 1950.733154 0.000000 0.267033 0.000000 -0.963687 0.262628 0.262628 0.262628
1911.633301 0.000000 1939.186646 0.000000 0.301114 0.000000 -0.953588 0.269185 0.269185 0.269185
1863.674683 0.000000 2000.899170 0.000000 0.491844 0.000000 -0.870684 0.267316 0.267316 0.267316
1878.797119 0.000000 1977.927734 0.000000 0.067548 0.000000 -0.997716 0.210170 0.210170 0.210170
1867.936890 0.000000 2009.722534 0.000000 0.213699 0.000000 -0.976899 0.271546 0.271546 0.271546
1878.302124 0.000000 1982.007202 0.000000 0.013403 0.000000 -0.999910 0.236586 0.236586 0.236586
1945.026123 0.000000 1920.716675 0.000000 0.203759 0.000000 -0.979021 0.264641 0.264641 0.264641
2033.916626 0.000000 1938.258789 0.000000 0.162590 0.000000 -0.986694 0.326881 0.326881 0.326881
2035.720459 0.000000 1958.340576 0.000000 0.251972 0.000000 -0.967735 0.267252 0.267252 0.267252
2023.443970 0.000000 1931.758179 0.000000 0.485461 0.000000 -0.874258 0.318725 0.318725 0.318725
1994.587402 0.000000 1933.749023 0.000000 0.179554 0.000000 -0.983748 0.268121 0.268121 0.268121
2041.786499 0.000000 1981.477905 0.000000 0.267839 0.000000 -0.963464 0.265155 0.265155 0.265155
1837.233887 0.000000 2059.334717 0.000000 0.520597 0.000000 -0.853802 0.206948 0.206948 0.206948
1847.430908 0.000000 2047.314575 0.000000 0.454958 0.000000 -0.890513 0.216542 0.216542 0.216542
1855.450562 0.000000 2041.366821 0.000000 0.262427 0.000000 -0.964952 0.309452 0.309452 0.309452
1844.288452 0.000000 2054.267578 0.000000 0.147642 0.000000 -0.989041 0.289148 0.289148 0.289148
1971.915527 0.000000 2214.931885 0.000000 0.440339 0.000000 -0.897832 0.231405 0.231405 0.231405
1957.084961 0.000000 2217.688232 0.000000 0.417368 0.000000 -0.908737 0.257692 0.257692 0.257692
1946.616821 0.000000 2209.100098 0.000000 0.104884 0.000000 -0.994484 0.279345 0.279345 0.279345
1956.590088 0.000000 2212.897217 0.000000 0.280040 0.000000 -0.959988 0.308517 0.308517 0.308517
1982.127319 0.000000 2220.330566 0.000000 0.218978 0.000000 -0.975730 0.267650 0.267650 0.267650
1975.475952 0.000000 2214.785889 0.000000 0.522954 0.000000 -0.852361 0.288032 0.288032 0.288032
2042.134033 0.000000 2230.354980 0.000000 0.558210 0.000000 -0.829700 0.276271 0.276271 0.276271
1993.095337 0.000000 2214.877930 0.000000 0.127831 0.000000 -0.991796 0.250805 0.250805 0.250805
2035.521606 0.000000 2230.899414 0.000000 0.347100 0.000000 -0.937828 0.323230 0.323230 0.323230
1996.652466 0.000000 2228.317383 0.000000 0.503612 0.000000 -0.863930 0.248590 0.248590 0.248590
2020.219849 0.000000 2243.048096 0.000000 0.126929 0.000000 -0.991912 0.269389 0.269389 0.269389
2020.176392 0.000000 2246.910156 0.000000 0.285868 0.000000 -0.958269 0.241626 0.241626 0.241626
2023.131470 0.000000 2237.869873 0.000000 0.480637 0.000000 -0.876920 0.232232 0.232232 0.232232
1997.152710 0.000000 2248.121582 0.000000 0.437327 0.000000 -0.899302 0.266181 0.266181 0.266181
2027.550903 0.000000 2209.690430 0.000000 0.506600 0.000000 -0.862181 0.246706 0.246706 0.246706
2006.908936 0.000000 2213.890381 0.000000 0.540613 0.000000 -0.841271 0.235885 0.235885 0.235885
2001.307007 0.000000 2213.836426 0.000000 0.052951 0.000000 -0.998597 0.327226 0.327226 0.327226
2046.808594 0.000000 2230.918213 0.000000 0.449868 0.000000 -0.893095 0.251082 0.251082 0.251082
1993.114258 0.000000 2233.004395 0.000000 0.014210 0.000000 -0.999899 0.277884 0.277884 0.277884
2003.108398 0.000000 2212.867676 0.000000 0.559606 0.000000 -0.828759 0.293643 0.293643 0.293643
2018.286743 0.000000 2206.518311 0.000000 0.528764 0.000000 -0.848769 0.302954 0.302954 0.302954
2001.626343 0.000000 2264.584473 0.000000 0.451151 0.000000 -0.892448 0.320111 0.320111 0.320111
2175.683594 0.000000 1820.540405 0.000000 0.329133 0.000000 -0.944283 0.208389 0.208389 0.208389
2168.634766 0.000000 1843.288574 0.000000 0.386734 0.000000 -0.922191 0.214046 0.214046 0.214046
2166.117188 0.000000 1814.521362 0.000000 0.459726 0.000000 -0.888061 0.243540 0.243540 0.243540
2168.851562 0.000000 1839.112427 0.000000 0.517535 0.000000 -0.855662 0.253970 0.253970 0.253970
2161.158936 0.000000 1842.128418 0.000000 0.495080 0.000000 -0.868847 0.248692 0.248692 0.248692
2154.451904 0.000000 1842.434082 0.000000 0.450506 0.000000 -0.892773 0.310700 0.310700 0.310700
2159.681152 0.000000 1810.401855 0.000000 0.260888 0.000000 -0.965369 0.324959 0.324959 0.324959
2161.258545 0.000000 1844.957031 0.000000 0.268800 0.000000 -0.963196 0.324802 0.324802 0.324802
2164.105469 0.000000 1849.890991 0.000000 0.261165 0.000000 -0.965294 0.324954 0.324954 0.324954
2167.475830 0.000000 1819.395264 0.000000 0.452075 0.000000 -0.891980 0.277241 0.277241 0.277241
2048.354004 0.000000 1911.952271 0.000000 0.469865 0.000000 -0.882738 0.207048 0.207048 0.207048
2179.589111 0.000000 1819.882202 0.000000 0.520878 0.000000 -0.853631 0.234264 0.234264 0.234264
2176.974365 0.000000 1820.207764 0.000000 0.108179 0.000000 -0.994131 0.327601 0.327601 0.327601
2178.523438 0.000000 1821.914917 0.000000 0.409710 0.000000 -0.912216 0.321938 0.321938 0.321938
2180.679688 0.000000 1821.736328 0.000000 0.082896 0.000000 -0.996558 0.309705 0.309705 0.309705
2066.736816 0.000000 1970.589844 0.000000 0.374364 0.000000 -0.927282 0.215990 0.215990 0.215990
2083.530762 0.000000 1971.057251 0.000000 0.261750 0.000000 -0.965136 0.267133 0.267133 0.267133
2078.802246 0.000000 1920.529907 0.000000 0.168641 0.000000 -0.985677 0.265050 0.265050 0.265050
2075.221924 0.000000 1966.497314 0.000000 0.504001 0.000000 -0.863703 0.220379 0.220379 0.220379
2051.716309 0.000000 1961.574951 0.000000 0.445654 0.000000 -0.895205 0.238751 0.238751 0.238751
2071.427979 0.000000 1969.464111 0.000000 0.249908 0.000000 -0.968270 0.325176 0.325176 0.325176
2052.861816 0.000000 1948.423340 0.000000 0.571490 0.000000 -0.820609 0.264953 0.264953 0.264953
2074.772217 0.000000 1970.379028 0.000000 0.218672 0.000000 -0.975798 0.317984 0.317984 0.317984
2058.748779 0.000000 1962.661621 0.000000 0.578966 0.000000 -0.815352 0.316637 0.316637 0.316637
2077.075928 0.000000 1972.868896 0.000000 0.103681 0.000000 -0.994611 0.271600 0.271600 0.271600
2061.152832 0.000000 1965.699829 0.000000 0.023515 0.000000 -0.999723 0.329551 0.329551 0.329551
2076.116211 0.000000 1975.884399 0.000000 0.475966 0.000000 -0.879464 0.319882 0.319882 0.319882
2051.168213 0.000000 1964.421387 0.000000 0.124546 0.000000 -0.992214 0.297931 0.297931 0.297931
2095.961914 0.000000 1975.728638 0.000000 0.219351 0.000000 -0.975646 0.246067 0.246067 0.246067
2048.956543 0.000000 1961.588623 0.000000 0.323568 0.000000 -0.946205 0.264481 0.264481 0.264481
2051.928711 0.000000 1950.600708 0.000000 0.279664 0.000000 -0.960098 0.323719 0.323719 0.323719
2073.450195 0.000000 1968.165527 0.000000 0.073942 0.000000 -0.997263 0.328587 0.328587 0.328587
2081.615479 0.000000 1974.564453 0.000000 0.414321 0.000000 -0.910131 0.321841 0.321841 0.321841
2091.937012 0.000000 1976.896240 0.000000 0.351689 0.000000 -0.936117 0.321322 0.321322 0.321322
2057.185303 0.000000 1964.003906 0.000000 0.117924 0.000000 -0.993023 0.269496 0.269496 0.269496
2086.270752 0.000000 1978.360107 0.000000 0.246400 0.000000 -0.969168 0.212045 0.212045 0.212045
2082.074463 0.000000 1982.472900 0.000000 0.257873 0.000000 -0.966179 0.243789 0.243789 0.243789
2073.550537 0.000000 1988.554565 0.000000 0.429037 0.000000 -0.903287 0.233366 0.233366 0.233366
2094.917725 0.000000 1998.267822 0.000000 0.442635 0.000000 -0.896702 0.295003 0.295003 0.295003
2074.844482 0.000000 1978.670654 0.000000 0.149457 0.000000 -0.988768 0.317841 0.317841 0.317841
2086.192871 0.000000 1982.660034 0.000000 0.022419 0.000000 -0.999749 0.328702 0.328702 0.328702
2070.908936 0.000000 1987.953003 0.000000 0.404125 0.000000 -0.914704 0.257228 0.257228 0.257228
2092.193604 0.000000 1997.897705 0.000000 0.459233 0.000000 -0.888316 0.319495 0.319495 0.319495
2091.597168 0.000000 1978.977661 0.000000 0.584223 0.000000 -0.811593 0.296931 0.296931 0.296931
2096.749756 0.000000 1999.560791 0.000000 0.239718 0.000000 -0.970843 0.325377 0.325377 0.325377
2098.464111 0.000000 1992.881470 0.000000 0.496144 0.000000 -0.868240 0.319730 0.319730 0.319730
2100.512451 0.000000 1986.807495 0.000000 0.189799 0.000000 -0.981823 0.326353 0.326353 0.326353
2100.288330 0.000000 1997.783203 0.000000 0.129238 0.000000 -0.991614 0.327525 0.327525 0.327525
2051.605225 0.000000 2226.167236 0.000000 0.431772 0.000000 -0.901983 0.224718 0.224718 0.224718
2096.015381 0.000000 2230.672119 0.000000 0.046025 0.000000 -0.998940 0.279441 0.279441 0.279441
2059.714111 0.000000 2240.893799 0.000000 0.169167 0.000000 -0.985587 0.246571 0.246571 0.246571
2103.542480 0.000000 2226.020508 0.000000 0.302876 0.000000 -0.953030 0.298495 0.298495 0.298495
2110.808594 0.000000 2230.918213 0.000000 0.517997 0.000000 -0.855382 0.286865 0.286865 0.286865
2080.249023 0.000000 2231.266357 0.000000 0.239745 0.000000 -0.970836 0.323187 0.323187 0.323187
2100.948486 0.000000 2229.616699 0.000000 0.010909 0.000000 -0.999941 0.329792 0.329792 0.329792
2161.916504 0.000000 2220.680664 0.000000 0.344455 0.000000 -0.938803 0.321458 0.321458 0.321458
2123.937012 0.000000 2235.659912 0.000000 0.223021 0.000000 -0.974814 0.258693 0.258693 0.258693
2167.430908 0.000000 2216.767578 0.000000 0.386081 0.000000 -0.922465 0.233168 0.233168 0.233168
2147.650879 0.000000 2225.833008 0.000000 0.231771 0.000000 -0.972770 0.261134 0.261134 0.261134
2164.612793 0.000000 2218.602539 0.000000 0.387077 0.000000 -0.922047 0.263696 0.263696 0.263696
2156.193604 0.000000 2223.835205 0.000000 0.233482 0.000000 -0.972361 0.260479 0.260479 0.260479
2145.496826 0.000000 2227.121338 0.000000 0.288813 0.000000 -0.957385 0.247243 0.247243 0.247243
2160.749756 0.000000 2225.498291 0.000000 0.038202 0.000000 -0.999270 0.253648 0.253648 0.253648
2134.646240 0.000000 2233.556396 0.000000 0.141778 0.000000 -0.989899 0.312059 0.312059 0.312059
2156.434570 0.000000 2214.669434 0.000000 0.044354 0.000000 -0.999016 0.308984 0.308984 0.308984
2233.915771 0.000000 2157.121094 0.000000 0.143355 0.000000 -0.989671 0.242385 0.242385 0.242385
2178.164551 0.000000 2222.262207 0.000000 0.497421 0.000000 -0.867509 0.302895 0.302895 0.302895
2186.276367 0.000000 2223.498047 0.000000 0.292942 0.000000 -0.956130 0.323845 0.323845 0.323845
2184.162109 0.000000 2222.611328 0.000000 0.210133 0.000000 -0.977673 0.285062 0.285062 0.285062
7412.449707 0.000000 597.604248 0.000000 0.336093 0.000000 -0.941829 0.229918 0.229918 0.229918
7412.885254 0.000000 616.594849 0.000000 0.006378 0.000000 -0.999980 0.210272 0.210272 0.210272
7413.811523 0.000000 606.142822 0.000000 0.420963 0.000000 -0.907078 0.213768 0.213768 0.213768
7393.210938 0.000000 614.286560 0.000000 0.547000 0.000000 -0.837132 0.318946 0.318946 0.318946
7411.473145 0.000000 605.221619 0.000000 0.448416 0.000000 -0.893825 0.256068 0.256068 0.256068
7423.545410 0.000000 596.802856 0.000000 0.367770 0.000000 -0.929917 0.275906 0.275906 0.275906
7393.651855 0.000000 657.525574 0.000000 0.095094 0.000000 -0.995468 0.286614 0.286614 0.286614
7416.713379 0.000000 650.751099 0.000000 0.160610 0.000000 -0.987018 0.261305 0.261305 0.261305
7391.716309 0.000000 661.778748 0.000000 0.444640 0.000000 -0.895709 0.291814 0.291814 0.291814
7424.354004 0.000000 612.811646 0.000000 0.100019 0.000000 -0.994985 0.287850 0.287850 0.287850
7431.693359 0.000000 596.676331 0.000000 0.226569 0.000000 -0.973995 0.324378 0.324378 0.324378
7447.759277 0.000000 608.969543 0.000000 0.307932 0.000000 -0.951408 0.324022 0.324022 0.324022
7473.605957 0.000000 617.697632 0.000000 0.508694 0.000000 -0.860947 0.317827 0.317827 0.317827
7454.662598 0.000000 611.034180 0.000000 0.563368 0.000000 -0.826206 0.303558 0.303558 0.303558
7430.113770 0.000000 603.802246 0.000000 0.074516 0.000000 -0.997220 0.242404 0.242404 0.242404
7438.452148 0.000000 620.438477 0.000000 0.232755 0.000000 -0.972535 0.325213 0.325213 0.325213
7457.210938 0.000000 614.286560 0.000000 0.125385 0.000000 -0.992108 0.241922 0.241922 0.241922
7433.306152 0.000000 590.518372 0.000000 0.228068 0.000000 -0.973645 0.288031 0.288031 0.288031
7431.299805 0.000000 605.581909 0.000000 0.206724 0.000000 -0.978399 0.263331 0.263331 0.263331
7501.883301 0.000000 613.339966 0.000000 0.373988 0.000000 -0.927434 0.321212 0.321212 0.321212
7492.256348 0.000000 620.359436 0.000000 0.521273 0.000000 -0.853390 0.254540 0.254540 0.254540
7495.626953 0.000000 611.193970 0.000000 0.158075 0.000000 -0.987427 0.238447 0.238447 0.238447
7489.798828 0.000000 614.782837 0.000000 0.369611 0.000000 -0.929187 0.320805 0.320805 0.320805
7427.834473 0.000000 621.330627 0.000000 0.221991 0.000000 -0.975049 0.325725 0.325725 0.325725
7485.733887 0.000000 655.538330 0.000000 0.549999 0.000000 -0.835165 0.212063 0.212063 0.212063
7439.347656 0.000000 621.612183 0.000000 0.213907 0.000000 -0.976854 0.325578 0.325578 0.325578
7476.885254 0.000000 673.079224 0.000000 0.227470 0.000000 -0.973785 0.208773 0.208773 0.208773
7429.002930 0.000000 657.456116 0.000000 0.479256 0.000000 -0.877675 0.266867 0.266867 0.266867
7457.638184 0.000000 668.096741 0.000000 0.269170 0.000000 -0.963093 0.324795 0.324795 0.324795
7424.173340 0.000000 623.152771 0.000000 0.206407 0.000000 -0.978466 0.217321 0.217321 0.217321
7424.522461 0.000000 637.030151 0.000000 0.302164 0.000000 -0.953256 0.219048 0.219048 0.219048
7470.444824 0.000000 672.690369 0.000000 0.265793 0.000000 -0.964030 0.324862 0.324862 0.324862
7457.456543 0.000000 635.252991 0.000000 0.222388 0.000000 -0.974958 0.260606 0.260606 0.260606
7475.006836 0.000000 629.773193 0.000000 0.198784 0.000000 -0.980043 0.315054 0.315054 0.315054
7426.892090 0.000000 659.529419 0.000000 0.431572 0.000000 -0.902079 0.303418 0.303418 0.303418
7487.940430 0.000000 640.777588 0.000000 0.219321 0.000000 -0.975653 0.258734 0.258734 0.258734
7459.024414 0.000000 641.900269 0.000000 0.021424 0.000000 -0.999770 0.249962 0.249962 0.249962
7454.667969 0.000000 657.709473 0.000000 0.512323 0.000000 -0.858793 0.268893 0.268893 0.268893
7455.885254 0.000000 640.518188 0.000000 0.075003 0.000000 -0.997183 0.309169 0.309169 0.309169
7454.946777 0.000000 634.567078 0.000000 0.196697 0.000000 -0.980464 0.312478 0.312478 0.312478
7455.716309 0.000000 661.778748 0.000000 0.351164 0.000000 -0.936314 0.292638 0.292638 0.292638
7441.646484 0.000000 640.652954 0.000000 0.447483 0.000000 -0.894292 0.291138 0.291138 0.291138
7449.195312 0.000000 666.903931 0.000000 0.275574 0.000000 -0.961280 0.297630 0.297630 0.297630
7439.814941 0.000000 641.960083 0.000000 0.095585 0.000000 -0.995421 0.326073 0.326073 0.326073
7438.853027 0.000000 638.229919 0.000000 0.148724 0.000000 -0.988879 0.324647 0.324647 0.324647
7432.096191 0.000000 623.513123 0.000000 0.499524 0.000000 -0.866300 0.307899 0.307899 0.307899
7456.410645 0.000000 638.697632 0.000000 0.337525 0.000000 -0.941316 0.323425 0.323425 0.323425
7503.347656 0.000000 621.612183 0.000000 0.537347 0.000000 -0.843361 0.292161 0.292161 0.292161
7514.548828 0.000000 662.641174 0.000000 0.457584 0.000000 -0.889166 0.315650 0.315650 0.315650
7501.333984 0.000000 625.657471 0.000000 0.094207 0.000000 -0.995553 0.267198 0.267198 0.267198
7488.173340 0.000000 623.152771 0.000000 0.286964 0.000000 -0.957941 0.228495 0.228495 0.228495
7488.205078 0.000000 643.746826 0.000000 0.161104 0.000000 -0.986937 0.320930 0.320930 0.320930
7501.243652 0.000000 628.569275 0.000000 0.299270 0.000000 -0.954168 0.250274 0.250274 0.250274
7492.637695 0.000000 639.900940 0.000000 0.540112 0.000000 -0.841593 0.317268 0.317268 0.317268
7514.280762 0.000000 665.174500 0.000000 0.325739 0.000000 -0.945460 0.323663 0.323663 0.323663
7490.523438 0.000000 635.742981 0.000000 0.572452 0.000000 -0.819938 0.317100 0.317100 0.317100
7492.386230 0.000000 631.745117 0.000000 0.236019 0.000000 -0.971748 0.305992 0.305992 0.305992
7515.270508 0.000000 673.074402 0.000000 0.076133 0.000000 -0.997098 0.328545 0.328545 0.328545
7412.340820 0.000000 678.148560 0.000000 0.389057 0.000000 -0.921214 0.285720 0.285720 0.285720
7396.193359 0.000000 685.271484 0.000000 0.529074 0.000000 -0.848576 0.250129 0.250129 0.250129
7404.304199 0.000000 701.511841 0.000000 0.460629 0.000000 -0.887593 0.252195 0.252195 0.252195
7408.601562 0.000000 682.654785 0.000000 0.249831 0.000000 -0.968289 0.307715 0.307715 0.307715
7478.803711 0.000000 679.878662 0.000000 0.024677 0.000000 -0.999695 0.212401 0.212401 0.212401
7424.173340 0.000000 679.637146 0.000000 0.528699 0.000000 -0.848809 0.235404 0.235404 0.235404
7424.205078 0.000000 700.231201 0.000000 0.582940 0.000000 -0.812515 0.249448 0.249448 0.249448
7473.495117 0.000000 677.912537 0.000000 0.544245 0.000000 -0.838926 0.319009 0.319009 0.319009
7516.263672 0.000000 687.108521 0.000000 0.015631 0.000000 -0.999878 0.262922 0.262922 0.262922
7544.579102 0.000000 726.974915 0.000000 0.232640 0.000000 -0.972563 0.270673 0.270673 0.270673
7538.278320 0.000000 708.521423 0.000000 0.551540 0.000000 -0.834149 0.248007 0.248007 0.248007
7515.828125 0.000000 681.851685 0.000000 0.337886 0.000000 -0.941187 0.310770 0.310770 0.310770
7532.435059 0.000000 713.787659 0.000000 0.085487 0.000000 -0.996339 0.322876 0.322876 0.322876
7531.705078 0.000000 705.200256 0.000000 0.321293 0.000000 -0.946980 0.322263 0.322263 0.322263
7480.634766 0.000000 770.085449 0.000000 0.409124 0.000000 -0.912479 0.208005 0.208005 0.208005
7477.811523 0.000000 775.595947 0.000000 0.216392 0.000000 -0.976307 0.234131 0.234131 0.234131
7479.033203 0.000000 772.744812 0.000000 0.534530 0.000000 -0.845149 0.237176 0.237176 0.237176
7479.879395 0.000000 777.491699 0.000000 0.267528 0.000000 -0.963550 0.323124 0.323124 0.323124
7475.473145 0.000000 774.674744 0.000000 0.049589 0.000000 -0.998770 0.272898 0.272898 0.272898
7487.545410 0.000000 766.255981 0.000000 0.549906 0.000000 -0.835227 0.267116 0.267116 0.267116
7497.808105 0.000000 770.002441 0.000000 0.373446 0.000000 -0.927652 0.229574 0.229574 0.229574
7494.113770 0.000000 773.255371 0.000000 0.510761 0.000000 -0.859722 0.319336 0.319336 0.319336
7547.325195 0.000000 746.412170 0.000000 0.461609 0.000000 -0.887083 0.292801 0.292801 0.292801
7572.194824 0.000000 780.209717 0.000000 0.210156 0.000000 -0.977668 0.317476 0.317476 0.317476
7557.348633 0.000000 742.738647 0.000000 0.069715 0.000000 -0.997567 0.263610 0.263610 0.263610
7569.114746 0.000000 788.856750 0.000000 0.319494 0.000000 -0.947588 0.251938 0.251938 0.251938
7575.759277 0.000000 778.422668 0.000000 0.012457 0.000000 -0.999922 0.326786 0.326786 0.326786
7564.396484 0.000000 746.804626 0.000000 0.158441 0.000000 -0.987368 0.240974 0.240974 0.240974
7570.867188 0.000000 777.260803 0.000000 0.330286 0.000000 -0.943881 0.296149 0.296149 0.296149
7567.660156 0.000000 785.462158 0.000000 0.355363 0.000000 -0.934729 0.322067 0.322067 0.322067
7564.424805 0.000000 752.716614 0.000000 0.471691 0.000000 -0.881764 0.239707 0.239707 0.239707
7574.697754 0.000000 780.815491 0.000000 0.090187 0.000000 -0.995925 0.247995 0.247995 0.247995
7566.324707 0.000000 758.184814 0.000000 0.348808 0.000000 -0.937194 0.321785 0.321785 0.321785
7470.917969 0.000000 812.096008 0.000000 0.124106 0.000000 -0.992269 0.327624 0.327624 0.327624
7479.430664 0.000000 804.658264 0.000000 0.136970 0.000000 -0.990575 0.302970 0.302970 0.302970
7465.896973 0.000000 790.809631 0.000000 0.219057 0.000000 -0.975712 0.289446 0.289446 0.289446
7478.496094 0.000000 820.090149 0.000000 0.559996 0.000000 -0.828495 0.288034 0.288034 0.288034
7491.589355 0.000000 803.163513 0.000000 0.537944 0.000000 -0.842981 0.231027 0.231027 0.231027
7565.467773 0.000000 806.336548 0.000000 0.523162 0.000000 -0.852233 0.228126 0.228126 0.228126
7570.974121 0.000000 792.184143 0.000000 0.089519 0.000000 -0.995985 0.282137 0.282137 0.282137
7574.909180 0.000000 801.781067 0.000000 0.005862 0.000000 -0.999983 0.255272 0.255272 0.255272
7573.389160 0.000000 834.007141 0.000000 0.461615 0.000000 -0.887080 0.320836 0.320836 0.320836
7568.687988 0.000000 825.966431 0.000000 0.259346 0.000000 -0.965784 0.286309 0.286309 0.286309
7578.002441 0.000000 804.816589 0.000000 0.002784 0.000000 -0.999996 0.241800 0.241800 0.241800
7576.755859 0.000000 810.130493 0.000000 0.279765 0.000000 -0.960068 0.249225 0.249225 0.249225
7589.505371 0.000000 846.468933 0.000000 0.062481 0.000000 -0.998046 0.328693 0.328693 0.328693
7571.139160 0.000000 838.444946 0.000000 0.553898 0.000000 -0.832585 0.317904 0.317904 0.317904
7566.853027 0.000000 807.683044 0.000000 0.445196 0.000000 -0.895433 0.315248 0.315248 0.315248
7590.270996 0.000000 848.672546 0.000000 0.405560 0.000000 -0.914068 0.243511 0.243511 0.243511
7582.773926 0.000000 863.737305 0.000000 0.570100 0.000000 -0.821575 0.206547 0.206547 0.206547
7553.469238 0.000000 901.813721 0.000000 0.046334 0.000000 -0.998926 0.329115 0.329115 0.329115
7586.139648 0.000000 848.991943 0.000000 0.037564 0.000000 -0.999294 0.329282 0.329282 0.329282
7581.587891 0.000000 866.933411 0.000000 0.072523 0.000000 -0.997367 0.328614 0.328614 0.328614
7588.142090 0.000000 847.360840 0.000000 0.078993 0.000000 -0.996875 0.328378 0.328378 0.328378
7567.784668 0.000000 889.088318 0.000000 0.437634 0.000000 -0.899153 0.319423 0.319423 0.319423
7581.062500 0.000000 864.941895 0.000000 0.014023 0.000000 -0.999902 0.318087 0.318087 0.318087
7410.569336 0.000000 1072.692505 0.000000 0.013924 0.000000 -0.999903 0.210766 0.210766 0.210766
7417.426758 0.000000 1090.602051 0.000000 0.342563 0.000000 -0.939495 0.323322 0.323322 0.323322
7418.875000 0.000000 1073.357666 0.000000 0.092892 0.000000 -0.995676 0.285993 0.285993 0.285993
7412.340820 0.000000 1073.539185 0.000000 0.356694 0.000000 -0.934221 0.247774 0.247774 0.247774
7416.270996 0.000000 1093.712891 0.000000 0.269778 0.000000 -0.962922 0.324783 0.324783 0.324783
7423.835938 0.000000 1077.687256 0.000000 0.400102 0.000000 -0.916471 0.304591 0.304591 0.304591
7416.373535 0.000000 1073.341553 0.000000 0.377839 0.000000 -0.925871 0.250040 0.250040 0.250040
7417.532715 0.000000 1088.177734 0.000000 0.094682 0.000000 -0.995508 0.328189 0.328189 0.328189
7415.657227 0.000000 1113.576904 0.000000 0.119486 0.000000 -0.992836 0.327713 0.327713 0.327713
7410.463867 0.000000 1089.131470 0.000000 0.520146 0.000000 -0.854078 0.273127 0.273127 0.273127
7462.352539 0.000000 952.938538 0.000000 0.155917 0.000000 -0.987770 0.305293 0.305293 0.305293
7523.530762 0.000000 954.338562 0.000000 0.059497 0.000000 -0.998228 0.256639 0.256639 0.256639
7544.634766 0.000000 939.538574 0.000000 0.245949 0.000000 -0.969283 0.233861 0.233861 0.233861
7544.357422 0.000000 912.096924 0.000000 0.435746 0.000000 -0.900070 0.269328 0.269328 0.269328
7551.450684 0.000000 911.679321 0.000000 0.024765 0.000000 -0.999693 0.326864 0.326864 0.326864
7548.546387 0.000000 931.689697 0.000000 0.439048 0.000000 -0.898464 0.245626 0.245626 0.245626
7532.263184 0.000000 953.925110 0.000000 0.355205 0.000000 -0.934789 0.269131 0.269131 0.269131
7525.990723 0.000000 940.387329 0.000000 0.061836 0.000000 -0.998086 0.315983 0.315983 0.315983
7547.459473 0.000000 913.110168 0.000000 0.466233 0.000000 -0.884662 0.320493 0.320493 0.320493
7471.681152 0.000000 963.136169 0.000000 0.471172 0.000000 -0.882041 0.241562 0.241562 0.241562
7479.341309 0.000000 1011.526367 0.000000 0.113477 0.000000 -0.993541 0.281826 0.281826 0.281826
7518.802246 0.000000 960.295532 0.000000 0.512558 0.000000 -0.858652 0.279464 0.279464 0.279464
7514.616699 0.000000 966.443787 0.000000 0.119443 0.000000 -0.992841 0.327713 0.327713 0.327713
7506.409180 0.000000 988.643921 0.000000 0.253258 0.000000 -0.967399 0.218821 0.218821 0.218821
7499.937012 0.000000 993.003784 0.000000 0.474602 0.000000 -0.880200 0.298255 0.298255 0.298255
7518.227539 0.000000 964.791748 0.000000 0.291875 0.000000 -0.956457 0.324343 0.324343 0.324343
7499.443359 0.000000 990.221436 0.000000 0.398974 0.000000 -0.916962 0.279259 0.279259 0.279259
7498.422852 0.000000 983.981934 0.000000 0.124184 0.000000 -0.992259 0.252118 0.252118 0.252118
7508.724609 0.000000 989.934753 0.000000 0.559547 0.000000 -0.828799 0.318110 0.318110 0.318110
7524.534668 0.000000 977.412415 0.000000 0.307937 0.000000 -0.951407 0.324022 0.324022 0.324022
7523.024414 0.000000 980.806519 0.000000 0.537294 0.000000 -0.843395 0.237758 0.237758 0.237758
7522.304199 0.000000 976.334229 0.000000 0.250833 0.000000 -0.968030 0.281942 0.281942 0.281942
7519.953125 0.000000 965.909546 0.000000 0.524486 0.000000 -0.851419 0.319455 0.319455 0.319455
7559.674805 0.000000 927.696045 0.000000 0.085890 0.000000 -0.996305 0.232766 0.232766 0.232766
7552.290527 0.000000 938.115173 0.000000 0.103054 0.000000 -0.994676 0.274838 0.274838 0.274838
7552.315430 0.000000 930.175598 0.000000 0.232826 0.000000 -0.972519 0.288608 0.288608 0.288608
7578.844238 0.000000 905.467468 0.000000 0.572751 0.000000 -0.819729 0.238575 0.238575 0.238575
7555.605469 0.000000 927.026550 0.000000 0.304517 0.000000 -0.952507 0.246452 0.246452 0.246452
7563.443359 0.000000 933.737061 0.000000 0.081200 0.000000 -0.996698 0.328448 0.328448 0.328448
7556.015137 0.000000 909.837097 0.000000 0.046264 0.000000 -0.998929 0.263227 0.263227 0.263227
7553.439453 0.000000 928.129395 0.000000 0.422881 0.000000 -0.906185 0.285845 0.285845 0.285845
7576.196777 0.000000 910.018005 0.000000 0.076582 0.000000 -0.997063 0.268693 0.268693 0.268693
7561.114258 0.000000 933.863770 0.000000 0.016878 0.000000 -0.999858 0.285039 0.285039 0.285039
7485.524414 0.000000 1022.232178 0.000000 0.381775 0.000000 -0.924255 0.248125 0.248125 0.248125
7473.916504 0.000000 1034.508789 0.000000 0.263773 0.000000 -0.964585 0.273470 0.273470 0.273470
7425.469238 0.000000 1071.266846 0.000000 0.429599 0.000000 -0.903020 0.263157 0.263157 0.263157
7478.117188 0.000000 1023.740173 0.000000 0.476481 0.000000 -0.879185 0.268773 0.268773 0.268773
7482.815430 0.000000 1024.287842 0.000000 0.049463 0.000000 -0.998776 0.249681 0.249681 0.249681
7431.626953 0.000000 1063.068970 0.000000 0.562669 0.000000 -0.826682 0.294211 0.294211 0.294211
7430.227051 0.000000 1061.293701 0.000000 0.107408 0.000000 -0.994215 0.297527 0.297527 0.297527
7433.185059 0.000000 1060.253906 0.000000 0.196525 0.000000 -0.980499 0.273679 0.273679 0.273679
7472.094238 0.000000 1033.828003 0.000000 0.087946 0.000000 -0.996125 0.328318 0.328318 0.328318
7488.173340 0.000000 1018.543396 0.000000 0.575713 0.000000 -0.817652 0.240982 0.240982 0.240982
7474.281250 0.000000 1285.725464 0.000000 0.223450 0.000000 -0.974715 0.325343 0.325343 0.325343
7462.643555 0.000000 1294.358398 0.000000 0.202012 0.000000 -0.979383 0.260837 0.260837 0.260837
7479.033203 0.000000 1281.104126 0.000000 0.426151 0.000000 -0.904652 0.306688 0.306688 0.306688
7479.341309 0.000000 1293.948242 0.000000 0.274960 0.000000 -0.961456 0.324680 0.324680 0.324680
7472.863770 0.000000 1287.132202 0.000000 0.188562 0.000000 -0.982061 0.325136 0.325136 0.325136
7478.407227 0.000000 1295.691895 0.000000 0.558293 0.000000 -0.829644 0.318687 0.318687 0.318687
7495.290527 0.000000 1285.501343 0.000000 0.394369 0.000000 -0.918952 0.233707 0.233707 0.233707
7490.892090 0.000000 1280.857544 0.000000 0.350610 0.000000 -0.936521 0.323158 0.323158 0.323158
7491.898438 0.000000 1295.412842 0.000000 0.577880 0.000000 -0.816122 0.318233 0.318233 0.318233
7507.150879 0.000000 1276.417847 0.000000 0.464633 0.000000 -0.885503 0.268936 0.268936 0.268936
7527.437012 0.000000 1270.038208 0.000000 0.275241 0.000000 -0.961375 0.272051 0.272051 0.272051
7493.476562 0.000000 1293.934448 0.000000 0.198172 0.000000 -0.980167 0.296853 0.296853 0.296853
7478.803711 0.000000 1301.206787 0.000000 0.407078 0.000000 -0.913393 0.220020 0.220020 0.220020
7466.581543 0.000000 1317.945435 0.000000 0.072845 0.000000 -0.997343 0.209872 0.209872 0.209872
7450.844238 0.000000 1300.858154 0.000000 0.280938 0.000000 -0.959726 0.324561 0.324561 0.324561
7446.003418 0.000000 1312.843018 0.000000 0.483007 0.000000 -0.875616 0.243897 0.243897 0.243897
7425.602051 0.000000 1329.513916 0.000000 0.043237 0.000000 -0.999065 0.322927 0.322927 0.322927
7454.227539 0.000000 1303.697998 0.000000 0.165163 0.000000 -0.986266 0.326831 0.326831 0.326831
7448.357910 0.000000 1307.651611 0.000000 0.230119 0.000000 -0.973163 0.325565 0.325565 0.325565
7427.167969 0.000000 1343.093262 0.000000 0.027422 0.000000 -0.999624 0.302636 0.302636 0.302636
7453.269531 0.000000 1301.300049 0.000000 0.560496 0.000000 -0.828157 0.318637 0.318637 0.318637
7449.025879 0.000000 1299.388550 0.000000 0.376429 0.000000 -0.926445 0.255055 0.255055 0.255055
7481.683105 0.000000 1301.296387 0.000000 0.549867 0.000000 -0.835252 0.317326 0.317326 0.317326
7431.561523 0.000000 1350.114502 0.000000 0.073683 0.000000 -0.997282 0.281041 0.281041 0.281041
7471.881836 0.000000 1311.873169 0.000000 0.299316 0.000000 -0.954154 0.324194 0.324194 0.324194
7476.201660 0.000000 1306.088623 0.000000 0.187194 0.000000 -0.982323 0.326404 0.326404 0.326404
7869.041992 0.000000 1015.892517 0.000000 0.574540 0.000000 -0.818476 0.223346 0.223346 0.223346
7868.341309 0.000000 1013.402222 0.000000 0.407889 0.000000 -0.913031 0.314661 0.314661 0.314661
7858.542480 0.000000 1022.517273 0.000000 0.225284 0.000000 -0.974293 0.237190 0.237190 0.237190
7844.534668 0.000000 1033.896851 0.000000 0.535965 0.000000 -0.844240 0.244514 0.244514 0.244514
7843.024414 0.000000 1037.290894 0.000000 0.128830 0.000000 -0.991667 0.243794 0.243794 0.243794
7843.805176 0.000000 1035.633057 0.000000 0.223591 0.000000 -0.974683 0.290026 0.290026 0.290026
8154.840820 0.000000 1099.907471 0.000000 0.002148 0.000000 -0.999998 0.210770 0.210770 0.210770
8142.124512 0.000000 1102.211914 0.000000 0.206535 0.000000 -0.978439 0.298024 0.298024 0.298024
8144.434082 0.000000 1103.264282 0.000000 0.164578 0.000000 -0.986364 0.275363 0.275363 0.275363
7427.589355 0.000000 1368.007202 0.000000 0.259837 0.000000 -0.965653 0.216905 0.216905 0.216905
7469.233887 0.000000 1381.522339 0.000000 0.151572 0.000000 -0.988446 0.211494 0.211494 0.211494
7433.095215 0.000000 1367.612427 0.000000 0.040757 0.000000 -0.999169 0.327502 0.327502 0.327502
7454.773926 0.000000 1372.096680 0.000000 0.426030 0.000000 -0.904709 0.264453 0.264453 0.264453
7441.626465 0.000000 1360.834473 0.000000 0.476259 0.000000 -0.879305 0.320520 0.320520 0.320520
7447.538086 0.000000 1391.911865 0.000000 0.548265 0.000000 -0.836305 0.212079 0.212079 0.212079
7437.333984 0.000000 1359.954346 0.000000 0.471759 0.000000 -0.881727 0.319162 0.319162 0.319162
7479.775879 0.000000 1383.349976 0.000000 0.113196 0.000000 -0.993573 0.325378 0.325378 0.325378
7435.020996 0.000000 1366.867310 0.000000 0.462563 0.000000 -0.886586 0.320816 0.320816 0.320816
7530.581543 0.000000 1374.429810 0.000000 0.575017 0.000000 -0.818142 0.219098 0.219098 0.219098
7543.033203 0.000000 1394.072876 0.000000 0.156573 0.000000 -0.987666 0.234671 0.234671 0.234671
7492.637695 0.000000 1374.197754 0.000000 0.567038 0.000000 -0.823692 0.318014 0.318014 0.318014
7491.661133 0.000000 1376.698608 0.000000 0.519300 0.000000 -0.854592 0.318727 0.318727 0.318727
7443.100098 0.000000 1464.856323 0.000000 0.559433 0.000000 -0.828876 0.317344 0.317344 0.317344
7520.909180 0.000000 1454.352661 0.000000 0.299186 0.000000 -0.954195 0.324197 0.324197 0.324197
7550.018555 0.000000 1438.004517 0.000000 0.300846 0.000000 -0.953673 0.211637 0.211637 0.211637
7521.958496 0.000000 1452.338379 0.000000 0.351573 0.000000 -0.936160 0.323139 0.323139 0.323139
7558.599121 0.000000 1408.725952 0.000000 0.001197 0.000000 -0.999999 0.328566 0.328566 0.328566
7577.924805 0.000000 1408.865479 0.000000 0.142271 0.000000 -0.989828 0.262151 0.262151 0.262151
7552.390625 0.000000 1399.175171 0.000000 0.409368 0.000000 -0.912369 0.216316 0.216316 0.216316
7563.346680 0.000000 1403.588989 0.000000 0.038069 0.000000 -0.999275 0.254936 0.254936 0.254936
7554.854492 0.000000 1403.171997 0.000000 0.082860 0.000000 -0.996561 0.309705 0.309705 0.309705
7636.950195 0.000000 1364.794189 0.000000 0.172567 0.000000 -0.984998 0.253523 0.253523 0.253523
7636.109863 0.000000 1367.314697 0.000000 0.114173 0.000000 -0.993461 0.262467 0.262467 0.262467
7576.982910 0.000000 1415.983276 0.000000 0.306408 0.000000 -0.951900 0.321789 0.321789 0.321789
7580.442383 0.000000 1412.126831 0.000000 0.531537 0.000000 -0.847035 0.318805 0.318805 0.318805
8036.675781 0.000000 1557.920166 0.000000 0.522181 0.000000 -0.852835 0.228136 0.228136 0.228136
8032.410645 0.000000 1542.447632 0.000000 0.578340 0.000000 -0.815796 0.318079 0.318079 0.318079
8026.844238 0.000000 1583.280029 0.000000 0.583103 0.000000 -0.812398 0.215391 0.215391 0.215391
"}
