object={
	name="rainforest_sparse_generator_3_0"
	clamp_to_water_level=no
	render_under_water=no
	generated_content=yes
	layer="semidynamic_high"
	pdxmesh="tree_rainforest_001_mesh"
	count=349
	transform="2410.718262 0.000000 1232.670898 0.000000 0.084623 0.000000 0.996413 0.201144 0.201144 0.201144
2411.314453 0.000000 1231.357300 0.000000 0.412870 0.000000 0.910790 0.224489 0.224489 0.224489
2419.676270 0.000000 1237.484375 0.000000 0.243607 0.000000 0.969874 0.250248 0.250248 0.250248
2423.149902 0.000000 1236.269775 0.000000 0.224147 0.000000 0.974555 0.274318 0.274318 0.274318
2437.188232 0.000000 1228.911987 0.000000 0.573041 0.000000 0.819527 0.203337 0.203337 0.203337
2449.633057 0.000000 1235.000732 0.000000 0.047879 0.000000 0.998853 0.213927 0.213927 0.213927
2434.950928 0.000000 1208.272705 0.000000 0.510783 0.000000 0.859710 0.280239 0.280239 0.280239
2432.212158 0.000000 1209.812012 0.000000 0.114075 0.000000 0.993472 0.273329 0.273329 0.273329
2434.538086 0.000000 1209.989868 0.000000 0.106011 0.000000 0.994365 0.272028 0.272028 0.272028
2433.099854 0.000000 1217.583008 0.000000 0.472433 0.000000 0.881367 0.279397 0.279397 0.279397
2260.242188 0.000000 1685.739990 0.000000 0.193371 0.000000 0.981126 0.240486 0.240486 0.240486
2162.367676 0.000000 1785.644653 0.000000 0.132957 0.000000 0.991122 0.272547 0.272547 0.272547
2156.170898 0.000000 1806.279541 0.000000 0.266756 0.000000 0.963764 0.270102 0.270102 0.270102
2191.857666 0.000000 1749.821533 0.000000 0.416053 0.000000 0.909340 0.219526 0.219526 0.219526
2195.231201 0.000000 1739.853027 0.000000 0.143076 0.000000 0.989712 0.240810 0.240810 0.240810
2260.786621 0.000000 1711.867188 0.000000 0.359263 0.000000 0.933236 0.222906 0.222906 0.222906
2268.418945 0.000000 1713.417725 0.000000 0.508963 0.000000 0.860788 0.281441 0.281441 0.281441
2272.142334 0.000000 1708.249146 0.000000 0.011898 0.000000 0.999929 0.270227 0.270227 0.270227
2243.130371 0.000000 1704.850464 0.000000 0.079271 0.000000 0.996853 0.246599 0.246599 0.246599
2259.108887 0.000000 1707.528564 0.000000 0.577767 0.000000 0.816202 0.282372 0.282372 0.282372
2260.123047 0.000000 1705.073364 0.000000 0.278152 0.000000 0.960537 0.264598 0.264598 0.264598
2260.728271 0.000000 1707.229736 0.000000 0.016925 0.000000 0.999857 0.270323 0.270323 0.270323
2180.728516 0.000000 1771.261963 0.000000 0.024170 0.000000 0.999708 0.271794 0.271794 0.271794
2181.392334 0.000000 1753.742920 0.000000 0.163133 0.000000 0.986604 0.237240 0.237240 0.237240
2179.130371 0.000000 1761.334839 0.000000 0.561262 0.000000 0.827638 0.244419 0.244419 0.244419
2326.076904 0.000000 1679.832642 0.000000 0.050930 0.000000 0.998702 0.222114 0.222114 0.222114
2345.666016 0.000000 1685.180054 0.000000 0.405659 0.000000 0.914025 0.277977 0.277977 0.277977
2337.317139 0.000000 1683.608276 0.000000 0.037920 0.000000 0.999281 0.270724 0.270724 0.270724
2320.364258 0.000000 1691.618286 0.000000 0.102647 0.000000 0.994718 0.271964 0.271964 0.271964
2335.471680 0.000000 1683.329224 0.000000 0.002705 0.000000 0.999996 0.270052 0.270052 0.270052
2320.955811 0.000000 1697.351318 0.000000 0.268044 0.000000 0.963407 0.256337 0.256337 0.256337
2409.506592 0.000000 1714.247070 0.000000 0.433814 0.000000 0.901002 0.278570 0.278570 0.278570
2404.053711 0.000000 1720.573486 0.000000 0.533817 0.000000 0.845600 0.282604 0.282604 0.282604
2412.707520 0.000000 1708.588867 0.000000 0.373219 0.000000 0.927743 0.244268 0.244268 0.244268
2405.345215 0.000000 1719.282471 0.000000 0.373755 0.000000 0.927528 0.277316 0.277316 0.277316
1778.150146 0.000000 1929.755249 0.000000 0.536508 0.000000 0.843895 0.280815 0.280815 0.280815
1779.404297 0.000000 1929.991211 0.000000 0.196112 0.000000 0.980581 0.273770 0.273770 0.273770
1772.866455 0.000000 1938.198242 0.000000 0.212972 0.000000 0.977058 0.262626 0.262626 0.262626
1781.175537 0.000000 1928.093506 0.000000 0.265670 0.000000 0.964064 0.277037 0.277037 0.277037
1852.546265 0.000000 1891.924072 0.000000 0.519292 0.000000 0.854597 0.197705 0.197705 0.197705
1850.078369 0.000000 1893.257080 0.000000 0.542314 0.000000 0.840176 0.224469 0.224469 0.224469
1842.554443 0.000000 1901.228394 0.000000 0.375737 0.000000 0.926726 0.233485 0.233485 0.233485
1855.012207 0.000000 1893.166504 0.000000 0.091584 0.000000 0.995797 0.232576 0.232576 0.232576
1820.483643 0.000000 1906.919800 0.000000 0.539878 0.000000 0.841743 0.281330 0.281330 0.281330
1873.695801 0.000000 1886.569702 0.000000 0.209238 0.000000 0.977865 0.274026 0.274026 0.274026
1874.772339 0.000000 1888.663818 0.000000 0.539703 0.000000 0.841855 0.282012 0.282012 0.282012
1956.916992 0.000000 1915.725586 0.000000 0.389563 0.000000 0.921000 0.211240 0.211240 0.211240
1944.647583 0.000000 1916.931641 0.000000 0.166768 0.000000 0.985996 0.273564 0.273564 0.273564
1926.734985 0.000000 1914.038452 0.000000 0.015537 0.000000 0.999879 0.270297 0.270297 0.270297
1979.732178 0.000000 1886.686523 0.000000 0.320039 0.000000 0.947405 0.265748 0.265748 0.265748
1947.171875 0.000000 1919.944580 0.000000 0.337531 0.000000 0.941314 0.278872 0.278872 0.278872
2040.713501 0.000000 1893.407349 0.000000 0.400327 0.000000 0.916372 0.196201 0.196201 0.196201
1995.080078 0.000000 1913.791992 0.000000 0.144361 0.000000 0.989525 0.226943 0.226943 0.226943
2041.621582 0.000000 1896.875122 0.000000 0.472629 0.000000 0.881262 0.244149 0.244149 0.244149
2036.552002 0.000000 1905.112671 0.000000 0.105382 0.000000 0.994432 0.272016 0.272016 0.272016
1997.261963 0.000000 1913.934814 0.000000 0.008186 0.000000 0.999967 0.241930 0.241930 0.241930
1997.742432 0.000000 1910.204468 0.000000 0.090395 0.000000 0.995906 0.274445 0.274445 0.274445
2036.749023 0.000000 1902.293457 0.000000 0.455162 0.000000 0.890409 0.241923 0.241923 0.241923
1894.447388 0.000000 1946.959473 0.000000 0.259706 0.000000 0.965688 0.232598 0.232598 0.232598
1897.626221 0.000000 1950.056641 0.000000 0.496105 0.000000 0.868262 0.235988 0.235988 0.235988
1908.335327 0.000000 1934.944336 0.000000 0.585524 0.000000 0.810655 0.252840 0.252840 0.252840
1892.714233 0.000000 1950.146973 0.000000 0.347969 0.000000 0.937506 0.263800 0.263800 0.263800
1892.230347 0.000000 1952.231689 0.000000 0.000892 0.000000 1.000000 0.264861 0.264861 0.264861
1908.713013 0.000000 1937.373413 0.000000 0.121008 0.000000 0.992652 0.272317 0.272317 0.272317
1877.480591 0.000000 1980.711182 0.000000 0.469180 0.000000 0.883103 0.212525 0.212525 0.212525
1871.281372 0.000000 2009.759277 0.000000 0.519012 0.000000 0.854767 0.256762 0.256762 0.256762
1874.279175 0.000000 1984.427612 0.000000 0.456103 0.000000 0.889927 0.235473 0.235473 0.235473
1881.613892 0.000000 1979.415771 0.000000 0.021939 0.000000 0.999759 0.256947 0.256947 0.256947
2032.528931 0.000000 1941.349731 0.000000 0.501955 0.000000 0.864894 0.210316 0.210316 0.210316
2038.872070 0.000000 1940.854126 0.000000 0.474611 0.000000 0.880196 0.226194 0.226194 0.226194
2009.027344 0.000000 1925.667358 0.000000 0.173910 0.000000 0.984762 0.224847 0.224847 0.224847
2021.009521 0.000000 1926.530518 0.000000 0.077819 0.000000 0.996967 0.235739 0.235739 0.235739
2046.684937 0.000000 1934.126831 0.000000 0.280061 0.000000 0.959982 0.275421 0.275421 0.275421
2035.050537 0.000000 1938.731934 0.000000 0.291696 0.000000 0.956511 0.245125 0.245125 0.245125
2029.368408 0.000000 1943.933105 0.000000 0.552372 0.000000 0.833598 0.255808 0.255808 0.255808
2029.605713 0.000000 1941.684204 0.000000 0.352674 0.000000 0.935746 0.243993 0.243993 0.243993
2041.383423 0.000000 1980.309326 0.000000 0.157556 0.000000 0.987510 0.233821 0.233821 0.233821
2043.234253 0.000000 1981.325317 0.000000 0.133441 0.000000 0.991057 0.272556 0.272556 0.272556
1841.942505 0.000000 2055.548340 0.000000 0.252716 0.000000 0.967541 0.271753 0.271753 0.271753
1844.879395 0.000000 2055.436035 0.000000 0.502899 0.000000 0.864345 0.255513 0.255513 0.255513
1854.648682 0.000000 2038.403931 0.000000 0.030182 0.000000 0.999544 0.270577 0.270577 0.270577
1963.614258 0.000000 2213.114990 0.000000 0.241460 0.000000 0.970411 0.223618 0.223618 0.223618
1949.126709 0.000000 2208.097900 0.000000 0.167859 0.000000 0.985811 0.233941 0.233941 0.233941
1999.660034 0.000000 2254.055908 0.000000 0.558794 0.000000 0.829306 0.193360 0.193360 0.193360
2020.845703 0.000000 2248.870605 0.000000 0.024098 0.000000 0.999710 0.196269 0.196269 0.196269
2017.783813 0.000000 2246.454834 0.000000 0.366368 0.000000 0.930470 0.221492 0.221492 0.221492
2021.751831 0.000000 2253.424072 0.000000 0.514139 0.000000 0.857707 0.225652 0.225652 0.225652
2019.450684 0.000000 2211.551270 0.000000 0.050343 0.000000 0.998732 0.214913 0.214913 0.214913
2021.564209 0.000000 2247.544189 0.000000 0.265284 0.000000 0.964170 0.216993 0.216993 0.216993
1992.591797 0.000000 2229.649658 0.000000 0.034298 0.000000 0.999412 0.230971 0.230971 0.230971
2042.465332 0.000000 2240.422607 0.000000 0.155857 0.000000 0.987780 0.230920 0.230920 0.230920
1992.697632 0.000000 2231.812012 0.000000 0.005992 0.000000 0.999982 0.270993 0.270993 0.270993
2029.942261 0.000000 2218.844238 0.000000 0.426601 0.000000 0.904440 0.278502 0.278502 0.278502
2034.361328 0.000000 2230.683105 0.000000 0.226955 0.000000 0.973905 0.274373 0.274373 0.274373
2018.307007 0.000000 2252.674316 0.000000 0.537935 0.000000 0.842986 0.250585 0.250585 0.250585
1994.195801 0.000000 2233.225342 0.000000 0.017455 0.000000 0.999848 0.236899 0.236899 0.236899
2035.446045 0.000000 2233.835205 0.000000 0.329685 0.000000 0.944091 0.269731 0.269731 0.269731
2021.259277 0.000000 2225.359375 0.000000 0.116945 0.000000 0.993138 0.239059 0.239059 0.239059
2000.955933 0.000000 2262.195068 0.000000 0.128982 0.000000 0.991647 0.250091 0.250091 0.250091
2165.360840 0.000000 1818.154053 0.000000 0.243271 0.000000 0.969958 0.241115 0.241115 0.241115
2165.239990 0.000000 1849.742920 0.000000 0.502654 0.000000 0.864488 0.280059 0.280059 0.280059
2080.533691 0.000000 1919.055420 0.000000 0.170922 0.000000 0.985285 0.274066 0.274066 0.274066
2184.040039 0.000000 1832.743896 0.000000 0.026274 0.000000 0.999655 0.228987 0.228987 0.228987
2179.570068 0.000000 1821.144287 0.000000 0.326861 0.000000 0.945072 0.276359 0.276359 0.276359
2185.029297 0.000000 1828.102295 0.000000 0.512755 0.000000 0.858535 0.280283 0.280283 0.280283
2063.977051 0.000000 1969.535889 0.000000 0.540237 0.000000 0.841513 0.204051 0.204051 0.204051
2052.623047 0.000000 1951.855957 0.000000 0.506694 0.000000 0.862126 0.247123 0.247123 0.247123
2058.229004 0.000000 1964.736694 0.000000 0.585535 0.000000 0.810647 0.283186 0.283186 0.283186
2052.983887 0.000000 1931.999634 0.000000 0.531531 0.000000 0.847039 0.281573 0.281573 0.281573
2049.099854 0.000000 1951.879883 0.000000 0.415449 0.000000 0.909616 0.258568 0.258568 0.258568
2092.866455 0.000000 1938.198242 0.000000 0.122752 0.000000 0.992437 0.272350 0.272350 0.272350
2065.553955 0.000000 1966.649414 0.000000 0.046466 0.000000 0.998920 0.272890 0.272890 0.272890
2092.170898 0.000000 1975.732666 0.000000 0.501976 0.000000 0.864881 0.256984 0.256984 0.256984
2048.041016 0.000000 1934.027954 0.000000 0.000295 0.000000 1.000000 0.270006 0.270006 0.270006
2084.441406 0.000000 1976.446655 0.000000 0.418019 0.000000 0.908438 0.250286 0.250286 0.250286
2093.605713 0.000000 1941.684204 0.000000 0.469765 0.000000 0.882791 0.279340 0.279340 0.279340
2049.115234 0.000000 1962.735596 0.000000 0.031218 0.000000 0.999513 0.272384 0.272384 0.272384
2054.927734 0.000000 1983.300537 0.000000 0.063109 0.000000 0.998007 0.191166 0.191166 0.191166
2082.527588 0.000000 1984.060669 0.000000 0.072552 0.000000 0.997365 0.213194 0.213194 0.213194
2078.455078 0.000000 1983.031616 0.000000 0.187593 0.000000 0.982247 0.210357 0.210357 0.210357
2078.456787 0.000000 1980.003784 0.000000 0.469550 0.000000 0.882906 0.224126 0.224126 0.224126
2099.522461 0.000000 1993.639526 0.000000 0.021349 0.000000 0.999772 0.270930 0.270930 0.270930
2101.735840 0.000000 1993.333618 0.000000 0.267537 0.000000 0.963548 0.275173 0.275173 0.275173
2070.991211 0.000000 1989.231934 0.000000 0.579747 0.000000 0.814797 0.243180 0.243180 0.243180
2100.335449 0.000000 1991.428711 0.000000 0.353871 0.000000 0.935294 0.276908 0.276908 0.276908
2085.009521 0.000000 1983.014893 0.000000 0.459791 0.000000 0.888027 0.251391 0.251391 0.251391
2086.609863 0.000000 1981.317993 0.000000 0.142946 0.000000 0.989731 0.253580 0.253580 0.253580
2100.205811 0.000000 1990.168213 0.000000 0.579105 0.000000 0.815253 0.281796 0.281796 0.281796
2085.115234 0.000000 1977.821167 0.000000 0.531145 0.000000 0.847281 0.251978 0.251978 0.251978
2099.050537 0.000000 1995.216309 0.000000 0.011080 0.000000 0.999939 0.270212 0.270212 0.270212
2100.712891 0.000000 1993.857788 0.000000 0.224456 0.000000 0.974484 0.274324 0.274324 0.274324
2249.356689 0.000000 2097.535400 0.000000 0.536705 0.000000 0.843770 0.244562 0.244562 0.244562
2055.852051 0.000000 2240.068115 0.000000 0.354445 0.000000 0.935077 0.192803 0.192803 0.192803
2055.860840 0.000000 2236.230713 0.000000 0.298597 0.000000 0.954379 0.224720 0.224720 0.224720
2052.866455 0.000000 2226.849121 0.000000 0.580182 0.000000 0.814487 0.232048 0.232048 0.232048
2082.885498 0.000000 2232.475342 0.000000 0.474118 0.000000 0.880461 0.239195 0.239195 0.239195
2056.591797 0.000000 2229.649658 0.000000 0.497792 0.000000 0.867297 0.236511 0.236511 0.236511
2080.381836 0.000000 2230.069824 0.000000 0.571435 0.000000 0.820647 0.283203 0.283203 0.283203
2098.361328 0.000000 2230.683105 0.000000 0.373425 0.000000 0.927660 0.269031 0.269031 0.269031
2160.015381 0.000000 2230.672119 0.000000 0.128318 0.000000 0.991733 0.190171 0.190171 0.190171
2144.531982 0.000000 2226.078369 0.000000 0.183698 0.000000 0.982983 0.220581 0.220581 0.220581
2163.522461 0.000000 2219.577148 0.000000 0.492477 0.000000 0.870326 0.243432 0.243432 0.243432
2113.285400 0.000000 2232.002686 0.000000 0.299372 0.000000 0.954136 0.265414 0.265414 0.265414
2135.490234 0.000000 2228.338135 0.000000 0.565412 0.000000 0.824809 0.240954 0.240954 0.240954
2124.303711 0.000000 2231.844971 0.000000 0.433425 0.000000 0.901190 0.270546 0.270546 0.270546
2158.689453 0.000000 2215.190186 0.000000 0.077371 0.000000 0.997002 0.259621 0.259621 0.259621
2158.963867 0.000000 2222.989990 0.000000 0.035602 0.000000 0.999366 0.229091 0.229091 0.229091
2156.617432 0.000000 2215.866699 0.000000 0.099619 0.000000 0.995026 0.262740 0.262740 0.262740
2162.041260 0.000000 2216.544678 0.000000 0.339101 0.000000 0.940750 0.248679 0.248679 0.248679
2159.433105 0.000000 2214.265625 0.000000 0.368061 0.000000 0.929801 0.264123 0.264123 0.264123
2176.668701 0.000000 2220.661133 0.000000 0.298652 0.000000 0.954362 0.196905 0.196905 0.196905
2181.485107 0.000000 2222.315186 0.000000 0.460998 0.000000 0.887401 0.280267 0.280267 0.280267
7417.029297 0.000000 592.991882 0.000000 0.375163 0.000000 0.926959 0.236436 0.236436 0.236436
7391.835449 0.000000 614.041321 0.000000 0.413656 0.000000 0.910433 0.279945 0.279945 0.279945
7421.635254 0.000000 593.465759 0.000000 0.513746 0.000000 0.857942 0.280305 0.280305 0.280305
7411.655762 0.000000 604.036621 0.000000 0.316988 0.000000 0.948429 0.230330 0.230330 0.230330
7416.393555 0.000000 597.986328 0.000000 0.065015 0.000000 0.997884 0.246409 0.246409 0.246409
7394.307129 0.000000 614.627441 0.000000 0.569082 0.000000 0.822281 0.281562 0.281562 0.281562
7398.352539 0.000000 670.516663 0.000000 0.576496 0.000000 0.817100 0.195114 0.195114 0.195114
7390.751465 0.000000 660.919739 0.000000 0.482987 0.000000 0.875627 0.260627 0.260627 0.260627
7395.174316 0.000000 660.801575 0.000000 0.331470 0.000000 0.943466 0.256317 0.256317 0.256317
7392.504395 0.000000 664.675415 0.000000 0.407842 0.000000 0.913053 0.241290 0.241290 0.241290
7415.350098 0.000000 677.400024 0.000000 0.267170 0.000000 0.963649 0.273413 0.273413 0.273413
7456.008789 0.000000 615.328125 0.000000 0.059563 0.000000 0.998224 0.214037 0.214037 0.214037
7431.681641 0.000000 603.761841 0.000000 0.439857 0.000000 0.898068 0.217771 0.217771 0.217771
7428.648926 0.000000 586.953735 0.000000 0.269554 0.000000 0.962985 0.219005 0.219005 0.219005
7432.949707 0.000000 611.052124 0.000000 0.548494 0.000000 0.836155 0.235171 0.235171 0.235171
7455.716309 0.000000 606.615906 0.000000 0.048753 0.000000 0.998811 0.270932 0.270932 0.270932
7429.619141 0.000000 620.291748 0.000000 0.052194 0.000000 0.998637 0.239675 0.239675 0.239675
7449.919434 0.000000 600.450500 0.000000 0.367496 0.000000 0.930025 0.254916 0.254916 0.254916
7431.842285 0.000000 585.708557 0.000000 0.084417 0.000000 0.996431 0.250415 0.250415 0.250415
7449.920898 0.000000 602.631470 0.000000 0.064643 0.000000 0.997908 0.237472 0.237472 0.237472
7489.433105 0.000000 612.099548 0.000000 0.276057 0.000000 0.961141 0.262661 0.262661 0.262661
7489.457031 0.000000 615.960693 0.000000 0.426055 0.000000 0.904697 0.280269 0.280269 0.280269
7488.926758 0.000000 620.355591 0.000000 0.340728 0.000000 0.940162 0.257904 0.257904 0.257904
7464.668945 0.000000 625.981445 0.000000 0.371328 0.000000 0.928502 0.224526 0.224526 0.224526
7430.787598 0.000000 626.219666 0.000000 0.522996 0.000000 0.852335 0.229797 0.229797 0.229797
7463.114258 0.000000 651.782898 0.000000 0.464906 0.000000 0.885360 0.221057 0.221057 0.221057
7486.787598 0.000000 640.012146 0.000000 0.416534 0.000000 0.909120 0.231501 0.231501 0.231501
7438.338867 0.000000 663.149231 0.000000 0.148269 0.000000 0.988947 0.272842 0.272842 0.272842
7426.320312 0.000000 658.375366 0.000000 0.363251 0.000000 0.931691 0.267417 0.267417 0.267417
7437.813477 0.000000 646.369080 0.000000 0.024061 0.000000 0.999711 0.230381 0.230381 0.230381
7457.640625 0.000000 638.480042 0.000000 0.284278 0.000000 0.958742 0.275505 0.275505 0.275505
7450.950684 0.000000 666.186890 0.000000 0.546744 0.000000 0.837300 0.281048 0.281048 0.281048
7436.520508 0.000000 647.962219 0.000000 0.245454 0.000000 0.969408 0.232917 0.232917 0.232917
7474.149902 0.000000 630.614563 0.000000 0.500610 0.000000 0.865673 0.250019 0.250019 0.250019
7456.381836 0.000000 648.507324 0.000000 0.415187 0.000000 0.909736 0.278434 0.278434 0.278434
7473.054688 0.000000 677.191528 0.000000 0.442212 0.000000 0.896911 0.278748 0.278748 0.278748
7437.162109 0.000000 643.822510 0.000000 0.309129 0.000000 0.951020 0.277602 0.277602 0.277602
7479.350098 0.000000 677.400024 0.000000 0.117272 0.000000 0.993100 0.272245 0.272245 0.272245
7481.995117 0.000000 660.493530 0.000000 0.443100 0.000000 0.896472 0.278767 0.278767 0.278767
7454.718750 0.000000 640.749939 0.000000 0.129457 0.000000 0.991585 0.263668 0.263668 0.263668
7467.042480 0.000000 642.727600 0.000000 0.395458 0.000000 0.918484 0.264084 0.264084 0.264084
7452.669922 0.000000 633.553345 0.000000 0.279908 0.000000 0.960027 0.268900 0.268900 0.268900
7455.837402 0.000000 628.136536 0.000000 0.229160 0.000000 0.973389 0.246220 0.246220 0.246220
7467.124023 0.000000 624.999512 0.000000 0.420209 0.000000 0.907427 0.248353 0.248353 0.248353
7510.790527 0.000000 647.856995 0.000000 0.559714 0.000000 0.828686 0.218568 0.218568 0.218568
7491.569824 0.000000 634.972412 0.000000 0.256484 0.000000 0.966549 0.276673 0.276673 0.276673
7492.526367 0.000000 622.398987 0.000000 0.418090 0.000000 0.908406 0.255677 0.255677 0.255677
7492.983887 0.000000 632.859070 0.000000 0.290756 0.000000 0.956797 0.276685 0.276685 0.276685
7507.792969 0.000000 637.995728 0.000000 0.369925 0.000000 0.929061 0.277237 0.277237 0.277237
7508.728516 0.000000 634.026611 0.000000 0.555463 0.000000 0.831541 0.271277 0.271277 0.271277
7496.898926 0.000000 636.223022 0.000000 0.429621 0.000000 0.903009 0.278481 0.278481 0.278481
7405.740723 0.000000 708.021667 0.000000 0.072659 0.000000 0.997357 0.209807 0.209807 0.209807
7423.265137 0.000000 711.264465 0.000000 0.415862 0.000000 0.909428 0.227015 0.227015 0.227015
7415.307129 0.000000 678.658020 0.000000 0.118059 0.000000 0.993007 0.269047 0.269047 0.269047
7462.192871 0.000000 683.519409 0.000000 0.297357 0.000000 0.954766 0.191510 0.191510 0.191510
7461.460449 0.000000 709.147766 0.000000 0.526892 0.000000 0.849932 0.211077 0.211077 0.211077
7424.976074 0.000000 678.332825 0.000000 0.296864 0.000000 0.954920 0.214338 0.214338 0.214338
7458.075684 0.000000 709.073792 0.000000 0.325759 0.000000 0.945453 0.267754 0.267754 0.267754
7515.430664 0.000000 689.840210 0.000000 0.308021 0.000000 0.951380 0.206986 0.206986 0.206986
7526.330078 0.000000 692.160645 0.000000 0.445509 0.000000 0.895278 0.273673 0.273673 0.273673
7520.381836 0.000000 704.991699 0.000000 0.089653 0.000000 0.995973 0.257949 0.257949 0.257949
7521.611328 0.000000 700.904358 0.000000 0.080722 0.000000 0.996737 0.271543 0.271543 0.271543
7450.280762 0.000000 778.143250 0.000000 0.080893 0.000000 0.996723 0.194249 0.194249 0.194249
7484.833984 0.000000 784.025208 0.000000 0.351621 0.000000 0.936142 0.230239 0.230239 0.230239
7487.189941 0.000000 784.791504 0.000000 0.038621 0.000000 0.999254 0.234328 0.234328 0.234328
7483.585938 0.000000 770.854858 0.000000 0.118036 0.000000 0.993009 0.272260 0.272260 0.272260
7475.887695 0.000000 784.487793 0.000000 0.263889 0.000000 0.964553 0.249089 0.249089 0.249089
7548.908691 0.000000 749.232605 0.000000 0.077619 0.000000 0.996983 0.273161 0.273161 0.273161
7496.816895 0.000000 772.387390 0.000000 0.290499 0.000000 0.956875 0.275629 0.275629 0.275629
7545.149414 0.000000 750.402527 0.000000 0.525570 0.000000 0.850750 0.280569 0.280569 0.280569
7495.023926 0.000000 772.317444 0.000000 0.245058 0.000000 0.969508 0.275274 0.275274 0.275274
7558.215332 0.000000 750.450256 0.000000 0.543189 0.000000 0.839610 0.200999 0.200999 0.200999
7563.861328 0.000000 748.966431 0.000000 0.496019 0.000000 0.868312 0.203637 0.203637 0.203637
7558.203613 0.000000 771.592163 0.000000 0.130391 0.000000 0.991463 0.212763 0.212763 0.212763
7575.844727 0.000000 781.817505 0.000000 0.366726 0.000000 0.930329 0.221496 0.221496 0.221496
7553.465820 0.000000 738.856323 0.000000 0.194743 0.000000 0.980854 0.219719 0.219719 0.219719
7569.509277 0.000000 761.667358 0.000000 0.364829 0.000000 0.931075 0.239255 0.239255 0.239255
7569.638672 0.000000 759.298584 0.000000 0.449767 0.000000 0.893146 0.246306 0.246306 0.246306
7567.627930 0.000000 758.046692 0.000000 0.454394 0.000000 0.890801 0.280285 0.280285 0.280285
7571.230957 0.000000 779.618591 0.000000 0.264955 0.000000 0.964261 0.277463 0.277463 0.277463
7568.322266 0.000000 784.467102 0.000000 0.060884 0.000000 0.998145 0.271164 0.271164 0.271164
7573.435547 0.000000 780.304443 0.000000 0.094589 0.000000 0.995516 0.270502 0.270502 0.270502
7569.929199 0.000000 787.512329 0.000000 0.303657 0.000000 0.952781 0.275892 0.275892 0.275892
7484.279297 0.000000 803.759033 0.000000 0.486238 0.000000 0.873827 0.280574 0.280574 0.280574
7475.048340 0.000000 817.471130 0.000000 0.446562 0.000000 0.894753 0.250209 0.250209 0.250209
7486.685059 0.000000 804.439270 0.000000 0.166025 0.000000 0.986122 0.273186 0.273186 0.273186
7564.406250 0.000000 791.729553 0.000000 0.199404 0.000000 0.979917 0.190526 0.190526 0.190526
7559.773438 0.000000 791.328247 0.000000 0.563660 0.000000 0.826007 0.212481 0.212481 0.212481
7569.509277 0.000000 818.151733 0.000000 0.118156 0.000000 0.992995 0.234792 0.234792 0.234792
7590.615234 0.000000 836.158325 0.000000 0.113196 0.000000 0.993573 0.234257 0.234257 0.234257
7561.470215 0.000000 792.820374 0.000000 0.321440 0.000000 0.946930 0.251823 0.251823 0.251823
7571.108887 0.000000 803.778564 0.000000 0.023533 0.000000 0.999723 0.263852 0.263852 0.263852
7587.812500 0.000000 828.183350 0.000000 0.081663 0.000000 0.996660 0.271561 0.271561 0.271561
7571.230957 0.000000 836.102966 0.000000 0.581691 0.000000 0.813410 0.281857 0.281857 0.281857
7568.322266 0.000000 840.951477 0.000000 0.326963 0.000000 0.945037 0.278169 0.278169 0.278169
7577.027344 0.000000 852.464294 0.000000 0.468206 0.000000 0.883619 0.280604 0.280604 0.280604
7557.619141 0.000000 902.713623 0.000000 0.429324 0.000000 0.903150 0.280501 0.280501 0.280501
7578.950684 0.000000 892.124390 0.000000 0.314541 0.000000 0.949244 0.276111 0.276111 0.276111
7567.304199 0.000000 863.048950 0.000000 0.065067 0.000000 0.997881 0.271244 0.271244 0.271244
7413.852051 0.000000 1070.985107 0.000000 0.163779 0.000000 0.986497 0.260461 0.260461 0.260461
7419.910156 0.000000 1072.827881 0.000000 0.446151 0.000000 0.894958 0.251682 0.251682 0.251682
7417.721191 0.000000 1070.838989 0.000000 0.548817 0.000000 0.835943 0.281095 0.281095 0.281095
7408.736816 0.000000 1119.890015 0.000000 0.555224 0.000000 0.831701 0.204194 0.204194 0.204194
7416.549805 0.000000 1095.178955 0.000000 0.067502 0.000000 0.997719 0.218927 0.218927 0.218927
7412.297363 0.000000 1081.457031 0.000000 0.049201 0.000000 0.998789 0.244328 0.244328 0.244328
7411.778809 0.000000 1118.783813 0.000000 0.140075 0.000000 0.990141 0.243147 0.243147 0.243147
7417.149414 0.000000 1089.308716 0.000000 0.147380 0.000000 0.989080 0.272825 0.272825 0.272825
7412.205566 0.000000 1086.418213 0.000000 0.350165 0.000000 0.936688 0.276832 0.276832 0.276832
7413.469238 0.000000 1121.893433 0.000000 0.339168 0.000000 0.940726 0.278948 0.278948 0.278948
7465.291504 0.000000 953.255981 0.000000 0.083576 0.000000 0.996501 0.252739 0.252739 0.252739
7547.648926 0.000000 925.262695 0.000000 0.538246 0.000000 0.842788 0.212214 0.212214 0.212214
7549.635254 0.000000 932.372009 0.000000 0.374014 0.000000 0.927423 0.243299 0.243299 0.243299
7549.822754 0.000000 927.716797 0.000000 0.456265 0.000000 0.889844 0.279049 0.279049 0.279049
7538.367676 0.000000 938.379028 0.000000 0.486290 0.000000 0.873798 0.256735 0.256735 0.256735
7547.732422 0.000000 926.452148 0.000000 0.062659 0.000000 0.998035 0.259399 0.259399 0.259399
7550.343750 0.000000 925.354370 0.000000 0.195041 0.000000 0.980795 0.273749 0.273749 0.273749
7529.787598 0.000000 943.540222 0.000000 0.086951 0.000000 0.996213 0.271663 0.271663 0.271663
7529.351074 0.000000 942.489075 0.000000 0.286737 0.000000 0.958009 0.275554 0.275554 0.275554
7479.150391 0.000000 1008.317017 0.000000 0.285484 0.000000 0.958383 0.277545 0.277545 0.277545
7482.901367 0.000000 1008.259888 0.000000 0.423542 0.000000 0.905876 0.238036 0.238036 0.238036
7505.893555 0.000000 973.549133 0.000000 0.487936 0.000000 0.872880 0.193033 0.193033 0.193033
7495.860840 0.000000 993.574585 0.000000 0.098405 0.000000 0.995146 0.224047 0.224047 0.224047
7498.271484 0.000000 989.336182 0.000000 0.019457 0.000000 0.999811 0.223217 0.223217 0.223217
7507.060547 0.000000 987.444946 0.000000 0.504706 0.000000 0.863292 0.230074 0.230074 0.230074
7515.964355 0.000000 962.943909 0.000000 0.472168 0.000000 0.881508 0.279392 0.279392 0.279392
7507.023926 0.000000 974.488831 0.000000 0.307742 0.000000 0.951470 0.268411 0.268411 0.268411
7496.640625 0.000000 983.334106 0.000000 0.473767 0.000000 0.880650 0.279426 0.279426 0.279426
7497.029297 0.000000 980.836670 0.000000 0.392490 0.000000 0.919756 0.246001 0.246001 0.246001
7494.064453 0.000000 984.409302 0.000000 0.540878 0.000000 0.841101 0.246127 0.246127 0.246127
7495.500000 0.000000 982.956421 0.000000 0.179227 0.000000 0.983808 0.273442 0.273442 0.273442
7498.822754 0.000000 981.960999 0.000000 0.080355 0.000000 0.996766 0.273099 0.273099 0.273099
7524.950684 0.000000 976.282166 0.000000 0.388307 0.000000 0.921530 0.277616 0.277616 0.277616
7553.581055 0.000000 938.993835 0.000000 0.348463 0.000000 0.937323 0.241983 0.241983 0.241983
7579.101074 0.000000 912.903259 0.000000 0.251193 0.000000 0.967937 0.245071 0.245071 0.245071
7444.471191 0.000000 1038.544312 0.000000 0.559414 0.000000 0.828889 0.195997 0.195997 0.195997
7486.128906 0.000000 1023.579285 0.000000 0.454713 0.000000 0.890638 0.226965 0.226965 0.226965
7448.281250 0.000000 1057.429077 0.000000 0.285432 0.000000 0.958399 0.277544 0.277544 0.277544
7446.552246 0.000000 1040.967041 0.000000 0.424712 0.000000 0.905328 0.244476 0.244476 0.244476
7486.218750 0.000000 1017.662598 0.000000 0.480231 0.000000 0.877142 0.237281 0.237281 0.237281
7476.036133 0.000000 1020.255798 0.000000 0.010937 0.000000 0.999940 0.273013 0.273013 0.273013
7473.593262 0.000000 1033.414062 0.000000 0.081974 0.000000 0.996634 0.271567 0.271567 0.271567
7461.254883 0.000000 1045.432495 0.000000 0.457530 0.000000 0.889194 0.277776 0.277776 0.277776
7467.740234 0.000000 1291.588257 0.000000 0.143054 0.000000 0.989715 0.272742 0.272742 0.272742
7482.635742 0.000000 1293.831543 0.000000 0.058973 0.000000 0.998260 0.273392 0.273392 0.273392
7492.253418 0.000000 1282.022095 0.000000 0.242744 0.000000 0.970091 0.203436 0.203436 0.203436
7497.007812 0.000000 1279.365356 0.000000 0.407896 0.000000 0.913029 0.234867 0.234867 0.234867
7502.024902 0.000000 1289.969116 0.000000 0.155076 0.000000 0.987903 0.255636 0.255636 0.255636
7488.825195 0.000000 1294.947998 0.000000 0.095152 0.000000 0.995463 0.271820 0.271820 0.271820
7454.427246 0.000000 1337.427856 0.000000 0.406018 0.000000 0.913865 0.200808 0.200808 0.200808
7434.960449 0.000000 1333.305542 0.000000 0.084798 0.000000 0.996398 0.217173 0.217173 0.217173
7431.860840 0.000000 1332.480835 0.000000 0.270588 0.000000 0.962695 0.222456 0.222456 0.222456
7432.996094 0.000000 1350.359497 0.000000 0.555320 0.000000 0.831636 0.225640 0.225640 0.225640
7469.841309 0.000000 1307.464722 0.000000 0.553248 0.000000 0.833016 0.231696 0.231696 0.231696
7428.623047 0.000000 1330.527832 0.000000 0.475441 0.000000 0.879748 0.279463 0.279463 0.279463
7425.285645 0.000000 1328.252563 0.000000 0.570608 0.000000 0.821223 0.280970 0.280970 0.280970
7455.390625 0.000000 1303.082764 0.000000 0.143846 0.000000 0.989600 0.272757 0.272757 0.272757
7427.393555 0.000000 1326.639282 0.000000 0.284016 0.000000 0.958820 0.276749 0.276749 0.276749
7426.320312 0.000000 1336.187866 0.000000 0.462161 0.000000 0.886796 0.277864 0.277864 0.277864
7432.640625 0.000000 1322.240356 0.000000 0.276005 0.000000 0.961156 0.275341 0.275341 0.275341
7470.689453 0.000000 1311.440186 0.000000 0.443996 0.000000 0.896029 0.278786 0.278786 0.278786
7468.617676 0.000000 1312.116821 0.000000 0.035230 0.000000 0.999379 0.270673 0.270673 0.270673
7469.942383 0.000000 1315.094238 0.000000 0.072046 0.000000 0.997401 0.271377 0.271377 0.271377
7441.984375 0.000000 1308.774170 0.000000 0.352234 0.000000 0.935912 0.276875 0.276875 0.276875
7465.674316 0.000000 1323.439209 0.000000 0.324345 0.000000 0.945939 0.276309 0.276309 0.276309
7431.842285 0.000000 1320.005371 0.000000 0.436336 0.000000 0.899784 0.278623 0.278623 0.278623
7449.613770 0.000000 1301.603271 0.000000 0.147182 0.000000 0.989109 0.251285 0.251285 0.251285
7467.042480 0.000000 1320.540039 0.000000 0.349870 0.000000 0.936798 0.276826 0.276826 0.276826
7447.363770 0.000000 1301.067749 0.000000 0.469846 0.000000 0.882749 0.280152 0.280152 0.280152
7471.433105 0.000000 1310.515625 0.000000 0.019868 0.000000 0.999803 0.270379 0.270379 0.270379
7477.175781 0.000000 1306.765381 0.000000 0.128230 0.000000 0.991744 0.272456 0.272456 0.272456
7892.371582 0.000000 996.772461 0.000000 0.313930 0.000000 0.949446 0.217478 0.217478 0.217478
7889.638672 0.000000 1001.532776 0.000000 0.579996 0.000000 0.814619 0.281817 0.281817 0.281817
7853.664062 0.000000 1023.714355 0.000000 0.113148 0.000000 0.993578 0.201867 0.201867 0.201867
8147.482422 0.000000 1098.893066 0.000000 0.035270 0.000000 0.999378 0.220997 0.220997 0.220997
7420.833984 0.000000 1405.353271 0.000000 0.390008 0.000000 0.920812 0.219751 0.219751 0.219751
7423.399414 0.000000 1404.117310 0.000000 0.494115 0.000000 0.869397 0.236963 0.236963 0.236963
7459.236328 0.000000 1360.146118 0.000000 0.079176 0.000000 0.996861 0.271514 0.271514 0.271514
7465.625977 0.000000 1385.212891 0.000000 0.394713 0.000000 0.918804 0.244068 0.244068 0.244068
7428.983887 0.000000 1367.155884 0.000000 0.197232 0.000000 0.980357 0.249132 0.249132 0.249132
7440.308105 0.000000 1363.067017 0.000000 0.126974 0.000000 0.991906 0.272432 0.272432 0.272432
7545.397461 0.000000 1393.775269 0.000000 0.129536 0.000000 0.991575 0.191644 0.191644 0.191644
7511.490234 0.000000 1381.072388 0.000000 0.119573 0.000000 0.992825 0.261655 0.261655 0.261655
7440.364258 0.000000 1465.680786 0.000000 0.378229 0.000000 0.925712 0.278914 0.278914 0.278914
7446.560059 0.000000 1463.768066 0.000000 0.150969 0.000000 0.988539 0.243288 0.243288 0.243288
7555.196289 0.000000 1401.375488 0.000000 0.250434 0.000000 0.968134 0.208459 0.208459 0.208459
7554.240723 0.000000 1397.942383 0.000000 0.394687 0.000000 0.918816 0.212293 0.212293 0.212293
7553.867188 0.000000 1411.828125 0.000000 0.326652 0.000000 0.945145 0.206153 0.206153 0.206153
7563.080078 0.000000 1405.432617 0.000000 0.459470 0.000000 0.888193 0.219488 0.219488 0.219488
7557.362305 0.000000 1408.309814 0.000000 0.178522 0.000000 0.983936 0.273428 0.273428 0.273428
7565.262207 0.000000 1405.575439 0.000000 0.466688 0.000000 0.884422 0.259378 0.259378 0.259378
7564.208496 0.000000 1409.725708 0.000000 0.258350 0.000000 0.966052 0.276952 0.276952 0.276952
7578.963867 0.000000 1408.457520 0.000000 0.565025 0.000000 0.825074 0.281468 0.281468 0.281468
7640.982910 0.000000 1359.498901 0.000000 0.509210 0.000000 0.860643 0.192806 0.192806 0.192806
7629.914551 0.000000 1373.868042 0.000000 0.514348 0.000000 0.857582 0.222622 0.222622 0.222622
7579.964355 0.000000 1414.818848 0.000000 0.086635 0.000000 0.996240 0.271657 0.271657 0.271657
7577.613770 0.000000 1414.572021 0.000000 0.331450 0.000000 0.943473 0.278669 0.278669 0.278669
7576.195801 0.000000 1415.236816 0.000000 0.525513 0.000000 0.850786 0.282397 0.282397 0.282397
"}
object={
	name="rainforest_sparse_generator_3_1"
	clamp_to_water_level=no
	render_under_water=no
	generated_content=yes
	layer="semidynamic_high"
	pdxmesh="tree_rainforest_002_mesh"
	count=343
	transform="2423.150146 0.000000 1234.254517 0.000000 0.909004 0.000000 0.416788 0.256409 0.256409 0.256409
2425.562256 0.000000 1234.465698 0.000000 0.870611 0.000000 0.491972 0.285386 0.285386 0.285386
2417.451660 0.000000 1231.866943 0.000000 0.828846 0.000000 0.559477 0.289216 0.289216 0.289216
2415.754639 0.000000 1234.885986 0.000000 0.898653 0.000000 0.438660 0.245428 0.245428 0.245428
2421.239990 0.000000 1228.414795 0.000000 0.831931 0.000000 0.554879 0.289471 0.289471 0.289471
2419.887939 0.000000 1236.362793 0.000000 0.665949 0.000000 0.745998 0.256740 0.256740 0.256740
2433.285400 0.000000 1215.283813 0.000000 0.941807 0.000000 0.336154 0.263995 0.263995 0.263995
2440.591797 0.000000 1212.931030 0.000000 0.621871 0.000000 0.783120 0.282818 0.282818 0.282818
2434.696289 0.000000 1215.814453 0.000000 0.727105 0.000000 0.686526 0.247594 0.247594 0.247594
2440.697510 0.000000 1215.093262 0.000000 0.736025 0.000000 0.676954 0.285798 0.285798 0.285798
2434.485107 0.000000 1227.309204 0.000000 0.869312 0.000000 0.494264 0.242575 0.242575 0.242575
2457.027344 0.000000 1247.854858 0.000000 0.787997 0.000000 0.615680 0.244044 0.244044 0.244044
2257.039551 0.000000 1682.967163 0.000000 0.897867 0.000000 0.440267 0.291874 0.291874 0.291874
2160.498535 0.000000 1784.568237 0.000000 0.935967 0.000000 0.352087 0.239504 0.239504 0.239504
2157.685059 0.000000 1787.235352 0.000000 0.927670 0.000000 0.373402 0.261846 0.261846 0.261846
2157.223145 0.000000 1807.101807 0.000000 0.839825 0.000000 0.542857 0.281801 0.281801 0.281801
2194.832031 0.000000 1738.708984 0.000000 0.840654 0.000000 0.541573 0.251432 0.251432 0.251432
2193.553955 0.000000 1740.711914 0.000000 0.785291 0.000000 0.619127 0.259086 0.259086 0.259086
2242.760010 0.000000 1703.645874 0.000000 0.811277 0.000000 0.584663 0.197490 0.197490 0.197490
2262.760498 0.000000 1703.735718 0.000000 0.908264 0.000000 0.418398 0.222067 0.222067 0.222067
2259.231201 0.000000 1697.220947 0.000000 0.765600 0.000000 0.643317 0.229028 0.229028 0.229028
2268.656494 0.000000 1709.403687 0.000000 0.816031 0.000000 0.578009 0.288230 0.288230 0.288230
2269.867188 0.000000 1715.388916 0.000000 0.764023 0.000000 0.645189 0.286922 0.286922 0.286922
2176.974365 0.000000 1763.723389 0.000000 0.591834 0.000000 0.806060 0.194213 0.194213 0.194213
2180.623047 0.000000 1782.402832 0.000000 0.802128 0.000000 0.597152 0.287778 0.287778 0.287778
2178.696289 0.000000 1780.658203 0.000000 0.669332 0.000000 0.742964 0.284005 0.284005 0.284005
2180.218018 0.000000 1768.446777 0.000000 0.787520 0.000000 0.616290 0.268468 0.268468 0.268468
2178.538086 0.000000 1774.833618 0.000000 0.736920 0.000000 0.675980 0.240528 0.240528 0.240528
2346.734131 0.000000 1686.061035 0.000000 0.844196 0.000000 0.536034 0.220830 0.220830 0.220830
2336.504639 0.000000 1681.394165 0.000000 0.928503 0.000000 0.371325 0.293147 0.293147 0.293147
2318.024902 0.000000 1685.359741 0.000000 0.902508 0.000000 0.430673 0.263143 0.263143 0.263143
2320.322266 0.000000 1688.217163 0.000000 0.847044 0.000000 0.531523 0.289297 0.289297 0.289297
2326.560059 0.000000 1689.705566 0.000000 0.680405 0.000000 0.732836 0.284292 0.284292 0.284292
2343.874512 0.000000 1685.146484 0.000000 0.950182 0.000000 0.311696 0.294160 0.294160 0.294160
2314.587402 0.000000 1707.811523 0.000000 0.720665 0.000000 0.693283 0.209585 0.209585 0.209585
2317.854248 0.000000 1706.898682 0.000000 0.907209 0.000000 0.420680 0.291707 0.291707 0.291707
2321.910400 0.000000 1696.557373 0.000000 0.950302 0.000000 0.311331 0.270294 0.270294 0.270294
2409.059570 0.000000 1717.848877 0.000000 0.845296 0.000000 0.534299 0.289235 0.289235 0.289235
2411.927246 0.000000 1709.376221 0.000000 0.894660 0.000000 0.446748 0.291450 0.291450 0.291450
2408.703857 0.000000 1711.677490 0.000000 0.911699 0.000000 0.410859 0.291914 0.291914 0.291914
2410.449463 0.000000 1710.917725 0.000000 0.770992 0.000000 0.636845 0.286814 0.286814 0.286814
2409.406494 0.000000 1716.439819 0.000000 0.758506 0.000000 0.651666 0.286444 0.286444 0.286444
1760.356323 0.000000 1932.835571 0.000000 0.809944 0.000000 0.586507 0.211805 0.211805 0.211805
1781.138062 0.000000 1926.781860 0.000000 0.718304 0.000000 0.695729 0.272034 0.272034 0.272034
1771.042480 0.000000 1941.868164 0.000000 0.676881 0.000000 0.736093 0.250308 0.250308 0.250308
1773.605713 0.000000 1941.684204 0.000000 0.906174 0.000000 0.422905 0.282416 0.282416 0.282416
1822.751343 0.000000 1903.575928 0.000000 0.824611 0.000000 0.565700 0.289259 0.289259 0.289259
1823.716553 0.000000 1905.756470 0.000000 0.635695 0.000000 0.771941 0.283157 0.283157 0.283157
1851.589600 0.000000 1896.549316 0.000000 0.655983 0.000000 0.754776 0.283665 0.283665 0.283665
1824.504517 0.000000 1907.331665 0.000000 0.924396 0.000000 0.381434 0.254218 0.254218 0.254218
1872.823242 0.000000 1885.589111 0.000000 0.897894 0.000000 0.440211 0.291431 0.291431 0.291431
1870.561279 0.000000 1884.787109 0.000000 0.832112 0.000000 0.554607 0.288772 0.288772 0.288772
1876.360107 0.000000 1882.365601 0.000000 0.950151 0.000000 0.311789 0.262721 0.262721 0.262721
1974.755981 0.000000 1890.079834 0.000000 0.939845 0.000000 0.341602 0.197650 0.197650 0.197650
1956.441284 0.000000 1919.962280 0.000000 0.757096 0.000000 0.653303 0.287656 0.287656 0.287656
1999.887817 0.000000 1911.721680 0.000000 0.830151 0.000000 0.557538 0.232762 0.232762 0.232762
1994.106323 0.000000 1912.531006 0.000000 0.920276 0.000000 0.391271 0.237968 0.237968 0.237968
1906.464111 0.000000 1936.397095 0.000000 0.808167 0.000000 0.588953 0.207541 0.207541 0.207541
1893.796265 0.000000 1952.911743 0.000000 0.756976 0.000000 0.653443 0.278551 0.278551 0.278551
1860.648926 0.000000 1999.063110 0.000000 0.913278 0.000000 0.407336 0.229717 0.229717 0.229717
1868.303711 0.000000 2005.907471 0.000000 0.728668 0.000000 0.684867 0.236766 0.236766 0.236766
1864.640381 0.000000 2000.052856 0.000000 0.794847 0.000000 0.606810 0.245221 0.245221 0.245221
1862.064331 0.000000 2001.128052 0.000000 0.793900 0.000000 0.608048 0.246769 0.246769 0.246769
1866.753052 0.000000 2009.816284 0.000000 0.934750 0.000000 0.355305 0.250797 0.250797 0.250797
2007.052002 0.000000 1923.516602 0.000000 0.938242 0.000000 0.345980 0.206503 0.206503 0.206503
2032.094482 0.000000 1937.578003 0.000000 0.930436 0.000000 0.366453 0.213925 0.213925 0.213925
2024.686523 0.000000 1939.121826 0.000000 0.694626 0.000000 0.719371 0.209799 0.209799 0.209799
2024.668823 0.000000 1925.122070 0.000000 0.755265 0.000000 0.655419 0.225733 0.225733 0.225733
2029.479614 0.000000 1945.008301 0.000000 0.825011 0.000000 0.565116 0.236357 0.236357 0.236357
2036.552002 0.000000 1961.597046 0.000000 0.949962 0.000000 0.312366 0.293933 0.293933 0.293933
1995.722656 0.000000 1930.807495 0.000000 0.831948 0.000000 0.554853 0.288766 0.288766 0.288766
1976.781006 0.000000 2216.838379 0.000000 0.896325 0.000000 0.443398 0.256565 0.256565 0.256565
1943.642456 0.000000 2210.309570 0.000000 0.764407 0.000000 0.644733 0.269479 0.269479 0.269479
1964.617554 0.000000 2215.866699 0.000000 0.796963 0.000000 0.604028 0.241077 0.241077 0.241077
1963.276611 0.000000 2214.854980 0.000000 0.830344 0.000000 0.557252 0.255398 0.255398 0.255398
1997.897339 0.000000 2245.998535 0.000000 0.683339 0.000000 0.730101 0.203938 0.203938 0.203938
2006.760498 0.000000 2212.094971 0.000000 0.643192 0.000000 0.765705 0.218519 0.218519 0.218519
1998.515747 0.000000 2252.837402 0.000000 0.720706 0.000000 0.693241 0.226787 0.226787 0.226787
2019.260010 0.000000 2205.455078 0.000000 0.949422 0.000000 0.314003 0.245366 0.245366 0.245366
2017.012085 0.000000 2213.103760 0.000000 0.767914 0.000000 0.640553 0.234289 0.234289 0.234289
2047.335327 0.000000 2229.120117 0.000000 0.855941 0.000000 0.517073 0.235915 0.235915 0.235915
2019.236572 0.000000 2207.411865 0.000000 0.850768 0.000000 0.525542 0.278468 0.278468 0.278468
2019.054199 0.000000 2243.719971 0.000000 0.745325 0.000000 0.666701 0.236518 0.236518 0.236518
1985.904907 0.000000 2220.727295 0.000000 0.880190 0.000000 0.474622 0.284658 0.284658 0.284658
2019.433105 0.000000 2224.624023 0.000000 0.834375 0.000000 0.551197 0.289331 0.289331 0.289331
2019.721069 0.000000 2248.088623 0.000000 0.795394 0.000000 0.606092 0.271765 0.271765 0.271765
2035.048584 0.000000 2229.580566 0.000000 0.929640 0.000000 0.368469 0.251165 0.251165 0.251165
1993.447998 0.000000 2216.008545 0.000000 0.744328 0.000000 0.667815 0.286883 0.286883 0.286883
1992.898926 0.000000 2217.785645 0.000000 0.862368 0.000000 0.506281 0.290477 0.290477 0.290477
1999.571045 0.000000 2265.987549 0.000000 0.862815 0.000000 0.505521 0.198166 0.198166 0.198166
2167.879395 0.000000 1850.694824 0.000000 0.721690 0.000000 0.692217 0.194713 0.194713 0.194713
2173.048584 0.000000 1846.765381 0.000000 0.940710 0.000000 0.339212 0.207647 0.207647 0.207647
2167.191162 0.000000 1849.390503 0.000000 0.661104 0.000000 0.750294 0.226991 0.226991 0.226991
2156.792725 0.000000 1809.078857 0.000000 0.893999 0.000000 0.448070 0.291127 0.291127 0.291127
2168.208740 0.000000 1845.902832 0.000000 0.875782 0.000000 0.482708 0.259703 0.259703 0.259703
2171.585693 0.000000 1844.057983 0.000000 0.654796 0.000000 0.755806 0.284790 0.284790 0.284790
2155.149658 0.000000 1807.720459 0.000000 0.887286 0.000000 0.461220 0.290845 0.290845 0.290845
2186.423096 0.000000 1831.247559 0.000000 0.874401 0.000000 0.485204 0.196497 0.196497 0.196497
2185.788330 0.000000 1826.900879 0.000000 0.905609 0.000000 0.424114 0.276551 0.276551 0.276551
2181.138184 0.000000 1822.935303 0.000000 0.914269 0.000000 0.405108 0.292706 0.292706 0.292706
2184.640381 0.000000 1830.599731 0.000000 0.808623 0.000000 0.588327 0.288317 0.288317 0.288317
2177.854492 0.000000 1822.943359 0.000000 0.840916 0.000000 0.541165 0.281834 0.281834 0.281834
2178.886475 0.000000 1823.261475 0.000000 0.683932 0.000000 0.729546 0.284384 0.284384 0.284384
2068.687500 0.000000 1973.171875 0.000000 0.710900 0.000000 0.703293 0.224051 0.224051 0.224051
2093.479736 0.000000 1945.008301 0.000000 0.886997 0.000000 0.461776 0.236595 0.236595 0.236595
2072.647461 0.000000 1973.416016 0.000000 0.747462 0.000000 0.664304 0.246411 0.246411 0.246411
2080.533691 0.000000 1975.539795 0.000000 0.937142 0.000000 0.348948 0.293192 0.293192 0.293192
2050.696289 0.000000 1950.111328 0.000000 0.703120 0.000000 0.711071 0.285426 0.285426 0.285426
2053.635742 0.000000 1930.846802 0.000000 0.947253 0.000000 0.320487 0.294050 0.294050 0.294050
2093.223145 0.000000 1976.554932 0.000000 0.895661 0.000000 0.444737 0.291198 0.291198 0.291198
2082.307129 0.000000 1970.252441 0.000000 0.738625 0.000000 0.674116 0.243147 0.243147 0.243147
2071.847900 0.000000 1970.520020 0.000000 0.588637 0.000000 0.808398 0.282020 0.282020 0.282020
2068.242188 0.000000 1968.161865 0.000000 0.902759 0.000000 0.430147 0.267943 0.267943 0.267943
2102.075195 0.000000 1998.498169 0.000000 0.948043 0.000000 0.318142 0.208912 0.208912 0.208912
2082.589355 0.000000 1977.151245 0.000000 0.754346 0.000000 0.656477 0.219966 0.219966 0.219966
2069.329346 0.000000 1987.577515 0.000000 0.947115 0.000000 0.320894 0.224123 0.224123 0.224123
2094.218506 0.000000 1995.829590 0.000000 0.631158 0.000000 0.775654 0.228644 0.228644 0.228644
2103.127441 0.000000 1985.888306 0.000000 0.703673 0.000000 0.710524 0.237918 0.237918 0.237918
2099.659180 0.000000 2001.069214 0.000000 0.884247 0.000000 0.467019 0.266830 0.266830 0.266830
2081.032959 0.000000 1983.070801 0.000000 0.626319 0.000000 0.779567 0.241848 0.241848 0.241848
2101.369629 0.000000 1997.384155 0.000000 0.742416 0.000000 0.669939 0.285979 0.285979 0.285979
2094.579590 0.000000 1979.619385 0.000000 0.647839 0.000000 0.761777 0.280108 0.280108 0.280108
2057.356689 0.000000 1984.566528 0.000000 0.789047 0.000000 0.614333 0.287366 0.287366 0.287366
2048.010498 0.000000 2231.576904 0.000000 0.932004 0.000000 0.362448 0.200392 0.200392 0.200392
2108.820068 0.000000 2233.552246 0.000000 0.924349 0.000000 0.381548 0.256901 0.256901 0.256901
2099.048584 0.000000 2229.580566 0.000000 0.647429 0.000000 0.762126 0.256410 0.256410 0.256410
2057.007568 0.000000 2239.599854 0.000000 0.948320 0.000000 0.317316 0.261021 0.261021 0.261021
2103.950684 0.000000 2228.869141 0.000000 0.714921 0.000000 0.699206 0.286185 0.286185 0.286185
2097.188232 0.000000 2230.597412 0.000000 0.817797 0.000000 0.575507 0.252495 0.252495 0.252495
2140.327393 0.000000 2230.709229 0.000000 0.809115 0.000000 0.587651 0.213910 0.213910 0.213910
2159.419678 0.000000 2225.544922 0.000000 0.882716 0.000000 0.469907 0.235430 0.235430 0.235430
2160.072021 0.000000 2226.650391 0.000000 0.839702 0.000000 0.543048 0.241925 0.241925 0.241925
2165.735840 0.000000 2219.271240 0.000000 0.876490 0.000000 0.481420 0.244337 0.244337 0.244337
2115.393555 0.000000 2230.389160 0.000000 0.923969 0.000000 0.382467 0.236994 0.236994 0.236994
2126.841064 0.000000 2230.685059 0.000000 0.950229 0.000000 0.311552 0.244853 0.244853 0.244853
2163.448730 0.000000 2218.164307 0.000000 0.828820 0.000000 0.559516 0.249064 0.249064 0.249064
2172.780762 0.000000 2222.982178 0.000000 0.950425 0.000000 0.310953 0.268138 0.268138 0.268138
2172.821777 0.000000 2224.930176 0.000000 0.762998 0.000000 0.646401 0.287524 0.287524 0.287524
2163.050537 0.000000 2221.153809 0.000000 0.784814 0.000000 0.619731 0.265816 0.265816 0.265816
2157.605713 0.000000 2224.106201 0.000000 0.786236 0.000000 0.617927 0.258588 0.258588 0.258588
2180.728516 0.000000 2223.136963 0.000000 0.752928 0.000000 0.658103 0.286633 0.286633 0.286633
2182.992920 0.000000 2222.957764 0.000000 0.942807 0.000000 0.333340 0.257561 0.257561 0.257561
7415.657227 0.000000 605.217529 0.000000 0.812368 0.000000 0.583145 0.209720 0.209720 0.209720
7420.396973 0.000000 591.131714 0.000000 0.893779 0.000000 0.448508 0.220149 0.220149 0.220149
7419.144043 0.000000 617.033386 0.000000 0.638553 0.000000 0.769578 0.220523 0.220523 0.220523
7418.259766 0.000000 590.975952 0.000000 0.649692 0.000000 0.760198 0.229920 0.229920 0.229920
7389.388672 0.000000 614.034790 0.000000 0.702725 0.000000 0.711462 0.249221 0.249221 0.249221
7420.820312 0.000000 595.505371 0.000000 0.940868 0.000000 0.338772 0.292987 0.292987 0.292987
7423.189941 0.000000 615.338379 0.000000 0.947707 0.000000 0.319142 0.253966 0.253966 0.253966
7419.392090 0.000000 591.911621 0.000000 0.930450 0.000000 0.366420 0.235019 0.235019 0.235019
7421.825195 0.000000 615.509766 0.000000 0.926025 0.000000 0.377462 0.254809 0.254809 0.254809
7393.146973 0.000000 612.777039 0.000000 0.948919 0.000000 0.315518 0.249140 0.249140 0.249140
7413.738770 0.000000 653.953247 0.000000 0.944018 0.000000 0.329894 0.267860 0.267860 0.267860
7397.650391 0.000000 660.480530 0.000000 0.791996 0.000000 0.610527 0.288097 0.288097 0.288097
7415.950684 0.000000 647.306519 0.000000 0.661723 0.000000 0.749748 0.285429 0.285429 0.285429
7423.198730 0.000000 661.840515 0.000000 0.732648 0.000000 0.680608 0.286768 0.286768 0.286768
7457.938477 0.000000 615.732300 0.000000 0.820778 0.000000 0.571247 0.222556 0.222556 0.222556
7437.528320 0.000000 619.362183 0.000000 0.677442 0.000000 0.735576 0.223598 0.223598 0.223598
7429.362305 0.000000 617.528625 0.000000 0.880914 0.000000 0.473276 0.258785 0.258785 0.258785
7428.237305 0.000000 616.378357 0.000000 0.947628 0.000000 0.319376 0.260993 0.260993 0.260993
7424.655273 0.000000 597.989075 0.000000 0.912193 0.000000 0.409760 0.291937 0.291937 0.291937
7425.099609 0.000000 596.254822 0.000000 0.711733 0.000000 0.702450 0.285125 0.285125 0.285125
7430.284668 0.000000 605.016113 0.000000 0.590098 0.000000 0.807332 0.237257 0.237257 0.237257
7455.471680 0.000000 610.126038 0.000000 0.630310 0.000000 0.776344 0.274228 0.274228 0.274228
7501.152832 0.000000 610.074829 0.000000 0.922305 0.000000 0.386462 0.197276 0.197276 0.197276
7442.130371 0.000000 666.421326 0.000000 0.809528 0.000000 0.587082 0.205438 0.205438 0.205438
7454.632324 0.000000 648.638245 0.000000 0.673464 0.000000 0.739220 0.213710 0.213710 0.213710
7430.203613 0.000000 658.623413 0.000000 0.681214 0.000000 0.732084 0.214322 0.214322 0.214322
7456.008789 0.000000 671.812500 0.000000 0.629147 0.000000 0.777286 0.215260 0.215260 0.215260
7457.452148 0.000000 658.871887 0.000000 0.594427 0.000000 0.804150 0.225103 0.225103 0.225103
7450.048340 0.000000 667.855103 0.000000 0.944854 0.000000 0.327491 0.293628 0.293628 0.293628
7448.281250 0.000000 662.038452 0.000000 0.787154 0.000000 0.616756 0.287307 0.287307 0.287307
7425.581055 0.000000 656.571960 0.000000 0.675233 0.000000 0.737605 0.284996 0.284996 0.284996
7441.695801 0.000000 643.913513 0.000000 0.666004 0.000000 0.745948 0.233745 0.233745 0.233745
7474.878418 0.000000 628.294434 0.000000 0.944269 0.000000 0.329175 0.287251 0.287251 0.287251
7436.818359 0.000000 626.754700 0.000000 0.627251 0.000000 0.778817 0.236768 0.236768 0.236768
7457.700195 0.000000 660.083679 0.000000 0.858497 0.000000 0.512818 0.242330 0.242330 0.242330
7430.658691 0.000000 621.368103 0.000000 0.905533 0.000000 0.424277 0.259506 0.259506 0.259506
7480.208496 0.000000 659.731018 0.000000 0.925411 0.000000 0.378966 0.288518 0.288518 0.288518
7440.322266 0.000000 671.498352 0.000000 0.937084 0.000000 0.349104 0.278859 0.278859 0.278859
7481.517090 0.000000 658.231384 0.000000 0.635469 0.000000 0.772126 0.280342 0.280342 0.280342
7436.522461 0.000000 662.060059 0.000000 0.871837 0.000000 0.489796 0.290224 0.290224 0.290224
7456.474609 0.000000 632.557251 0.000000 0.808687 0.000000 0.588239 0.287641 0.287641 0.287641
7500.424805 0.000000 639.747864 0.000000 0.821794 0.000000 0.569784 0.195868 0.195868 0.195868
7497.044434 0.000000 624.529480 0.000000 0.653142 0.000000 0.757236 0.235097 0.235097 0.235097
7503.355469 0.000000 622.931458 0.000000 0.588283 0.000000 0.808655 0.271401 0.271401 0.271401
7493.138184 0.000000 636.763489 0.000000 0.696551 0.000000 0.717507 0.233165 0.233165 0.233165
7508.947754 0.000000 635.957886 0.000000 0.608938 0.000000 0.793218 0.272301 0.272301 0.272301
7503.969727 0.000000 638.732239 0.000000 0.741230 0.000000 0.671251 0.285945 0.285945 0.285945
7498.294922 0.000000 633.461182 0.000000 0.899826 0.000000 0.436250 0.260930 0.260930 0.260930
7519.818848 0.000000 677.312683 0.000000 0.793996 0.000000 0.607924 0.288572 0.288572 0.288572
7509.595215 0.000000 652.495728 0.000000 0.872391 0.000000 0.488808 0.254847 0.254847 0.254847
7491.441895 0.000000 622.713745 0.000000 0.803226 0.000000 0.595674 0.287957 0.287957 0.287957
7399.873535 0.000000 714.599976 0.000000 0.689795 0.000000 0.724004 0.209743 0.209743 0.209743
7397.641113 0.000000 684.938904 0.000000 0.809692 0.000000 0.586855 0.232915 0.232915 0.232915
7405.009277 0.000000 704.973755 0.000000 0.604080 0.000000 0.796924 0.246579 0.246579 0.246579
7404.637695 0.000000 707.365662 0.000000 0.656137 0.000000 0.754642 0.285206 0.285206 0.285206
7471.569336 0.000000 677.915710 0.000000 0.718738 0.000000 0.695281 0.205376 0.205376 0.205376
7424.129395 0.000000 709.857117 0.000000 0.797830 0.000000 0.602882 0.213219 0.213219 0.213219
7424.271973 0.000000 698.767822 0.000000 0.715854 0.000000 0.698250 0.244820 0.244820 0.244820
7425.153809 0.000000 696.621582 0.000000 0.695346 0.000000 0.718675 0.258812 0.258812 0.258812
7515.964355 0.000000 680.522034 0.000000 0.938284 0.000000 0.345867 0.285353 0.285353 0.285353
7517.388672 0.000000 727.003540 0.000000 0.859276 0.000000 0.511512 0.290509 0.290509 0.290509
7530.333984 0.000000 704.906128 0.000000 0.906186 0.000000 0.422879 0.292184 0.292184 0.292184
7513.027344 0.000000 683.011169 0.000000 0.879264 0.000000 0.476334 0.259270 0.259270 0.259270
7533.009277 0.000000 704.973755 0.000000 0.749216 0.000000 0.662326 0.275803 0.275803 0.275803
7534.152832 0.000000 711.704895 0.000000 0.934656 0.000000 0.355553 0.265866 0.265866 0.265866
7528.130371 0.000000 693.885010 0.000000 0.905250 0.000000 0.424880 0.291619 0.291619 0.291619
7536.438477 0.000000 706.717407 0.000000 0.752235 0.000000 0.658895 0.286261 0.286261 0.286261
7527.116211 0.000000 690.144165 0.000000 0.690542 0.000000 0.723292 0.284558 0.284558 0.284558
7524.245605 0.000000 705.443298 0.000000 0.837535 0.000000 0.546383 0.262914 0.262914 0.262914
7485.825195 0.000000 784.962891 0.000000 0.626642 0.000000 0.779307 0.233697 0.233697 0.233697
7470.466309 0.000000 776.675964 0.000000 0.828565 0.000000 0.559892 0.249584 0.249584 0.249584
7477.240234 0.000000 776.539734 0.000000 0.908679 0.000000 0.417496 0.291774 0.291774 0.291774
7472.024902 0.000000 776.028687 0.000000 0.639364 0.000000 0.768904 0.283248 0.283248 0.283248
7546.229980 0.000000 746.118042 0.000000 0.785692 0.000000 0.618618 0.267390 0.267390 0.267390
7575.550293 0.000000 776.085815 0.000000 0.630963 0.000000 0.775813 0.197163 0.197163 0.197163
7565.914551 0.000000 752.539917 0.000000 0.699836 0.000000 0.714303 0.221825 0.221825 0.221825
7567.281250 0.000000 767.103027 0.000000 0.713847 0.000000 0.700302 0.285145 0.285145 0.285145
7568.364258 0.000000 787.868225 0.000000 0.940646 0.000000 0.339389 0.293387 0.293387 0.293387
7568.829590 0.000000 758.050903 0.000000 0.622028 0.000000 0.782995 0.248888 0.248888 0.248888
7570.524414 0.000000 776.215027 0.000000 0.714197 0.000000 0.699945 0.266845 0.266845 0.266845
7568.709473 0.000000 790.286682 0.000000 0.934091 0.000000 0.357036 0.266919 0.266919 0.266919
7470.963867 0.000000 810.880676 0.000000 0.669979 0.000000 0.742380 0.284993 0.284993 0.284993
7477.597656 0.000000 816.452332 0.000000 0.925120 0.000000 0.379674 0.252630 0.252630 0.252630
7569.260742 0.000000 833.345581 0.000000 0.846387 0.000000 0.532569 0.222462 0.222462 0.222462
7577.273438 0.000000 811.709778 0.000000 0.717423 0.000000 0.696638 0.228297 0.228297 0.228297
7571.671875 0.000000 819.516052 0.000000 0.906808 0.000000 0.421543 0.246719 0.246719 0.246719
7588.441406 0.000000 846.759155 0.000000 0.842803 0.000000 0.538223 0.289188 0.289188 0.289188
7586.527344 0.000000 854.373169 0.000000 0.677694 0.000000 0.735344 0.210644 0.210644 0.210644
7587.236328 0.000000 851.786804 0.000000 0.887578 0.000000 0.460658 0.252063 0.252063 0.252063
7560.591797 0.000000 874.024719 0.000000 0.895402 0.000000 0.445259 0.236259 0.236259 0.236259
7587.340820 0.000000 848.520752 0.000000 0.591130 0.000000 0.806576 0.282079 0.282079 0.282079
7567.969727 0.000000 864.669739 0.000000 0.755168 0.000000 0.655531 0.234600 0.234600 0.234600
7560.697754 0.000000 876.187012 0.000000 0.906919 0.000000 0.421305 0.282975 0.282975 0.282975
7576.109375 0.000000 890.228821 0.000000 0.805342 0.000000 0.592811 0.288927 0.288927 0.288927
7420.341309 0.000000 1069.886597 0.000000 0.842018 0.000000 0.539450 0.196277 0.196277 0.196277
7409.522949 0.000000 1127.874878 0.000000 0.693612 0.000000 0.720349 0.222779 0.222779 0.222779
7423.877441 0.000000 1076.323120 0.000000 0.609066 0.000000 0.793119 0.272303 0.272303 0.272303
7411.604980 0.000000 1120.162476 0.000000 0.813021 0.000000 0.582234 0.265444 0.265444 0.265444
7422.648926 0.000000 1078.169556 0.000000 0.673699 0.000000 0.739006 0.272099 0.272099 0.272099
7409.885254 0.000000 1120.223877 0.000000 0.865432 0.000000 0.501027 0.254668 0.254668 0.254668
7410.041504 0.000000 1086.857056 0.000000 0.887286 0.000000 0.461219 0.290845 0.290845 0.290845
7533.109375 0.000000 955.157776 0.000000 0.823131 0.000000 0.567851 0.288851 0.288851 0.288851
7523.721191 0.000000 948.947876 0.000000 0.661480 0.000000 0.749963 0.234193 0.234193 0.234193
7525.766602 0.000000 941.556946 0.000000 0.698520 0.000000 0.715591 0.278709 0.278709 0.278709
7551.198730 0.000000 944.262390 0.000000 0.805039 0.000000 0.593222 0.287943 0.287943 0.287943
7469.066406 0.000000 965.832764 0.000000 0.753802 0.000000 0.657102 0.233536 0.233536 0.233536
7479.149902 0.000000 1010.332275 0.000000 0.906771 0.000000 0.421623 0.257409 0.257409 0.257409
7484.124512 0.000000 1002.449585 0.000000 0.672957 0.000000 0.739681 0.261951 0.261951 0.261951
7513.025879 0.000000 960.482300 0.000000 0.876572 0.000000 0.481270 0.198366 0.198366 0.198366
7518.555664 0.000000 982.571838 0.000000 0.906905 0.000000 0.421336 0.220423 0.220423 0.220423
7509.555664 0.000000 976.000122 0.000000 0.772277 0.000000 0.635286 0.216547 0.216547 0.216547
7509.357910 0.000000 984.127014 0.000000 0.870888 0.000000 0.491482 0.230910 0.230910 0.230910
7492.728516 0.000000 980.480652 0.000000 0.849635 0.000000 0.527371 0.233667 0.233667 0.233667
7519.390625 0.000000 964.176575 0.000000 0.941409 0.000000 0.337268 0.293430 0.293430 0.293430
7517.126953 0.000000 965.441528 0.000000 0.893954 0.000000 0.448158 0.291125 0.291125 0.291125
7509.670898 0.000000 987.318726 0.000000 0.863907 0.000000 0.503651 0.289919 0.289919 0.289919
7502.840820 0.000000 988.028748 0.000000 0.780305 0.000000 0.625399 0.287349 0.287349 0.287349
7507.108887 0.000000 973.231689 0.000000 0.781895 0.000000 0.623410 0.287145 0.287145 0.287145
7524.921387 0.000000 978.725647 0.000000 0.810833 0.000000 0.585277 0.289066 0.289066 0.289066
7520.610840 0.000000 962.017029 0.000000 0.704930 0.000000 0.709277 0.286063 0.286063 0.286063
7560.697754 0.000000 932.671387 0.000000 0.793471 0.000000 0.608607 0.256144 0.256144 0.256144
7577.613770 0.000000 906.212708 0.000000 0.779148 0.000000 0.626840 0.287061 0.287061 0.287061
7476.512207 0.000000 1026.573120 0.000000 0.816972 0.000000 0.576677 0.205538 0.205538 0.205538
7459.914551 0.000000 1045.477905 0.000000 0.900637 0.000000 0.434572 0.212221 0.212221 0.212221
7430.432129 0.000000 1062.611328 0.000000 0.630363 0.000000 0.776301 0.266700 0.266700 0.266700
7425.457031 0.000000 1067.835693 0.000000 0.884730 0.000000 0.466103 0.276897 0.276897 0.276897
7433.139160 0.000000 1061.442383 0.000000 0.936706 0.000000 0.350118 0.252482 0.252482 0.252482
7428.258301 0.000000 1060.240601 0.000000 0.684045 0.000000 0.729440 0.243775 0.243775 0.243775
7424.825195 0.000000 1069.010498 0.000000 0.920983 0.000000 0.389604 0.281395 0.281395 0.281395
7424.926758 0.000000 1072.230591 0.000000 0.697687 0.000000 0.716403 0.251184 0.251184 0.251184
7462.615234 0.000000 1288.033325 0.000000 0.653356 0.000000 0.757051 0.283598 0.283598 0.283598
7463.001953 0.000000 1292.975708 0.000000 0.668370 0.000000 0.743829 0.283980 0.283980 0.283980
7483.660156 0.000000 1292.197632 0.000000 0.648825 0.000000 0.760938 0.284780 0.284780 0.284780
7470.466309 0.000000 1285.035400 0.000000 0.903992 0.000000 0.427549 0.291563 0.291563 0.291563
7465.663086 0.000000 1286.250244 0.000000 0.594641 0.000000 0.803991 0.282162 0.282162 0.282162
7457.257812 0.000000 1295.674194 0.000000 0.792408 0.000000 0.609992 0.246218 0.246218 0.246218
7479.149902 0.000000 1292.754150 0.000000 0.891898 0.000000 0.452236 0.291038 0.291038 0.291038
7480.844238 0.000000 1294.186646 0.000000 0.669109 0.000000 0.743164 0.283999 0.283999 0.283999
7477.240234 0.000000 1284.899170 0.000000 0.930279 0.000000 0.366852 0.292826 0.292826 0.292826
7478.354980 0.000000 1294.508301 0.000000 0.749008 0.000000 0.662561 0.286168 0.286168 0.286168
7463.874512 0.000000 1289.755859 0.000000 0.763083 0.000000 0.646300 0.286579 0.286579 0.286579
7454.679199 0.000000 1296.621582 0.000000 0.693892 0.000000 0.720079 0.284646 0.284646 0.284646
7533.009277 0.000000 1269.817505 0.000000 0.906494 0.000000 0.422218 0.248850 0.248850 0.248850
7490.320312 0.000000 1279.703491 0.000000 0.744282 0.000000 0.667866 0.286032 0.286032 0.286032
7492.237305 0.000000 1294.190918 0.000000 0.624642 0.000000 0.780912 0.282885 0.282885 0.282885
7517.522949 0.000000 1270.460083 0.000000 0.889824 0.000000 0.456304 0.281297 0.281297 0.281297
7518.679199 0.000000 1296.621582 0.000000 0.939930 0.000000 0.341367 0.263381 0.263381 0.263381
7429.188477 0.000000 1341.880737 0.000000 0.790465 0.000000 0.612507 0.205188 0.205188 0.205188
7444.687500 0.000000 1351.843750 0.000000 0.733757 0.000000 0.679412 0.213932 0.213932 0.213932
7424.096680 0.000000 1339.178101 0.000000 0.624777 0.000000 0.780803 0.233161 0.233161 0.233161
7470.218262 0.000000 1318.017090 0.000000 0.709893 0.000000 0.704310 0.230260 0.230260 0.230260
7432.040039 0.000000 1324.384521 0.000000 0.798826 0.000000 0.601562 0.232723 0.232723 0.232723
7425.161133 0.000000 1338.420776 0.000000 0.920781 0.000000 0.390079 0.238520 0.238520 0.238520
7462.902344 0.000000 1327.746460 0.000000 0.733120 0.000000 0.680099 0.285716 0.285716 0.285716
7433.788574 0.000000 1318.541504 0.000000 0.778363 0.000000 0.627815 0.287037 0.287037 0.287037
7446.916016 0.000000 1305.386719 0.000000 0.823224 0.000000 0.567717 0.289080 0.289080 0.289080
7432.816895 0.000000 1337.231079 0.000000 0.627186 0.000000 0.778870 0.241352 0.241352 0.241352
7449.643555 0.000000 1300.462891 0.000000 0.710692 0.000000 0.703503 0.260130 0.260130 0.260130
7430.643066 0.000000 1351.023315 0.000000 0.919296 0.000000 0.393567 0.256734 0.256734 0.256734
7465.289551 0.000000 1324.553467 0.000000 0.773477 0.000000 0.633825 0.286889 0.286889 0.286889
7443.792969 0.000000 1315.808228 0.000000 0.703689 0.000000 0.710509 0.285766 0.285766 0.285766
7474.878418 0.000000 1306.106934 0.000000 0.842611 0.000000 0.538522 0.289139 0.289139 0.289139
7471.399902 0.000000 1309.379028 0.000000 0.949291 0.000000 0.314398 0.282656 0.282656 0.282656
7433.007812 0.000000 1335.849731 0.000000 0.696566 0.000000 0.717493 0.284717 0.284717 0.284717
7443.108887 0.000000 1312.137939 0.000000 0.702632 0.000000 0.711553 0.276266 0.276266 0.276266
7470.927246 0.000000 1315.728394 0.000000 0.655002 0.000000 0.755627 0.283640 0.283640 0.283640
7442.279297 0.000000 1306.615112 0.000000 0.764442 0.000000 0.644693 0.286619 0.286619 0.286619
7475.404297 0.000000 1308.663086 0.000000 0.934614 0.000000 0.355664 0.293055 0.293055 0.293055
7428.258301 0.000000 1342.662476 0.000000 0.920027 0.000000 0.391854 0.292310 0.292310 0.292310
7477.360840 0.000000 1309.794678 0.000000 0.924128 0.000000 0.382082 0.292512 0.292512 0.292512
7465.406250 0.000000 1321.049194 0.000000 0.747160 0.000000 0.664644 0.286115 0.286115 0.286115
7426.333008 0.000000 1326.430542 0.000000 0.931045 0.000000 0.364904 0.293230 0.293230 0.293230
7865.721191 0.000000 1014.354553 0.000000 0.817618 0.000000 0.575761 0.266599 0.266599 0.266599
7887.409668 0.000000 1000.394592 0.000000 0.722898 0.000000 0.690955 0.209089 0.209089 0.209089
7889.260742 0.000000 1002.798706 0.000000 0.613059 0.000000 0.790037 0.217132 0.217132 0.217132
7884.848145 0.000000 1004.137451 0.000000 0.610410 0.000000 0.792086 0.229903 0.229903 0.229903
7853.988281 0.000000 1026.565796 0.000000 0.858661 0.000000 0.512543 0.289722 0.289722 0.289722
8145.695801 0.000000 1095.788452 0.000000 0.665498 0.000000 0.746400 0.270920 0.270920 0.270920
8144.823242 0.000000 1094.807861 0.000000 0.676140 0.000000 0.736773 0.271138 0.271138 0.271138
7456.706543 0.000000 1359.774292 0.000000 0.916232 0.000000 0.400649 0.217932 0.217932 0.217932
7449.071777 0.000000 1388.989014 0.000000 0.920182 0.000000 0.391492 0.226654 0.226654 0.226654
7466.333984 0.000000 1382.718628 0.000000 0.759555 0.000000 0.650443 0.239358 0.239358 0.239358
7551.022949 0.000000 1409.790527 0.000000 0.841024 0.000000 0.540998 0.200005 0.200005 0.200005
7514.002441 0.000000 1369.660400 0.000000 0.867421 0.000000 0.497576 0.197158 0.197158 0.197158
7489.541504 0.000000 1376.789062 0.000000 0.927742 0.000000 0.373223 0.214946 0.214946 0.214946
7514.272949 0.000000 1383.708374 0.000000 0.656527 0.000000 0.754302 0.225900 0.225900 0.225900
7520.928711 0.000000 1371.616211 0.000000 0.922456 0.000000 0.386101 0.241796 0.241796 0.241796
7509.670898 0.000000 1382.709351 0.000000 0.942136 0.000000 0.335232 0.289294 0.289294 0.289294
7542.006836 0.000000 1392.136597 0.000000 0.812594 0.000000 0.582830 0.289142 0.289142 0.289142
7532.435059 0.000000 1448.084473 0.000000 0.890828 0.000000 0.454340 0.205047 0.205047 0.205047
7523.081543 0.000000 1455.440186 0.000000 0.819596 0.000000 0.572941 0.283294 0.283294 0.283294
7550.218750 0.000000 1413.053223 0.000000 0.911675 0.000000 0.410913 0.292293 0.292293 0.292293
7555.034668 0.000000 1409.783325 0.000000 0.639209 0.000000 0.769033 0.223617 0.223617 0.223617
7554.944824 0.000000 1411.091919 0.000000 0.857596 0.000000 0.514324 0.271324 0.271324 0.271324
7580.400879 0.000000 1407.083252 0.000000 0.885017 0.000000 0.465558 0.290751 0.290751 0.290751
7556.258301 0.000000 1399.146851 0.000000 0.784864 0.000000 0.619668 0.287236 0.287236 0.287236
7557.003906 0.000000 1389.063843 0.000000 0.715739 0.000000 0.698368 0.285235 0.285235 0.285235
7643.828125 0.000000 1359.664185 0.000000 0.843638 0.000000 0.536912 0.202712 0.202712 0.202712
7636.698242 0.000000 1360.809082 0.000000 0.927028 0.000000 0.374991 0.226286 0.226286 0.226286
7505.984375 0.000000 1478.227295 0.000000 0.845116 0.000000 0.534583 0.264157 0.264157 0.264157
8032.156250 0.000000 1545.866821 0.000000 0.678241 0.000000 0.734840 0.285750 0.285750 0.285750
"}
object={
	name="rainforest_sparse_generator_3_2"
	clamp_to_water_level=no
	render_under_water=no
	generated_content=yes
	layer="semidynamic_high"
	pdxmesh="tree_rainforest_004_mesh"
	count=387
	transform="2424.508789 0.000000 1227.614624 0.000000 0.960830 0.000000 0.277137 0.247984 0.247984 0.247984
2424.262695 0.000000 1236.586792 0.000000 0.998149 0.000000 0.060808 0.273369 0.273369 0.273369
2417.885254 0.000000 1233.192627 0.000000 0.991097 0.000000 0.133144 0.297695 0.297695 0.297695
2451.982178 0.000000 1240.354004 0.000000 0.987121 0.000000 -0.159974 0.231512 0.231512 0.231512
2434.320068 0.000000 1223.219116 0.000000 0.999917 0.000000 -0.012919 0.257021 0.257021 0.257021
2438.064209 0.000000 1210.346802 0.000000 0.968588 0.000000 -0.248673 0.304800 0.304800 0.304800
2444.208496 0.000000 1240.272583 0.000000 0.963249 0.000000 0.268609 0.269299 0.269299 0.269299
2441.455566 0.000000 1247.423340 0.000000 1.000000 0.000000 0.000450 0.229968 0.229968 0.229968
2441.470459 0.000000 1244.695435 0.000000 0.996691 0.000000 -0.081282 0.285558 0.285558 0.285558
2259.231201 0.000000 1683.368652 0.000000 0.960893 0.000000 -0.276920 0.285135 0.285135 0.285135
2255.009277 0.000000 1686.535034 0.000000 0.997051 0.000000 -0.076746 0.264581 0.264581 0.264581
2174.188965 0.000000 1766.090210 0.000000 0.996912 0.000000 0.078527 0.204181 0.204181 0.204181
2170.963135 0.000000 1769.154297 0.000000 0.999787 0.000000 0.020654 0.216913 0.216913 0.216913
2160.982666 0.000000 1754.446655 0.000000 0.968010 0.000000 0.250911 0.241205 0.241205 0.241205
2164.297119 0.000000 1759.269531 0.000000 0.990221 0.000000 -0.139507 0.252894 0.252894 0.252894
2152.336914 0.000000 1806.721680 0.000000 0.967087 0.000000 0.254447 0.295086 0.295086 0.295086
2188.244629 0.000000 1745.147827 0.000000 0.976172 0.000000 0.217000 0.199844 0.199844 0.199844
2193.929199 0.000000 1747.746704 0.000000 0.998586 0.000000 0.053169 0.271250 0.271250 0.271250
2283.861084 0.000000 1719.837280 0.000000 0.972267 0.000000 -0.233872 0.245985 0.245985 0.245985
2258.493408 0.000000 1700.830566 0.000000 0.960246 0.000000 0.279156 0.238161 0.238161 0.238161
2260.947754 0.000000 1709.161011 0.000000 0.979998 0.000000 0.199006 0.296174 0.296174 0.296174
2273.640869 0.000000 1711.683228 0.000000 0.963194 0.000000 -0.268807 0.305198 0.305198 0.305198
2281.674561 0.000000 1718.829834 0.000000 0.994011 0.000000 -0.109278 0.302091 0.302091 0.302091
2270.718750 0.000000 1713.953003 0.000000 0.999905 0.000000 0.013756 0.296408 0.296408 0.296408
2264.134033 0.000000 1710.996582 0.000000 0.986909 0.000000 -0.161277 0.262266 0.262266 0.262266
2271.786865 0.000000 1710.620117 0.000000 0.996145 0.000000 0.087726 0.298322 0.298322 0.298322
2261.880859 0.000000 1703.033691 0.000000 0.974304 0.000000 -0.225236 0.263661 0.263661 0.263661
2180.483643 0.000000 1785.445435 0.000000 0.960633 0.000000 0.277820 0.217446 0.217446 0.217446
2178.810303 0.000000 1757.455933 0.000000 0.973722 0.000000 -0.227738 0.304388 0.304388 0.304388
2341.666260 0.000000 1685.882690 0.000000 0.958387 0.000000 0.285472 0.224470 0.224470 0.224470
2326.880615 0.000000 1678.610107 0.000000 0.999010 0.000000 0.044495 0.237355 0.237355 0.237355
2343.603027 0.000000 1684.048706 0.000000 0.978234 0.000000 -0.207504 0.303851 0.303851 0.303851
2321.929199 0.000000 1691.262329 0.000000 0.999149 0.000000 0.041240 0.299212 0.299212 0.299212
2327.544434 0.000000 1690.838013 0.000000 0.998138 0.000000 -0.061002 0.271144 0.271144 0.271144
2320.709717 0.000000 1694.036743 0.000000 0.999740 0.000000 -0.022790 0.300435 0.300435 0.300435
2412.866455 0.000000 1712.260742 0.000000 0.988348 0.000000 0.152212 0.254440 0.254440 0.254440
2411.042480 0.000000 1715.930664 0.000000 0.989838 0.000000 -0.142199 0.276816 0.276816 0.276816
2407.639404 0.000000 1715.941040 0.000000 0.985250 0.000000 0.171122 0.290463 0.290463 0.290463
1770.549194 0.000000 1931.580078 0.000000 0.999636 0.000000 -0.026993 0.200187 0.200187 0.200187
1780.297241 0.000000 1928.722656 0.000000 0.998778 0.000000 -0.049421 0.300872 0.300872 0.300872
1768.788330 0.000000 1935.354980 0.000000 0.984299 0.000000 0.176507 0.273917 0.273917 0.273917
1774.927124 0.000000 1937.056519 0.000000 0.973018 0.000000 0.230729 0.251278 0.251278 0.251278
1772.707520 0.000000 1934.526367 0.000000 0.990786 0.000000 0.135440 0.283889 0.283889 0.283889
1825.651611 0.000000 1900.181885 0.000000 0.961867 0.000000 0.273517 0.204358 0.204358 0.204358
1819.274780 0.000000 1906.604370 0.000000 0.996820 0.000000 0.079684 0.235879 0.235879 0.235879
1825.700073 0.000000 1902.739868 0.000000 0.953257 0.000000 0.302162 0.294138 0.294138 0.294138
1873.638672 0.000000 1888.986084 0.000000 0.999950 0.000000 -0.010045 0.300192 0.300192 0.300192
1871.627930 0.000000 1887.734131 0.000000 0.993763 0.000000 -0.111516 0.302134 0.302134 0.302134
1873.163452 0.000000 1884.404907 0.000000 0.976444 0.000000 0.215770 0.295912 0.295912 0.295912
1869.162109 0.000000 1886.478760 0.000000 0.999635 0.000000 0.027032 0.250386 0.250386 0.250386
1875.341675 0.000000 1885.424072 0.000000 0.963693 0.000000 0.267011 0.295121 0.295121 0.295121
1872.370850 0.000000 1883.513794 0.000000 0.991375 0.000000 -0.131055 0.277225 0.277225 0.277225
1870.829834 0.000000 1886.864746 0.000000 0.999987 0.000000 0.005180 0.299901 0.299901 0.299901
1872.829468 0.000000 1887.738403 0.000000 0.987026 0.000000 -0.160559 0.303080 0.303080 0.303080
1874.167725 0.000000 1882.252441 0.000000 0.991816 0.000000 -0.127674 0.279450 0.279450 0.279450
1926.643066 0.000000 1915.867065 0.000000 0.973251 0.000000 -0.229743 0.304427 0.304427 0.304427
1946.963867 0.000000 1916.816895 0.000000 0.998899 0.000000 -0.046915 0.300823 0.300823 0.300823
2036.417847 0.000000 1894.309448 0.000000 0.994252 0.000000 0.107067 0.207856 0.207856 0.207856
2041.096802 0.000000 1898.049316 0.000000 0.994393 0.000000 0.105747 0.220079 0.220079 0.220079
1893.382812 0.000000 1948.050781 0.000000 0.998321 0.000000 -0.057930 0.209693 0.209693 0.209693
1908.518799 0.000000 1939.549927 0.000000 0.997864 0.000000 0.065322 0.298756 0.298756 0.298756
1873.626343 0.000000 1982.162598 0.000000 0.998575 0.000000 -0.053368 0.200348 0.200348 0.200348
1869.373169 0.000000 2012.222046 0.000000 0.986768 0.000000 -0.162139 0.256009 0.256009 0.256009
1863.499878 0.000000 1999.675171 0.000000 0.991918 0.000000 -0.126880 0.302301 0.302301 0.302301
1946.746094 0.000000 1920.495728 0.000000 0.952378 0.000000 0.304921 0.221013 0.221013 0.221013
1945.643677 0.000000 1921.791016 0.000000 0.992184 0.000000 -0.124781 0.250451 0.250451 0.250451
2037.008667 0.000000 1964.690552 0.000000 0.980261 0.000000 -0.197709 0.201386 0.201386 0.201386
2024.327271 0.000000 1942.740601 0.000000 0.975108 0.000000 -0.221731 0.214403 0.214403 0.214403
2023.969727 0.000000 1928.393555 0.000000 0.987887 0.000000 0.155178 0.297024 0.297024 0.297024
2040.781006 0.000000 1934.416626 0.000000 0.980831 0.000000 0.194858 0.296255 0.296255 0.296255
2026.238525 0.000000 1930.307617 0.000000 0.984795 0.000000 0.173722 0.270663 0.270663 0.270663
1990.265015 0.000000 1933.622314 0.000000 0.986458 0.000000 0.164014 0.269151 0.269151 0.269151
2037.239990 0.000000 1962.711670 0.000000 0.998114 0.000000 -0.061390 0.301141 0.301141 0.301141
2036.749023 0.000000 1958.777832 0.000000 0.978938 0.000000 0.204159 0.296073 0.296073 0.296073
2035.963013 0.000000 1963.952759 0.000000 0.990367 0.000000 -0.138466 0.285869 0.285869 0.285869
1845.735840 0.000000 2049.818115 0.000000 0.987163 0.000000 0.159716 0.243878 0.243878 0.243878
1844.518799 0.000000 2052.518799 0.000000 0.999998 0.000000 -0.001963 0.296672 0.296672 0.296672
1845.369629 0.000000 2053.868652 0.000000 0.988702 0.000000 -0.149893 0.299162 0.299162 0.299162
1983.538696 0.000000 2217.375732 0.000000 0.980258 0.000000 0.197725 0.226414 0.226414 0.226414
1983.449219 0.000000 2220.448486 0.000000 0.988454 0.000000 -0.151524 0.253604 0.253604 0.253604
2022.210083 0.000000 2236.390625 0.000000 0.966436 0.000000 -0.256906 0.225007 0.225007 0.225007
2018.527588 0.000000 2209.998291 0.000000 0.967703 0.000000 -0.252094 0.229548 0.229548 0.229548
2002.552002 0.000000 2214.783203 0.000000 0.988930 0.000000 0.148384 0.234620 0.234620 0.234620
2021.430054 0.000000 2207.357910 0.000000 0.995163 0.000000 0.098236 0.236799 0.236799 0.236799
1992.040161 0.000000 2228.134521 0.000000 0.987334 0.000000 0.158655 0.246646 0.246646 0.246646
1996.848267 0.000000 2246.793701 0.000000 0.988376 0.000000 -0.152026 0.279807 0.279807 0.279807
1994.229004 0.000000 2247.158447 0.000000 0.958822 0.000000 0.284008 0.294834 0.294834 0.294834
2037.815186 0.000000 2233.265625 0.000000 0.998490 0.000000 -0.054933 0.240636 0.240636 0.240636
2020.226440 0.000000 2223.042480 0.000000 0.958952 0.000000 -0.283569 0.304362 0.304362 0.304362
2021.650635 0.000000 2242.042969 0.000000 0.999317 0.000000 0.036960 0.251945 0.251945 0.251945
2019.340820 0.000000 2204.145752 0.000000 0.958611 0.000000 -0.284720 0.252322 0.252322 0.252322
1997.261963 0.000000 2252.841064 0.000000 0.994096 0.000000 0.108501 0.298107 0.298107 0.298107
2019.728149 0.000000 2254.922119 0.000000 0.958660 0.000000 -0.284556 0.248861 0.248861 0.248861
2030.927124 0.000000 2219.478516 0.000000 0.991507 0.000000 -0.130053 0.264708 0.264708 0.264708
2032.438599 0.000000 2231.795410 0.000000 0.999997 0.000000 0.002532 0.257952 0.257952 0.257952
1997.742432 0.000000 2249.110596 0.000000 0.994322 0.000000 0.106413 0.251679 0.251679 0.251679
1999.844482 0.000000 2262.502197 0.000000 0.976748 0.000000 -0.214390 0.201798 0.201798 0.201798
2167.597168 0.000000 1814.416138 0.000000 0.971582 0.000000 0.236703 0.230419 0.230419 0.230419
2167.532715 0.000000 1832.109863 0.000000 0.958491 0.000000 0.285122 0.226655 0.226655 0.226655
2170.078369 0.000000 1836.772705 0.000000 0.959177 0.000000 0.282807 0.243020 0.243020 0.243020
2160.565186 0.000000 1846.062988 0.000000 0.954904 0.000000 0.296916 0.294547 0.294547 0.294547
2163.655518 0.000000 1846.692871 0.000000 0.997671 0.000000 0.068215 0.292716 0.292716 0.292716
2167.607178 0.000000 1836.392090 0.000000 0.976855 0.000000 0.213905 0.273915 0.273915 0.273915
2159.137695 0.000000 1843.979492 0.000000 0.952305 0.000000 0.305149 0.273089 0.273089 0.273089
2155.124023 0.000000 1811.171387 0.000000 0.998903 0.000000 0.046836 0.299151 0.299151 0.299151
2179.693115 0.000000 1822.512451 0.000000 0.997710 0.000000 0.067643 0.298707 0.298707 0.298707
2182.064209 0.000000 1831.674927 0.000000 0.996576 0.000000 0.082676 0.298543 0.298543 0.298543
2182.992920 0.000000 1827.567017 0.000000 0.978585 0.000000 0.205844 0.258707 0.258707 0.258707
2183.842529 0.000000 1828.364746 0.000000 0.998555 0.000000 0.053745 0.299046 0.299046 0.299046
2183.631836 0.000000 1826.158813 0.000000 0.975948 0.000000 0.218005 0.258548 0.258548 0.258548
2176.041016 0.000000 1821.059204 0.000000 0.973221 0.000000 0.229873 0.295622 0.295622 0.295622
2081.218262 0.000000 1923.288086 0.000000 0.988152 0.000000 -0.153475 0.241681 0.241681 0.241681
2049.285400 0.000000 1949.580688 0.000000 0.997689 0.000000 -0.067950 0.301299 0.301299 0.301299
2048.082764 0.000000 1932.249146 0.000000 0.999402 0.000000 0.034567 0.299340 0.299340 0.299340
2054.432129 0.000000 1966.361328 0.000000 0.998839 0.000000 0.048168 0.287476 0.287476 0.287476
2072.739502 0.000000 1967.200562 0.000000 0.994083 0.000000 0.108620 0.261621 0.261621 0.261621
2079.818848 0.000000 1976.453247 0.000000 0.964944 0.000000 0.262456 0.295197 0.295197 0.295197
2050.273193 0.000000 1966.897217 0.000000 0.983956 0.000000 -0.178413 0.303372 0.303372 0.303372
2070.560059 0.000000 1972.127441 0.000000 0.962242 0.000000 0.272195 0.275216 0.275216 0.275216
2078.678955 0.000000 1974.434082 0.000000 0.982680 0.000000 0.185308 0.296440 0.296440 0.296440
2081.860352 0.000000 1985.694336 0.000000 0.999768 0.000000 0.021542 0.199854 0.199854 0.199854
2077.269775 0.000000 1979.112549 0.000000 0.996152 0.000000 0.087638 0.204670 0.204670 0.204670
2067.108398 0.000000 1986.930298 0.000000 0.997674 0.000000 -0.068172 0.213717 0.213717 0.213717
2085.573975 0.000000 1988.457397 0.000000 0.998976 0.000000 -0.045236 0.216343 0.216343 0.216343
2075.964355 0.000000 1979.662598 0.000000 0.995321 0.000000 0.096623 0.292801 0.292801 0.292801
2089.506592 0.000000 1996.668945 0.000000 0.997914 0.000000 0.064562 0.298766 0.298766 0.298766
2088.942383 0.000000 1980.385620 0.000000 0.968974 0.000000 -0.247165 0.255324 0.255324 0.255324
2073.643555 0.000000 1978.275391 0.000000 0.984451 0.000000 -0.175657 0.264733 0.264733 0.264733
2094.963867 0.000000 1997.052612 0.000000 0.956366 0.000000 0.292173 0.294826 0.294826 0.294826
2088.703857 0.000000 1994.099365 0.000000 0.993200 0.000000 0.116417 0.297841 0.297841 0.297841
2092.792725 0.000000 1978.531982 0.000000 0.997582 0.000000 -0.069498 0.301328 0.301328 0.301328
2090.449463 0.000000 1993.339600 0.000000 0.980396 0.000000 -0.197038 0.267873 0.267873 0.267873
2257.910400 0.000000 2091.947998 0.000000 0.999941 0.000000 0.010817 0.274077 0.274077 0.274077
2056.040039 0.000000 2228.134521 0.000000 0.980070 0.000000 0.198653 0.246183 0.246183 0.246183
2096.438721 0.000000 2231.795410 0.000000 0.986124 0.000000 0.166011 0.258122 0.258122 0.258122
2101.597656 0.000000 2228.561768 0.000000 0.975700 0.000000 -0.219109 0.304219 0.304219 0.304219
2111.786377 0.000000 2230.350342 0.000000 0.984317 0.000000 0.176410 0.270075 0.270075 0.270075
2080.597412 0.000000 2232.322754 0.000000 0.987946 0.000000 0.154798 0.264875 0.264875 0.264875
2141.587891 0.000000 2222.558350 0.000000 0.973833 0.000000 -0.227263 0.201557 0.201557 0.201557
2153.985107 0.000000 2223.827148 0.000000 0.998652 0.000000 -0.051915 0.216962 0.216962 0.216962
2171.649170 0.000000 2224.403320 0.000000 0.972790 0.000000 -0.231687 0.216199 0.216199 0.216199
2153.913086 0.000000 2220.285400 0.000000 0.999205 0.000000 0.039863 0.225683 0.225683 0.225683
2160.418945 0.000000 2229.167236 0.000000 0.963078 0.000000 -0.269223 0.238906 0.238906 0.238906
2161.942383 0.000000 2225.001465 0.000000 0.993863 0.000000 0.110621 0.236670 0.236670 0.236670
2147.433105 0.000000 2224.624023 0.000000 0.993011 0.000000 -0.118023 0.247538 0.247538 0.247538
2160.035400 0.000000 2217.786621 0.000000 0.994888 0.000000 0.100981 0.269476 0.269476 0.269476
2161.295410 0.000000 2226.651611 0.000000 0.971534 0.000000 -0.236899 0.251182 0.251182 0.251182
2158.116943 0.000000 2217.313232 0.000000 0.999196 0.000000 0.040101 0.298196 0.298196 0.298196
2156.707520 0.000000 2216.948242 0.000000 0.997173 0.000000 -0.075135 0.264560 0.264560 0.264560
2162.217041 0.000000 2217.610107 0.000000 0.958321 0.000000 -0.285695 0.268497 0.268497 0.268497
2176.271973 0.000000 2223.845947 0.000000 0.995894 0.000000 -0.090532 0.298159 0.298159 0.298159
2178.523926 0.000000 2223.391846 0.000000 0.959387 0.000000 -0.282094 0.291004 0.291004 0.291004
2183.500000 0.000000 2225.612793 0.000000 0.988654 0.000000 0.150211 0.268243 0.268243 0.268243
7395.246582 0.000000 611.262146 0.000000 0.992320 0.000000 -0.123698 0.222663 0.222663 0.222663
7419.910156 0.000000 620.952942 0.000000 0.998635 0.000000 0.052232 0.271820 0.271820 0.271820
7418.821777 0.000000 620.975830 0.000000 0.956659 0.000000 -0.291211 0.276671 0.276671 0.276671
7422.566406 0.000000 676.956787 0.000000 0.954603 0.000000 0.297882 0.224894 0.224894 0.224894
7417.029297 0.000000 649.476257 0.000000 0.985541 0.000000 -0.169436 0.284061 0.284061 0.284061
7427.928711 0.000000 594.975647 0.000000 0.999910 0.000000 0.013433 0.203543 0.203543 0.203543
7430.227051 0.000000 609.418701 0.000000 0.999878 0.000000 -0.015647 0.212170 0.212170 0.212170
7446.173340 0.000000 604.185303 0.000000 0.990989 0.000000 0.133943 0.219276 0.219276 0.219276
7430.203613 0.000000 602.139038 0.000000 0.997402 0.000000 0.072035 0.227611 0.227611 0.227611
7428.866211 0.000000 588.802246 0.000000 0.980302 0.000000 -0.197504 0.241011 0.241011 0.241011
7453.388672 0.000000 614.034790 0.000000 0.978753 0.000000 0.205044 0.251044 0.251044 0.251044
7428.623047 0.000000 596.231018 0.000000 0.994919 0.000000 -0.100682 0.262628 0.262628 0.262628
7425.433105 0.000000 612.099548 0.000000 0.962550 0.000000 0.271103 0.264374 0.264374 0.264374
7430.432129 0.000000 610.736328 0.000000 0.960812 0.000000 -0.277202 0.305217 0.305217 0.305217
7432.816895 0.000000 602.934265 0.000000 0.952531 0.000000 -0.304443 0.278023 0.278023 0.278023
7432.697754 0.000000 593.765137 0.000000 0.991027 0.000000 -0.133659 0.283519 0.283519 0.283519
7448.109375 0.000000 607.806946 0.000000 0.999672 0.000000 -0.025607 0.300453 0.300453 0.300453
7436.118164 0.000000 621.318298 0.000000 0.967293 0.000000 0.253661 0.262439 0.262439 0.262439
7457.257812 0.000000 617.861755 0.000000 0.989902 0.000000 -0.141755 0.297315 0.297315 0.297315
7448.405762 0.000000 601.895996 0.000000 0.967181 0.000000 -0.254089 0.274980 0.274980 0.274980
7437.223633 0.000000 620.880371 0.000000 0.999967 0.000000 0.008074 0.265720 0.265720 0.265720
7429.303711 0.000000 597.125305 0.000000 0.986656 0.000000 -0.162817 0.263425 0.263425 0.263425
7493.619141 0.000000 620.291748 0.000000 0.998359 0.000000 0.057272 0.242794 0.242794 0.242794
7505.929199 0.000000 618.059204 0.000000 0.995047 0.000000 0.099404 0.265620 0.265620 0.265620
7484.880859 0.000000 644.557800 0.000000 0.977293 0.000000 0.211892 0.198529 0.198529 0.198529
7468.596680 0.000000 640.279419 0.000000 0.987224 0.000000 -0.159338 0.208214 0.208214 0.208214
7453.062500 0.000000 639.004395 0.000000 0.988462 0.000000 0.151470 0.212488 0.212488 0.212488
7471.569336 0.000000 621.431335 0.000000 0.994979 0.000000 -0.100088 0.216802 0.216802 0.216802
7464.686523 0.000000 639.981201 0.000000 0.974394 0.000000 -0.224848 0.219569 0.219569 0.219569
7454.270508 0.000000 630.604919 0.000000 0.980829 0.000000 -0.194871 0.214182 0.214182 0.214182
7429.526367 0.000000 662.394043 0.000000 0.973971 0.000000 -0.226672 0.223014 0.223014 0.223014
7451.274902 0.000000 663.948059 0.000000 0.959463 0.000000 0.281835 0.225051 0.225051 0.225051
7459.868164 0.000000 637.169006 0.000000 0.988882 0.000000 0.148702 0.227988 0.227988 0.227988
7456.099609 0.000000 658.147705 0.000000 0.987826 0.000000 -0.155565 0.236017 0.236017 0.236017
7477.852051 0.000000 675.594482 0.000000 0.992352 0.000000 -0.123443 0.302364 0.302364 0.302364
7481.621582 0.000000 654.218872 0.000000 0.995696 0.000000 -0.092675 0.293663 0.293663 0.293663
7457.146973 0.000000 669.261414 0.000000 0.991003 0.000000 0.133843 0.297436 0.297436 0.297436
7457.949219 0.000000 662.933838 0.000000 0.972668 0.000000 -0.232200 0.304168 0.304168 0.304168
7482.465332 0.000000 658.859985 0.000000 0.974647 0.000000 0.223750 0.261207 0.261207 0.261207
7457.316895 0.000000 666.889465 0.000000 0.973598 0.000000 -0.228271 0.304398 0.304398 0.304398
7448.109375 0.000000 664.291321 0.000000 0.957691 0.000000 -0.287797 0.305575 0.305575 0.305575
7456.504395 0.000000 664.675415 0.000000 0.999792 0.000000 0.020418 0.299610 0.299610 0.299610
7470.979004 0.000000 675.919434 0.000000 0.972735 0.000000 0.231921 0.285636 0.285636 0.285636
7443.341797 0.000000 642.767761 0.000000 0.978858 0.000000 0.204543 0.275147 0.275147 0.275147
7480.393555 0.000000 654.470703 0.000000 0.961801 0.000000 -0.273750 0.296657 0.296657 0.296657
7486.953125 0.000000 646.485779 0.000000 0.994930 0.000000 0.100569 0.256183 0.256183 0.256183
7483.585938 0.000000 657.886108 0.000000 0.986139 0.000000 0.165921 0.296898 0.296898 0.296898
7439.213379 0.000000 640.987793 0.000000 0.997007 0.000000 -0.077306 0.301368 0.301368 0.301368
7436.998047 0.000000 623.187317 0.000000 0.961419 0.000000 -0.275087 0.269507 0.269507 0.269507
7486.343750 0.000000 642.932495 0.000000 0.998194 0.000000 0.060072 0.265589 0.265589 0.265589
7441.039551 0.000000 666.248474 0.000000 0.998341 0.000000 -0.057575 0.301087 0.301087 0.301087
7516.116211 0.000000 676.743713 0.000000 0.998630 0.000000 0.052330 0.199635 0.199635 0.199635
7504.764160 0.000000 637.280090 0.000000 0.999556 0.000000 -0.029792 0.200206 0.200206 0.200206
7513.687012 0.000000 650.909119 0.000000 0.987545 0.000000 0.157338 0.242802 0.242802 0.242802
7500.093750 0.000000 629.415649 0.000000 0.990524 0.000000 0.137343 0.235839 0.235839 0.235839
7517.388672 0.000000 670.519165 0.000000 0.999259 0.000000 -0.038482 0.300735 0.300735 0.300735
7488.271973 0.000000 642.283447 0.000000 0.980312 0.000000 0.197457 0.293851 0.293851 0.293851
7498.391113 0.000000 626.880737 0.000000 0.988102 0.000000 0.153798 0.297201 0.297201 0.297201
7500.818359 0.000000 626.754700 0.000000 0.958217 0.000000 0.286044 0.287990 0.287990 0.287990
7404.375000 0.000000 706.097168 0.000000 0.954762 0.000000 -0.297371 0.305224 0.305224 0.305224
7457.111816 0.000000 711.332092 0.000000 0.998088 0.000000 0.061812 0.250539 0.250539 0.250539
7425.904785 0.000000 695.649170 0.000000 0.959637 0.000000 0.281243 0.272368 0.272368 0.272368
7461.009277 0.000000 683.874207 0.000000 0.959225 0.000000 -0.282644 0.289855 0.289855 0.289855
7465.102051 0.000000 685.072571 0.000000 0.984637 0.000000 0.174614 0.262409 0.262409 0.262409
7490.946289 0.000000 680.257812 0.000000 0.984210 0.000000 0.177006 0.247534 0.247534 0.247534
7528.788574 0.000000 692.698730 0.000000 0.997744 0.000000 0.067127 0.298717 0.298717 0.298717
7517.300293 0.000000 702.726929 0.000000 0.999813 0.000000 0.019324 0.262217 0.262217 0.262217
7528.704102 0.000000 694.958801 0.000000 0.956056 0.000000 -0.293183 0.290605 0.290605 0.290605
7532.375000 0.000000 706.097168 0.000000 0.994513 0.000000 0.104614 0.297998 0.297998 0.297998
7518.298340 0.000000 701.868164 0.000000 0.999977 0.000000 -0.006844 0.300131 0.300131 0.300131
7475.333496 0.000000 778.704590 0.000000 0.996869 0.000000 -0.079076 0.228474 0.228474 0.228474
7471.430664 0.000000 778.432007 0.000000 0.995946 0.000000 -0.089954 0.240441 0.240441 0.240441
7473.451660 0.000000 779.992004 0.000000 0.992886 0.000000 -0.119068 0.257190 0.257190 0.257190
7472.238770 0.000000 779.981384 0.000000 0.997566 0.000000 0.069728 0.254896 0.254896 0.254896
7545.532715 0.000000 749.271484 0.000000 0.997717 0.000000 0.067529 0.208162 0.208162 0.208162
7544.202637 0.000000 751.253479 0.000000 0.999627 0.000000 -0.027329 0.300522 0.300522 0.300522
7558.638672 0.000000 743.849792 0.000000 0.982911 0.000000 -0.184081 0.220924 0.220924 0.220924
7562.169922 0.000000 774.870605 0.000000 0.978331 0.000000 -0.207048 0.242256 0.242256 0.242256
7566.922852 0.000000 764.517517 0.000000 0.967712 0.000000 0.252058 0.232450 0.232450 0.232450
7565.528320 0.000000 788.815308 0.000000 0.990346 0.000000 -0.138616 0.239252 0.239252 0.239252
7570.752930 0.000000 780.651001 0.000000 0.999969 0.000000 0.007835 0.236055 0.236055 0.236055
7565.509277 0.000000 772.073120 0.000000 0.998236 0.000000 -0.059366 0.301123 0.301123 0.301123
7563.079590 0.000000 790.095947 0.000000 0.986823 0.000000 0.161804 0.243303 0.243303 0.243303
7563.246582 0.000000 789.024841 0.000000 0.997357 0.000000 0.072655 0.260975 0.260975 0.260975
7564.386230 0.000000 749.982056 0.000000 0.991938 0.000000 0.126726 0.297773 0.297773 0.297773
7481.361328 0.000000 803.570496 0.000000 0.997716 0.000000 0.067542 0.207048 0.207048 0.207048
7482.962891 0.000000 808.919983 0.000000 0.999473 0.000000 0.032473 0.222399 0.222399 0.222399
7474.147461 0.000000 815.853821 0.000000 0.992155 0.000000 0.125012 0.240947 0.240947 0.240947
7473.942383 0.000000 812.892212 0.000000 0.990526 0.000000 -0.137323 0.291545 0.291545 0.291545
7484.908691 0.000000 805.716980 0.000000 0.999873 0.000000 0.015911 0.253312 0.253312 0.253312
7479.606934 0.000000 819.673279 0.000000 0.984277 0.000000 -0.176632 0.248200 0.248200 0.248200
7570.832031 0.000000 834.958984 0.000000 0.988224 0.000000 -0.153011 0.291797 0.291797 0.291797
7579.766113 0.000000 812.453003 0.000000 0.989248 0.000000 -0.146249 0.294539 0.294539 0.294539
7573.435547 0.000000 836.788818 0.000000 0.999996 0.000000 0.002798 0.299947 0.299947 0.299947
7572.242188 0.000000 838.474304 0.000000 0.995322 0.000000 -0.096617 0.264274 0.264274 0.264274
7574.499512 0.000000 807.085083 0.000000 0.965130 0.000000 0.261771 0.268311 0.268311 0.268311
7588.465820 0.000000 849.051514 0.000000 0.968582 0.000000 -0.248693 0.228943 0.228943 0.228943
7575.844727 0.000000 894.786255 0.000000 0.976581 0.000000 0.215152 0.220754 0.220754 0.220754
7591.698242 0.000000 849.223816 0.000000 0.984458 0.000000 0.175623 0.230483 0.230483 0.230483
7566.338867 0.000000 889.086731 0.000000 0.979825 0.000000 0.199855 0.296504 0.296504 0.296504
7576.739746 0.000000 893.997498 0.000000 0.973388 0.000000 -0.229161 0.304416 0.304416 0.304416
7572.287598 0.000000 867.930420 0.000000 0.987111 0.000000 -0.160039 0.267379 0.267379 0.267379
7571.455566 0.000000 866.366394 0.000000 0.998319 0.000000 0.057956 0.270627 0.270627 0.270627
7565.742676 0.000000 893.485657 0.000000 0.960089 0.000000 -0.279695 0.296178 0.296178 0.296178
7419.144043 0.000000 1068.908447 0.000000 0.986749 0.000000 0.162255 0.226754 0.226754 0.226754
7418.821777 0.000000 1072.850830 0.000000 0.956853 0.000000 0.290573 0.262475 0.262475 0.262475
7414.872070 0.000000 1093.588501 0.000000 0.955567 0.000000 0.294773 0.237988 0.237988 0.237988
7416.881836 0.000000 1084.726562 0.000000 0.969993 0.000000 0.243132 0.266399 0.266399 0.266399
7411.522461 0.000000 1089.889526 0.000000 0.974570 0.000000 0.224084 0.257376 0.257376 0.257376
7416.780762 0.000000 1087.151001 0.000000 0.962814 0.000000 -0.270165 0.305225 0.305225 0.305225
7416.681641 0.000000 1078.464966 0.000000 0.952674 0.000000 0.303995 0.279589 0.279589 0.279589
7410.878418 0.000000 1080.169434 0.000000 0.952039 0.000000 0.305975 0.294061 0.294061 0.294061
7415.149902 0.000000 1123.301025 0.000000 0.996097 0.000000 0.088270 0.293494 0.293494 0.293494
7463.593750 0.000000 953.085876 0.000000 0.980391 0.000000 0.197061 0.280732 0.280732 0.280732
7514.534668 0.000000 958.545471 0.000000 0.999982 0.000000 0.006057 0.225995 0.225995 0.225995
7549.768066 0.000000 930.948181 0.000000 0.985636 0.000000 0.168887 0.232755 0.232755 0.232755
7505.638672 0.000000 945.048401 0.000000 0.999999 0.000000 -0.001523 0.300028 0.300028 0.300028
7544.881836 0.000000 915.273438 0.000000 0.982486 0.000000 -0.186338 0.247739 0.247739 0.247739
7539.522461 0.000000 920.436462 0.000000 0.983224 0.000000 0.182400 0.250220 0.250220 0.250220
7537.942383 0.000000 925.860962 0.000000 0.963503 0.000000 -0.267697 0.245790 0.245790 0.245790
7548.005859 0.000000 912.017090 0.000000 0.970127 0.000000 -0.242597 0.301326 0.301326 0.301326
7535.754395 0.000000 952.464111 0.000000 0.983612 0.000000 -0.180297 0.303462 0.303462 0.303462
7502.024902 0.000000 951.062927 0.000000 0.994384 0.000000 0.105835 0.267748 0.267748 0.267748
7522.307129 0.000000 953.533691 0.000000 0.985156 0.000000 0.171661 0.296854 0.296854 0.296854
7526.864258 0.000000 941.127625 0.000000 0.994911 0.000000 0.100755 0.270587 0.270587 0.270587
7539.050781 0.000000 922.013245 0.000000 0.978557 0.000000 0.205976 0.296038 0.296038 0.296038
7449.175293 0.000000 1002.603882 0.000000 0.993131 0.000000 0.117009 0.218871 0.218871 0.218871
7472.730957 0.000000 966.387451 0.000000 0.999997 0.000000 0.002620 0.237788 0.237788 0.237788
7483.660156 0.000000 1009.775696 0.000000 0.974722 0.000000 -0.223419 0.253889 0.253889 0.253889
7479.960938 0.000000 1006.391113 0.000000 0.992748 0.000000 -0.120216 0.273094 0.273094 0.273094
7508.786621 0.000000 977.570312 0.000000 0.990621 0.000000 -0.136639 0.223912 0.223912 0.223912
7511.405273 0.000000 989.603516 0.000000 0.988897 0.000000 -0.148603 0.228562 0.228562 0.228562
7507.482422 0.000000 985.924316 0.000000 0.959304 0.000000 -0.282377 0.232142 0.232142 0.232142
7506.493652 0.000000 966.533691 0.000000 0.996556 0.000000 0.082920 0.233623 0.233623 0.233623
7526.330078 0.000000 974.582520 0.000000 0.989707 0.000000 0.143111 0.297397 0.297397 0.297397
7496.697754 0.000000 989.155762 0.000000 0.999915 0.000000 0.013036 0.299751 0.299751 0.299751
7501.407227 0.000000 981.115662 0.000000 0.975444 0.000000 0.220249 0.293459 0.293459 0.293459
7532.792969 0.000000 961.813232 0.000000 0.999628 0.000000 -0.027278 0.276863 0.276863 0.276863
7495.842285 0.000000 981.099182 0.000000 0.992077 0.000000 -0.125628 0.302406 0.302406 0.302406
7534.579590 0.000000 962.900635 0.000000 0.986033 0.000000 0.166551 0.296804 0.296804 0.296804
7554.951172 0.000000 925.850891 0.000000 0.999590 0.000000 -0.028631 0.256652 0.256652 0.256652
7554.320312 0.000000 940.797241 0.000000 0.986657 0.000000 0.162815 0.263116 0.263116 0.263116
7576.195801 0.000000 906.877502 0.000000 0.964354 0.000000 0.264617 0.294885 0.294885 0.294885
7485.779785 0.000000 1027.497803 0.000000 0.992615 0.000000 -0.121308 0.249844 0.249844 0.249844
7444.673828 0.000000 1042.072021 0.000000 0.960593 0.000000 -0.277958 0.264351 0.264351 0.264351
7488.942871 0.000000 1019.868164 0.000000 0.982480 0.000000 -0.186369 0.233479 0.233479 0.233479
7490.168457 0.000000 1016.738342 0.000000 0.954977 0.000000 0.296679 0.294473 0.294473 0.294473
7491.441895 0.000000 1018.104370 0.000000 0.984137 0.000000 -0.177408 0.303126 0.303126 0.303126
7424.942871 0.000000 1076.352539 0.000000 0.968371 0.000000 -0.249514 0.225512 0.225512 0.225512
7419.585938 0.000000 1335.698608 0.000000 0.999192 0.000000 0.040199 0.283699 0.283699 0.283699
7486.782227 0.000000 1280.676270 0.000000 0.998369 0.000000 0.057097 0.247252 0.247252 0.247252
7463.241699 0.000000 1295.555542 0.000000 0.999483 0.000000 0.032165 0.245301 0.245301 0.245301
7480.262695 0.000000 1293.071167 0.000000 0.982490 0.000000 -0.186315 0.303579 0.303579 0.303579
7455.464355 0.000000 1294.291626 0.000000 0.997032 0.000000 0.076986 0.298528 0.298528 0.298528
7461.444336 0.000000 1286.088013 0.000000 0.984223 0.000000 0.176935 0.296603 0.296603 0.296603
7484.154785 0.000000 1282.755981 0.000000 0.998237 0.000000 0.059347 0.298866 0.298866 0.298866
7483.910156 0.000000 1298.765381 0.000000 0.999197 0.000000 0.040060 0.299235 0.299235 0.299235
7458.307129 0.000000 1292.439941 0.000000 0.973734 0.000000 0.227690 0.295613 0.295613 0.295613
7451.171875 0.000000 1298.616455 0.000000 0.971632 0.000000 0.236498 0.295440 0.295440 0.295440
7521.772949 0.000000 1298.081665 0.000000 0.986544 0.000000 -0.163493 0.240650 0.240650 0.240650
7520.533691 0.000000 1297.727295 0.000000 0.961749 0.000000 -0.273933 0.268914 0.268914 0.268914
7493.362305 0.000000 1295.341064 0.000000 0.997364 0.000000 0.072560 0.298613 0.298613 0.298613
7496.816895 0.000000 1280.746704 0.000000 0.970868 0.000000 0.239615 0.295379 0.295379 0.295379
7529.291504 0.000000 1292.162231 0.000000 0.999016 0.000000 0.044341 0.256319 0.256319 0.256319
7491.816406 0.000000 1278.086914 0.000000 0.992057 0.000000 -0.125790 0.302409 0.302409 0.302409
7427.196289 0.000000 1344.891113 0.000000 0.992698 0.000000 0.120629 0.220502 0.220502 0.220502
7454.747070 0.000000 1300.728638 0.000000 0.974490 0.000000 0.224431 0.228350 0.228350 0.228350
7451.908691 0.000000 1304.644165 0.000000 0.976745 0.000000 -0.214403 0.234330 0.234330 0.234330
7427.320312 0.000000 1347.928711 0.000000 0.968846 0.000000 0.247662 0.243426 0.243426 0.243426
7444.947754 0.000000 1313.770386 0.000000 0.997398 0.000000 -0.072086 0.266215 0.266215 0.266215
7426.696289 0.000000 1328.783203 0.000000 0.998400 0.000000 0.056548 0.298919 0.298919 0.298919
7449.027344 0.000000 1304.339233 0.000000 0.999844 0.000000 0.017641 0.299663 0.299663 0.299663
7439.969727 0.000000 1316.544678 0.000000 0.967895 0.000000 -0.251356 0.254800 0.254800 0.254800
7439.304199 0.000000 1314.923950 0.000000 0.985892 0.000000 -0.167380 0.303212 0.303212 0.303212
7475.791016 0.000000 1309.955933 0.000000 0.978031 0.000000 0.208461 0.295989 0.295989 0.295989
7471.274414 0.000000 1317.223267 0.000000 0.973036 0.000000 -0.230654 0.287298 0.287298 0.287298
7469.988281 0.000000 1308.987671 0.000000 0.994989 0.000000 0.099982 0.262287 0.262287 0.262287
7430.284668 0.000000 1339.312988 0.000000 0.992961 0.000000 0.118442 0.297733 0.297733 0.297733
7431.500000 0.000000 1321.862671 0.000000 0.991820 0.000000 -0.127645 0.302445 0.302445 0.302445
7434.822754 0.000000 1320.867188 0.000000 0.997231 0.000000 -0.074363 0.293365 0.293365 0.293365
7483.895996 0.000000 1299.948730 0.000000 0.997982 0.000000 -0.063491 0.301213 0.301213 0.301213
7476.036133 0.000000 1302.677612 0.000000 0.990235 0.000000 -0.139407 0.300124 0.300124 0.300124
7470.116699 0.000000 1313.563110 0.000000 0.999239 0.000000 0.039017 0.299255 0.299255 0.299255
7463.576660 0.000000 1317.527100 0.000000 0.989645 0.000000 -0.143539 0.302751 0.302751 0.302751
7427.816406 0.000000 1334.571289 0.000000 0.987487 0.000000 0.157698 0.296976 0.296976 0.296976
7433.653320 0.000000 1355.520386 0.000000 0.999462 0.000000 -0.032788 0.300626 0.300626 0.300626
7467.276855 0.000000 1311.104980 0.000000 0.999574 0.000000 0.029170 0.272700 0.272700 0.272700
7461.254883 0.000000 1327.854370 0.000000 0.979737 0.000000 0.200289 0.296149 0.296149 0.296149
7431.023926 0.000000 1337.161255 0.000000 0.959036 0.000000 0.283283 0.294515 0.294515 0.294515
7871.412109 0.000000 1013.082520 0.000000 0.999553 0.000000 0.029889 0.239182 0.239182 0.239182
7878.432129 0.000000 1006.126953 0.000000 0.960753 0.000000 -0.277407 0.275892 0.275892 0.275892
7890.405762 0.000000 999.998535 0.000000 0.971734 0.000000 -0.236077 0.280476 0.280476 0.280476
7888.442383 0.000000 1001.041992 0.000000 0.981912 0.000000 -0.189335 0.303638 0.303638 0.303638
7858.757324 0.000000 1018.066956 0.000000 0.994215 0.000000 0.107407 0.217845 0.217845 0.217845
8145.019043 0.000000 1101.820679 0.000000 0.998845 0.000000 0.048058 0.230069 0.230069 0.230069
8145.638672 0.000000 1098.204834 0.000000 0.953919 0.000000 0.300063 0.294670 0.294670 0.294670
8144.829590 0.000000 1096.957153 0.000000 0.987808 0.000000 0.155674 0.287971 0.287971 0.287971
7428.280762 0.000000 1364.774170 0.000000 0.958669 0.000000 0.284525 0.276652 0.276652 0.276652
7440.399902 0.000000 1361.302490 0.000000 0.982028 0.000000 -0.188733 0.303626 0.303626 0.303626
7453.126953 0.000000 1360.832153 0.000000 0.999788 0.000000 0.020581 0.299607 0.299607 0.299607
7461.009277 0.000000 1361.686768 0.000000 0.995733 0.000000 -0.092282 0.301599 0.301599 0.301599
7442.279297 0.000000 1363.099487 0.000000 0.998740 0.000000 -0.050180 0.276630 0.276630 0.276630
7440.956055 0.000000 1358.445068 0.000000 0.998312 0.000000 -0.058079 0.280691 0.280691 0.280691
7550.612305 0.000000 1407.265259 0.000000 0.977916 0.000000 0.208999 0.198586 0.198586 0.198586
7523.914551 0.000000 1384.384155 0.000000 0.997463 0.000000 -0.071184 0.210924 0.210924 0.210924
7528.686523 0.000000 1374.278076 0.000000 0.993781 0.000000 -0.111356 0.215199 0.215199 0.215199
7531.719727 0.000000 1373.211670 0.000000 0.999667 0.000000 -0.025808 0.230219 0.230219 0.230219
7513.071777 0.000000 1388.989014 0.000000 0.999618 0.000000 0.027655 0.237529 0.237529 0.237529
7490.951172 0.000000 1377.725830 0.000000 0.974175 0.000000 -0.225795 0.304162 0.304162 0.304162
7511.879395 0.000000 1383.238037 0.000000 0.999876 0.000000 0.015721 0.299707 0.299707 0.299707
7513.625977 0.000000 1382.647339 0.000000 0.989069 0.000000 -0.147455 0.302826 0.302826 0.302826
7488.212402 0.000000 1379.265137 0.000000 0.997488 0.000000 -0.070835 0.285963 0.285963 0.285963
7490.523926 0.000000 1376.126099 0.000000 0.999644 0.000000 0.026669 0.299513 0.299513 0.299513
7519.716309 0.000000 1453.881470 0.000000 0.999539 0.000000 0.030366 0.291664 0.291664 0.291664
7523.174316 0.000000 1451.582764 0.000000 0.999199 0.000000 -0.040023 0.246665 0.246665 0.246665
7523.054199 0.000000 1452.938721 0.000000 0.987907 0.000000 0.155046 0.297027 0.297027 0.297027
7521.949219 0.000000 1453.715088 0.000000 0.954986 0.000000 0.296652 0.294248 0.294248 0.294248
7577.114746 0.000000 1409.951416 0.000000 0.952227 0.000000 -0.305392 0.249681 0.249681 0.249681
7576.647461 0.000000 1408.572266 0.000000 0.970697 0.000000 -0.240306 0.248926 0.248926 0.248926
7556.237305 0.000000 1407.159668 0.000000 0.999881 0.000000 0.015439 0.299705 0.299705 0.299705
7554.273438 0.000000 1402.053467 0.000000 0.984888 0.000000 0.173191 0.283846 0.283846 0.283846
7576.192871 0.000000 1410.644165 0.000000 0.952459 0.000000 0.304668 0.294563 0.294563 0.294563
7625.120117 0.000000 1379.899902 0.000000 0.986609 0.000000 0.163101 0.238879 0.238879 0.238879
7626.621582 0.000000 1382.841187 0.000000 0.955564 0.000000 -0.294783 0.242636 0.242636 0.242636
7638.916016 0.000000 1361.871094 0.000000 0.973119 0.000000 -0.230301 0.304438 0.304438 0.304438
7641.454590 0.000000 1364.733643 0.000000 0.972113 0.000000 0.234514 0.275244 0.275244 0.275244
7631.969727 0.000000 1373.029053 0.000000 0.978983 0.000000 -0.203941 0.267966 0.267966 0.267966
7629.407227 0.000000 1376.506348 0.000000 0.979384 0.000000 0.202007 0.275185 0.275185 0.275185
7627.529297 0.000000 1378.777832 0.000000 0.992148 0.000000 0.125073 0.262512 0.262512 0.262512
7626.165039 0.000000 1380.556763 0.000000 0.967165 0.000000 0.254149 0.295092 0.295092 0.295092
7556.648926 0.000000 1434.219360 0.000000 0.997635 0.000000 0.068728 0.243782 0.243782 0.243782
7559.500000 0.000000 1434.831421 0.000000 0.962138 0.000000 0.272561 0.294728 0.294728 0.294728
8037.460449 0.000000 1556.413330 0.000000 0.963466 0.000000 0.267832 0.216989 0.216989 0.216989
8032.945312 0.000000 1543.733521 0.000000 0.971295 0.000000 0.237877 0.295449 0.295449 0.295449
"}
object={
	name="rainforest_sparse_generator_3_3"
	clamp_to_water_level=no
	render_under_water=no
	generated_content=yes
	layer="semidynamic_high"
	pdxmesh="tree_rainforest_005_mesh"
	count=368
	transform="2419.604980 0.000000 1233.131226 0.000000 0.650590 0.000000 -0.759429 0.316471 0.316471 0.316471
2414.064453 0.000000 1231.194824 0.000000 0.874568 0.000000 -0.484902 0.272512 0.272512 0.272512
2426.232178 0.000000 1229.575073 0.000000 0.608215 0.000000 -0.793772 0.278553 0.278553 0.278553
2416.238770 0.000000 1231.856445 0.000000 0.853623 0.000000 -0.520891 0.309951 0.309951 0.309951
2450.552246 0.000000 1240.322632 0.000000 0.804989 0.000000 -0.593290 0.236062 0.236062 0.236062
2432.026367 0.000000 1223.288940 0.000000 0.668750 0.000000 -0.743487 0.316010 0.316010 0.316010
2442.753174 0.000000 1219.035034 0.000000 0.842481 0.000000 -0.538726 0.306182 0.306182 0.306182
2445.243652 0.000000 1249.897339 0.000000 0.638605 0.000000 -0.769534 0.206116 0.206116 0.206116
2454.916016 0.000000 1248.902344 0.000000 0.764003 0.000000 -0.645212 0.305361 0.305361 0.305361
2257.270264 0.000000 1688.864502 0.000000 0.743094 0.000000 -0.669187 0.230425 0.230425 0.230425
2258.832031 0.000000 1682.224609 0.000000 0.888155 0.000000 -0.459545 0.288069 0.288069 0.288069
2254.024902 0.000000 1685.359741 0.000000 0.687510 0.000000 -0.726175 0.314000 0.314000 0.314000
2261.435547 0.000000 1684.054443 0.000000 0.767889 0.000000 -0.640583 0.265980 0.265980 0.265980
2173.523682 0.000000 1764.601074 0.000000 0.849115 0.000000 -0.528208 0.231774 0.231774 0.231774
2160.730957 0.000000 1757.168701 0.000000 0.622413 0.000000 -0.782689 0.317169 0.317169 0.317169
2162.878662 0.000000 1757.981934 0.000000 0.840817 0.000000 -0.541320 0.310925 0.310925 0.310925
2174.685059 0.000000 1764.673706 0.000000 0.781930 0.000000 -0.623367 0.256120 0.256120 0.256120
2165.138184 0.000000 1757.328735 0.000000 0.910622 0.000000 -0.413240 0.276144 0.276144 0.276144
2259.362549 0.000000 1702.842896 0.000000 0.941729 0.000000 -0.336374 0.224018 0.224018 0.224018
2261.351318 0.000000 1700.960327 0.000000 0.606996 0.000000 -0.794705 0.252798 0.252798 0.252798
2282.334229 0.000000 1721.624878 0.000000 0.867055 0.000000 -0.498213 0.256755 0.256755 0.256755
2263.267578 0.000000 1708.733276 0.000000 0.892597 0.000000 -0.450855 0.302115 0.302115 0.302115
2245.635742 0.000000 1704.909302 0.000000 0.648192 0.000000 -0.761477 0.316532 0.316532 0.316532
2281.289551 0.000000 1719.944092 0.000000 0.946108 0.000000 -0.323853 0.306299 0.306299 0.306299
2246.265137 0.000000 1707.684814 0.000000 0.824951 0.000000 -0.565205 0.311472 0.311472 0.311472
2262.499756 0.000000 1710.835083 0.000000 0.640354 0.000000 -0.768080 0.315579 0.315579 0.315579
2176.522217 0.000000 1766.717651 0.000000 0.918033 0.000000 -0.396503 0.202718 0.202718 0.202718
2178.950928 0.000000 1773.116455 0.000000 0.636154 0.000000 -0.771562 0.316831 0.316831 0.316831
2176.212158 0.000000 1774.655762 0.000000 0.633055 0.000000 -0.774107 0.298474 0.298474 0.298474
2181.485107 0.000000 1770.440186 0.000000 0.815950 0.000000 -0.578122 0.311242 0.311242 0.311242
2181.303467 0.000000 1783.297241 0.000000 0.734056 0.000000 -0.679089 0.314258 0.314258 0.314258
2318.478760 0.000000 1682.527466 0.000000 0.598850 0.000000 -0.800861 0.248631 0.248631 0.248631
2321.435547 0.000000 1681.960815 0.000000 0.906972 0.000000 -0.421190 0.242306 0.242306 0.242306
2337.146729 0.000000 1685.980103 0.000000 0.594624 0.000000 -0.804004 0.316439 0.316439 0.316439
2339.721191 0.000000 1683.244751 0.000000 0.855316 0.000000 -0.518107 0.266496 0.266496 0.266496
2345.291748 0.000000 1687.552856 0.000000 0.670907 0.000000 -0.741542 0.315954 0.315954 0.315954
2328.553223 0.000000 1686.520386 0.000000 0.648922 0.000000 -0.760855 0.312381 0.312381 0.312381
2319.009277 0.000000 1686.535034 0.000000 0.836923 0.000000 -0.547321 0.268118 0.268118 0.268118
2327.847900 0.000000 1688.098145 0.000000 0.913745 0.000000 -0.406288 0.307991 0.307991 0.307991
2410.334229 0.000000 1721.624878 0.000000 0.695381 0.000000 -0.718641 0.256981 0.256981 0.256981
2408.130127 0.000000 1710.603760 0.000000 0.773181 0.000000 -0.634186 0.313120 0.313120 0.313120
1776.730957 0.000000 1926.621826 0.000000 0.940652 0.000000 -0.339374 0.269818 0.269818 0.269818
1771.927246 0.000000 1935.313721 0.000000 0.909137 0.000000 -0.416496 0.308205 0.308205 0.308205
1773.942261 0.000000 1936.422363 0.000000 0.856882 0.000000 -0.515513 0.309796 0.309796 0.309796
1770.449585 0.000000 1936.855225 0.000000 0.636120 0.000000 -0.771590 0.281767 0.281767 0.281767
1822.667969 0.000000 1900.365723 0.000000 0.675999 0.000000 -0.736902 0.207295 0.207295 0.207295
1851.155518 0.000000 1892.434692 0.000000 0.907506 0.000000 -0.420039 0.238793 0.238793 0.238793
1854.371094 0.000000 1895.274048 0.000000 0.913806 0.000000 -0.406150 0.252052 0.252052 0.252052
1852.820068 0.000000 1894.645996 0.000000 0.772706 0.000000 -0.634764 0.313134 0.313134 0.313134
1853.635010 0.000000 1892.606323 0.000000 0.742866 0.000000 -0.669440 0.310774 0.310774 0.310774
1825.949341 0.000000 1905.590088 0.000000 0.808134 0.000000 -0.588999 0.312029 0.312029 0.312029
1851.613647 0.000000 1895.191650 0.000000 0.918166 0.000000 -0.396196 0.304060 0.304060 0.304060
1833.787598 0.000000 1903.774658 0.000000 0.928139 0.000000 -0.372234 0.268530 0.268530 0.268530
1877.697998 0.000000 1885.466919 0.000000 0.739606 0.000000 -0.673041 0.297434 0.297434 0.297434
1917.825317 0.000000 1914.650391 0.000000 0.747166 0.000000 -0.664637 0.287540 0.287540 0.287540
1876.287598 0.000000 1884.649170 0.000000 0.876065 0.000000 -0.482193 0.293790 0.293790 0.293790
1871.213257 0.000000 1883.644043 0.000000 0.713253 0.000000 -0.700907 0.304149 0.304149 0.304149
1877.764893 0.000000 1883.688599 0.000000 0.823357 0.000000 -0.567524 0.274991 0.274991 0.274991
1949.388550 0.000000 1913.175415 0.000000 0.848917 0.000000 -0.528527 0.250657 0.250657 0.250657
1957.367920 0.000000 1916.856812 0.000000 0.934513 0.000000 -0.355928 0.306473 0.306473 0.306473
1955.728149 0.000000 1916.015747 0.000000 0.817219 0.000000 -0.576327 0.311731 0.311731 0.311731
1957.203613 0.000000 1918.222778 0.000000 0.821535 0.000000 -0.570159 0.310519 0.310519 0.310519
1953.257812 0.000000 1917.002319 0.000000 0.871286 0.000000 -0.490776 0.309240 0.309240 0.309240
1995.577515 0.000000 1908.005493 0.000000 0.727422 0.000000 -0.686190 0.215706 0.215706 0.215706
2040.393433 0.000000 1897.126953 0.000000 0.780162 0.000000 -0.625577 0.265741 0.265741 0.265741
2037.239990 0.000000 1906.227295 0.000000 0.922641 0.000000 -0.385660 0.304455 0.304455 0.304455
1898.334229 0.000000 1947.562378 0.000000 0.663994 0.000000 -0.747738 0.316068 0.316068 0.316068
1904.708740 0.000000 1938.700439 0.000000 0.876852 0.000000 -0.480760 0.246521 0.246521 0.246521
1909.369629 0.000000 1940.899780 0.000000 0.810167 0.000000 -0.586199 0.280087 0.280087 0.280087
1907.050537 0.000000 1938.731934 0.000000 0.854962 0.000000 -0.518691 0.309966 0.309966 0.309966
1877.351196 0.000000 1983.382202 0.000000 0.750783 0.000000 -0.660548 0.242873 0.242873 0.242873
1866.621582 0.000000 2004.169312 0.000000 0.761136 0.000000 -0.648593 0.249297 0.249297 0.249297
1881.643677 0.000000 1978.275391 0.000000 0.943494 0.000000 -0.331390 0.284823 0.284823 0.284823
1880.195679 0.000000 1980.080566 0.000000 0.631491 0.000000 -0.775383 0.266506 0.266506 0.266506
2028.596680 0.000000 1939.420044 0.000000 0.748551 0.000000 -0.663078 0.220219 0.220219 0.220219
2032.708740 0.000000 1938.700439 0.000000 0.857730 0.000000 -0.514100 0.310312 0.310312 0.310312
2035.655518 0.000000 1959.661621 0.000000 0.927747 0.000000 -0.373209 0.256305 0.256305 0.256305
2022.609985 0.000000 1924.833618 0.000000 0.911649 0.000000 -0.410970 0.262635 0.262635 0.262635
2047.012207 0.000000 1949.650879 0.000000 0.606410 0.000000 -0.795152 0.317557 0.317557 0.317557
2047.786377 0.000000 1947.928589 0.000000 0.714205 0.000000 -0.699937 0.314081 0.314081 0.314081
2027.042480 0.000000 1941.868164 0.000000 0.719864 0.000000 -0.694115 0.313905 0.313905 0.313905
1993.356812 0.000000 1928.082153 0.000000 0.914396 0.000000 -0.404820 0.307445 0.307445 0.307445
2041.509155 0.000000 1984.588745 0.000000 0.890533 0.000000 -0.454919 0.275010 0.275010 0.275010
2043.795532 0.000000 1983.803589 0.000000 0.887615 0.000000 -0.460587 0.309142 0.309142 0.309142
1845.305176 0.000000 2047.088379 0.000000 0.675001 0.000000 -0.737817 0.212088 0.212088 0.212088
1840.071899 0.000000 2057.197266 0.000000 0.873890 0.000000 -0.486123 0.264261 0.264261 0.264261
1852.750244 0.000000 2039.739746 0.000000 0.867509 0.000000 -0.497421 0.309397 0.309397 0.309397
1953.860474 0.000000 2211.631836 0.000000 0.771154 0.000000 -0.636649 0.204704 0.204704 0.204704
1953.762817 0.000000 2214.259277 0.000000 0.833673 0.000000 -0.552258 0.206150 0.206150 0.206150
1970.636963 0.000000 2213.344971 0.000000 0.644518 0.000000 -0.764589 0.217799 0.217799 0.217799
1941.329224 0.000000 2213.514893 0.000000 0.914984 0.000000 -0.403490 0.240358 0.240358 0.240358
1947.986084 0.000000 2213.648682 0.000000 0.629767 0.000000 -0.776784 0.245180 0.245180 0.245180
1976.164185 0.000000 2215.813721 0.000000 0.918645 0.000000 -0.395085 0.277629 0.277629 0.277629
2034.491943 0.000000 2226.531006 0.000000 0.873536 0.000000 -0.486760 0.218447 0.218447 0.218447
2021.640869 0.000000 2210.017090 0.000000 0.765346 0.000000 -0.643619 0.252222 0.252222 0.252222
2009.454346 0.000000 2211.999268 0.000000 0.862147 0.000000 -0.506658 0.254507 0.254507 0.254507
2017.317017 0.000000 2248.451904 0.000000 0.729713 0.000000 -0.683753 0.262459 0.262459 0.262459
2019.081421 0.000000 2246.221436 0.000000 0.877156 0.000000 -0.480206 0.283087 0.283087 0.283087
2001.984375 0.000000 2212.524170 0.000000 0.846657 0.000000 -0.532139 0.310065 0.310065 0.310065
1994.729126 0.000000 2217.310547 0.000000 0.934612 0.000000 -0.355670 0.286956 0.286956 0.286956
1985.154053 0.000000 2221.699707 0.000000 0.652369 0.000000 -0.757901 0.306734 0.306734 0.306734
2033.188232 0.000000 2230.597412 0.000000 0.805354 0.000000 -0.592794 0.265830 0.265830 0.265830
2000.399780 0.000000 2265.052490 0.000000 0.897971 0.000000 -0.440055 0.308310 0.308310 0.308310
2151.709717 0.000000 1807.502319 0.000000 0.756856 0.000000 -0.653582 0.217145 0.217145 0.217145
2152.875000 0.000000 1808.373657 0.000000 0.858088 0.000000 -0.513502 0.309411 0.309411 0.309411
2170.465332 0.000000 1845.031860 0.000000 0.822462 0.000000 -0.568819 0.310740 0.310740 0.310740
2159.941406 0.000000 1842.119385 0.000000 0.878223 0.000000 -0.478252 0.284831 0.284831 0.284831
2183.500000 0.000000 1830.222046 0.000000 0.805500 0.000000 -0.592595 0.311164 0.311164 0.311164
2084.142334 0.000000 1920.563965 0.000000 0.856123 0.000000 -0.516772 0.210529 0.210529 0.210529
2049.278564 0.000000 1966.343994 0.000000 0.732078 0.000000 -0.681221 0.212677 0.212677 0.212677
2087.754639 0.000000 1946.377197 0.000000 0.656226 0.000000 -0.754564 0.231525 0.231525 0.231525
2052.024170 0.000000 1967.520020 0.000000 0.902521 0.000000 -0.430646 0.308503 0.308503 0.308503
2060.848145 0.000000 1964.371826 0.000000 0.883442 0.000000 -0.468541 0.309313 0.309313 0.309313
2063.254395 0.000000 1965.852661 0.000000 0.658793 0.000000 -0.752325 0.316264 0.316264 0.316264
2057.139160 0.000000 1965.192383 0.000000 0.630377 0.000000 -0.776289 0.262853 0.262853 0.262853
2059.726318 0.000000 1963.347778 0.000000 0.659271 0.000000 -0.751905 0.314850 0.314850 0.314850
2081.257812 0.000000 1973.486694 0.000000 0.935303 0.000000 -0.353848 0.306908 0.306908 0.306908
2049.508545 0.000000 1963.757202 0.000000 0.925920 0.000000 -0.377720 0.306948 0.306948 0.306948
2071.544434 0.000000 1973.259888 0.000000 0.738488 0.000000 -0.674266 0.290158 0.290158 0.290158
2065.039551 0.000000 1965.389038 0.000000 0.838314 0.000000 -0.545188 0.310710 0.310710 0.310710
2060.800293 0.000000 1987.515869 0.000000 0.747649 0.000000 -0.664094 0.214284 0.214284 0.214284
2072.543945 0.000000 1987.130615 0.000000 0.736487 0.000000 -0.676452 0.235299 0.235299 0.235299
2069.480713 0.000000 1980.711182 0.000000 0.872461 0.000000 -0.488684 0.229589 0.229589 0.229589
2060.093750 0.000000 1985.040649 0.000000 0.640109 0.000000 -0.768284 0.250514 0.250514 0.250514
2087.969727 0.000000 1984.877930 0.000000 0.603689 0.000000 -0.797220 0.316689 0.316689 0.316689
2101.912354 0.000000 1999.731812 0.000000 0.925321 0.000000 -0.379186 0.307428 0.307428 0.307428
2100.518799 0.000000 1996.034302 0.000000 0.702701 0.000000 -0.711485 0.315119 0.315119 0.315119
2100.879395 0.000000 1998.951538 0.000000 0.873134 0.000000 -0.487481 0.309725 0.309725 0.309725
2058.391357 0.000000 1982.505737 0.000000 0.912118 0.000000 -0.409929 0.273163 0.273163 0.273163
2093.942383 0.000000 1992.906738 0.000000 0.664906 0.000000 -0.746927 0.299062 0.299062 0.299062
2092.866455 0.000000 1994.682617 0.000000 0.816263 0.000000 -0.577681 0.311763 0.311763 0.311763
2073.613770 0.000000 1979.415771 0.000000 0.949369 0.000000 -0.314164 0.266569 0.266569 0.266569
2101.360840 0.000000 1987.607178 0.000000 0.620443 0.000000 -0.784252 0.317217 0.317217 0.317217
2072.195801 0.000000 1980.080566 0.000000 0.837824 0.000000 -0.545941 0.275240 0.275240 0.275240
2255.857666 0.000000 2088.727783 0.000000 0.902484 0.000000 -0.430723 0.245922 0.245922 0.245922
2048.011719 0.000000 2227.743652 0.000000 0.620301 0.000000 -0.784364 0.239832 0.239832 0.239832
2049.633545 0.000000 2228.621094 0.000000 0.861253 0.000000 -0.508177 0.254527 0.254527 0.254527
2054.064209 0.000000 2227.065430 0.000000 0.693205 0.000000 -0.720741 0.264292 0.264292 0.264292
2111.012207 0.000000 2232.072754 0.000000 0.679665 0.000000 -0.733523 0.261476 0.261476 0.261476
2135.827881 0.000000 2227.067383 0.000000 0.639791 0.000000 -0.768549 0.205909 0.205909 0.205909
2169.763428 0.000000 2223.906250 0.000000 0.895233 0.000000 -0.445597 0.223894 0.223894 0.223894
2172.956787 0.000000 2227.656494 0.000000 0.865410 0.000000 -0.501064 0.229132 0.229132 0.229132
2121.015625 0.000000 2234.872559 0.000000 0.829144 0.000000 -0.559035 0.251650 0.251650 0.251650
2164.335449 0.000000 2217.366211 0.000000 0.913967 0.000000 -0.405788 0.249713 0.249713 0.249713
2137.625977 0.000000 2229.912842 0.000000 0.853004 0.000000 -0.521905 0.309746 0.309746 0.309746
2157.578613 0.000000 2214.948975 0.000000 0.685111 0.000000 -0.728439 0.298024 0.298024 0.298024
2136.585449 0.000000 2228.109375 0.000000 0.766123 0.000000 -0.642694 0.312390 0.312390 0.312390
2161.593262 0.000000 2219.585938 0.000000 0.885206 0.000000 -0.465200 0.267501 0.267501 0.267501
2145.611328 0.000000 2225.982422 0.000000 0.949114 0.000000 -0.314933 0.305675 0.305675 0.305675
2216.628906 0.000000 2152.546631 0.000000 0.824592 0.000000 -0.565727 0.206853 0.206853 0.206853
2186.822510 0.000000 2224.617188 0.000000 0.758478 0.000000 -0.651699 0.313211 0.313211 0.313211
2183.842529 0.000000 2223.755371 0.000000 0.866543 0.000000 -0.499103 0.268585 0.268585 0.268585
7393.638184 0.000000 611.612366 0.000000 0.801416 0.000000 -0.598108 0.204242 0.204242 0.204242
7410.095215 0.000000 605.180664 0.000000 0.671387 0.000000 -0.741107 0.253104 0.253104 0.253104
7417.621582 0.000000 597.734497 0.000000 0.895038 0.000000 -0.445991 0.272520 0.272520 0.272520
7412.551758 0.000000 605.972107 0.000000 0.918626 0.000000 -0.395127 0.307758 0.307758 0.307758
7423.012207 0.000000 594.025940 0.000000 0.904146 0.000000 -0.427223 0.258168 0.258168 0.258168
7394.394043 0.000000 634.021179 0.000000 0.752326 0.000000 -0.658791 0.245245 0.245245 0.245245
7394.905762 0.000000 656.709106 0.000000 0.627054 0.000000 -0.778976 0.250085 0.250085 0.250085
7397.055664 0.000000 634.771362 0.000000 0.721656 0.000000 -0.692251 0.257766 0.257766 0.257766
7429.178223 0.000000 590.213806 0.000000 0.722050 0.000000 -0.691841 0.206242 0.206242 0.206242
7430.498535 0.000000 619.386841 0.000000 0.850237 0.000000 -0.526401 0.233520 0.233520 0.233520
7432.591797 0.000000 591.602844 0.000000 0.654898 0.000000 -0.755717 0.281432 0.281432 0.281432
7454.751465 0.000000 604.435364 0.000000 0.814589 0.000000 -0.580039 0.310984 0.310984 0.310984
7487.189941 0.000000 615.338379 0.000000 0.904396 0.000000 -0.426694 0.291646 0.291646 0.291646
7432.640625 0.000000 587.943481 0.000000 0.626275 0.000000 -0.779603 0.301705 0.301705 0.301705
7457.949219 0.000000 606.449463 0.000000 0.865736 0.000000 -0.500500 0.278082 0.278082 0.278082
7430.643066 0.000000 616.726440 0.000000 0.823252 0.000000 -0.567677 0.311529 0.311529 0.311529
7430.064453 0.000000 589.018677 0.000000 0.879294 0.000000 -0.476280 0.309221 0.309221 0.309221
7473.054688 0.000000 620.707153 0.000000 0.870094 0.000000 -0.492887 0.255505 0.255505 0.255505
7431.500000 0.000000 587.565796 0.000000 0.864913 0.000000 -0.501923 0.310042 0.310042 0.310042
7435.945801 0.000000 643.396667 0.000000 0.738294 0.000000 -0.674479 0.213797 0.213797 0.213797
7441.270508 0.000000 672.145752 0.000000 0.875381 0.000000 -0.483434 0.231878 0.231878 0.231878
7466.833008 0.000000 645.560913 0.000000 0.625727 0.000000 -0.780042 0.230673 0.230673 0.230673
7455.658691 0.000000 656.861816 0.000000 0.739647 0.000000 -0.672994 0.265301 0.265301 0.265301
7449.036621 0.000000 665.563477 0.000000 0.824515 0.000000 -0.565840 0.311487 0.311487 0.311487
7465.625977 0.000000 650.916077 0.000000 0.861847 0.000000 -0.507168 0.285908 0.285908 0.285908
7426.168457 0.000000 621.347717 0.000000 0.825043 0.000000 -0.565070 0.311469 0.311469 0.311469
7456.915527 0.000000 662.243591 0.000000 0.950797 0.000000 -0.309816 0.305603 0.305603 0.305603
7439.969727 0.000000 638.732239 0.000000 0.773169 0.000000 -0.634200 0.311911 0.311911 0.311911
7433.470215 0.000000 623.367249 0.000000 0.785117 0.000000 -0.619348 0.301786 0.301786 0.301786
7424.655273 0.000000 654.473450 0.000000 0.673672 0.000000 -0.739031 0.314668 0.314668 0.314668
7430.215332 0.000000 664.671021 0.000000 0.897875 0.000000 -0.440251 0.308109 0.308109 0.308109
7480.056152 0.000000 655.934326 0.000000 0.868024 0.000000 -0.496523 0.300589 0.300589 0.300589
7440.371094 0.000000 640.857605 0.000000 0.913078 0.000000 -0.407785 0.281341 0.281341 0.281341
7494.787598 0.000000 626.219666 0.000000 0.878706 0.000000 -0.477363 0.244718 0.244718 0.244718
7492.280762 0.000000 630.477295 0.000000 0.782410 0.000000 -0.622763 0.295806 0.295806 0.295806
7515.975586 0.000000 668.373901 0.000000 0.693147 0.000000 -0.720796 0.305835 0.305835 0.305835
7507.023926 0.000000 635.582581 0.000000 0.807052 0.000000 -0.590481 0.312064 0.312064 0.312064
7511.879395 0.000000 648.941101 0.000000 0.903877 0.000000 -0.427792 0.296381 0.296381 0.296381
7492.218262 0.000000 638.759216 0.000000 0.725806 0.000000 -0.687900 0.313096 0.313096 0.313096
7516.400879 0.000000 672.786377 0.000000 0.769844 0.000000 -0.638232 0.288245 0.288245 0.288245
7499.736328 0.000000 634.871033 0.000000 0.726173 0.000000 -0.687512 0.264938 0.264938 0.264938
7423.835938 0.000000 682.296570 0.000000 0.805228 0.000000 -0.592966 0.206505 0.206505 0.206505
7405.863281 0.000000 724.629578 0.000000 0.788193 0.000000 -0.615429 0.215569 0.215569 0.215569
7408.730957 0.000000 683.965576 0.000000 0.783167 0.000000 -0.621811 0.297601 0.297601 0.297601
7439.212891 0.000000 690.265808 0.000000 0.876773 0.000000 -0.480904 0.203507 0.203507 0.203507
7461.911621 0.000000 680.972229 0.000000 0.674685 0.000000 -0.738106 0.229496 0.229496 0.229496
7440.717773 0.000000 690.149658 0.000000 0.617049 0.000000 -0.786924 0.232589 0.232589 0.232589
7463.969727 0.000000 685.737305 0.000000 0.762745 0.000000 -0.646699 0.264273 0.264273 0.264273
7474.898438 0.000000 677.919373 0.000000 0.664842 0.000000 -0.746984 0.275132 0.275132 0.275132
7516.897949 0.000000 699.451416 0.000000 0.637107 0.000000 -0.770775 0.217876 0.217876 0.217876
7515.648926 0.000000 685.245972 0.000000 0.860665 0.000000 -0.509172 0.240978 0.240978 0.240978
7532.297363 0.000000 709.864990 0.000000 0.816649 0.000000 -0.577135 0.311750 0.311750 0.311750
7529.625977 0.000000 707.400452 0.000000 0.669383 0.000000 -0.742917 0.248889 0.248889 0.248889
7517.126953 0.000000 683.019653 0.000000 0.906513 0.000000 -0.422177 0.298051 0.298051 0.298051
7531.135742 0.000000 709.435547 0.000000 0.820885 0.000000 -0.571094 0.311609 0.311609 0.311609
7546.635742 0.000000 728.987793 0.000000 0.909944 0.000000 -0.414731 0.308119 0.308119 0.308119
7545.721191 0.000000 731.932678 0.000000 0.716944 0.000000 -0.697131 0.286962 0.286962 0.286962
7480.805176 0.000000 773.811035 0.000000 0.884406 0.000000 -0.466718 0.246351 0.246351 0.246351
7485.311523 0.000000 788.587830 0.000000 0.823687 0.000000 -0.567045 0.247602 0.247602 0.247602
7473.428223 0.000000 784.232056 0.000000 0.888681 0.000000 -0.458526 0.248012 0.248012 0.248012
7475.676270 0.000000 785.609375 0.000000 0.684902 0.000000 -0.728635 0.277217 0.277217 0.277217
7464.336914 0.000000 790.002930 0.000000 0.889925 0.000000 -0.456106 0.277386 0.277386 0.277386
7475.962891 0.000000 777.780884 0.000000 0.664461 0.000000 -0.747323 0.315709 0.315709 0.315709
7497.975098 0.000000 771.808960 0.000000 0.923024 0.000000 -0.384743 0.222734 0.222734 0.222734
7549.121582 0.000000 750.521851 0.000000 0.807183 0.000000 -0.590302 0.237213 0.237213 0.237213
7538.898438 0.000000 734.403748 0.000000 0.840011 0.000000 -0.542569 0.310953 0.310953 0.310953
7567.150391 0.000000 787.907898 0.000000 0.683860 0.000000 -0.729613 0.218582 0.218582 0.218582
7572.232910 0.000000 776.416565 0.000000 0.804583 0.000000 -0.593841 0.235475 0.235475 0.235475
7556.623047 0.000000 765.684143 0.000000 0.822466 0.000000 -0.568815 0.267254 0.267254 0.267254
7556.280762 0.000000 743.446045 0.000000 0.708842 0.000000 -0.705367 0.255558 0.255558 0.255558
7560.640625 0.000000 757.396606 0.000000 0.931139 0.000000 -0.364665 0.267842 0.267842 0.267842
7556.983887 0.000000 745.827820 0.000000 0.807400 0.000000 -0.590004 0.253855 0.253855 0.253855
7558.064453 0.000000 758.471802 0.000000 0.866862 0.000000 -0.498548 0.308991 0.308991 0.308991
7561.007812 0.000000 771.006042 0.000000 0.876069 0.000000 -0.482186 0.309609 0.309609 0.309609
7570.832031 0.000000 778.474609 0.000000 0.913881 0.000000 -0.405982 0.307233 0.307233 0.307233
7572.242188 0.000000 781.989929 0.000000 0.728100 0.000000 -0.685471 0.307471 0.307471 0.307471
7475.659180 0.000000 814.897400 0.000000 0.594580 0.000000 -0.804037 0.252354 0.252354 0.252354
7482.229980 0.000000 802.602417 0.000000 0.941632 0.000000 -0.336644 0.288400 0.288400 0.288400
7488.082520 0.000000 802.561584 0.000000 0.865510 0.000000 -0.500892 0.307824 0.307824 0.307824
7570.442871 0.000000 807.160339 0.000000 0.669508 0.000000 -0.742805 0.225947 0.225947 0.225947
7568.717773 0.000000 803.118408 0.000000 0.906669 0.000000 -0.421844 0.230651 0.230651 0.230651
7571.023926 0.000000 805.035706 0.000000 0.850098 0.000000 -0.526625 0.310239 0.310239 0.310239
7569.910645 0.000000 792.807434 0.000000 0.749269 0.000000 -0.662265 0.313065 0.313065 0.313065
7568.956055 0.000000 793.601318 0.000000 0.943570 0.000000 -0.331173 0.306093 0.306093 0.306093
7576.600586 0.000000 813.887634 0.000000 0.640918 0.000000 -0.767610 0.315566 0.315566 0.315566
7574.076660 0.000000 889.051453 0.000000 0.662823 0.000000 -0.748776 0.240504 0.240504 0.240504
7591.477539 0.000000 852.523438 0.000000 0.716180 0.000000 -0.697916 0.259065 0.259065 0.259065
7562.106445 0.000000 895.812256 0.000000 0.597384 0.000000 -0.801955 0.265802 0.265802 0.265802
7580.418945 0.000000 866.152100 0.000000 0.715028 0.000000 -0.699096 0.314785 0.314785 0.314785
7556.023926 0.000000 894.316833 0.000000 0.943206 0.000000 -0.332209 0.306468 0.306468 0.306468
7577.036621 0.000000 891.500977 0.000000 0.722154 0.000000 -0.691733 0.313330 0.313330 0.313330
7578.048340 0.000000 893.792603 0.000000 0.885547 0.000000 -0.464550 0.309227 0.309227 0.309227
7590.609863 0.000000 851.630432 0.000000 0.833778 0.000000 -0.552100 0.311170 0.311170 0.311170
7582.718750 0.000000 866.687439 0.000000 0.949490 0.000000 -0.313797 0.262509 0.262509 0.262509
7562.195801 0.000000 877.600281 0.000000 0.778670 0.000000 -0.627434 0.262771 0.262771 0.262771
7413.732422 0.000000 1072.281128 0.000000 0.746693 0.000000 -0.665169 0.242936 0.242936 0.242936
7417.397461 0.000000 1111.353394 0.000000 0.670496 0.000000 -0.741913 0.208544 0.208544 0.208544
7410.636719 0.000000 1083.657471 0.000000 0.937062 0.000000 -0.349164 0.218938 0.218938 0.218938
7415.476074 0.000000 1085.098389 0.000000 0.864616 0.000000 -0.502434 0.217423 0.217423 0.217423
7408.308105 0.000000 1127.066895 0.000000 0.913791 0.000000 -0.406186 0.234564 0.234564 0.234564
7415.150391 0.000000 1121.285767 0.000000 0.940414 0.000000 -0.340033 0.257049 0.257049 0.257049
7411.676270 0.000000 1124.515625 0.000000 0.737942 0.000000 -0.674864 0.305400 0.305400 0.305400
7411.791016 0.000000 1084.018433 0.000000 0.817770 0.000000 -0.575545 0.255440 0.255440 0.255440
7416.164062 0.000000 1086.126221 0.000000 0.746919 0.000000 -0.664915 0.313892 0.313892 0.313892
7418.229980 0.000000 1085.024292 0.000000 0.742427 0.000000 -0.669927 0.266458 0.266458 0.266458
7413.175781 0.000000 1080.827881 0.000000 0.805328 0.000000 -0.592829 0.272410 0.272410 0.272410
7464.031738 0.000000 955.300537 0.000000 0.812387 0.000000 -0.583118 0.238312 0.238312 0.238312
7493.476562 0.000000 955.028198 0.000000 0.683426 0.000000 -0.730020 0.216191 0.216191 0.216191
7548.396973 0.000000 930.037964 0.000000 0.930028 0.000000 -0.367490 0.238220 0.238220 0.238220
7494.391602 0.000000 945.718079 0.000000 0.684868 0.000000 -0.728667 0.301715 0.301715 0.301715
7528.979492 0.000000 946.028320 0.000000 0.880624 0.000000 -0.473816 0.308540 0.308540 0.308540
7548.821777 0.000000 925.789612 0.000000 0.944503 0.000000 -0.328503 0.306092 0.306092 0.306092
7495.645996 0.000000 945.571167 0.000000 0.697640 0.000000 -0.716448 0.301436 0.301436 0.301436
7449.412598 0.000000 1000.345825 0.000000 0.762688 0.000000 -0.646767 0.228369 0.228369 0.228369
7473.522949 0.000000 1014.906189 0.000000 0.686463 0.000000 -0.727164 0.224549 0.224549 0.224549
7470.835449 0.000000 964.284912 0.000000 0.938295 0.000000 -0.345836 0.249578 0.249578 0.249578
7518.773926 0.000000 976.706055 0.000000 0.664767 0.000000 -0.747050 0.205518 0.205518 0.205518
7494.432129 0.000000 1006.126953 0.000000 0.908128 0.000000 -0.418692 0.307895 0.307895 0.307895
7522.155762 0.000000 979.787354 0.000000 0.756656 0.000000 -0.653813 0.292787 0.292787 0.292787
7497.007812 0.000000 996.943542 0.000000 0.815284 0.000000 -0.579061 0.268605 0.268605 0.268605
7522.137695 0.000000 975.137512 0.000000 0.665721 0.000000 -0.746201 0.316087 0.316087 0.316087
7498.752930 0.000000 993.097534 0.000000 0.937656 0.000000 -0.347563 0.287410 0.287410 0.287410
7498.195801 0.000000 990.569031 0.000000 0.889428 0.000000 -0.457075 0.270328 0.270328 0.270328
7562.621582 0.000000 930.966187 0.000000 0.883254 0.000000 -0.468894 0.250488 0.250488 0.250488
7579.964355 0.000000 906.459534 0.000000 0.782518 0.000000 -0.622628 0.312459 0.312459 0.312459
7557.392090 0.000000 906.477295 0.000000 0.683614 0.000000 -0.729844 0.315624 0.315624 0.315624
7552.026367 0.000000 940.867126 0.000000 0.590904 0.000000 -0.806742 0.317926 0.317926 0.317926
7554.523926 0.000000 924.251099 0.000000 0.949933 0.000000 -0.312453 0.260176 0.260176 0.260176
7483.459473 0.000000 1026.078857 0.000000 0.793564 0.000000 -0.608486 0.222008 0.222008 0.222008
7451.705566 0.000000 1056.757568 0.000000 0.615960 0.000000 -0.787778 0.227757 0.227757 0.227757
7477.735840 0.000000 1033.099243 0.000000 0.796900 0.000000 -0.604112 0.248685 0.248685 0.248685
7434.229004 0.000000 1060.986694 0.000000 0.905721 0.000000 -0.423874 0.259881 0.259881 0.259881
7476.335449 0.000000 1031.194336 0.000000 0.816543 0.000000 -0.577284 0.302746 0.302746 0.302746
7445.670898 0.000000 1043.803101 0.000000 0.775134 0.000000 -0.631797 0.269444 0.269444 0.269444
7488.013672 0.000000 1021.241516 0.000000 0.943617 0.000000 -0.331040 0.210133 0.210133 0.210133
7490.946289 0.000000 1019.164062 0.000000 0.925230 0.000000 -0.379406 0.306820 0.306820 0.306820
7467.522461 0.000000 1284.760010 0.000000 0.835146 0.000000 -0.550029 0.253902 0.253902 0.253902
7456.533691 0.000000 1297.727295 0.000000 0.931874 0.000000 -0.362782 0.307090 0.307090 0.307090
7462.659180 0.000000 1284.154419 0.000000 0.597549 0.000000 -0.801832 0.317699 0.317699 0.317699
7465.666016 0.000000 1289.789429 0.000000 0.887766 0.000000 -0.460294 0.309135 0.309135 0.309135
7465.291504 0.000000 1292.162231 0.000000 0.727379 0.000000 -0.686236 0.314444 0.314444 0.314444
7468.969727 0.000000 1286.475098 0.000000 0.648850 0.000000 -0.760917 0.316515 0.316515 0.316515
7479.320801 0.000000 1296.401855 0.000000 0.863528 0.000000 -0.504301 0.279922 0.279922 0.279922
7482.901367 0.000000 1290.681763 0.000000 0.724152 0.000000 -0.689640 0.314534 0.314534 0.314534
7481.721191 0.000000 1296.776489 0.000000 0.658528 0.000000 -0.752556 0.316271 0.316271 0.316271
7475.962891 0.000000 1286.140259 0.000000 0.862893 0.000000 -0.505386 0.267494 0.267494 0.267494
7465.701660 0.000000 1288.560181 0.000000 0.930954 0.000000 -0.365136 0.307139 0.307139 0.307139
7463.603027 0.000000 1288.658081 0.000000 0.621472 0.000000 -0.783437 0.317192 0.317192 0.317192
7482.821777 0.000000 1298.788330 0.000000 0.712963 0.000000 -0.701202 0.314841 0.314841 0.314841
7509.428223 0.000000 1275.003906 0.000000 0.767751 0.000000 -0.640749 0.204480 0.204480 0.204480
7543.033203 0.000000 1281.104126 0.000000 0.927440 0.000000 -0.373973 0.202603 0.202603 0.202603
7500.826172 0.000000 1281.842407 0.000000 0.712352 0.000000 -0.701823 0.225438 0.225438 0.225438
7501.373047 0.000000 1277.925171 0.000000 0.657345 0.000000 -0.753590 0.265486 0.265486 0.265486
7526.902344 0.000000 1271.262085 0.000000 0.799853 0.000000 -0.600196 0.264150 0.264150 0.264150
7503.254395 0.000000 1288.040161 0.000000 0.741118 0.000000 -0.671375 0.286456 0.286456 0.286456
7530.916016 0.000000 1293.267822 0.000000 0.689897 0.000000 -0.723907 0.315459 0.315459 0.315459
7429.178223 0.000000 1324.510620 0.000000 0.649843 0.000000 -0.760069 0.205971 0.205971 0.205971
7436.277832 0.000000 1354.396851 0.000000 0.753803 0.000000 -0.657100 0.214806 0.214806 0.214806
7464.266113 0.000000 1327.904053 0.000000 0.863372 0.000000 -0.504568 0.227408 0.227408 0.227408
7450.266113 0.000000 1303.898804 0.000000 0.692744 0.000000 -0.721184 0.249761 0.249761 0.249761
7461.208008 0.000000 1325.179932 0.000000 0.705460 0.000000 -0.708750 0.240532 0.240532 0.240532
7430.769043 0.000000 1335.147949 0.000000 0.680922 0.000000 -0.732356 0.239058 0.239058 0.239058
7451.964355 0.000000 1301.850098 0.000000 0.904572 0.000000 -0.426320 0.308411 0.308411 0.308411
7465.506836 0.000000 1318.856445 0.000000 0.902126 0.000000 -0.431473 0.308520 0.308520 0.308520
7432.591797 0.000000 1325.899780 0.000000 0.768110 0.000000 -0.640317 0.246788 0.246788 0.246788
7435.079590 0.000000 1354.939697 0.000000 0.929475 0.000000 -0.368886 0.307216 0.307216 0.307216
7443.023926 0.000000 1313.395142 0.000000 0.857129 0.000000 -0.515101 0.297359 0.297359 0.297359
7449.454590 0.000000 1308.249268 0.000000 0.623735 0.000000 -0.781636 0.309825 0.309825 0.309825
7433.029297 0.000000 1319.742920 0.000000 0.898182 0.000000 -0.439624 0.308693 0.308693 0.308693
7432.482910 0.000000 1339.490723 0.000000 0.597080 0.000000 -0.802182 0.285535 0.285535 0.285535
7469.161133 0.000000 1309.858765 0.000000 0.939297 0.000000 -0.343104 0.268126 0.268126 0.268126
7465.059570 0.000000 1322.458252 0.000000 0.880339 0.000000 -0.474346 0.309439 0.309439 0.309439
7435.529297 0.000000 1322.293457 0.000000 0.747183 0.000000 -0.664618 0.313884 0.313884 0.313884
7446.253418 0.000000 1301.206299 0.000000 0.675219 0.000000 -0.737618 0.315222 0.315222 0.315222
7444.123047 0.000000 1309.682739 0.000000 0.758884 0.000000 -0.651226 0.313545 0.313545 0.313545
7464.704102 0.000000 1316.286865 0.000000 0.847779 0.000000 -0.530350 0.291671 0.291671 0.291671
7436.208496 0.000000 1353.241333 0.000000 0.675569 0.000000 -0.737297 0.315741 0.315741 0.315741
7469.578613 0.000000 1311.198975 0.000000 0.849323 0.000000 -0.527874 0.310621 0.310621 0.310621
7474.747070 0.000000 1310.721313 0.000000 0.949985 0.000000 -0.312297 0.306066 0.306066 0.306066
7463.639160 0.000000 1320.550415 0.000000 0.688592 0.000000 -0.725149 0.315494 0.315494 0.315494
7429.303711 0.000000 1331.422241 0.000000 0.626408 0.000000 -0.779495 0.317071 0.317071 0.317071
7444.728516 0.000000 1311.839111 0.000000 0.674690 0.000000 -0.738101 0.297013 0.297013 0.297013
7468.707520 0.000000 1313.198242 0.000000 0.765137 0.000000 -0.643868 0.313360 0.313360 0.313360
7435.246582 0.000000 1353.868652 0.000000 0.907568 0.000000 -0.419906 0.308276 0.308276 0.308276
7460.245605 0.000000 1326.771484 0.000000 0.729696 0.000000 -0.683771 0.314380 0.314380 0.314380
7871.189941 0.000000 1010.729004 0.000000 0.823028 0.000000 -0.568001 0.301359 0.301359 0.301359
7882.229004 0.000000 1004.502319 0.000000 0.911075 0.000000 -0.412241 0.307463 0.307463 0.307463
7856.730957 0.000000 1022.871826 0.000000 0.642080 0.000000 -0.766638 0.298912 0.298912 0.298912
7853.161133 0.000000 1027.436890 0.000000 0.824603 0.000000 -0.565712 0.311484 0.311484 0.311484
7841.611328 0.000000 1039.810669 0.000000 0.718877 0.000000 -0.695137 0.284487 0.284487 0.284487
8153.625977 0.000000 1100.225464 0.000000 0.745921 0.000000 -0.666035 0.272430 0.272430 0.272430
7436.818359 0.000000 1361.051514 0.000000 0.923132 0.000000 -0.384483 0.289178 0.289178 0.289178
7441.910645 0.000000 1357.651123 0.000000 0.932442 0.000000 -0.361321 0.306424 0.306424 0.306424
7434.294922 0.000000 1367.758057 0.000000 0.809405 0.000000 -0.587251 0.311987 0.311987 0.311987
7457.033203 0.000000 1361.742676 0.000000 0.873145 0.000000 -0.487460 0.309725 0.309725 0.309725
7435.722656 0.000000 1365.963745 0.000000 0.639424 0.000000 -0.768854 0.315502 0.315502 0.315502
7529.913086 0.000000 1373.019775 0.000000 0.931517 0.000000 -0.363697 0.237020 0.237020 0.237020
7522.137695 0.000000 1370.528076 0.000000 0.887050 0.000000 -0.461674 0.275702 0.275702 0.275702
7545.995117 0.000000 1394.790405 0.000000 0.630353 0.000000 -0.776309 0.316975 0.316975 0.316975
7544.208496 0.000000 1394.027832 0.000000 0.883467 0.000000 -0.468493 0.309312 0.309312 0.309312
7513.919434 0.000000 1391.231689 0.000000 0.914498 0.000000 -0.404591 0.264889 0.264889 0.264889
7493.485352 0.000000 1375.049561 0.000000 0.651577 0.000000 -0.758583 0.316027 0.316027 0.316027
7443.869141 0.000000 1463.429077 0.000000 0.749936 0.000000 -0.661511 0.232720 0.232720 0.232720
7447.848145 0.000000 1462.160645 0.000000 0.753564 0.000000 -0.657375 0.270471 0.270471 0.270471
7541.526855 0.000000 1446.044922 0.000000 0.655081 0.000000 -0.755559 0.232142 0.232142 0.232142
7524.453613 0.000000 1453.535889 0.000000 0.856343 0.000000 -0.516407 0.310364 0.310364 0.310364
7520.504395 0.000000 1455.456665 0.000000 0.687278 0.000000 -0.726394 0.315528 0.315528 0.315528
7551.208496 0.000000 1413.643677 0.000000 0.799911 0.000000 -0.600119 0.311714 0.311714 0.311714
7562.104492 0.000000 1402.715820 0.000000 0.913536 0.000000 -0.406758 0.243309 0.243309 0.243309
7556.023926 0.000000 1402.676270 0.000000 0.755985 0.000000 -0.654588 0.313389 0.313389 0.313389
7558.734863 0.000000 1405.679077 0.000000 0.823114 0.000000 -0.567877 0.311534 0.311534 0.311534
7558.643066 0.000000 1407.507690 0.000000 0.660749 0.000000 -0.750607 0.316214 0.316214 0.316214
7565.742676 0.000000 1401.845093 0.000000 0.724876 0.000000 -0.688879 0.270408 0.270408 0.270408
7562.462402 0.000000 1408.293213 0.000000 0.595415 0.000000 -0.803418 0.317819 0.317819 0.317819
7628.990723 0.000000 1372.627197 0.000000 0.615420 0.000000 -0.788199 0.241716 0.241716 0.241716
7624.640625 0.000000 1378.724731 0.000000 0.852766 0.000000 -0.522293 0.246443 0.246443 0.246443
"}
object={
	name="rainforest_sparse_generator_3_4"
	clamp_to_water_level=no
	render_under_water=no
	generated_content=yes
	layer="semidynamic_high"
	pdxmesh="tree_rainforest_005_mesh"
	count=371
	transform="2415.560791 0.000000 1228.935547 0.000000 0.250545 0.000000 -0.968105 0.209536 0.209536 0.209536
2420.552002 0.000000 1227.300171 0.000000 0.580869 0.000000 -0.813997 0.318163 0.318163 0.318163
2424.844238 0.000000 1237.702271 0.000000 0.580349 0.000000 -0.814368 0.287684 0.287684 0.287684
2419.963135 0.000000 1229.655884 0.000000 0.066568 0.000000 -0.997782 0.328728 0.328728 0.328728
2441.306152 0.000000 1211.846436 0.000000 0.373887 0.000000 -0.927474 0.218456 0.218456 0.218456
2435.393555 0.000000 1213.670532 0.000000 0.382174 0.000000 -0.924090 0.263757 0.263757 0.263757
2446.587891 0.000000 1250.425049 0.000000 0.240450 0.000000 -0.970662 0.251534 0.251534 0.251534
2257.553955 0.000000 1684.227539 0.000000 0.064544 0.000000 -0.997915 0.328766 0.328766 0.328766
2161.868164 0.000000 1755.456665 0.000000 0.386780 0.000000 -0.922172 0.256810 0.256810 0.256810
2188.277832 0.000000 1749.787476 0.000000 0.014667 0.000000 -0.999892 0.220682 0.220682 0.220682
2189.842285 0.000000 1746.009033 0.000000 0.313157 0.000000 -0.949701 0.234487 0.234487 0.234487
2192.322266 0.000000 1744.701538 0.000000 0.210784 0.000000 -0.977533 0.312247 0.312247 0.312247
2264.050781 0.000000 1712.244263 0.000000 0.379911 0.000000 -0.925023 0.225188 0.225188 0.225188
2264.543945 0.000000 1709.032593 0.000000 0.565574 0.000000 -0.824697 0.241713 0.241713 0.241713
2242.422363 0.000000 1707.597534 0.000000 0.333674 0.000000 -0.942688 0.264988 0.264988 0.264988
2259.024170 0.000000 1708.785767 0.000000 0.501121 0.000000 -0.865377 0.317978 0.317978 0.317978
2244.983887 0.000000 1706.062134 0.000000 0.475863 0.000000 -0.879520 0.320528 0.320528 0.320528
2276.053711 0.000000 1720.573486 0.000000 0.351272 0.000000 -0.936274 0.291999 0.291999 0.291999
2262.291260 0.000000 1709.375977 0.000000 0.140716 0.000000 -0.990050 0.317987 0.317987 0.317987
2182.448975 0.000000 1782.985596 0.000000 0.478415 0.000000 -0.878134 0.320473 0.320473 0.320473
2180.526611 0.000000 1752.086548 0.000000 0.529368 0.000000 -0.848392 0.266172 0.266172 0.266172
2176.271973 0.000000 1771.970947 0.000000 0.567967 0.000000 -0.823052 0.287897 0.287897 0.287897
2177.178223 0.000000 1758.635254 0.000000 0.500892 0.000000 -0.865510 0.319980 0.319980 0.319980
2178.523926 0.000000 1771.516724 0.000000 0.529211 0.000000 -0.848490 0.319349 0.319349 0.319349
2322.832031 0.000000 1682.224609 0.000000 0.062992 0.000000 -0.998014 0.296201 0.296201 0.296201
2321.553955 0.000000 1684.227539 0.000000 0.047958 0.000000 -0.998849 0.294446 0.294446 0.294446
2323.231201 0.000000 1683.368652 0.000000 0.567997 0.000000 -0.823030 0.288518 0.288518 0.288518
2343.593750 0.000000 1687.382812 0.000000 0.142600 0.000000 -0.989780 0.327267 0.327267 0.327267
2321.039551 0.000000 1682.967163 0.000000 0.429826 0.000000 -0.902912 0.293314 0.293314 0.293314
2411.594971 0.000000 1716.931030 0.000000 0.101030 0.000000 -0.994883 0.252997 0.252997 0.252997
2409.289551 0.000000 1719.944092 0.000000 0.109101 0.000000 -0.994031 0.323136 0.323136 0.323136
2413.942383 0.000000 1710.484863 0.000000 0.162722 0.000000 -0.986672 0.326878 0.326878 0.326878
2409.674561 0.000000 1718.829834 0.000000 0.331741 0.000000 -0.943371 0.319251 0.319251 0.319251
1774.218384 0.000000 1939.345215 0.000000 0.194314 0.000000 -0.980939 0.250754 0.250754 0.250754
1778.878662 0.000000 1927.435059 0.000000 0.092849 0.000000 -0.995680 0.328224 0.328224 0.328224
1771.276611 0.000000 1932.433105 0.000000 0.214215 0.000000 -0.976786 0.323898 0.323898 0.323898
1853.805542 0.000000 1899.630737 0.000000 0.197469 0.000000 -0.980309 0.258342 0.258342 0.258342
1824.915405 0.000000 1904.899902 0.000000 0.105745 0.000000 -0.994393 0.327977 0.327977 0.327977
1837.685181 0.000000 1900.204102 0.000000 0.489994 0.000000 -0.871726 0.319863 0.319863 0.319863
1839.137817 0.000000 1900.463867 0.000000 0.463161 0.000000 -0.886274 0.320599 0.320599 0.320599
1851.804077 0.000000 1898.365723 0.000000 0.573911 0.000000 -0.818917 0.297122 0.297122 0.297122
1833.350952 0.000000 1902.723511 0.000000 0.584950 0.000000 -0.811070 0.275849 0.275849 0.275849
1871.370850 0.000000 1885.789307 0.000000 0.361939 0.000000 -0.932202 0.322927 0.322927 0.322927
1869.407227 0.000000 1884.865723 0.000000 0.401699 0.000000 -0.915772 0.321325 0.321325 0.321325
1875.455444 0.000000 1883.085083 0.000000 0.444147 0.000000 -0.895954 0.293715 0.293715 0.293715
1914.635864 0.000000 1915.159668 0.000000 0.522529 0.000000 -0.852622 0.298677 0.298677 0.298677
1924.837402 0.000000 1912.224121 0.000000 0.007915 0.000000 -0.999969 0.232169 0.232169 0.232169
1944.192993 0.000000 1919.003540 0.000000 0.052032 0.000000 -0.998645 0.329006 0.329006 0.329006
2037.526611 0.000000 1897.919922 0.000000 0.402650 0.000000 -0.915354 0.245407 0.245407 0.245407
2045.235596 0.000000 1908.765747 0.000000 0.178773 0.000000 -0.983890 0.272617 0.272617 0.272617
1890.441895 0.000000 1954.432129 0.000000 0.405191 0.000000 -0.914232 0.208064 0.208064 0.208064
1894.902344 0.000000 1949.074585 0.000000 0.129404 0.000000 -0.991592 0.325633 0.325633 0.325633
1909.735840 0.000000 1936.849243 0.000000 0.260846 0.000000 -0.965380 0.324960 0.324960 0.324960
1897.289551 0.000000 1945.881592 0.000000 0.321137 0.000000 -0.947033 0.256319 0.256319 0.256319
1896.736816 0.000000 1948.260010 0.000000 0.323776 0.000000 -0.946134 0.323703 0.323703 0.323703
1872.744019 0.000000 1986.547852 0.000000 0.098958 0.000000 -0.995092 0.244083 0.244083 0.244083
1869.189331 0.000000 2004.993774 0.000000 0.208197 0.000000 -0.978087 0.260131 0.260131 0.260131
1862.992798 0.000000 1997.020142 0.000000 0.136903 0.000000 -0.990584 0.260930 0.260930 0.260930
1988.386230 0.000000 1930.885742 0.000000 0.352135 0.000000 -0.935949 0.215555 0.215555 0.215555
2027.705322 0.000000 1947.856445 0.000000 0.101295 0.000000 -0.994856 0.220642 0.220642 0.220642
2023.927368 0.000000 1933.642700 0.000000 0.369272 0.000000 -0.929321 0.234571 0.234571 0.234571
2037.702759 0.000000 1938.305664 0.000000 0.573445 0.000000 -0.819244 0.249570 0.249570 0.249570
2041.878052 0.000000 1951.050049 0.000000 0.305117 0.000000 -0.952315 0.253983 0.253983 0.253983
2025.506714 0.000000 1940.184570 0.000000 0.031655 0.000000 -0.999499 0.258869 0.258869 0.258869
2025.102051 0.000000 1927.728882 0.000000 0.160791 0.000000 -0.986988 0.324805 0.324805 0.324805
1994.294922 0.000000 1932.601807 0.000000 0.075929 0.000000 -0.997113 0.269347 0.269347 0.269347
2037.369629 0.000000 1940.899780 0.000000 0.185408 0.000000 -0.982662 0.269332 0.269332 0.269332
1993.447998 0.000000 1933.586792 0.000000 0.156558 0.000000 -0.987669 0.325780 0.325780 0.325780
2040.681396 0.000000 1982.214966 0.000000 0.148201 0.000000 -0.988957 0.325988 0.325988 0.325988
1849.532715 0.000000 2048.412109 0.000000 0.192145 0.000000 -0.981367 0.211823 0.211823 0.211823
1854.039429 0.000000 2073.897705 0.000000 0.582581 0.000000 -0.812773 0.245784 0.245784 0.245784
1855.877441 0.000000 2036.557495 0.000000 0.498858 0.000000 -0.866683 0.292187 0.292187 0.292187
1841.295288 0.000000 2057.198486 0.000000 0.007145 0.000000 -0.999974 0.277319 0.277319 0.277319
1844.713013 0.000000 2050.342285 0.000000 0.136364 0.000000 -0.990659 0.283470 0.283470 0.283470
1857.465698 0.000000 2037.996948 0.000000 0.438769 0.000000 -0.898600 0.249350 0.249350 0.249350
1958.302734 0.000000 2215.957275 0.000000 0.383843 0.000000 -0.923398 0.215298 0.215298 0.215298
1979.325317 0.000000 2215.005859 0.000000 0.151667 0.000000 -0.988432 0.230931 0.230931 0.230931
1976.204712 0.000000 2213.151367 0.000000 0.292736 0.000000 -0.956193 0.227199 0.227199 0.227199
1976.881714 0.000000 2214.414062 0.000000 0.313698 0.000000 -0.949523 0.289370 0.289370 0.289370
1957.055908 0.000000 2216.333740 0.000000 0.399507 0.000000 -0.916730 0.257908 0.257908 0.257908
1945.454346 0.000000 2211.999268 0.000000 0.141240 0.000000 -0.989975 0.276300 0.276300 0.276300
1954.137939 0.000000 2217.793701 0.000000 0.377229 0.000000 -0.926120 0.261936 0.261936 0.261936
2032.887695 0.000000 2227.766113 0.000000 0.445212 0.000000 -0.895425 0.207506 0.207506 0.207506
1995.346924 0.000000 2250.854736 0.000000 0.167548 0.000000 -0.985864 0.213249 0.213249 0.213249
2020.267090 0.000000 2227.781250 0.000000 0.337477 0.000000 -0.941334 0.218141 0.218141 0.218141
2042.078369 0.000000 2232.163330 0.000000 0.243387 0.000000 -0.969929 0.254031 0.254031 0.254031
2045.635010 0.000000 2231.512695 0.000000 0.378747 0.000000 -0.925500 0.287773 0.287773 0.287773
2019.174561 0.000000 2242.364014 0.000000 0.066210 0.000000 -0.997806 0.261071 0.261071 0.261071
2017.146729 0.000000 2250.823975 0.000000 0.186574 0.000000 -0.982441 0.269318 0.269318 0.269318
1985.854492 0.000000 2218.333984 0.000000 0.072673 0.000000 -0.997356 0.324421 0.324421 0.324421
2018.155762 0.000000 2222.443604 0.000000 0.040288 0.000000 -0.999188 0.282121 0.282121 0.282121
2021.367920 0.000000 2255.763184 0.000000 0.572977 0.000000 -0.819571 0.259394 0.259394 0.259394
2021.939209 0.000000 2238.291992 0.000000 0.206496 0.000000 -0.978447 0.263971 0.263971 0.263971
2014.290405 0.000000 2213.461426 0.000000 0.351328 0.000000 -0.936252 0.315036 0.315036 0.315036
1995.736450 0.000000 2216.433594 0.000000 0.582055 0.000000 -0.813149 0.295727 0.295727 0.295727
1984.006470 0.000000 2219.654297 0.000000 0.564947 0.000000 -0.825127 0.315425 0.315425 0.315425
2002.279175 0.000000 2266.849609 0.000000 0.110328 0.000000 -0.993895 0.265080 0.265080 0.265080
2170.989014 0.000000 1841.134033 0.000000 0.043677 0.000000 -0.999046 0.210675 0.210675 0.210675
2169.877930 0.000000 1838.081299 0.000000 0.100076 0.000000 -0.994980 0.258772 0.258772 0.258772
2169.029053 0.000000 1835.648193 0.000000 0.266345 0.000000 -0.963878 0.323243 0.323243 0.323243
2164.552002 0.000000 1848.628296 0.000000 0.539796 0.000000 -0.841796 0.319110 0.319110 0.319110
2157.685059 0.000000 1843.719727 0.000000 0.235874 0.000000 -0.971784 0.324554 0.324554 0.324554
2169.995117 0.000000 1846.665405 0.000000 0.377111 0.000000 -0.926168 0.266961 0.266961 0.266961
2158.579590 0.000000 1810.166260 0.000000 0.322288 0.000000 -0.946642 0.323733 0.323733 0.323733
2169.517090 0.000000 1844.403320 0.000000 0.016404 0.000000 -0.999865 0.287010 0.287010 0.287010
2155.297119 0.000000 1843.121338 0.000000 0.123432 0.000000 -0.992353 0.316299 0.316299 0.316299
2061.646240 0.000000 1961.214966 0.000000 0.025140 0.000000 -0.999684 0.210187 0.210187 0.210187
2071.759277 0.000000 1964.594604 0.000000 0.428205 0.000000 -0.903682 0.207521 0.207521 0.207521
2067.138916 0.000000 1968.132446 0.000000 0.213799 0.000000 -0.976878 0.224129 0.224129 0.224129
2053.125244 0.000000 1933.199829 0.000000 0.586855 0.000000 -0.809692 0.228073 0.228073 0.228073
2062.338867 0.000000 1962.289917 0.000000 0.351390 0.000000 -0.936229 0.313749 0.313749 0.313749
2079.464111 0.000000 1972.104126 0.000000 0.281230 0.000000 -0.959640 0.265628 0.265628 0.265628
2083.340820 0.000000 1921.723877 0.000000 0.469939 0.000000 -0.882699 0.320576 0.320576 0.320576
2049.854492 0.000000 1935.912109 0.000000 0.173900 0.000000 -0.984763 0.326662 0.326662 0.326662
2095.274170 0.000000 1938.551392 0.000000 0.154409 0.000000 -0.988007 0.300099 0.300099 0.300099
2083.728271 0.000000 1972.500122 0.000000 0.458599 0.000000 -0.888643 0.320901 0.320901 0.320901
2093.942383 0.000000 1936.422363 0.000000 0.150934 0.000000 -0.988544 0.324608 0.324608 0.324608
2072.553223 0.000000 1968.942261 0.000000 0.468427 0.000000 -0.883502 0.320689 0.320689 0.320689
2062.024902 0.000000 1967.781616 0.000000 0.365071 0.000000 -0.930980 0.305181 0.305181 0.305181
2105.361084 0.000000 1989.742432 0.000000 0.121855 0.000000 -0.992548 0.221738 0.221738 0.221738
2068.698242 0.000000 1982.137207 0.000000 0.454095 0.000000 -0.890953 0.232499 0.232499 0.232499
2100.297119 0.000000 1985.207031 0.000000 0.403973 0.000000 -0.914771 0.265362 0.265362 0.265362
2097.942383 0.000000 1999.064087 0.000000 0.422301 0.000000 -0.906456 0.321673 0.321673 0.321673
2089.102051 0.000000 1984.213257 0.000000 0.061658 0.000000 -0.998097 0.294909 0.294909 0.294909
2099.448730 0.000000 1992.226807 0.000000 0.097138 0.000000 -0.995271 0.327645 0.327645 0.327645
2098.041260 0.000000 1990.607056 0.000000 0.181226 0.000000 -0.983441 0.262987 0.262987 0.262987
2091.149658 0.000000 1977.173584 0.000000 0.033163 0.000000 -0.999450 0.327063 0.327063 0.327063
2255.844482 0.000000 2093.049072 0.000000 0.093898 0.000000 -0.995582 0.210139 0.210139 0.210139
2056.825684 0.000000 2237.399658 0.000000 0.220770 0.000000 -0.975326 0.250477 0.250477 0.250477
2058.652832 0.000000 2241.956543 0.000000 0.469901 0.000000 -0.882719 0.243427 0.243427 0.243427
2057.120117 0.000000 2227.165527 0.000000 0.327630 0.000000 -0.944806 0.249967 0.249967 0.249967
2109.635010 0.000000 2231.512695 0.000000 0.185450 0.000000 -0.982654 0.275101 0.275101 0.275101
2056.816895 0.000000 2240.981201 0.000000 0.217562 0.000000 -0.976047 0.263842 0.263842 0.263842
2142.089844 0.000000 2231.825928 0.000000 0.014095 0.000000 -0.999901 0.210454 0.210454 0.210454
2141.193848 0.000000 2229.101807 0.000000 0.177167 0.000000 -0.984181 0.212555 0.212555 0.212555
2126.923096 0.000000 2233.111328 0.000000 0.213021 0.000000 -0.977048 0.257534 0.257534 0.257534
2115.718506 0.000000 2231.684570 0.000000 0.390068 0.000000 -0.920786 0.253647 0.253647 0.253647
2160.708740 0.000000 2221.122314 0.000000 0.231664 0.000000 -0.972796 0.323532 0.323532 0.323532
2135.879395 0.000000 2230.503662 0.000000 0.007447 0.000000 -0.999972 0.328453 0.328453 0.328453
2122.195801 0.000000 2233.225342 0.000000 0.231738 0.000000 -0.972778 0.275795 0.275795 0.275795
2144.156006 0.000000 2223.679443 0.000000 0.074213 0.000000 -0.997242 0.275192 0.275192 0.275192
2157.368408 0.000000 2226.354980 0.000000 0.465009 0.000000 -0.885306 0.280184 0.280184 0.280184
2174.343750 0.000000 2224.495117 0.000000 0.144282 0.000000 -0.989537 0.327235 0.327235 0.327235
2176.011719 0.000000 2227.743652 0.000000 0.205721 0.000000 -0.978611 0.241153 0.241153 0.241153
2187.303955 0.000000 2220.687012 0.000000 0.461700 0.000000 -0.887036 0.274598 0.274598 0.274598
2189.407227 0.000000 2223.771973 0.000000 0.434620 0.000000 -0.900614 0.321287 0.321287 0.321287
2189.162109 0.000000 2225.385010 0.000000 0.429804 0.000000 -0.902922 0.273795 0.273795 0.273795
7391.464355 0.000000 616.479065 0.000000 0.127847 0.000000 -0.991794 0.272598 0.272598 0.272598
7415.320801 0.000000 618.589294 0.000000 0.060922 0.000000 -0.998142 0.328836 0.328836 0.328836
7395.859863 0.000000 627.010498 0.000000 0.352915 0.000000 -0.935655 0.224191 0.224191 0.224191
7398.213867 0.000000 631.341431 0.000000 0.338948 0.000000 -0.940805 0.242341 0.242341 0.242341
7419.649902 0.000000 676.281921 0.000000 0.513552 0.000000 -0.858058 0.235568 0.235568 0.235568
7415.606934 0.000000 650.220154 0.000000 0.398583 0.000000 -0.917132 0.265431 0.265431 0.265431
7434.652832 0.000000 603.909546 0.000000 0.098046 0.000000 -0.995182 0.251749 0.251749 0.251749
7449.036621 0.000000 609.079102 0.000000 0.199506 0.000000 -0.979897 0.326164 0.326164 0.326164
7426.944824 0.000000 620.310608 0.000000 0.414205 0.000000 -0.910183 0.321844 0.321844 0.321844
7448.281250 0.000000 605.554077 0.000000 0.487632 0.000000 -0.873049 0.293002 0.293002 0.293002
7430.449219 0.000000 596.813782 0.000000 0.236734 0.000000 -0.971574 0.324189 0.324189 0.324189
7425.457031 0.000000 615.960693 0.000000 0.508496 0.000000 -0.861065 0.319812 0.319812 0.319812
7430.992676 0.000000 584.910828 0.000000 0.563409 0.000000 -0.826178 0.284248 0.284248 0.284248
7452.483398 0.000000 607.779175 0.000000 0.058338 0.000000 -0.998297 0.328885 0.328885 0.328885
7450.425781 0.000000 598.243652 0.000000 0.120314 0.000000 -0.992736 0.317667 0.317667 0.317667
7492.023926 0.000000 611.894958 0.000000 0.196725 0.000000 -0.980459 0.269195 0.269195 0.269195
7501.262207 0.000000 614.794250 0.000000 0.482951 0.000000 -0.875647 0.320374 0.320374 0.320374
7488.825195 0.000000 617.135559 0.000000 0.586805 0.000000 -0.809729 0.304353 0.304353 0.304353
7424.668457 0.000000 639.098572 0.000000 0.521548 0.000000 -0.853222 0.220824 0.220824 0.220824
7476.512207 0.000000 631.182495 0.000000 0.147841 0.000000 -0.989011 0.225928 0.225928 0.225928
7459.248535 0.000000 635.689514 0.000000 0.227014 0.000000 -0.973891 0.230899 0.230899 0.230899
7434.945312 0.000000 621.474243 0.000000 0.241198 0.000000 -0.970476 0.228897 0.228897 0.228897
7427.459473 0.000000 657.844360 0.000000 0.406217 0.000000 -0.913776 0.236684 0.236684 0.236684
7474.969727 0.000000 675.586792 0.000000 0.218454 0.000000 -0.975847 0.255570 0.255570 0.255570
7452.418945 0.000000 640.214600 0.000000 0.510733 0.000000 -0.859740 0.317941 0.317941 0.317941
7455.716309 0.000000 663.100281 0.000000 0.370631 0.000000 -0.928780 0.322749 0.322749 0.322749
7456.142090 0.000000 635.046082 0.000000 0.347725 0.000000 -0.937597 0.259153 0.259153 0.259153
7441.163574 0.000000 641.748718 0.000000 0.471025 0.000000 -0.882120 0.290760 0.290760 0.290760
7437.407227 0.000000 642.209412 0.000000 0.084122 0.000000 -0.996455 0.326499 0.326499 0.326499
7475.404297 0.000000 630.850647 0.000000 0.301089 0.000000 -0.953596 0.279984 0.279984 0.279984
7453.687012 0.000000 634.183167 0.000000 0.009473 0.000000 -0.999955 0.329819 0.329819 0.329819
7456.945312 0.000000 639.983582 0.000000 0.520147 0.000000 -0.854077 0.319553 0.319553 0.319553
7441.554199 0.000000 667.508789 0.000000 0.133322 0.000000 -0.991073 0.327123 0.327123 0.327123
7428.258301 0.000000 664.849976 0.000000 0.502973 0.000000 -0.864302 0.318058 0.318058 0.318058
7471.561523 0.000000 672.803711 0.000000 0.206268 0.000000 -0.978496 0.326032 0.326032 0.326032
7455.786621 0.000000 637.417053 0.000000 0.223981 0.000000 -0.974594 0.325686 0.325686 0.325686
7467.149414 0.000000 621.548645 0.000000 0.123230 0.000000 -0.992378 0.282995 0.282995 0.282995
7505.893555 0.000000 634.642883 0.000000 0.137445 0.000000 -0.990509 0.209444 0.209444 0.209444
7491.130371 0.000000 631.647339 0.000000 0.522900 0.000000 -0.852394 0.291157 0.291157 0.291157
7493.635742 0.000000 631.706177 0.000000 0.128204 0.000000 -0.991748 0.307685 0.307685 0.307685
7513.625977 0.000000 648.350464 0.000000 0.470180 0.000000 -0.882570 0.320651 0.320651 0.320651
7507.108887 0.000000 634.325439 0.000000 0.260850 0.000000 -0.965379 0.324960 0.324960 0.324960
7501.379395 0.000000 624.274353 0.000000 0.120158 0.000000 -0.992755 0.266896 0.266896 0.266896
7494.265137 0.000000 634.481750 0.000000 0.369397 0.000000 -0.929272 0.307667 0.307667 0.307667
7498.729004 0.000000 635.747986 0.000000 0.361944 0.000000 -0.932200 0.270305 0.270305 0.270305
7497.356934 0.000000 628.941528 0.000000 0.539451 0.000000 -0.842017 0.279046 0.279046 0.279046
7462.658203 0.000000 686.033508 0.000000 0.284064 0.000000 -0.958805 0.208967 0.208967 0.208967
7452.656250 0.000000 692.684998 0.000000 0.313620 0.000000 -0.949548 0.300893 0.300893 0.300893
7460.714355 0.000000 707.490723 0.000000 0.350004 0.000000 -0.936748 0.306073 0.306073 0.306073
7424.006348 0.000000 694.576111 0.000000 0.353112 0.000000 -0.935581 0.293882 0.293882 0.293882
7461.254883 0.000000 706.526245 0.000000 0.536944 0.000000 -0.843618 0.302803 0.302803 0.302803
7531.827148 0.000000 715.999268 0.000000 0.563035 0.000000 -0.826433 0.209529 0.209529 0.209529
7537.077637 0.000000 710.200439 0.000000 0.295979 0.000000 -0.955195 0.221579 0.221579 0.221579
7539.138184 0.000000 709.824646 0.000000 0.178501 0.000000 -0.983940 0.252189 0.252189 0.252189
7517.439453 0.000000 724.699219 0.000000 0.518715 0.000000 -0.854947 0.256424 0.256424 0.256424
7544.262695 0.000000 728.227417 0.000000 0.146216 0.000000 -0.989253 0.327197 0.327197 0.327197
7545.562012 0.000000 726.106384 0.000000 0.406730 0.000000 -0.913548 0.268461 0.268461 0.268461
7532.637695 0.000000 707.365662 0.000000 0.259804 0.000000 -0.965661 0.324981 0.324981 0.324981
7537.034668 0.000000 709.010071 0.000000 0.555805 0.000000 -0.831313 0.318745 0.318745 0.318745
7544.844238 0.000000 729.342896 0.000000 0.162953 0.000000 -0.986634 0.326874 0.326874 0.326874
7516.152344 0.000000 701.737366 0.000000 0.419707 0.000000 -0.907660 0.320833 0.320833 0.320833
7482.465332 0.000000 771.828735 0.000000 0.350105 0.000000 -0.936711 0.323169 0.323169 0.323169
7539.048340 0.000000 760.986755 0.000000 0.443818 0.000000 -0.896117 0.319345 0.319345 0.319345
7494.284668 0.000000 774.469238 0.000000 0.049961 0.000000 -0.998751 0.329045 0.329045 0.329045
7534.579590 0.000000 736.963135 0.000000 0.396012 0.000000 -0.918245 0.320611 0.320611 0.320611
7547.976562 0.000000 749.808960 0.000000 0.103363 0.000000 -0.994644 0.280660 0.280660 0.280660
7557.125488 0.000000 747.027954 0.000000 0.321635 0.000000 -0.946864 0.243769 0.243769 0.243769
7571.869141 0.000000 785.616516 0.000000 0.076395 0.000000 -0.997078 0.236658 0.236658 0.236658
7560.825684 0.000000 768.805969 0.000000 0.142550 0.000000 -0.989788 0.240491 0.240491 0.240491
7554.917480 0.000000 767.726318 0.000000 0.245603 0.000000 -0.969370 0.257172 0.257172 0.257172
7568.687012 0.000000 760.410767 0.000000 0.022922 0.000000 -0.999737 0.271918 0.271918 0.271918
7557.635742 0.000000 744.674927 0.000000 0.475240 0.000000 -0.879856 0.258839 0.258839 0.258839
7472.887695 0.000000 815.656738 0.000000 0.130748 0.000000 -0.991416 0.209597 0.209597 0.209597
7482.513184 0.000000 804.477661 0.000000 0.063925 0.000000 -0.997955 0.254023 0.254023 0.254023
7464.875000 0.000000 791.654907 0.000000 0.498023 0.000000 -0.867164 0.285311 0.285311 0.285311
7477.738770 0.000000 823.406372 0.000000 0.020269 0.000000 -0.999795 0.298126 0.298126 0.298126
7477.814941 0.000000 821.156372 0.000000 0.469389 0.000000 -0.882991 0.310987 0.310987 0.310987
7566.124512 0.000000 819.790039 0.000000 0.043659 0.000000 -0.999047 0.209913 0.209913 0.209913
7585.651855 0.000000 826.978699 0.000000 0.387596 0.000000 -0.921830 0.217111 0.217111 0.217111
7578.288574 0.000000 810.613953 0.000000 0.460429 0.000000 -0.887696 0.241680 0.241680 0.241680
7566.208008 0.000000 802.029785 0.000000 0.014498 0.000000 -0.999895 0.248103 0.248103 0.248103
7579.479980 0.000000 805.140259 0.000000 0.241903 0.000000 -0.970300 0.239546 0.239546 0.239546
7571.069824 0.000000 795.809631 0.000000 0.145096 0.000000 -0.989418 0.256365 0.256365 0.256365
7576.008789 0.000000 811.191345 0.000000 0.179454 0.000000 -0.983766 0.250273 0.250273 0.250273
7575.267578 0.000000 804.983276 0.000000 0.303679 0.000000 -0.952774 0.261564 0.261564 0.261564
7575.642578 0.000000 798.200317 0.000000 0.079025 0.000000 -0.996873 0.328489 0.328489 0.328489
7587.174316 0.000000 830.254700 0.000000 0.420077 0.000000 -0.907489 0.271419 0.271419 0.271419
7587.054199 0.000000 831.610535 0.000000 0.537573 0.000000 -0.843217 0.269770 0.269770 0.269770
7567.304199 0.000000 806.564575 0.000000 0.451851 0.000000 -0.892094 0.315123 0.315123 0.315123
7572.123047 0.000000 801.323364 0.000000 0.415574 0.000000 -0.909559 0.321815 0.321815 0.321815
7566.773926 0.000000 804.338379 0.000000 0.336874 0.000000 -0.941550 0.322611 0.322611 0.322611
7569.039551 0.000000 835.701599 0.000000 0.163737 0.000000 -0.986504 0.305825 0.305825 0.305825
7577.412598 0.000000 887.377075 0.000000 0.546001 0.000000 -0.837785 0.230942 0.230942 0.230942
7568.534668 0.000000 861.093384 0.000000 0.166462 0.000000 -0.986048 0.240898 0.240898 0.240898
7574.880859 0.000000 887.828857 0.000000 0.309772 0.000000 -0.950811 0.262123 0.262123 0.262123
7561.015625 0.000000 879.247681 0.000000 0.264540 0.000000 -0.964375 0.263291 0.263291 0.263291
7558.432129 0.000000 893.158203 0.000000 0.468873 0.000000 -0.883266 0.276371 0.276371 0.276371
7553.457031 0.000000 898.382568 0.000000 0.028120 0.000000 -0.999605 0.266019 0.266019 0.266019
7589.009277 0.000000 853.327332 0.000000 0.521557 0.000000 -0.853216 0.304343 0.304343 0.304343
7573.764648 0.000000 866.969849 0.000000 0.394428 0.000000 -0.918927 0.280585 0.280585 0.280585
7412.032715 0.000000 1072.482178 0.000000 0.425383 0.000000 -0.905014 0.247019 0.247019 0.247019
7418.833496 0.000000 1076.468628 0.000000 0.453579 0.000000 -0.891216 0.229429 0.229429 0.229429
7407.452637 0.000000 1123.182251 0.000000 0.372904 0.000000 -0.927870 0.241991 0.241991 0.241991
7417.597656 0.000000 1073.919922 0.000000 0.288645 0.000000 -0.957436 0.251018 0.251018 0.251018
7416.202637 0.000000 1090.159668 0.000000 0.155656 0.000000 -0.987811 0.327015 0.327015 0.327015
7413.735840 0.000000 1089.583618 0.000000 0.249449 0.000000 -0.968388 0.257762 0.257762 0.257762
7412.335449 0.000000 1087.678711 0.000000 0.547622 0.000000 -0.836726 0.318932 0.318932 0.318932
7416.863770 0.000000 1091.731201 0.000000 0.304317 0.000000 -0.952571 0.324094 0.324094 0.324094
7411.448730 0.000000 1088.476807 0.000000 0.140410 0.000000 -0.990093 0.278246 0.278246 0.278246
7411.049316 0.000000 1086.109741 0.000000 0.485584 0.000000 -0.874190 0.320316 0.320316 0.320316
7413.138184 0.000000 1079.516235 0.000000 0.472630 0.000000 -0.881261 0.320598 0.320598 0.320598
7410.142090 0.000000 1122.115601 0.000000 0.379029 0.000000 -0.925385 0.322575 0.322575 0.322575
7410.217285 0.000000 1087.922607 0.000000 0.054216 0.000000 -0.998529 0.328964 0.328964 0.328964
7411.887695 0.000000 1123.394043 0.000000 0.207180 0.000000 -0.978303 0.326014 0.326014 0.326014
7517.530273 0.000000 957.923401 0.000000 0.033703 0.000000 -0.999432 0.224332 0.224332 0.224332
7545.096680 0.000000 937.814941 0.000000 0.012639 0.000000 -0.999920 0.237870 0.237870 0.237870
7535.481934 0.000000 951.308044 0.000000 0.444554 0.000000 -0.895752 0.234443 0.234443 0.234443
7528.255371 0.000000 948.636719 0.000000 0.490291 0.000000 -0.871559 0.237660 0.237660 0.237660
7538.554199 0.000000 940.994019 0.000000 0.192718 0.000000 -0.981254 0.326296 0.326296 0.326296
7540.518555 0.000000 922.831238 0.000000 0.587509 0.000000 -0.809218 0.251836 0.251836 0.251836
7504.442383 0.000000 944.557617 0.000000 0.428217 0.000000 -0.903676 0.320408 0.320408 0.320408
7529.663086 0.000000 947.343933 0.000000 0.457658 0.000000 -0.889128 0.318952 0.318952 0.318952
7524.907227 0.000000 940.834106 0.000000 0.378296 0.000000 -0.925685 0.310713 0.310713 0.310713
7545.227051 0.000000 913.517151 0.000000 0.379436 0.000000 -0.925218 0.270076 0.270076 0.270076
7484.718750 0.000000 1001.465820 0.000000 0.517780 0.000000 -0.855514 0.207125 0.207125 0.207125
7487.099609 0.000000 1003.195618 0.000000 0.406045 0.000000 -0.913853 0.253461 0.253461 0.253461
7480.262695 0.000000 1010.649292 0.000000 0.474945 0.000000 -0.880015 0.259463 0.259463 0.259463
7470.979004 0.000000 1014.825684 0.000000 0.186298 0.000000 -0.982493 0.294435 0.294435 0.294435
7452.483398 0.000000 1003.169800 0.000000 0.200400 0.000000 -0.979714 0.289708 0.289708 0.289708
7477.469238 0.000000 1008.924622 0.000000 0.391600 0.000000 -0.920136 0.322315 0.322315 0.322315
7526.302734 0.000000 973.301086 0.000000 0.046845 0.000000 -0.998902 0.218541 0.218541 0.218541
7499.004883 0.000000 986.054321 0.000000 0.210145 0.000000 -0.977670 0.231676 0.231676 0.231676
7489.717285 0.000000 1004.679504 0.000000 0.131880 0.000000 -0.991266 0.254591 0.254591 0.254591
7488.036621 0.000000 1005.261719 0.000000 0.409820 0.000000 -0.912166 0.251548 0.251548 0.251548
7508.947754 0.000000 974.864136 0.000000 0.417517 0.000000 -0.908669 0.280253 0.280253 0.280253
7500.303711 0.000000 989.188660 0.000000 0.322760 0.000000 -0.946481 0.272710 0.272710 0.272710
7511.879395 0.000000 987.847351 0.000000 0.077988 0.000000 -0.996954 0.326553 0.326553 0.326553
7521.640625 0.000000 977.386292 0.000000 0.514417 0.000000 -0.857540 0.319681 0.319681 0.319681
7494.992676 0.000000 980.301453 0.000000 0.585289 0.000000 -0.810825 0.318059 0.318059 0.318059
7497.139160 0.000000 1004.957947 0.000000 0.129254 0.000000 -0.991611 0.325312 0.325312 0.325312
7520.156250 0.000000 981.023132 0.000000 0.521919 0.000000 -0.852995 0.319513 0.319513 0.319513
7531.149414 0.000000 960.454895 0.000000 0.296040 0.000000 -0.955175 0.294751 0.294751 0.294751
7579.648926 0.000000 911.183472 0.000000 0.184511 0.000000 -0.982830 0.247685 0.247685 0.247685
7559.009277 0.000000 925.389832 0.000000 0.156346 0.000000 -0.987702 0.258797 0.258797 0.258797
7557.604004 0.000000 909.348999 0.000000 0.542772 0.000000 -0.839880 0.257342 0.257342 0.257342
7577.027344 0.000000 908.948669 0.000000 0.066164 0.000000 -0.997809 0.313267 0.313267 0.313267
7574.916016 0.000000 909.996094 0.000000 0.433012 0.000000 -0.901388 0.320017 0.320017 0.320017
7552.212402 0.000000 927.390137 0.000000 0.264435 0.000000 -0.964404 0.322644 0.322644 0.322644
7555.816406 0.000000 939.180725 0.000000 0.249834 0.000000 -0.968289 0.270460 0.270460 0.270460
7474.636719 0.000000 1027.173096 0.000000 0.485057 0.000000 -0.874483 0.219942 0.219942 0.219942
7458.170410 0.000000 1045.076050 0.000000 0.403531 0.000000 -0.914966 0.225591 0.225591 0.225591
7447.132812 0.000000 1054.667480 0.000000 0.516861 0.000000 -0.856069 0.223917 0.223917 0.223917
7448.837891 0.000000 1054.830444 0.000000 0.373776 0.000000 -0.927519 0.231428 0.231428 0.231428
7458.885254 0.000000 1046.303467 0.000000 0.578656 0.000000 -0.815571 0.317893 0.317893 0.317893
7476.297363 0.000000 1024.972656 0.000000 0.127519 0.000000 -0.991836 0.300499 0.300499 0.300499
7458.075684 0.000000 1047.980103 0.000000 0.477725 0.000000 -0.878509 0.320126 0.320126 0.320126
7473.942383 0.000000 1038.829712 0.000000 0.420907 0.000000 -0.907104 0.310598 0.310598 0.310598
7472.708984 0.000000 1034.950439 0.000000 0.192537 0.000000 -0.981290 0.274370 0.274370 0.274370
7484.005859 0.000000 1024.985840 0.000000 0.090726 0.000000 -0.995876 0.328265 0.328265 0.328265
7430.215332 0.000000 1060.061646 0.000000 0.287164 0.000000 -0.957881 0.294885 0.294885 0.294885
7477.138184 0.000000 1023.031860 0.000000 0.530447 0.000000 -0.847718 0.319321 0.319321 0.319321
7477.175781 0.000000 1024.343506 0.000000 0.367933 0.000000 -0.929852 0.296837 0.296837 0.296837
7460.245605 0.000000 1044.349609 0.000000 0.544612 0.000000 -0.838688 0.312698 0.312698 0.312698
7419.804199 0.000000 1333.521973 0.000000 0.363722 0.000000 -0.931507 0.322890 0.322890 0.322890
7476.551758 0.000000 1283.784546 0.000000 0.039725 0.000000 -0.999211 0.329241 0.329241 0.329241
7474.104492 0.000000 1287.369873 0.000000 0.477789 0.000000 -0.878474 0.274368 0.274368 0.274368
7481.562012 0.000000 1290.950073 0.000000 0.315565 0.000000 -0.948904 0.323868 0.323868 0.323868
7464.979492 0.000000 1284.934570 0.000000 0.338326 0.000000 -0.941029 0.293471 0.293471 0.293471
7463.593750 0.000000 1291.992188 0.000000 0.260155 0.000000 -0.965567 0.324974 0.324974 0.324974
7488.096680 0.000000 1282.693726 0.000000 0.517324 0.000000 -0.855790 0.242276 0.242276 0.242276
7520.511719 0.000000 1273.653564 0.000000 0.465063 0.000000 -0.885278 0.263944 0.263944 0.263944
7488.026367 0.000000 1279.773315 0.000000 0.356072 0.000000 -0.934459 0.323047 0.323047 0.323047
7527.001953 0.000000 1292.975708 0.000000 0.465710 0.000000 -0.884937 0.289588 0.289588 0.289588
7490.485352 0.000000 1283.793579 0.000000 0.510975 0.000000 -0.859595 0.319757 0.319757 0.319757
7495.023926 0.000000 1280.676880 0.000000 0.262130 0.000000 -0.965033 0.324935 0.324935 0.324935
7505.039551 0.000000 1287.576538 0.000000 0.575725 0.000000 -0.817643 0.318283 0.318283 0.318283
7454.455078 0.000000 1305.219116 0.000000 0.314209 0.000000 -0.949354 0.244471 0.244471 0.244471
7476.297363 0.000000 1307.394531 0.000000 0.488940 0.000000 -0.872317 0.320243 0.320243 0.320243
7428.023926 0.000000 1346.191895 0.000000 0.050577 0.000000 -0.998720 0.268997 0.268997 0.268997
7447.642578 0.000000 1306.559692 0.000000 0.291119 0.000000 -0.956687 0.324358 0.324358 0.324358
7430.449219 0.000000 1331.110596 0.000000 0.156184 0.000000 -0.987728 0.325999 0.325999 0.325999
7474.149902 0.000000 1308.427124 0.000000 0.528724 0.000000 -0.848794 0.319360 0.319360 0.319360
7439.370605 0.000000 1320.945557 0.000000 0.414948 0.000000 -0.909845 0.279031 0.279031 0.279031
7467.927246 0.000000 1313.985596 0.000000 0.474714 0.000000 -0.880140 0.320553 0.320553 0.320553
7468.866699 0.000000 1316.870117 0.000000 0.429953 0.000000 -0.902851 0.321512 0.321512 0.321512
7473.021973 0.000000 1312.249023 0.000000 0.366585 0.000000 -0.930385 0.321578 0.321578 0.321578
7466.449707 0.000000 1315.527100 0.000000 0.201886 0.000000 -0.979409 0.283887 0.283887 0.283887
7477.138184 0.000000 1305.453735 0.000000 0.064147 0.000000 -0.997940 0.293564 0.293564 0.293564
7445.435547 0.000000 1345.148193 0.000000 0.250785 0.000000 -0.968043 0.277466 0.277466 0.277466
7435.067383 0.000000 1314.642944 0.000000 0.469207 0.000000 -0.883088 0.267003 0.267003 0.267003
7438.773926 0.000000 1312.697754 0.000000 0.180427 0.000000 -0.983588 0.326535 0.326535 0.326535
7434.462402 0.000000 1351.808838 0.000000 0.375205 0.000000 -0.926942 0.322654 0.322654 0.322654
7461.259277 0.000000 1321.609497 0.000000 0.506316 0.000000 -0.862348 0.318692 0.318692 0.318692
7428.567383 0.000000 1339.557129 0.000000 0.567377 0.000000 -0.823458 0.300984 0.300984 0.300984
7429.003906 0.000000 1332.579468 0.000000 0.533489 0.000000 -0.845807 0.319253 0.319253 0.319253
7440.308105 0.000000 1306.582642 0.000000 0.233842 0.000000 -0.972275 0.325492 0.325492 0.325492
7445.880859 0.000000 1307.643066 0.000000 0.010148 0.000000 -0.999949 0.329806 0.329806 0.329806
7469.605469 0.000000 1320.356079 0.000000 0.214921 0.000000 -0.976631 0.303081 0.303081 0.303081
7496.166504 0.000000 1304.725220 0.000000 0.436955 0.000000 -0.899484 0.243791 0.243791 0.243791
7861.482910 0.000000 1018.040894 0.000000 0.036946 0.000000 -0.999317 0.244039 0.244039 0.244039
7855.399902 0.000000 1026.957153 0.000000 0.513412 0.000000 -0.858142 0.289440 0.289440 0.289440
7844.921387 0.000000 1035.209961 0.000000 0.508637 0.000000 -0.860981 0.270188 0.270188 0.270188
8146.772461 0.000000 1097.882568 0.000000 0.384007 0.000000 -0.923330 0.285794 0.285794 0.285794
8147.341797 0.000000 1094.642822 0.000000 0.147149 0.000000 -0.989114 0.265299 0.265299 0.265299
7447.654785 0.000000 1389.280518 0.000000 0.515797 0.000000 -0.856711 0.207141 0.207141 0.207141
7429.635742 0.000000 1366.003052 0.000000 0.421493 0.000000 -0.906832 0.282714 0.282714 0.282714
7436.047363 0.000000 1362.506836 0.000000 0.094838 0.000000 -0.995493 0.328186 0.328186 0.328186
7430.658691 0.000000 1355.664917 0.000000 0.432834 0.000000 -0.901474 0.319558 0.319558 0.319558
7437.379395 0.000000 1358.571289 0.000000 0.371329 0.000000 -0.928501 0.321129 0.321129 0.321129
7449.919434 0.000000 1391.231689 0.000000 0.540532 0.000000 -0.841323 0.263542 0.263542 0.263542
7492.728516 0.000000 1375.871338 0.000000 0.229464 0.000000 -0.973317 0.324926 0.324926 0.324926
7508.673828 0.000000 1380.978271 0.000000 0.473027 0.000000 -0.881048 0.320590 0.320590 0.320590
7517.687012 0.000000 1368.480103 0.000000 0.552896 0.000000 -0.833251 0.318811 0.318811 0.318811
7441.929199 0.000000 1465.324829 0.000000 0.320096 0.000000 -0.947385 0.322192 0.322192 0.322192
7549.635254 0.000000 1440.731323 0.000000 0.288273 0.000000 -0.957548 0.259217 0.259217 0.259217
7520.915527 0.000000 1453.024902 0.000000 0.448560 0.000000 -0.893753 0.321116 0.321116 0.321116
7554.917480 0.000000 1389.054443 0.000000 0.342706 0.000000 -0.939443 0.246050 0.246050 0.246050
7579.171875 0.000000 1411.585205 0.000000 0.279819 0.000000 -0.960053 0.324584 0.324584 0.324584
7641.027344 0.000000 1360.823608 0.000000 0.573900 0.000000 -0.818925 0.317176 0.317176 0.317176
7626.822754 0.000000 1377.351562 0.000000 0.482195 0.000000 -0.876064 0.319271 0.319271 0.319271
7559.009277 0.000000 1433.749268 0.000000 0.505286 0.000000 -0.862952 0.252889 0.252889 0.252889
7581.126953 0.000000 1417.316528 0.000000 0.353982 0.000000 -0.935252 0.263478 0.263478 0.263478
7561.470215 0.000000 1414.148560 0.000000 0.044821 0.000000 -0.998995 0.322235 0.322235 0.322235
8033.640625 0.000000 1542.230103 0.000000 0.484036 0.000000 -0.875048 0.320191 0.320191 0.320191
"}
